case_id,outcome
3090877,regular
5726442,deviant
3004646,deviant
3007101,deviant
3004646,deviant
3007101,deviant
3018942,regular
3007101,deviant
3007101,deviant
3007101,deviant
3007101,deviant
3007101,deviant
3007101,deviant
3007101,deviant
3018942,regular
3018942,regular
3018942,regular
3018942,regular
3018942,regular
3025465,regular
3032460,regular
3033681,deviant
3033681,deviant
3034472,regular
3035150,regular
3025465,regular
3025465,regular
3035150,regular
3036605,deviant
3032460,regular
3033681,deviant
3033681,deviant
3034472,regular
3035150,regular
3056353,regular
3033681,deviant
3033681,deviant
3033681,deviant
3034472,regular
3034472,regular
3034472,regular
3035150,regular
3035150,regular
3035150,regular
3036605,deviant
3041957,regular
3046524,deviant
3047823,regular
3036605,deviant
3036605,deviant
3036605,deviant
3036605,deviant
3046524,deviant
3047823,regular
3055383,regular
3063618,regular
3041957,regular
3041957,regular
3034472,regular
3035150,regular
3061846,regular
3007101,deviant
3046524,deviant
3055383,regular
3055383,regular
3056353,regular
3055383,regular
3055383,regular
3055383,regular
3055383,regular
3055383,regular
3055383,regular
3055383,regular
3055383,regular
3055383,regular
3056780,regular
3056780,regular
3056780,regular
3056780,regular
3057453,regular
3057453,regular
3057453,regular
3057453,regular
3056353,regular
3056353,regular
3056353,regular
3056353,regular
3004646,deviant
3004646,deviant
3004646,deviant
3004646,deviant
3004646,deviant
3004646,deviant
3004646,deviant
3004646,deviant
3004646,deviant
3004646,deviant
3004646,deviant
3004646,deviant
3004646,deviant
3004646,deviant
3004646,deviant
3007101,deviant
3007101,deviant
3007101,deviant
3007101,deviant
3007101,deviant
3007101,deviant
3007101,deviant
3007101,deviant
3025465,regular
3061846,regular
3061846,regular
3063618,regular
3061846,regular
3061846,regular
3061846,regular
3061846,regular
3061846,regular
3061846,regular
3061846,regular
3061846,regular
3061846,regular
3061846,regular
3063618,regular
3063618,regular
3063618,regular
3063618,regular
3063618,regular
3063618,regular
3063618,regular
3063618,regular
3025465,regular
3025465,regular
3025465,regular
3025465,regular
3025465,regular
3025465,regular
3025465,regular
3025465,regular
3025465,regular
3025465,regular
3025465,regular
3025465,regular
3025465,regular
3025465,regular
3025465,regular
3025465,regular
3025465,regular
3047823,regular
3075748,regular
3068783,regular
3068783,regular
3087456,regular
3088460,regular
3068783,regular
3068783,regular
3068783,regular
3036605,deviant
3047823,regular
3061846,regular
3046524,deviant
3061846,regular
3077701,regular
3075748,regular
3077701,regular
3077701,regular
3080906,regular
3083718,regular
3075748,regular
3075748,regular
3004646,deviant
3004646,deviant
3004646,deviant
3004646,deviant
3004646,deviant
3004646,deviant
3004646,deviant
3004646,deviant
3004646,deviant
3004646,deviant
3004646,deviant
3004646,deviant
3004646,deviant
3004646,deviant
3004646,deviant
3004646,deviant
3004646,deviant
3004646,deviant
3004646,deviant
3077701,regular
3077701,regular
3075748,regular
3075748,regular
3075748,regular
3075748,regular
3055383,regular
3080906,regular
3085866,regular
3086292,regular
3090877,regular
3091829,regular
3080906,regular
3080906,regular
3080906,regular
3080906,regular
3047823,regular
3055383,regular
3063618,regular
3083718,regular
3085866,regular
3086292,regular
3092082,regular
3055383,regular
3055383,regular
3055383,regular
3055383,regular
3055383,regular
3055383,regular
3055383,regular
3055383,regular
3055383,regular
3055383,regular
3055383,regular
3055383,regular
3055383,regular
3055383,regular
3055383,regular
3055383,regular
3055383,regular
3055383,regular
3055383,regular
3055383,regular
3055383,regular
3055383,regular
3055383,regular
3055383,regular
3055383,regular
3055383,regular
3063618,regular
3063618,regular
3063618,regular
3063618,regular
3063618,regular
3063618,regular
3063618,regular
3063618,regular
3063618,regular
3063618,regular
3063618,regular
3063618,regular
3063618,regular
3063618,regular
3063618,regular
3063618,regular
3063618,regular
3063618,regular
3063618,regular
3063618,regular
3063618,regular
3063618,regular
3063618,regular
3083718,regular
3083718,regular
3083718,regular
3063618,regular
3063618,regular
3085866,regular
3085866,regular
3085866,regular
3063618,regular
3063618,regular
3086292,regular
3086292,regular
3086292,regular
3025465,regular
3025465,regular
3025465,regular
3025465,regular
3025465,regular
3025465,regular
3025465,regular
3063618,regular
3083718,regular
3092553,regular
3092553,regular
3095076,regular
3096582,regular
3098528,regular
3087456,regular
3087456,regular
3088460,regular
3088460,regular
3077701,regular
3093943,regular
3032460,regular
3036605,deviant
3090877,regular
3097545,regular
3097839,regular
3180724,regular
3018942,regular
3018942,regular
3018942,regular
3032460,regular
3032460,regular
3032460,regular
3032460,regular
3032460,regular
3032460,regular
3090877,regular
3090877,regular
3092082,regular
3092082,regular
3092553,regular
3092553,regular
3093943,regular
3095076,regular
3100133,regular
3102005,deviant
3093943,regular
3093943,regular
3093943,regular
3096582,regular
3096582,regular
3095076,regular
3095076,regular
3095076,regular
3097545,regular
3097545,regular
3098528,regular
3098528,regular
3018942,regular
3018942,regular
3097545,regular
3097839,regular
3097839,regular
3100133,regular
3097839,regular
3097839,regular
3097839,regular
3100133,regular
3100133,regular
3100133,regular
3032460,regular
3032460,regular
3018942,regular
3018942,regular
3018942,regular
3018942,regular
3018942,regular
3018942,regular
3018942,regular
3018942,regular
3018942,regular
3018942,regular
3018942,regular
3018942,regular
3018942,regular
3018942,regular
3018942,regular
3018942,regular
3018942,regular
3018942,regular
3018942,regular
3018942,regular
3018942,regular
3018942,regular
3018942,regular
3018942,regular
3018942,regular
3018942,regular
3092553,regular
3092553,regular
3108423,regular
3109097,regular
3116082,regular
3116116,regular
3102005,deviant
3102005,deviant
3092553,regular
3092553,regular
3092553,regular
3092553,regular
3092553,regular
3092553,regular
3092553,regular
3092553,regular
3092553,regular
3092553,regular
3092553,regular
3018942,regular
3083718,regular
3093943,regular
3097545,regular
3108423,regular
3115123,regular
3119869,regular
3032460,regular
3108423,regular
3108423,regular
3108423,regular
3108423,regular
3109097,regular
3109097,regular
3055383,regular
3063618,regular
3080906,regular
3100133,regular
3118423,regular
3033681,deviant
3033681,deviant
3097839,regular
3115123,regular
3119591,regular
3121492,regular
3128786,regular
3033681,deviant
3033681,deviant
3033681,deviant
3033681,deviant
3033681,deviant
3033681,deviant
3033681,deviant
3033681,deviant
3033681,deviant
3033681,deviant
3033681,deviant
3033681,deviant
3033681,deviant
3033681,deviant
3033681,deviant
3033681,deviant
3115123,regular
3115123,regular
3116116,regular
3116116,regular
3116082,regular
3116082,regular
3018942,regular
3118423,regular
3119591,regular
3119869,regular
3132644,regular
3118423,regular
3118423,regular
3118423,regular
3119591,regular
3119591,regular
3119591,regular
3119869,regular
3119869,regular
3119869,regular
3109097,regular
3109097,regular
3109097,regular
3121492,regular
3128786,regular
3133945,regular
3134210,deviant
3121492,regular
3121492,regular
3121492,regular
3128786,regular
3128786,regular
3128786,regular
3119869,regular
3119869,regular
3119869,regular
3119869,regular
3109097,regular
3109097,regular
3109097,regular
3041957,regular
3041957,regular
3041957,regular
3041957,regular
3041957,regular
3041957,regular
3041957,regular
3041957,regular
3041957,regular
3041957,regular
3041957,regular
3041957,regular
3041957,regular
3041957,regular
3041957,regular
3041957,regular
3041957,regular
3041957,regular
3041957,regular
3041957,regular
3041957,regular
3041957,regular
3041957,regular
3041957,regular
3041957,regular
3041957,regular
3109097,regular
3109097,regular
3109097,regular
3109097,regular
3132644,regular
3133945,regular
3134210,deviant
3132644,regular
3132644,regular
3133945,regular
3133945,regular
3095076,regular
3098528,regular
3098528,regular
3098528,regular
3102005,deviant
3102005,deviant
3102005,deviant
3116116,regular
3116116,regular
3116116,regular
3144223,regular
3098528,regular
3098528,regular
3098528,regular
3098528,regular
3098528,regular
3098528,regular
3098528,regular
3098528,regular
3098528,regular
3116116,regular
3116116,regular
3116116,regular
3116116,regular
3116116,regular
3116116,regular
3116116,regular
3116116,regular
3116116,regular
3102005,deviant
3102005,deviant
3102005,deviant
3102005,deviant
3102005,deviant
3102005,deviant
3102005,deviant
3102005,deviant
3102005,deviant
3056353,regular
3115123,regular
3128786,regular
3141366,regular
3034472,regular
3080906,regular
3097545,regular
3097545,regular
3097839,regular
3141366,regular
3146012,regular
3147171,regular
3034472,regular
3034472,regular
3034472,regular
3034472,regular
3034472,regular
3034472,regular
3034472,regular
3080906,regular
3080906,regular
3080906,regular
3034472,regular
3034472,regular
3034472,regular
3034472,regular
3034472,regular
3034472,regular
3034472,regular
3034472,regular
3034472,regular
3034472,regular
3034472,regular
3034472,regular
3034472,regular
3034472,regular
3034472,regular
3034472,regular
3034472,regular
3034472,regular
3034472,regular
3141366,regular
3141366,regular
3141366,regular
3098528,regular
3085866,regular
3098528,regular
3144223,regular
3146012,regular
3147171,regular
3098528,regular
3098528,regular
3098528,regular
3098528,regular
3098528,regular
3098528,regular
3098528,regular
3098528,regular
3098528,regular
3098528,regular
3098528,regular
3098528,regular
3098528,regular
3098528,regular
3098528,regular
3098528,regular
3144223,regular
3144223,regular
3146012,regular
3146012,regular
3146012,regular
3147171,regular
3147171,regular
3147171,regular
3085866,regular
3085866,regular
3085866,regular
3085866,regular
3085866,regular
3085866,regular
3085866,regular
3085866,regular
3085866,regular
3085866,regular
3085866,regular
3085866,regular
3085866,regular
3085866,regular
3085866,regular
3085866,regular
3085866,regular
3085866,regular
3085866,regular
3085866,regular
3085866,regular
3085866,regular
3085866,regular
3085866,regular
3085866,regular
3085866,regular
3086292,regular
3086292,regular
3086292,regular
3121492,regular
3121492,regular
3151799,regular
3158008,regular
3086292,regular
3086292,regular
3086292,regular
3086292,regular
3086292,regular
3086292,regular
3086292,regular
3086292,regular
3086292,regular
3086292,regular
3086292,regular
3086292,regular
3086292,regular
3086292,regular
3086292,regular
3086292,regular
3086292,regular
3086292,regular
3086292,regular
3041957,regular
3041957,regular
3041957,regular
3041957,regular
3041957,regular
3041957,regular
3121492,regular
3121492,regular
3121492,regular
3121492,regular
3121492,regular
3121492,regular
3121492,regular
3121492,regular
3086292,regular
3086292,regular
3086292,regular
3086292,regular
3086292,regular
3086292,regular
3086292,regular
3086292,regular
3086292,regular
3041957,regular
3151799,regular
3151799,regular
3151799,regular
3151799,regular
3151799,regular
3034472,regular
3046524,deviant
3046524,deviant
3085866,regular
3086292,regular
3092082,regular
3092082,regular
3092082,regular
3092082,regular
3092082,regular
3098528,regular
3116116,regular
3116116,regular
3102005,deviant
3085866,regular
3092082,regular
3092082,regular
3092082,regular
3092082,regular
3092082,regular
3092082,regular
3092082,regular
3092082,regular
3092082,regular
3092082,regular
3092082,regular
3092082,regular
3092082,regular
3092082,regular
3092082,regular
3092082,regular
3092082,regular
3092082,regular
3092082,regular
3092082,regular
3092082,regular
3092082,regular
3092082,regular
3092082,regular
3092082,regular
3092082,regular
3092082,regular
3092082,regular
3092082,regular
3092082,regular
3092082,regular
3116116,regular
3116116,regular
3116116,regular
3116116,regular
3116116,regular
3116116,regular
3116116,regular
3116116,regular
3116116,regular
3116116,regular
3116116,regular
3116116,regular
3116116,regular
3116116,regular
3116116,regular
3116116,regular
3116116,regular
3116116,regular
3141366,regular
3141366,regular
3144223,regular
3158008,regular
3159043,regular
3163934,regular
3158008,regular
3158008,regular
3159043,regular
3159043,regular
3159043,regular
3034472,regular
3132644,regular
3133945,regular
3146012,regular
3032460,regular
3032460,regular
3116082,regular
3116082,regular
3116082,regular
3158008,regular
3163934,regular
3032460,regular
3032460,regular
3032460,regular
3032460,regular
3032460,regular
3032460,regular
3032460,regular
3086292,regular
3086292,regular
3032460,regular
3032460,regular
3032460,regular
3032460,regular
3032460,regular
3032460,regular
3032460,regular
3032460,regular
3032460,regular
3032460,regular
3116082,regular
3098528,regular
3098528,regular
3116116,regular
3116082,regular
3116082,regular
3116082,regular
3116082,regular
3116082,regular
3116082,regular
3116082,regular
3163934,regular
3163934,regular
3109097,regular
3109097,regular
3109097,regular
3109097,regular
3109097,regular
3109097,regular
3032460,regular
3032460,regular
3036605,deviant
3119591,regular
3119591,regular
3133945,regular
3151799,regular
3151799,regular
3151799,regular
3172826,regular
3179463,regular
3080906,regular
3080906,regular
3080906,regular
3080906,regular
3132644,regular
3132644,regular
3132644,regular
3132644,regular
3132644,regular
3132644,regular
3132644,regular
3151799,regular
3151799,regular
3032460,regular
3032460,regular
3032460,regular
3032460,regular
3151799,regular
3151799,regular
3151799,regular
3151799,regular
3151799,regular
3151799,regular
3151799,regular
3151799,regular
3151799,regular
3151799,regular
3151799,regular
3151799,regular
3119591,regular
3119591,regular
3119591,regular
3119591,regular
3119591,regular
3119591,regular
3119591,regular
3119591,regular
3133945,regular
3133945,regular
3133945,regular
3133945,regular
3133945,regular
3172826,regular
3180443,regular
3180724,regular
3172826,regular
3172826,regular
3172826,regular
3041957,regular
3041957,regular
3041957,regular
3179463,regular
3180443,regular
3180724,regular
3181224,regular
3183509,regular
3179463,regular
3179463,regular
3180443,regular
3180443,regular
3180724,regular
3180724,regular
3181224,regular
3181224,regular
3181224,regular
3158008,regular
3163934,regular
3075748,regular
3075748,regular
3075748,regular
3183509,regular
3184844,regular
3185115,regular
3185115,regular
3185385,regular
3185385,regular
3185656,regular
3197901,regular
3198296,regular
3183509,regular
3183509,regular
3184844,regular
3184844,regular
3185115,regular
3185115,regular
3185385,regular
3185385,regular
3185656,regular
3185656,regular
3075748,regular
3075748,regular
3075748,regular
3075748,regular
3075748,regular
3075748,regular
3075748,regular
3075748,regular
3075748,regular
3075748,regular
3075748,regular
3075748,regular
3075748,regular
3075748,regular
3075748,regular
3075748,regular
3075748,regular
3075748,regular
3075748,regular
3075748,regular
3075748,regular
3075748,regular
3075748,regular
3075748,regular
3075748,regular
3115123,regular
3115123,regular
3180443,regular
3180443,regular
3180443,regular
3197505,regular
3203647,deviant
3115123,regular
3115123,regular
3115123,regular
3115123,regular
3115123,regular
3115123,regular
3115123,regular
3115123,regular
3115123,regular
3115123,regular
3115123,regular
3115123,regular
3115123,regular
3115123,regular
3115123,regular
3115123,regular
3115123,regular
3115123,regular
3115123,regular
3080906,regular
3080906,regular
3080906,regular
3080906,regular
3080906,regular
3080906,regular
3080906,regular
3080906,regular
3080906,regular
3080906,regular
3080906,regular
3080906,regular
3080906,regular
3080906,regular
3080906,regular
3080906,regular
3080906,regular
3180443,regular
3180443,regular
3180443,regular
3180443,regular
3180443,regular
3180443,regular
3180443,regular
3180443,regular
3180443,regular
3180443,regular
3077701,regular
3128786,regular
3128786,regular
3180443,regular
3197505,regular
3197901,regular
3198296,regular
3115123,regular
3115123,regular
3115123,regular
3115123,regular
3115123,regular
3115123,regular
3115123,regular
3115123,regular
3128786,regular
3128786,regular
3128786,regular
3128786,regular
3128786,regular
3128786,regular
3128786,regular
3128786,regular
3128786,regular
3128786,regular
3128786,regular
3128786,regular
3128786,regular
3128786,regular
3128786,regular
3128786,regular
3128786,regular
3128786,regular
3128786,regular
3128786,regular
3128786,regular
3128786,regular
3128786,regular
3128786,regular
3128786,regular
3197505,regular
3197505,regular
3197505,regular
3080906,regular
3146012,regular
3146012,regular
3146012,regular
3146012,regular
3146012,regular
3146012,regular
3146012,regular
3146012,regular
3146012,regular
3146012,regular
3146012,regular
3146012,regular
3203647,deviant
3209893,regular
3100133,regular
3100133,regular
3100133,regular
3100133,regular
3100133,regular
3100133,regular
3100133,regular
3100133,regular
3100133,regular
3100133,regular
3100133,regular
3100133,regular
3100133,regular
3100133,regular
3100133,regular
3100133,regular
3090877,regular
3090877,regular
3090877,regular
3090877,regular
3090877,regular
3090877,regular
3090877,regular
3090877,regular
3090877,regular
3203647,deviant
3203647,deviant
3203647,deviant
3100133,regular
3100133,regular
3100133,regular
3100133,regular
3100133,regular
3100133,regular
3100133,regular
3100133,regular
3100133,regular
3100133,regular
3100133,regular
3211603,regular
3213258,regular
3213633,deviant
3213914,regular
3179463,regular
3183509,regular
3036605,deviant
3056353,regular
3080906,regular
3080906,regular
3100133,regular
3115123,regular
3128786,regular
3133945,regular
3146012,regular
3185385,regular
3213258,regular
3146012,regular
3146012,regular
3146012,regular
3146012,regular
3146012,regular
3146012,regular
3146012,regular
3146012,regular
3146012,regular
3146012,regular
3146012,regular
3146012,regular
3146012,regular
3146012,regular
3146012,regular
3146012,regular
3146012,regular
3185115,regular
3100133,regular
3133945,regular
3133945,regular
3133945,regular
3133945,regular
3133945,regular
3133945,regular
3133945,regular
3133945,regular
3133945,regular
3133945,regular
3133945,regular
3133945,regular
3133945,regular
3133945,regular
3133945,regular
3133945,regular
3133945,regular
3133945,regular
3133945,regular
3133945,regular
3133945,regular
3100133,regular
3080906,regular
3080906,regular
3056353,regular
3056353,regular
3056353,regular
3056353,regular
3056353,regular
3056353,regular
3056353,regular
3056353,regular
3056353,regular
3056353,regular
3056353,regular
3056353,regular
3056353,regular
3056353,regular
3056353,regular
3056353,regular
3056353,regular
3056353,regular
3056353,regular
3056353,regular
3056353,regular
3056353,regular
3056353,regular
3056353,regular
3056353,regular
3056353,regular
3056353,regular
3056353,regular
3056353,regular
3056353,regular
3056353,regular
3056353,regular
3056353,regular
3056353,regular
3056353,regular
3133945,regular
3056353,regular
3115123,regular
3128786,regular
3209893,regular
3210182,regular
3209893,regular
3209893,regular
3209893,regular
3210182,regular
3210182,regular
3210182,regular
3210182,regular
3115123,regular
3115123,regular
3128786,regular
3128786,regular
3128786,regular
3056353,regular
3056353,regular
3141366,regular
3144223,regular
3146012,regular
3146012,regular
3158008,regular
3185115,regular
3211603,regular
3213258,regular
3213633,deviant
3213914,regular
3217022,regular
3218379,deviant
3220065,regular
3144223,regular
3144223,regular
3144223,regular
3211603,regular
3211603,regular
3211603,regular
3213258,regular
3213258,regular
3213258,regular
3213633,deviant
3213633,deviant
3213633,deviant
3213914,regular
3213914,regular
3213914,regular
3185115,regular
3185115,regular
3185115,regular
3144223,regular
3144223,regular
3144223,regular
3144223,regular
3144223,regular
3102005,deviant
3146012,regular
3217022,regular
3218379,deviant
3221120,regular
3221649,regular
3146012,regular
3146012,regular
3146012,regular
3146012,regular
3146012,regular
3146012,regular
3109097,regular
3109097,regular
3109097,regular
3217022,regular
3217022,regular
3217022,regular
3218379,deviant
3218379,deviant
3218379,deviant
3056353,regular
3056353,regular
3056353,regular
3056353,regular
3056353,regular
3061846,regular
3220065,regular
3221120,regular
3221649,regular
3220065,regular
3220065,regular
3220065,regular
3109097,regular
3109097,regular
3109097,regular
3109097,regular
3109097,regular
3109097,regular
3109097,regular
3109097,regular
3109097,regular
3109097,regular
3109097,regular
3061846,regular
3061846,regular
3061846,regular
3061846,regular
3061846,regular
3061846,regular
3061846,regular
3061846,regular
3061846,regular
3061846,regular
3061846,regular
3061846,regular
3061846,regular
3061846,regular
3061846,regular
3061846,regular
3061846,regular
3061846,regular
3061846,regular
3061846,regular
3061846,regular
3061846,regular
3061846,regular
3061846,regular
3221649,regular
3221649,regular
3221649,regular
3056353,regular
3197505,regular
3203647,deviant
3210182,regular
3033681,deviant
3102005,deviant
3109097,regular
3109097,regular
3132644,regular
3133945,regular
3133945,regular
3163934,regular
3179463,regular
3197505,regular
3197505,regular
3229223,regular
3230988,regular
3231372,regular
3132644,regular
3132644,regular
3132644,regular
3132644,regular
3132644,regular
3132644,regular
3132644,regular
3132644,regular
3132644,regular
3132644,regular
3132644,regular
3132644,regular
3132644,regular
3132644,regular
3132644,regular
3132644,regular
3132644,regular
3132644,regular
3132644,regular
3163934,regular
3163934,regular
3163934,regular
3163934,regular
3179463,regular
3179463,regular
3179463,regular
3179463,regular
3197505,regular
3197505,regular
3197505,regular
3133945,regular
3133945,regular
3109097,regular
3109097,regular
3109097,regular
3197505,regular
3197505,regular
3197505,regular
3197505,regular
3197505,regular
3197505,regular
3197505,regular
3197505,regular
3197505,regular
3197505,regular
3197505,regular
3197505,regular
3197505,regular
3197505,regular
3197505,regular
3197505,regular
3197505,regular
3197505,regular
3197505,regular
3197505,regular
3197505,regular
3197505,regular
3033681,deviant
3083718,regular
3092553,regular
3116082,regular
3121492,regular
3179463,regular
3203647,deviant
3213633,deviant
3213633,deviant
3229223,regular
3230988,regular
3231372,regular
3213633,deviant
3213633,deviant
3213633,deviant
3213633,deviant
3213633,deviant
3213633,deviant
3213633,deviant
3036605,deviant
3036605,deviant
3036605,deviant
3036605,deviant
3036605,deviant
3036605,deviant
3036605,deviant
3036605,deviant
3036605,deviant
3036605,deviant
3036605,deviant
3036605,deviant
3036605,deviant
3036605,deviant
3036605,deviant
3092553,regular
3092553,regular
3092553,regular
3092553,regular
3092553,regular
3097545,regular
3097545,regular
3097545,regular
3097545,regular
3097545,regular
3097545,regular
3097545,regular
3097545,regular
3097545,regular
3097545,regular
3097545,regular
3097545,regular
3097545,regular
3097545,regular
3097545,regular
3097545,regular
3097545,regular
3097545,regular
3097545,regular
3097545,regular
3097545,regular
3097545,regular
3097545,regular
3097545,regular
3097545,regular
3097545,regular
3097545,regular
3116082,regular
3116082,regular
3116082,regular
3116082,regular
3116082,regular
3116082,regular
3116082,regular
3116082,regular
3116082,regular
3116082,regular
3116082,regular
3116082,regular
3116082,regular
3116082,regular
3179463,regular
3179463,regular
3179463,regular
3179463,regular
3179463,regular
3179463,regular
3179463,regular
3179463,regular
3179463,regular
3179463,regular
3179463,regular
3179463,regular
3179463,regular
3179463,regular
3179463,regular
3179463,regular
3179463,regular
3179463,regular
3179463,regular
3179463,regular
3179463,regular
3179463,regular
3179463,regular
3033681,deviant
3033681,deviant
3033681,deviant
3033681,deviant
3033681,deviant
3033681,deviant
3033681,deviant
3033681,deviant
3229223,regular
3229223,regular
3229223,regular
3083718,regular
3083718,regular
3230988,regular
3230988,regular
3083718,regular
3083718,regular
3083718,regular
3083718,regular
3083718,regular
3083718,regular
3083718,regular
3083718,regular
3083718,regular
3083718,regular
3230988,regular
3231372,regular
3231372,regular
3083718,regular
3083718,regular
3083718,regular
3231372,regular
3083718,regular
3083718,regular
3083718,regular
3083718,regular
3083718,regular
3083718,regular
3083718,regular
3083718,regular
3083718,regular
3083718,regular
3083718,regular
3032460,regular
3121492,regular
3121492,regular
3121492,regular
3121492,regular
3121492,regular
3121492,regular
3121492,regular
3121492,regular
3121492,regular
3121492,regular
3121492,regular
3121492,regular
3121492,regular
3121492,regular
3121492,regular
3121492,regular
3121492,regular
3121492,regular
3033681,deviant
3033681,deviant
3083718,regular
3095076,regular
3095076,regular
3097545,regular
3121492,regular
3238347,regular
3033681,deviant
3033681,deviant
3033681,deviant
3033681,deviant
3033681,deviant
3033681,deviant
3033681,deviant
3033681,deviant
3033681,deviant
3033681,deviant
3033681,deviant
3033681,deviant
3033681,deviant
3033681,deviant
3033681,deviant
3033681,deviant
3033681,deviant
3033681,deviant
3033681,deviant
3033681,deviant
3033681,deviant
3033681,deviant
3033681,deviant
3095076,regular
3095076,regular
3095076,regular
3095076,regular
3095076,regular
3095076,regular
3095076,regular
3095076,regular
3095076,regular
3095076,regular
3095076,regular
3095076,regular
3095076,regular
3095076,regular
3095076,regular
3095076,regular
3095076,regular
3095076,regular
3095076,regular
3095076,regular
3095076,regular
3095076,regular
3095076,regular
3095076,regular
3095076,regular
3083718,regular
3095076,regular
3095076,regular
3097545,regular
3097545,regular
3121492,regular
3132644,regular
3132644,regular
3144223,regular
3179463,regular
3179463,regular
3244596,regular
3132644,regular
3213258,regular
3213258,regular
3132644,regular
3132644,regular
3179463,regular
3179463,regular
3097545,regular
3097545,regular
3097545,regular
3121492,regular
3121492,regular
3083718,regular
3083718,regular
3095076,regular
3095076,regular
3095076,regular
3093943,regular
3093943,regular
3238347,regular
3240799,regular
3242844,regular
3243504,regular
3244120,regular
3093943,regular
3093943,regular
3093943,regular
3093943,regular
3093943,regular
3093943,regular
3093943,regular
3093943,regular
3093943,regular
3093943,regular
3093943,regular
3093943,regular
3093943,regular
3093943,regular
3093943,regular
3093943,regular
3093943,regular
3093943,regular
3093943,regular
3093943,regular
3093943,regular
3093943,regular
3093943,regular
3093943,regular
3093943,regular
3238347,regular
3238347,regular
3238347,regular
3218379,deviant
3231372,regular
3240799,regular
3240799,regular
3240799,regular
3240799,regular
3240799,regular
3240799,regular
3240799,regular
3240799,regular
3240799,regular
3244891,regular
3245307,regular
3245596,regular
3246200,regular
3246462,regular
3242844,regular
3243504,regular
3244120,regular
3244596,regular
3244891,regular
3245307,regular
3245596,regular
3246200,regular
3240799,regular
3240799,regular
3240799,regular
3240799,regular
3242844,regular
3242844,regular
3242844,regular
3243504,regular
3243504,regular
3243504,regular
3244120,regular
3244120,regular
3244120,regular
3244891,regular
3244891,regular
3244891,regular
3245307,regular
3245307,regular
3245307,regular
3245596,regular
3245596,regular
3245596,regular
3246200,regular
3246200,regular
3246200,regular
3246462,regular
3246462,regular
3246462,regular
3246462,regular
3247234,regular
3092553,regular
3092553,regular
3092553,regular
3092553,regular
3092553,regular
3092553,regular
3092553,regular
3092553,regular
3092553,regular
3092553,regular
3046524,deviant
3092553,regular
3247234,regular
3247234,regular
3247234,regular
3679724,regular
4044259,deviant
4545589,regular
3093943,regular
3240799,regular
3243504,regular
3247234,regular
3251070,regular
3251070,regular
3251070,regular
3251070,regular
3251070,regular
3092553,regular
3180724,regular
3180724,regular
3180724,regular
3251070,regular
3093943,regular
3093943,regular
3251070,regular
3251070,regular
3251070,regular
3251070,regular
3251070,regular
3251070,regular
3251070,regular
3251070,regular
3251070,regular
3251070,regular
3251070,regular
3251070,regular
3251070,regular
3251070,regular
3251070,regular
3251070,regular
3251070,regular
3251070,regular
3251070,regular
3251070,regular
3251070,regular
3251070,regular
3251070,regular
3251070,regular
3251070,regular
3251070,regular
3251070,regular
3251070,regular
3251070,regular
3251070,regular
3251070,regular
3251070,regular
3092553,regular
3093943,regular
3092553,regular
3092553,regular
3093943,regular
3093943,regular
3119591,regular
3119591,regular
3119591,regular
3119591,regular
3151799,regular
3151799,regular
3151799,regular
3158008,regular
3159043,regular
3159043,regular
3159043,regular
3159043,regular
3159043,regular
3159043,regular
3172826,regular
3172826,regular
3172826,regular
3181224,regular
3181224,regular
3181224,regular
3251070,regular
3252929,deviant
3254260,regular
3172826,regular
3172826,regular
3172826,regular
3172826,regular
3172826,regular
3172826,regular
3172826,regular
3172826,regular
3172826,regular
3172826,regular
3172826,regular
3172826,regular
3172826,regular
3172826,regular
3172826,regular
3172826,regular
3172826,regular
3172826,regular
3172826,regular
3172826,regular
3172826,regular
3172826,regular
3172826,regular
3172826,regular
3172826,regular
3172826,regular
3252929,deviant
3252929,deviant
3252929,deviant
3252929,deviant
3254260,regular
3254260,regular
3254260,regular
3254260,regular
3159043,regular
3159043,regular
3159043,regular
3159043,regular
3159043,regular
3159043,regular
3159043,regular
3159043,regular
3159043,regular
3159043,regular
3159043,regular
3159043,regular
3159043,regular
3159043,regular
3159043,regular
3159043,regular
3159043,regular
3159043,regular
3159043,regular
3159043,regular
3159043,regular
3159043,regular
3159043,regular
3159043,regular
3159043,regular
3159043,regular
3159043,regular
3181224,regular
3181224,regular
3181224,regular
3181224,regular
3181224,regular
3181224,regular
3181224,regular
3181224,regular
3181224,regular
3181224,regular
3181224,regular
3181224,regular
3181224,regular
3181224,regular
3181224,regular
3181224,regular
3181224,regular
3242844,regular
3181224,regular
3181224,regular
3181224,regular
3181224,regular
3181224,regular
3181224,regular
3181224,regular
3181224,regular
3181224,regular
3181224,regular
3243504,regular
3159043,regular
3159043,regular
3159043,regular
3151799,regular
3151799,regular
3151799,regular
3151799,regular
3151799,regular
3151799,regular
3151799,regular
3151799,regular
3151799,regular
3151799,regular
3151799,regular
3151799,regular
3151799,regular
3151799,regular
3119591,regular
3119591,regular
3119591,regular
3119591,regular
3119591,regular
3119591,regular
3119591,regular
3119591,regular
3119591,regular
3119591,regular
3119591,regular
3119591,regular
3119591,regular
3119591,regular
3119591,regular
3119591,regular
3119591,regular
3119591,regular
3116082,regular
3116082,regular
3172826,regular
3180724,regular
3180724,regular
3181224,regular
3263180,regular
3263480,regular
3265984,regular
3119591,regular
3119591,regular
3119591,regular
3180724,regular
3180724,regular
3180724,regular
3180724,regular
3180724,regular
3180724,regular
3180724,regular
3180724,regular
3180724,regular
3180724,regular
3116082,regular
3116082,regular
3116082,regular
3116082,regular
3116082,regular
3116082,regular
3116082,regular
3251070,regular
3263180,regular
3263480,regular
3267734,regular
3272126,deviant
3263480,regular
3263480,regular
3263480,regular
3213633,deviant
3229223,regular
3245307,regular
3246200,regular
3244891,regular
3075748,regular
3077701,regular
3077701,regular
3172826,regular
3181224,regular
3210182,regular
3210182,regular
3238347,regular
3242844,regular
3265984,regular
3267734,regular
3277343,regular
3036605,deviant
3172826,regular
3238347,regular
3238347,regular
3238347,regular
3238347,regular
3238347,regular
3172826,regular
3238347,regular
3181224,regular
3181224,regular
3265984,regular
3265984,regular
3265984,regular
3267734,regular
3267734,regular
3267734,regular
3077701,regular
3077701,regular
3077701,regular
3077701,regular
3077701,regular
3077701,regular
3077701,regular
3077701,regular
3077701,regular
3077701,regular
3077701,regular
3077701,regular
3077701,regular
3077701,regular
3077701,regular
3077701,regular
3077701,regular
3077701,regular
3077701,regular
3077701,regular
3077701,regular
3077701,regular
3077701,regular
3077701,regular
3077701,regular
3077701,regular
3077701,regular
3077701,regular
3077701,regular
3077701,regular
3077701,regular
3077701,regular
3075748,regular
3210182,regular
3210182,regular
3210182,regular
3210182,regular
3210182,regular
3210182,regular
3210182,regular
3210182,regular
3210182,regular
3210182,regular
3210182,regular
3210182,regular
3210182,regular
3210182,regular
3210182,regular
3210182,regular
3210182,regular
3210182,regular
3210182,regular
3210182,regular
3210182,regular
3210182,regular
3210182,regular
3210182,regular
3210182,regular
3210182,regular
3102005,deviant
3102005,deviant
3185656,regular
3185656,regular
3185656,regular
3185656,regular
3185656,regular
3185656,regular
3213258,regular
3213258,regular
3213914,regular
3213914,regular
3213914,regular
3213914,regular
3213914,regular
3213914,regular
3217022,regular
3217022,regular
3217022,regular
3217022,regular
3217022,regular
3217022,regular
3220065,regular
3220065,regular
3220065,regular
3220065,regular
3220065,regular
3220065,regular
3272126,deviant
3272643,regular
3213258,regular
3213258,regular
3213258,regular
3213258,regular
3213258,regular
3213258,regular
3213258,regular
3213258,regular
3213258,regular
3213258,regular
3213258,regular
3213258,regular
3213258,regular
3213258,regular
3213258,regular
3213258,regular
3213258,regular
3213258,regular
3213258,regular
3213258,regular
3213258,regular
3213258,regular
3213258,regular
3185656,regular
3185656,regular
3185656,regular
3185656,regular
3185656,regular
3185656,regular
3185656,regular
3185656,regular
3185656,regular
3185656,regular
3185656,regular
3185656,regular
3185656,regular
3185656,regular
3185656,regular
3185656,regular
3185656,regular
3185656,regular
3185656,regular
3185656,regular
3185656,regular
3185656,regular
3185656,regular
3185656,regular
3185656,regular
3185656,regular
3185656,regular
3185656,regular
3185656,regular
3185656,regular
3272126,deviant
3272126,deviant
3272126,deviant
3272643,regular
3272643,regular
3272643,regular
3213914,regular
3213914,regular
3213914,regular
3213914,regular
3213914,regular
3213914,regular
3272643,regular
3213914,regular
3213914,regular
3213914,regular
3213914,regular
3213914,regular
3213914,regular
3213914,regular
3213914,regular
3213914,regular
3213914,regular
3213914,regular
3213914,regular
3213914,regular
3213914,regular
3213914,regular
3213914,regular
3213914,regular
3213914,regular
3213914,regular
3213914,regular
3213914,regular
3213914,regular
3213914,regular
3220065,regular
3220065,regular
3220065,regular
3220065,regular
3220065,regular
3220065,regular
3220065,regular
3220065,regular
3220065,regular
3220065,regular
3220065,regular
3220065,regular
3220065,regular
3220065,regular
3220065,regular
3220065,regular
3220065,regular
3220065,regular
3220065,regular
3220065,regular
3220065,regular
3220065,regular
3220065,regular
3220065,regular
3220065,regular
3220065,regular
3220065,regular
3220065,regular
3220065,regular
3217022,regular
3217022,regular
3217022,regular
3217022,regular
3217022,regular
3217022,regular
3217022,regular
3217022,regular
3217022,regular
3217022,regular
3217022,regular
3217022,regular
3217022,regular
3217022,regular
3217022,regular
3217022,regular
3217022,regular
3217022,regular
3217022,regular
3217022,regular
3217022,regular
3217022,regular
3217022,regular
3217022,regular
3217022,regular
3217022,regular
3217022,regular
3217022,regular
3217022,regular
3036605,deviant
3047823,regular
3047823,regular
3119869,regular
3119869,regular
3119869,regular
3134210,deviant
3163934,regular
3213258,regular
3229223,regular
3230988,regular
3254260,regular
3254260,regular
3254260,regular
3267734,regular
3267734,regular
3267734,regular
3267734,regular
3267734,regular
3277343,regular
3283264,regular
3036605,deviant
3036605,deviant
3036605,deviant
3036605,deviant
3036605,deviant
3036605,deviant
3036605,deviant
3036605,deviant
3036605,deviant
3036605,deviant
3036605,deviant
3036605,deviant
3036605,deviant
3036605,deviant
3036605,deviant
3036605,deviant
3036605,deviant
3036605,deviant
3229223,regular
3229223,regular
3229223,regular
3229223,regular
3277343,regular
3277343,regular
3277343,regular
3230988,regular
3230988,regular
3230988,regular
3267734,regular
3267734,regular
3267734,regular
3267734,regular
3267734,regular
3267734,regular
3267734,regular
3267734,regular
3267734,regular
3267734,regular
3267734,regular
3267734,regular
3267734,regular
3267734,regular
3267734,regular
3267734,regular
3267734,regular
3267734,regular
3267734,regular
3267734,regular
3267734,regular
3267734,regular
3267734,regular
3267734,regular
3267734,regular
3267734,regular
3267734,regular
3267734,regular
3163934,regular
3163934,regular
3163934,regular
3163934,regular
3163934,regular
3163934,regular
3163934,regular
3163934,regular
3163934,regular
3163934,regular
3163934,regular
3163934,regular
3163934,regular
3163934,regular
3163934,regular
3119869,regular
3119869,regular
3119869,regular
3119869,regular
3119869,regular
3119869,regular
3119869,regular
3119869,regular
3119869,regular
3119869,regular
3119869,regular
3119869,regular
3119869,regular
3119869,regular
3119869,regular
3119869,regular
3119869,regular
3119869,regular
3119869,regular
3119869,regular
3119869,regular
3119869,regular
3119869,regular
3119869,regular
3119869,regular
3119869,regular
3119869,regular
3119869,regular
3119869,regular
3119869,regular
3119869,regular
3119869,regular
3163934,regular
3163934,regular
3163934,regular
3163934,regular
3163934,regular
3163934,regular
3163934,regular
3163934,regular
3119869,regular
3254260,regular
3254260,regular
3254260,regular
3254260,regular
3254260,regular
3254260,regular
3254260,regular
3254260,regular
3254260,regular
3254260,regular
3254260,regular
3254260,regular
3254260,regular
3254260,regular
3254260,regular
3254260,regular
3254260,regular
3254260,regular
3254260,regular
3254260,regular
3254260,regular
3254260,regular
3254260,regular
3254260,regular
3254260,regular
3254260,regular
3254260,regular
3254260,regular
3254260,regular
3254260,regular
3254260,regular
3254260,regular
3197901,regular
3247234,regular
3247234,regular
3252929,deviant
3252929,deviant
3272126,deviant
3272126,deviant
3272126,deviant
3283264,regular
3297683,regular
3283264,regular
3283264,regular
3283264,regular
3247234,regular
3247234,regular
3247234,regular
3247234,regular
3247234,regular
3247234,regular
3247234,regular
3247234,regular
3247234,regular
3252929,deviant
3272126,deviant
3272126,deviant
3272126,deviant
3272126,deviant
3272126,deviant
3272126,deviant
3272126,deviant
3272126,deviant
3272126,deviant
3272126,deviant
3272126,deviant
3272126,deviant
3272126,deviant
3036605,deviant
3163934,regular
3163934,regular
3198296,regular
3213258,regular
3240799,regular
3240799,regular
3240799,regular
3240799,regular
3240799,regular
3240799,regular
3036605,deviant
3036605,deviant
3213258,regular
3213258,regular
3213258,regular
3163934,regular
3163934,regular
3185656,regular
3252929,deviant
3265984,regular
3267734,regular
3272126,deviant
3303563,regular
3254260,regular
3254260,regular
3254260,regular
3272643,regular
3297683,regular
3298839,regular
3298839,regular
3308383,regular
3238347,regular
3238347,regular
3238347,regular
3238347,regular
3238347,regular
3238347,regular
3238347,regular
3238347,regular
3238347,regular
3238347,regular
3238347,regular
3238347,regular
3238347,regular
3238347,regular
3238347,regular
3238347,regular
3238347,regular
3238347,regular
3238347,regular
3238347,regular
3238347,regular
3238347,regular
3238347,regular
3203647,deviant
3203647,deviant
3203647,deviant
3297683,regular
3297683,regular
3238347,regular
3297683,regular
3238347,regular
3238347,regular
3068783,regular
3068783,regular
3068783,regular
3068783,regular
3068783,regular
3068783,regular
3068783,regular
3068783,regular
3068783,regular
3068783,regular
3068783,regular
3068783,regular
3068783,regular
3068783,regular
3068783,regular
3068783,regular
3068783,regular
3068783,regular
3068783,regular
3068783,regular
3068783,regular
3068783,regular
3068783,regular
3068783,regular
3068783,regular
3068783,regular
3068783,regular
3068783,regular
3068783,regular
3068783,regular
3068783,regular
3068783,regular
3068783,regular
3068783,regular
3068783,regular
3303563,regular
3303563,regular
3303563,regular
3046524,deviant
3046524,deviant
3068783,regular
3243504,regular
3243504,regular
3303563,regular
3308383,regular
3046524,deviant
3046524,deviant
3046524,deviant
3046524,deviant
3046524,deviant
3046524,deviant
3046524,deviant
3046524,deviant
3046524,deviant
3046524,deviant
3046524,deviant
3046524,deviant
3046524,deviant
3046524,deviant
3046524,deviant
3046524,deviant
3046524,deviant
3046524,deviant
3046524,deviant
3046524,deviant
3046524,deviant
3046524,deviant
3046524,deviant
3046524,deviant
3046524,deviant
3046524,deviant
3046524,deviant
3046524,deviant
3046524,deviant
3046524,deviant
3046524,deviant
3046524,deviant
3046524,deviant
3185115,regular
3243504,regular
3243504,regular
3243504,regular
3243504,regular
3243504,regular
3243504,regular
3243504,regular
3243504,regular
3243504,regular
3243504,regular
3243504,regular
3243504,regular
3243504,regular
3243504,regular
3243504,regular
3243504,regular
3243504,regular
3243504,regular
3243504,regular
3243504,regular
3243504,regular
3243504,regular
3243504,regular
3243504,regular
3308383,regular
3308383,regular
3308383,regular
3046524,deviant
3046524,deviant
3068783,regular
3119869,regular
3119869,regular
3158008,regular
3158008,regular
3158008,regular
3158008,regular
3221120,regular
3238347,regular
3238347,regular
3238347,regular
3238347,regular
3277343,regular
3277343,regular
3277343,regular
3277343,regular
3277343,regular
3277343,regular
3277343,regular
3277343,regular
3277343,regular
3277343,regular
3277343,regular
3277343,regular
3277343,regular
3277343,regular
3277343,regular
3277343,regular
3277343,regular
3277343,regular
3277343,regular
3277343,regular
3277343,regular
3277343,regular
3277343,regular
3277343,regular
3277343,regular
3277343,regular
3297683,regular
3158008,regular
3158008,regular
3158008,regular
3158008,regular
3158008,regular
3158008,regular
3158008,regular
3158008,regular
3158008,regular
3158008,regular
3158008,regular
3158008,regular
3158008,regular
3158008,regular
3158008,regular
3158008,regular
3158008,regular
3158008,regular
3158008,regular
3158008,regular
3158008,regular
3158008,regular
3158008,regular
3158008,regular
3158008,regular
3158008,regular
3158008,regular
3158008,regular
3158008,regular
3158008,regular
3158008,regular
3158008,regular
3158008,regular
3158008,regular
3158008,regular
3158008,regular
3158008,regular
3158008,regular
3243504,regular
3158008,regular
3158008,regular
3158008,regular
3158008,regular
3158008,regular
3158008,regular
3041957,regular
3041957,regular
3041957,regular
3046524,deviant
3046524,deviant
3046524,deviant
3327683,regular
3068783,regular
3068783,regular
3119869,regular
3119869,regular
3321023,regular
3328387,regular
3328387,regular
3328387,regular
3321023,regular
3321023,regular
3321023,regular
3321716,regular
3321716,regular
3321716,regular
3321716,regular
3068783,regular
3068783,regular
3230988,regular
3238347,regular
3272643,regular
3277343,regular
3297683,regular
3298839,regular
3298839,regular
3329026,regular
3047823,regular
3185385,regular
3185385,regular
3185385,regular
3185385,regular
3231372,regular
3321023,regular
3321716,regular
3327683,regular
3332863,regular
3333586,regular
3244891,regular
3244891,regular
3231372,regular
3231372,regular
3231372,regular
3102005,deviant
3102005,deviant
3102005,deviant
3102005,deviant
3102005,deviant
3102005,deviant
3102005,deviant
3102005,deviant
3102005,deviant
3102005,deviant
3102005,deviant
3102005,deviant
3102005,deviant
3102005,deviant
3102005,deviant
3102005,deviant
3102005,deviant
3102005,deviant
3102005,deviant
3102005,deviant
3102005,deviant
3102005,deviant
3102005,deviant
3102005,deviant
3102005,deviant
3102005,deviant
3102005,deviant
3055383,regular
3055383,regular
3055383,regular
3025465,regular
3025465,regular
3025465,regular
3025465,regular
3025465,regular
3025465,regular
3025465,regular
3025465,regular
3025465,regular
3025465,regular
3025465,regular
3025465,regular
3025465,regular
3025465,regular
3025465,regular
3025465,regular
3025465,regular
3025465,regular
3025465,regular
3025465,regular
3025465,regular
3025465,regular
3025465,regular
3025465,regular
3025465,regular
3025465,regular
3025465,regular
3025465,regular
3025465,regular
3025465,regular
3025465,regular
3025465,regular
3063618,regular
3063618,regular
3063618,regular
3056353,regular
3056353,regular
3056353,regular
3056353,regular
3056353,regular
3056353,regular
3056353,regular
3056353,regular
3056353,regular
3056353,regular
3056353,regular
3267734,regular
3267734,regular
3267734,regular
3267734,regular
3047823,regular
3047823,regular
3047823,regular
3047823,regular
3047823,regular
3047823,regular
3047823,regular
3047823,regular
3047823,regular
3047823,regular
3185385,regular
3185385,regular
3185385,regular
3185385,regular
3185385,regular
3185385,regular
3185385,regular
3185385,regular
3185385,regular
3185385,regular
3185385,regular
3185385,regular
3185385,regular
3185385,regular
3185385,regular
3185385,regular
3185385,regular
3185385,regular
3185385,regular
3185385,regular
3185385,regular
3185385,regular
3185385,regular
3185385,regular
3185385,regular
3185385,regular
3185385,regular
3185385,regular
3185385,regular
3047823,regular
3047823,regular
3047823,regular
3047823,regular
3047823,regular
3047823,regular
3047823,regular
3047823,regular
3047823,regular
3047823,regular
3047823,regular
3327683,regular
3327683,regular
3327683,regular
3328387,regular
3328387,regular
3185385,regular
3185385,regular
3185385,regular
3329026,regular
3329026,regular
3329026,regular
3102005,deviant
3240799,regular
3243504,regular
3277343,regular
3321716,regular
3321716,regular
3321716,regular
3321716,regular
3321716,regular
3321716,regular
3329026,regular
3332863,regular
3333586,regular
3334423,regular
3334878,regular
3336470,regular
3321716,regular
3321716,regular
3321716,regular
3321716,regular
3321716,regular
3321716,regular
3321716,regular
3321716,regular
3321716,regular
3321716,regular
3321716,regular
3321716,regular
3321716,regular
3321716,regular
3321716,regular
3321716,regular
3321716,regular
3321716,regular
3321716,regular
3321716,regular
3321716,regular
3321716,regular
3321716,regular
3321716,regular
3321716,regular
3321716,regular
3321716,regular
3321716,regular
3321716,regular
3321716,regular
3321716,regular
3321716,regular
3321716,regular
3321716,regular
3321716,regular
3332863,regular
3332863,regular
3332863,regular
3102005,deviant
3102005,deviant
3183509,regular
3231372,regular
3240799,regular
3240799,regular
3243504,regular
3334423,regular
3334878,regular
3336470,regular
3343781,regular
3344486,deviant
3334878,regular
3334878,regular
3334878,regular
3334423,regular
3334423,regular
3240799,regular
3240799,regular
3240799,regular
3240799,regular
3240799,regular
3240799,regular
3240799,regular
3240799,regular
3240799,regular
3240799,regular
3240799,regular
3240799,regular
3240799,regular
3334423,regular
3240799,regular
3336470,regular
3336470,regular
3336470,regular
3183509,regular
3183509,regular
3183509,regular
3183509,regular
3231372,regular
3231372,regular
3231372,regular
3231372,regular
3231372,regular
3231372,regular
3231372,regular
3231372,regular
3231372,regular
3231372,regular
3231372,regular
3231372,regular
3231372,regular
3231372,regular
3231372,regular
3231372,regular
3231372,regular
3231372,regular
3231372,regular
3231372,regular
3231372,regular
3231372,regular
3231372,regular
3243504,regular
3243504,regular
3243504,regular
3102005,deviant
3102005,deviant
3102005,deviant
3240799,regular
3240799,regular
3240799,regular
3144223,regular
3183509,regular
3144223,regular
3144223,regular
3144223,regular
3144223,regular
3144223,regular
3144223,regular
3144223,regular
3144223,regular
3144223,regular
3141366,regular
3141366,regular
3141366,regular
3141366,regular
3141366,regular
3141366,regular
3141366,regular
3141366,regular
3141366,regular
3141366,regular
3141366,regular
3141366,regular
3141366,regular
3141366,regular
3141366,regular
3141366,regular
3141366,regular
3141366,regular
3141366,regular
3141366,regular
3141366,regular
3141366,regular
3141366,regular
3141366,regular
3141366,regular
3141366,regular
3183509,regular
3183509,regular
3183509,regular
3183509,regular
3183509,regular
3183509,regular
3183509,regular
3183509,regular
3183509,regular
3183509,regular
3183509,regular
3183509,regular
3183509,regular
3183509,regular
3183509,regular
3183509,regular
3183509,regular
3183509,regular
3183509,regular
3183509,regular
3183509,regular
3183509,regular
3183509,regular
3141366,regular
3141366,regular
3183509,regular
3183509,regular
3343781,regular
3344486,deviant
3352200,deviant
3141366,regular
3141366,regular
3343781,regular
3343781,regular
3343781,regular
3183509,regular
3344486,deviant
3344486,deviant
3183509,regular
3344486,deviant
3185385,regular
3327683,regular
3332863,regular
3333586,regular
3354551,regular
3144223,regular
3197505,regular
3197505,regular
3203647,deviant
3327683,regular
3327683,regular
3332863,regular
3352200,deviant
3358303,regular
3197505,regular
3197505,regular
3197505,regular
3332863,regular
3332863,regular
3332863,regular
3327683,regular
3327683,regular
3327683,regular
3327683,regular
3327683,regular
3327683,regular
3327683,regular
3327683,regular
3327683,regular
3327683,regular
3327683,regular
3327683,regular
3327683,regular
3327683,regular
3327683,regular
3327683,regular
3327683,regular
3327683,regular
3327683,regular
3327683,regular
3327683,regular
3327683,regular
3327683,regular
3327683,regular
3327683,regular
3327683,regular
3144223,regular
3144223,regular
3144223,regular
3144223,regular
3144223,regular
3144223,regular
3144223,regular
3144223,regular
3144223,regular
3144223,regular
3144223,regular
3144223,regular
3144223,regular
3277343,regular
3277343,regular
3277343,regular
3277343,regular
3277343,regular
3277343,regular
3277343,regular
3277343,regular
3277343,regular
3277343,regular
3277343,regular
3277343,regular
3277343,regular
3277343,regular
3352200,deviant
3352200,deviant
3352200,deviant
3203647,deviant
3203647,deviant
3244891,regular
3246462,regular
3327683,regular
3327683,regular
3354551,regular
3144223,regular
3144223,regular
3144223,regular
3144223,regular
3354551,regular
3354551,regular
3354551,regular
3327683,regular
3327683,regular
3327683,regular
3144223,regular
3144223,regular
3218379,deviant
3231372,regular
3231372,regular
3329026,regular
3329026,regular
3358303,regular
3368085,regular
3369205,regular
3358303,regular
3358303,regular
3358303,regular
3218379,deviant
3218379,deviant
3218379,deviant
3218379,deviant
3329026,regular
3329026,regular
3329026,regular
3329026,regular
3329026,regular
3329026,regular
3329026,regular
3329026,regular
3329026,regular
3329026,regular
3329026,regular
3329026,regular
3329026,regular
3329026,regular
3329026,regular
3329026,regular
3329026,regular
3329026,regular
3329026,regular
3329026,regular
3329026,regular
3329026,regular
3329026,regular
3329026,regular
3329026,regular
3329026,regular
3329026,regular
3144223,regular
3144223,regular
3144223,regular
3231372,regular
3231372,regular
3231372,regular
3213633,deviant
3213633,deviant
3213633,deviant
3213633,deviant
3218379,deviant
3245307,regular
3407387,regular
3411936,regular
3245307,regular
3245307,regular
3245307,regular
3245307,regular
3245307,regular
3245307,regular
3245307,regular
3245307,regular
3213633,deviant
3213633,deviant
3213633,deviant
3213633,deviant
3213633,deviant
3213633,deviant
3213633,deviant
3213633,deviant
3213633,deviant
3213633,deviant
3213633,deviant
3213633,deviant
3213633,deviant
3218379,deviant
3218379,deviant
3218379,deviant
3213633,deviant
3213633,deviant
3218379,deviant
3218379,deviant
3218379,deviant
3218379,deviant
3218379,deviant
3328387,regular
3368085,regular
3369205,regular
3413463,regular
3415924,regular
3368085,regular
3368085,regular
3368085,regular
3369205,regular
3369205,regular
3369205,regular
3243504,regular
3327683,regular
3334878,regular
3336470,regular
3343781,regular
3344486,deviant
3352200,deviant
3415405,regular
3229223,regular
3230988,regular
3329026,regular
3358303,regular
3369205,regular
3407387,regular
3411936,regular
3417273,regular
3418543,regular
3218379,deviant
3413463,regular
3415405,regular
3415924,regular
3416968,deviant
3423048,regular
3411936,regular
3411936,regular
3411936,regular
3413463,regular
3413463,regular
3407387,regular
3413463,regular
3407387,regular
3407387,regular
3415405,regular
3415405,regular
3415405,regular
3415924,regular
3415924,regular
3415924,regular
3369205,regular
3369205,regular
3369205,regular
3369205,regular
3369205,regular
3369205,regular
3344486,deviant
3416968,deviant
3417273,regular
3418543,regular
3418543,regular
3418543,regular
3418543,regular
3416968,deviant
3416968,deviant
3416968,deviant
3417273,regular
3417273,regular
3417273,regular
3418543,regular
3418543,regular
3418543,regular
3418543,regular
3418543,regular
3418543,regular
3418543,regular
3418543,regular
3418543,regular
3418543,regular
3418543,regular
3418543,regular
3418543,regular
3418543,regular
3418543,regular
3418543,regular
3418543,regular
3418543,regular
3418543,regular
3418543,regular
3418543,regular
3418543,regular
3418543,regular
3418543,regular
3418543,regular
3418543,regular
3418543,regular
3418543,regular
3418543,regular
3418543,regular
3418543,regular
3418543,regular
3418543,regular
3418543,regular
3418543,regular
3418543,regular
3418543,regular
3334878,regular
3334878,regular
3334878,regular
3334878,regular
3426987,regular
3334878,regular
3334878,regular
3334878,regular
3334878,regular
3334878,regular
3334878,regular
3334878,regular
3334878,regular
3334878,regular
3334878,regular
3334878,regular
3334878,regular
3334878,regular
3334878,regular
3334878,regular
3334878,regular
3334878,regular
3334878,regular
3334878,regular
3334878,regular
3334878,regular
3334878,regular
3334878,regular
3334878,regular
3334878,regular
3334878,regular
3334878,regular
3334878,regular
3144223,regular
3231372,regular
3329026,regular
3368085,regular
3407387,regular
3413463,regular
3229223,regular
3229223,regular
3230988,regular
3230988,regular
3334423,regular
3407387,regular
3426987,regular
3436786,regular
3438549,regular
3229223,regular
3229223,regular
3229223,regular
3229223,regular
3229223,regular
3229223,regular
3229223,regular
3229223,regular
3229223,regular
3229223,regular
3229223,regular
3229223,regular
3229223,regular
3229223,regular
3229223,regular
3229223,regular
3229223,regular
3229223,regular
3229223,regular
3229223,regular
3229223,regular
3229223,regular
3426987,regular
3426987,regular
3229223,regular
3426987,regular
3229223,regular
3230988,regular
3230988,regular
3230988,regular
3230988,regular
3230988,regular
3230988,regular
3230988,regular
3230988,regular
3230988,regular
3230988,regular
3230988,regular
3230988,regular
3230988,regular
3230988,regular
3230988,regular
3230988,regular
3230988,regular
3230988,regular
3230988,regular
3230988,regular
3230988,regular
3230988,regular
3230988,regular
3230988,regular
3230988,regular
3230988,regular
3218379,deviant
3218379,deviant
3218379,deviant
3407387,regular
3407387,regular
3407387,regular
3407387,regular
3407387,regular
3407387,regular
3407387,regular
3407387,regular
3407387,regular
3407387,regular
3407387,regular
3407387,regular
3407387,regular
3407387,regular
3407387,regular
3407387,regular
3407387,regular
3407387,regular
3407387,regular
3407387,regular
3407387,regular
3407387,regular
3203647,deviant
3244891,regular
3334423,regular
3334423,regular
3334423,regular
3334423,regular
3358303,regular
3358303,regular
3358303,regular
3358303,regular
3439245,deviant
3445663,regular
3446453,deviant
3447066,deviant
3597315,regular
3358303,regular
3358303,regular
3358303,regular
3358303,regular
3358303,regular
3358303,regular
3358303,regular
3358303,regular
3358303,regular
3358303,regular
3358303,regular
3358303,regular
3358303,regular
3358303,regular
3358303,regular
3358303,regular
3358303,regular
3358303,regular
3358303,regular
3358303,regular
3358303,regular
3358303,regular
3358303,regular
3358303,regular
3358303,regular
3334423,regular
3334423,regular
3334423,regular
3334423,regular
3334423,regular
3334423,regular
3334423,regular
3334423,regular
3334423,regular
3334423,regular
3334423,regular
3334423,regular
3334423,regular
3334423,regular
3334423,regular
3334423,regular
3334423,regular
3334423,regular
3334423,regular
3334423,regular
3334423,regular
3334423,regular
3334423,regular
3334423,regular
3334423,regular
3203647,deviant
3203647,deviant
3203647,deviant
3203647,deviant
3203647,deviant
3203647,deviant
3203647,deviant
3203647,deviant
3203647,deviant
3203647,deviant
3203647,deviant
3203647,deviant
3203647,deviant
3203647,deviant
3203647,deviant
3203647,deviant
3203647,deviant
3203647,deviant
3203647,deviant
3203647,deviant
3203647,deviant
3203647,deviant
3203647,deviant
3203647,deviant
3203647,deviant
3203647,deviant
3203647,deviant
3203647,deviant
3203647,deviant
3203647,deviant
3203647,deviant
3203647,deviant
3203647,deviant
3334423,regular
3334423,regular
3334423,regular
3334423,regular
3358303,regular
3358303,regular
3358303,regular
3358303,regular
3213633,deviant
3213633,deviant
3213633,deviant
3203647,deviant
3203647,deviant
3242844,regular
3242844,regular
3242844,regular
3277343,regular
3415924,regular
3417273,regular
3436786,regular
3438549,regular
3439245,deviant
3439245,deviant
3415924,regular
3415924,regular
3415924,regular
3415924,regular
3415924,regular
3415924,regular
3415924,regular
3415924,regular
3415924,regular
3415924,regular
3415924,regular
3415924,regular
3415924,regular
3415924,regular
3415924,regular
3415924,regular
3415924,regular
3415924,regular
3415924,regular
3415924,regular
3415924,regular
3415924,regular
3415924,regular
3415924,regular
3415924,regular
3415924,regular
3415924,regular
3415924,regular
3415924,regular
3415924,regular
3415924,regular
3436786,regular
3436786,regular
3415924,regular
3436786,regular
3415924,regular
3415924,regular
3438549,regular
3438549,regular
3438549,regular
3417273,regular
3417273,regular
3417273,regular
3417273,regular
3417273,regular
3417273,regular
3417273,regular
3417273,regular
3417273,regular
3417273,regular
3417273,regular
3417273,regular
3417273,regular
3417273,regular
3417273,regular
3417273,regular
3417273,regular
3417273,regular
3417273,regular
3417273,regular
3417273,regular
3417273,regular
3417273,regular
3417273,regular
3417273,regular
3417273,regular
3417273,regular
3417273,regular
3417273,regular
3417273,regular
3417273,regular
3439245,deviant
3439245,deviant
3439245,deviant
3417273,regular
3417273,regular
3417273,regular
3203647,deviant
3203647,deviant
3203647,deviant
3369205,regular
3369205,regular
3369205,regular
3369205,regular
3369205,regular
3242844,regular
3242844,regular
3242844,regular
3242844,regular
3242844,regular
3242844,regular
3242844,regular
3242844,regular
3265984,regular
3265984,regular
3277343,regular
3451303,regular
3458065,regular
3459043,regular
3459343,regular
3265984,regular
3265984,regular
3265984,regular
3265984,regular
3265984,regular
3265984,regular
3265984,regular
3265984,regular
3265984,regular
3265984,regular
3265984,regular
3265984,regular
3265984,regular
3265984,regular
3265984,regular
3265984,regular
3265984,regular
3265984,regular
3265984,regular
3265984,regular
3265984,regular
3265984,regular
3265984,regular
3265984,regular
3265984,regular
3277343,regular
3277343,regular
3277343,regular
3263480,regular
3445663,regular
3446453,deviant
3447066,deviant
3454558,regular
3454558,regular
3263480,regular
3445663,regular
3445663,regular
3445663,regular
3446453,deviant
3446453,deviant
3446453,deviant
3447066,deviant
3447066,deviant
3447066,deviant
3230988,regular
3334423,regular
3358303,regular
3416968,deviant
3418543,regular
3418543,regular
3453363,regular
3454187,regular
3245307,regular
3247234,regular
3247234,regular
3263480,regular
3263480,regular
3263480,regular
3263480,regular
3308383,regular
3308383,regular
3308383,regular
3308383,regular
3308383,regular
3413463,regular
3415924,regular
3415924,regular
3416968,deviant
3417273,regular
3417273,regular
3446453,deviant
3451303,regular
3459043,regular
3463388,regular
3465209,deviant
3480449,regular
3263480,regular
3263480,regular
3263480,regular
3263480,regular
3263480,regular
3263480,regular
3263480,regular
3263480,regular
3263480,regular
3263480,regular
3263480,regular
3263480,regular
3263480,regular
3263480,regular
3263480,regular
3263480,regular
3263480,regular
3263480,regular
3263480,regular
3263480,regular
3263480,regular
3263480,regular
3263480,regular
3263480,regular
3263480,regular
3263480,regular
3263480,regular
3308383,regular
3308383,regular
3308383,regular
3308383,regular
3308383,regular
3308383,regular
3308383,regular
3308383,regular
3308383,regular
3308383,regular
3308383,regular
3308383,regular
3308383,regular
3308383,regular
3308383,regular
3308383,regular
3308383,regular
3308383,regular
3308383,regular
3308383,regular
3308383,regular
3308383,regular
3308383,regular
3308383,regular
3308383,regular
3308383,regular
3308383,regular
3308383,regular
3451303,regular
3451303,regular
3451303,regular
3245307,regular
3245307,regular
3245307,regular
3245307,regular
3245307,regular
3245307,regular
3245307,regular
3245307,regular
3245307,regular
3245307,regular
3245307,regular
3245307,regular
3245307,regular
3245307,regular
3245307,regular
3245307,regular
3245307,regular
3247234,regular
3247234,regular
3247234,regular
3247234,regular
3247234,regular
3247234,regular
3247234,regular
3247234,regular
3453363,regular
3453363,regular
3453363,regular
3247234,regular
3247234,regular
3247234,regular
3247234,regular
3247234,regular
3247234,regular
3247234,regular
3247234,regular
3247234,regular
3454187,regular
3454187,regular
3454558,regular
3454558,regular
3454558,regular
3210182,regular
3210182,regular
3244891,regular
3244891,regular
3245307,regular
3245307,regular
3246200,regular
3246200,regular
3246200,regular
3246200,regular
3246462,regular
3332863,regular
3332863,regular
3352200,deviant
3352200,deviant
3352200,deviant
3407387,regular
3447066,deviant
3453363,regular
3454558,regular
3458065,regular
3459043,regular
3459343,regular
3466777,regular
3470252,regular
3473243,deviant
3332863,regular
3332863,regular
3332863,regular
3332863,regular
3332863,regular
3332863,regular
3332863,regular
3332863,regular
3332863,regular
3332863,regular
3332863,regular
3332863,regular
3332863,regular
3332863,regular
3332863,regular
3332863,regular
3332863,regular
3332863,regular
3332863,regular
3332863,regular
3332863,regular
3332863,regular
3332863,regular
3242844,regular
3242844,regular
3245307,regular
3245307,regular
3245307,regular
3242844,regular
3210182,regular
3407387,regular
3407387,regular
3407387,regular
3407387,regular
3407387,regular
3210182,regular
3407387,regular
3458065,regular
3458065,regular
3458065,regular
3459043,regular
3459043,regular
3459043,regular
3352200,deviant
3352200,deviant
3352200,deviant
3352200,deviant
3352200,deviant
3352200,deviant
3352200,deviant
3352200,deviant
3352200,deviant
3352200,deviant
3352200,deviant
3352200,deviant
3369205,regular
3369205,regular
3369205,regular
3369205,regular
3369205,regular
3369205,regular
3369205,regular
3369205,regular
3369205,regular
3369205,regular
3369205,regular
3369205,regular
3369205,regular
3369205,regular
3369205,regular
3246200,regular
3246200,regular
3246200,regular
3246200,regular
3246200,regular
3246200,regular
3246200,regular
3246200,regular
3246200,regular
3246200,regular
3246200,regular
3246200,regular
3246200,regular
3246200,regular
3246200,regular
3246200,regular
3246200,regular
3246200,regular
3246200,regular
3246200,regular
3246200,regular
3246200,regular
3246200,regular
3246200,regular
3246200,regular
3246200,regular
3246200,regular
3246462,regular
3247234,regular
3332863,regular
3343781,regular
3369205,regular
3407387,regular
3439245,deviant
3463388,regular
3465209,deviant
3466777,regular
3244891,regular
3244891,regular
3244891,regular
3244891,regular
3244891,regular
3244891,regular
3244891,regular
3244891,regular
3244891,regular
3244891,regular
3244891,regular
3244891,regular
3244891,regular
3244891,regular
3244891,regular
3244891,regular
3244891,regular
3244891,regular
3244891,regular
3244891,regular
3244891,regular
3244891,regular
3244891,regular
3244891,regular
3343781,regular
3343781,regular
3343781,regular
3246200,regular
3463388,regular
3463388,regular
3463388,regular
3244891,regular
3244891,regular
3246462,regular
3246462,regular
3246462,regular
3246462,regular
3246462,regular
3246462,regular
3246462,regular
3246462,regular
3246462,regular
3465209,deviant
3465209,deviant
3465209,deviant
3416968,deviant
3416968,deviant
3416968,deviant
3416968,deviant
3416968,deviant
3416968,deviant
3416968,deviant
3416968,deviant
3416968,deviant
3416968,deviant
3416968,deviant
3416968,deviant
3466777,regular
3466777,regular
3466777,regular
3466777,regular
3466777,regular
3466777,regular
3466777,regular
3466777,regular
3466777,regular
3466777,regular
3466777,regular
3466777,regular
3466777,regular
3466777,regular
3466777,regular
3466777,regular
3466777,regular
3466777,regular
3466777,regular
3466777,regular
3466777,regular
3466777,regular
3466777,regular
3466777,regular
3466777,regular
3466777,regular
3466777,regular
3466777,regular
3466777,regular
3466777,regular
3466777,regular
3466777,regular
3466777,regular
3247234,regular
3247234,regular
3466777,regular
3466777,regular
3466777,regular
3407387,regular
3332863,regular
3332863,regular
3439245,deviant
3470252,regular
3470252,regular
3470252,regular
3439245,deviant
3439245,deviant
3439245,deviant
3336470,regular
3369205,regular
3454187,regular
3470252,regular
3473243,deviant
3485326,regular
3486076,regular
3486617,regular
3486917,regular
3473243,deviant
3473243,deviant
3473243,deviant
3369205,regular
3369205,regular
3242844,regular
3242844,regular
3242844,regular
3336470,regular
3336470,regular
3336470,regular
3336470,regular
3438549,regular
3438549,regular
3439245,deviant
3480449,regular
3480449,regular
3491288,regular
3494283,regular
3242844,regular
3242844,regular
3242844,regular
3242844,regular
3242844,regular
3242844,regular
3242844,regular
3242844,regular
3242844,regular
3242844,regular
3242844,regular
3242844,regular
3438549,regular
3438549,regular
3438549,regular
3438549,regular
3438549,regular
3438549,regular
3438549,regular
3438549,regular
3438549,regular
3438549,regular
3438549,regular
3438549,regular
3438549,regular
3438549,regular
3438549,regular
3438549,regular
3438549,regular
3438549,regular
3438549,regular
3438549,regular
3438549,regular
3438549,regular
3438549,regular
3438549,regular
3438549,regular
3438549,regular
3438549,regular
3438549,regular
3480449,regular
3480449,regular
3480449,regular
3480449,regular
3480449,regular
3480449,regular
3480449,regular
3480449,regular
3480449,regular
3480449,regular
3436786,regular
3436786,regular
3436786,regular
3436786,regular
3436786,regular
3436786,regular
3436786,regular
3436786,regular
3436786,regular
3436786,regular
3436786,regular
3436786,regular
3436786,regular
3436786,regular
3436786,regular
3436786,regular
3436786,regular
3436786,regular
3436786,regular
3436786,regular
3436786,regular
3436786,regular
3436786,regular
3436786,regular
3436786,regular
3436786,regular
3436786,regular
3436786,regular
3203647,deviant
3277343,regular
3415924,regular
3415924,regular
3417273,regular
3417273,regular
3446453,deviant
3447066,deviant
3451303,regular
3458065,regular
3465209,deviant
3490003,regular
3242844,regular
3242844,regular
3252929,deviant
3252929,deviant
3252929,deviant
3265984,regular
3297683,regular
3413463,regular
3436786,regular
3436786,regular
3436786,regular
3438549,regular
3446453,deviant
3447066,deviant
3466777,regular
3466777,regular
3485326,regular
3486076,regular
3486617,regular
3486917,regular
3496164,regular
3503305,regular
3413463,regular
3413463,regular
3413463,regular
3413463,regular
3413463,regular
3413463,regular
3413463,regular
3413463,regular
3413463,regular
3413463,regular
3413463,regular
3413463,regular
3413463,regular
3413463,regular
3413463,regular
3413463,regular
3242844,regular
3242844,regular
3242844,regular
3242844,regular
3242844,regular
3242844,regular
3242844,regular
3413463,regular
3413463,regular
3413463,regular
3413463,regular
3413463,regular
3413463,regular
3413463,regular
3413463,regular
3413463,regular
3265984,regular
3413463,regular
3446453,deviant
3446453,deviant
3446453,deviant
3446453,deviant
3446453,deviant
3446453,deviant
3446453,deviant
3446453,deviant
3446453,deviant
3446453,deviant
3446453,deviant
3447066,deviant
3447066,deviant
3447066,deviant
3447066,deviant
3447066,deviant
3447066,deviant
3447066,deviant
3447066,deviant
3447066,deviant
3447066,deviant
3485326,regular
3485326,regular
3485326,regular
3486076,regular
3486076,regular
3486076,regular
3486617,regular
3486617,regular
3486617,regular
3486917,regular
3486917,regular
3486917,regular
3252929,deviant
3252929,deviant
3252929,deviant
3252929,deviant
3252929,deviant
3252929,deviant
3252929,deviant
3252929,deviant
3252929,deviant
3252929,deviant
3252929,deviant
3252929,deviant
3252929,deviant
3252929,deviant
3252929,deviant
3252929,deviant
3252929,deviant
3252929,deviant
3252929,deviant
3252929,deviant
3252929,deviant
3242844,regular
3242844,regular
3242844,regular
3490003,regular
3490003,regular
3490003,regular
3147171,regular
3218379,deviant
3297683,regular
3336470,regular
3368085,regular
3368085,regular
3416968,deviant
3465209,deviant
3473243,deviant
3486917,regular
3490003,regular
3491288,regular
3494283,regular
3496164,regular
3503305,regular
3491288,regular
3491288,regular
3491288,regular
3494283,regular
3494283,regular
3494283,regular
3336470,regular
3336470,regular
3336470,regular
3336470,regular
3336470,regular
3336470,regular
3336470,regular
3336470,regular
3336470,regular
3336470,regular
3336470,regular
3336470,regular
3336470,regular
3336470,regular
3336470,regular
3336470,regular
3336470,regular
3336470,regular
3336470,regular
3147171,regular
3147171,regular
3147171,regular
3147171,regular
3197901,regular
3197901,regular
3197901,regular
3197901,regular
3265984,regular
3436786,regular
3438549,regular
3439245,deviant
3445663,regular
3445663,regular
3445663,regular
3445663,regular
3465209,deviant
3470252,regular
3470252,regular
3470252,regular
3470252,regular
3473243,deviant
3485326,regular
3491288,regular
3491288,regular
3491288,regular
3491288,regular
3503305,regular
3336470,regular
3336470,regular
3336470,regular
3297683,regular
3297683,regular
3297683,regular
3297683,regular
3297683,regular
3297683,regular
3297683,regular
3297683,regular
3297683,regular
3297683,regular
3297683,regular
3297683,regular
3297683,regular
3297683,regular
3297683,regular
3297683,regular
3297683,regular
3297683,regular
3297683,regular
3297683,regular
3297683,regular
3297683,regular
3297683,regular
3297683,regular
3147171,regular
3147171,regular
3147171,regular
3147171,regular
3197901,regular
3197901,regular
3197901,regular
3197901,regular
3197901,regular
3197901,regular
3197901,regular
3197901,regular
3197901,regular
3197901,regular
3197901,regular
3197901,regular
3197901,regular
3197901,regular
3197901,regular
3197901,regular
3197901,regular
3197901,regular
3197901,regular
3197901,regular
3147171,regular
3147171,regular
3147171,regular
3147171,regular
3147171,regular
3147171,regular
3147171,regular
3147171,regular
3147171,regular
3147171,regular
3147171,regular
3147171,regular
3147171,regular
3147171,regular
3147171,regular
3147171,regular
3147171,regular
3147171,regular
3147171,regular
3147171,regular
3147171,regular
3147171,regular
3147171,regular
3465209,deviant
3465209,deviant
3465209,deviant
3465209,deviant
3465209,deviant
3465209,deviant
3465209,deviant
3465209,deviant
3465209,deviant
3465209,deviant
3465209,deviant
3473243,deviant
3473243,deviant
3473243,deviant
3473243,deviant
3473243,deviant
3473243,deviant
3473243,deviant
3473243,deviant
3473243,deviant
3473243,deviant
3473243,deviant
3147171,regular
3147171,regular
3485326,regular
3485326,regular
3485326,regular
3470252,regular
3470252,regular
3470252,regular
3470252,regular
3470252,regular
3470252,regular
3470252,regular
3470252,regular
3470252,regular
3470252,regular
3470252,regular
3470252,regular
3470252,regular
3470252,regular
3470252,regular
3470252,regular
3470252,regular
3470252,regular
3470252,regular
3470252,regular
3265984,regular
3265984,regular
3265984,regular
3436786,regular
3436786,regular
3503305,regular
3503305,regular
3503305,regular
3438549,regular
3438549,regular
3470252,regular
3470252,regular
3470252,regular
3470252,regular
3470252,regular
3470252,regular
3470252,regular
3470252,regular
3470252,regular
3470252,regular
3470252,regular
3470252,regular
3470252,regular
3470252,regular
3470252,regular
3491288,regular
3491288,regular
3491288,regular
3491288,regular
3491288,regular
3491288,regular
3491288,regular
3491288,regular
3491288,regular
3491288,regular
3491288,regular
3491288,regular
3491288,regular
3491288,regular
3491288,regular
3491288,regular
3491288,regular
3491288,regular
3491288,regular
3491288,regular
3491288,regular
3491288,regular
3491288,regular
3491288,regular
3491288,regular
3491288,regular
3491288,regular
3491288,regular
3491288,regular
3445663,regular
3445663,regular
3445663,regular
3445663,regular
3445663,regular
3445663,regular
3445663,regular
3445663,regular
3445663,regular
3445663,regular
3445663,regular
3445663,regular
3445663,regular
3445663,regular
3445663,regular
3445663,regular
3445663,regular
3445663,regular
3445663,regular
3445663,regular
3445663,regular
3445663,regular
3445663,regular
3445663,regular
3445663,regular
3445663,regular
3445663,regular
3445663,regular
3445663,regular
3218379,deviant
3510508,regular
3218379,deviant
3218379,deviant
3218379,deviant
3218379,deviant
3218379,deviant
3218379,deviant
3218379,deviant
3218379,deviant
3218379,deviant
3218379,deviant
3218379,deviant
3218379,deviant
3218379,deviant
3218379,deviant
3218379,deviant
3218379,deviant
3218379,deviant
3218379,deviant
3218379,deviant
3218379,deviant
3218379,deviant
3218379,deviant
3416968,deviant
3416968,deviant
3416968,deviant
3416968,deviant
3416968,deviant
3416968,deviant
3416968,deviant
3416968,deviant
3416968,deviant
3416968,deviant
3416968,deviant
3416968,deviant
3416968,deviant
3416968,deviant
3416968,deviant
3416968,deviant
3416968,deviant
3416968,deviant
3416968,deviant
3416968,deviant
3416968,deviant
3416968,deviant
3416968,deviant
3416968,deviant
3416968,deviant
3218379,deviant
3451303,regular
3459043,regular
3510508,regular
3510508,regular
3459043,regular
3459043,regular
3459043,regular
3459043,regular
3459043,regular
3459043,regular
3459043,regular
3218379,deviant
3218379,deviant
3218379,deviant
3451303,regular
3451303,regular
3451303,regular
3451303,regular
3451303,regular
3451303,regular
3510508,regular
3510508,regular
3510508,regular
3510508,regular
3510508,regular
3510508,regular
3510508,regular
3510508,regular
3510508,regular
3510508,regular
3510508,regular
3510508,regular
3510508,regular
3510508,regular
3510508,regular
3147171,regular
3265984,regular
3436786,regular
3438549,regular
3466777,regular
3466777,regular
3473243,deviant
3485326,regular
3490003,regular
3494283,regular
3516951,deviant
3252929,deviant
3252929,deviant
3516951,deviant
3540506,regular
3283264,regular
3283264,regular
3283264,regular
3283264,regular
3283264,regular
3283264,regular
3283264,regular
3423048,regular
3516951,deviant
3283264,regular
3283264,regular
3283264,regular
3283264,regular
3283264,regular
3283264,regular
3283264,regular
3283264,regular
3283264,regular
3283264,regular
3283264,regular
3283264,regular
3283264,regular
3283264,regular
3283264,regular
3283264,regular
3283264,regular
3283264,regular
3283264,regular
3283264,regular
3283264,regular
3283264,regular
3283264,regular
3283264,regular
3283264,regular
3283264,regular
3283264,regular
3516951,deviant
3516951,deviant
3516951,deviant
3343781,regular
3453363,regular
3454558,regular
3454558,regular
3486076,regular
3510508,regular
3510508,regular
3521263,regular
3510508,regular
3510508,regular
3510508,regular
3510508,regular
3510508,regular
3510508,regular
3510508,regular
3510508,regular
3510508,regular
3510508,regular
3510508,regular
3510508,regular
3510508,regular
3510508,regular
3510508,regular
3510508,regular
3510508,regular
3510508,regular
3510508,regular
3454558,regular
3454558,regular
3454558,regular
3510508,regular
3454558,regular
3454558,regular
3454558,regular
3454558,regular
3454558,regular
3454558,regular
3454558,regular
3454558,regular
3454558,regular
3454558,regular
3454558,regular
3454558,regular
3343781,regular
3343781,regular
3343781,regular
3510508,regular
3510508,regular
3343781,regular
3343781,regular
3343781,regular
3343781,regular
3343781,regular
3343781,regular
3454558,regular
3454558,regular
3454558,regular
3454558,regular
3454558,regular
3454558,regular
3454558,regular
3454558,regular
3521263,regular
3521263,regular
3521263,regular
3521263,regular
3198296,regular
3198296,regular
3344486,deviant
3531403,regular
3465209,deviant
3465209,deviant
3465209,deviant
3465209,deviant
3198296,regular
3198296,regular
3198296,regular
3198296,regular
3198296,regular
3198296,regular
3198296,regular
3198296,regular
3198296,regular
3198296,regular
3198296,regular
3198296,regular
3198296,regular
3198296,regular
3198296,regular
3198296,regular
3198296,regular
3198296,regular
3198296,regular
3198296,regular
3198296,regular
3198296,regular
3198296,regular
3198296,regular
3198296,regular
3198296,regular
3198296,regular
3531883,regular
3283264,regular
3470252,regular
3470252,regular
3503305,regular
3510508,regular
3516951,deviant
3534413,regular
3297683,regular
3336470,regular
3416968,deviant
3521263,regular
3533503,regular
3534850,regular
3535471,deviant
3198296,regular
3198296,regular
3198296,regular
3198296,regular
3198296,regular
3198296,regular
3198296,regular
3198296,regular
3336470,regular
3486076,regular
3486076,regular
3494283,regular
3535154,regular
3198296,regular
3198296,regular
3198296,regular
3198296,regular
3198296,regular
3198296,regular
3198296,regular
3198296,regular
3198296,regular
3198296,regular
3198296,regular
3198296,regular
3198296,regular
3198296,regular
3197901,regular
3297683,regular
3413463,regular
3416968,deviant
3416968,deviant
3453363,regular
3486076,regular
3486076,regular
3486617,regular
3531403,regular
3531883,regular
3533503,regular
3534413,regular
3534850,regular
3535154,regular
3535471,deviant
3542069,regular
3197901,regular
3197901,regular
3197901,regular
3197901,regular
3197901,regular
3197901,regular
3197901,regular
3197901,regular
3197901,regular
3197901,regular
3197901,regular
3197901,regular
3197901,regular
3197901,regular
3197901,regular
3197901,regular
3197901,regular
3197901,regular
3197901,regular
3197901,regular
3531883,regular
3531883,regular
3531883,regular
3531403,regular
3531403,regular
3531403,regular
3533503,regular
3533503,regular
3533503,regular
3534413,regular
3534413,regular
3534413,regular
3534850,regular
3534850,regular
3534850,regular
3213633,deviant
3213633,deviant
3535154,regular
3535154,regular
3535154,regular
3535471,deviant
3535471,deviant
3535471,deviant
3352200,deviant
3352200,deviant
3486076,regular
3486076,regular
3486076,regular
3486076,regular
3486076,regular
3336470,regular
3336470,regular
3336470,regular
3416968,deviant
3416968,deviant
3297683,regular
3297683,regular
3297683,regular
3297683,regular
3486076,regular
3486076,regular
3486076,regular
3453363,regular
3453363,regular
3453363,regular
3453363,regular
3453363,regular
3453363,regular
3453363,regular
3453363,regular
3453363,regular
3453363,regular
3453363,regular
3453363,regular
3453363,regular
3453363,regular
3453363,regular
3453363,regular
3453363,regular
3453363,regular
3453363,regular
3453363,regular
3453363,regular
3453363,regular
3252929,deviant
3252929,deviant
3252929,deviant
3252929,deviant
3252929,deviant
3252929,deviant
3197901,regular
3197901,regular
3540506,regular
3551832,regular
3197901,regular
3197901,regular
3485326,regular
3485326,regular
3485326,regular
3486617,regular
3486617,regular
3035150,regular
3035150,regular
3035150,regular
3035150,regular
3035150,regular
3035150,regular
3035150,regular
3035150,regular
3035150,regular
3035150,regular
3035150,regular
3035150,regular
3035150,regular
3035150,regular
3035150,regular
3035150,regular
3035150,regular
3035150,regular
3035150,regular
3035150,regular
3035150,regular
3035150,regular
3035150,regular
3035150,regular
3035150,regular
3035150,regular
3035150,regular
3540506,regular
3542069,regular
3544135,regular
3540506,regular
3540506,regular
3540506,regular
3542069,regular
3542069,regular
3542069,regular
3451303,regular
3451303,regular
3451303,regular
3451303,regular
3451303,regular
3451303,regular
3451303,regular
3451303,regular
3451303,regular
3451303,regular
3451303,regular
3451303,regular
3451303,regular
3451303,regular
3451303,regular
3451303,regular
3451303,regular
3451303,regular
3451303,regular
3451303,regular
3451303,regular
3423048,regular
3510508,regular
3521263,regular
3535154,regular
3544135,regular
3451303,regular
3035150,regular
3035150,regular
3035150,regular
3544135,regular
3544135,regular
3544135,regular
3343781,regular
3343781,regular
3343781,regular
3343781,regular
3343781,regular
3343781,regular
3343781,regular
3343781,regular
3343781,regular
3343781,regular
3343781,regular
3343781,regular
3343781,regular
3343781,regular
3343781,regular
3343781,regular
3343781,regular
3343781,regular
3451303,regular
3453363,regular
3531403,regular
3533503,regular
3534850,regular
3535471,deviant
3535471,deviant
3557550,regular
3494283,regular
3494283,regular
3494283,regular
3494283,regular
3494283,regular
3494283,regular
3494283,regular
3494283,regular
3494283,regular
3494283,regular
3494283,regular
3494283,regular
3494283,regular
3494283,regular
3494283,regular
3494283,regular
3494283,regular
3494283,regular
3494283,regular
3494283,regular
3494283,regular
3494283,regular
3494283,regular
3494283,regular
3494283,regular
3494283,regular
3494283,regular
3343781,regular
3343781,regular
3343781,regular
3535471,deviant
3535471,deviant
3535471,deviant
3535471,deviant
3535471,deviant
3535471,deviant
3535471,deviant
3535471,deviant
3535471,deviant
3535471,deviant
3535471,deviant
3534850,regular
3534850,regular
3534850,regular
3534850,regular
3534850,regular
3533503,regular
3533503,regular
3533503,regular
3533503,regular
3533503,regular
3531403,regular
3531403,regular
3531403,regular
3531403,regular
3531403,regular
3531403,regular
3344486,deviant
3416968,deviant
3451303,regular
3344486,deviant
3344486,deviant
3344486,deviant
3344486,deviant
3344486,deviant
3344486,deviant
3344486,deviant
3344486,deviant
3344486,deviant
3344486,deviant
3344486,deviant
3344486,deviant
3344486,deviant
3344486,deviant
3344486,deviant
3344486,deviant
3344486,deviant
3344486,deviant
3344486,deviant
3344486,deviant
3344486,deviant
3344486,deviant
3344486,deviant
3344486,deviant
3344486,deviant
3344486,deviant
3344486,deviant
3344486,deviant
3344486,deviant
3344486,deviant
3344486,deviant
3344486,deviant
3344486,deviant
3344486,deviant
3344486,deviant
3451303,regular
3451303,regular
3344486,deviant
3090877,regular
3090877,regular
3344486,deviant
3344486,deviant
3354551,regular
3354551,regular
3354551,regular
3354551,regular
3486617,regular
3486617,regular
3486617,regular
3486617,regular
3557550,regular
3564990,deviant
3354551,regular
3354551,regular
3354551,regular
3354551,regular
3354551,regular
3354551,regular
3354551,regular
3354551,regular
3354551,regular
3354551,regular
3354551,regular
3354551,regular
3354551,regular
3354551,regular
3354551,regular
3354551,regular
3354551,regular
3354551,regular
3354551,regular
3354551,regular
3354551,regular
3354551,regular
3354551,regular
3354551,regular
3354551,regular
3354551,regular
3344486,deviant
3344486,deviant
3557550,regular
3557550,regular
3557550,regular
3486617,regular
3486617,regular
3486617,regular
3486617,regular
3486617,regular
3486617,regular
3368085,regular
3368085,regular
3368085,regular
3368085,regular
3354551,regular
3535154,regular
3535154,regular
3535154,regular
3569183,regular
3354551,regular
3354551,regular
3197901,regular
3297683,regular
3336470,regular
3343781,regular
3453363,regular
3531403,regular
3531883,regular
3533503,regular
3534850,regular
3535471,deviant
3540506,regular
3542069,regular
3566903,regular
3298839,regular
3298839,regular
3298839,regular
3534413,regular
3564990,deviant
3566903,regular
3567705,regular
3567705,regular
3576349,regular
3577509,regular
3298839,regular
3298839,regular
3298839,regular
3298839,regular
3298839,regular
3298839,regular
3298839,regular
3298839,regular
3298839,regular
3298839,regular
3298839,regular
3298839,regular
3298839,regular
3298839,regular
3298839,regular
3298839,regular
3298839,regular
3298839,regular
3298839,regular
3298839,regular
3298839,regular
3298839,regular
3298839,regular
3298839,regular
3298839,regular
3298839,regular
3298839,regular
3298839,regular
3298839,regular
3298839,regular
3298839,regular
3298839,regular
3298839,regular
3298839,regular
3298839,regular
3298839,regular
3534413,regular
3534413,regular
3534413,regular
3534413,regular
3534413,regular
3413463,regular
3413463,regular
3413463,regular
3413463,regular
3413463,regular
3413463,regular
3413463,regular
3413463,regular
3413463,regular
3413463,regular
3413463,regular
3413463,regular
3413463,regular
3413463,regular
3564990,deviant
3564990,deviant
3564990,deviant
3368085,regular
3368085,regular
3368085,regular
3368085,regular
3368085,regular
3368085,regular
3368085,regular
3368085,regular
3368085,regular
3368085,regular
3368085,regular
3368085,regular
3368085,regular
3368085,regular
3368085,regular
3368085,regular
3566903,regular
3566903,regular
3566903,regular
3567705,regular
3567705,regular
3567705,regular
3567705,regular
3298839,regular
3298839,regular
3413463,regular
3413463,regular
3494283,regular
3494283,regular
3516951,deviant
3531883,regular
3569183,regular
3516951,deviant
3516951,deviant
3516951,deviant
3516951,deviant
3516951,deviant
3516951,deviant
3516951,deviant
3516951,deviant
3516951,deviant
3516951,deviant
3516951,deviant
3516951,deviant
3569183,regular
3569183,regular
3569183,regular
3413463,regular
3413463,regular
3298839,regular
3298839,regular
3494283,regular
3368085,regular
3368085,regular
3368085,regular
3368085,regular
3368085,regular
3494283,regular
3494283,regular
3531883,regular
3531883,regular
3531883,regular
3531883,regular
3531883,regular
3531883,regular
3531883,regular
3531883,regular
3531883,regular
3531883,regular
3090877,regular
3090877,regular
3368085,regular
3368085,regular
3423048,regular
3423048,regular
3423048,regular
3454187,regular
3454187,regular
3454187,regular
3485326,regular
3535154,regular
3576349,regular
3577509,regular
3577509,regular
3582443,regular
3589443,regular
3465209,deviant
3465209,deviant
3465209,deviant
3465209,deviant
3465209,deviant
3465209,deviant
3465209,deviant
3465209,deviant
3465209,deviant
3465209,deviant
3465209,deviant
3465209,deviant
3465209,deviant
3465209,deviant
3465209,deviant
3465209,deviant
3465209,deviant
3465209,deviant
3465209,deviant
3465209,deviant
3465209,deviant
3465209,deviant
3423048,regular
3423048,regular
3423048,regular
3423048,regular
3423048,regular
3423048,regular
3423048,regular
3423048,regular
3423048,regular
3423048,regular
3423048,regular
3423048,regular
3423048,regular
3423048,regular
3423048,regular
3423048,regular
3473243,deviant
3473243,deviant
3473243,deviant
3473243,deviant
3576349,regular
3576349,regular
3503305,regular
3503305,regular
3503305,regular
3576349,regular
3540506,regular
3540506,regular
3453363,regular
3453363,regular
3577509,regular
3577509,regular
3577509,regular
3521263,regular
3521263,regular
3521263,regular
3521263,regular
3485326,regular
3485326,regular
3485326,regular
3485326,regular
3485326,regular
3485326,regular
3485326,regular
3485326,regular
3485326,regular
3485326,regular
3485326,regular
3485326,regular
3485326,regular
3485326,regular
3485326,regular
3485326,regular
3485326,regular
3485326,regular
3485326,regular
3485326,regular
3485326,regular
3485326,regular
3485326,regular
3535154,regular
3535154,regular
3535154,regular
3535154,regular
3535154,regular
3090877,regular
3090877,regular
3090877,regular
3090877,regular
3090877,regular
3090877,regular
3090877,regular
3090877,regular
3090877,regular
3090877,regular
3090877,regular
3090877,regular
3090877,regular
3090877,regular
3090877,regular
3090877,regular
3090877,regular
3090877,regular
3368085,regular
3090877,regular
3090877,regular
3368085,regular
3090877,regular
3090877,regular
3090877,regular
3090877,regular
3090877,regular
3090877,regular
3090877,regular
3090877,regular
3368085,regular
3368085,regular
3535154,regular
3535154,regular
3535154,regular
3459043,regular
3459043,regular
3459043,regular
3459043,regular
3459043,regular
3459043,regular
3459043,regular
3459043,regular
3459043,regular
3459043,regular
3459043,regular
3459043,regular
3459043,regular
3459043,regular
3459043,regular
3459043,regular
3459043,regular
3459043,regular
3459043,regular
3459043,regular
3459043,regular
3540506,regular
3540506,regular
3540506,regular
3540506,regular
3540506,regular
3540506,regular
3540506,regular
3540506,regular
3540506,regular
3540506,regular
3540506,regular
3540506,regular
3540506,regular
3540506,regular
3540506,regular
3540506,regular
3540506,regular
3540506,regular
3540506,regular
3540506,regular
3540506,regular
3540506,regular
3540506,regular
3540506,regular
3540506,regular
3540506,regular
3454187,regular
3454187,regular
3454187,regular
3454187,regular
3454187,regular
3454187,regular
3454187,regular
3454187,regular
3454187,regular
3454187,regular
3454187,regular
3454187,regular
3454187,regular
3454187,regular
3454187,regular
3454187,regular
3454187,regular
3454187,regular
3454187,regular
3454187,regular
3454187,regular
3454187,regular
3454187,regular
3454187,regular
3454187,regular
3454187,regular
3454187,regular
3454187,regular
3454187,regular
3097839,regular
3453363,regular
3453363,regular
3459043,regular
3459043,regular
3485326,regular
3485326,regular
3540506,regular
3540506,regular
3557550,regular
3557550,regular
3557550,regular
3557550,regular
3582443,regular
3596955,regular
3446453,deviant
3446453,deviant
3446453,deviant
3446453,deviant
3447066,deviant
3447066,deviant
3447066,deviant
3447066,deviant
3453363,regular
3453363,regular
3453363,regular
3557550,regular
3557550,regular
3557550,regular
3557550,regular
3557550,regular
3453363,regular
3453363,regular
3453363,regular
3453363,regular
3453363,regular
3453363,regular
3453363,regular
3453363,regular
3453363,regular
3453363,regular
3453363,regular
3453363,regular
3582443,regular
3582443,regular
3557550,regular
3557550,regular
3557550,regular
3557550,regular
3557550,regular
3557550,regular
3557550,regular
3557550,regular
3557550,regular
3557550,regular
3557550,regular
3557550,regular
3557550,regular
3557550,regular
3557550,regular
3557550,regular
3557550,regular
3557550,regular
3582443,regular
3557550,regular
3557550,regular
3557550,regular
3557550,regular
3557550,regular
3557550,regular
3453363,regular
3485326,regular
3459043,regular
3459043,regular
3439245,deviant
3439245,deviant
3439245,deviant
3439245,deviant
3439245,deviant
3439245,deviant
3439245,deviant
3439245,deviant
3439245,deviant
3439245,deviant
3453363,regular
3557550,regular
3540506,regular
3097839,regular
3097839,regular
3097839,regular
3097839,regular
3097839,regular
3097839,regular
3097839,regular
3097839,regular
3097839,regular
3097839,regular
3097839,regular
3097839,regular
3097839,regular
3097839,regular
3097839,regular
3097839,regular
3097839,regular
3097839,regular
3097839,regular
3097839,regular
3097839,regular
3097839,regular
3097839,regular
3097839,regular
3576349,regular
3600326,regular
3298839,regular
3413463,regular
3451303,regular
3494283,regular
3557550,regular
3564990,deviant
3090877,regular
3516951,deviant
3589443,regular
3599099,regular
3602947,regular
3604764,deviant
3589443,regular
3589443,regular
3589443,regular
3503305,regular
3503305,regular
3503305,regular
3503305,regular
3503305,regular
3503305,regular
3503305,regular
3503305,regular
3503305,regular
3503305,regular
3503305,regular
3503305,regular
3503305,regular
3503305,regular
3503305,regular
3503305,regular
3503305,regular
3503305,regular
3503305,regular
3503305,regular
3503305,regular
3503305,regular
3503305,regular
3503305,regular
3503305,regular
3465209,deviant
3446453,deviant
3446453,deviant
3447066,deviant
3447066,deviant
3465209,deviant
3503305,regular
3521263,regular
3596955,regular
3597315,regular
3599099,regular
3600326,regular
3602947,regular
3607643,regular
3613834,regular
3576349,regular
3576349,regular
3576349,regular
3576349,regular
3521263,regular
3521263,regular
3521263,regular
3521263,regular
3521263,regular
3521263,regular
3521263,regular
3521263,regular
3521263,regular
3521263,regular
3521263,regular
3521263,regular
3521263,regular
3521263,regular
3521263,regular
3521263,regular
3521263,regular
3521263,regular
3521263,regular
3521263,regular
3521263,regular
3521263,regular
3521263,regular
3521263,regular
3534850,regular
3534850,regular
3534850,regular
3534850,regular
3534850,regular
3534850,regular
3597315,regular
3597315,regular
3597315,regular
3534850,regular
3596955,regular
3596955,regular
3596955,regular
3531403,regular
3531403,regular
3531403,regular
3531403,regular
3531403,regular
3531403,regular
3531403,regular
3531403,regular
3531403,regular
3531403,regular
3531403,regular
3531403,regular
3531403,regular
3531403,regular
3531403,regular
3531403,regular
3531403,regular
3531403,regular
3531403,regular
3531403,regular
3531403,regular
3599099,regular
3599099,regular
3599099,regular
3600326,regular
3600326,regular
3600326,regular
3516951,deviant
3328387,regular
3328387,regular
3328387,regular
3352200,deviant
3465209,deviant
3486917,regular
3503305,regular
3521263,regular
3602947,regular
3604764,deviant
3610823,deviant
3611083,regular
3352200,deviant
3352200,deviant
3352200,deviant
3352200,deviant
3352200,deviant
3352200,deviant
3352200,deviant
3352200,deviant
3352200,deviant
3352200,deviant
3352200,deviant
3352200,deviant
3352200,deviant
3352200,deviant
3352200,deviant
3352200,deviant
3352200,deviant
3352200,deviant
3352200,deviant
3352200,deviant
3352200,deviant
3352200,deviant
3503305,regular
3503305,regular
3352200,deviant
3602947,regular
3602947,regular
3602947,regular
3604764,deviant
3604764,deviant
3604764,deviant
3465209,deviant
3465209,deviant
3521263,regular
3521263,regular
3534850,regular
3534850,regular
3534850,regular
3534850,regular
3534850,regular
3534850,regular
3534850,regular
3534850,regular
3534850,regular
3534850,regular
3534850,regular
3534850,regular
3534850,regular
3534850,regular
3534850,regular
3328387,regular
3328387,regular
3328387,regular
3328387,regular
3328387,regular
3328387,regular
3328387,regular
3328387,regular
3328387,regular
3328387,regular
3328387,regular
3328387,regular
3328387,regular
3328387,regular
3328387,regular
3328387,regular
3328387,regular
3328387,regular
3328387,regular
3328387,regular
3328387,regular
3328387,regular
3328387,regular
3328387,regular
3328387,regular
3328387,regular
3328387,regular
3328387,regular
3328387,regular
3328387,regular
3328387,regular
3328387,regular
3328387,regular
3486917,regular
3486917,regular
3486917,regular
3531403,regular
3576349,regular
3607643,regular
3612311,regular
3618655,regular
3607643,regular
3607643,regular
3576349,regular
3576349,regular
3576349,regular
3576349,regular
3576349,regular
3576349,regular
3576349,regular
3576349,regular
3576349,regular
3576349,regular
3576349,regular
3576349,regular
3576349,regular
3576349,regular
3576349,regular
3576349,regular
3576349,regular
3576349,regular
3576349,regular
3576349,regular
3607643,regular
3576349,regular
3576349,regular
3576349,regular
3576349,regular
3486917,regular
3486917,regular
3486917,regular
3486917,regular
3486917,regular
3486917,regular
3486917,regular
3486917,regular
3458065,regular
3602947,regular
3610823,deviant
3611083,regular
3612311,regular
3613834,regular
3458065,regular
3458065,regular
3610823,deviant
3610823,deviant
3610823,deviant
3458065,regular
3458065,regular
3611083,regular
3611083,regular
3458065,regular
3458065,regular
3458065,regular
3611083,regular
3611083,regular
3612311,regular
3612311,regular
3612311,regular
3458065,regular
3458065,regular
3458065,regular
3458065,regular
3458065,regular
3613834,regular
3613834,regular
3368085,regular
3459043,regular
3576349,regular
3582443,regular
3589443,regular
3600326,regular
3610823,deviant
3622729,regular
3623115,regular
3328387,regular
3531403,regular
3533503,regular
3534850,regular
3618655,regular
3620524,regular
3622313,regular
3531403,regular
3533503,regular
3533503,regular
3533503,regular
3533503,regular
3533503,regular
3533503,regular
3533503,regular
3533503,regular
3533503,regular
3533503,regular
3533503,regular
3533503,regular
3533503,regular
3533503,regular
3533503,regular
3533503,regular
3533503,regular
3533503,regular
3533503,regular
3533503,regular
3533503,regular
3533503,regular
3531403,regular
3533503,regular
3618655,regular
3618655,regular
3618655,regular
3473243,deviant
3473243,deviant
3473243,deviant
3473243,deviant
3473243,deviant
3473243,deviant
3473243,deviant
3473243,deviant
3473243,deviant
3473243,deviant
3473243,deviant
3473243,deviant
3473243,deviant
3473243,deviant
3473243,deviant
3473243,deviant
3473243,deviant
3473243,deviant
3473243,deviant
3473243,deviant
3473243,deviant
3473243,deviant
3473243,deviant
3328387,regular
3533503,regular
3534850,regular
3613834,regular
3613834,regular
3613834,regular
3620524,regular
3622313,regular
3622729,regular
3623115,regular
3627843,regular
3612311,regular
3612311,regular
3612311,regular
3612311,regular
3612311,regular
3612311,regular
3612311,regular
3612311,regular
3612311,regular
3612311,regular
3612311,regular
3612311,regular
3612311,regular
3612311,regular
3612311,regular
3612311,regular
3612311,regular
3612311,regular
3612311,regular
3612311,regular
3612311,regular
3612311,regular
3612311,regular
3612311,regular
3612311,regular
3612311,regular
3612311,regular
3620524,regular
3620524,regular
3620524,regular
3622729,regular
3622729,regular
3622729,regular
3623115,regular
3623115,regular
3623115,regular
3533503,regular
3533503,regular
3328387,regular
3328387,regular
3328387,regular
3534850,regular
3534850,regular
3613834,regular
3613834,regular
3613834,regular
3613834,regular
3613834,regular
3613834,regular
3613834,regular
3613834,regular
3613834,regular
3613834,regular
3613834,regular
3613834,regular
3613834,regular
3613834,regular
3613834,regular
3613834,regular
3613834,regular
3613834,regular
3613834,regular
3613834,regular
3613834,regular
3613834,regular
3613834,regular
3613834,regular
3613834,regular
3613834,regular
3613834,regular
3613834,regular
3613834,regular
3613834,regular
3613834,regular
3352200,deviant
3473243,deviant
3564990,deviant
3635413,regular
3636284,regular
3637517,regular
3423048,regular
3423048,regular
3423048,regular
3423048,regular
3423048,regular
3423048,regular
3423048,regular
3423048,regular
3423048,regular
3423048,regular
3423048,regular
3423048,regular
3423048,regular
3423048,regular
3423048,regular
3423048,regular
3423048,regular
3423048,regular
3423048,regular
3564990,deviant
3564990,deviant
3564990,deviant
3564990,deviant
3564990,deviant
3564990,deviant
3564990,deviant
3564990,deviant
3564990,deviant
3564990,deviant
3564990,deviant
3564990,deviant
3352200,deviant
3439245,deviant
3473243,deviant
3577509,regular
3577509,regular
3627843,regular
3632391,regular
3632980,regular
3638422,regular
3638835,regular
3639276,regular
3577509,regular
3577509,regular
3577509,regular
3577509,regular
3577509,regular
3577509,regular
3577509,regular
3577509,regular
3577509,regular
3577509,regular
3577509,regular
3577509,regular
3577509,regular
3577509,regular
3577509,regular
3577509,regular
3577509,regular
3577509,regular
3577509,regular
3577509,regular
3577509,regular
3577509,regular
3577509,regular
3577509,regular
3577509,regular
3577509,regular
3577509,regular
3577509,regular
3439245,deviant
3439245,deviant
3439245,deviant
3439245,deviant
3439245,deviant
3439245,deviant
3439245,deviant
3439245,deviant
3439245,deviant
3439245,deviant
3439245,deviant
3439245,deviant
3439245,deviant
3439245,deviant
3439245,deviant
3439245,deviant
3439245,deviant
3439245,deviant
3439245,deviant
3439245,deviant
3439245,deviant
3439245,deviant
3439245,deviant
3439245,deviant
3439245,deviant
3439245,deviant
3439245,deviant
3439245,deviant
3627843,regular
3627843,regular
3627843,regular
3473243,deviant
3352200,deviant
3352200,deviant
3577509,regular
3610823,deviant
3610823,deviant
3610823,deviant
3610823,deviant
3272643,regular
3439245,deviant
3610823,deviant
3632391,regular
3632980,regular
3637921,regular
3610823,deviant
3610823,deviant
3610823,deviant
3610823,deviant
3610823,deviant
3610823,deviant
3439245,deviant
3632391,regular
3632391,regular
3632391,regular
3632980,regular
3632980,regular
3632980,regular
3465209,deviant
3503305,regular
3521263,regular
3533503,regular
3599099,regular
3604764,deviant
3607643,regular
3611083,regular
3612311,regular
3613834,regular
3613834,regular
3620524,regular
3622313,regular
3566903,regular
3566903,regular
3566903,regular
3567705,regular
3582443,regular
3604764,deviant
3604764,deviant
3635413,regular
3636284,regular
3637517,regular
3637921,regular
3638422,regular
3638835,regular
3639276,regular
3645890,regular
3604764,deviant
3604764,deviant
3604764,deviant
3604764,deviant
3604764,deviant
3604764,deviant
3604764,deviant
3604764,deviant
3604764,deviant
3604764,deviant
3604764,deviant
3635413,regular
3635413,regular
3635413,regular
3604764,deviant
3496164,regular
3496164,regular
3496164,regular
3496164,regular
3496164,regular
3496164,regular
3496164,regular
3496164,regular
3496164,regular
3496164,regular
3496164,regular
3496164,regular
3496164,regular
3496164,regular
3496164,regular
3496164,regular
3496164,regular
3496164,regular
3496164,regular
3496164,regular
3496164,regular
3496164,regular
3496164,regular
3496164,regular
3496164,regular
3496164,regular
3496164,regular
3496164,regular
3496164,regular
3496164,regular
3496164,regular
3496164,regular
3496164,regular
3496164,regular
3496164,regular
3636284,regular
3636284,regular
3636284,regular
3566903,regular
3566903,regular
3566903,regular
3566903,regular
3566903,regular
3566903,regular
3566903,regular
3566903,regular
3566903,regular
3566903,regular
3566903,regular
3566903,regular
3566903,regular
3566903,regular
3566903,regular
3566903,regular
3566903,regular
3566903,regular
3566903,regular
3566903,regular
3566903,regular
3566903,regular
3566903,regular
3566903,regular
3566903,regular
3566903,regular
3566903,regular
3637517,regular
3637517,regular
3566903,regular
3637517,regular
3566903,regular
3566903,regular
3637921,regular
3637921,regular
3637921,regular
3582443,regular
3582443,regular
3582443,regular
3638422,regular
3638422,regular
3638422,regular
3638835,regular
3638835,regular
3638835,regular
3639276,regular
3639276,regular
3639276,regular
3567705,regular
3567705,regular
3567705,regular
3567705,regular
3567705,regular
3567705,regular
3567705,regular
3567705,regular
3567705,regular
3567705,regular
3567705,regular
3567705,regular
3567705,regular
3567705,regular
3567705,regular
3567705,regular
3567705,regular
3567705,regular
3567705,regular
3567705,regular
3567705,regular
3567705,regular
3567705,regular
3567705,regular
3567705,regular
3567705,regular
3567705,regular
3446453,deviant
3447066,deviant
3447066,deviant
3490003,regular
3490003,regular
3589443,regular
3589443,regular
3589443,regular
3589443,regular
3589443,regular
3599099,regular
3599099,regular
3599099,regular
3623115,regular
3623115,regular
3623115,regular
3623115,regular
3623115,regular
3623115,regular
3632980,regular
3632980,regular
3632980,regular
3632980,regular
3632980,regular
3632980,regular
3646526,regular
3647766,regular
3651836,regular
3589443,regular
3589443,regular
3599099,regular
3599099,regular
3599099,regular
3599099,regular
3599099,regular
3599099,regular
3599099,regular
3599099,regular
3599099,regular
3599099,regular
3599099,regular
3599099,regular
3599099,regular
3599099,regular
3599099,regular
3599099,regular
3599099,regular
3599099,regular
3599099,regular
3599099,regular
3599099,regular
3599099,regular
3599099,regular
3599099,regular
3599099,regular
3599099,regular
3599099,regular
3623115,regular
3623115,regular
3623115,regular
3623115,regular
3623115,regular
3623115,regular
3623115,regular
3623115,regular
3623115,regular
3623115,regular
3623115,regular
3623115,regular
3623115,regular
3623115,regular
3623115,regular
3623115,regular
3623115,regular
3623115,regular
3623115,regular
3623115,regular
3623115,regular
3623115,regular
3623115,regular
3623115,regular
3623115,regular
3623115,regular
3623115,regular
3623115,regular
3623115,regular
3490003,regular
3490003,regular
3599099,regular
3490003,regular
3490003,regular
3490003,regular
3490003,regular
3490003,regular
3490003,regular
3490003,regular
3490003,regular
3490003,regular
3490003,regular
3490003,regular
3490003,regular
3490003,regular
3490003,regular
3490003,regular
3490003,regular
3490003,regular
3490003,regular
3490003,regular
3490003,regular
3490003,regular
3490003,regular
3490003,regular
3490003,regular
3490003,regular
3623115,regular
3623115,regular
3623115,regular
3623115,regular
3599099,regular
3599099,regular
3632980,regular
3632980,regular
3632980,regular
3632980,regular
3632980,regular
3632980,regular
3632980,regular
3632980,regular
3632980,regular
3632980,regular
3632980,regular
3632980,regular
3632980,regular
3632980,regular
3632980,regular
3632980,regular
3632980,regular
3632980,regular
3632980,regular
3632980,regular
3632980,regular
3632980,regular
3632980,regular
3632980,regular
3632980,regular
3632980,regular
3632980,regular
3632980,regular
3632980,regular
3632980,regular
3632980,regular
3632980,regular
3632980,regular
3589443,regular
3589443,regular
3589443,regular
3589443,regular
3589443,regular
3589443,regular
3589443,regular
3589443,regular
3589443,regular
3589443,regular
3589443,regular
3589443,regular
3589443,regular
3589443,regular
3589443,regular
3589443,regular
3589443,regular
3589443,regular
3589443,regular
3589443,regular
3589443,regular
3589443,regular
3589443,regular
3589443,regular
3589443,regular
3589443,regular
3589443,regular
3589443,regular
3589443,regular
3589443,regular
3589443,regular
3589443,regular
3589443,regular
3589443,regular
3589443,regular
3589443,regular
3589443,regular
3589443,regular
3589443,regular
3589443,regular
3589443,regular
3589443,regular
3589443,regular
3589443,regular
3589443,regular
3589443,regular
3589443,regular
3589443,regular
3589443,regular
3589443,regular
3589443,regular
3589443,regular
3589443,regular
3516951,deviant
3516951,deviant
3516951,deviant
3516951,deviant
3516951,deviant
3516951,deviant
3516951,deviant
3516951,deviant
3516951,deviant
3516951,deviant
3516951,deviant
3516951,deviant
3516951,deviant
3516951,deviant
3516951,deviant
3516951,deviant
3516951,deviant
3516951,deviant
3516951,deviant
3516951,deviant
3516951,deviant
3516951,deviant
3516951,deviant
3516951,deviant
3490003,regular
3551832,regular
3551832,regular
3551832,regular
3622729,regular
3645890,regular
3646526,regular
3650848,regular
3651544,deviant
3490003,regular
3622729,regular
3622729,regular
3622729,regular
3622729,regular
3622729,regular
3622729,regular
3622729,regular
3622729,regular
3622729,regular
3622729,regular
3622729,regular
3622729,regular
3622729,regular
3622729,regular
3622729,regular
3622729,regular
3622729,regular
3622729,regular
3622729,regular
3622729,regular
3622729,regular
3622729,regular
3622729,regular
3622729,regular
3622729,regular
3490003,regular
3622729,regular
3622729,regular
3622729,regular
3622729,regular
3622729,regular
3622729,regular
3622729,regular
3622729,regular
3645890,regular
3551832,regular
3645890,regular
3551832,regular
3551832,regular
3551832,regular
3622729,regular
3551832,regular
3551832,regular
3551832,regular
3551832,regular
3551832,regular
3551832,regular
3551832,regular
3551832,regular
3551832,regular
3551832,regular
3551832,regular
3551832,regular
3551832,regular
3551832,regular
3551832,regular
3551832,regular
3551832,regular
3551832,regular
3551832,regular
3551832,regular
3551832,regular
3551832,regular
3551832,regular
3551832,regular
3551832,regular
3551832,regular
3645890,regular
3646526,regular
3646526,regular
3646526,regular
3596955,regular
3596955,regular
3618655,regular
3647766,regular
3655368,regular
3647766,regular
3647766,regular
3647766,regular
3596955,regular
3596955,regular
3596955,regular
3596955,regular
3596955,regular
3596955,regular
3596955,regular
3596955,regular
3596955,regular
3596955,regular
3596955,regular
3596955,regular
3596955,regular
3596955,regular
3596955,regular
3596955,regular
3596955,regular
3596955,regular
3596955,regular
3596955,regular
3596955,regular
3596955,regular
3596955,regular
3596955,regular
3596955,regular
3596955,regular
3596955,regular
3618655,regular
3618655,regular
3618655,regular
3618655,regular
3618655,regular
3618655,regular
3618655,regular
3618655,regular
3618655,regular
3618655,regular
3618655,regular
3618655,regular
3618655,regular
3618655,regular
3618655,regular
3618655,regular
3618655,regular
3618655,regular
3618655,regular
3618655,regular
3618655,regular
3618655,regular
3618655,regular
3618655,regular
3618655,regular
3618655,regular
3618655,regular
3618655,regular
3618655,regular
3618655,regular
3596955,regular
3596955,regular
3596955,regular
3618655,regular
3618655,regular
3618655,regular
3618655,regular
3622729,regular
3622729,regular
3622729,regular
3650848,regular
3651544,deviant
3651836,regular
3651836,regular
3651836,regular
3650848,regular
3650848,regular
3650848,regular
3651544,deviant
3651544,deviant
3651544,deviant
3651836,regular
3651836,regular
3651836,regular
3596955,regular
3596955,regular
3596955,regular
3566903,regular
3566903,regular
3599099,regular
3627843,regular
3632391,regular
3635413,regular
3636284,regular
3637517,regular
3637921,regular
3638422,regular
3638835,regular
3639276,regular
3622313,regular
3656846,regular
3496164,regular
3551832,regular
3567705,regular
3655368,regular
3551832,regular
3551832,regular
3655368,regular
3655368,regular
3655368,regular
3496164,regular
3567705,regular
3612311,regular
3612311,regular
3632391,regular
3632391,regular
3632391,regular
3632391,regular
3637921,regular
3637921,regular
3637921,regular
3656846,regular
3720178,deviant
3656846,regular
3656846,regular
3656846,regular
3637921,regular
3637921,regular
3637921,regular
3637921,regular
3637921,regular
3637921,regular
3637921,regular
3637921,regular
3637921,regular
3637921,regular
3637921,regular
3637921,regular
3637921,regular
3637921,regular
3637921,regular
3637921,regular
3637921,regular
3637921,regular
3637921,regular
3637921,regular
3637921,regular
3637921,regular
3637921,regular
3637921,regular
3637921,regular
3637921,regular
3637921,regular
3637921,regular
3637921,regular
3637921,regular
3632391,regular
3632391,regular
3632391,regular
3632391,regular
3632391,regular
3632391,regular
3632391,regular
3632391,regular
3632391,regular
3632391,regular
3632391,regular
3632391,regular
3632391,regular
3632391,regular
3632391,regular
3632391,regular
3632391,regular
3632391,regular
3632391,regular
3632391,regular
3632391,regular
3632391,regular
3632391,regular
3632391,regular
3632391,regular
3632391,regular
3632391,regular
3567705,regular
3567705,regular
3567705,regular
3632391,regular
3496164,regular
3496164,regular
3632391,regular
3632391,regular
3612311,regular
3423048,regular
3423048,regular
3612311,regular
3612311,regular
3423048,regular
3423048,regular
3637517,regular
3627843,regular
3627843,regular
3620524,regular
3620524,regular
3638835,regular
3638835,regular
3639276,regular
3639276,regular
3244596,regular
3244596,regular
3244596,regular
3244596,regular
3244596,regular
3244596,regular
3244596,regular
3244596,regular
3244596,regular
3244596,regular
3637517,regular
3637517,regular
3637517,regular
3637517,regular
3637517,regular
3637517,regular
3637517,regular
3637517,regular
3637517,regular
3637517,regular
3604764,deviant
3667000,regular
3551832,regular
3622729,regular
3622729,regular
3645890,regular
3647766,regular
3650848,regular
3651544,deviant
3655368,regular
3516951,deviant
3516951,deviant
3542069,regular
3542069,regular
3542069,regular
3597315,regular
3622729,regular
3635413,regular
3638422,regular
3656846,regular
3668345,regular
3671189,regular
3672162,regular
3604764,deviant
3604764,deviant
3604764,deviant
3656846,regular
3656846,regular
3656846,regular
3656846,regular
3656846,regular
3656846,regular
3656846,regular
3656846,regular
3656846,regular
3656846,regular
3656846,regular
3656846,regular
3656846,regular
3656846,regular
3656846,regular
3656846,regular
3656846,regular
3656846,regular
3656846,regular
3656846,regular
3656846,regular
3656846,regular
3656846,regular
3656846,regular
3656846,regular
3656846,regular
3656846,regular
3656846,regular
3656846,regular
3656846,regular
3516951,deviant
3635413,regular
3635413,regular
3635413,regular
3638422,regular
3638422,regular
3638422,regular
3542069,regular
3542069,regular
3542069,regular
3542069,regular
3542069,regular
3542069,regular
3542069,regular
3542069,regular
3602947,regular
3602947,regular
3620524,regular
3655368,regular
3655368,regular
3655368,regular
3667000,regular
3668345,regular
3669223,regular
3670879,regular
3675395,regular
3321023,regular
3321023,regular
3321023,regular
3321023,regular
3321023,regular
3655368,regular
3655368,regular
3655368,regular
3655368,regular
3655368,regular
3655368,regular
3655368,regular
3655368,regular
3655368,regular
3655368,regular
3655368,regular
3655368,regular
3655368,regular
3655368,regular
3655368,regular
3655368,regular
3655368,regular
3655368,regular
3655368,regular
3655368,regular
3655368,regular
3655368,regular
3655368,regular
3655368,regular
3655368,regular
3655368,regular
3655368,regular
3655368,regular
3655368,regular
3655368,regular
3667000,regular
3667000,regular
3667000,regular
3668345,regular
3668345,regular
3668345,regular
3564990,deviant
3564990,deviant
3611083,regular
3656846,regular
3656846,regular
3669223,regular
3670879,regular
3671189,regular
3672162,regular
3679384,regular
3668345,regular
3668345,regular
3668345,regular
3668345,regular
3668345,regular
3668345,regular
3638835,regular
3638835,regular
3638835,regular
3638835,regular
3638835,regular
3669223,regular
3669223,regular
3669223,regular
3670879,regular
3670879,regular
3670879,regular
3671189,regular
3671189,regular
3671189,regular
3672162,regular
3672162,regular
3672162,regular
3611083,regular
3611083,regular
3676443,regular
3677583,regular
3423048,regular
3496164,regular
3567705,regular
3612311,regular
3637921,regular
3656846,regular
3656846,regular
3678295,regular
3681136,regular
3602947,regular
3669223,regular
3674830,regular
3679724,regular
3564990,deviant
3564990,deviant
3564990,deviant
3564990,deviant
3564990,deviant
3564990,deviant
3564990,deviant
3564990,deviant
3564990,deviant
3564990,deviant
3669223,regular
3669223,regular
3669223,regular
3669223,regular
3669223,regular
3669223,regular
3669223,regular
3669223,regular
3669223,regular
3669223,regular
3669223,regular
3669223,regular
3669223,regular
3669223,regular
3669223,regular
3669223,regular
3669223,regular
3669223,regular
3669223,regular
3669223,regular
3669223,regular
3669223,regular
3669223,regular
3669223,regular
3669223,regular
3669223,regular
3669223,regular
3669223,regular
3669223,regular
3669223,regular
3675395,regular
3675395,regular
3675395,regular
3602947,regular
3675395,regular
3676443,regular
3681827,regular
3676443,regular
3676443,regular
3676443,regular
3627843,regular
3669223,regular
3669223,regular
3669223,regular
3677583,regular
3678295,regular
3679384,regular
3679724,regular
3685427,regular
3677583,regular
3677583,regular
3677583,regular
3678295,regular
3678295,regular
3678295,regular
3679724,regular
3679724,regular
3679724,regular
3679384,regular
3679384,regular
3679384,regular
3681136,regular
3681136,regular
3681136,regular
3681136,regular
3681827,regular
3681827,regular
3687413,regular
3688147,regular
3688940,regular
3689446,regular
3690043,regular
3698663,regular
3681827,regular
3681827,regular
3681827,regular
3531883,regular
3531883,regular
3531883,regular
3531883,regular
3531883,regular
3531883,regular
3531883,regular
3531883,regular
3531883,regular
3531883,regular
3531883,regular
3531883,regular
3531883,regular
3531883,regular
3531883,regular
3531883,regular
3531883,regular
3531883,regular
3531883,regular
3679384,regular
3685427,regular
3679384,regular
3679384,regular
3679384,regular
3679384,regular
3679384,regular
3679384,regular
3679384,regular
3679384,regular
3679384,regular
3679384,regular
3679384,regular
3679384,regular
3679384,regular
3679384,regular
3679384,regular
3679384,regular
3679384,regular
3679384,regular
3679384,regular
3679384,regular
3679384,regular
3679384,regular
3679384,regular
3679384,regular
3679384,regular
3679384,regular
3679384,regular
3679384,regular
3685427,regular
3685427,regular
3685427,regular
3679384,regular
3679384,regular
3655368,regular
3667000,regular
3668345,regular
3669223,regular
3670879,regular
3671189,regular
3672162,regular
3674830,regular
3676443,regular
3681827,regular
3696185,regular
3531883,regular
3531883,regular
3679384,regular
3679384,regular
3687413,regular
3688147,regular
3688940,regular
3689446,regular
3690043,regular
3691884,regular
3696599,regular
3650848,regular
3650848,regular
3650848,regular
3650848,regular
3650848,regular
3650848,regular
3688147,regular
3688147,regular
3688147,regular
3688940,regular
3688940,regular
3688940,regular
3689446,regular
3689446,regular
3689446,regular
3690043,regular
3690043,regular
3690043,regular
3690043,regular
3690043,regular
3690043,regular
3690043,regular
3690043,regular
3690043,regular
3690043,regular
3690043,regular
3690043,regular
3690043,regular
3690043,regular
3690043,regular
3690043,regular
3690043,regular
3690043,regular
3690043,regular
3690043,regular
3690043,regular
3690043,regular
3690043,regular
3690043,regular
3690043,regular
3690043,regular
3690043,regular
3690043,regular
3690043,regular
3690043,regular
3690043,regular
3690043,regular
3687413,regular
3687413,regular
3687413,regular
3687413,regular
3687413,regular
3687413,regular
3687413,regular
3687413,regular
3687413,regular
3687413,regular
3687413,regular
3687413,regular
3687413,regular
3687413,regular
3687413,regular
3687413,regular
3687413,regular
3687413,regular
3687413,regular
3687413,regular
3687413,regular
3687413,regular
3687413,regular
3687413,regular
3687413,regular
3687413,regular
3687413,regular
3687413,regular
3687413,regular
3687413,regular
3687413,regular
3687413,regular
3691884,regular
3691884,regular
3691884,regular
3531883,regular
3535471,deviant
3535471,deviant
3535471,deviant
3576349,regular
3576349,regular
3691884,regular
3696185,regular
3696599,regular
3701292,regular
3638835,regular
3638835,regular
3638835,regular
3638835,regular
3638835,regular
3638835,regular
3638835,regular
3638835,regular
3638835,regular
3638835,regular
3638835,regular
3638835,regular
3638835,regular
3638835,regular
3638835,regular
3638835,regular
3638835,regular
3638835,regular
3638835,regular
3638835,regular
3668345,regular
3668345,regular
3668345,regular
3668345,regular
3535471,deviant
3535471,deviant
3535471,deviant
3535471,deviant
3535471,deviant
3535471,deviant
3535471,deviant
3535471,deviant
3535471,deviant
3620524,regular
3620524,regular
3620524,regular
3620524,regular
3620524,regular
3620524,regular
3620524,regular
3620524,regular
3620524,regular
3620524,regular
3620524,regular
3620524,regular
3620524,regular
3620524,regular
3620524,regular
3620524,regular
3620524,regular
3620524,regular
3620524,regular
3620524,regular
3620524,regular
3620524,regular
3620524,regular
3620524,regular
3620524,regular
3604764,deviant
3604764,deviant
3604764,deviant
3604764,deviant
3604764,deviant
3604764,deviant
3604764,deviant
3604764,deviant
3604764,deviant
3604764,deviant
3604764,deviant
3604764,deviant
3604764,deviant
3604764,deviant
3604764,deviant
3604764,deviant
3604764,deviant
3604764,deviant
3604764,deviant
3604764,deviant
3604764,deviant
3531883,regular
3531883,regular
3531883,regular
3531883,regular
3531883,regular
3531883,regular
3696185,regular
3696185,regular
3696185,regular
3604764,deviant
3610823,deviant
3610823,deviant
3610823,deviant
3610823,deviant
3610823,deviant
3610823,deviant
3610823,deviant
3610823,deviant
3610823,deviant
3610823,deviant
3610823,deviant
3610823,deviant
3576349,regular
3576349,regular
3576349,regular
3620524,regular
3582443,regular
3582443,regular
3582443,regular
3582443,regular
3582443,regular
3582443,regular
3582443,regular
3582443,regular
3582443,regular
3582443,regular
3582443,regular
3582443,regular
3582443,regular
3582443,regular
3582443,regular
3582443,regular
3582443,regular
3582443,regular
3582443,regular
3582443,regular
3582443,regular
3582443,regular
3582443,regular
3582443,regular
3091829,regular
3687413,regular
3687413,regular
3690043,regular
3690043,regular
3698663,regular
3701292,regular
3711664,regular
3783708,regular
3698663,regular
3698663,regular
3611083,regular
3611083,regular
3611083,regular
3611083,regular
3611083,regular
3611083,regular
3611083,regular
3611083,regular
3611083,regular
3611083,regular
3611083,regular
3611083,regular
3611083,regular
3611083,regular
3611083,regular
3611083,regular
3611083,regular
3611083,regular
3611083,regular
3611083,regular
3611083,regular
3611083,regular
3611083,regular
3611083,regular
3635413,regular
3635413,regular
3635413,regular
3635413,regular
3635413,regular
3635413,regular
3635413,regular
3635413,regular
3635413,regular
3635413,regular
3635413,regular
3635413,regular
3635413,regular
3635413,regular
3635413,regular
3635413,regular
3635413,regular
3635413,regular
3635413,regular
3635413,regular
3635413,regular
3635413,regular
3635413,regular
3635413,regular
3635413,regular
3701292,regular
3701292,regular
3701292,regular
3698663,regular
3698663,regular
3698663,regular
3698663,regular
3698663,regular
3698663,regular
3698663,regular
3698663,regular
3458065,regular
3458065,regular
3458065,regular
3458065,regular
3458065,regular
3198296,regular
3458065,regular
3458065,regular
3458065,regular
3458065,regular
3458065,regular
3458065,regular
3458065,regular
3458065,regular
3582443,regular
3627843,regular
3627843,regular
3627843,regular
3627843,regular
3627843,regular
3627843,regular
3627843,regular
3627843,regular
3627843,regular
3627843,regular
3627843,regular
3627843,regular
3627843,regular
3627843,regular
3627843,regular
3627843,regular
3627843,regular
3627843,regular
3627843,regular
3627843,regular
3627843,regular
3627843,regular
3627843,regular
3627843,regular
3627843,regular
3627843,regular
3091829,regular
3622313,regular
3635413,regular
3635413,regular
3677583,regular
3677583,regular
3677583,regular
3677583,regular
3635413,regular
3681827,regular
3681827,regular
3681827,regular
3681827,regular
3681827,regular
3681827,regular
3681827,regular
3458065,regular
3458065,regular
3458065,regular
3458065,regular
3458065,regular
3458065,regular
3458065,regular
3458065,regular
3685427,regular
3685427,regular
3685427,regular
3709364,regular
3721360,regular
3783708,regular
3709364,regular
3709364,regular
3709364,regular
3531883,regular
3576349,regular
3677583,regular
3678295,regular
3679384,regular
3679384,regular
3679724,regular
3687413,regular
3687413,regular
3688147,regular
3688940,regular
3690043,regular
3690043,regular
3458065,regular
3582443,regular
3604764,deviant
3611083,regular
3627843,regular
3638835,regular
3709364,regular
3711664,regular
3727791,deviant
3731002,regular
3732046,regular
3711664,regular
3711664,regular
3711664,regular
3681827,regular
3670879,regular
3670879,regular
3458065,regular
3582443,regular
3604764,deviant
3611083,regular
3620524,regular
3620524,regular
3627843,regular
3638835,regular
3720178,deviant
3721360,regular
3732352,regular
3741628,regular
3742869,regular
3745829,regular
3691884,regular
3691884,regular
3691884,regular
3691884,regular
3691884,regular
3691884,regular
3620524,regular
3620524,regular
3721360,regular
3721360,regular
3721360,regular
3458065,regular
3582443,regular
3637517,regular
3637517,regular
3637517,regular
3637517,regular
3637517,regular
3637517,regular
3637517,regular
3637517,regular
3637517,regular
3637517,regular
3637517,regular
3637517,regular
3637517,regular
3637517,regular
3637517,regular
3637517,regular
3637517,regular
3637517,regular
3638422,regular
3638422,regular
3638422,regular
3638422,regular
3638422,regular
3638422,regular
3638422,regular
3638422,regular
3638422,regular
3638422,regular
3638422,regular
3638422,regular
3638422,regular
3638422,regular
3638422,regular
3638422,regular
3638422,regular
3638422,regular
3638422,regular
3638422,regular
3638422,regular
3638422,regular
3638422,regular
3638422,regular
3611083,regular
3611083,regular
3638422,regular
3627843,regular
3627843,regular
3638835,regular
3638835,regular
3638835,regular
3604764,deviant
3604764,deviant
3564990,deviant
3638422,regular
3650848,regular
3689446,regular
3689446,regular
3689446,regular
3689446,regular
3696185,regular
3696185,regular
3720178,deviant
3727791,deviant
3731002,regular
3732046,regular
3732352,regular
3564990,deviant
3564990,deviant
3564990,deviant
3564990,deviant
3564990,deviant
3564990,deviant
3564990,deviant
3564990,deviant
3564990,deviant
3564990,deviant
3564990,deviant
3564990,deviant
3564990,deviant
3564990,deviant
3564990,deviant
3564990,deviant
3564990,deviant
3564990,deviant
3727791,deviant
3727791,deviant
3727791,deviant
3689446,regular
3689446,regular
3689446,regular
3689446,regular
3689446,regular
3689446,regular
3689446,regular
3689446,regular
3689446,regular
3689446,regular
3689446,regular
3689446,regular
3689446,regular
3689446,regular
3689446,regular
3696185,regular
3689446,regular
3696185,regular
3689446,regular
3689446,regular
3696185,regular
3689446,regular
3696185,regular
3689446,regular
3689446,regular
3689446,regular
3696185,regular
3689446,regular
3689446,regular
3689446,regular
3689446,regular
3689446,regular
3696185,regular
3696185,regular
3696185,regular
3696185,regular
3696185,regular
3696185,regular
3696185,regular
3696185,regular
3696185,regular
3696185,regular
3696185,regular
3696185,regular
3696185,regular
3696185,regular
3696185,regular
3696185,regular
3696185,regular
3696185,regular
3696185,regular
3696185,regular
3696185,regular
3696185,regular
3650848,regular
3650848,regular
3650848,regular
3650848,regular
3650848,regular
3650848,regular
3650848,regular
3650848,regular
3650848,regular
3650848,regular
3650848,regular
3650848,regular
3650848,regular
3650848,regular
3650848,regular
3650848,regular
3650848,regular
3650848,regular
3650848,regular
3650848,regular
3650848,regular
3650848,regular
3696185,regular
3689446,regular
3689446,regular
3696185,regular
3696185,regular
3731002,regular
3731002,regular
3731002,regular
3732046,regular
3732046,regular
3732046,regular
3732352,regular
3732352,regular
3732352,regular
3610823,deviant
3610823,deviant
3610823,deviant
3610823,deviant
3610823,deviant
3610823,deviant
3610823,deviant
3610823,deviant
3610823,deviant
3610823,deviant
3610823,deviant
3610823,deviant
3610823,deviant
3610823,deviant
3610823,deviant
3736272,regular
3736272,regular
3736272,regular
3736272,regular
3564990,deviant
3638422,regular
3650848,regular
3685427,regular
3685427,regular
3736272,regular
3741628,regular
3742869,regular
3747286,regular
3638422,regular
3685427,regular
3685427,regular
3685427,regular
3685427,regular
3685427,regular
3685427,regular
3685427,regular
3685427,regular
3685427,regular
3685427,regular
3685427,regular
3685427,regular
3685427,regular
3685427,regular
3685427,regular
3685427,regular
3685427,regular
3685427,regular
3685427,regular
3685427,regular
3685427,regular
3685427,regular
3685427,regular
3685427,regular
3685427,regular
3685427,regular
3685427,regular
3685427,regular
3564990,deviant
3564990,deviant
3650848,regular
3685427,regular
3685427,regular
3741628,regular
3741628,regular
3741628,regular
3742869,regular
3742869,regular
3742869,regular
3696185,regular
3746623,regular
3783708,regular
3604764,deviant
3620524,regular
3627843,regular
3638835,regular
3696185,regular
3696185,regular
3701292,regular
3709364,regular
3721360,regular
3745829,regular
3639276,regular
3745829,regular
3746623,regular
3747286,regular
3745829,regular
3745829,regular
3639276,regular
3639276,regular
3639276,regular
3639276,regular
3639276,regular
3639276,regular
3639276,regular
3745829,regular
3639276,regular
3639276,regular
3639276,regular
3639276,regular
3639276,regular
3639276,regular
3639276,regular
3639276,regular
3639276,regular
3639276,regular
3639276,regular
3639276,regular
3639276,regular
3639276,regular
3639276,regular
3639276,regular
3639276,regular
3639276,regular
3746623,regular
3746623,regular
3746623,regular
3747286,regular
3747286,regular
3747286,regular
3597315,regular
3597315,regular
3597315,regular
3597315,regular
3597315,regular
3597315,regular
3597315,regular
3597315,regular
3597315,regular
3597315,regular
3597315,regular
3597315,regular
3597315,regular
3597315,regular
3597315,regular
3597315,regular
3597315,regular
3597315,regular
3597315,regular
3597315,regular
3597315,regular
3597315,regular
3597315,regular
3597315,regular
3597315,regular
3749573,regular
3749573,regular
3749573,regular
3749573,regular
3610823,deviant
3610823,deviant
3610823,deviant
3637517,regular
3637517,regular
3637517,regular
3645890,regular
3749573,regular
3637517,regular
3637517,regular
3668345,regular
3668345,regular
3668345,regular
3668345,regular
3668345,regular
3668345,regular
3668345,regular
3668345,regular
3668345,regular
3668345,regular
3668345,regular
3668345,regular
3668345,regular
3668345,regular
3668345,regular
3668345,regular
3668345,regular
3645890,regular
3645890,regular
3645890,regular
3645890,regular
3645890,regular
3645890,regular
3645890,regular
3645890,regular
3645890,regular
3645890,regular
3645890,regular
3645890,regular
3645890,regular
3645890,regular
3645890,regular
3645890,regular
3645890,regular
3645890,regular
3645890,regular
3645890,regular
3645890,regular
3645890,regular
3610823,deviant
3610823,deviant
3610823,deviant
3645890,regular
3645890,regular
3645890,regular
3645890,regular
3645890,regular
3272643,regular
3272643,regular
3272643,regular
3272643,regular
3272643,regular
3272643,regular
3272643,regular
3272643,regular
3272643,regular
3272643,regular
3272643,regular
3272643,regular
3272643,regular
3272643,regular
3272643,regular
3272643,regular
3272643,regular
3272643,regular
3272643,regular
3272643,regular
3272643,regular
3272643,regular
3272643,regular
3272643,regular
3272643,regular
3597315,regular
3597315,regular
3597315,regular
3597315,regular
3597315,regular
3597315,regular
3636284,regular
3721360,regular
3741628,regular
3742869,regular
3747286,regular
3747286,regular
3782672,regular
3783172,regular
3784056,regular
3784661,regular
3731002,regular
3731002,regular
3747286,regular
3747286,regular
3747286,regular
3747286,regular
3747286,regular
3747286,regular
3747286,regular
3747286,regular
3747286,regular
3747286,regular
3747286,regular
3747286,regular
3747286,regular
3747286,regular
3747286,regular
3747286,regular
3747286,regular
3747286,regular
3747286,regular
3747286,regular
3747286,regular
3747286,regular
3597315,regular
3597315,regular
3597315,regular
3597315,regular
3597315,regular
3597315,regular
3597315,regular
3741628,regular
3741628,regular
3741628,regular
3597315,regular
3597315,regular
3597315,regular
3597315,regular
3597315,regular
3597315,regular
3597315,regular
3597315,regular
3597315,regular
3597315,regular
3597315,regular
3742869,regular
3742869,regular
3742869,regular
3732046,regular
3732046,regular
3721360,regular
3721360,regular
3721360,regular
3090877,regular
3090877,regular
3090877,regular
3090877,regular
3090877,regular
3090877,regular
3639276,regular
3651544,deviant
3651544,deviant
3651544,deviant
3651544,deviant
3651544,deviant
3651544,deviant
3651544,deviant
3597315,regular
3597315,regular
3727791,deviant
3731002,regular
3732046,regular
3732046,regular
3741628,regular
3742869,regular
3746623,regular
3747286,regular
3597315,regular
3607643,regular
3636284,regular
3636284,regular
3639276,regular
3639276,regular
3636284,regular
3636284,regular
3676443,regular
3676443,regular
3636284,regular
3636284,regular
3636284,regular
3636284,regular
3636284,regular
3636284,regular
3636284,regular
3636284,regular
3636284,regular
3636284,regular
3636284,regular
3636284,regular
3636284,regular
3636284,regular
3636284,regular
3636284,regular
3636284,regular
3636284,regular
3636284,regular
3636284,regular
3636284,regular
3636284,regular
3636284,regular
3636284,regular
3636284,regular
3636284,regular
3607643,regular
3607643,regular
3607643,regular
3607643,regular
3607643,regular
3607643,regular
3607643,regular
3607643,regular
3607643,regular
3607643,regular
3607643,regular
3607643,regular
3607643,regular
3607643,regular
3607643,regular
3607643,regular
3607643,regular
3607643,regular
3607643,regular
3607643,regular
3607643,regular
3607643,regular
3607643,regular
3607643,regular
3607643,regular
3607643,regular
3607643,regular
3636284,regular
3639276,regular
3645890,regular
3645890,regular
3645890,regular
3651544,deviant
3651544,deviant
3651544,deviant
3668345,regular
3676443,regular
3676443,regular
3677583,regular
3782672,regular
3783172,regular
3783708,regular
3784056,regular
3784661,regular
3813803,regular
3814693,regular
3651544,deviant
3651544,deviant
3602947,regular
3651544,deviant
3651544,deviant
3602947,regular
3602947,regular
3602947,regular
3602947,regular
3602947,regular
3602947,regular
3651544,deviant
3651544,deviant
3602947,regular
3602947,regular
3602947,regular
3602947,regular
3602947,regular
3602947,regular
3602947,regular
3602947,regular
3602947,regular
3602947,regular
3602947,regular
3602947,regular
3602947,regular
3602947,regular
3602947,regular
3602947,regular
3602947,regular
3602947,regular
3676443,regular
3676443,regular
3676443,regular
3676443,regular
3676443,regular
3676443,regular
3676443,regular
3676443,regular
3676443,regular
3676443,regular
3676443,regular
3676443,regular
3676443,regular
3676443,regular
3676443,regular
3676443,regular
3676443,regular
3676443,regular
3676443,regular
3676443,regular
3676443,regular
3676443,regular
3676443,regular
3676443,regular
3676443,regular
3782672,regular
3782672,regular
3782672,regular
3783172,regular
3783172,regular
3783172,regular
3784056,regular
3784056,regular
3784056,regular
3676443,regular
3677583,regular
3677583,regular
3677583,regular
3677583,regular
3677583,regular
3677583,regular
3677583,regular
3677583,regular
3677583,regular
3677583,regular
3677583,regular
3677583,regular
3677583,regular
3677583,regular
3677583,regular
3677583,regular
3677583,regular
3677583,regular
3677583,regular
3677583,regular
3677583,regular
3677583,regular
3677583,regular
3677583,regular
3784661,regular
3784661,regular
3784661,regular
3677583,regular
3783708,regular
3783708,regular
3783708,regular
3645890,regular
3645890,regular
3741628,regular
3741628,regular
3741628,regular
3741628,regular
3741628,regular
3741628,regular
3741628,regular
3741628,regular
3741628,regular
3741628,regular
3741628,regular
3741628,regular
3741628,regular
3741628,regular
3741628,regular
3741628,regular
3741628,regular
3741628,regular
3741628,regular
3741628,regular
3741628,regular
3741628,regular
3741628,regular
3741628,regular
3741628,regular
3090877,regular
3668345,regular
3670879,regular
3676443,regular
3677583,regular
3688147,regular
3745829,regular
3797086,regular
3732046,regular
3732046,regular
3732046,regular
3732046,regular
3732046,regular
3732046,regular
3732046,regular
3732046,regular
3732046,regular
3732046,regular
3732046,regular
3732046,regular
3732046,regular
3732046,regular
3732046,regular
3732046,regular
3732046,regular
3732046,regular
3732046,regular
3732046,regular
3732046,regular
3732046,regular
3732046,regular
3732046,regular
3732046,regular
3732046,regular
3677583,regular
3677583,regular
3745829,regular
3745829,regular
3745829,regular
3745829,regular
3745829,regular
3745829,regular
3745829,regular
3745829,regular
3745829,regular
3745829,regular
3745829,regular
3745829,regular
3745829,regular
3745829,regular
3745829,regular
3745829,regular
3745829,regular
3745829,regular
3745829,regular
3745829,regular
3745829,regular
3745829,regular
3745829,regular
3745829,regular
3745829,regular
3745829,regular
3745829,regular
3745829,regular
3745829,regular
3745829,regular
3676443,regular
3676443,regular
3668345,regular
3668345,regular
3668345,regular
3688147,regular
3688147,regular
3688147,regular
3688147,regular
3688147,regular
3688147,regular
3688147,regular
3688147,regular
3688147,regular
3688147,regular
3688147,regular
3688147,regular
3688147,regular
3688147,regular
3688147,regular
3688147,regular
3688147,regular
3688147,regular
3688147,regular
3688147,regular
3688147,regular
3688147,regular
3688147,regular
3688147,regular
3688147,regular
3688147,regular
3688147,regular
3688147,regular
3688147,regular
3688147,regular
3670879,regular
3670879,regular
3670879,regular
3670879,regular
3670879,regular
3670879,regular
3670879,regular
3670879,regular
3670879,regular
3670879,regular
3670879,regular
3670879,regular
3670879,regular
3670879,regular
3670879,regular
3670879,regular
3670879,regular
3670879,regular
3670879,regular
3670879,regular
3670879,regular
3670879,regular
3670879,regular
3670879,regular
3670879,regular
3647766,regular
3732046,regular
3741628,regular
3797086,regular
3815569,deviant
3816041,regular
3647766,regular
3647766,regular
3647766,regular
3647766,regular
3647766,regular
3647766,regular
3647766,regular
3647766,regular
3542069,regular
3797086,regular
3797086,regular
3542069,regular
3542069,regular
3542069,regular
3542069,regular
3542069,regular
3542069,regular
3542069,regular
3542069,regular
3542069,regular
3542069,regular
3797086,regular
3542069,regular
3542069,regular
3542069,regular
3542069,regular
3542069,regular
3542069,regular
3542069,regular
3542069,regular
3542069,regular
3542069,regular
3542069,regular
3542069,regular
3542069,regular
3647766,regular
3647766,regular
3647766,regular
3647766,regular
3647766,regular
3647766,regular
3647766,regular
3647766,regular
3647766,regular
3647766,regular
3647766,regular
3647766,regular
3647766,regular
3647766,regular
3647766,regular
3647766,regular
3647766,regular
3647766,regular
3647766,regular
3647766,regular
3602947,regular
3602947,regular
3647766,regular
3651836,regular
3651836,regular
3651836,regular
3651836,regular
3732046,regular
3741628,regular
3824284,regular
3829589,deviant
3602947,regular
3602947,regular
3602947,regular
3602947,regular
3602947,regular
3602947,regular
3602947,regular
3602947,regular
3602947,regular
3602947,regular
3602947,regular
3647766,regular
3602947,regular
3602947,regular
3678295,regular
3678295,regular
3678295,regular
3678295,regular
3678295,regular
3678295,regular
3732046,regular
3678295,regular
3678295,regular
3678295,regular
3678295,regular
3678295,regular
3678295,regular
3678295,regular
3678295,regular
3678295,regular
3678295,regular
3678295,regular
3678295,regular
3678295,regular
3678295,regular
3678295,regular
3678295,regular
3678295,regular
3678295,regular
3678295,regular
3678295,regular
3678295,regular
3678295,regular
3741628,regular
3645890,regular
3782672,regular
3783172,regular
3784661,regular
3830432,deviant
3651836,regular
3542069,regular
3678295,regular
3749573,regular
3749573,regular
3813803,regular
3814693,regular
3815569,deviant
3816041,regular
3822496,regular
3825035,regular
3749573,regular
3749573,regular
3749573,regular
3749573,regular
3749573,regular
3749573,regular
3749573,regular
3749573,regular
3749573,regular
3749573,regular
3749573,regular
3813803,regular
3813803,regular
3749573,regular
3749573,regular
3749573,regular
3813803,regular
3749573,regular
3749573,regular
3749573,regular
3749573,regular
3749573,regular
3749573,regular
3749573,regular
3749573,regular
3749573,regular
3749573,regular
3749573,regular
3749573,regular
3749573,regular
3749573,regular
3814693,regular
3814693,regular
3814693,regular
3670879,regular
3815569,deviant
3815569,deviant
3815569,deviant
3816041,regular
3816041,regular
3816041,regular
3736272,regular
3736272,regular
3736272,regular
3736272,regular
3681827,regular
3681827,regular
3681827,regular
3749573,regular
3749573,regular
3681827,regular
3681827,regular
3681827,regular
3681827,regular
3681827,regular
3681827,regular
3681827,regular
3681827,regular
3681827,regular
3681827,regular
3681827,regular
3681827,regular
3681827,regular
3681827,regular
3681827,regular
3681827,regular
3681827,regular
3272643,regular
3542069,regular
3542069,regular
3622313,regular
3622313,regular
3622313,regular
3667000,regular
3670879,regular
3678295,regular
3678295,regular
3688147,regular
3688147,regular
3745829,regular
3745829,regular
3745829,regular
3822496,regular
3824284,regular
3825035,regular
3836260,deviant
3928221,regular
3711664,regular
3711664,regular
3721360,regular
3721360,regular
3721360,regular
3721360,regular
3721360,regular
3721360,regular
3721360,regular
3721360,regular
3721360,regular
3721360,regular
3721360,regular
3721360,regular
3721360,regular
3721360,regular
3721360,regular
3721360,regular
3721360,regular
3721360,regular
3721360,regular
3721360,regular
3721360,regular
3721360,regular
3721360,regular
3721360,regular
3667000,regular
3667000,regular
3667000,regular
3667000,regular
3667000,regular
3667000,regular
3667000,regular
3721360,regular
3678295,regular
3678295,regular
3822496,regular
3822496,regular
3822496,regular
3822496,regular
3822496,regular
3822496,regular
3822496,regular
3822496,regular
3822496,regular
3822496,regular
3822496,regular
3822496,regular
3822496,regular
3822496,regular
3822496,regular
3822496,regular
3822496,regular
3822496,regular
3822496,regular
3822496,regular
3822496,regular
3822496,regular
3822496,regular
3822496,regular
3822496,regular
3822496,regular
3822496,regular
3822496,regular
3822496,regular
3542069,regular
3542069,regular
3822496,regular
3822496,regular
3822496,regular
3824284,regular
3824284,regular
3824284,regular
3667000,regular
3667000,regular
3667000,regular
3825035,regular
3825035,regular
3742869,regular
3825035,regular
3742869,regular
3742869,regular
3742869,regular
3742869,regular
3742869,regular
3742869,regular
3742869,regular
3742869,regular
3742869,regular
3742869,regular
3742869,regular
3742869,regular
3742869,regular
3742869,regular
3742869,regular
3742869,regular
3742869,regular
3742869,regular
3742869,regular
3742869,regular
3742869,regular
3742869,regular
3742869,regular
3742869,regular
3272643,regular
3622313,regular
3670879,regular
3829589,deviant
3830432,deviant
3701292,regular
3701292,regular
3701292,regular
3701292,regular
3701292,regular
3701292,regular
3670879,regular
3651836,regular
3651836,regular
3651836,regular
3651836,regular
3651836,regular
3651836,regular
3651836,regular
3651836,regular
3651836,regular
3651836,regular
3651836,regular
3651836,regular
3651836,regular
3651836,regular
3651836,regular
3651836,regular
3651836,regular
3651836,regular
3651836,regular
3651836,regular
3651836,regular
3272643,regular
3272643,regular
3651836,regular
3651836,regular
3651836,regular
3651836,regular
3651836,regular
3651836,regular
3651836,regular
3651836,regular
3272643,regular
3651836,regular
3651836,regular
3651836,regular
3651836,regular
3651836,regular
3651836,regular
3651836,regular
3651836,regular
3600326,regular
3836260,deviant
3851112,deviant
3852903,deviant
3836260,deviant
3836260,deviant
3836260,deviant
3600326,regular
3600326,regular
3600326,regular
3600326,regular
3600326,regular
3600326,regular
3600326,regular
3600326,regular
3600326,regular
3600326,regular
3622313,regular
3668345,regular
3676443,regular
3677583,regular
3688147,regular
3736272,regular
3749573,regular
3749573,regular
3797086,regular
3815569,deviant
3651836,regular
3667000,regular
3671189,regular
3681827,regular
3746623,regular
3746623,regular
3746623,regular
3782672,regular
3816041,regular
3816041,regular
3816041,regular
3816041,regular
3848309,regular
3671189,regular
3671189,regular
3816041,regular
3816041,regular
3816041,regular
3816041,regular
3816041,regular
3671189,regular
3671189,regular
3816041,regular
3671189,regular
3816041,regular
3671189,regular
3671189,regular
3816041,regular
3671189,regular
3816041,regular
3671189,regular
3671189,regular
3816041,regular
3816041,regular
3816041,regular
3816041,regular
3816041,regular
3816041,regular
3816041,regular
3816041,regular
3816041,regular
3816041,regular
3816041,regular
3816041,regular
3816041,regular
3816041,regular
3816041,regular
3816041,regular
3816041,regular
3816041,regular
3671189,regular
3671189,regular
3671189,regular
3671189,regular
3671189,regular
3671189,regular
3671189,regular
3671189,regular
3671189,regular
3671189,regular
3671189,regular
3671189,regular
3671189,regular
3671189,regular
3671189,regular
3671189,regular
3671189,regular
3782672,regular
3782672,regular
3782672,regular
3782672,regular
3782672,regular
3782672,regular
3782672,regular
3782672,regular
3782672,regular
3782672,regular
3782672,regular
3782672,regular
3782672,regular
3782672,regular
3782672,regular
3782672,regular
3782672,regular
3782672,regular
3782672,regular
3782672,regular
3782672,regular
3782672,regular
3782672,regular
3782672,regular
3782672,regular
3782672,regular
3782672,regular
3816041,regular
3671189,regular
3782672,regular
3782672,regular
3782672,regular
3824284,regular
3824284,regular
3746623,regular
3746623,regular
3746623,regular
3746623,regular
3746623,regular
3746623,regular
3746623,regular
3746623,regular
3746623,regular
3746623,regular
3746623,regular
3746623,regular
3746623,regular
3746623,regular
3746623,regular
3746623,regular
3746623,regular
3746623,regular
3746623,regular
3746623,regular
3746623,regular
3746623,regular
3746623,regular
3746623,regular
3746623,regular
3746623,regular
3746623,regular
3746623,regular
3746623,regular
3746623,regular
3816041,regular
3814693,regular
3814693,regular
3672162,regular
3672162,regular
3688940,regular
3688940,regular
3709364,regular
3709364,regular
3784661,regular
3784661,regular
3797086,regular
3797086,regular
3651836,regular
3651836,regular
3671189,regular
3671189,regular
3671189,regular
3672162,regular
3681827,regular
3688940,regular
3731002,regular
3848309,regular
3850883,regular
3856222,regular
3873264,regular
3651836,regular
3681827,regular
3651836,regular
3651836,regular
3672162,regular
3671189,regular
3671189,regular
3672162,regular
3672162,regular
3672162,regular
3672162,regular
3672162,regular
3672162,regular
3672162,regular
3672162,regular
3672162,regular
3672162,regular
3672162,regular
3672162,regular
3672162,regular
3672162,regular
3672162,regular
3672162,regular
3672162,regular
3672162,regular
3672162,regular
3672162,regular
3672162,regular
3672162,regular
3672162,regular
3672162,regular
3688940,regular
3688940,regular
3688940,regular
3688940,regular
3688940,regular
3688940,regular
3688940,regular
3688940,regular
3688940,regular
3688940,regular
3688940,regular
3688940,regular
3688940,regular
3688940,regular
3688940,regular
3688940,regular
3688940,regular
3688940,regular
3688940,regular
3688940,regular
3688940,regular
3688940,regular
3688940,regular
3688940,regular
3688940,regular
3848309,regular
3848309,regular
3848309,regular
3731002,regular
3731002,regular
3731002,regular
3731002,regular
3731002,regular
3731002,regular
3731002,regular
3731002,regular
3731002,regular
3731002,regular
3731002,regular
3731002,regular
3731002,regular
3731002,regular
3731002,regular
3731002,regular
3731002,regular
3731002,regular
3731002,regular
3731002,regular
3731002,regular
3731002,regular
3731002,regular
3731002,regular
3731002,regular
3731002,regular
3731002,regular
3731002,regular
3731002,regular
3736272,regular
3782672,regular
3782672,regular
3782672,regular
3822496,regular
3822496,regular
3836260,deviant
3850883,regular
3851112,deviant
3852903,deviant
3871869,regular
3872511,regular
3850883,regular
3850883,regular
3850883,regular
3852903,deviant
3852903,deviant
3852903,deviant
3736272,regular
3736272,regular
3736272,regular
3736272,regular
3736272,regular
3736272,regular
3736272,regular
3736272,regular
3736272,regular
3736272,regular
3736272,regular
3736272,regular
3736272,regular
3736272,regular
3736272,regular
3736272,regular
3736272,regular
3736272,regular
3736272,regular
3736272,regular
3736272,regular
3736272,regular
3736272,regular
3736272,regular
3736272,regular
3679724,regular
3679724,regular
3679724,regular
3701292,regular
3731002,regular
3731002,regular
3679724,regular
3691884,regular
3736272,regular
3736272,regular
3856222,regular
3871043,regular
3876956,regular
3878034,regular
3880474,deviant
3881788,regular
3679724,regular
3679724,regular
3679724,regular
3679724,regular
3679724,regular
3679724,regular
3679724,regular
3679724,regular
3679724,regular
3679724,regular
3679724,regular
3679724,regular
3679724,regular
3679724,regular
3679724,regular
3679724,regular
3679724,regular
3679724,regular
3679724,regular
3679724,regular
3679724,regular
3679724,regular
3679724,regular
3679724,regular
3736272,regular
3736272,regular
3736272,regular
3856222,regular
3856222,regular
3856222,regular
3691884,regular
3691884,regular
3691884,regular
3691884,regular
3691884,regular
3691884,regular
3691884,regular
3691884,regular
3691884,regular
3691884,regular
3691884,regular
3691884,regular
3691884,regular
3691884,regular
3691884,regular
3691884,regular
3691884,regular
3691884,regular
3691884,regular
3691884,regular
3691884,regular
3691884,regular
3727791,deviant
3727791,deviant
3727791,deviant
3727791,deviant
3727791,deviant
3727791,deviant
3672162,regular
3672162,regular
3721360,regular
3721360,regular
3830432,deviant
3874236,deviant
3882945,regular
3885348,regular
3898537,regular
3899851,regular
3915569,regular
3672162,regular
3672162,regular
3672162,regular
3721360,regular
3721360,regular
3746623,regular
3822496,regular
3822496,regular
3836260,deviant
3848309,regular
3851112,deviant
3901404,regular
3747286,regular
3814693,regular
3871043,regular
3871043,regular
3871043,regular
3871043,regular
3871043,regular
3871043,regular
3871043,regular
3871043,regular
3871043,regular
3871043,regular
3871043,regular
3871043,regular
3871043,regular
3871043,regular
3871043,regular
3871043,regular
3871043,regular
3871043,regular
3871043,regular
3871043,regular
3871043,regular
3871043,regular
3871043,regular
3871043,regular
3871043,regular
3871043,regular
3871043,regular
3871043,regular
3871043,regular
3871043,regular
3871043,regular
3871043,regular
3871043,regular
3871043,regular
3871043,regular
3871043,regular
3871869,regular
3871869,regular
3871869,regular
3871869,regular
3871869,regular
3871869,regular
3871869,regular
3871869,regular
3871869,regular
3871869,regular
3871869,regular
3871869,regular
3871869,regular
3871869,regular
3871869,regular
3871869,regular
3871869,regular
3871869,regular
3871869,regular
3871869,regular
3871869,regular
3871869,regular
3871869,regular
3871869,regular
3871869,regular
3871869,regular
3871869,regular
3871869,regular
3871869,regular
3871869,regular
3871869,regular
3871869,regular
3871869,regular
3871869,regular
3871869,regular
3871869,regular
3321023,regular
3321023,regular
3321023,regular
3321023,regular
3321023,regular
3321023,regular
3321023,regular
3321023,regular
3321023,regular
3321023,regular
3321023,regular
3321023,regular
3321023,regular
3321023,regular
3321023,regular
3321023,regular
3321023,regular
3321023,regular
3321023,regular
3321023,regular
3321023,regular
3321023,regular
3872511,regular
3872511,regular
3872511,regular
3872511,regular
3872511,regular
3872511,regular
3872511,regular
3872511,regular
3872511,regular
3872511,regular
3872511,regular
3872511,regular
3872511,regular
3872511,regular
3872511,regular
3872511,regular
3872511,regular
3872511,regular
3872511,regular
3872511,regular
3872511,regular
3872511,regular
3872511,regular
3872511,regular
3872511,regular
3872511,regular
3872511,regular
3872511,regular
3872511,regular
3872511,regular
3872511,regular
3872511,regular
3872511,regular
3872511,regular
3321023,regular
3321023,regular
3814693,regular
3814693,regular
3814693,regular
3814693,regular
3814693,regular
3814693,regular
3814693,regular
3814693,regular
3814693,regular
3814693,regular
3814693,regular
3814693,regular
3814693,regular
3814693,regular
3814693,regular
3814693,regular
3814693,regular
3814693,regular
3814693,regular
3814693,regular
3814693,regular
3814693,regular
3814693,regular
3814693,regular
3814693,regular
3814693,regular
3814693,regular
3873264,regular
3873264,regular
3873264,regular
3873264,regular
3873264,regular
3873264,regular
3747286,regular
3873264,regular
3848309,regular
3848309,regular
3848309,regular
3848309,regular
3848309,regular
3848309,regular
3848309,regular
3848309,regular
3848309,regular
3848309,regular
3848309,regular
3848309,regular
3848309,regular
3848309,regular
3848309,regular
3848309,regular
3848309,regular
3848309,regular
3848309,regular
3848309,regular
3848309,regular
3848309,regular
3848309,regular
3848309,regular
3848309,regular
3848309,regular
3848309,regular
3848309,regular
3848309,regular
3848309,regular
3848309,regular
3797086,regular
3797086,regular
3797086,regular
3797086,regular
3797086,regular
3797086,regular
3797086,regular
3797086,regular
3797086,regular
3797086,regular
3797086,regular
3797086,regular
3797086,regular
3797086,regular
3797086,regular
3797086,regular
3797086,regular
3797086,regular
3797086,regular
3797086,regular
3797086,regular
3797086,regular
3797086,regular
3797086,regular
3797086,regular
3797086,regular
3688940,regular
3711664,regular
3830432,deviant
3888975,deviant
3902516,regular
3876956,regular
3876956,regular
3876956,regular
3876956,regular
3876956,regular
3701292,regular
3701292,regular
3701292,regular
3701292,regular
3701292,regular
3701292,regular
3701292,regular
3701292,regular
3701292,regular
3701292,regular
3701292,regular
3701292,regular
3701292,regular
3701292,regular
3701292,regular
3701292,regular
3701292,regular
3876956,regular
3876956,regular
3878034,regular
3878034,regular
3878034,regular
3878034,regular
3878034,regular
3878034,regular
3878034,regular
3711664,regular
3711664,regular
3711664,regular
3711664,regular
3711664,regular
3711664,regular
3711664,regular
3711664,regular
3711664,regular
3711664,regular
3711664,regular
3711664,regular
3711664,regular
3711664,regular
3711664,regular
3711664,regular
3711664,regular
3711664,regular
3711664,regular
3711664,regular
3711664,regular
3711664,regular
3711664,regular
3711664,regular
3711664,regular
3711664,regular
3679724,regular
3688940,regular
3848309,regular
3848309,regular
3871043,regular
3871043,regular
3871869,regular
3871869,regular
3872511,regular
3872511,regular
3881788,regular
3881788,regular
3881788,regular
3881788,regular
3881788,regular
3881788,regular
3881788,regular
3856222,regular
3856222,regular
3882945,regular
3882945,regular
3882945,regular
3882945,regular
3882945,regular
3882945,regular
3882945,regular
3674830,regular
3674830,regular
3674830,regular
3674830,regular
3674830,regular
3674830,regular
3674830,regular
3674830,regular
3674830,regular
3674830,regular
3679724,regular
3679724,regular
3679724,regular
3679724,regular
3688940,regular
3688940,regular
3688940,regular
3688940,regular
3701292,regular
3701292,regular
3701292,regular
3701292,regular
3701292,regular
3701292,regular
3701292,regular
3701292,regular
3701292,regular
3850883,regular
3850883,regular
3850883,regular
3850883,regular
3850883,regular
3850883,regular
3850883,regular
3850883,regular
3850883,regular
3885348,regular
3885348,regular
3885348,regular
3885348,regular
3885348,regular
3885348,regular
3885348,regular
3691884,regular
3691884,regular
3691884,regular
3814693,regular
3824284,regular
3709364,regular
3709364,regular
3709364,regular
3709364,regular
3709364,regular
3709364,regular
3709364,regular
3709364,regular
3709364,regular
3709364,regular
3709364,regular
3709364,regular
3709364,regular
3709364,regular
3709364,regular
3709364,regular
3709364,regular
3709364,regular
3709364,regular
3709364,regular
3709364,regular
3709364,regular
3709364,regular
3709364,regular
3709364,regular
3709364,regular
3709364,regular
3797086,regular
3814693,regular
3814693,regular
3814693,regular
3814693,regular
3824284,regular
3824284,regular
3824284,regular
3824284,regular
3321023,regular
3321023,regular
3321023,regular
3321023,regular
3321023,regular
3321023,regular
3321023,regular
3321023,regular
3321023,regular
3321023,regular
3321023,regular
3321023,regular
3321023,regular
3321023,regular
3321023,regular
3321023,regular
3321023,regular
3321023,regular
3321023,regular
3321023,regular
3321023,regular
3321023,regular
3321023,regular
3824284,regular
3824284,regular
3824284,regular
3824284,regular
3824284,regular
3824284,regular
3824284,regular
3824284,regular
3824284,regular
3824284,regular
3824284,regular
3824284,regular
3824284,regular
3824284,regular
3824284,regular
3824284,regular
3824284,regular
3824284,regular
3824284,regular
3824284,regular
3824284,regular
3824284,regular
3824284,regular
3711664,regular
3850883,regular
3850883,regular
3850883,regular
3850883,regular
3850883,regular
3850883,regular
3850883,regular
3850883,regular
3850883,regular
3850883,regular
3850883,regular
3850883,regular
3850883,regular
3850883,regular
3850883,regular
3850883,regular
3850883,regular
3850883,regular
3711664,regular
3902881,regular
3903253,regular
3888975,deviant
3672162,regular
3721360,regular
3848309,regular
3850883,regular
3852903,deviant
3856222,regular
3871043,regular
3871043,regular
3871869,regular
3871869,regular
3872511,regular
3872511,regular
3876956,regular
3720178,deviant
3742869,regular
3797086,regular
3824284,regular
3901453,deviant
3906809,regular
3908684,regular
3909561,regular
3797086,regular
3797086,regular
3797086,regular
3815569,deviant
3815569,deviant
3815569,deviant
3815569,deviant
3815569,deviant
3815569,deviant
3815569,deviant
3815569,deviant
3815569,deviant
3784661,regular
3784661,regular
3784661,regular
3727791,deviant
3727791,deviant
3727791,deviant
3727791,deviant
3824284,regular
3824284,regular
3824284,regular
3727791,deviant
3727791,deviant
3727791,deviant
3784661,regular
3784661,regular
3784661,regular
3784661,regular
3784661,regular
3784661,regular
3784661,regular
3784661,regular
3784661,regular
3784661,regular
3784661,regular
3784661,regular
3784661,regular
3784661,regular
3784661,regular
3784661,regular
3742869,regular
3742869,regular
3742869,regular
3882945,regular
3882945,regular
3882945,regular
3882945,regular
3882945,regular
3747286,regular
3747286,regular
3747286,regular
3747286,regular
3747286,regular
3747286,regular
3747286,regular
3747286,regular
3747286,regular
3747286,regular
3747286,regular
3747286,regular
3747286,regular
3747286,regular
3747286,regular
3747286,regular
3747286,regular
3709364,regular
3914965,regular
3893811,regular
3893811,regular
3691884,regular
3691884,regular
3691884,regular
3691884,regular
3691884,regular
3691884,regular
3691884,regular
3691884,regular
3691884,regular
3691884,regular
3691884,regular
3691884,regular
3691884,regular
3691884,regular
3691884,regular
3691884,regular
3691884,regular
3691884,regular
3691884,regular
3691884,regular
3691884,regular
3691884,regular
3691884,regular
3691884,regular
3691884,regular
3691884,regular
3691884,regular
3691884,regular
3691884,regular
3691884,regular
3691884,regular
3691884,regular
3895234,regular
3895234,regular
3895234,regular
3895234,regular
3895234,regular
3895234,regular
3895234,regular
3895234,regular
3711664,regular
3711664,regular
3711664,regular
3711664,regular
3709364,regular
3709364,regular
3709364,regular
3709364,regular
3815569,deviant
3815569,deviant
3815569,deviant
3815569,deviant
3815569,deviant
3815569,deviant
3783172,regular
3783172,regular
3783172,regular
3783172,regular
3783172,regular
3783172,regular
3783172,regular
3783172,regular
3783172,regular
3783172,regular
3783172,regular
3783172,regular
3783172,regular
3783172,regular
3783172,regular
3783172,regular
3783172,regular
3783172,regular
3783172,regular
3783172,regular
3783172,regular
3783172,regular
3783172,regular
3783172,regular
3783172,regular
3783172,regular
3783172,regular
3783172,regular
3885348,regular
3885348,regular
3876956,regular
3876956,regular
3727791,deviant
3901453,deviant
3901453,deviant
3902881,regular
3914452,regular
3784661,regular
3784661,regular
3784661,regular
3784661,regular
3784661,regular
3784661,regular
3784661,regular
3783708,regular
3783708,regular
3783708,regular
3783708,regular
3784661,regular
3783708,regular
3783708,regular
3783708,regular
3783708,regular
3783708,regular
3898537,regular
3898537,regular
3898537,regular
3783708,regular
3898537,regular
3783708,regular
3898537,regular
3783708,regular
3783708,regular
3783708,regular
3783708,regular
3783708,regular
3783708,regular
3783708,regular
3898537,regular
3898537,regular
3783708,regular
3783708,regular
3783708,regular
3783708,regular
3783708,regular
3783708,regular
3783708,regular
3783708,regular
3783708,regular
3899851,regular
3899851,regular
3899851,regular
3899851,regular
3899851,regular
3899851,regular
3899851,regular
3901404,regular
3901404,regular
3901404,regular
3901404,regular
3901404,regular
3783708,regular
3783708,regular
3901404,regular
3901404,regular
3856222,regular
3856222,regular
3856222,regular
3856222,regular
3856222,regular
3856222,regular
3856222,regular
3856222,regular
3856222,regular
3856222,regular
3856222,regular
3856222,regular
3856222,regular
3856222,regular
3856222,regular
3856222,regular
3856222,regular
3856222,regular
3856222,regular
3856222,regular
3856222,regular
3856222,regular
3856222,regular
3856222,regular
3856222,regular
3856222,regular
3901453,deviant
3901453,deviant
3902516,regular
3902516,regular
3902516,regular
3902516,regular
3902516,regular
3902516,regular
3902516,regular
3856222,regular
3902881,regular
3902881,regular
3903253,regular
3903253,regular
3903253,regular
3903253,regular
3852903,deviant
3882945,regular
3852903,deviant
3852903,deviant
3852903,deviant
3852903,deviant
3852903,deviant
3882945,regular
3882945,regular
3882945,regular
3882945,regular
3882945,regular
3882945,regular
3882945,regular
3882945,regular
3882945,regular
3882945,regular
3882945,regular
3882945,regular
3882945,regular
3882945,regular
3882945,regular
3882945,regular
3850883,regular
3850883,regular
3850883,regular
3850883,regular
3850883,regular
3882945,regular
3893811,regular
3783708,regular
3783708,regular
3783708,regular
3893811,regular
3893811,regular
3893811,regular
3893811,regular
3893811,regular
3893811,regular
3893811,regular
3893811,regular
3893811,regular
3893811,regular
3893811,regular
3893811,regular
3893811,regular
3893811,regular
3893811,regular
3893811,regular
3893811,regular
3893811,regular
3893811,regular
3893811,regular
3893811,regular
3893811,regular
3893811,regular
3893811,regular
3893811,regular
3893811,regular
3893811,regular
3893811,regular
3893811,regular
3893811,regular
3893811,regular
3893811,regular
3912125,regular
3885348,regular
3885348,regular
3885348,regular
3885348,regular
3885348,regular
3885348,regular
3885348,regular
3885348,regular
3885348,regular
3885348,regular
3885348,regular
3885348,regular
3885348,regular
3885348,regular
3885348,regular
3885348,regular
3885348,regular
3885348,regular
3885348,regular
3885348,regular
3885348,regular
3885348,regular
3885348,regular
3885348,regular
3885348,regular
3895234,regular
3895234,regular
3895234,regular
3906809,regular
3906809,regular
3906809,regular
3906809,regular
3906809,regular
3906809,regular
3906809,regular
3747286,regular
3784661,regular
3851112,deviant
3852903,deviant
3906809,regular
3913498,regular
3913948,regular
3852903,deviant
3852903,deviant
3784661,regular
3784661,regular
3784661,regular
3908684,regular
3908684,regular
3908684,regular
3908684,regular
3908684,regular
3908684,regular
3908684,regular
3909561,regular
3909561,regular
3909561,regular
3909561,regular
3909561,regular
3909561,regular
3909561,regular
3910343,deviant
3910343,deviant
3747286,regular
3747286,regular
3747286,regular
3747286,regular
3742869,regular
3797086,regular
3824284,regular
3880474,deviant
3882945,regular
3885348,regular
3895234,regular
3783172,regular
3916103,regular
3783172,regular
3783172,regular
3783172,regular
3912125,regular
3912125,regular
3912125,regular
3912125,regular
3913498,regular
3913498,regular
3913498,regular
3913498,regular
3913948,regular
3913948,regular
3913948,regular
3913948,regular
3914452,regular
3914452,regular
3914452,regular
3914452,regular
3914965,regular
3914965,regular
3914965,regular
3914965,regular
3836260,deviant
3856222,regular
3882945,regular
3885348,regular
3893811,regular
3923930,regular
3916103,regular
3916103,regular
3916103,regular
3916103,regular
3916103,regular
3916103,regular
3916103,regular
3924327,regular
3925014,deviant
3925616,regular
3926564,regular
3927731,regular
3915569,regular
3915569,regular
3915569,regular
3915569,regular
3915569,regular
3915569,regular
3915569,regular
3915569,regular
3915569,regular
3915569,regular
3915569,regular
3915569,regular
3915569,regular
3915569,regular
3915569,regular
3915569,regular
3915569,regular
3915569,regular
3915569,regular
3915569,regular
3915569,regular
3915569,regular
3915569,regular
3915569,regular
3915569,regular
3915569,regular
3915569,regular
3915569,regular
3915569,regular
3915569,regular
3915569,regular
3915569,regular
3915569,regular
3915569,regular
3915569,regular
3333586,regular
3333586,regular
3333586,regular
3333586,regular
3333586,regular
3333586,regular
3333586,regular
3333586,regular
3333586,regular
3333586,regular
3333586,regular
3333586,regular
3333586,regular
3333586,regular
3333586,regular
3333586,regular
3333586,regular
3333586,regular
3333586,regular
3333586,regular
3333586,regular
3333586,regular
3333586,regular
3333586,regular
3333586,regular
3333586,regular
3856222,regular
3856222,regular
3333586,regular
3856222,regular
3856222,regular
3333586,regular
3333586,regular
3333586,regular
3333586,regular
3333586,regular
3333586,regular
3333586,regular
3333586,regular
3333586,regular
3333586,regular
3333586,regular
3333586,regular
3928083,regular
3885348,regular
3885348,regular
3885348,regular
3885348,regular
3885348,regular
3885348,regular
3893811,regular
3893811,regular
3893811,regular
3893811,regular
3893811,regular
3882945,regular
3882945,regular
3882945,regular
3882945,regular
3882945,regular
3696599,regular
3915569,regular
3916103,regular
3929853,regular
3930733,regular
3932265,regular
3934995,deviant
3923930,regular
3923930,regular
3923930,regular
3923930,regular
3923930,regular
3923930,regular
3923930,regular
3924327,regular
3924327,regular
3924327,regular
3924327,regular
3924327,regular
3924327,regular
3924327,regular
3925014,deviant
3925014,deviant
3925014,deviant
3925014,deviant
3925014,deviant
3925014,deviant
3925014,deviant
3333586,regular
3696599,regular
3783172,regular
3783708,regular
3784661,regular
3829589,deviant
3850883,regular
3898537,regular
3901453,deviant
3902516,regular
3909561,regular
3912125,regular
3913498,regular
3915569,regular
3933353,regular
3333586,regular
3880474,deviant
3927731,regular
3936933,regular
3937665,regular
3925616,regular
3926564,regular
3926564,regular
3926564,regular
3926564,regular
3926564,regular
3926564,regular
3926564,regular
3926564,regular
3928221,regular
3928221,regular
3928221,regular
3928221,regular
3928083,regular
3928083,regular
3928083,regular
3928083,regular
3929853,regular
3929853,regular
3929853,regular
3929853,regular
3930375,deviant
3930375,deviant
3930375,deviant
3930375,deviant
3930375,deviant
3913498,regular
3913498,regular
3913498,regular
3913498,regular
3913498,regular
3913498,regular
3913498,regular
3913498,regular
3913498,regular
3913498,regular
3913498,regular
3913498,regular
3913498,regular
3913498,regular
3913498,regular
3913498,regular
3913498,regular
3913498,regular
3913498,regular
3913498,regular
3913498,regular
3913498,regular
3913498,regular
3913498,regular
3913498,regular
3913498,regular
3913498,regular
3913498,regular
3913498,regular
3913498,regular
3930733,regular
3930733,regular
3913498,regular
3913498,regular
3930733,regular
3930733,regular
3830432,deviant
3938338,regular
3932265,regular
3932265,regular
3932265,regular
3932265,regular
3932265,regular
3932265,regular
3932265,regular
3933353,regular
3933353,regular
3933353,regular
3933353,regular
3933353,regular
3933353,regular
3933353,regular
3830432,deviant
3913498,regular
3913498,regular
3913948,regular
3913948,regular
3913948,regular
3913948,regular
3913948,regular
3913948,regular
3913948,regular
3913948,regular
3913948,regular
3913948,regular
3913948,regular
3913948,regular
3913948,regular
3913948,regular
3913948,regular
3913948,regular
3913948,regular
3913948,regular
3913948,regular
3913948,regular
3913948,regular
3913948,regular
3913948,regular
3913948,regular
3913948,regular
3913948,regular
3913948,regular
3913948,regular
3913948,regular
3913948,regular
3913948,regular
3913948,regular
3913948,regular
3913948,regular
3913948,regular
3913948,regular
3934995,deviant
3934995,deviant
3934995,deviant
3934995,deviant
3934995,deviant
3934995,deviant
3934995,deviant
3937665,regular
3937665,regular
3937665,regular
3937665,regular
3936933,regular
3936933,regular
3936933,regular
3936933,regular
3813803,regular
3815569,deviant
3830432,deviant
3916103,regular
3938338,regular
3938338,regular
3938338,regular
3938338,regular
3916103,regular
3916103,regular
3916103,regular
3916103,regular
3916103,regular
3916103,regular
3916103,regular
3916103,regular
3916103,regular
3916103,regular
3916103,regular
3916103,regular
3916103,regular
3916103,regular
3916103,regular
3916103,regular
3916103,regular
3916103,regular
3916103,regular
3916103,regular
3916103,regular
3916103,regular
3916103,regular
3916103,regular
3813803,regular
3813803,regular
3813803,regular
3813803,regular
3813803,regular
3813803,regular
3813803,regular
3813803,regular
3813803,regular
3813803,regular
3813803,regular
3813803,regular
3813803,regular
3813803,regular
3813803,regular
3813803,regular
3942822,regular
3942822,regular
3942822,regular
3942822,regular
3942822,regular
3813803,regular
3830432,deviant
3830432,deviant
3945357,regular
3946773,regular
3936933,regular
3936933,regular
3936933,regular
3936933,regular
3936933,regular
3936933,regular
3936933,regular
3936933,regular
3936933,regular
3916103,regular
3916103,regular
3916103,regular
3916103,regular
3916103,regular
3916103,regular
3874236,deviant
3813803,regular
3813803,regular
3813803,regular
3813803,regular
3813803,regular
3813803,regular
3813803,regular
3813803,regular
3813803,regular
3813803,regular
3813803,regular
3813803,regular
3813803,regular
3813803,regular
3813803,regular
3813803,regular
3813803,regular
3825035,regular
3825035,regular
3825035,regular
3825035,regular
3913498,regular
3915569,regular
3924327,regular
3925014,deviant
3925616,regular
3928083,regular
3932265,regular
3949529,regular
3951012,regular
3999954,regular
3945357,regular
3945357,regular
3945357,regular
3945357,regular
3946773,regular
3946773,regular
3946773,regular
3946773,regular
3934995,deviant
3934995,deviant
3934995,deviant
3934995,deviant
3934995,deviant
3934995,deviant
3934995,deviant
3934995,deviant
3934995,deviant
3934995,deviant
3934995,deviant
3091829,regular
3091829,regular
3091829,regular
3091829,regular
3091829,regular
3091829,regular
3091829,regular
3091829,regular
3091829,regular
3091829,regular
3091829,regular
3091829,regular
3091829,regular
3091829,regular
3091829,regular
3091829,regular
3091829,regular
3091829,regular
3091829,regular
3091829,regular
3091829,regular
3951677,regular
3245596,regular
3245596,regular
3245596,regular
3245596,regular
3245596,regular
3245596,regular
3245596,regular
3459343,regular
3459343,regular
3459343,regular
3459343,regular
3459343,regular
3459343,regular
3949529,regular
3949529,regular
3949529,regular
3949529,regular
3949529,regular
3949529,regular
3949529,regular
3951012,regular
3951012,regular
3951012,regular
3951012,regular
3951012,regular
3951012,regular
3951012,regular
3951012,regular
3815569,deviant
3815569,deviant
3815569,deviant
3815569,deviant
3815569,deviant
3815569,deviant
3815569,deviant
3815569,deviant
3815569,deviant
3815569,deviant
3815569,deviant
3815569,deviant
3815569,deviant
3815569,deviant
3815569,deviant
3815569,deviant
3815569,deviant
3815569,deviant
3815569,deviant
3815569,deviant
3815569,deviant
3815569,deviant
3815569,deviant
3851112,deviant
3951677,regular
3951677,regular
3951677,regular
3951677,regular
3951677,regular
3951677,regular
3951677,regular
3091829,regular
3852903,deviant
3899851,regular
3914452,regular
3914965,regular
3937665,regular
3899851,regular
3899851,regular
3899851,regular
3899851,regular
3899851,regular
3899851,regular
3899851,regular
3899851,regular
3899851,regular
3899851,regular
3899851,regular
3899851,regular
3899851,regular
3899851,regular
3899851,regular
3899851,regular
3899851,regular
3899851,regular
3899851,regular
3899851,regular
3899851,regular
3899851,regular
3899851,regular
3899851,regular
3899851,regular
3899851,regular
3899851,regular
3899851,regular
3899851,regular
3899851,regular
3899851,regular
3815569,deviant
3815569,deviant
3815569,deviant
3815569,deviant
3937665,regular
3937665,regular
3937665,regular
3937665,regular
3937665,regular
3937665,regular
3937665,regular
3937665,regular
3937665,regular
3937665,regular
3937665,regular
3937665,regular
3937665,regular
3937665,regular
3937665,regular
3937665,regular
3937665,regular
3937665,regular
3937665,regular
3937665,regular
3937665,regular
3937665,regular
3937665,regular
3937665,regular
3937665,regular
3937665,regular
3937665,regular
3937665,regular
3937665,regular
3937665,regular
3914965,regular
3914965,regular
3914965,regular
3914965,regular
3914965,regular
3914965,regular
3914965,regular
3914965,regular
3914965,regular
3914965,regular
3914965,regular
3914965,regular
3914965,regular
3914965,regular
3914965,regular
3914965,regular
3914965,regular
3914965,regular
3914965,regular
3914965,regular
3914965,regular
3914965,regular
3914965,regular
3914965,regular
3914965,regular
3914965,regular
3914965,regular
3914965,regular
3914965,regular
3914965,regular
3914452,regular
3914452,regular
3914452,regular
3914452,regular
3914452,regular
3914452,regular
3914452,regular
3914452,regular
3914452,regular
3914452,regular
3914452,regular
3914452,regular
3914452,regular
3914452,regular
3914452,regular
3914452,regular
3914452,regular
3914452,regular
3914452,regular
3914452,regular
3914452,regular
3914452,regular
3914452,regular
3914452,regular
3914452,regular
3914452,regular
3914452,regular
3914452,regular
3914452,regular
3881788,regular
3888975,deviant
3888975,deviant
3899851,regular
3910343,deviant
3923930,regular
3945357,regular
3960387,regular
3962262,regular
3963280,regular
3963963,deviant
3906809,regular
3906809,regular
3906809,regular
3906809,regular
3906809,regular
3906809,regular
3906809,regular
3906809,regular
3906809,regular
3906809,regular
3906809,regular
3906809,regular
3906809,regular
3906809,regular
3906809,regular
3906809,regular
3906809,regular
3906809,regular
3906809,regular
3906809,regular
3906809,regular
3906809,regular
3906809,regular
3906809,regular
3906809,regular
3091829,regular
3091829,regular
3091829,regular
3091829,regular
3091829,regular
3091829,regular
3091829,regular
3091829,regular
3091829,regular
3091829,regular
3091829,regular
3091829,regular
3091829,regular
3091829,regular
3091829,regular
3091829,regular
3091829,regular
3091829,regular
3091829,regular
3091829,regular
3091829,regular
3091829,regular
3091829,regular
3091829,regular
3091829,regular
3091829,regular
3091829,regular
3091829,regular
3091829,regular
3091829,regular
3923930,regular
3923930,regular
3923930,regular
3923930,regular
3923930,regular
3923930,regular
3923930,regular
3923930,regular
3923930,regular
3923930,regular
3923930,regular
3923930,regular
3923930,regular
3923930,regular
3923930,regular
3923930,regular
3923930,regular
3923930,regular
3923930,regular
3923930,regular
3923930,regular
3923930,regular
3923930,regular
3923930,regular
3923930,regular
3923930,regular
3923930,regular
3923930,regular
3881788,regular
3881788,regular
3881788,regular
3881788,regular
3881788,regular
3881788,regular
3881788,regular
3881788,regular
3881788,regular
3881788,regular
3881788,regular
3881788,regular
3881788,regular
3881788,regular
3881788,regular
3881788,regular
3881788,regular
3881788,regular
3881788,regular
3881788,regular
3881788,regular
3881788,regular
3881788,regular
3881788,regular
3881788,regular
3945357,regular
3945357,regular
3945357,regular
3945357,regular
3945357,regular
3945357,regular
3945357,regular
3945357,regular
3945357,regular
3945357,regular
3945357,regular
3945357,regular
3945357,regular
3945357,regular
3945357,regular
3945357,regular
3945357,regular
3945357,regular
3945357,regular
3945357,regular
3945357,regular
3945357,regular
3945357,regular
3945357,regular
3881788,regular
3881788,regular
3945357,regular
3945357,regular
3881788,regular
3881788,regular
3881788,regular
3881788,regular
3881788,regular
3945357,regular
3945357,regular
3945357,regular
3946773,regular
3906809,regular
3928221,regular
3949529,regular
3965191,regular
3667000,regular
3667000,regular
3667000,regular
3667000,regular
3667000,regular
3667000,regular
3667000,regular
3667000,regular
3667000,regular
3667000,regular
3667000,regular
3667000,regular
3667000,regular
3667000,regular
3667000,regular
3667000,regular
3667000,regular
3667000,regular
3667000,regular
3667000,regular
3667000,regular
3667000,regular
3667000,regular
3667000,regular
3667000,regular
3667000,regular
3937665,regular
3937665,regular
3949529,regular
3949529,regular
3949529,regular
3949529,regular
3949529,regular
3949529,regular
3949529,regular
3949529,regular
3949529,regular
3949529,regular
3949529,regular
3949529,regular
3949529,regular
3949529,regular
3949529,regular
3949529,regular
3949529,regular
3949529,regular
3949529,regular
3949529,regular
3949529,regular
3949529,regular
3949529,regular
3949529,regular
3914452,regular
3914452,regular
3914452,regular
3949529,regular
3949529,regular
3949529,regular
3914965,regular
3914965,regular
3928221,regular
3928221,regular
3928221,regular
3928221,regular
3928221,regular
3651544,deviant
3651544,deviant
3651544,deviant
3651544,deviant
3651544,deviant
3651544,deviant
3651544,deviant
3651544,deviant
3928221,regular
3928221,regular
3928221,regular
3928221,regular
3928221,regular
3928221,regular
3928221,regular
3928221,regular
3928221,regular
3928221,regular
3928221,regular
3928221,regular
3928221,regular
3928221,regular
3928221,regular
3928221,regular
3928221,regular
3928221,regular
3928221,regular
3928221,regular
3928221,regular
3928221,regular
3928221,regular
3928221,regular
3906809,regular
3906809,regular
3906809,regular
3906809,regular
3906809,regular
3906809,regular
3962262,regular
3962262,regular
3962262,regular
3962262,regular
3962262,regular
3962262,regular
3962262,regular
3945357,regular
3945357,regular
3945357,regular
3945357,regular
3963280,regular
3963963,deviant
3963963,deviant
3963963,deviant
3963963,deviant
3963963,deviant
3963963,deviant
3963963,deviant
3923930,regular
3923930,regular
3923930,regular
3923930,regular
3949529,regular
3949529,regular
3928221,regular
3928221,regular
3971506,regular
3965191,regular
3965191,regular
3965191,regular
3965191,regular
3965191,regular
3965191,regular
3965191,regular
3667000,regular
3829589,deviant
3930375,deviant
3975543,regular
3976655,regular
3977213,regular
3977898,regular
3667000,regular
3667000,regular
3667000,regular
3667000,regular
3667000,regular
3667000,regular
3667000,regular
3903253,regular
3951677,regular
3951677,regular
3951677,regular
3951677,regular
3951677,regular
3951677,regular
3951677,regular
3951677,regular
3951677,regular
3951677,regular
3951677,regular
3951677,regular
3951677,regular
3951677,regular
3951677,regular
3951677,regular
3951677,regular
3951677,regular
3951677,regular
3951677,regular
3951677,regular
3925616,regular
3978275,regular
3978771,regular
3925014,deviant
3925014,deviant
3925014,deviant
3925014,deviant
3925014,deviant
3925014,deviant
3925014,deviant
3925014,deviant
3925014,deviant
3925014,deviant
3925014,deviant
3888975,deviant
3951677,regular
3909561,regular
3925014,deviant
3951677,regular
3980143,deviant
3999954,regular
3909561,regular
3909561,regular
3909561,regular
3975543,regular
3975543,regular
3975543,regular
3975543,regular
3975543,regular
3975543,regular
3975543,regular
3902516,regular
3902516,regular
3976655,regular
3976655,regular
3976655,regular
3976655,regular
3976655,regular
3976655,regular
3976655,regular
3977213,regular
3977213,regular
3977213,regular
3977213,regular
3977213,regular
3977213,regular
3977213,regular
3977898,regular
3977898,regular
3977898,regular
3977898,regular
3977898,regular
3977898,regular
3977898,regular
3978275,regular
3978275,regular
3978275,regular
3978275,regular
3978275,regular
3978275,regular
3978275,regular
3978771,regular
3978771,regular
3978771,regular
3978771,regular
3978771,regular
3978771,regular
3978771,regular
3909561,regular
3909561,regular
3909561,regular
3909561,regular
3909561,regular
3898537,regular
3898537,regular
3898537,regular
3902516,regular
3902516,regular
3902516,regular
3902516,regular
3902516,regular
3902516,regular
3902516,regular
3902516,regular
3902516,regular
3902516,regular
3902516,regular
3902516,regular
3902516,regular
3902516,regular
3902516,regular
3902516,regular
3902516,regular
3902516,regular
3902516,regular
3902516,regular
3902516,regular
3902516,regular
3902516,regular
3898537,regular
3898537,regular
3898537,regular
3898537,regular
3898537,regular
3622313,regular
3898537,regular
3898537,regular
3901453,deviant
3901453,deviant
3977898,regular
3988624,regular
3924327,regular
3924327,regular
3980143,deviant
3980143,deviant
3980143,deviant
3980143,deviant
3980143,deviant
3980143,deviant
3980143,deviant
3908684,regular
3908684,regular
3926564,regular
3926564,regular
3965191,regular
3965191,regular
3965191,regular
3965191,regular
3965191,regular
3965191,regular
3965191,regular
3965191,regular
3965191,regular
3965191,regular
3965191,regular
3965191,regular
3965191,regular
3965191,regular
3980143,deviant
3980143,deviant
3980143,deviant
3980143,deviant
3980143,deviant
3980143,deviant
3980143,deviant
3980143,deviant
3980143,deviant
3925014,deviant
3925014,deviant
3925014,deviant
3925014,deviant
3977898,regular
3977898,regular
3925014,deviant
3977898,regular
3925014,deviant
3925014,deviant
3925014,deviant
3925014,deviant
3925014,deviant
3925014,deviant
3925014,deviant
3925014,deviant
3925014,deviant
3925014,deviant
3925014,deviant
3925014,deviant
3925014,deviant
3925014,deviant
3977898,regular
3977898,regular
3977898,regular
3977898,regular
3977898,regular
3977898,regular
3977898,regular
3977898,regular
3977898,regular
3977898,regular
3977898,regular
3977898,regular
3977898,regular
3977898,regular
3977898,regular
3977898,regular
3977898,regular
3977898,regular
3977898,regular
3977898,regular
3977898,regular
3977898,regular
3977898,regular
3977898,regular
3977898,regular
3980143,deviant
3980143,deviant
3977898,regular
3977898,regular
3977898,regular
3977898,regular
3925014,deviant
3930733,regular
3930733,regular
3912125,regular
3912125,regular
3895234,regular
3852903,deviant
3852903,deviant
3852903,deviant
3852903,deviant
3852903,deviant
3852903,deviant
3852903,deviant
3852903,deviant
3852903,deviant
3852903,deviant
3852903,deviant
3852903,deviant
3852903,deviant
3852903,deviant
3852903,deviant
3852903,deviant
3852903,deviant
3852903,deviant
3852903,deviant
3852903,deviant
3852903,deviant
3852903,deviant
3852903,deviant
3928083,regular
3928083,regular
3910343,deviant
3852903,deviant
3852903,deviant
3852903,deviant
3852903,deviant
3852903,deviant
3852903,deviant
3852903,deviant
3852903,deviant
3852903,deviant
3852903,deviant
3134210,deviant
3134210,deviant
3134210,deviant
3925014,deviant
3976655,regular
3977213,regular
3992963,regular
3994382,regular
3997595,regular
3976655,regular
3976655,regular
3976655,regular
3976655,regular
3976655,regular
3976655,regular
3976655,regular
3976655,regular
3976655,regular
3976655,regular
3976655,regular
3976655,regular
3976655,regular
3976655,regular
3976655,regular
3976655,regular
3976655,regular
3976655,regular
3976655,regular
3976655,regular
3976655,regular
3976655,regular
3976655,regular
3976655,regular
3976655,regular
3852903,deviant
3852903,deviant
3976655,regular
3976655,regular
3976655,regular
3976655,regular
3976655,regular
3976655,regular
3976655,regular
3852903,deviant
3852903,deviant
3977213,regular
3977213,regular
3977213,regular
3977213,regular
3977213,regular
3977213,regular
3977213,regular
3977213,regular
3977213,regular
3977213,regular
3977213,regular
3977213,regular
3977213,regular
3977213,regular
3977213,regular
3977213,regular
3977213,regular
3977213,regular
3977213,regular
3977213,regular
3977213,regular
3977213,regular
3977213,regular
3977213,regular
3977213,regular
3977213,regular
3977213,regular
3977213,regular
3977213,regular
3977213,regular
3977213,regular
3977213,regular
3622313,regular
3622313,regular
3622313,regular
3622313,regular
3622313,regular
3622313,regular
3622313,regular
3622313,regular
3622313,regular
3622313,regular
3622313,regular
3622313,regular
3622313,regular
3622313,regular
3622313,regular
3622313,regular
3622313,regular
3622313,regular
3622313,regular
3622313,regular
3622313,regular
3622313,regular
3622313,regular
3622313,regular
3622313,regular
3622313,regular
3622313,regular
3622313,regular
3622313,regular
3622313,regular
3622313,regular
3622313,regular
3622313,regular
3622313,regular
3622313,regular
3622313,regular
3622313,regular
3622313,regular
3622313,regular
3622313,regular
3622313,regular
3622313,regular
3622313,regular
3622313,regular
3622313,regular
3622313,regular
3622313,regular
3622313,regular
3622313,regular
3622313,regular
3622313,regular
3622313,regular
3925014,deviant
3925014,deviant
3925014,deviant
3925014,deviant
3925014,deviant
3902516,regular
3902516,regular
3852903,deviant
3852903,deviant
3852903,deviant
3852903,deviant
3988624,regular
3988624,regular
3988624,regular
3988624,regular
3988624,regular
3988624,regular
3988624,regular
3727791,deviant
3963963,deviant
3980143,deviant
3996389,regular
3895234,regular
3895234,regular
3895234,regular
3895234,regular
3895234,regular
3902516,regular
3895234,regular
3895234,regular
3902516,regular
3902516,regular
3902516,regular
3902516,regular
3134210,deviant
3622313,regular
3622313,regular
3622313,regular
3622313,regular
3622313,regular
3878034,regular
3878034,regular
3992963,regular
3992963,regular
3992963,regular
3992963,regular
3992963,regular
3992963,regular
3992963,regular
3994382,regular
3994382,regular
3994382,regular
3994382,regular
3994382,regular
3902881,regular
3902881,regular
3902881,regular
3994382,regular
3994382,regular
3902881,regular
3902881,regular
3978771,regular
3978771,regular
3825035,regular
3825035,regular
3825035,regular
3825035,regular
3825035,regular
3825035,regular
3878034,regular
3971506,regular
3978771,regular
3946773,regular
3946773,regular
3946773,regular
3946773,regular
3946773,regular
3946773,regular
3946773,regular
3946773,regular
3946773,regular
3946773,regular
3996389,regular
3996389,regular
3996389,regular
3996389,regular
3996389,regular
3996389,regular
3996389,regular
3997595,regular
3997595,regular
3997595,regular
3997595,regular
3997595,regular
3997595,regular
3997595,regular
3878034,regular
3878034,regular
3878034,regular
3878034,regular
3878034,regular
3878034,regular
3878034,regular
3878034,regular
3878034,regular
3878034,regular
3878034,regular
3878034,regular
3878034,regular
3878034,regular
3878034,regular
3878034,regular
3878034,regular
3878034,regular
3878034,regular
3878034,regular
3878034,regular
3878034,regular
3878034,regular
3878034,regular
3878034,regular
3876956,regular
3876956,regular
3902881,regular
3930733,regular
3930733,regular
4007912,regular
3965191,regular
3965191,regular
3965191,regular
3965191,regular
3965191,regular
3965191,regular
3965191,regular
3965191,regular
3965191,regular
3965191,regular
3965191,regular
3902881,regular
3902881,regular
3902881,regular
3902881,regular
3902881,regular
3902881,regular
3902881,regular
3902881,regular
3902881,regular
3902881,regular
3902881,regular
3902881,regular
3902881,regular
3902881,regular
3902881,regular
3902881,regular
3902881,regular
3902881,regular
3902881,regular
3902881,regular
3902881,regular
3902881,regular
3902881,regular
3902881,regular
3902881,regular
3902881,regular
3902881,regular
3992963,regular
3992963,regular
3992963,regular
3992963,regular
3992963,regular
3992963,regular
3992963,regular
3992963,regular
3992963,regular
3992963,regular
3992963,regular
3992963,regular
3992963,regular
3992963,regular
3992963,regular
3992963,regular
3992963,regular
3992963,regular
3992963,regular
3992963,regular
3992963,regular
3992963,regular
3992963,regular
3992963,regular
3992963,regular
3965191,regular
3965191,regular
3992963,regular
3992963,regular
3994382,regular
3994382,regular
3994382,regular
3994382,regular
3994382,regular
3994382,regular
3994382,regular
3994382,regular
3994382,regular
3994382,regular
3994382,regular
3994382,regular
3994382,regular
3994382,regular
3994382,regular
3994382,regular
3994382,regular
3994382,regular
3994382,regular
3994382,regular
3994382,regular
3994382,regular
3994382,regular
3994382,regular
3994382,regular
3994382,regular
3930733,regular
3930733,regular
3930733,regular
3930733,regular
3930733,regular
3930733,regular
3930733,regular
3930733,regular
3930733,regular
3930733,regular
3930733,regular
3930733,regular
3930733,regular
3930733,regular
3930733,regular
3930733,regular
3930733,regular
3930733,regular
3930733,regular
3930733,regular
3930733,regular
3930733,regular
3930733,regular
3930733,regular
3930733,regular
3951677,regular
3951677,regular
3963963,deviant
3963963,deviant
3963963,deviant
3963963,deviant
3963963,deviant
3963963,deviant
3963963,deviant
3963963,deviant
3963963,deviant
3963963,deviant
3963963,deviant
3963963,deviant
3963963,deviant
3925616,regular
3925616,regular
3925616,regular
3925616,regular
3925616,regular
3925616,regular
3925616,regular
3925616,regular
3925616,regular
3925616,regular
3925616,regular
3925616,regular
3925616,regular
3925616,regular
3925616,regular
3925616,regular
3925616,regular
3925616,regular
3925616,regular
3925616,regular
3925616,regular
3925616,regular
3925616,regular
3925616,regular
3925616,regular
3925616,regular
3925616,regular
3925616,regular
3925616,regular
3962262,regular
3962262,regular
3962262,regular
3962262,regular
3962262,regular
3962262,regular
3962262,regular
3962262,regular
3962262,regular
3962262,regular
3962262,regular
3962262,regular
3962262,regular
3962262,regular
3962262,regular
3962262,regular
3962262,regular
3962262,regular
3962262,regular
3962262,regular
3962262,regular
3962262,regular
3962262,regular
3962262,regular
3962262,regular
3874236,deviant
3925616,regular
4008823,regular
4013230,regular
4015918,regular
3994382,regular
3994382,regular
3994382,regular
3994382,regular
3928083,regular
3928083,regular
3928083,regular
3928083,regular
3928083,regular
3928083,regular
3928083,regular
3928083,regular
3928083,regular
3928083,regular
3928083,regular
3928083,regular
3928083,regular
3928083,regular
3928083,regular
3928083,regular
3928083,regular
3928083,regular
3928083,regular
3928083,regular
3928083,regular
3928083,regular
3992963,regular
3992963,regular
3992963,regular
3992963,regular
3965191,regular
3965191,regular
3965191,regular
3965191,regular
3928083,regular
3928083,regular
3902881,regular
3902881,regular
3902881,regular
3902881,regular
3912125,regular
3912125,regular
3912125,regular
3912125,regular
3912125,regular
3912125,regular
3912125,regular
3912125,regular
3912125,regular
3912125,regular
3912125,regular
3912125,regular
3912125,regular
3912125,regular
3912125,regular
3912125,regular
3912125,regular
3912125,regular
3912125,regular
3912125,regular
3912125,regular
3912125,regular
3912125,regular
3912125,regular
3912125,regular
3912125,regular
3930733,regular
3930733,regular
3930733,regular
3930733,regular
3930733,regular
3912125,regular
3912125,regular
3925616,regular
3925616,regular
3925616,regular
3928083,regular
3928083,regular
3928083,regular
3928083,regular
4007912,regular
4007912,regular
4007912,regular
4007912,regular
4007912,regular
4007912,regular
4007912,regular
4008823,regular
3963963,deviant
3963963,deviant
3963963,deviant
3963963,deviant
3963963,deviant
3963963,deviant
3963963,deviant
3963963,deviant
3963963,deviant
3963963,deviant
3963963,deviant
3963963,deviant
3963963,deviant
3963963,deviant
3963963,deviant
3963963,deviant
3963963,deviant
3963963,deviant
3825035,regular
3825035,regular
3825035,regular
3825035,regular
3825035,regular
3825035,regular
3975543,regular
3975543,regular
3244596,regular
4015596,regular
3951677,regular
3951677,regular
3951677,regular
3951677,regular
3951677,regular
3951677,regular
3951677,regular
3951677,regular
3951677,regular
3951677,regular
3951677,regular
3912125,regular
3912125,regular
3912125,regular
3912125,regular
3912125,regular
3962262,regular
3909561,regular
3951677,regular
3962262,regular
3951677,regular
3951677,regular
3951677,regular
3962262,regular
3962262,regular
3962262,regular
3902881,regular
3930733,regular
3962262,regular
3963280,regular
3963963,deviant
3965191,regular
3965191,regular
3975543,regular
3980143,deviant
3988624,regular
3992963,regular
3992963,regular
3994382,regular
3994382,regular
3996389,regular
4021546,regular
3975543,regular
3975543,regular
3975543,regular
3975543,regular
3975543,regular
3975543,regular
3975543,regular
3975543,regular
3975543,regular
3975543,regular
3975543,regular
3975543,regular
3975543,regular
3963963,deviant
3963963,deviant
3980143,deviant
3980143,deviant
3980143,deviant
3980143,deviant
3980143,deviant
3980143,deviant
3980143,deviant
3980143,deviant
3980143,deviant
3980143,deviant
3980143,deviant
3980143,deviant
3980143,deviant
3980143,deviant
4013230,regular
4013230,regular
4013230,regular
4013230,regular
4013230,regular
4013230,regular
4013230,regular
4015596,regular
4015596,regular
4015596,regular
4015596,regular
4015596,regular
4015596,regular
3980143,deviant
3980143,deviant
3980143,deviant
3980143,deviant
3980143,deviant
3980143,deviant
3980143,deviant
3980143,deviant
3975543,regular
3975543,regular
3975543,regular
3975543,regular
3975543,regular
3975543,regular
3975543,regular
3975543,regular
3975543,regular
3975543,regular
3975543,regular
3876956,regular
3975543,regular
3978771,regular
4032223,deviant
3924327,regular
3924327,regular
3924327,regular
3924327,regular
3924327,regular
3924327,regular
3924327,regular
3924327,regular
3924327,regular
3924327,regular
3924327,regular
3924327,regular
3924327,regular
3924327,regular
3924327,regular
3924327,regular
3924327,regular
3924327,regular
3924327,regular
3924327,regular
3924327,regular
3924327,regular
3924327,regular
4008823,regular
3963963,deviant
3963963,deviant
3963963,deviant
3975543,regular
3975543,regular
3975543,regular
3876956,regular
3876956,regular
3876956,regular
3876956,regular
3876956,regular
3876956,regular
3876956,regular
3876956,regular
3876956,regular
3876956,regular
3876956,regular
3876956,regular
3876956,regular
3876956,regular
3876956,regular
3876956,regular
3876956,regular
3876956,regular
3876956,regular
3876956,regular
3876956,regular
3876956,regular
3876956,regular
3876956,regular
3876956,regular
3876956,regular
3876956,regular
3876956,regular
3727791,deviant
3727791,deviant
3727791,deviant
3727791,deviant
3727791,deviant
3727791,deviant
3727791,deviant
3727791,deviant
3727791,deviant
3876956,regular
3876956,regular
3978771,regular
3978771,regular
3978771,regular
3978771,regular
3978771,regular
3978771,regular
3978771,regular
3978771,regular
3978771,regular
3978771,regular
3978771,regular
3978771,regular
3978771,regular
3978771,regular
3978771,regular
3978771,regular
3978771,regular
3978771,regular
3978771,regular
3978771,regular
3978771,regular
3978771,regular
3978771,regular
3459343,regular
4008823,regular
4032873,regular
3674830,regular
3674830,regular
3674830,regular
3674830,regular
3674830,regular
3674830,regular
3674830,regular
3674830,regular
3674830,regular
3674830,regular
3674830,regular
3674830,regular
3674830,regular
3674830,regular
3674830,regular
3674830,regular
3674830,regular
3674830,regular
3674830,regular
3674830,regular
3674830,regular
3674830,regular
3932265,regular
3932265,regular
3932265,regular
4021546,regular
4021546,regular
3876956,regular
3876956,regular
3876956,regular
4008823,regular
4008823,regular
4008823,regular
4008823,regular
4008823,regular
4008823,regular
4008823,regular
4008823,regular
4008823,regular
4008823,regular
4008823,regular
4008823,regular
4008823,regular
4008823,regular
4008823,regular
4008823,regular
4008823,regular
4008823,regular
4008823,regular
4008823,regular
4008823,regular
4008823,regular
4008823,regular
4008823,regular
4008823,regular
4008823,regular
4008823,regular
4008823,regular
4008823,regular
4008823,regular
4008823,regular
4008823,regular
4008823,regular
4008823,regular
4015596,regular
4015596,regular
4015596,regular
4015596,regular
4015596,regular
4015596,regular
4015596,regular
4015596,regular
4015596,regular
4015596,regular
4015596,regular
4015596,regular
4015596,regular
4015596,regular
4015596,regular
4015596,regular
4015596,regular
4015596,regular
4015596,regular
4015596,regular
4015596,regular
4015596,regular
4015596,regular
4015596,regular
4015596,regular
4015596,regular
3459343,regular
3459343,regular
3459343,regular
3459343,regular
3459343,regular
3459343,regular
3459343,regular
3459343,regular
3459343,regular
3459343,regular
3459343,regular
3459343,regular
3459343,regular
3459343,regular
3459343,regular
3459343,regular
3459343,regular
3459343,regular
3459343,regular
3459343,regular
3459343,regular
3459343,regular
3459343,regular
3459343,regular
3459343,regular
3459343,regular
3459343,regular
3459343,regular
3459343,regular
3459343,regular
3459343,regular
3836260,deviant
3836260,deviant
3836260,deviant
3836260,deviant
3836260,deviant
3836260,deviant
3836260,deviant
3836260,deviant
3836260,deviant
3836260,deviant
3836260,deviant
3836260,deviant
3836260,deviant
3836260,deviant
3836260,deviant
3836260,deviant
3836260,deviant
3836260,deviant
3836260,deviant
3836260,deviant
3836260,deviant
3836260,deviant
3836260,deviant
3836260,deviant
3836260,deviant
3836260,deviant
3836260,deviant
3836260,deviant
3836260,deviant
3836260,deviant
3836260,deviant
3836260,deviant
3836260,deviant
3836260,deviant
3459343,regular
3459343,regular
3836260,deviant
3836260,deviant
3836260,deviant
3459343,regular
3459343,regular
3836260,deviant
3674830,regular
3674830,regular
3674830,regular
3674830,regular
3674830,regular
3674830,regular
3674830,regular
3674830,regular
3674830,regular
3674830,regular
3674830,regular
3674830,regular
3674830,regular
3674830,regular
3674830,regular
3674830,regular
3674830,regular
3674830,regular
3851112,deviant
3851112,deviant
3851112,deviant
3851112,deviant
3851112,deviant
3851112,deviant
3851112,deviant
3851112,deviant
3851112,deviant
3851112,deviant
3851112,deviant
3851112,deviant
3851112,deviant
3851112,deviant
3851112,deviant
3851112,deviant
3851112,deviant
3851112,deviant
3851112,deviant
3851112,deviant
3851112,deviant
3851112,deviant
3851112,deviant
3851112,deviant
3851112,deviant
3851112,deviant
3851112,deviant
3851112,deviant
3851112,deviant
3851112,deviant
3851112,deviant
3851112,deviant
3851112,deviant
3851112,deviant
3851112,deviant
3851112,deviant
3851112,deviant
3851112,deviant
4038685,regular
4015918,regular
4015918,regular
4015918,regular
4015918,regular
4015918,regular
4015596,regular
4015596,regular
4015596,regular
3978771,regular
3978771,regular
3978771,regular
3978771,regular
4032223,deviant
4032223,deviant
4032223,deviant
4032223,deviant
4032223,deviant
4032223,deviant
4032223,deviant
4032873,regular
4015918,regular
4015918,regular
4015918,regular
3836260,deviant
4021546,regular
4032223,deviant
3836260,deviant
3836260,deviant
3836260,deviant
3851112,deviant
3851112,deviant
3851112,deviant
3851112,deviant
3928083,regular
4013230,regular
4015596,regular
3244596,regular
3851112,deviant
3851112,deviant
3851112,deviant
3901453,deviant
4044259,deviant
4044686,regular
4038685,regular
4038685,regular
4038685,regular
4038685,regular
4038685,regular
4038685,regular
4038685,regular
3727791,deviant
3727791,deviant
3727791,deviant
3727791,deviant
3727791,deviant
3727791,deviant
3727791,deviant
3727791,deviant
3727791,deviant
3727791,deviant
3727791,deviant
3727791,deviant
3727791,deviant
3727791,deviant
3727791,deviant
3244596,regular
3244596,regular
3244596,regular
3244596,regular
4044259,deviant
4044259,deviant
4044259,deviant
4044259,deviant
4044686,regular
4044686,regular
4044686,regular
4044686,regular
3909561,regular
3936933,regular
3936933,regular
3936933,regular
3936933,regular
3936933,regular
3936933,regular
3936933,regular
3936933,regular
3936933,regular
3936933,regular
3936933,regular
3936933,regular
3936933,regular
3936933,regular
3936933,regular
3936933,regular
3936933,regular
3936933,regular
3936933,regular
3936933,regular
3936933,regular
3936933,regular
3936933,regular
3895234,regular
3895234,regular
3895234,regular
3895234,regular
3895234,regular
3895234,regular
3895234,regular
4013230,regular
3244596,regular
3244596,regular
3244596,regular
3244596,regular
3244596,regular
3244596,regular
3720178,deviant
4055350,regular
4056143,regular
4056691,regular
4013230,regular
4013230,regular
4013230,regular
4013230,regular
4013230,regular
4013230,regular
4013230,regular
4013230,regular
4013230,regular
4013230,regular
4013230,regular
4013230,regular
4013230,regular
4013230,regular
4013230,regular
4013230,regular
4013230,regular
4013230,regular
4013230,regular
4013230,regular
4013230,regular
4013230,regular
4013230,regular
4013230,regular
4013230,regular
4013230,regular
4013230,regular
4013230,regular
3720178,deviant
3971506,regular
3909561,regular
3909561,regular
3909561,regular
3909561,regular
3909561,regular
3909561,regular
3909561,regular
3909561,regular
3909561,regular
3909561,regular
3909561,regular
3909561,regular
3909561,regular
3909561,regular
3909561,regular
3909561,regular
3909561,regular
3909561,regular
3909561,regular
3909561,regular
3909561,regular
3932265,regular
3932265,regular
3932265,regular
3932265,regular
3932265,regular
3932265,regular
3932265,regular
3932265,regular
3932265,regular
3932265,regular
3932265,regular
3932265,regular
3932265,regular
3932265,regular
3932265,regular
3932265,regular
3932265,regular
3932265,regular
3932265,regular
3932265,regular
3932265,regular
3932265,regular
3932265,regular
3971506,regular
3971506,regular
3971506,regular
3971506,regular
3971506,regular
3971506,regular
3971506,regular
3971506,regular
3971506,regular
3971506,regular
3971506,regular
3971506,regular
3971506,regular
3971506,regular
3971506,regular
3971506,regular
3909561,regular
3909561,regular
3909561,regular
3909561,regular
3909561,regular
4044686,regular
4044686,regular
4044686,regular
4044686,regular
4044686,regular
4059646,deviant
3836260,deviant
3936933,regular
3936933,regular
4032223,deviant
4038685,regular
4044259,deviant
4044686,regular
3674830,regular
4056066,regular
4067433,regular
4044686,regular
4044686,regular
4044686,regular
4044686,regular
4044686,regular
4044686,regular
4044686,regular
4044686,regular
4044686,regular
4044686,regular
4044686,regular
4044686,regular
4044686,regular
4044686,regular
4044686,regular
4044686,regular
4044686,regular
4044686,regular
4044686,regular
4044686,regular
4044686,regular
4044686,regular
4044686,regular
4044686,regular
4044686,regular
4055350,regular
4055350,regular
4055350,regular
4055350,regular
4056066,regular
4056691,regular
4056691,regular
4056691,regular
4056691,regular
3825035,regular
3825035,regular
3825035,regular
3825035,regular
3825035,regular
3825035,regular
3825035,regular
3825035,regular
3825035,regular
3825035,regular
3825035,regular
3825035,regular
3825035,regular
3825035,regular
3825035,regular
3825035,regular
3825035,regular
4056143,regular
4056143,regular
4056143,regular
4056143,regular
4059646,deviant
4059646,deviant
4059646,deviant
3825035,regular
3825035,regular
3927731,regular
3927731,regular
4059646,deviant
3924327,regular
3825035,regular
3924327,regular
3895234,regular
4067433,regular
4067433,regular
4067433,regular
4067433,regular
3924327,regular
3924327,regular
3924327,regular
3936933,regular
3971506,regular
3971506,regular
3971506,regular
3971506,regular
3971506,regular
4038685,regular
4038685,regular
3880474,deviant
4081458,regular
3888975,deviant
3932265,regular
4087520,regular
3932265,regular
3932265,regular
3932265,regular
3932265,regular
4044686,regular
4044686,regular
4044686,regular
4044686,regular
3825035,regular
3825035,regular
3825035,regular
3825035,regular
3825035,regular
3825035,regular
3825035,regular
3825035,regular
3825035,regular
3825035,regular
3825035,regular
3825035,regular
3825035,regular
3825035,regular
3825035,regular
3825035,regular
4013230,regular
4055350,regular
4056066,regular
4056143,regular
4059646,deviant
4086133,regular
4059646,deviant
4059646,deviant
4059646,deviant
4059646,deviant
4032873,regular
4038685,regular
4038685,regular
4038685,regular
4038685,regular
4038685,regular
4038685,regular
4038685,regular
4038685,regular
4038685,regular
4038685,regular
4038685,regular
4038685,regular
4038685,regular
4038685,regular
4038685,regular
4038685,regular
4038685,regular
4038685,regular
4038685,regular
4038685,regular
4038685,regular
4038685,regular
4038685,regular
3829589,deviant
3895234,regular
3960387,regular
4085883,regular
4038685,regular
3996389,regular
3996389,regular
3996389,regular
3895234,regular
3895234,regular
3895234,regular
3895234,regular
3895234,regular
3895234,regular
3895234,regular
3895234,regular
3895234,regular
3895234,regular
3895234,regular
3829589,deviant
4081458,regular
4081458,regular
4081458,regular
4081458,regular
4056066,regular
4056066,regular
4056066,regular
4056066,regular
4056066,regular
4056066,regular
4056066,regular
4056066,regular
4056066,regular
4056066,regular
4056066,regular
4056066,regular
3221120,regular
4038685,regular
4086133,regular
4091447,regular
4092549,regular
4095196,regular
4125863,regular
3927731,regular
3927731,regular
3927731,regular
3927731,regular
3927731,regular
3927731,regular
3927731,regular
3927731,regular
3927731,regular
3927731,regular
3927731,regular
3927731,regular
3927731,regular
3927731,regular
3927731,regular
3927731,regular
3927731,regular
3927731,regular
3927731,regular
3927731,regular
3927731,regular
3927731,regular
3927731,regular
3927731,regular
3927731,regular
3927731,regular
3927731,regular
3927731,regular
3927731,regular
3927731,regular
3927731,regular
3927731,regular
3927731,regular
3927731,regular
3927731,regular
3895234,regular
3895234,regular
3895234,regular
3895234,regular
4086133,regular
4086133,regular
4038685,regular
4038685,regular
4038685,regular
4087520,regular
4087520,regular
4087520,regular
4087520,regular
3927731,regular
3927731,regular
3927731,regular
3927731,regular
3927731,regular
3927731,regular
3221120,regular
3246462,regular
4085883,regular
4085883,regular
4085883,regular
4085883,regular
4085883,regular
4085883,regular
4085883,regular
4085883,regular
4085883,regular
4085883,regular
4085883,regular
4085883,regular
4085883,regular
4085883,regular
4085883,regular
4085883,regular
4085883,regular
4085883,regular
4085883,regular
4085883,regular
4085883,regular
4085883,regular
4085883,regular
4085883,regular
4085883,regular
4085883,regular
4085883,regular
4085883,regular
4085883,regular
4085883,regular
4085883,regular
4085883,regular
4085883,regular
4085883,regular
3221120,regular
3221120,regular
3221120,regular
3221120,regular
3221120,regular
3221120,regular
3221120,regular
3221120,regular
3221120,regular
3221120,regular
3221120,regular
3221120,regular
3221120,regular
3221120,regular
3221120,regular
3221120,regular
3221120,regular
3221120,regular
3221120,regular
3221120,regular
3221120,regular
3221120,regular
3221120,regular
3221120,regular
3221120,regular
3221120,regular
3221120,regular
3221120,regular
3221120,regular
3221120,regular
3221120,regular
3221120,regular
3221120,regular
3221120,regular
3221120,regular
3221120,regular
3221120,regular
3221120,regular
3221120,regular
3221120,regular
3221120,regular
3221120,regular
3221120,regular
3221120,regular
3221120,regular
3221120,regular
3221120,regular
3221120,regular
3221120,regular
3221120,regular
3221120,regular
3221120,regular
3221120,regular
4091447,regular
4091447,regular
4091447,regular
4091447,regular
4091447,regular
4091447,regular
4091447,regular
4096879,regular
3960387,regular
3960387,regular
3960387,regular
3960387,regular
3960387,regular
3960387,regular
3960387,regular
3960387,regular
4092549,regular
4092549,regular
4092549,regular
4092549,regular
4067433,regular
4067433,regular
4067433,regular
4067433,regular
4067433,regular
3927731,regular
3932265,regular
4044686,regular
4067433,regular
4098610,deviant
4085883,regular
4085883,regular
4085883,regular
3934995,deviant
3934995,deviant
3934995,deviant
3934995,deviant
4095196,regular
4095196,regular
4095196,regular
4095196,regular
4096879,regular
4096879,regular
4096879,regular
4096879,regular
4056066,regular
4056066,regular
4056066,regular
4056066,regular
4056066,regular
4056066,regular
4056066,regular
4056066,regular
4056066,regular
4056066,regular
4056066,regular
4056066,regular
4056066,regular
4056066,regular
4056066,regular
3246462,regular
4106531,regular
4106855,regular
4056066,regular
4056066,regular
4056066,regular
4056066,regular
3246462,regular
3246462,regular
4056066,regular
4056066,regular
3246462,regular
3930375,deviant
3930375,deviant
3930375,deviant
3930375,deviant
3930375,deviant
3930375,deviant
3930375,deviant
3930375,deviant
3930375,deviant
3930375,deviant
4092549,regular
4092549,regular
4092549,regular
4092549,regular
4098610,deviant
4098610,deviant
4098610,deviant
4098610,deviant
4056066,regular
4056066,regular
4056066,regular
3134210,deviant
3134210,deviant
3134210,deviant
3134210,deviant
3134210,deviant
3134210,deviant
3134210,deviant
3134210,deviant
3134210,deviant
3134210,deviant
3134210,deviant
3134210,deviant
3134210,deviant
3134210,deviant
3134210,deviant
3134210,deviant
3134210,deviant
3134210,deviant
3134210,deviant
3134210,deviant
3134210,deviant
3134210,deviant
3134210,deviant
3134210,deviant
3134210,deviant
3134210,deviant
3134210,deviant
3134210,deviant
3134210,deviant
3134210,deviant
3134210,deviant
3134210,deviant
4067433,regular
4050402,regular
4112064,regular
4044259,deviant
4044259,deviant
4044259,deviant
4044259,deviant
4044259,deviant
4044259,deviant
4044259,deviant
4044259,deviant
4044259,deviant
4044259,deviant
4106531,regular
4106531,regular
4106531,regular
4106531,regular
4106855,regular
4106855,regular
4106855,regular
4106855,regular
4096879,regular
4116546,regular
4120706,regular
4085883,regular
4086133,regular
4092549,regular
4095196,regular
4098610,deviant
3988624,regular
3988624,regular
4059646,deviant
4126088,regular
3888975,deviant
3888975,deviant
3888975,deviant
3888975,deviant
3888975,deviant
3888975,deviant
3888975,deviant
3888975,deviant
3888975,deviant
3888975,deviant
3888975,deviant
3888975,deviant
3888975,deviant
3888975,deviant
3888975,deviant
3888975,deviant
3888975,deviant
3888975,deviant
3888975,deviant
3888975,deviant
3888975,deviant
3888975,deviant
3888975,deviant
3888975,deviant
3888975,deviant
3888975,deviant
3888975,deviant
3888975,deviant
3888975,deviant
3888975,deviant
3888975,deviant
3888975,deviant
4050402,regular
4050402,regular
4050402,regular
4050402,regular
4050402,regular
4050402,regular
4050402,regular
4050402,regular
4050402,regular
4050402,regular
4050402,regular
4050402,regular
4112064,regular
4112064,regular
4112064,regular
4112064,regular
4112064,regular
4112064,regular
4112064,regular
4112064,regular
4112064,regular
4112064,regular
4098610,deviant
4116546,regular
4116546,regular
4116546,regular
4116546,regular
4116546,regular
4116546,regular
4116546,regular
3696599,regular
3696599,regular
3696599,regular
3696599,regular
3696599,regular
3696599,regular
3830432,deviant
3830432,deviant
3830432,deviant
3830432,deviant
3830432,deviant
3830432,deviant
3830432,deviant
3830432,deviant
3830432,deviant
3830432,deviant
3830432,deviant
3830432,deviant
3830432,deviant
3830432,deviant
3830432,deviant
3830432,deviant
3830432,deviant
3830432,deviant
3696599,regular
3696599,regular
3696599,regular
3696599,regular
3696599,regular
3696599,regular
3830432,deviant
3696599,regular
3696599,regular
3696599,regular
3696599,regular
3696599,regular
3696599,regular
3696599,regular
3696599,regular
3696599,regular
3830432,deviant
3830432,deviant
3830432,deviant
3830432,deviant
3830432,deviant
3830432,deviant
3830432,deviant
3830432,deviant
3830432,deviant
3830432,deviant
3830432,deviant
3830432,deviant
3830432,deviant
3830432,deviant
3696599,regular
3696599,regular
3696599,regular
3696599,regular
3696599,regular
3696599,regular
3696599,regular
3696599,regular
3696599,regular
3696599,regular
3696599,regular
3696599,regular
3696599,regular
3696599,regular
3696599,regular
3696599,regular
3696599,regular
3696599,regular
3696599,regular
3696599,regular
3696599,regular
3696599,regular
3696599,regular
3696599,regular
3696599,regular
3696599,regular
3696599,regular
3696599,regular
3696599,regular
3696599,regular
3696599,regular
3696599,regular
3696599,regular
3696599,regular
4095196,regular
4095196,regular
4095196,regular
4095196,regular
4095196,regular
4095196,regular
4095196,regular
4095196,regular
4095196,regular
4095196,regular
4095196,regular
4095196,regular
4095196,regular
4095196,regular
4095196,regular
4095196,regular
4095196,regular
4095196,regular
4095196,regular
4095196,regular
4120706,regular
4120706,regular
4120706,regular
4120706,regular
3996389,regular
3996389,regular
3996389,regular
3996389,regular
3996389,regular
3996389,regular
3996389,regular
3996389,regular
3901453,deviant
3901453,deviant
3901453,deviant
3901453,deviant
3901453,deviant
3901453,deviant
3901453,deviant
3901453,deviant
3901453,deviant
3901453,deviant
3901453,deviant
3901453,deviant
3901453,deviant
3901453,deviant
3901453,deviant
3901453,deviant
3901453,deviant
3901453,deviant
3901453,deviant
3901453,deviant
3901453,deviant
3901453,deviant
3901453,deviant
3901453,deviant
3901453,deviant
3901453,deviant
3901453,deviant
3901453,deviant
3901453,deviant
3901453,deviant
3996389,regular
3996389,regular
3996389,regular
3996389,regular
3996389,regular
3996389,regular
4044259,deviant
4132165,deviant
4135072,regular
3996389,regular
3996389,regular
3996389,regular
3996389,regular
3996389,regular
3996389,regular
3996389,regular
3996389,regular
3996389,regular
4126088,regular
4126088,regular
4126088,regular
4126088,regular
3898537,regular
3898537,regular
3898537,regular
3898537,regular
3898537,regular
3898537,regular
3898537,regular
3898537,regular
3898537,regular
3898537,regular
3898537,regular
3898537,regular
3898537,regular
3898537,regular
3898537,regular
3898537,regular
3898537,regular
3898537,regular
3898537,regular
3898537,regular
3898537,regular
3898537,regular
3898537,regular
3898537,regular
4125863,regular
4125863,regular
3880474,deviant
3880474,deviant
4125863,regular
4125863,regular
3880474,deviant
3880474,deviant
3880474,deviant
3880474,deviant
3880474,deviant
3880474,deviant
3880474,deviant
3880474,deviant
3880474,deviant
3880474,deviant
3880474,deviant
3880474,deviant
3880474,deviant
3880474,deviant
3880474,deviant
3880474,deviant
3880474,deviant
3880474,deviant
3880474,deviant
3880474,deviant
3880474,deviant
3880474,deviant
3880474,deviant
3880474,deviant
3880474,deviant
3880474,deviant
3880474,deviant
3880474,deviant
3880474,deviant
3880474,deviant
3880474,deviant
3880474,deviant
3880474,deviant
3880474,deviant
3880474,deviant
3880474,deviant
3880474,deviant
3880474,deviant
3880474,deviant
3880474,deviant
4067433,regular
4067433,regular
4067433,regular
4067433,regular
4067433,regular
4067433,regular
4067433,regular
4067433,regular
4067433,regular
4067433,regular
4067433,regular
4067433,regular
4067433,regular
4067433,regular
4067433,regular
4067433,regular
4067433,regular
4067433,regular
4067433,regular
4067433,regular
4067433,regular
4067433,regular
3999954,regular
3999954,regular
3999954,regular
3999954,regular
3999954,regular
3999954,regular
3999954,regular
3999954,regular
3999954,regular
3999954,regular
3999954,regular
3999954,regular
3999954,regular
3999954,regular
3999954,regular
3999954,regular
3999954,regular
3999954,regular
3999954,regular
3999954,regular
3999954,regular
3999954,regular
3999954,regular
3999954,regular
3999954,regular
3999954,regular
3999954,regular
3999954,regular
3999954,regular
3999954,regular
3999954,regular
3999954,regular
3999954,regular
3999954,regular
3999954,regular
4044259,deviant
4044259,deviant
4067433,regular
4092549,regular
4092549,regular
4092549,regular
4092549,regular
3999954,regular
3999954,regular
4067433,regular
4140681,regular
4141404,regular
3880474,deviant
3880474,deviant
3880474,deviant
4095196,regular
4095196,regular
4095196,regular
4095196,regular
4095196,regular
3996389,regular
3996389,regular
3996389,regular
4067433,regular
4067433,regular
4067433,regular
4095196,regular
4095196,regular
4135072,regular
4135072,regular
4135072,regular
4135072,regular
3910343,deviant
3910343,deviant
3910343,deviant
3910343,deviant
3910343,deviant
3910343,deviant
3910343,deviant
3910343,deviant
3910343,deviant
3910343,deviant
3910343,deviant
3910343,deviant
3910343,deviant
3910343,deviant
3910343,deviant
3910343,deviant
3910343,deviant
3910343,deviant
3910343,deviant
3910343,deviant
4132165,deviant
3910343,deviant
3910343,deviant
3910343,deviant
4095196,regular
4095196,regular
4095196,regular
4095196,regular
4106531,regular
4112064,regular
4116546,regular
3622313,regular
3622313,regular
4140681,regular
4145451,regular
4151062,deviant
4106855,regular
4106855,regular
4106855,regular
4106855,regular
4106855,regular
4106855,regular
4106855,regular
4106855,regular
4106855,regular
4106855,regular
4106855,regular
4106855,regular
4106855,regular
4106855,regular
4106855,regular
4106855,regular
4106855,regular
4106855,regular
4106855,regular
4106855,regular
4106855,regular
4106855,regular
4106855,regular
4106855,regular
4106855,regular
4106855,regular
4106855,regular
4106855,regular
4106855,regular
4106855,regular
4106855,regular
4091447,regular
4091447,regular
4091447,regular
4091447,regular
4091447,regular
4091447,regular
4091447,regular
4091447,regular
4091447,regular
4091447,regular
4091447,regular
4091447,regular
4091447,regular
4091447,regular
4091447,regular
4091447,regular
4091447,regular
4091447,regular
4091447,regular
4091447,regular
4091447,regular
4091447,regular
4091447,regular
4091447,regular
4091447,regular
4091447,regular
4091447,regular
4050402,regular
4050402,regular
4050402,regular
4050402,regular
4050402,regular
4050402,regular
4050402,regular
4050402,regular
4050402,regular
4050402,regular
4050402,regular
4050402,regular
4050402,regular
4050402,regular
4050402,regular
4050402,regular
4050402,regular
4050402,regular
4050402,regular
4050402,regular
4050402,regular
4050402,regular
4141404,regular
4141404,regular
4141404,regular
4141404,regular
4156233,regular
4050402,regular
4050402,regular
4091447,regular
4091447,regular
4106531,regular
4106855,regular
4106855,regular
4106531,regular
4106531,regular
4092549,regular
4092549,regular
4092549,regular
4092549,regular
4092549,regular
4092549,regular
4092549,regular
4092549,regular
4092549,regular
4092549,regular
4092549,regular
4092549,regular
4092549,regular
4092549,regular
4092549,regular
4092549,regular
4092549,regular
4092549,regular
4092549,regular
4092549,regular
4092549,regular
4092549,regular
4145451,regular
4145451,regular
4145451,regular
4145451,regular
4106531,regular
4106531,regular
4106531,regular
4106531,regular
4106531,regular
4106531,regular
4106531,regular
4106531,regular
4106531,regular
4106531,regular
4106531,regular
4106531,regular
4106531,regular
4106531,regular
4106531,regular
4106531,regular
4106531,regular
4106531,regular
4106531,regular
4106531,regular
4106531,regular
4032223,deviant
4159934,regular
4161235,regular
4092549,regular
4092549,regular
4092549,regular
4151062,deviant
4151062,deviant
4151062,deviant
4151062,deviant
4125863,regular
4125863,regular
4125863,regular
4125863,regular
4125863,regular
4125863,regular
4125863,regular
4125863,regular
4125863,regular
4125863,regular
4125863,regular
3333586,regular
4163293,regular
4112064,regular
4112064,regular
4112064,regular
4112064,regular
4112064,regular
4112064,regular
4112064,regular
4112064,regular
4112064,regular
4112064,regular
4112064,regular
4112064,regular
4112064,regular
4112064,regular
4112064,regular
4112064,regular
4112064,regular
4112064,regular
4112064,regular
4112064,regular
4112064,regular
4112064,regular
4112064,regular
4112064,regular
4112064,regular
4112064,regular
4112064,regular
4156233,regular
4156233,regular
4156233,regular
4156233,regular
3333586,regular
3333586,regular
3333586,regular
4141404,regular
4166569,regular
4116546,regular
4116546,regular
4116546,regular
4116546,regular
3333586,regular
3333586,regular
3333586,regular
3333586,regular
3333586,regular
3333586,regular
3333586,regular
3333586,regular
3333586,regular
3333586,regular
3333586,regular
3333586,regular
3333586,regular
3333586,regular
3333586,regular
3333586,regular
3333586,regular
3333586,regular
3333586,regular
3333586,regular
3333586,regular
3333586,regular
3333586,regular
3333586,regular
3999954,regular
4050402,regular
4091447,regular
4095196,regular
4106855,regular
4126088,regular
4132165,deviant
4132165,deviant
4140681,regular
4145451,regular
3929853,regular
4098610,deviant
4173368,regular
4159934,regular
4159934,regular
4159934,regular
4159934,regular
3988624,regular
3988624,regular
3988624,regular
3988624,regular
3988624,regular
3988624,regular
3988624,regular
3988624,regular
3963280,regular
4161235,regular
4161235,regular
4161235,regular
4161235,regular
3933353,regular
3933353,regular
3933353,regular
3933353,regular
3933353,regular
3933353,regular
3933353,regular
3933353,regular
3933353,regular
3933353,regular
3933353,regular
3933353,regular
3933353,regular
4056143,regular
4056143,regular
4056143,regular
4056143,regular
4056143,regular
4056143,regular
4056143,regular
4056143,regular
4056143,regular
4056143,regular
4056143,regular
4056143,regular
4056143,regular
4056143,regular
4056143,regular
4056143,regular
4056143,regular
4056143,regular
4056143,regular
4056143,regular
4056143,regular
4056143,regular
4056143,regular
4056143,regular
4056143,regular
4056143,regular
4056143,regular
4056143,regular
4163293,regular
4163293,regular
4163293,regular
4163293,regular
4056143,regular
4056143,regular
4106531,regular
4106531,regular
4106531,regular
4106531,regular
4106531,regular
4106531,regular
4141404,regular
4141404,regular
4141404,regular
4141404,regular
4141404,regular
4141404,regular
4141404,regular
4141404,regular
4141404,regular
4141404,regular
4141404,regular
4141404,regular
4141404,regular
4141404,regular
4141404,regular
4141404,regular
4141404,regular
4141404,regular
4141404,regular
4141404,regular
4141404,regular
4141404,regular
4141404,regular
3929853,regular
3963280,regular
4056143,regular
4056143,regular
4056143,regular
4056143,regular
3929853,regular
3929853,regular
3929853,regular
3929853,regular
3929853,regular
3929853,regular
3929853,regular
3929853,regular
3929853,regular
3929853,regular
3929853,regular
3929853,regular
3929853,regular
3929853,regular
3929853,regular
3929853,regular
3929853,regular
3929853,regular
3929853,regular
3929853,regular
3929853,regular
3929853,regular
3929853,regular
3929853,regular
3929853,regular
3929853,regular
3929853,regular
3929853,regular
3929853,regular
3929853,regular
3929853,regular
3929853,regular
3929853,regular
4166569,regular
4166569,regular
4166569,regular
4166569,regular
4151062,deviant
4151062,deviant
4151062,deviant
4151062,deviant
4151062,deviant
4151062,deviant
4151062,deviant
4151062,deviant
4151062,deviant
4151062,deviant
4151062,deviant
4151062,deviant
4106531,regular
4106531,regular
4106531,regular
4106531,regular
4021546,regular
4021546,regular
4021546,regular
4021546,regular
4021546,regular
4021546,regular
4021546,regular
4021546,regular
4021546,regular
4021546,regular
4021546,regular
4021546,regular
4021546,regular
4021546,regular
4021546,regular
4021546,regular
4021546,regular
4021546,regular
4021546,regular
4021546,regular
4021546,regular
4021546,regular
4021546,regular
4021546,regular
4021546,regular
4021546,regular
4021546,regular
4021546,regular
4021546,regular
3874236,deviant
3622313,regular
3622313,regular
3933353,regular
4179903,regular
3933353,regular
3933353,regular
3933353,regular
3933353,regular
3933353,regular
3933353,regular
3933353,regular
3933353,regular
3933353,regular
3933353,regular
3933353,regular
3933353,regular
3933353,regular
3933353,regular
3933353,regular
3933353,regular
3933353,regular
3933353,regular
3963280,regular
3963280,regular
3963280,regular
3963280,regular
3963280,regular
3963280,regular
3963280,regular
3963280,regular
3963280,regular
3963280,regular
3963280,regular
3963280,regular
3963280,regular
3963280,regular
3963280,regular
3963280,regular
3963280,regular
3963280,regular
3963280,regular
3963280,regular
3963280,regular
3963280,regular
3963280,regular
3963280,regular
3963280,regular
3963280,regular
3963280,regular
3963280,regular
3963280,regular
3963280,regular
3963280,regular
3963280,regular
3963280,regular
4021546,regular
4021546,regular
4021546,regular
4098610,deviant
4098610,deviant
4098610,deviant
4098610,deviant
4098610,deviant
4098610,deviant
4098610,deviant
4098610,deviant
4098610,deviant
4098610,deviant
4098610,deviant
4098610,deviant
4098610,deviant
4098610,deviant
4098610,deviant
4098610,deviant
4098610,deviant
4098610,deviant
4098610,deviant
4098610,deviant
4098610,deviant
4098610,deviant
4098610,deviant
4098610,deviant
4098610,deviant
4098610,deviant
4098610,deviant
4098610,deviant
4098610,deviant
4098610,deviant
4098610,deviant
4098610,deviant
4098610,deviant
4098610,deviant
4098610,deviant
4098610,deviant
4098610,deviant
4173368,regular
4173368,regular
4173368,regular
4173368,regular
4098610,deviant
4096879,regular
4096879,regular
4096879,regular
4096879,regular
4096879,regular
4096879,regular
4096879,regular
4096879,regular
4096879,regular
4096879,regular
4096879,regular
4098610,deviant
4096879,regular
4098610,deviant
4096879,regular
4096879,regular
4096879,regular
4096879,regular
4096879,regular
4096879,regular
4096879,regular
4096879,regular
4096879,regular
4096879,regular
4096879,regular
4096879,regular
4096879,regular
4096879,regular
4096879,regular
4096879,regular
4098610,deviant
4098610,deviant
4186712,regular
4187554,regular
4032223,deviant
4032223,deviant
4032223,deviant
4032223,deviant
4032223,deviant
4032223,deviant
4032223,deviant
4032223,deviant
4032223,deviant
4032223,deviant
4032223,deviant
4032223,deviant
4032223,deviant
4032223,deviant
4032223,deviant
4032223,deviant
4059646,deviant
4059646,deviant
4059646,deviant
4059646,deviant
4059646,deviant
4059646,deviant
4059646,deviant
4059646,deviant
4096879,regular
4135072,regular
4135072,regular
4135072,regular
4135072,regular
4135072,regular
4135072,regular
4135072,regular
4135072,regular
4135072,regular
4135072,regular
4135072,regular
4135072,regular
4135072,regular
4135072,regular
4135072,regular
4135072,regular
4044259,deviant
4183443,regular
4184630,regular
4188079,regular
4190685,regular
4179903,regular
4179903,regular
4179903,regular
4179903,regular
3929853,regular
4056143,regular
4106531,regular
4159934,regular
4161235,regular
4163293,regular
4166569,regular
4096879,regular
4207424,regular
4140681,regular
4140681,regular
4140681,regular
4140681,regular
4140681,regular
4140681,regular
4140681,regular
4140681,regular
4140681,regular
4140681,regular
4140681,regular
4140681,regular
4140681,regular
4140681,regular
4140681,regular
4140681,regular
4140681,regular
4140681,regular
4140681,regular
4140681,regular
4140681,regular
4140681,regular
4140681,regular
4140681,regular
4140681,regular
4140681,regular
4140681,regular
4140681,regular
4140681,regular
4140681,regular
4140681,regular
4140681,regular
4140681,regular
4140681,regular
4140681,regular
4140681,regular
4140681,regular
4096879,regular
4096879,regular
4096879,regular
4096879,regular
4183443,regular
4183443,regular
4183443,regular
4183443,regular
4184630,regular
4184630,regular
4184630,regular
4184630,regular
4186712,regular
4186712,regular
4186712,regular
4186712,regular
4187554,regular
4187554,regular
4187554,regular
4187554,regular
4044259,deviant
4044259,deviant
4044259,deviant
4188079,regular
4188079,regular
4188079,regular
3459343,regular
4188079,regular
4145451,regular
4145451,regular
4145451,regular
4145451,regular
4145451,regular
4145451,regular
4145451,regular
4145451,regular
4145451,regular
4145451,regular
4145451,regular
4145451,regular
4145451,regular
4145451,regular
4145451,regular
4145451,regular
4145451,regular
4145451,regular
4145451,regular
4145451,regular
4145451,regular
4145451,regular
4145451,regular
4145451,regular
4145451,regular
4145451,regular
4145451,regular
4145451,regular
4183443,regular
4183443,regular
4183443,regular
4183443,regular
4183443,regular
4183443,regular
4183443,regular
4183443,regular
4183443,regular
4183443,regular
4183443,regular
4183443,regular
4183443,regular
4183443,regular
4183443,regular
4183443,regular
4183443,regular
4183443,regular
4183443,regular
4183443,regular
4183443,regular
4183443,regular
4183443,regular
4183443,regular
4183443,regular
4183443,regular
4183443,regular
4183443,regular
4184630,regular
4184630,regular
4184630,regular
4184630,regular
4184630,regular
4184630,regular
4184630,regular
4184630,regular
4184630,regular
4184630,regular
4184630,regular
4184630,regular
4184630,regular
4184630,regular
4184630,regular
4184630,regular
4184630,regular
4184630,regular
4184630,regular
4184630,regular
4184630,regular
4184630,regular
4184630,regular
4184630,regular
4184630,regular
4184630,regular
4184630,regular
4184630,regular
4190685,regular
4190685,regular
4190685,regular
4190685,regular
4059646,deviant
4145451,regular
4183443,regular
4184630,regular
4126088,regular
4126088,regular
4126088,regular
4126088,regular
4126088,regular
4126088,regular
4126088,regular
4126088,regular
4126088,regular
4126088,regular
4126088,regular
4126088,regular
4126088,regular
4126088,regular
4126088,regular
4126088,regular
4126088,regular
4126088,regular
4126088,regular
4126088,regular
4126088,regular
4126088,regular
4126088,regular
4126088,regular
4126088,regular
4126088,regular
4126088,regular
4126088,regular
4126088,regular
4126088,regular
4126088,regular
4141404,regular
4141404,regular
4141404,regular
4141404,regular
4141404,regular
4126088,regular
4126088,regular
4141404,regular
4141404,regular
4145451,regular
4145451,regular
4145451,regular
4183443,regular
4183443,regular
4183443,regular
4184630,regular
4184630,regular
4184630,regular
4207424,regular
4207424,regular
4086133,regular
4086133,regular
4086133,regular
4086133,regular
4086133,regular
4086133,regular
4086133,regular
4086133,regular
4086133,regular
4086133,regular
4086133,regular
3720178,deviant
3720178,deviant
4214388,regular
4217286,regular
4141404,regular
4141404,regular
4141404,regular
4173368,regular
4173368,regular
4173368,regular
4173368,regular
4173368,regular
4173368,regular
4173368,regular
4173368,regular
4173368,regular
4173368,regular
4173368,regular
4173368,regular
4173368,regular
4173368,regular
4173368,regular
4173368,regular
4173368,regular
4173368,regular
4173368,regular
4173368,regular
4173368,regular
4173368,regular
4173368,regular
4173368,regular
4173368,regular
4173368,regular
4173368,regular
4173368,regular
4173368,regular
4173368,regular
4173368,regular
4173368,regular
4032223,deviant
4032223,deviant
4032223,deviant
4032223,deviant
4032223,deviant
4032223,deviant
4032223,deviant
4032223,deviant
4032223,deviant
4032223,deviant
4032223,deviant
4186712,regular
4187554,regular
4218390,regular
4187554,regular
4187554,regular
4187554,regular
4187554,regular
4187554,regular
4187554,regular
4187554,regular
4187554,regular
4187554,regular
4187554,regular
4187554,regular
4187554,regular
4187554,regular
4187554,regular
4187554,regular
4187554,regular
4187554,regular
4187554,regular
4187554,regular
4187554,regular
4187554,regular
4187554,regular
4187554,regular
4187554,regular
4187554,regular
4187554,regular
4187554,regular
4187554,regular
4214388,regular
4214388,regular
4214388,regular
4214388,regular
4214388,regular
4214388,regular
4214388,regular
4214388,regular
4214388,regular
4214388,regular
4214388,regular
4214388,regular
4214388,regular
4214388,regular
4214388,regular
4214388,regular
4214388,regular
4214388,regular
4214388,regular
4214388,regular
4214388,regular
4214388,regular
4214388,regular
4214388,regular
4214388,regular
4214388,regular
4214388,regular
4214388,regular
4214388,regular
4214388,regular
4214388,regular
4214388,regular
4214388,regular
4214388,regular
4186712,regular
4186712,regular
4186712,regular
4186712,regular
4186712,regular
4186712,regular
4186712,regular
4186712,regular
4186712,regular
4186712,regular
4186712,regular
4186712,regular
4186712,regular
4186712,regular
4186712,regular
4186712,regular
4186712,regular
4186712,regular
4186712,regular
4186712,regular
4186712,regular
4186712,regular
4186712,regular
4186712,regular
4186712,regular
4186712,regular
4186712,regular
4186712,regular
3933353,regular
4096879,regular
4098610,deviant
4140681,regular
4173368,regular
4179903,regular
4183443,regular
4184630,regular
4190685,regular
4151062,deviant
4214388,regular
4214388,regular
4220103,deviant
4186712,regular
4186712,regular
4186712,regular
4186712,regular
4186712,regular
4186712,regular
4187554,regular
4187554,regular
4187554,regular
4187554,regular
4187554,regular
4187554,regular
4217286,regular
4217286,regular
4217286,regular
4217286,regular
4218390,regular
4218390,regular
4218390,regular
4218390,regular
4166569,regular
4166569,regular
4166569,regular
4166569,regular
4166569,regular
4166569,regular
4166569,regular
4055350,regular
4055350,regular
4055350,regular
4055350,regular
4174408,deviant
4225044,regular
4228470,deviant
4220103,deviant
4220103,deviant
4220103,deviant
4220103,deviant
4220103,deviant
4220103,deviant
4220103,deviant
3784056,regular
3784056,regular
3784056,regular
3784056,regular
3784056,regular
3784056,regular
3784056,regular
3784056,regular
3784056,regular
3784056,regular
3784056,regular
3784056,regular
3784056,regular
3784056,regular
3784056,regular
3784056,regular
3784056,regular
3784056,regular
3784056,regular
3784056,regular
3784056,regular
3784056,regular
3784056,regular
3784056,regular
3784056,regular
3784056,regular
3784056,regular
3784056,regular
3784056,regular
3936933,regular
4163293,regular
4163293,regular
4163293,regular
3459343,regular
4174408,deviant
4225044,regular
4225044,regular
4234256,deviant
4163293,regular
4163293,regular
4163293,regular
4163293,regular
4163293,regular
4163293,regular
4163293,regular
4163293,regular
4163293,regular
4163293,regular
4163293,regular
4163293,regular
4163293,regular
4163293,regular
4163293,regular
4163293,regular
4163293,regular
4163293,regular
4163293,regular
4163293,regular
4163293,regular
4163293,regular
4163293,regular
4163293,regular
4163293,regular
3784056,regular
3784056,regular
4174408,deviant
4086133,regular
4086133,regular
4086133,regular
4086133,regular
4086133,regular
4086133,regular
4086133,regular
4086133,regular
4086133,regular
4086133,regular
4086133,regular
4086133,regular
4086133,regular
4086133,regular
4086133,regular
4086133,regular
4086133,regular
4086133,regular
4086133,regular
4228470,deviant
4228470,deviant
4228470,deviant
4228470,deviant
4228470,deviant
3784056,regular
4007912,regular
4086133,regular
4163293,regular
4163293,regular
4086133,regular
4086133,regular
4086133,regular
4086133,regular
4007912,regular
4007912,regular
4007912,regular
4007912,regular
4007912,regular
4007912,regular
4007912,regular
4007912,regular
4007912,regular
4007912,regular
4007912,regular
4007912,regular
4007912,regular
4007912,regular
4007912,regular
4007912,regular
4007912,regular
4007912,regular
4007912,regular
4007912,regular
4007912,regular
4007912,regular
4007912,regular
4007912,regular
4007912,regular
4007912,regular
4007912,regular
4007912,regular
4007912,regular
4007912,regular
4007912,regular
3784056,regular
3784056,regular
3784056,regular
3784056,regular
3784056,regular
3784056,regular
3784056,regular
3784056,regular
3784056,regular
3784056,regular
3784056,regular
3784056,regular
3784056,regular
3784056,regular
3784056,regular
3784056,regular
3784056,regular
3784056,regular
4163293,regular
4163293,regular
4163293,regular
4163293,regular
3784056,regular
3784056,regular
3784056,regular
3720178,deviant
3720178,deviant
3720178,deviant
3720178,deviant
3720178,deviant
3720178,deviant
3720178,deviant
3720178,deviant
3720178,deviant
3720178,deviant
3720178,deviant
3720178,deviant
3720178,deviant
3720178,deviant
3720178,deviant
3720178,deviant
3720178,deviant
3720178,deviant
3720178,deviant
3720178,deviant
3720178,deviant
3720178,deviant
3720178,deviant
3720178,deviant
3720178,deviant
3720178,deviant
3720178,deviant
3720178,deviant
3720178,deviant
3720178,deviant
3720178,deviant
4217286,regular
4239729,regular
4032223,deviant
4186712,regular
4187554,regular
4214388,regular
4214388,regular
4218390,regular
4220103,deviant
3988624,regular
4032223,deviant
4032223,deviant
4234256,deviant
4059646,deviant
4059646,deviant
4059646,deviant
4059646,deviant
4059646,deviant
4059646,deviant
4059646,deviant
4059646,deviant
4059646,deviant
4059646,deviant
4059646,deviant
4059646,deviant
4190685,regular
4190685,regular
4190685,regular
4190685,regular
4116546,regular
4116546,regular
4116546,regular
4116546,regular
4116546,regular
4116546,regular
4116546,regular
4116546,regular
4116546,regular
4116546,regular
4116546,regular
4116546,regular
4116546,regular
4116546,regular
4116546,regular
4116546,regular
4116546,regular
4116546,regular
4116546,regular
4116546,regular
4239729,regular
4239729,regular
4239729,regular
4239729,regular
4239729,regular
3927731,regular
3927731,regular
3829589,deviant
3829589,deviant
3829589,deviant
3829589,deviant
3829589,deviant
3829589,deviant
3829589,deviant
3829589,deviant
3829589,deviant
3829589,deviant
3829589,deviant
3829589,deviant
3829589,deviant
3829589,deviant
3829589,deviant
3829589,deviant
3829589,deviant
3829589,deviant
3829589,deviant
3829589,deviant
3829589,deviant
3829589,deviant
3829589,deviant
3829589,deviant
3829589,deviant
3829589,deviant
3829589,deviant
3829589,deviant
3829589,deviant
3829589,deviant
4059646,deviant
4059646,deviant
4059646,deviant
4044259,deviant
4044259,deviant
4044259,deviant
4044259,deviant
4044259,deviant
4044259,deviant
4044259,deviant
4044259,deviant
4044259,deviant
4044259,deviant
4044259,deviant
4044259,deviant
4044259,deviant
4044259,deviant
4044259,deviant
4044259,deviant
4044259,deviant
4044259,deviant
4044259,deviant
4044259,deviant
4055350,regular
4055350,regular
4246922,regular
4250592,regular
4250988,regular
4251346,regular
4252253,regular
4254953,regular
4116546,regular
4116546,regular
4116546,regular
4116546,regular
4116546,regular
4116546,regular
4220103,deviant
4220103,deviant
4220103,deviant
4220103,deviant
4220103,deviant
4220103,deviant
4220103,deviant
4220103,deviant
4220103,deviant
4246922,regular
4234256,deviant
4246922,regular
4246922,regular
4246922,regular
4220103,deviant
4220103,deviant
4044259,deviant
4044259,deviant
4044259,deviant
4044259,deviant
4044259,deviant
4044259,deviant
4256703,regular
4250592,regular
4250592,regular
4250592,regular
4250592,regular
4250592,regular
4250988,regular
4250988,regular
4250988,regular
4250988,regular
4250988,regular
4251346,regular
4251346,regular
4251346,regular
4251346,regular
4251346,regular
4252253,regular
4252253,regular
4252253,regular
4252253,regular
4252253,regular
4032223,deviant
4032223,deviant
4032223,deviant
4032223,deviant
4254953,regular
4254953,regular
4254953,regular
4254953,regular
4254953,regular
3025465,regular
4007912,regular
4086133,regular
4225044,regular
4239729,regular
3784056,regular
3988624,regular
3988624,regular
3988624,regular
3988624,regular
3988624,regular
3988624,regular
3988624,regular
3988624,regular
3988624,regular
3988624,regular
3988624,regular
3988624,regular
3988624,regular
3988624,regular
3988624,regular
3988624,regular
3988624,regular
3988624,regular
3988624,regular
3988624,regular
3988624,regular
3988624,regular
3988624,regular
3988624,regular
4256703,regular
4256703,regular
4256703,regular
4256703,regular
4256703,regular
4218390,regular
4218390,regular
4218390,regular
4218390,regular
4218390,regular
4218390,regular
4218390,regular
4218390,regular
4239729,regular
4239729,regular
4239729,regular
4239729,regular
4228470,deviant
4228470,deviant
4228470,deviant
4161235,regular
4161235,regular
4161235,regular
4261151,regular
4055350,regular
4055350,regular
4055350,regular
4055350,regular
4055350,regular
4055350,regular
4055350,regular
4055350,regular
4055350,regular
4055350,regular
4055350,regular
4055350,regular
4055350,regular
4055350,regular
4055350,regular
4055350,regular
4055350,regular
4055350,regular
4055350,regular
4055350,regular
4055350,regular
4055350,regular
4261151,regular
4261151,regular
4261151,regular
4055350,regular
4055350,regular
4055350,regular
4055350,regular
4055350,regular
4261151,regular
4159934,regular
4159934,regular
4159934,regular
4159934,regular
4159934,regular
4159934,regular
4159934,regular
4159934,regular
3988624,regular
4261151,regular
4166569,regular
4166569,regular
4166569,regular
4166569,regular
4166569,regular
4166569,regular
4166569,regular
4166569,regular
4166569,regular
4166569,regular
4166569,regular
4166569,regular
4166569,regular
4166569,regular
4166569,regular
4166569,regular
4166569,regular
4166569,regular
4166569,regular
4159934,regular
4159934,regular
4159934,regular
4159934,regular
4159934,regular
4159934,regular
4159934,regular
4159934,regular
4159934,regular
4159934,regular
4159934,regular
4159934,regular
4159934,regular
4159934,regular
4159934,regular
4159934,regular
4159934,regular
4159934,regular
4159934,regular
4159934,regular
3988624,regular
3988624,regular
3988624,regular
4166569,regular
4166569,regular
4166569,regular
4166569,regular
4166569,regular
4166569,regular
4166569,regular
4032223,deviant
4159934,regular
4256703,regular
4256703,regular
4256703,regular
4256703,regular
4256703,regular
4256703,regular
4256703,regular
4256703,regular
4256703,regular
4256703,regular
4256703,regular
4256703,regular
4256703,regular
4256703,regular
4256703,regular
4256703,regular
4256703,regular
4256703,regular
4256703,regular
4256703,regular
4256703,regular
4256703,regular
4256703,regular
4256703,regular
4256703,regular
4256703,regular
4256703,regular
4228470,deviant
4228470,deviant
4228470,deviant
4228470,deviant
4228470,deviant
4228470,deviant
4228470,deviant
4256703,regular
4256703,regular
4228470,deviant
4228470,deviant
4132165,deviant
4159934,regular
4274576,deviant
4081458,regular
4081458,regular
4081458,regular
4081458,regular
4081458,regular
4081458,regular
4239729,regular
4239729,regular
4159934,regular
4159934,regular
4159934,regular
4159934,regular
4159934,regular
4250592,regular
4250592,regular
4250592,regular
4250592,regular
4250592,regular
4250988,regular
4250988,regular
4250988,regular
4250988,regular
4250988,regular
4256703,regular
4281314,deviant
4254953,regular
4254953,regular
4254953,regular
4254953,regular
4254953,regular
4254953,regular
4254953,regular
4254953,regular
4254953,regular
4254953,regular
4254953,regular
4254953,regular
4254953,regular
4254953,regular
4254953,regular
4254953,regular
4254953,regular
4254953,regular
4254953,regular
4254953,regular
4254953,regular
4254953,regular
4254953,regular
4254953,regular
4254953,regular
4254953,regular
4254953,regular
4254953,regular
4254953,regular
4254953,regular
4274576,deviant
4274576,deviant
4274576,deviant
4274576,deviant
4274576,deviant
4274576,deviant
4274576,deviant
4044259,deviant
4116546,regular
4246922,regular
4250592,regular
4250988,regular
4251346,regular
4252253,regular
4254953,regular
4285815,regular
4055350,regular
4252253,regular
4287391,regular
4252253,regular
4252253,regular
4252253,regular
4252253,regular
4252253,regular
4252253,regular
4252253,regular
4252253,regular
4252253,regular
4252253,regular
4252253,regular
4252253,regular
4252253,regular
4252253,regular
4252253,regular
4252253,regular
4252253,regular
4252253,regular
4252253,regular
4252253,regular
4252253,regular
4252253,regular
4252253,regular
4252253,regular
4252253,regular
4251346,regular
4251346,regular
4251346,regular
4251346,regular
4251346,regular
4251346,regular
4251346,regular
4251346,regular
4251346,regular
4251346,regular
4251346,regular
4251346,regular
4251346,regular
4251346,regular
4251346,regular
4251346,regular
4251346,regular
4251346,regular
4251346,regular
4251346,regular
4251346,regular
4251346,regular
4251346,regular
4251346,regular
4251346,regular
4251346,regular
4251346,regular
3333586,regular
3333586,regular
4055350,regular
4055350,regular
4055350,regular
4055350,regular
4055350,regular
4055350,regular
4055350,regular
4055350,regular
4055350,regular
4055350,regular
4281314,deviant
4290316,regular
4250592,regular
4250592,regular
4250592,regular
4250592,regular
4250592,regular
4250592,regular
4250592,regular
4250592,regular
4250592,regular
4250592,regular
4250592,regular
4250592,regular
4250592,regular
4250592,regular
4250592,regular
4250592,regular
4250592,regular
4250592,regular
4250592,regular
4250592,regular
4250592,regular
4250592,regular
4250592,regular
4250592,regular
4250988,regular
4250988,regular
4250988,regular
4250988,regular
4250988,regular
4250988,regular
4250988,regular
4250988,regular
4250988,regular
4250988,regular
4250988,regular
4250988,regular
4250988,regular
4250988,regular
4250988,regular
4250988,regular
4250988,regular
4250988,regular
4250988,regular
4250988,regular
4250988,regular
4250988,regular
4250988,regular
4250988,regular
4179903,regular
4179903,regular
4179903,regular
4179903,regular
4179903,regular
4179903,regular
4179903,regular
4179903,regular
4251346,regular
4251346,regular
4251346,regular
4251346,regular
4251346,regular
4252253,regular
4252253,regular
4285815,regular
4285815,regular
4285815,regular
4252253,regular
4252253,regular
4252253,regular
4252253,regular
4285815,regular
4285815,regular
4055350,regular
4055350,regular
4132165,deviant
4132165,deviant
4132165,deviant
4132165,deviant
4132165,deviant
4132165,deviant
4132165,deviant
4132165,deviant
4132165,deviant
4132165,deviant
4132165,deviant
4055350,regular
4055350,regular
4132165,deviant
4055350,regular
4055350,regular
4287391,regular
4287391,regular
4287391,regular
4287391,regular
4287391,regular
4132165,deviant
4132165,deviant
4132165,deviant
4132165,deviant
4132165,deviant
4132165,deviant
4179903,regular
4179903,regular
4179903,regular
4179903,regular
4179903,regular
4179903,regular
4179903,regular
4179903,regular
4179903,regular
4179903,regular
4179903,regular
4179903,regular
4179903,regular
4179903,regular
4179903,regular
4179903,regular
4179903,regular
4179903,regular
4179903,regular
4179903,regular
4179903,regular
4290316,regular
4290316,regular
4290316,regular
4290316,regular
4290316,regular
4250592,regular
4250592,regular
4250592,regular
4250988,regular
4250988,regular
4250988,regular
4220103,deviant
4220103,deviant
4220103,deviant
4274576,deviant
4274576,deviant
4274576,deviant
4274576,deviant
4179903,regular
4179903,regular
4179903,regular
4179903,regular
4179903,regular
4281314,deviant
4302983,regular
4281314,deviant
4281314,deviant
4281314,deviant
4281314,deviant
4281314,deviant
4281314,deviant
4281314,deviant
4281314,deviant
4281314,deviant
4281314,deviant
4281314,deviant
4281314,deviant
4281314,deviant
4281314,deviant
4281314,deviant
4256703,regular
4274576,deviant
4285815,regular
4287391,regular
4032873,regular
4161235,regular
4161235,regular
4161235,regular
4161235,regular
4161235,regular
4161235,regular
4161235,regular
4161235,regular
4161235,regular
4161235,regular
4161235,regular
4161235,regular
4161235,regular
4161235,regular
4161235,regular
4161235,regular
4161235,regular
4161235,regular
4161235,regular
4161235,regular
4161235,regular
4161235,regular
4161235,regular
4161235,regular
4161235,regular
4161235,regular
4302066,regular
4302066,regular
4302066,regular
4302066,regular
4302066,regular
4302066,regular
4302066,regular
4302066,regular
4302066,regular
4302066,regular
4302066,regular
4081458,regular
4081458,regular
4081458,regular
4081458,regular
4081458,regular
4081458,regular
4081458,regular
4081458,regular
4081458,regular
4081458,regular
4081458,regular
4081458,regular
4081458,regular
4081458,regular
4081458,regular
4081458,regular
4081458,regular
4081458,regular
4081458,regular
4081458,regular
4081458,regular
4081458,regular
4081458,regular
4081458,regular
4081458,regular
4302983,regular
4302983,regular
4302983,regular
4217286,regular
4310301,deviant
4246922,regular
4246922,regular
4246922,regular
4246922,regular
4246922,regular
4246922,regular
4246922,regular
4246922,regular
4246922,regular
4246922,regular
4246922,regular
4246922,regular
4246922,regular
4246922,regular
4246922,regular
4246922,regular
4246922,regular
4246922,regular
4246922,regular
4246922,regular
4246922,regular
4246922,regular
4246922,regular
4246922,regular
4246922,regular
4246922,regular
4246922,regular
4246922,regular
4246922,regular
4246922,regular
4246922,regular
4246922,regular
4274576,deviant
4313453,deviant
4316872,regular
4319670,regular
4285815,regular
4285815,regular
4285815,regular
4285815,regular
4285815,regular
4285815,regular
4285815,regular
4285815,regular
4285815,regular
4285815,regular
4285815,regular
4285815,regular
4285815,regular
4285815,regular
4285815,regular
4285815,regular
4285815,regular
4285815,regular
4285815,regular
4285815,regular
4285815,regular
4285815,regular
4285815,regular
4285815,regular
4285815,regular
4285815,regular
4285815,regular
4285815,regular
4285815,regular
4285815,regular
4285815,regular
4274576,deviant
4274576,deviant
4274576,deviant
4274576,deviant
4274576,deviant
4313453,deviant
4323310,regular
4081458,regular
4081458,regular
4081458,regular
4081458,regular
4081458,regular
4081458,regular
4081458,regular
4081458,regular
4081458,regular
4081458,regular
4081458,regular
4081458,regular
4081458,regular
4081458,regular
4081458,regular
4081458,regular
4081458,regular
4081458,regular
4313453,deviant
4313453,deviant
4313453,deviant
4313453,deviant
4313453,deviant
4032873,regular
4032873,regular
4032873,regular
4032873,regular
4032873,regular
4032873,regular
4032873,regular
4032873,regular
4032873,regular
4032873,regular
4032873,regular
4032873,regular
4032873,regular
4032873,regular
4032873,regular
4032873,regular
4032873,regular
4032873,regular
4032873,regular
4032873,regular
4032873,regular
4032873,regular
4032873,regular
4032873,regular
4032873,regular
4032873,regular
4032873,regular
4032873,regular
4032873,regular
4032873,regular
4032873,regular
4032873,regular
4032873,regular
4032873,regular
4032873,regular
4032873,regular
4032873,regular
4032873,regular
4032873,regular
4032873,regular
4032873,regular
4032873,regular
4032873,regular
4032873,regular
4032873,regular
4032873,regular
4032873,regular
4032873,regular
4032873,regular
4032873,regular
4032873,regular
4032873,regular
4032873,regular
4032873,regular
4032873,regular
4032873,regular
4032873,regular
4032873,regular
4032873,regular
4032873,regular
4032873,regular
4032873,regular
4032873,regular
4032873,regular
4032873,regular
4032873,regular
4032873,regular
4032873,regular
4032873,regular
4032873,regular
4032873,regular
4032873,regular
4032873,regular
4032873,regular
4032873,regular
4032873,regular
4032873,regular
4032873,regular
4032873,regular
4032873,regular
4032873,regular
4032873,regular
4032873,regular
4032873,regular
4032873,regular
4032873,regular
4032873,regular
4032873,regular
4032873,regular
4032873,regular
4032873,regular
4032873,regular
4032873,regular
4032873,regular
4032873,regular
4032873,regular
4032873,regular
4032873,regular
4032873,regular
4032873,regular
4032873,regular
4032873,regular
4032873,regular
4032873,regular
4032873,regular
4032873,regular
4032873,regular
4032873,regular
4032873,regular
4032873,regular
4032873,regular
4032873,regular
4032873,regular
4032873,regular
4032873,regular
4032873,regular
3874236,deviant
3874236,deviant
3874236,deviant
3874236,deviant
3874236,deviant
3874236,deviant
3874236,deviant
3874236,deviant
3874236,deviant
3874236,deviant
3874236,deviant
3874236,deviant
3874236,deviant
3874236,deviant
3874236,deviant
3874236,deviant
3874236,deviant
3874236,deviant
3874236,deviant
3874236,deviant
3874236,deviant
3874236,deviant
3874236,deviant
3874236,deviant
3874236,deviant
3874236,deviant
3874236,deviant
3874236,deviant
3874236,deviant
3874236,deviant
3874236,deviant
3874236,deviant
3874236,deviant
3874236,deviant
3874236,deviant
3874236,deviant
3874236,deviant
3874236,deviant
3874236,deviant
3874236,deviant
3874236,deviant
3874236,deviant
3874236,deviant
3874236,deviant
3874236,deviant
3874236,deviant
3874236,deviant
3874236,deviant
3874236,deviant
4032873,regular
4032873,regular
4032873,regular
4032873,regular
3874236,deviant
3874236,deviant
4190685,regular
4190685,regular
4190685,regular
4190685,regular
4190685,regular
4190685,regular
4190685,regular
4190685,regular
4190685,regular
4190685,regular
4190685,regular
4190685,regular
4190685,regular
4190685,regular
4190685,regular
4190685,regular
4190685,regular
4190685,regular
4190685,regular
4190685,regular
4190685,regular
4190685,regular
4190685,regular
4190685,regular
3874236,deviant
4322203,regular
4325712,regular
4329619,deviant
4220103,deviant
4220103,deviant
4220103,deviant
4220103,deviant
4220103,deviant
4220103,deviant
4220103,deviant
4220103,deviant
4220103,deviant
4220103,deviant
4220103,deviant
4220103,deviant
4220103,deviant
4220103,deviant
4220103,deviant
4220103,deviant
4220103,deviant
4220103,deviant
4220103,deviant
4316872,regular
4316872,regular
4316872,regular
4316872,regular
4316872,regular
4316872,regular
4316872,regular
4316872,regular
4316872,regular
4316872,regular
4225044,regular
4225044,regular
4225044,regular
4225044,regular
4225044,regular
4225044,regular
4225044,regular
4225044,regular
4225044,regular
4225044,regular
4225044,regular
4081458,regular
4225044,regular
4225044,regular
4225044,regular
4225044,regular
4225044,regular
4225044,regular
4225044,regular
4225044,regular
4225044,regular
4225044,regular
4225044,regular
4081458,regular
4081458,regular
4081458,regular
4081458,regular
4319670,regular
4319670,regular
4319670,regular
4319670,regular
4319670,regular
4319670,regular
4319670,regular
4220103,deviant
4239729,regular
4239729,regular
4239729,regular
4239729,regular
4239729,regular
4239729,regular
4239729,regular
4239729,regular
4239729,regular
4239729,regular
4239729,regular
4239729,regular
4239729,regular
4239729,regular
4239729,regular
4239729,regular
4239729,regular
4239729,regular
4239729,regular
4239729,regular
4322203,regular
4322203,regular
4322203,regular
4322203,regular
4322203,regular
4323310,regular
4323310,regular
4323310,regular
4323310,regular
4323310,regular
3874236,deviant
3874236,deviant
3874236,deviant
4290316,regular
4290316,regular
4290316,regular
4290316,regular
4290316,regular
4325232,regular
4325232,regular
4325232,regular
4325232,regular
4325232,regular
4325232,regular
4325232,regular
4325232,regular
4325712,regular
3874236,deviant
4190685,regular
4325712,regular
4334827,regular
4337223,deviant
4287391,regular
4287391,regular
4287391,regular
4287391,regular
4287391,regular
4287391,regular
4287391,regular
4287391,regular
4287391,regular
4287391,regular
4287391,regular
4287391,regular
4287391,regular
4287391,regular
4287391,regular
4287391,regular
4287391,regular
4287391,regular
4287391,regular
4287391,regular
4287391,regular
4287391,regular
4287391,regular
4287391,regular
4287391,regular
4220103,deviant
4220103,deviant
4220103,deviant
4220103,deviant
4239729,regular
4239729,regular
4239729,regular
4239729,regular
4329619,deviant
4329619,deviant
4329619,deviant
4329619,deviant
4329619,deviant
4161235,regular
4339036,regular
4339729,regular
4343336,regular
4344557,regular
4322203,regular
4322203,regular
4322203,regular
4322203,regular
4322203,regular
4322203,regular
4322203,regular
4322203,regular
4322203,regular
4322203,regular
4322203,regular
4322203,regular
4322203,regular
4322203,regular
4322203,regular
4322203,regular
4322203,regular
4322203,regular
4322203,regular
4322203,regular
4322203,regular
4322203,regular
4322203,regular
4322203,regular
4322203,regular
4322203,regular
4322203,regular
4322203,regular
4322203,regular
4322203,regular
4322203,regular
4322203,regular
4322203,regular
4287391,regular
4287391,regular
4287391,regular
4287391,regular
4287391,regular
4287391,regular
4310301,deviant
4310301,deviant
4310301,deviant
4310301,deviant
4310301,deviant
4325712,regular
4325712,regular
4325712,regular
4325712,regular
4325712,regular
4325712,regular
4325712,regular
4325712,regular
4325712,regular
4325712,regular
4325712,regular
4325712,regular
4325712,regular
4325712,regular
4325712,regular
4325712,regular
4325712,regular
4325712,regular
4325712,regular
4325712,regular
4325712,regular
4325712,regular
4325712,regular
4325712,regular
4325712,regular
4325712,regular
4325712,regular
4325712,regular
4325712,regular
4325712,regular
4161235,regular
4161235,regular
4161235,regular
4161235,regular
4325712,regular
4325712,regular
4325712,regular
4325712,regular
4325712,regular
4334827,regular
4334827,regular
4334827,regular
4334827,regular
4334827,regular
4342129,deviant
4347457,deviant
4337223,deviant
4337223,deviant
4337223,deviant
4337223,deviant
4337223,deviant
4323310,regular
4323310,regular
4323310,regular
4323310,regular
4323310,regular
4339036,regular
4339036,regular
4339036,regular
4339036,regular
4339036,regular
4323310,regular
4323310,regular
4323310,regular
4323310,regular
4339729,regular
4339729,regular
4339729,regular
4190685,regular
4190685,regular
4339729,regular
4339729,regular
4190685,regular
4190685,regular
4190685,regular
3263180,regular
3263180,regular
3263180,regular
3263180,regular
3263180,regular
3263180,regular
3263180,regular
3263180,regular
3263180,regular
3263180,regular
3263180,regular
3263180,regular
3263180,regular
3263180,regular
3263180,regular
3263180,regular
3263180,regular
3263180,regular
3263180,regular
3263180,regular
3263180,regular
3263180,regular
3263180,regular
3263180,regular
3263180,regular
3263180,regular
3263180,regular
3263180,regular
3263180,regular
3263180,regular
3263180,regular
3263180,regular
3263180,regular
3263180,regular
4281314,deviant
4281314,deviant
4281314,deviant
4281314,deviant
4351339,regular
4342129,deviant
4342129,deviant
4342129,deviant
4342129,deviant
4342129,deviant
4342129,deviant
4342129,deviant
4344557,regular
4344557,regular
4344557,regular
4344557,regular
4344557,regular
4344557,regular
4344557,regular
4343336,regular
4343336,regular
4343336,regular
4343336,regular
4343336,regular
4343336,regular
4343336,regular
4343336,regular
4343336,regular
4343336,regular
4343336,regular
4343336,regular
4343336,regular
4343336,regular
4343336,regular
4343336,regular
4343336,regular
4343336,regular
4343336,regular
4343336,regular
4343336,regular
4343336,regular
4343336,regular
4343336,regular
4343336,regular
4343336,regular
4343336,regular
4343336,regular
4343336,regular
4343336,regular
4343336,regular
4343336,regular
4343336,regular
4343336,regular
3874236,deviant
4302066,regular
4319670,regular
4323310,regular
4325712,regular
4339036,regular
4350022,deviant
3874236,deviant
4343336,regular
4343336,regular
4352383,regular
4359948,regular
4316872,regular
4316872,regular
4316872,regular
4316872,regular
4316872,regular
4316872,regular
4316872,regular
4316872,regular
4316872,regular
4316872,regular
4316872,regular
4316872,regular
4316872,regular
4316872,regular
4316872,regular
4316872,regular
4316872,regular
4316872,regular
4316872,regular
4316872,regular
4316872,regular
4316872,regular
4316872,regular
4347457,deviant
4347457,deviant
4347457,deviant
4316872,regular
4316872,regular
4302066,regular
4302066,regular
4302066,regular
4347457,deviant
4347457,deviant
4302066,regular
4302066,regular
4302066,regular
4302066,regular
4302066,regular
4302066,regular
4302066,regular
4302066,regular
4302066,regular
4302066,regular
4302066,regular
4302066,regular
4302066,regular
4302066,regular
4302066,regular
4302066,regular
4302066,regular
4302066,regular
4302066,regular
4302066,regular
4302066,regular
4302066,regular
4339036,regular
4339036,regular
4339036,regular
4339036,regular
4339036,regular
4339036,regular
4339036,regular
4339036,regular
4339036,regular
4339036,regular
4339036,regular
4339036,regular
4339036,regular
4339036,regular
4339036,regular
4339036,regular
4339036,regular
4339036,regular
4339036,regular
4339036,regular
4339036,regular
4339036,regular
4339036,regular
4339036,regular
4339036,regular
4339036,regular
4339036,regular
4339036,regular
4339036,regular
4339036,regular
4339036,regular
4218390,regular
4218390,regular
4218390,regular
4218390,regular
4218390,regular
4218390,regular
4218390,regular
4218390,regular
4218390,regular
4218390,regular
4218390,regular
4218390,regular
4218390,regular
4218390,regular
4218390,regular
4218390,regular
4218390,regular
4156233,regular
4156233,regular
4156233,regular
4156233,regular
4156233,regular
4156233,regular
4156233,regular
4156233,regular
4156233,regular
4156233,regular
4156233,regular
4156233,regular
4156233,regular
4156233,regular
4156233,regular
4156233,regular
4350022,deviant
4350022,deviant
4350022,deviant
4350022,deviant
4350022,deviant
4350022,deviant
4350022,deviant
4350022,deviant
4350022,deviant
3783708,regular
3783708,regular
3783708,regular
4350022,deviant
4350022,deviant
4350022,deviant
4350022,deviant
4350022,deviant
4350022,deviant
4350022,deviant
4350022,deviant
4350022,deviant
4350022,deviant
4351339,regular
4351339,regular
4351339,regular
4351339,regular
4151062,deviant
4302066,regular
4302066,regular
4302066,regular
4316872,regular
4316872,regular
4316872,regular
4337223,deviant
4339036,regular
4339036,regular
4347457,deviant
4350022,deviant
4350022,deviant
4351339,regular
4352383,regular
4361901,regular
4319670,regular
4319670,regular
4319670,regular
4352383,regular
4352383,regular
4132165,deviant
4132165,deviant
4132165,deviant
4132165,deviant
4132165,deviant
4132165,deviant
4132165,deviant
4132165,deviant
4132165,deviant
4132165,deviant
4132165,deviant
4132165,deviant
4132165,deviant
4132165,deviant
4132165,deviant
4132165,deviant
4132165,deviant
4132165,deviant
4132165,deviant
4132165,deviant
4151062,deviant
4151062,deviant
4151062,deviant
4151062,deviant
4151062,deviant
4151062,deviant
4151062,deviant
4151062,deviant
4151062,deviant
4151062,deviant
4151062,deviant
4151062,deviant
4319670,regular
4319670,regular
4319670,regular
4319670,regular
4319670,regular
4319670,regular
4319670,regular
4319670,regular
4319670,regular
4319670,regular
4319670,regular
4319670,regular
4319670,regular
4319670,regular
4319670,regular
4319670,regular
4319670,regular
4319670,regular
4319670,regular
4319670,regular
4319670,regular
4319670,regular
4319670,regular
4319670,regular
4344557,regular
4344557,regular
4323310,regular
4323310,regular
4323310,regular
4323310,regular
4323310,regular
4323310,regular
4323310,regular
4323310,regular
4323310,regular
4323310,regular
4323310,regular
4323310,regular
4323310,regular
4323310,regular
4323310,regular
4323310,regular
4323310,regular
4323310,regular
4218390,regular
4218390,regular
4218390,regular
4218390,regular
4218390,regular
4344557,regular
4344557,regular
4344557,regular
4323310,regular
4323310,regular
4344557,regular
4344557,regular
4347457,deviant
4347457,deviant
4347457,deviant
4347457,deviant
4347457,deviant
4347457,deviant
4347457,deviant
4347457,deviant
4347457,deviant
4347457,deviant
4347457,deviant
4151062,deviant
4151062,deviant
4151062,deviant
4151062,deviant
3263180,regular
3263180,regular
4151062,deviant
4274576,deviant
4369174,deviant
4319670,regular
4319670,regular
4319670,regular
4319670,regular
4359948,regular
4359948,regular
4359948,regular
4323310,regular
4323310,regular
4323310,regular
4323310,regular
4359948,regular
4359948,regular
4174408,deviant
4174408,deviant
4174408,deviant
4174408,deviant
4174408,deviant
4174408,deviant
4174408,deviant
4174408,deviant
4174408,deviant
4174408,deviant
4174408,deviant
4174408,deviant
4174408,deviant
4174408,deviant
4174408,deviant
4174408,deviant
4174408,deviant
4174408,deviant
4174408,deviant
4174408,deviant
4174408,deviant
4174408,deviant
4174408,deviant
4174408,deviant
4325232,regular
4325232,regular
4325232,regular
4361901,regular
4225044,regular
4369904,regular
4370780,regular
4371637,deviant
4120706,regular
4120706,regular
4120706,regular
4120706,regular
4120706,regular
4120706,regular
4120706,regular
4120706,regular
4120706,regular
4120706,regular
4120706,regular
4225044,regular
4225044,regular
4225044,regular
4225044,regular
4225044,regular
4225044,regular
4225044,regular
4225044,regular
4234256,deviant
4361901,regular
4381930,deviant
4225044,regular
4225044,regular
4225044,regular
4225044,regular
3263180,regular
3263180,regular
3263180,regular
3263180,regular
3263180,regular
3263180,regular
3263180,regular
3263180,regular
3263180,regular
3263180,regular
3263180,regular
3263180,regular
3263180,regular
3263180,regular
3263180,regular
3263180,regular
3263180,regular
3263180,regular
3263180,regular
3263180,regular
3263180,regular
4225044,regular
4281314,deviant
4281314,deviant
4281314,deviant
4339729,regular
4339729,regular
4339729,regular
4339729,regular
4339729,regular
4339729,regular
4339729,regular
4339729,regular
4339729,regular
4339729,regular
4339729,regular
4339729,regular
4339729,regular
4339729,regular
4339729,regular
4339729,regular
4339729,regular
4339729,regular
4339729,regular
4339729,regular
4339729,regular
4339729,regular
4339729,regular
4339729,regular
4339729,regular
4339729,regular
4339729,regular
4234256,deviant
4234256,deviant
4234256,deviant
4234256,deviant
4234256,deviant
4234256,deviant
4234256,deviant
4234256,deviant
4234256,deviant
4234256,deviant
4234256,deviant
4234256,deviant
4234256,deviant
4234256,deviant
4234256,deviant
4234256,deviant
4234256,deviant
4234256,deviant
4234256,deviant
4234256,deviant
4281314,deviant
4281314,deviant
4281314,deviant
4281314,deviant
4281314,deviant
4281314,deviant
4281314,deviant
4281314,deviant
4281314,deviant
4281314,deviant
4281314,deviant
4281314,deviant
4281314,deviant
4281314,deviant
4281314,deviant
4281314,deviant
4339729,regular
4339729,regular
4339729,regular
4339729,regular
4161235,regular
4190685,regular
4287391,regular
4302066,regular
4316872,regular
4316872,regular
4322203,regular
4322203,regular
4325712,regular
4325712,regular
4339036,regular
4339729,regular
4343336,regular
4343336,regular
4344557,regular
4347457,deviant
4350022,deviant
4339729,regular
4339729,regular
4361901,regular
4369174,deviant
4370780,regular
4384103,regular
4384946,regular
4427063,deviant
4359948,regular
4359948,regular
4359948,regular
4359948,regular
4359948,regular
4361901,regular
4361901,regular
4361901,regular
4361901,regular
4361901,regular
4361901,regular
4361901,regular
4361901,regular
4361901,regular
4361901,regular
4361901,regular
4361901,regular
4361901,regular
4361901,regular
4361901,regular
4361901,regular
4361901,regular
4359948,regular
4359948,regular
4359948,regular
4359948,regular
4359948,regular
4359948,regular
4359948,regular
4359948,regular
4359948,regular
4359948,regular
4359948,regular
4359948,regular
4359948,regular
4359948,regular
4359948,regular
4359948,regular
4359948,regular
4359948,regular
4359948,regular
4359948,regular
4359948,regular
4359948,regular
4369174,deviant
4369174,deviant
4369174,deviant
4359948,regular
4369904,regular
4369904,regular
4369904,regular
4369904,regular
4369904,regular
4371637,deviant
4371637,deviant
4371637,deviant
4371637,deviant
4371637,deviant
4274576,deviant
4274576,deviant
4361901,regular
4361901,regular
4310301,deviant
4310301,deviant
4310301,deviant
4310301,deviant
4310301,deviant
4310301,deviant
4207424,regular
4207424,regular
4207424,regular
4207424,regular
4207424,regular
4207424,regular
4151062,deviant
4151062,deviant
4151062,deviant
4281314,deviant
4281314,deviant
4281314,deviant
4281314,deviant
4281314,deviant
4281314,deviant
4370780,regular
4370780,regular
4370780,regular
4370780,regular
4370780,regular
4370780,regular
4370780,regular
4370780,regular
4370780,regular
4370780,regular
4370780,regular
4370780,regular
4370780,regular
4370780,regular
4370780,regular
4370780,regular
4370780,regular
4370780,regular
4370780,regular
4370780,regular
4370780,regular
4370780,regular
4370780,regular
4370780,regular
4370780,regular
4370780,regular
4370780,regular
4370780,regular
4370780,regular
4370780,regular
4370780,regular
4370780,regular
4370780,regular
4370780,regular
4370780,regular
4370780,regular
4370780,regular
4370780,regular
4329619,deviant
4329619,deviant
4329619,deviant
4329619,deviant
4329619,deviant
4329619,deviant
4329619,deviant
4359948,regular
4408423,regular
4369904,regular
4369904,regular
4369904,regular
4369904,regular
4369904,regular
4369904,regular
4369904,regular
4369904,regular
4369904,regular
4369904,regular
4369904,regular
4369904,regular
4369904,regular
4369904,regular
4369904,regular
4369904,regular
4369904,regular
4369904,regular
4369904,regular
4369904,regular
4369904,regular
4369904,regular
4369904,regular
4369904,regular
4369904,regular
4369904,regular
4369904,regular
4369904,regular
4369904,regular
4359948,regular
4359948,regular
4359948,regular
4359948,regular
4405395,deviant
4406025,regular
4406557,regular
4344557,regular
4344557,regular
4344557,regular
4344557,regular
4344557,regular
4344557,regular
4344557,regular
4344557,regular
4344557,regular
4344557,regular
4344557,regular
4344557,regular
4344557,regular
4344557,regular
4344557,regular
4344557,regular
4344557,regular
4369904,regular
4369904,regular
4369904,regular
4369904,regular
4381930,deviant
4381930,deviant
4381930,deviant
4381930,deviant
4381930,deviant
4384103,regular
4384103,regular
4384103,regular
4384103,regular
4384103,regular
4217286,regular
4217286,regular
4217286,regular
4217286,regular
4217286,regular
4217286,regular
4217286,regular
4217286,regular
4217286,regular
4217286,regular
4217286,regular
4217286,regular
4217286,regular
4217286,regular
4217286,regular
4217286,regular
4217286,regular
4217286,regular
4217286,regular
4217286,regular
4217286,regular
4217286,regular
4217286,regular
4217286,regular
4217286,regular
4217286,regular
4217286,regular
4384946,regular
4384946,regular
4384946,regular
4384946,regular
4384946,regular
4217286,regular
4217286,regular
4344557,regular
4217286,regular
4217286,regular
4217286,regular
4217286,regular
4344557,regular
4344557,regular
4344557,regular
4344557,regular
4228470,deviant
4228470,deviant
4228470,deviant
4228470,deviant
4228470,deviant
4228470,deviant
4228470,deviant
4228470,deviant
4228470,deviant
4228470,deviant
4228470,deviant
4228470,deviant
4228470,deviant
4228470,deviant
4228470,deviant
4228470,deviant
4228470,deviant
4228470,deviant
4228470,deviant
4228470,deviant
4228470,deviant
4228470,deviant
4228470,deviant
4405395,deviant
4405395,deviant
4405395,deviant
4405395,deviant
4405395,deviant
4405395,deviant
4225044,regular
4281314,deviant
4319670,regular
4323310,regular
4339729,regular
4359948,regular
4369904,regular
4370780,regular
4281314,deviant
4384103,regular
4405395,deviant
4371637,deviant
4371637,deviant
4371637,deviant
4371637,deviant
4371637,deviant
4371637,deviant
4371637,deviant
4371637,deviant
4371637,deviant
4371637,deviant
4371637,deviant
4371637,deviant
4371637,deviant
4371637,deviant
4371637,deviant
4352383,regular
4352383,regular
4352383,regular
4352383,regular
4352383,regular
4352383,regular
4352383,regular
4352383,regular
4352383,regular
4352383,regular
4352383,regular
4352383,regular
4352383,regular
4352383,regular
4352383,regular
4261151,regular
4261151,regular
4261151,regular
4261151,regular
4261151,regular
4261151,regular
4261151,regular
4261151,regular
4261151,regular
4261151,regular
4261151,regular
4261151,regular
4261151,regular
4261151,regular
4261151,regular
4261151,regular
4261151,regular
4261151,regular
4261151,regular
4261151,regular
4261151,regular
4261151,regular
4261151,regular
4261151,regular
4261151,regular
4408423,regular
4408423,regular
4408423,regular
4408423,regular
4408423,regular
4408423,regular
4261151,regular
4261151,regular
4261151,regular
4261151,regular
4261151,regular
4384103,regular
4384103,regular
4384103,regular
4384103,regular
4384103,regular
4384103,regular
4384103,regular
4347457,deviant
4384103,regular
4384103,regular
4347457,deviant
4347457,deviant
4347457,deviant
4384103,regular
4384103,regular
4384103,regular
4384103,regular
4384103,regular
4384103,regular
4384103,regular
4384103,regular
4384103,regular
4384103,regular
4384103,regular
4384103,regular
4384103,regular
4384103,regular
4384103,regular
4325232,regular
4325232,regular
4325232,regular
4325232,regular
4325232,regular
4325232,regular
4325232,regular
4325232,regular
4325232,regular
4325232,regular
4325232,regular
4325232,regular
4325232,regular
4325232,regular
4325232,regular
4325232,regular
4325232,regular
4325232,regular
4325232,regular
4325232,regular
4132165,deviant
4416345,deviant
4325232,regular
4325232,regular
4412246,regular
4412246,regular
4412246,regular
4412246,regular
4412246,regular
4412246,regular
4412246,regular
4412246,regular
4381930,deviant
4381930,deviant
4381930,deviant
4381930,deviant
4381930,deviant
4381930,deviant
4381930,deviant
4381930,deviant
4381930,deviant
4381930,deviant
4381930,deviant
4381930,deviant
4381930,deviant
4381930,deviant
4384103,regular
4384103,regular
4384103,regular
4384103,regular
4384103,regular
4234256,deviant
4234256,deviant
4352383,regular
4352383,regular
4352383,regular
4352383,regular
4352383,regular
4352383,regular
4352383,regular
4352383,regular
4352383,regular
4352383,regular
4352383,regular
4352383,regular
4406025,regular
4406025,regular
4406025,regular
4406025,regular
4406025,regular
4406025,regular
4406025,regular
4406025,regular
4406025,regular
4406025,regular
4406025,regular
4406025,regular
4406025,regular
4406025,regular
4406025,regular
4406025,regular
4406025,regular
4406025,regular
4406025,regular
4406025,regular
4406025,regular
4406025,regular
4406025,regular
4406025,regular
4406025,regular
4406025,regular
4406025,regular
4406025,regular
4406025,regular
4406025,regular
4406025,regular
4406025,regular
4406025,regular
4406025,regular
4406025,regular
4406557,regular
4406557,regular
4406557,regular
4406557,regular
4406557,regular
4406557,regular
4406557,regular
4406557,regular
4406557,regular
4406557,regular
4406557,regular
4406557,regular
4406557,regular
4406557,regular
4406557,regular
4406557,regular
4406557,regular
4406557,regular
4406557,regular
4406557,regular
4406557,regular
4406557,regular
4406557,regular
4406557,regular
4406557,regular
4406557,regular
4406557,regular
4406557,regular
4406557,regular
4406557,regular
4406557,regular
4406557,regular
4406557,regular
4347457,deviant
4347457,deviant
4347457,deviant
4347457,deviant
4347457,deviant
4347457,deviant
4347457,deviant
4347457,deviant
4347457,deviant
4347457,deviant
4347457,deviant
4347457,deviant
4347457,deviant
4347457,deviant
4347457,deviant
4347457,deviant
4347457,deviant
4132165,deviant
4132165,deviant
4132165,deviant
4132165,deviant
4132165,deviant
4325232,regular
4325232,regular
4325232,regular
4325232,regular
4350022,deviant
4350022,deviant
4350022,deviant
4350022,deviant
4350022,deviant
4350022,deviant
4350022,deviant
4350022,deviant
4350022,deviant
4350022,deviant
4350022,deviant
4350022,deviant
4350022,deviant
4350022,deviant
4350022,deviant
4350022,deviant
4350022,deviant
4350022,deviant
4350022,deviant
4350022,deviant
4350022,deviant
4350022,deviant
4350022,deviant
4350022,deviant
4350022,deviant
4350022,deviant
4416345,deviant
4416345,deviant
4416345,deviant
4416345,deviant
4416345,deviant
4416345,deviant
4228470,deviant
4228470,deviant
4228470,deviant
4228470,deviant
4228470,deviant
4228470,deviant
4427063,deviant
4369174,deviant
4369174,deviant
4369174,deviant
4369174,deviant
4369174,deviant
4369174,deviant
4369174,deviant
4369174,deviant
4369174,deviant
4369174,deviant
4369174,deviant
4369174,deviant
4369174,deviant
4369174,deviant
4369174,deviant
4369174,deviant
4347457,deviant
4347457,deviant
4347457,deviant
4347457,deviant
4347457,deviant
4347457,deviant
4156233,regular
4156233,regular
4156233,regular
4156233,regular
4156233,regular
4156233,regular
4156233,regular
4156233,regular
4156233,regular
4156233,regular
4156233,regular
4156233,regular
4156233,regular
4156233,regular
4156233,regular
4156233,regular
4156233,regular
4156233,regular
4425830,regular
4412246,regular
4412246,regular
4412246,regular
4412246,regular
4412246,regular
4412246,regular
4412246,regular
4217286,regular
4344557,regular
4359948,regular
4369904,regular
4406557,regular
4427063,deviant
4329619,deviant
4329619,deviant
4329619,deviant
4329619,deviant
4329619,deviant
4329619,deviant
4329619,deviant
4329619,deviant
4329619,deviant
4412246,regular
4412246,regular
4412246,regular
4412246,regular
4412246,regular
4412246,regular
4412246,regular
4412246,regular
4416345,deviant
4416345,deviant
4416345,deviant
4416345,deviant
4427460,deviant
4342129,deviant
4352383,regular
4425830,regular
4334827,regular
4334827,regular
4334827,regular
4334827,regular
4334827,regular
4334827,regular
4334827,regular
4352383,regular
4352383,regular
4352383,regular
4352383,regular
4425830,regular
4425830,regular
4425830,regular
4425830,regular
4334827,regular
4334827,regular
4334827,regular
4334827,regular
4334827,regular
4334827,regular
4334827,regular
4334827,regular
4425830,regular
4425830,regular
4334827,regular
4334827,regular
4334827,regular
4334827,regular
4334827,regular
4334827,regular
4334827,regular
4334827,regular
4334827,regular
4334827,regular
4334827,regular
4342129,deviant
4342129,deviant
4342129,deviant
4342129,deviant
4342129,deviant
4429605,regular
4473821,deviant
4427063,deviant
4427063,deviant
4427063,deviant
4427063,deviant
4427063,deviant
4427063,deviant
4405395,deviant
4405395,deviant
4405395,deviant
4405395,deviant
4405395,deviant
4405395,deviant
4351339,regular
4351339,regular
4351339,regular
4351339,regular
4351339,regular
4351339,regular
4427460,deviant
4427460,deviant
4427460,deviant
4427460,deviant
4427460,deviant
4427460,deviant
4369174,deviant
4369174,deviant
4310301,deviant
4310301,deviant
4310301,deviant
4310301,deviant
4310301,deviant
4310301,deviant
4310301,deviant
4310301,deviant
4310301,deviant
4310301,deviant
4310301,deviant
4429605,regular
4429605,regular
4429605,regular
4429605,regular
4429605,regular
4429605,regular
4290316,regular
4290316,regular
4290316,regular
4337223,deviant
4337223,deviant
4337223,deviant
4337223,deviant
4337223,deviant
4337223,deviant
4337223,deviant
4337223,deviant
4337223,deviant
4337223,deviant
4337223,deviant
4337223,deviant
4120706,regular
4438852,regular
4440589,deviant
4290316,regular
4290316,regular
4290316,regular
4290316,regular
4290316,regular
4290316,regular
4290316,regular
4290316,regular
4290316,regular
4290316,regular
4290316,regular
4290316,regular
4290316,regular
4290316,regular
4290316,regular
4290316,regular
4290316,regular
4438852,regular
4445174,regular
4412246,regular
4412246,regular
4412246,regular
4412246,regular
4412246,regular
4412246,regular
4412246,regular
4438852,regular
4438852,regular
4438852,regular
4438852,regular
4438852,regular
4438852,regular
4438852,regular
4440589,deviant
4440589,deviant
4440589,deviant
4440589,deviant
4440589,deviant
4440589,deviant
3221120,regular
3221120,regular
3221120,regular
3221120,regular
4412246,regular
4412246,regular
4412246,regular
4412246,regular
4412246,regular
4412246,regular
4452500,regular
4445174,regular
4445174,regular
4445174,regular
4445174,regular
4445174,regular
4445174,regular
4290316,regular
3221120,regular
3221120,regular
3221120,regular
3221120,regular
4120706,regular
4290316,regular
4453768,regular
4455708,deviant
4466102,regular
4351339,regular
4351339,regular
4351339,regular
4351339,regular
4351339,regular
4351339,regular
4351339,regular
4290316,regular
4290316,regular
4290316,regular
4290316,regular
4313453,deviant
4460190,deviant
4467084,deviant
4452500,regular
4452500,regular
4452500,regular
4452500,regular
4452500,regular
4452500,regular
4453768,regular
4453768,regular
4453768,regular
4453768,regular
4453768,regular
4453768,regular
4453768,regular
4453768,regular
4453768,regular
4455708,deviant
4455708,deviant
4455708,deviant
4455708,deviant
4455708,deviant
4455708,deviant
4455708,deviant
4464859,deviant
4381930,deviant
4381930,deviant
4381930,deviant
4381930,deviant
4381930,deviant
4381930,deviant
4381930,deviant
4381930,deviant
4381930,deviant
4381930,deviant
4381930,deviant
4381930,deviant
4381930,deviant
4381930,deviant
4381930,deviant
4381930,deviant
4381930,deviant
4381930,deviant
4381930,deviant
4381930,deviant
4464443,regular
4460190,deviant
4460190,deviant
4460190,deviant
4460190,deviant
4460190,deviant
4460190,deviant
4416345,deviant
4132165,deviant
4156233,regular
4228470,deviant
4290316,regular
4325232,regular
4347457,deviant
4350022,deviant
4352383,regular
4384103,regular
4412246,regular
4371637,deviant
4371637,deviant
4427460,deviant
4427460,deviant
4427460,deviant
4427460,deviant
4427460,deviant
4427460,deviant
4427460,deviant
4427460,deviant
4427460,deviant
4453768,regular
4453768,regular
4453768,regular
4453768,regular
4453768,regular
4453768,regular
4453768,regular
4453768,regular
4453768,regular
4453768,regular
4453768,regular
4453768,regular
4453768,regular
4453768,regular
4453768,regular
4453768,regular
4453768,regular
4453768,regular
4453768,regular
4453768,regular
4453768,regular
4453768,regular
4453768,regular
4381930,deviant
4381930,deviant
4381930,deviant
4381930,deviant
4381930,deviant
4381930,deviant
4464443,regular
4464443,regular
4464443,regular
4464443,regular
4464443,regular
4464443,regular
4464859,deviant
4464859,deviant
4464859,deviant
4464859,deviant
4464859,deviant
4464859,deviant
4466102,regular
4466102,regular
4466102,regular
4466102,regular
4466102,regular
4466102,regular
4120706,regular
4475529,regular
4371637,deviant
4371637,deviant
4371637,deviant
4371637,deviant
4371637,deviant
4371637,deviant
4371637,deviant
4371637,deviant
4371637,deviant
4371637,deviant
4371637,deviant
4371637,deviant
4371637,deviant
4371637,deviant
4371637,deviant
4371637,deviant
4371637,deviant
4371637,deviant
4371637,deviant
4467084,deviant
4467084,deviant
4467084,deviant
4467084,deviant
4467084,deviant
4467084,deviant
4464443,regular
4464443,regular
4464443,regular
4464443,regular
4464443,regular
4464443,regular
4464443,regular
4464443,regular
4464443,regular
4464443,regular
4464443,regular
4464443,regular
4464443,regular
4464443,regular
4464443,regular
4464443,regular
4464443,regular
4464443,regular
4464443,regular
4464443,regular
4464443,regular
4464443,regular
4464443,regular
4464443,regular
4464443,regular
4337223,deviant
4337223,deviant
4120706,regular
4120706,regular
4120706,regular
4120706,regular
4120706,regular
4120706,regular
4120706,regular
4120706,regular
4120706,regular
4120706,regular
4120706,regular
4120706,regular
4120706,regular
4120706,regular
4120706,regular
4120706,regular
4120706,regular
4120706,regular
4120706,regular
4120706,regular
4120706,regular
4120706,regular
4120706,regular
4120706,regular
4120706,regular
4120706,regular
4405395,deviant
4405395,deviant
4405395,deviant
4405395,deviant
4405395,deviant
4405395,deviant
4405395,deviant
4405395,deviant
4405395,deviant
4405395,deviant
4405395,deviant
4405395,deviant
4464443,regular
4473821,deviant
4427460,deviant
4427460,deviant
4427460,deviant
4427460,deviant
4337223,deviant
4337223,deviant
4337223,deviant
4337223,deviant
4337223,deviant
4337223,deviant
4337223,deviant
4337223,deviant
4337223,deviant
4337223,deviant
4337223,deviant
4337223,deviant
4337223,deviant
4337223,deviant
4337223,deviant
4337223,deviant
4337223,deviant
4337223,deviant
4464443,regular
4464443,regular
4337223,deviant
4351339,regular
4351339,regular
4351339,regular
4351339,regular
4351339,regular
4351339,regular
4351339,regular
4351339,regular
4351339,regular
4351339,regular
4473821,deviant
4473821,deviant
4473821,deviant
4473821,deviant
4334827,regular
4337223,deviant
4371637,deviant
4478024,regular
4475529,regular
4475529,regular
4475529,regular
4475529,regular
4475529,regular
4475529,regular
4120706,regular
4473821,deviant
4473821,deviant
4473821,deviant
4473821,deviant
4473821,deviant
4473821,deviant
4473821,deviant
4473821,deviant
4473821,deviant
4473821,deviant
4473821,deviant
4473821,deviant
4482141,regular
4484406,regular
4478024,regular
4478024,regular
4478024,regular
4478024,regular
4478024,regular
4478024,regular
4467084,deviant
4467084,deviant
4467084,deviant
4467084,deviant
4467084,deviant
4467084,deviant
4467084,deviant
4467084,deviant
4467084,deviant
4381930,deviant
4485051,regular
4467084,deviant
4484103,regular
4351339,regular
4337223,deviant
4337223,deviant
4337223,deviant
4371637,deviant
4371637,deviant
4371637,deviant
4334827,regular
4334827,regular
4334827,regular
4482141,regular
4482141,regular
4482141,regular
4482141,regular
4482141,regular
4351339,regular
4482141,regular
4484103,regular
4484103,regular
4484103,regular
4484103,regular
4484103,regular
4484103,regular
4484406,regular
4484406,regular
4484406,regular
4484406,regular
4484406,regular
4484406,regular
4485051,regular
4485051,regular
4485051,regular
4485051,regular
4485051,regular
4485051,regular
4351339,regular
4351339,regular
4351339,regular
4445174,regular
4445174,regular
4445174,regular
4174408,deviant
4174408,deviant
4174408,deviant
4174408,deviant
4174408,deviant
4174408,deviant
4174408,deviant
4174408,deviant
4174408,deviant
4174408,deviant
4174408,deviant
4174408,deviant
4174408,deviant
4174408,deviant
4174408,deviant
4174408,deviant
4174408,deviant
4174408,deviant
4174408,deviant
4174408,deviant
4174408,deviant
4174408,deviant
4174408,deviant
4174408,deviant
4174408,deviant
4174408,deviant
4455708,deviant
4498187,regular
4484103,regular
4484103,regular
4484103,regular
4484103,regular
4484103,regular
4484103,regular
4484103,regular
4484103,regular
4484103,regular
4484103,regular
4484103,regular
4484103,regular
4484103,regular
4484103,regular
4484103,regular
4484103,regular
4484103,regular
4484103,regular
4484103,regular
4484103,regular
4484103,regular
4484103,regular
4484103,regular
4484103,regular
4484103,regular
4484103,regular
4484103,regular
4484103,regular
4342129,deviant
4342129,deviant
4342129,deviant
4342129,deviant
4342129,deviant
4342129,deviant
4342129,deviant
4485051,regular
4485051,regular
4485051,regular
4485051,regular
4485051,regular
4485051,regular
4485051,regular
4485051,regular
4485051,regular
4485051,regular
4485051,regular
4485051,regular
4485051,regular
4485051,regular
4485051,regular
4485051,regular
4485051,regular
4485051,regular
4485051,regular
4485051,regular
4485051,regular
4485051,regular
4485051,regular
4485051,regular
4485051,regular
4485051,regular
4485051,regular
4485051,regular
4174408,deviant
4498187,regular
4498187,regular
4498187,regular
4498187,regular
4498187,regular
4498187,regular
4369174,deviant
4369174,deviant
4369174,deviant
4369174,deviant
4369174,deviant
4369174,deviant
4369174,deviant
4369174,deviant
4369174,deviant
4369174,deviant
4369174,deviant
4369174,deviant
4369174,deviant
4369174,deviant
4369174,deviant
4369174,deviant
4369174,deviant
4369174,deviant
4174408,deviant
4174408,deviant
4482141,regular
4510226,regular
4310301,deviant
4310301,deviant
3934995,deviant
3934995,deviant
3934995,deviant
4460190,deviant
4460190,deviant
4460190,deviant
4460190,deviant
4460190,deviant
4460190,deviant
4460190,deviant
4460190,deviant
4460190,deviant
4460190,deviant
4460190,deviant
4460190,deviant
4174408,deviant
4174408,deviant
4478024,regular
4478024,regular
4478024,regular
4478024,regular
4478024,regular
4478024,regular
4478024,regular
4440589,deviant
4440589,deviant
4440589,deviant
4440589,deviant
4440589,deviant
4440589,deviant
4440589,deviant
4440589,deviant
4440589,deviant
4440589,deviant
4369174,deviant
4369174,deviant
4440589,deviant
4440589,deviant
4464859,deviant
4464859,deviant
4464859,deviant
4464859,deviant
4464859,deviant
4464859,deviant
4464859,deviant
4427063,deviant
4427063,deviant
4427063,deviant
4427063,deviant
4464859,deviant
4369174,deviant
4369174,deviant
4369174,deviant
4369174,deviant
4464859,deviant
4464859,deviant
4464859,deviant
4510226,regular
4510226,regular
4510226,regular
4510226,regular
4510226,regular
4510226,regular
4511896,regular
4511896,regular
4511896,regular
4511896,regular
4511896,regular
4452500,regular
4452500,regular
4452500,regular
4452500,regular
4511896,regular
4511896,regular
4518443,regular
4519347,deviant
4445174,regular
4445174,regular
4445174,regular
4445174,regular
4445174,regular
4445174,regular
4445174,regular
4445174,regular
4445174,regular
4445174,regular
4445174,regular
4445174,regular
4445174,regular
4445174,regular
4445174,regular
4445174,regular
4445174,regular
4445174,regular
4445174,regular
4445174,regular
4361901,regular
4361901,regular
4361901,regular
4361901,regular
4361901,regular
4361901,regular
4361901,regular
4361901,regular
4361901,regular
4361901,regular
4361901,regular
4361901,regular
4361901,regular
4361901,regular
4361901,regular
4361901,regular
4361901,regular
4361901,regular
4361901,regular
4361901,regular
4361901,regular
4361901,regular
4361901,regular
4361901,regular
4361901,regular
4361901,regular
4361901,regular
4361901,regular
4361901,regular
4361901,regular
4361901,regular
4361901,regular
4361901,regular
4361901,regular
4361901,regular
4361901,regular
4361901,regular
4361901,regular
4361901,regular
4361901,regular
4361901,regular
4416345,deviant
4517568,regular
4361901,regular
4361901,regular
4361901,regular
4361901,regular
4361901,regular
4361901,regular
4120706,regular
4120706,regular
4120706,regular
4120706,regular
4120706,regular
4120706,regular
4120706,regular
4120706,regular
4120706,regular
4120706,regular
4120706,regular
4120706,regular
4120706,regular
4120706,regular
4120706,regular
4120706,regular
4120706,regular
4120706,regular
4120706,regular
4174408,deviant
4174408,deviant
4460190,deviant
4519347,deviant
4522456,regular
4530770,regular
4478024,regular
4478024,regular
4478024,regular
4478024,regular
4478024,regular
4478024,regular
4478024,regular
4478024,regular
4478024,regular
4478024,regular
4478024,regular
4478024,regular
4478024,regular
4478024,regular
4478024,regular
4478024,regular
4478024,regular
4498187,regular
4498187,regular
4498187,regular
4517568,regular
4517568,regular
4517568,regular
4517568,regular
4517568,regular
4517568,regular
4517568,regular
4517568,regular
4517568,regular
4517568,regular
4517568,regular
4517568,regular
4517568,regular
4517568,regular
4517568,regular
4517568,regular
4517568,regular
4517568,regular
4517568,regular
4517568,regular
4517568,regular
4517568,regular
4517568,regular
4517568,regular
4517568,regular
4517568,regular
4517568,regular
4518443,regular
4518443,regular
4518443,regular
4518443,regular
4518443,regular
4518443,regular
4517568,regular
4517568,regular
4519347,deviant
4519347,deviant
4519347,deviant
4519347,deviant
4519347,deviant
4519347,deviant
4452500,regular
4452500,regular
4452500,regular
4452500,regular
4452500,regular
4452500,regular
4452500,regular
4452500,regular
4452500,regular
4452500,regular
4452500,regular
4452500,regular
4452500,regular
4452500,regular
4452500,regular
4452500,regular
4452500,regular
4452500,regular
4452500,regular
4478024,regular
4531880,regular
4511896,regular
4511896,regular
4511896,regular
4511896,regular
4511896,regular
4511896,regular
4511896,regular
4511896,regular
4440589,deviant
4440589,deviant
4440589,deviant
4440589,deviant
4440589,deviant
4440589,deviant
4440589,deviant
4440589,deviant
4440589,deviant
4440589,deviant
4440589,deviant
4440589,deviant
4440589,deviant
4440589,deviant
4440589,deviant
4440589,deviant
4440589,deviant
4440589,deviant
4440589,deviant
4478024,regular
4478024,regular
4478024,regular
4478024,regular
4440589,deviant
4440589,deviant
4522456,regular
4522456,regular
4522456,regular
4522456,regular
4522456,regular
4522456,regular
4452500,regular
4517568,regular
4440589,deviant
4440589,deviant
4440589,deviant
4440589,deviant
4416345,deviant
4416345,deviant
4416345,deviant
4416345,deviant
4416345,deviant
4416345,deviant
4416345,deviant
4416345,deviant
4416345,deviant
4416345,deviant
4416345,deviant
4416345,deviant
4416345,deviant
4416345,deviant
4416345,deviant
4416345,deviant
4416345,deviant
4416345,deviant
4416345,deviant
4416345,deviant
4416345,deviant
4535665,deviant
4535979,regular
4416345,deviant
4416345,deviant
4416345,deviant
4416345,deviant
4416345,deviant
4416345,deviant
4452500,regular
4452500,regular
4452500,regular
4452500,regular
4522456,regular
4522456,regular
4522456,regular
4522456,regular
4522456,regular
4522456,regular
4522456,regular
4522456,regular
4522456,regular
4522456,regular
4522456,regular
4522456,regular
4522456,regular
4522456,regular
4522456,regular
4522456,regular
4522456,regular
4522456,regular
4522456,regular
4522456,regular
4522456,regular
4522456,regular
4522456,regular
4530770,regular
4530770,regular
4530770,regular
4530770,regular
4530770,regular
4530770,regular
4522456,regular
4416345,deviant
4416345,deviant
4416345,deviant
4416345,deviant
4531880,regular
4531880,regular
4531880,regular
4531880,regular
4531880,regular
4531880,regular
4498187,regular
4498187,regular
4498187,regular
4498187,regular
4498187,regular
4498187,regular
4498187,regular
4498187,regular
4498187,regular
4498187,regular
4498187,regular
4498187,regular
4498187,regular
4498187,regular
4498187,regular
4498187,regular
4498187,regular
4498187,regular
4498187,regular
4498187,regular
4522456,regular
4538723,regular
4427460,deviant
4427460,deviant
4510226,regular
4510226,regular
4510226,regular
4510226,regular
4510226,regular
4510226,regular
4510226,regular
4510226,regular
4510226,regular
4510226,regular
4510226,regular
4510226,regular
4510226,regular
4510226,regular
4510226,regular
4510226,regular
4510226,regular
4510226,regular
4510226,regular
4510226,regular
4510226,regular
4510226,regular
4510226,regular
4510226,regular
4510226,regular
4510226,regular
4510226,regular
4510226,regular
4510226,regular
4522456,regular
4522456,regular
4522456,regular
4522456,regular
4361901,regular
4369174,deviant
4427063,deviant
4440589,deviant
4478024,regular
4538290,regular
4535665,deviant
4541389,deviant
4542043,regular
4542863,regular
4544666,regular
4535665,deviant
4535665,deviant
4535665,deviant
4535665,deviant
4535665,deviant
4535665,deviant
4535979,regular
4535979,regular
4535979,regular
4535979,regular
4535979,regular
4535979,regular
4542043,regular
4542043,regular
4542043,regular
4545589,regular
4546502,regular
4538290,regular
4538290,regular
4538290,regular
4538290,regular
4538290,regular
4538290,regular
4538723,regular
4538723,regular
4538723,regular
4538723,regular
4538723,regular
4538723,regular
4498187,regular
4498187,regular
4538723,regular
4538723,regular
4538723,regular
4538723,regular
4120706,regular
4120706,regular
4120706,regular
4120706,regular
4120706,regular
4538723,regular
4538723,regular
4538723,regular
4120706,regular
4538290,regular
4538290,regular
4538290,regular
4511896,regular
4511896,regular
4511896,regular
4511896,regular
4511896,regular
4511896,regular
4511896,regular
4511896,regular
4511896,regular
4511896,regular
4511896,regular
4511896,regular
4511896,regular
4511896,regular
4511896,regular
4511896,regular
4511896,regular
4542043,regular
4542043,regular
4542043,regular
4542043,regular
4542043,regular
4542043,regular
4542043,regular
4542043,regular
4542043,regular
4542043,regular
4542043,regular
4542043,regular
4542043,regular
4542043,regular
4542043,regular
4542043,regular
4542043,regular
4542043,regular
4542043,regular
4542043,regular
4542043,regular
4542043,regular
4542043,regular
4542043,regular
4542043,regular
4542043,regular
4542043,regular
4542043,regular
4542043,regular
4541389,deviant
4541389,deviant
4541389,deviant
4541389,deviant
4541389,deviant
4541389,deviant
4542043,regular
4498187,regular
4498187,regular
4498187,regular
4498187,regular
4542863,regular
4542863,regular
4542863,regular
4542863,regular
4542863,regular
4542863,regular
4531880,regular
4531880,regular
4531880,regular
4531880,regular
4531880,regular
4531880,regular
4531880,regular
4531880,regular
4541389,deviant
4541389,deviant
4541389,deviant
4541389,deviant
4541389,deviant
4541389,deviant
4541389,deviant
4541389,deviant
4541389,deviant
4541389,deviant
4541389,deviant
4541389,deviant
4541389,deviant
4551488,deviant
4511896,regular
4511896,regular
4511896,regular
4511896,regular
4544666,regular
4544666,regular
4544666,regular
4544666,regular
4544666,regular
4544666,regular
4531880,regular
4531880,regular
4531880,regular
4531880,regular
4531880,regular
4531880,regular
4531880,regular
4531880,regular
4531880,regular
4531880,regular
4531880,regular
4531880,regular
4531880,regular
4531880,regular
4473821,deviant
4473821,deviant
4473821,deviant
4545589,regular
4545589,regular
4545589,regular
4545589,regular
4545589,regular
4545589,regular
4546502,regular
4546502,regular
4546502,regular
4546502,regular
4546502,regular
4546502,regular
4429605,regular
4429605,regular
4429605,regular
4429605,regular
4429605,regular
4429605,regular
4429605,regular
4429605,regular
4429605,regular
4429605,regular
4429605,regular
4429605,regular
4429605,regular
4429605,regular
4429605,regular
4429605,regular
4429605,regular
4429605,regular
4429605,regular
4429605,regular
4429605,regular
4429605,regular
4429605,regular
4429605,regular
4429605,regular
4429605,regular
4429605,regular
4429605,regular
4429605,regular
4120706,regular
4416345,deviant
4452500,regular
4510226,regular
4522456,regular
4274576,deviant
4274576,deviant
4274576,deviant
4274576,deviant
4274576,deviant
4274576,deviant
4274576,deviant
4274576,deviant
4274576,deviant
4274576,deviant
4274576,deviant
4542863,regular
4542863,regular
4542863,regular
4542863,regular
4542863,regular
4542863,regular
4290316,regular
4555677,regular
4551488,deviant
4551488,deviant
4551488,deviant
4551488,deviant
4551488,deviant
4551488,deviant
4427460,deviant
4427460,deviant
4427460,deviant
4427460,deviant
4427460,deviant
4427460,deviant
4427460,deviant
4427460,deviant
4427460,deviant
4427460,deviant
4427460,deviant
4427460,deviant
4427460,deviant
4427460,deviant
4427460,deviant
4427460,deviant
4427460,deviant
4427460,deviant
4427460,deviant
4310301,deviant
4310301,deviant
4310301,deviant
4310301,deviant
4310301,deviant
4310301,deviant
4310301,deviant
4310301,deviant
4310301,deviant
4310301,deviant
4310301,deviant
4310301,deviant
4310301,deviant
4310301,deviant
4310301,deviant
4310301,deviant
4546502,regular
4546502,regular
4546502,regular
4546502,regular
4546502,regular
4546502,regular
4546502,regular
4546502,regular
4546502,regular
4546502,regular
4546502,regular
4546502,regular
4546502,regular
4546502,regular
4546502,regular
4546502,regular
4546502,regular
4546502,regular
4546502,regular
4546502,regular
4546502,regular
4546502,regular
4546502,regular
4466102,regular
4466102,regular
4466102,regular
4466102,regular
4466102,regular
4466102,regular
4466102,regular
4466102,regular
4466102,regular
4427460,deviant
4427460,deviant
4427460,deviant
4427460,deviant
4557285,regular
4555677,regular
4555677,regular
4555677,regular
4555677,regular
4555677,regular
4555677,regular
4561923,regular
4557285,regular
4557285,regular
4557285,regular
4557285,regular
4557285,regular
4557285,regular
4557067,regular
4557067,regular
4557067,regular
4557067,regular
4557067,regular
4429605,regular
4475529,regular
4475529,regular
4498187,regular
4511896,regular
4557067,regular
4563615,regular
4564503,regular
4564790,regular
4565173,regular
4445174,regular
4445174,regular
4445174,regular
4445174,regular
4445174,regular
4445174,regular
4445174,regular
4542863,regular
4542863,regular
4542863,regular
4542863,regular
4542863,regular
4542863,regular
4542863,regular
4542863,regular
4542863,regular
4542863,regular
4542863,regular
4542863,regular
4542863,regular
4542863,regular
4542863,regular
4542863,regular
4531880,regular
4531880,regular
4531880,regular
4531880,regular
4531880,regular
4531880,regular
4546502,regular
4545589,regular
4545589,regular
4545589,regular
4545589,regular
4545589,regular
4546502,regular
4566120,regular
4546502,regular
4546502,regular
4546502,regular
4546502,regular
4561923,regular
4561923,regular
4561923,regular
4561923,regular
4561923,regular
4561923,regular
4568983,regular
4571229,regular
4563615,regular
4563615,regular
4563615,regular
4563615,regular
4563615,regular
4563615,regular
4564503,regular
4564503,regular
4564503,regular
4564503,regular
4564503,regular
4564503,regular
4564790,regular
4564790,regular
4564790,regular
4564790,regular
4564790,regular
4564790,regular
4565173,regular
4565173,regular
4565173,regular
4565173,regular
4565173,regular
4565173,regular
4566120,regular
4566120,regular
4566120,regular
4566120,regular
4566120,regular
4566120,regular
4405395,deviant
4405395,deviant
4405395,deviant
4405395,deviant
4405395,deviant
4405395,deviant
4405395,deviant
4405395,deviant
4405395,deviant
4557067,regular
4557067,regular
4557067,regular
4557067,regular
4557067,regular
4557067,regular
4557067,regular
4557067,regular
4557067,regular
4557067,regular
4557067,regular
4568983,regular
4568983,regular
4568983,regular
4568983,regular
4302983,regular
4302983,regular
4302983,regular
4302983,regular
4302983,regular
4302983,regular
4302983,regular
4302983,regular
4302983,regular
4302983,regular
4302983,regular
4302983,regular
4302983,regular
4302983,regular
4568983,regular
4568983,regular
4557285,regular
4557285,regular
4557285,regular
4557285,regular
4545589,regular
4576469,regular
4577394,regular
4579393,regular
4545589,regular
4545589,regular
4545589,regular
4545589,regular
4545589,regular
4545589,regular
4545589,regular
4545589,regular
4545589,regular
4545589,regular
4545589,regular
4545589,regular
4545589,regular
4545589,regular
4545589,regular
4438852,regular
4438852,regular
4438852,regular
4438852,regular
4438852,regular
4438852,regular
4438852,regular
4438852,regular
4438852,regular
4438852,regular
4438852,regular
4438852,regular
4438852,regular
4438852,regular
4438852,regular
4438852,regular
4438852,regular
4438852,regular
4542863,regular
4542863,regular
4542863,regular
4542863,regular
4542863,regular
4542863,regular
4438852,regular
4438852,regular
4438852,regular
4438852,regular
4438852,regular
4438852,regular
4438852,regular
4438852,regular
4438852,regular
4438852,regular
4438852,regular
4438852,regular
4438852,regular
4438852,regular
4438852,regular
4438852,regular
4438852,regular
4438852,regular
4438852,regular
4438852,regular
4438852,regular
4438852,regular
4571229,regular
4571229,regular
4571229,regular
4571229,regular
4571229,regular
4571229,regular
4438852,regular
4438852,regular
4427460,deviant
4531880,regular
4546502,regular
4574574,regular
4538290,regular
4538290,regular
4538290,regular
4538290,regular
4538290,regular
4538290,regular
4538290,regular
4538290,regular
4538290,regular
4538290,regular
4538290,regular
4538290,regular
4538290,regular
4538290,regular
4538290,regular
4538290,regular
4538290,regular
4538290,regular
4538290,regular
4538290,regular
4538290,regular
4538290,regular
4544666,regular
4544666,regular
4544666,regular
4544666,regular
4544666,regular
4519347,deviant
4519347,deviant
4519347,deviant
4519347,deviant
4519347,deviant
4538290,regular
4538290,regular
4538290,regular
4564790,regular
4564790,regular
4564790,regular
4564790,regular
4564790,regular
4564790,regular
4564790,regular
4564790,regular
4564790,regular
4564790,regular
4564790,regular
4564790,regular
4564790,regular
4564790,regular
4564790,regular
4564790,regular
4564790,regular
4564790,regular
4564790,regular
4564790,regular
4564790,regular
4564790,regular
4564790,regular
4564790,regular
4564790,regular
4564790,regular
4564790,regular
4313453,deviant
4313453,deviant
4313453,deviant
4313453,deviant
4313453,deviant
4313453,deviant
4313453,deviant
4313453,deviant
4313453,deviant
4313453,deviant
4313453,deviant
4313453,deviant
4313453,deviant
4313453,deviant
4313453,deviant
4313453,deviant
4313453,deviant
4313453,deviant
4313453,deviant
4313453,deviant
4313453,deviant
4313453,deviant
4313453,deviant
4313453,deviant
4313453,deviant
4574574,regular
4574574,regular
4574574,regular
4574574,regular
4310301,deviant
4310301,deviant
4574574,regular
4581086,deviant
4581463,deviant
4582095,regular
4582439,regular
4576469,regular
4576469,regular
4576469,regular
4576469,regular
4310301,deviant
4310301,deviant
4310301,deviant
4310301,deviant
4310301,deviant
4310301,deviant
4310301,deviant
4576469,regular
4576469,regular
4577394,regular
4577394,regular
4577394,regular
4577394,regular
4577394,regular
4577394,regular
4473821,deviant
4564790,regular
4564790,regular
4583568,regular
4585673,regular
4563615,regular
4563615,regular
4563615,regular
4563615,regular
4563615,regular
4563615,regular
4563615,regular
4563615,regular
4563615,regular
4563615,regular
4563615,regular
4563615,regular
4563615,regular
4563615,regular
4563615,regular
4563615,regular
4563615,regular
4563615,regular
4563615,regular
4563615,regular
4563615,regular
4563615,regular
4563615,regular
4563615,regular
4563615,regular
4568983,regular
4568983,regular
4568983,regular
4566120,regular
4566120,regular
4566120,regular
4566120,regular
4566120,regular
4566120,regular
4566120,regular
4566120,regular
4566120,regular
4566120,regular
4566120,regular
4566120,regular
4566120,regular
4566120,regular
4566120,regular
4566120,regular
4566120,regular
4566120,regular
4566120,regular
4566120,regular
4566120,regular
4566120,regular
4566120,regular
4566120,regular
4566120,regular
4566120,regular
4473821,deviant
4473821,deviant
4473821,deviant
4473821,deviant
4473821,deviant
4473821,deviant
4473821,deviant
4473821,deviant
4473821,deviant
4473821,deviant
4473821,deviant
4473821,deviant
4473821,deviant
4473821,deviant
4579393,regular
4579393,regular
4579393,regular
4579393,regular
4579393,regular
4579393,regular
4579393,regular
4579393,regular
4579393,regular
4579393,regular
4579393,regular
4579393,regular
4579393,regular
4579393,regular
4579393,regular
4579393,regular
4579393,regular
4579393,regular
4579393,regular
4579393,regular
4579393,regular
4579393,regular
4579393,regular
4579393,regular
4579393,regular
4579393,regular
4579393,regular
4579393,regular
4579393,regular
4579393,regular
4579393,regular
4473821,deviant
4473821,deviant
4473821,deviant
4467084,deviant
4467084,deviant
4467084,deviant
4467084,deviant
4467084,deviant
4467084,deviant
4467084,deviant
4467084,deviant
4467084,deviant
4473821,deviant
4473821,deviant
4473821,deviant
4473821,deviant
4473821,deviant
4581086,deviant
4581086,deviant
4581086,deviant
4581086,deviant
4581086,deviant
4581086,deviant
4581463,deviant
4581463,deviant
4581463,deviant
4581463,deviant
4581463,deviant
4581463,deviant
4582095,regular
4582095,regular
4582095,regular
4582095,regular
4582095,regular
4582095,regular
4582439,regular
4582439,regular
4582439,regular
4582439,regular
4582439,regular
4582439,regular
4579393,regular
4579393,regular
4583568,regular
4583568,regular
4583568,regular
4583568,regular
4583568,regular
4583568,regular
4310301,deviant
4438852,regular
4542863,regular
4564790,regular
4588843,regular
4589422,regular
4310301,deviant
4425830,regular
4438852,regular
4589728,regular
4592650,regular
4594564,regular
4595199,regular
4544666,regular
4544666,regular
4544666,regular
4544666,regular
4544666,regular
4544666,regular
4544666,regular
4544666,regular
4544666,regular
4544666,regular
4544666,regular
4544666,regular
4544666,regular
4574574,regular
4544666,regular
4574574,regular
4574574,regular
4574574,regular
4574574,regular
4574574,regular
4574574,regular
4574574,regular
4574574,regular
4574574,regular
4574574,regular
4574574,regular
4574574,regular
4574574,regular
4574574,regular
4574574,regular
4574574,regular
4574574,regular
4574574,regular
4574574,regular
4574574,regular
4574574,regular
4574574,regular
4574574,regular
4577394,regular
4577394,regular
4577394,regular
4577394,regular
4577394,regular
4577394,regular
4577394,regular
4577394,regular
4577394,regular
4577394,regular
4577394,regular
4577394,regular
4577394,regular
4577394,regular
4577394,regular
4577394,regular
4577394,regular
4577394,regular
4577394,regular
4577394,regular
4577394,regular
4577394,regular
4577394,regular
4574574,regular
4574574,regular
4574574,regular
4574574,regular
4574574,regular
4574574,regular
4574574,regular
4577394,regular
4577394,regular
4544666,regular
4544666,regular
4544666,regular
4585673,regular
4585673,regular
4585673,regular
4585673,regular
4585673,regular
4585673,regular
4585673,regular
4585673,regular
4585673,regular
4585673,regular
4585673,regular
4585673,regular
4585673,regular
4585673,regular
4585673,regular
4585673,regular
4585673,regular
4585673,regular
4585673,regular
4585673,regular
4585673,regular
4585673,regular
4585673,regular
4585673,regular
4585673,regular
4585673,regular
4585673,regular
4585673,regular
4585673,regular
4585673,regular
4585673,regular
4585673,regular
4585673,regular
4577394,regular
4577394,regular
4577394,regular
4577394,regular
4544666,regular
4544666,regular
4544666,regular
4544666,regular
4544666,regular
4544666,regular
4778657,regular
4781884,regular
4425830,regular
4425830,regular
4425830,regular
4425830,regular
4425830,regular
4571229,regular
4571229,regular
4571229,regular
4588843,regular
4588843,regular
4588843,regular
4588843,regular
4588843,regular
4588843,regular
4589422,regular
4589422,regular
4589422,regular
4589422,regular
4589422,regular
4589422,regular
4589728,regular
4589728,regular
4589728,regular
4589728,regular
4589728,regular
4589728,regular
4565173,regular
4565173,regular
4565173,regular
4565173,regular
4565173,regular
4565173,regular
4565173,regular
4565173,regular
4565173,regular
4565173,regular
4565173,regular
4565173,regular
4565173,regular
4565173,regular
4565173,regular
4565173,regular
4565173,regular
4565173,regular
4565173,regular
4565173,regular
4565173,regular
4565173,regular
4565173,regular
4565173,regular
4565173,regular
4581463,deviant
4581463,deviant
4581463,deviant
4581463,deviant
4581463,deviant
4594564,regular
4581086,deviant
4581086,deviant
4581086,deviant
4581086,deviant
4581086,deviant
4581086,deviant
4581086,deviant
4581086,deviant
4581086,deviant
4581086,deviant
4581086,deviant
4581086,deviant
4464859,deviant
4464859,deviant
4464859,deviant
4592650,regular
4592650,regular
4592650,regular
4592650,regular
4592650,regular
4592650,regular
4464859,deviant
4464859,deviant
4464859,deviant
4464859,deviant
4464859,deviant
4464859,deviant
4464859,deviant
4464859,deviant
4464859,deviant
4464859,deviant
4464859,deviant
4464859,deviant
4464859,deviant
4464859,deviant
4464859,deviant
4464859,deviant
4464859,deviant
4595199,regular
4595199,regular
4595199,regular
4595199,regular
4595199,regular
4595199,regular
4425830,regular
4425830,regular
4425830,regular
4425830,regular
4425830,regular
4425830,regular
4425830,regular
4425830,regular
4425830,regular
4425830,regular
4425830,regular
4425830,regular
4425830,regular
4425830,regular
4425830,regular
4425830,regular
4425830,regular
4425830,regular
4425830,regular
4425830,regular
4425830,regular
4425830,regular
4425830,regular
4425830,regular
4425830,regular
4425830,regular
4425830,regular
4425830,regular
4425830,regular
4555677,regular
4555677,regular
4555677,regular
4555677,regular
4555677,regular
4555677,regular
4555677,regular
4778657,regular
4778657,regular
4778657,regular
4778657,regular
4778657,regular
4778657,regular
4582439,regular
4582439,regular
4582439,regular
4583568,regular
4583568,regular
4583568,regular
4583568,regular
4583568,regular
4583568,regular
4583568,regular
4583568,regular
4583568,regular
4583568,regular
4583568,regular
4583568,regular
4583568,regular
4583568,regular
4583568,regular
4583568,regular
4583568,regular
4583568,regular
4583568,regular
4583568,regular
4583568,regular
4583568,regular
4571229,regular
4571229,regular
4464859,deviant
4464859,deviant
4464859,deviant
4557285,regular
4557285,regular
4557285,regular
4557285,regular
4557285,regular
4557285,regular
4557285,regular
4557285,regular
4557285,regular
4557285,regular
4557285,regular
4557285,regular
4557285,regular
4557285,regular
4557285,regular
4557285,regular
4557285,regular
4557285,regular
4464859,deviant
4464859,deviant
4464859,deviant
4583568,regular
4583568,regular
4583568,regular
4583568,regular
4583568,regular
4583568,regular
4557285,regular
4557285,regular
4425830,regular
4473821,deviant
4544666,regular
4563615,regular
4563615,regular
4577394,regular
4579393,regular
4585673,regular
4795646,regular
4425830,regular
4796290,regular
4797212,deviant
4576469,regular
4576469,regular
4571229,regular
4571229,regular
4557285,regular
4557285,regular
4557285,regular
4557285,regular
4781884,regular
4781884,regular
4781884,regular
4576469,regular
4781884,regular
4781884,regular
4781884,regular
4781884,regular
4781884,regular
4781884,regular
4781884,regular
4576469,regular
4781884,regular
4781884,regular
4576469,regular
4781884,regular
4781884,regular
4781884,regular
4781884,regular
4781884,regular
4781884,regular
4576469,regular
4781884,regular
4781884,regular
4781884,regular
4781884,regular
4781884,regular
4781884,regular
4781884,regular
4781884,regular
4781884,regular
4781884,regular
4781884,regular
4781884,regular
4561923,regular
4561923,regular
4561923,regular
4561923,regular
4561923,regular
4561923,regular
4592650,regular
4592650,regular
4592650,regular
4592650,regular
4592650,regular
4592650,regular
4592650,regular
4592650,regular
4592650,regular
4592650,regular
4592650,regular
4592650,regular
4592650,regular
4592650,regular
4592650,regular
4592650,regular
4592650,regular
4592650,regular
4592650,regular
4592650,regular
4592650,regular
4592650,regular
4592650,regular
4592650,regular
4592650,regular
4592650,regular
4592650,regular
4594564,regular
4594564,regular
4594564,regular
4594564,regular
4594564,regular
4594564,regular
4594564,regular
4594564,regular
4594564,regular
4594564,regular
4594564,regular
4594564,regular
4594564,regular
4594564,regular
4594564,regular
4594564,regular
4594564,regular
4594564,regular
4594564,regular
4594564,regular
4594564,regular
4594564,regular
4594564,regular
4594564,regular
4594564,regular
4594564,regular
4594564,regular
4594564,regular
4594564,regular
4594564,regular
4594564,regular
4594564,regular
4329619,deviant
4592650,regular
4592650,regular
4594564,regular
4594564,regular
4778657,regular
4778657,regular
4778657,regular
4795646,regular
4795646,regular
4795646,regular
4795646,regular
4795646,regular
4795646,regular
4795646,regular
4795646,regular
4795646,regular
4796290,regular
4796290,regular
4796290,regular
4796290,regular
4796290,regular
4796290,regular
4329619,deviant
4329619,deviant
4329619,deviant
4329619,deviant
4329619,deviant
4329619,deviant
4329619,deviant
4329619,deviant
4329619,deviant
4329619,deviant
4329619,deviant
4329619,deviant
4329619,deviant
4329619,deviant
4329619,deviant
4329619,deviant
4329619,deviant
4329619,deviant
4329619,deviant
4329619,deviant
4329619,deviant
4329619,deviant
4329619,deviant
4329619,deviant
4329619,deviant
4329619,deviant
4329619,deviant
4329619,deviant
4329619,deviant
4329619,deviant
4329619,deviant
4329619,deviant
4329619,deviant
4329619,deviant
4329619,deviant
4329619,deviant
4797212,deviant
4797212,deviant
4797212,deviant
4797212,deviant
4797212,deviant
4797212,deviant
4561923,regular
4561923,regular
4561923,regular
4561923,regular
4561923,regular
4519347,deviant
4519347,deviant
4519347,deviant
4519347,deviant
4519347,deviant
4519347,deviant
4329619,deviant
4541389,deviant
4576469,regular
4803820,regular
4807063,regular
4561923,regular
4561923,regular
4561923,regular
4561923,regular
4561923,regular
4561923,regular
4561923,regular
4561923,regular
4561923,regular
4561923,regular
4561923,regular
4561923,regular
4561923,regular
4561923,regular
4541389,deviant
4541389,deviant
4541389,deviant
4541389,deviant
4541389,deviant
4576469,regular
4576469,regular
4582095,regular
4582095,regular
4582095,regular
4576469,regular
4576469,regular
4576469,regular
4576469,regular
4576469,regular
4576469,regular
4576469,regular
4576469,regular
4576469,regular
4576469,regular
4576469,regular
4576469,regular
4576469,regular
4576469,regular
4329619,deviant
4329619,deviant
4329619,deviant
4561923,regular
4561923,regular
4561923,regular
4545589,regular
4545589,regular
4545589,regular
4545589,regular
4545589,regular
4545589,regular
4545589,regular
4545589,regular
4545589,regular
4545589,regular
4545589,regular
4545589,regular
4545589,regular
4545589,regular
4464859,deviant
4557285,regular
4583568,regular
4541389,deviant
4576469,regular
4576469,regular
4778657,regular
4778657,regular
4778657,regular
4778657,regular
4778657,regular
4778657,regular
4576469,regular
4576469,regular
4576469,regular
4803820,regular
4803820,regular
4803820,regular
4803820,regular
4803820,regular
4803820,regular
4484406,regular
4484406,regular
4484406,regular
4484406,regular
4484406,regular
4484406,regular
4484406,regular
4484406,regular
4484406,regular
4484406,regular
4484406,regular
4484406,regular
4484406,regular
4484406,regular
4484406,regular
4484406,regular
4484406,regular
4484406,regular
4484406,regular
4484406,regular
4484406,regular
4484406,regular
4484406,regular
4484406,regular
4484406,regular
4484406,regular
4484406,regular
4484406,regular
4484406,regular
4545589,regular
4545589,regular
4545589,regular
4545589,regular
4803820,regular
4803820,regular
4803820,regular
4482141,regular
4545589,regular
4545589,regular
4808379,regular
4811519,deviant
4595199,regular
4595199,regular
4595199,regular
4595199,regular
4595199,regular
4595199,regular
4595199,regular
4595199,regular
4595199,regular
4595199,regular
4595199,regular
4595199,regular
4589728,regular
4589728,regular
4589728,regular
4807063,regular
4807063,regular
4807063,regular
4807063,regular
4807063,regular
4807063,regular
4807063,regular
4807063,regular
4807063,regular
4807063,regular
4482141,regular
4811519,deviant
4811519,deviant
4797212,deviant
4797212,deviant
4797212,deviant
4482141,regular
4482141,regular
4482141,regular
4482141,regular
4482141,regular
4482141,regular
4482141,regular
4482141,regular
4482141,regular
4482141,regular
4482141,regular
4482141,regular
4482141,regular
4482141,regular
4482141,regular
4482141,regular
4482141,regular
4482141,regular
4482141,regular
4482141,regular
4482141,regular
4482141,regular
4482141,regular
4482141,regular
4482141,regular
4482141,regular
4482141,regular
4482141,regular
4482141,regular
4482141,regular
4482141,regular
4482141,regular
4808379,regular
4808379,regular
4808379,regular
4808379,regular
4482141,regular
4482141,regular
4808379,regular
4808379,regular
4815203,regular
4816731,regular
4819143,regular
4819663,deviant
4555677,regular
4555677,regular
4555677,regular
4555677,regular
4555677,regular
4555677,regular
4555677,regular
4555677,regular
4555677,regular
4555677,regular
4555677,regular
4555677,regular
4555677,regular
4555677,regular
4555677,regular
4797212,deviant
4797212,deviant
4797212,deviant
4797212,deviant
4797212,deviant
4797212,deviant
4797212,deviant
4820532,regular
4822551,regular
4823263,regular
4824351,regular
4455708,deviant
4455708,deviant
4455708,deviant
4455708,deviant
4455708,deviant
4815203,regular
4815203,regular
4815203,regular
4815203,regular
4455708,deviant
4455708,deviant
4455708,deviant
4455708,deviant
4455708,deviant
4455708,deviant
4455708,deviant
4455708,deviant
4455708,deviant
4455708,deviant
4455708,deviant
4455708,deviant
4455708,deviant
4455708,deviant
4455708,deviant
4455708,deviant
4455708,deviant
4455708,deviant
4455708,deviant
4455708,deviant
4455708,deviant
4455708,deviant
4455708,deviant
4455708,deviant
4455708,deviant
4455708,deviant
4455708,deviant
4815203,regular
4815203,regular
4796290,regular
4796290,regular
4796290,regular
4796290,regular
4796290,regular
4796290,regular
4796290,regular
4796290,regular
4796290,regular
4796290,regular
4796290,regular
4796290,regular
4796290,regular
4796290,regular
4796290,regular
4796290,regular
4796290,regular
4796290,regular
4796290,regular
4796290,regular
4796290,regular
4796290,regular
4796290,regular
4555677,regular
4555677,regular
4555677,regular
4555677,regular
4555677,regular
4555677,regular
4796290,regular
4796290,regular
4796290,regular
4796290,regular
4816731,regular
4816731,regular
4816731,regular
4816731,regular
4816731,regular
4816731,regular
4482141,regular
4484406,regular
4545589,regular
4561923,regular
4576469,regular
4592650,regular
4594564,regular
4824373,regular
4825608,regular
4174408,deviant
4482141,regular
4796290,regular
4796290,regular
4824962,regular
4797212,deviant
4797212,deviant
4582439,regular
4582439,regular
4582439,regular
4582439,regular
4819143,regular
4819143,regular
4819143,regular
4819143,regular
4819143,regular
4819143,regular
4174408,deviant
4174408,deviant
4174408,deviant
4174408,deviant
4174408,deviant
4174408,deviant
4174408,deviant
4795646,regular
4795646,regular
4795646,regular
4795646,regular
4795646,regular
4795646,regular
4795646,regular
4795646,regular
4795646,regular
4795646,regular
4795646,regular
4795646,regular
4795646,regular
4795646,regular
4795646,regular
4795646,regular
4795646,regular
4795646,regular
4795646,regular
4795646,regular
4795646,regular
4795646,regular
4795646,regular
4795646,regular
4795646,regular
4795646,regular
4174408,deviant
4174408,deviant
4174408,deviant
4290316,regular
4290316,regular
4290316,regular
4822551,regular
4466102,regular
4466102,regular
4466102,regular
4466102,regular
4466102,regular
4466102,regular
4466102,regular
4466102,regular
4466102,regular
4466102,regular
4466102,regular
4466102,regular
4466102,regular
4466102,regular
4778657,regular
4778657,regular
4778657,regular
4778657,regular
4778657,regular
4778657,regular
4778657,regular
4778657,regular
4778657,regular
4778657,regular
4778657,regular
4778657,regular
4778657,regular
4778657,regular
4820532,regular
4820532,regular
4820532,regular
4820532,regular
4823263,regular
4823263,regular
4823263,regular
4823263,regular
4820532,regular
4820532,regular
4823263,regular
4823263,regular
4778657,regular
4778657,regular
4824351,regular
4824351,regular
4824351,regular
4824351,regular
4824351,regular
4824351,regular
4824962,regular
4824962,regular
4824962,regular
4824962,regular
4824373,regular
4824373,regular
4824373,regular
4824373,regular
4824962,regular
4824962,regular
4824373,regular
4824373,regular
4825608,regular
4825608,regular
4825608,regular
4825608,regular
4825608,regular
4535665,deviant
4823263,regular
4825608,regular
4827129,regular
4830064,regular
4827129,regular
4827129,regular
4827129,regular
4827129,regular
4827129,regular
4827129,regular
4827129,regular
4174408,deviant
4174408,deviant
4581463,deviant
4832606,regular
4832606,regular
4833075,regular
4833075,regular
4824962,regular
4824962,regular
4824962,regular
4581463,deviant
4581463,deviant
4581463,deviant
4808379,regular
4808379,regular
4808379,regular
4778657,regular
4778657,regular
4778657,regular
4830064,regular
4830064,regular
4830064,regular
4830064,regular
4830064,regular
4830064,regular
4581086,deviant
4581086,deviant
4581086,deviant
4581086,deviant
4581086,deviant
4581086,deviant
4581086,deviant
4581086,deviant
4581086,deviant
4581086,deviant
4581086,deviant
4581086,deviant
4581086,deviant
4581086,deviant
4581086,deviant
4581086,deviant
4581086,deviant
4581086,deviant
4581086,deviant
4824351,regular
4824351,regular
4824351,regular
4824351,regular
4824351,regular
4824351,regular
4836603,regular
4551488,deviant
4551488,deviant
4551488,deviant
4551488,deviant
4551488,deviant
4551488,deviant
4551488,deviant
4551488,deviant
4551488,deviant
4551488,deviant
4551488,deviant
4551488,deviant
4551488,deviant
4551488,deviant
4551488,deviant
4551488,deviant
4581086,deviant
4581086,deviant
4581086,deviant
4581086,deviant
4581086,deviant
4581086,deviant
4551488,deviant
4551488,deviant
4174408,deviant
4555677,regular
4795646,regular
4796290,regular
4837324,regular
4841812,regular
4843933,deviant
4832606,regular
4832606,regular
4832606,regular
4832606,regular
4832606,regular
4832606,regular
4833075,regular
4833075,regular
4833075,regular
4833075,regular
4833075,regular
4833075,regular
4455708,deviant
4455708,deviant
4455708,deviant
4455708,deviant
4455708,deviant
4455708,deviant
4445174,regular
4445174,regular
4844409,regular
4844409,regular
4445174,regular
4445174,regular
4445174,regular
4445174,regular
4836603,regular
4836603,regular
4836603,regular
4836603,regular
4836603,regular
4836603,regular
4803820,regular
4803820,regular
4803820,regular
4803820,regular
4803820,regular
4803820,regular
4803820,regular
4803820,regular
4803820,regular
4803820,regular
4803820,regular
4803820,regular
4803820,regular
4803820,regular
4803820,regular
4803820,regular
4803820,regular
4803820,regular
4803820,regular
4803820,regular
4837324,regular
4837324,regular
4837324,regular
4837324,regular
4837324,regular
4837324,regular
4455708,deviant
4455708,deviant
4455708,deviant
4455708,deviant
4807063,regular
4807063,regular
4807063,regular
4807063,regular
4807063,regular
4807063,regular
4807063,regular
4807063,regular
4807063,regular
4807063,regular
4807063,regular
4807063,regular
4807063,regular
4807063,regular
4807063,regular
4807063,regular
4807063,regular
4807063,regular
4824373,regular
4824373,regular
4824373,regular
4824373,regular
4824373,regular
4824373,regular
4824373,regular
4820532,regular
4820532,regular
4820532,regular
4803820,regular
4803820,regular
4803820,regular
4803820,regular
4803820,regular
4807063,regular
4807063,regular
4807063,regular
4807063,regular
4807063,regular
4807063,regular
4815203,regular
4815203,regular
4815203,regular
4815203,regular
4815203,regular
4815203,regular
4815203,regular
4815203,regular
4815203,regular
4815203,regular
4815203,regular
4815203,regular
4815203,regular
4815203,regular
4815203,regular
4815203,regular
4815203,regular
4815203,regular
4815203,regular
4815203,regular
4815203,regular
4815203,regular
4841812,regular
4841812,regular
4841812,regular
4841812,regular
4841812,regular
4841812,regular
4872543,regular
4815203,regular
4815203,regular
4815203,regular
4844409,regular
4844409,regular
4844409,regular
4844409,regular
4844409,regular
4844409,regular
4843933,deviant
4843933,deviant
4843933,deviant
4843933,deviant
4843933,deviant
4455708,deviant
4581086,deviant
4858288,regular
4455708,deviant
4475529,regular
4843933,deviant
4843933,deviant
4475529,regular
4475529,regular
4475529,regular
4475529,regular
4475529,regular
4475529,regular
4475529,regular
4475529,regular
4475529,regular
4475529,regular
4475529,regular
4475529,regular
4475529,regular
4475529,regular
4475529,regular
4475529,regular
4475529,regular
4475529,regular
4475529,regular
4475529,regular
4475529,regular
4475529,regular
4475529,regular
4475529,regular
4475529,regular
4475529,regular
4475529,regular
4475529,regular
4475529,regular
4466102,regular
4466102,regular
4466102,regular
4466102,regular
4466102,regular
4466102,regular
4466102,regular
4466102,regular
4466102,regular
4466102,regular
4466102,regular
4466102,regular
4466102,regular
4466102,regular
4466102,regular
4466102,regular
4466102,regular
4466102,regular
4466102,regular
4466102,regular
4466102,regular
4125863,regular
4460190,deviant
4460190,deviant
4460190,deviant
4460190,deviant
4460190,deviant
4460190,deviant
4460190,deviant
4460190,deviant
4460190,deviant
4460190,deviant
4460190,deviant
4460190,deviant
4460190,deviant
4460190,deviant
4460190,deviant
4460190,deviant
4460190,deviant
4460190,deviant
4460190,deviant
4460190,deviant
4460190,deviant
4460190,deviant
4460190,deviant
4475529,regular
4475529,regular
4475529,regular
4475529,regular
4475529,regular
4475529,regular
4475529,regular
4475529,regular
4475529,regular
4475529,regular
4475529,regular
4475529,regular
4475529,regular
4475529,regular
4475529,regular
4797212,deviant
4797212,deviant
4797212,deviant
4797212,deviant
4797212,deviant
4797212,deviant
4797212,deviant
4797212,deviant
4797212,deviant
4797212,deviant
4460190,deviant
4460190,deviant
4460190,deviant
4460190,deviant
4460190,deviant
4460190,deviant
4797212,deviant
4797212,deviant
4797212,deviant
4797212,deviant
4797212,deviant
4797212,deviant
4797212,deviant
4797212,deviant
4797212,deviant
4797212,deviant
4125863,regular
4125863,regular
4125863,regular
4125863,regular
4125863,regular
4125863,regular
4125863,regular
4125863,regular
4125863,regular
4125863,regular
4125863,regular
4125863,regular
4125863,regular
4125863,regular
4125863,regular
4125863,regular
4125863,regular
4125863,regular
4460190,deviant
4460190,deviant
4125863,regular
4460190,deviant
4460190,deviant
4836603,regular
4836603,regular
4836603,regular
4836603,regular
4836603,regular
4836603,regular
4836603,regular
4836603,regular
4836603,regular
4836603,regular
4836603,regular
4836603,regular
4836603,regular
4836603,regular
4836603,regular
4836603,regular
4836603,regular
4836603,regular
4836603,regular
4836603,regular
4836603,regular
4836603,regular
4836603,regular
4836603,regular
4836603,regular
4836603,regular
4836603,regular
4836603,regular
4836603,regular
4589728,regular
4589728,regular
4589728,regular
4589728,regular
4589728,regular
4589728,regular
4589728,regular
4589728,regular
4589728,regular
4589728,regular
4589728,regular
4589728,regular
4589728,regular
4589728,regular
4589728,regular
4589728,regular
4589728,regular
4589728,regular
4589728,regular
4589728,regular
4568983,regular
4568983,regular
4568983,regular
4568983,regular
4568983,regular
4568983,regular
4568983,regular
4568983,regular
4568983,regular
4568983,regular
4568983,regular
4568983,regular
4568983,regular
4568983,regular
4568983,regular
4568983,regular
4568983,regular
4568983,regular
4568983,regular
4568983,regular
4568983,regular
4568983,regular
4797212,deviant
4797212,deviant
4858288,regular
4858288,regular
4858288,regular
4858288,regular
4858288,regular
4858288,regular
4405395,deviant
4405395,deviant
4405395,deviant
4405395,deviant
4405395,deviant
4405395,deviant
4405395,deviant
4405395,deviant
4405395,deviant
4405395,deviant
4865568,deviant
4866284,regular
4797212,deviant
4797212,deviant
4797212,deviant
4797212,deviant
4568983,regular
4568983,regular
4568983,regular
4568983,regular
4581463,deviant
4581463,deviant
4581463,deviant
4581463,deviant
4581463,deviant
4581463,deviant
4581463,deviant
4581463,deviant
4125863,regular
4445174,regular
4460190,deviant
4475529,regular
4564503,regular
4564503,regular
4803820,regular
4807063,regular
4125863,regular
4460190,deviant
4871983,regular
4816731,regular
4816731,regular
4816731,regular
4816731,regular
4816731,regular
4816731,regular
4816731,regular
4816731,regular
4816731,regular
4816731,regular
4816731,regular
4816731,regular
4816731,regular
4816731,regular
4816731,regular
4816731,regular
4816731,regular
4816731,regular
4816731,regular
4816731,regular
4816731,regular
4816731,regular
4865568,deviant
4865568,deviant
4865568,deviant
4865568,deviant
4589728,regular
4865568,deviant
4865568,deviant
4866284,regular
4866284,regular
4866284,regular
4866284,regular
4866284,regular
4866284,regular
4819663,deviant
4816731,regular
4816731,regular
4816731,regular
4816731,regular
4816731,regular
4816731,regular
4310301,deviant
4310301,deviant
4310301,deviant
4310301,deviant
4310301,deviant
4310301,deviant
4310301,deviant
4310301,deviant
4589728,regular
4874286,regular
4874963,regular
4875533,regular
4808379,regular
4808379,regular
4808379,regular
4808379,regular
4808379,regular
4808379,regular
4808379,regular
4808379,regular
4808379,regular
4808379,regular
4808379,regular
4808379,regular
4808379,regular
4808379,regular
4808379,regular
4808379,regular
4808379,regular
4808379,regular
4808379,regular
4808379,regular
4871983,regular
4871983,regular
4871983,regular
4871983,regular
4871983,regular
4871983,regular
4871983,regular
4871983,regular
4871983,regular
4872543,regular
4872543,regular
4872543,regular
4872543,regular
4872543,regular
4872543,regular
4589728,regular
4589728,regular
4589728,regular
4589728,regular
4310301,deviant
4595199,regular
4595199,regular
4595199,regular
4595199,regular
4595199,regular
4595199,regular
4595199,regular
4310301,deviant
4310301,deviant
4310301,deviant
4310301,deviant
4310301,deviant
4310301,deviant
4310301,deviant
4874286,regular
4874286,regular
4874286,regular
4874286,regular
4874286,regular
4874286,regular
4808379,regular
4808379,regular
4808379,regular
4808379,regular
4808379,regular
4808379,regular
4874963,regular
4874963,regular
4874963,regular
4874963,regular
4874963,regular
4874963,regular
4581463,deviant
4581463,deviant
4581463,deviant
4581463,deviant
4581463,deviant
4581463,deviant
4581463,deviant
4581463,deviant
4581463,deviant
4581463,deviant
4581463,deviant
4581463,deviant
4581463,deviant
4581463,deviant
4563615,regular
4563615,regular
4563615,regular
4563615,regular
4875533,regular
4875533,regular
4875533,regular
4875533,regular
4875533,regular
4875533,regular
4824373,regular
4824373,regular
4824373,regular
4824373,regular
4824373,regular
4824373,regular
4824373,regular
4824373,regular
4824373,regular
4824373,regular
4824373,regular
4824373,regular
4824373,regular
4824373,regular
4824373,regular
4824373,regular
4824373,regular
4879517,regular
4879517,regular
4879895,regular
4879895,regular
4880373,regular
4881067,regular
4881084,regular
3901453,deviant
3901453,deviant
3901453,deviant
3901453,deviant
3901453,deviant
3901453,deviant
3901453,deviant
3901453,deviant
3901453,deviant
3901453,deviant
3901453,deviant
4568983,regular
4797212,deviant
4816731,regular
4836603,regular
4405395,deviant
4405395,deviant
4405395,deviant
4582439,regular
4582439,regular
4582439,regular
4582439,regular
4582439,regular
4582439,regular
4582439,regular
4582439,regular
4582439,regular
4582439,regular
4582439,regular
4582439,regular
4582439,regular
4582439,regular
4582439,regular
4582439,regular
4582439,regular
4582439,regular
4582439,regular
4582439,regular
4887771,regular
4888094,regular
4865568,deviant
4865568,deviant
4865568,deviant
4865568,deviant
4865568,deviant
4865568,deviant
4865568,deviant
4865568,deviant
4865568,deviant
4865568,deviant
4865568,deviant
4865568,deviant
4879517,regular
4879517,regular
4879517,regular
4879517,regular
4879517,regular
4879517,regular
4824962,regular
4824962,regular
4824962,regular
4824962,regular
4824962,regular
4824962,regular
4824962,regular
4824962,regular
4824962,regular
4824962,regular
4824962,regular
4824962,regular
4824962,regular
4824962,regular
4824962,regular
4824962,regular
4824962,regular
4824962,regular
4824962,regular
4824962,regular
4879895,regular
4879895,regular
4879895,regular
4879895,regular
4879895,regular
4879895,regular
4871983,regular
4871983,regular
4871983,regular
4871983,regular
4871983,regular
4871983,regular
4871983,regular
4871983,regular
4871983,regular
4871983,regular
4871983,regular
4871983,regular
4871983,regular
4871983,regular
4871983,regular
4871983,regular
4871983,regular
4871983,regular
4871983,regular
4871983,regular
4880373,regular
4880373,regular
4880373,regular
4880373,regular
4880373,regular
4880373,regular
4871983,regular
4871983,regular
4871983,regular
4871983,regular
4871983,regular
4871983,regular
4881084,regular
4881084,regular
4881084,regular
4881084,regular
4881084,regular
4881084,regular
4881067,regular
4881067,regular
4881067,regular
4881067,regular
4881067,regular
4881067,regular
4824962,regular
4887044,deviant
4541389,deviant
4541389,deviant
4541389,deviant
4541389,deviant
4541389,deviant
4405395,deviant
4887787,regular
4425830,regular
4425830,regular
4425830,regular
4425830,regular
4425830,regular
4425830,regular
4581463,deviant
4581463,deviant
4581463,deviant
4581463,deviant
4581463,deviant
4581463,deviant
4427063,deviant
4427063,deviant
4427063,deviant
4427063,deviant
4427063,deviant
4427063,deviant
4427063,deviant
4427063,deviant
4427063,deviant
4427063,deviant
4427063,deviant
4427063,deviant
4427063,deviant
4427063,deviant
4427063,deviant
4427063,deviant
4427063,deviant
4427063,deviant
4427063,deviant
4427063,deviant
4427063,deviant
4427063,deviant
4427063,deviant
4427063,deviant
4427063,deviant
4427063,deviant
4427063,deviant
4427063,deviant
4427063,deviant
4427063,deviant
4427063,deviant
4427063,deviant
4427063,deviant
4427063,deviant
4405395,deviant
4405395,deviant
4405395,deviant
4405395,deviant
4405395,deviant
4405395,deviant
4405395,deviant
4427063,deviant
4405395,deviant
4405395,deviant
4405395,deviant
4405395,deviant
4405395,deviant
4405395,deviant
4405395,deviant
4405395,deviant
4427063,deviant
4427063,deviant
4405395,deviant
4405395,deviant
4405395,deviant
4589728,regular
4808379,regular
4890037,regular
4894113,regular
4820532,regular
4820532,regular
4820532,regular
4820532,regular
4820532,regular
4820532,regular
4519347,deviant
4519347,deviant
4519347,deviant
4820532,regular
4820532,regular
4820532,regular
4820532,regular
4820532,regular
4820532,regular
4820532,regular
4820532,regular
4820532,regular
4820532,regular
4820532,regular
4820532,regular
4820532,regular
4820532,regular
4820532,regular
4887044,deviant
4887044,deviant
4887044,deviant
4887044,deviant
4887044,deviant
4887044,deviant
4887771,regular
4887771,regular
4887771,regular
4887771,regular
4888094,regular
4888094,regular
4888094,regular
4888094,regular
4888094,regular
4888094,regular
4865568,deviant
4865568,deviant
4865568,deviant
4865568,deviant
4865568,deviant
4865568,deviant
4865568,deviant
4887787,regular
4887787,regular
4887787,regular
4887787,regular
4887787,regular
4887787,regular
4824962,regular
4866284,regular
4894517,deviant
4866284,regular
4866284,regular
4866284,regular
4866284,regular
4866284,regular
4866284,regular
4866284,regular
4866284,regular
4866284,regular
4866284,regular
4866284,regular
4866284,regular
4866284,regular
4866284,regular
4866284,regular
4866284,regular
4866284,regular
4866284,regular
4866284,regular
4866284,regular
4866284,regular
4866284,regular
4890037,regular
4890037,regular
4890037,regular
4890037,regular
4890037,regular
4890037,regular
4894113,regular
4941278,regular
4881084,regular
4881084,regular
4881084,regular
4881084,regular
4881084,regular
4881084,regular
4881084,regular
4881084,regular
4881084,regular
4881084,regular
4881084,regular
4881084,regular
4881084,regular
4881084,regular
4881084,regular
4881084,regular
4881084,regular
4881084,regular
4881084,regular
4881084,regular
4881084,regular
4881084,regular
4824962,regular
4824962,regular
4824962,regular
4824962,regular
4866284,regular
4866284,regular
4866284,regular
4866284,regular
4866284,regular
4310301,deviant
4881084,regular
4881084,regular
4887044,deviant
4887044,deviant
4887044,deviant
4887044,deviant
4887044,deviant
4887044,deviant
4887044,deviant
4887044,deviant
4887044,deviant
4887044,deviant
4894517,deviant
4894517,deviant
4894517,deviant
4894517,deviant
4887044,deviant
4887044,deviant
4843933,deviant
4881084,regular
4881084,regular
4881084,regular
4881084,regular
4894517,deviant
4894517,deviant
4894113,regular
4894113,regular
4894113,regular
4894113,regular
4894517,deviant
4894517,deviant
4894113,regular
4894113,regular
4894113,regular
4894517,deviant
4894517,deviant
4894517,deviant
4894517,deviant
4894113,regular
4894113,regular
4894517,deviant
4894113,regular
4894113,regular
4894113,regular
4894113,regular
4894113,regular
4894113,regular
4894113,regular
4894113,regular
4894113,regular
4894113,regular
4894113,regular
4894113,regular
4894113,regular
4894113,regular
4894113,regular
4894113,regular
4894113,regular
4894113,regular
4894113,regular
4894113,regular
4894113,regular
4894113,regular
4894113,regular
4894113,regular
4894113,regular
4894113,regular
4894113,regular
4894113,regular
4894113,regular
4894113,regular
4563615,regular
4563615,regular
4563615,regular
4563615,regular
4563615,regular
4563615,regular
4405395,deviant
4581463,deviant
4871983,regular
4174408,deviant
4811519,deviant
4563615,regular
4890037,regular
4890037,regular
4890037,regular
4890037,regular
4890037,regular
4595199,regular
4595199,regular
4595199,regular
4595199,regular
4595199,regular
4595199,regular
4595199,regular
4595199,regular
4595199,regular
4595199,regular
4595199,regular
4174408,deviant
4887771,regular
4887771,regular
4887771,regular
4887771,regular
4887771,regular
4887771,regular
4887771,regular
4887771,regular
4887771,regular
4595199,regular
4888094,regular
4888094,regular
4888094,regular
4888094,regular
4888094,regular
4888094,regular
4888094,regular
4888094,regular
4888094,regular
4888094,regular
4888094,regular
4888094,regular
4888094,regular
4888094,regular
4888094,regular
4888094,regular
4888094,regular
4888094,regular
4888094,regular
4890037,regular
4890037,regular
4890037,regular
4890037,regular
4890037,regular
4890037,regular
4890037,regular
4890037,regular
4890037,regular
4890037,regular
4890037,regular
4890037,regular
4890037,regular
4890037,regular
4890037,regular
4890037,regular
4890037,regular
4890037,regular
4888094,regular
4888094,regular
4592650,regular
4940438,regular
4940438,regular
4824962,regular
4866284,regular
4881084,regular
4595199,regular
4890037,regular
4944081,regular
4595199,regular
4595199,regular
4595199,regular
4595199,regular
4890037,regular
4827129,regular
4827129,regular
4827129,regular
4827129,regular
4890037,regular
4890037,regular
4827129,regular
4827129,regular
4827129,regular
4827129,regular
4890037,regular
4827129,regular
4827129,regular
4827129,regular
4827129,regular
4827129,regular
4827129,regular
4827129,regular
4827129,regular
4827129,regular
4827129,regular
4827129,regular
4827129,regular
4827129,regular
4827129,regular
4827129,regular
4827129,regular
4827129,regular
4827129,regular
4827129,regular
4827129,regular
4827129,regular
4827129,regular
4940438,regular
4940438,regular
4940438,regular
4940438,regular
4940438,regular
4940438,regular
4941278,regular
4941278,regular
4941278,regular
4941278,regular
4941278,regular
4941278,regular
4941278,regular
4941278,regular
4941278,regular
4941278,regular
4941278,regular
4941278,regular
4941278,regular
4941278,regular
4941278,regular
4941278,regular
4941278,regular
4941278,regular
4941278,regular
4941278,regular
4941278,regular
4941278,regular
4941278,regular
4941278,regular
4941278,regular
4941278,regular
4941278,regular
4941278,regular
4941278,regular
4941278,regular
4941278,regular
4941278,regular
4941278,regular
4941278,regular
4941278,regular
4941278,regular
4941278,regular
4941278,regular
4941278,regular
4941278,regular
4944081,regular
4944081,regular
4944081,regular
4964510,regular
4964510,regular
4944081,regular
4944081,regular
4964117,regular
4940438,regular
4940438,regular
4940438,regular
4940438,regular
4940438,regular
3245596,regular
3245596,regular
3245596,regular
3245596,regular
3934995,deviant
3934995,deviant
3934995,deviant
3934995,deviant
3934995,deviant
4880373,regular
4820532,regular
4824373,regular
4964117,regular
4582439,regular
4582439,regular
4582439,regular
4582439,regular
4582439,regular
4582439,regular
4582439,regular
4820532,regular
4820532,regular
4820532,regular
4582439,regular
4582439,regular
4582439,regular
4582439,regular
4824373,regular
4824373,regular
4824373,regular
4964117,regular
4964117,regular
4964117,regular
4964117,regular
4964117,regular
4964117,regular
4964510,regular
4964510,regular
4964510,regular
4964510,regular
4964510,regular
4964510,regular
4968111,regular
4968111,regular
4941278,regular
4971717,regular
4968111,regular
4968111,regular
4968111,regular
4968111,regular
4968111,regular
4968111,regular
4940438,regular
4940438,regular
4940438,regular
4940438,regular
4940438,regular
4940438,regular
4940438,regular
4940438,regular
4940438,regular
4940438,regular
4940438,regular
4940438,regular
4940438,regular
4940438,regular
4940438,regular
4940438,regular
4973498,regular
4975050,regular
4819663,deviant
4819663,deviant
4819663,deviant
4819663,deviant
4819663,deviant
4819663,deviant
4819663,deviant
4819663,deviant
4819663,deviant
4819663,deviant
4819663,deviant
4819663,deviant
4819663,deviant
4819663,deviant
4819663,deviant
4819663,deviant
4819663,deviant
4819663,deviant
4819663,deviant
4819663,deviant
4819663,deviant
4819663,deviant
4819663,deviant
4795646,regular
4482141,regular
4977326,regular
4971717,regular
4971717,regular
4971717,regular
4971717,regular
4971717,regular
4971717,regular
4973498,regular
4973498,regular
4973498,regular
4973498,regular
4973498,regular
4973498,regular
4425830,regular
4425830,regular
4425830,regular
4425830,regular
4425830,regular
4425830,regular
4425830,regular
4425830,regular
4425830,regular
4425830,regular
4425830,regular
4482141,regular
4482141,regular
4482141,regular
4482141,regular
4482141,regular
4482141,regular
4482141,regular
4482141,regular
4975050,regular
4979750,regular
4980236,deviant
4425830,regular
4425830,regular
4425830,regular
4482141,regular
4482141,regular
4482141,regular
4482141,regular
4975050,regular
4975050,regular
4975050,regular
4975050,regular
4975050,regular
4975050,regular
4984031,deviant
4977326,regular
4977326,regular
4977326,regular
4977326,regular
4977326,regular
4977326,regular
4984975,regular
4979750,regular
4979750,regular
4979750,regular
4979750,regular
4979750,regular
4979750,regular
4980236,deviant
4980236,deviant
4980236,deviant
4980236,deviant
4986958,regular
4880373,regular
4874963,regular
4874963,regular
4874963,regular
4874963,regular
4874963,regular
4455708,deviant
4455708,deviant
4455708,deviant
4455708,deviant
4455708,deviant
4455708,deviant
4455708,deviant
4455708,deviant
4455708,deviant
4455708,deviant
4455708,deviant
4984975,regular
4984975,regular
4989607,regular
4819663,deviant
4819663,deviant
4819663,deviant
4984031,deviant
4984031,deviant
4984031,deviant
4984031,deviant
4819663,deviant
4819663,deviant
4819663,deviant
4819663,deviant
4819663,deviant
4819663,deviant
4819663,deviant
4819663,deviant
4819663,deviant
4819663,deviant
4819663,deviant
4819663,deviant
4819663,deviant
4819663,deviant
4984031,deviant
4984031,deviant
4455708,deviant
4455708,deviant
4984975,regular
4984975,regular
4984975,regular
4984975,regular
4887044,deviant
4887044,deviant
4887044,deviant
4887044,deviant
4887044,deviant
4887044,deviant
4887044,deviant
4887044,deviant
4887044,deviant
4990407,deviant
4973498,regular
4973498,regular
4973498,regular
4973498,regular
4973498,regular
4973498,regular
4973498,regular
4973498,regular
4973498,regular
4973498,regular
4973498,regular
4973498,regular
4973498,regular
4973498,regular
4973498,regular
4973498,regular
4973498,regular
4973498,regular
4973498,regular
4973498,regular
4973498,regular
4973498,regular
4973498,regular
4973498,regular
4973498,regular
4973498,regular
4973498,regular
4973498,regular
4973498,regular
4973498,regular
4973498,regular
4973498,regular
4973498,regular
4973498,regular
4973498,regular
4973498,regular
4973498,regular
4986958,regular
4986958,regular
4986958,regular
4986958,regular
4986958,regular
4986958,regular
4425830,regular
4880373,regular
4880373,regular
4174408,deviant
4174408,deviant
4174408,deviant
4438852,regular
4438852,regular
4438852,regular
4438852,regular
4438852,regular
4438852,regular
3901453,deviant
3901453,deviant
3901453,deviant
3901453,deviant
3901453,deviant
4989607,regular
4989607,regular
4989607,regular
4989607,regular
4989607,regular
4989607,regular
4819663,deviant
4819663,deviant
4819663,deviant
4819663,deviant
4819663,deviant
4551488,deviant
4551488,deviant
4551488,deviant
4551488,deviant
4594564,regular
4990407,deviant
4990407,deviant
4990407,deviant
4990407,deviant
4990407,deviant
4530770,regular
4887787,regular
4887787,regular
4887787,regular
4984031,deviant
4990407,deviant
4990407,deviant
5001251,regular
5001743,regular
5003193,regular
5009197,regular
5009620,regular
4274576,deviant
4274576,deviant
4274576,deviant
4274576,deviant
4274576,deviant
4274576,deviant
4274576,deviant
4460190,deviant
4888094,regular
4888094,regular
4887787,regular
4887787,regular
4887787,regular
4887787,regular
4887787,regular
4887787,regular
4530770,regular
4530770,regular
4530770,regular
4530770,regular
4530770,regular
4342129,deviant
4342129,deviant
4342129,deviant
4342129,deviant
4342129,deviant
4342129,deviant
4342129,deviant
4844409,regular
4844409,regular
4844409,regular
4844409,regular
4844409,regular
4844409,regular
4844409,regular
4844409,regular
4844409,regular
4844409,regular
4844409,regular
4844409,regular
4844409,regular
4844409,regular
4844409,regular
4844409,regular
4844409,regular
4844409,regular
4844409,regular
4844409,regular
4844409,regular
4844409,regular
4844409,regular
4844409,regular
4844409,regular
4844409,regular
4844409,regular
4844409,regular
4844409,regular
4844409,regular
4879517,regular
4879517,regular
4879517,regular
4879517,regular
4879517,regular
4879517,regular
4879517,regular
4879517,regular
4879517,regular
4879517,regular
4879517,regular
4879517,regular
4879517,regular
4879517,regular
4879517,regular
4879517,regular
4879517,regular
4879517,regular
4879517,regular
4879517,regular
4879517,regular
4879517,regular
4879517,regular
4879517,regular
4879517,regular
4879517,regular
4879517,regular
4879517,regular
4879517,regular
4879517,regular
4879895,regular
4879895,regular
4879895,regular
4879895,regular
4879895,regular
4879895,regular
4879895,regular
4879895,regular
4879895,regular
4879895,regular
4879895,regular
4879895,regular
4879895,regular
4879895,regular
4879895,regular
4879895,regular
4879895,regular
4879895,regular
4879895,regular
4879895,regular
4879895,regular
4879895,regular
4879895,regular
4879895,regular
4879895,regular
4879895,regular
4879895,regular
4879895,regular
4879895,regular
4879895,regular
4940438,regular
4940438,regular
4940438,regular
4940438,regular
4940438,regular
4940438,regular
4940438,regular
4940438,regular
4964510,regular
4964510,regular
4964510,regular
4964510,regular
4964510,regular
4964510,regular
4964510,regular
4964510,regular
4964510,regular
4964510,regular
4964510,regular
4964510,regular
4964510,regular
4964510,regular
4964510,regular
4964510,regular
4964510,regular
4964510,regular
4964510,regular
4964510,regular
4964510,regular
4964510,regular
4964510,regular
4964510,regular
4964510,regular
4964510,regular
4964510,regular
4964510,regular
4968111,regular
4968111,regular
4968111,regular
4968111,regular
4968111,regular
4968111,regular
4968111,regular
4968111,regular
4968111,regular
4968111,regular
4968111,regular
4968111,regular
4968111,regular
4968111,regular
4968111,regular
4968111,regular
4968111,regular
4968111,regular
4968111,regular
4968111,regular
4968111,regular
4968111,regular
4968111,regular
4968111,regular
4968111,regular
4968111,regular
4968111,regular
4968111,regular
4819663,deviant
4819663,deviant
4819663,deviant
4819663,deviant
4819663,deviant
4819663,deviant
4887787,regular
4887787,regular
4887787,regular
4887787,regular
4887787,regular
4887787,regular
4887787,regular
4887787,regular
4887787,regular
4887787,regular
4887787,regular
4887787,regular
4887787,regular
4984031,deviant
4984031,deviant
4984031,deviant
4984031,deviant
4984031,deviant
4984031,deviant
4984031,deviant
4984031,deviant
4984031,deviant
4984031,deviant
4984031,deviant
4582095,regular
4582095,regular
4582095,regular
4582095,regular
4582095,regular
4582095,regular
4582095,regular
4582095,regular
4582095,regular
4582095,regular
4582095,regular
4582095,regular
4582095,regular
4582095,regular
4582095,regular
4582095,regular
4582095,regular
4582095,regular
4582095,regular
4582095,regular
4582095,regular
4582095,regular
4582095,regular
4582095,regular
4880373,regular
4880373,regular
4880373,regular
4880373,regular
4880373,regular
4880373,regular
4832606,regular
4832606,regular
4832606,regular
4832606,regular
4832606,regular
4832606,regular
4832606,regular
4832606,regular
4832606,regular
4832606,regular
4832606,regular
4832606,regular
4832606,regular
4832606,regular
4832606,regular
4832606,regular
4832606,regular
4832606,regular
4832606,regular
4832606,regular
4832606,regular
4832606,regular
4832606,regular
4832606,regular
4832606,regular
4832606,regular
4832606,regular
4832606,regular
4832606,regular
4832606,regular
4833075,regular
4833075,regular
4833075,regular
4833075,regular
4833075,regular
4833075,regular
4833075,regular
4833075,regular
4833075,regular
4833075,regular
4833075,regular
4833075,regular
4833075,regular
4833075,regular
4833075,regular
4833075,regular
4833075,regular
4833075,regular
4833075,regular
4833075,regular
4833075,regular
4833075,regular
4833075,regular
4833075,regular
4833075,regular
4833075,regular
4833075,regular
4833075,regular
4833075,regular
4833075,regular
4125863,regular
4460190,deviant
4990407,deviant
5005111,regular
5005657,regular
5006088,regular
4887044,deviant
4887044,deviant
4887044,deviant
4887044,deviant
4887044,deviant
4887044,deviant
4887044,deviant
4887044,deviant
4887044,deviant
4887044,deviant
4887044,deviant
4887044,deviant
4887044,deviant
4880373,regular
4880373,regular
4880373,regular
4880373,regular
4880373,regular
4880373,regular
4880373,regular
4880373,regular
4880373,regular
4880373,regular
4880373,regular
5001251,regular
5001251,regular
5001251,regular
5001251,regular
5001251,regular
5001251,regular
4880373,regular
4880373,regular
4880373,regular
4880373,regular
4880373,regular
5001743,regular
5001743,regular
5001743,regular
5001743,regular
5001743,regular
5001743,regular
5001743,regular
5001743,regular
5001743,regular
5001743,regular
5001743,regular
5001743,regular
5001743,regular
5001743,regular
5001743,regular
5001743,regular
5001743,regular
5001743,regular
5001743,regular
5001743,regular
5001743,regular
5001743,regular
5001743,regular
5001743,regular
5001743,regular
5001743,regular
5001743,regular
5001743,regular
5001743,regular
5001743,regular
5001743,regular
5001743,regular
5001743,regular
5001743,regular
5001743,regular
5001743,regular
5001743,regular
5001743,regular
4881067,regular
4881067,regular
4881067,regular
4881067,regular
5003193,regular
5003193,regular
5003193,regular
5003193,regular
5003193,regular
5003193,regular
5003193,regular
5003193,regular
5003193,regular
5003193,regular
5003193,regular
5003193,regular
5003193,regular
5003193,regular
5003193,regular
5003193,regular
5003193,regular
5003193,regular
5003193,regular
5003193,regular
5003193,regular
5003193,regular
5003193,regular
5003193,regular
5003193,regular
5003193,regular
5003193,regular
5003193,regular
5003193,regular
5003193,regular
5003193,regular
5003193,regular
5003193,regular
5003193,regular
5003193,regular
5003193,regular
5003193,regular
5003193,regular
4944081,regular
4460190,deviant
4460190,deviant
4460190,deviant
4438852,regular
4438852,regular
4438852,regular
4438852,regular
4125863,regular
4438852,regular
4460190,deviant
4880373,regular
4880373,regular
5007761,deviant
5008639,deviant
5008639,deviant
5011624,regular
5014157,deviant
5014615,regular
4460190,deviant
4460190,deviant
4881067,regular
4881067,regular
4881067,regular
4881067,regular
4881067,regular
4881067,regular
4881067,regular
4881067,regular
4881067,regular
4881067,regular
4881067,regular
4881067,regular
4881067,regular
4881067,regular
4881067,regular
4881067,regular
4881067,regular
4881067,regular
4944081,regular
4944081,regular
4944081,regular
4944081,regular
4944081,regular
4944081,regular
4944081,regular
4944081,regular
4944081,regular
4944081,regular
4944081,regular
4944081,regular
4894517,deviant
4894517,deviant
4894517,deviant
4894517,deviant
5005111,regular
5005111,regular
5005111,regular
5005111,regular
5005111,regular
5005111,regular
5005657,regular
5005657,regular
5005657,regular
5005657,regular
5005657,regular
5005657,regular
5006088,regular
5006088,regular
5006088,regular
5006088,regular
5006088,regular
5006088,regular
4887044,deviant
4887044,deviant
4887044,deviant
4887044,deviant
5006088,regular
5006088,regular
5006088,regular
5006088,regular
5006088,regular
5006088,regular
5006088,regular
5006088,regular
5006088,regular
5006088,regular
5006088,regular
5006088,regular
5006088,regular
5006088,regular
5006088,regular
5006088,regular
5006088,regular
5006088,regular
5006088,regular
5006088,regular
5006088,regular
5006088,regular
5006088,regular
5006088,regular
5006088,regular
5006088,regular
5006088,regular
5006088,regular
5006088,regular
5005657,regular
5005657,regular
5005657,regular
5005657,regular
5005657,regular
5005657,regular
5005657,regular
5005657,regular
5005657,regular
5005657,regular
5005657,regular
5005657,regular
5005657,regular
5005657,regular
5005657,regular
5005657,regular
5005657,regular
5005657,regular
5005657,regular
5005657,regular
5005657,regular
5005657,regular
5005657,regular
5005657,regular
5005657,regular
5005657,regular
5005657,regular
5005657,regular
5005657,regular
5005111,regular
5005111,regular
5005111,regular
5005111,regular
5005111,regular
5005111,regular
5005111,regular
5005111,regular
5005111,regular
5005111,regular
5005111,regular
5005111,regular
5005111,regular
5005111,regular
5005111,regular
5005111,regular
5005111,regular
5005111,regular
5005111,regular
5005111,regular
5005111,regular
5005111,regular
5005111,regular
5005111,regular
5005111,regular
5005111,regular
5005111,regular
5005111,regular
5005111,regular
5005111,regular
4880373,regular
5001743,regular
5001743,regular
5003193,regular
5003193,regular
4843933,deviant
4843933,deviant
4843933,deviant
4843933,deviant
4843933,deviant
4843933,deviant
4843933,deviant
4843933,deviant
4843933,deviant
4843933,deviant
4843933,deviant
4843933,deviant
4843933,deviant
4843933,deviant
4843933,deviant
4843933,deviant
4843933,deviant
4843933,deviant
4843933,deviant
4843933,deviant
4843933,deviant
4535665,deviant
4535665,deviant
4535665,deviant
4535665,deviant
4535665,deviant
4535665,deviant
4535665,deviant
4535665,deviant
4535665,deviant
4535665,deviant
4535665,deviant
4535665,deviant
4535665,deviant
4535665,deviant
4535665,deviant
4535665,deviant
4535665,deviant
4535665,deviant
4535665,deviant
4535665,deviant
4535665,deviant
4880373,regular
4880373,regular
5008639,deviant
5008639,deviant
5008639,deviant
5008639,deviant
5008639,deviant
5008639,deviant
5007761,deviant
5007761,deviant
5007761,deviant
5007761,deviant
5007761,deviant
5007761,deviant
4944081,regular
4944081,regular
4944081,regular
4944081,regular
4944081,regular
4944081,regular
4944081,regular
4944081,regular
4944081,regular
4944081,regular
4944081,regular
4438852,regular
4819663,deviant
4564503,regular
4973498,regular
5001743,regular
4944081,regular
4944081,regular
4944081,regular
4944081,regular
4944081,regular
4944081,regular
5009197,regular
5009197,regular
5009197,regular
5009197,regular
5009197,regular
5009197,regular
5009197,regular
5009197,regular
5009197,regular
5009197,regular
5009197,regular
5009197,regular
5009197,regular
5009197,regular
5009197,regular
5009197,regular
5009197,regular
5009197,regular
5009197,regular
5009197,regular
5009197,regular
5009197,regular
5009197,regular
5009197,regular
5009197,regular
5009197,regular
5009197,regular
5009197,regular
5009197,regular
5009197,regular
5009197,regular
5009197,regular
5009197,regular
5009197,regular
5009197,regular
5009197,regular
5009197,regular
5009197,regular
5009197,regular
5009197,regular
5009197,regular
5005657,regular
5005657,regular
5005657,regular
5005657,regular
5005657,regular
5005657,regular
5009197,regular
5009620,regular
5009620,regular
5009620,regular
5009620,regular
5009620,regular
5009620,regular
5009620,regular
5009620,regular
5009620,regular
5009620,regular
5009620,regular
5009620,regular
5009620,regular
5009620,regular
5009620,regular
5009620,regular
5009620,regular
5009620,regular
5009620,regular
5009620,regular
5009620,regular
5009620,regular
5009620,regular
5009620,regular
5009620,regular
5009620,regular
5009620,regular
5009620,regular
5009620,regular
5009620,regular
5006088,regular
5006088,regular
5006088,regular
5006088,regular
5006088,regular
5006088,regular
5009620,regular
5009620,regular
5009620,regular
5009620,regular
5009620,regular
5009620,regular
5009620,regular
5009620,regular
5009620,regular
5005111,regular
5005111,regular
5005111,regular
5005111,regular
5005111,regular
5011624,regular
5011624,regular
5011624,regular
5011624,regular
5011624,regular
5011624,regular
4986958,regular
4986958,regular
4986958,regular
4986958,regular
4986958,regular
4986958,regular
4986958,regular
4986958,regular
4986958,regular
4986958,regular
4944081,regular
4944081,regular
4944081,regular
4944081,regular
4564503,regular
4564503,regular
4564503,regular
4564503,regular
4564503,regular
4564503,regular
4564503,regular
4564503,regular
4564503,regular
4564503,regular
4564503,regular
4564503,regular
4564503,regular
4564503,regular
4564503,regular
4564503,regular
4564503,regular
4564503,regular
4564503,regular
4564503,regular
4564503,regular
4564503,regular
4564503,regular
4564503,regular
4564503,regular
4564503,regular
4564503,regular
4944081,regular
4944081,regular
4944081,regular
4944081,regular
4944081,regular
4944081,regular
4944081,regular
4977326,regular
4977326,regular
5014157,deviant
5020237,deviant
4971717,regular
4971717,regular
4971717,regular
4971717,regular
4971717,regular
4971717,regular
4971717,regular
4971717,regular
4971717,regular
4971717,regular
4971717,regular
4971717,regular
4971717,regular
4971717,regular
4977326,regular
4977326,regular
4977326,regular
4977326,regular
4977326,regular
4977326,regular
4977326,regular
4977326,regular
4977326,regular
4977326,regular
4977326,regular
4977326,regular
4977326,regular
4977326,regular
4977326,regular
4977326,regular
4977326,regular
4977326,regular
4977326,regular
4977326,regular
4977326,regular
4977326,regular
4977326,regular
4977326,regular
4977326,regular
4977326,regular
4888094,regular
4888094,regular
4888094,regular
4888094,regular
4888094,regular
4888094,regular
4888094,regular
4888094,regular
4888094,regular
4888094,regular
4888094,regular
5014157,deviant
5014157,deviant
5014157,deviant
5014157,deviant
5014157,deviant
5014157,deviant
5014615,regular
5014615,regular
5014615,regular
5014615,regular
4977326,regular
4977326,regular
4977326,regular
5014615,regular
5014615,regular
4881067,regular
4535665,deviant
4535665,deviant
4535665,deviant
4535665,deviant
4535665,deviant
4535665,deviant
4535665,deviant
4535665,deviant
4535665,deviant
4535665,deviant
4535665,deviant
4535665,deviant
4535665,deviant
4535665,deviant
4535665,deviant
4535665,deviant
4535665,deviant
4535665,deviant
4535665,deviant
4535665,deviant
4535665,deviant
5022875,deviant
5022883,regular
4977326,regular
4977326,regular
4977326,regular
4977326,regular
4977326,regular
4977326,regular
4977326,regular
4535665,deviant
4535665,deviant
4535665,deviant
4535665,deviant
4888094,regular
4888094,regular
4888094,regular
4888094,regular
4888094,regular
4888094,regular
4984031,deviant
4984031,deviant
4984031,deviant
4984031,deviant
4984031,deviant
4843933,deviant
4881067,regular
5020237,deviant
5029317,regular
5020237,deviant
5020237,deviant
5020237,deviant
5020237,deviant
5020237,deviant
5020237,deviant
4844409,regular
5007761,deviant
5007761,deviant
5007761,deviant
5007761,deviant
5007761,deviant
5007761,deviant
5007761,deviant
5007761,deviant
5007761,deviant
5007761,deviant
5007761,deviant
5007761,deviant
5007761,deviant
5007761,deviant
5007761,deviant
5007761,deviant
5007761,deviant
5007761,deviant
5007761,deviant
5022875,deviant
4881067,regular
4881067,regular
4881067,regular
4881067,regular
4564503,regular
4564503,regular
4564503,regular
4564503,regular
4564503,regular
4564503,regular
4564503,regular
4843933,deviant
4843933,deviant
4843933,deviant
4843933,deviant
4843933,deviant
4843933,deviant
4843933,deviant
4843933,deviant
4843933,deviant
4843933,deviant
4843933,deviant
4843933,deviant
4843933,deviant
4843933,deviant
4843933,deviant
4843933,deviant
4843933,deviant
4843933,deviant
4843933,deviant
4843933,deviant
4843933,deviant
4843933,deviant
4843933,deviant
4843933,deviant
5022875,deviant
5022875,deviant
5022875,deviant
5022875,deviant
5022875,deviant
5022875,deviant
4460190,deviant
4535665,deviant
5031914,deviant
5026675,regular
5028659,deviant
4535665,deviant
4844409,regular
4944081,regular
5003193,regular
5009197,regular
5009620,regular
5024811,regular
5026675,regular
5033767,regular
4125863,regular
4125863,regular
4125863,regular
4125863,regular
4125863,regular
4125863,regular
4125863,regular
4125863,regular
4125863,regular
4125863,regular
4125863,regular
4125863,regular
4125863,regular
4125863,regular
4125863,regular
4125863,regular
4125863,regular
4125863,regular
4460190,deviant
4844409,regular
4844409,regular
4844409,regular
4844409,regular
5022883,regular
5022883,regular
5022883,regular
5022883,regular
5022883,regular
5022883,regular
5022883,regular
5022883,regular
5022883,regular
5022883,regular
5022883,regular
5022883,regular
5022883,regular
5022883,regular
5022883,regular
5022883,regular
5022883,regular
5022883,regular
5022883,regular
5022883,regular
5022883,regular
5022883,regular
5022883,regular
5022883,regular
5022883,regular
5022883,regular
5022883,regular
5022883,regular
5022883,regular
5022883,regular
4980236,deviant
4980236,deviant
4980236,deviant
4980236,deviant
4980236,deviant
4980236,deviant
4980236,deviant
4980236,deviant
4980236,deviant
4980236,deviant
4980236,deviant
4980236,deviant
5022883,regular
5022883,regular
5022883,regular
5022883,regular
5022883,regular
5022883,regular
5022883,regular
5022883,regular
5022883,regular
5022883,regular
4980236,deviant
4980236,deviant
4980236,deviant
4564503,regular
4564503,regular
5026675,regular
5026675,regular
5026675,regular
5026675,regular
3874236,deviant
4984031,deviant
5028659,deviant
4565173,regular
4565173,regular
4565173,regular
4984031,deviant
4984031,deviant
4984031,deviant
4984031,deviant
4984031,deviant
4984031,deviant
4984031,deviant
4984031,deviant
4984031,deviant
4984031,deviant
4984031,deviant
4984031,deviant
4984031,deviant
4984031,deviant
4984031,deviant
4984031,deviant
4984031,deviant
4984031,deviant
4984031,deviant
4984031,deviant
5028659,deviant
5028659,deviant
5028659,deviant
5028659,deviant
5028659,deviant
5028659,deviant
5029317,regular
5029317,regular
5029317,regular
5029317,regular
5029317,regular
5029317,regular
3874236,deviant
3874236,deviant
3874236,deviant
3874236,deviant
3874236,deviant
3874236,deviant
3874236,deviant
3874236,deviant
3874236,deviant
3874236,deviant
3874236,deviant
3874236,deviant
3874236,deviant
3874236,deviant
3874236,deviant
3874236,deviant
3874236,deviant
3874236,deviant
3874236,deviant
4565173,regular
5031914,deviant
5036261,regular
5037539,regular
5031914,deviant
5031914,deviant
5031914,deviant
5031914,deviant
5031914,deviant
5031914,deviant
4823263,regular
4823263,regular
4823263,regular
4823263,regular
4823263,regular
4823263,regular
4823263,regular
4823263,regular
4823263,regular
4823263,regular
4823263,regular
4823263,regular
4823263,regular
4823263,regular
4823263,regular
4823263,regular
4823263,regular
4823263,regular
4823263,regular
4823263,regular
4823263,regular
4823263,regular
4823263,regular
4823263,regular
4823263,regular
4823263,regular
4823263,regular
4823263,regular
4823263,regular
4823263,regular
4565173,regular
4565173,regular
4565173,regular
4565173,regular
4565173,regular
4565173,regular
4565173,regular
4565173,regular
4565173,regular
4565173,regular
4565173,regular
4565173,regular
4565173,regular
4565173,regular
4565173,regular
4565173,regular
4565173,regular
5036261,regular
5038452,regular
5040268,regular
5060779,regular
4984031,deviant
4984031,deviant
4984031,deviant
4984031,deviant
4984031,deviant
4984031,deviant
4984031,deviant
4984031,deviant
4984031,deviant
4984031,deviant
5033767,regular
5033767,regular
5033767,regular
5033767,regular
5033767,regular
5033767,regular
5031914,deviant
5031914,deviant
5031914,deviant
5031914,deviant
5031914,deviant
5031914,deviant
5031914,deviant
5031914,deviant
5031914,deviant
5031914,deviant
5031914,deviant
5031914,deviant
5031914,deviant
4971717,regular
4971717,regular
4971717,regular
4971717,regular
4971717,regular
4971717,regular
4971717,regular
4971717,regular
4971717,regular
4971717,regular
4971717,regular
4971717,regular
4971717,regular
4971717,regular
5036261,regular
5036261,regular
5036261,regular
5036261,regular
5036261,regular
5036261,regular
4971717,regular
5041218,regular
4971717,regular
4971717,regular
4971717,regular
4971717,regular
4971717,regular
4971717,regular
4971717,regular
5037539,regular
5037539,regular
5037539,regular
5037539,regular
5037539,regular
5037539,regular
4843933,deviant
4844409,regular
5022883,regular
4843933,deviant
5043156,regular
5047211,regular
5038452,regular
5038452,regular
5038452,regular
5038452,regular
5038452,regular
5038452,regular
5038452,regular
5038452,regular
5038452,regular
5038452,regular
5038452,regular
5038452,regular
5038452,regular
5038452,regular
5038452,regular
5038452,regular
5038452,regular
5038452,regular
5038452,regular
5038452,regular
5038452,regular
5038452,regular
5038452,regular
5038452,regular
5038452,regular
5038452,regular
5038452,regular
5038452,regular
5038452,regular
5038452,regular
5038452,regular
5038452,regular
5038452,regular
5038452,regular
5038452,regular
5038452,regular
5038452,regular
5038452,regular
5038452,regular
5038452,regular
5040268,regular
5040268,regular
5040268,regular
5040268,regular
5040268,regular
5040268,regular
5040268,regular
5040268,regular
5040268,regular
5040268,regular
5040268,regular
5040268,regular
5040268,regular
5040268,regular
5040268,regular
5040268,regular
5040268,regular
5040268,regular
5040268,regular
5040268,regular
5040268,regular
5040268,regular
5040268,regular
5040268,regular
5040268,regular
5040268,regular
5040268,regular
5040268,regular
5040268,regular
5040268,regular
5040268,regular
5040268,regular
5040268,regular
5040268,regular
5040268,regular
5040268,regular
5040268,regular
5040268,regular
5040268,regular
5041218,regular
5041218,regular
5041218,regular
5041218,regular
5041218,regular
5041218,regular
5042683,regular
5042683,regular
5042683,regular
5045416,deviant
5046517,regular
5048644,regular
4975050,regular
4975050,regular
4975050,regular
4975050,regular
4975050,regular
5043156,regular
5043156,regular
5043156,regular
5043156,regular
5043156,regular
5043156,regular
3874236,deviant
3874236,deviant
3874236,deviant
5046517,regular
5049059,regular
5045416,deviant
5045416,deviant
5045416,deviant
5045416,deviant
5045416,deviant
5045416,deviant
5037539,regular
5037539,regular
5037539,regular
5037539,regular
5037539,regular
5037539,regular
5037539,regular
5037539,regular
5037539,regular
5037539,regular
5037539,regular
5037539,regular
5037539,regular
5037539,regular
5037539,regular
5037539,regular
5037539,regular
5037539,regular
5037539,regular
5037539,regular
5037539,regular
5037539,regular
5037539,regular
5037539,regular
5037539,regular
5037539,regular
5037539,regular
5037539,regular
5037539,regular
5037539,regular
5037539,regular
5037539,regular
5037539,regular
5026675,regular
5026675,regular
5026675,regular
5026675,regular
5026675,regular
5026675,regular
5026675,regular
5026675,regular
5026675,regular
5026675,regular
5026675,regular
5026675,regular
5026675,regular
5026675,regular
5026675,regular
5026675,regular
5026675,regular
5026675,regular
5026675,regular
5026675,regular
5026675,regular
5026675,regular
5026675,regular
5026675,regular
5026675,regular
5026675,regular
5026675,regular
5026675,regular
5026675,regular
5026675,regular
5026675,regular
5026675,regular
5026675,regular
5026675,regular
5046517,regular
5046517,regular
5046517,regular
5046517,regular
3874236,deviant
5047211,regular
5047211,regular
5047211,regular
5047211,regular
5047211,regular
5047211,regular
5048644,regular
5048644,regular
5048644,regular
5048644,regular
5048644,regular
5048644,regular
5049059,regular
5049059,regular
5049059,regular
5049059,regular
4819143,regular
5026675,regular
5026675,regular
5037539,regular
5037539,regular
5058511,regular
5014615,regular
5014615,regular
5014615,regular
5014615,regular
5014615,regular
5014615,regular
5014615,regular
5014615,regular
5014615,regular
5014615,regular
5014615,regular
5014615,regular
5014615,regular
5014615,regular
5014615,regular
5014615,regular
5014615,regular
5014615,regular
5014615,regular
5014615,regular
5014615,regular
5014615,regular
5014615,regular
5014615,regular
5014615,regular
4984975,regular
3874236,deviant
4565173,regular
4984031,deviant
4565173,regular
5026675,regular
5037539,regular
5038452,regular
5040268,regular
4551488,deviant
4551488,deviant
4551488,deviant
4551488,deviant
4551488,deviant
4551488,deviant
4551488,deviant
4551488,deviant
4551488,deviant
4551488,deviant
4551488,deviant
4551488,deviant
4551488,deviant
4551488,deviant
4551488,deviant
4551488,deviant
4551488,deviant
5014157,deviant
5014157,deviant
5014157,deviant
5014157,deviant
5014157,deviant
5014157,deviant
5014157,deviant
5014157,deviant
5014157,deviant
5014157,deviant
5014157,deviant
5014157,deviant
5014157,deviant
4887787,regular
4887787,regular
4887787,regular
4887787,regular
4887787,regular
4887787,regular
4887787,regular
4887787,regular
4887787,regular
4887787,regular
4887787,regular
4887787,regular
4887787,regular
4887787,regular
5061923,regular
4887787,regular
4887787,regular
4887787,regular
4887787,regular
4887787,regular
4887787,regular
4887787,regular
4887787,regular
5020237,deviant
5020237,deviant
5020237,deviant
5020237,deviant
5020237,deviant
5020237,deviant
4551488,deviant
4551488,deviant
4551488,deviant
4551488,deviant
4551488,deviant
4551488,deviant
4551488,deviant
4551488,deviant
5049059,regular
5049059,regular
5058511,regular
5058511,regular
5058511,regular
5058511,regular
5058511,regular
5058511,regular
5022875,deviant
5022875,deviant
5022875,deviant
5022875,deviant
5022875,deviant
5022875,deviant
5020237,deviant
5020237,deviant
5020237,deviant
5020237,deviant
5020237,deviant
5020237,deviant
5020237,deviant
5022875,deviant
5022875,deviant
5022875,deviant
5022875,deviant
5022875,deviant
5022875,deviant
5022875,deviant
4880373,regular
4880373,regular
4880373,regular
4887787,regular
4887787,regular
4551488,deviant
4551488,deviant
4438852,regular
4438852,regular
4984975,regular
4984975,regular
4984975,regular
4984975,regular
4984975,regular
4984975,regular
4984975,regular
4984975,regular
4871983,regular
4836603,regular
5061923,regular
5061923,regular
5061923,regular
5061923,regular
5061923,regular
5061923,regular
5061923,regular
5061923,regular
5061923,regular
5061923,regular
5061923,regular
5061923,regular
5061923,regular
5061923,regular
5061923,regular
5061923,regular
5061923,regular
5061923,regular
5061923,regular
5061923,regular
5061923,regular
5061923,regular
5061923,regular
5061923,regular
5061923,regular
5061923,regular
5061923,regular
5061923,regular
5061923,regular
5061923,regular
5061923,regular
5061923,regular
5061923,regular
5061923,regular
5061923,regular
5061923,regular
5061923,regular
4990407,deviant
4990407,deviant
4990407,deviant
4990407,deviant
4990407,deviant
4990407,deviant
4990407,deviant
4990407,deviant
4990407,deviant
4990407,deviant
4990407,deviant
4990407,deviant
4990407,deviant
4990407,deviant
4990407,deviant
4990407,deviant
4990407,deviant
4990407,deviant
4990407,deviant
4990407,deviant
4990407,deviant
4990407,deviant
4990407,deviant
4990407,deviant
4990407,deviant
4990407,deviant
4990407,deviant
4990407,deviant
4990407,deviant
4990407,deviant
4990407,deviant
4990407,deviant
4990407,deviant
4990407,deviant
5068064,regular
5070498,regular
4984975,regular
4984975,regular
4984975,regular
4984975,regular
4984975,regular
4984975,regular
4984975,regular
4984975,regular
4984975,regular
4984975,regular
4984975,regular
4984975,regular
4984975,regular
4984975,regular
4984975,regular
4984975,regular
4984975,regular
4984975,regular
4984975,regular
4984975,regular
4984975,regular
4984975,regular
5061923,regular
5061923,regular
5070027,regular
5071991,regular
5072018,regular
4551488,deviant
5068949,regular
5069582,regular
4551488,deviant
5060779,regular
5073377,regular
5060779,regular
5060779,regular
5060779,regular
5060779,regular
5060779,regular
5060779,regular
5068064,regular
5068064,regular
5068064,regular
5068064,regular
5068064,regular
3597315,regular
5007761,deviant
5068064,regular
5071956,regular
5068949,regular
5068949,regular
5068949,regular
5068949,regular
5068949,regular
5068949,regular
5069582,regular
5069582,regular
5069582,regular
5069582,regular
5069582,regular
5069582,regular
5070027,regular
5070027,regular
5070027,regular
5070027,regular
5070027,regular
5070027,regular
5070498,regular
5070498,regular
5070498,regular
5070498,regular
5070498,regular
5070498,regular
5075275,regular
5007761,deviant
5007761,deviant
5007761,deviant
5007761,deviant
5007761,deviant
5007761,deviant
5071956,regular
5071956,regular
5071956,regular
5071956,regular
5071956,regular
5071956,regular
5071991,regular
5071991,regular
5071991,regular
5071991,regular
5071991,regular
5071991,regular
4880373,regular
4880373,regular
4880373,regular
4880373,regular
4880373,regular
4880373,regular
4880373,regular
4880373,regular
4880373,regular
4880373,regular
4880373,regular
5073377,regular
5073377,regular
5073377,regular
5073377,regular
5073377,regular
5073377,regular
5072018,regular
5072018,regular
5072018,regular
5072018,regular
5072018,regular
5072018,regular
4425830,regular
4425830,regular
4425830,regular
5028659,deviant
5031914,deviant
5075275,regular
5078670,regular
5081683,regular
5031914,deviant
5031914,deviant
5031914,deviant
5031914,deviant
5031914,deviant
5031914,deviant
5031914,deviant
5031914,deviant
5031914,deviant
5031914,deviant
5031914,deviant
5031914,deviant
5031914,deviant
5031914,deviant
5031914,deviant
5031914,deviant
5031914,deviant
5031914,deviant
5031914,deviant
5031914,deviant
5031914,deviant
5031914,deviant
5031914,deviant
5075275,regular
5075275,regular
5075275,regular
5075275,regular
5075275,regular
5075275,regular
5036261,regular
5036261,regular
5036261,regular
5036261,regular
5036261,regular
4880373,regular
4880373,regular
5024811,regular
5024811,regular
4880373,regular
5080342,regular
5060779,regular
5060779,regular
5060779,regular
5060779,regular
5060779,regular
5060779,regular
5060779,regular
5060779,regular
5060779,regular
5060779,regular
5060779,regular
5060779,regular
5031914,deviant
5031914,deviant
5031914,deviant
5031914,deviant
4880373,regular
4880373,regular
5031914,deviant
5031914,deviant
5031914,deviant
5031914,deviant
5031914,deviant
5031914,deviant
5078670,regular
5078670,regular
5078670,regular
5078670,regular
5078670,regular
5078670,regular
5031914,deviant
5061923,regular
5082771,deviant
5083831,regular
4460190,deviant
5080342,regular
5080342,regular
5080342,regular
5080342,regular
5048644,regular
5048644,regular
5048644,regular
5048644,regular
5048644,regular
5048644,regular
5048644,regular
5048644,regular
5048644,regular
5048644,regular
5048644,regular
5048644,regular
5048644,regular
5048644,regular
5048644,regular
5048644,regular
5048644,regular
5048644,regular
5048644,regular
5048644,regular
5048644,regular
5048644,regular
5048644,regular
5048644,regular
5048644,regular
5048644,regular
5081683,regular
5081683,regular
5081683,regular
5081683,regular
5081683,regular
5081683,regular
5048644,regular
5048644,regular
5048644,regular
5048644,regular
5048644,regular
5048644,regular
5048644,regular
5048644,regular
5082771,deviant
4986958,regular
4986958,regular
4986958,regular
4986958,regular
4986958,regular
4986958,regular
4986958,regular
4986958,regular
4986958,regular
4986958,regular
4986958,regular
4986958,regular
4986958,regular
4986958,regular
4986958,regular
5082771,deviant
5082771,deviant
5082771,deviant
5082771,deviant
5082771,deviant
5082771,deviant
5083831,regular
5083831,regular
5083831,regular
5083831,regular
5083831,regular
5083831,regular
4879517,regular
4879895,regular
4940438,regular
4940438,regular
4940438,regular
4940438,regular
4940438,regular
4940438,regular
4940438,regular
4940438,regular
4964510,regular
4964510,regular
4964510,regular
4964510,regular
4964510,regular
4964510,regular
4964510,regular
4940438,regular
4964510,regular
4964510,regular
4879517,regular
4879895,regular
5088417,deviant
4964510,regular
4964510,regular
4964510,regular
4968111,regular
4968111,regular
4968111,regular
4968111,regular
4968111,regular
4968111,regular
4968111,regular
4968111,regular
4879517,regular
4879517,regular
4879517,regular
4879895,regular
4879895,regular
4879895,regular
4968111,regular
4968111,regular
4940438,regular
4940438,regular
4940438,regular
4940438,regular
4940438,regular
4940438,regular
4940438,regular
4940438,regular
4940438,regular
4940438,regular
4964510,regular
4964510,regular
4964510,regular
4964510,regular
4964510,regular
4964510,regular
4964510,regular
4964510,regular
5089370,regular
5089818,regular
5045416,deviant
5088417,deviant
5095673,regular
5088417,deviant
5088417,deviant
5088417,deviant
5088417,deviant
5088417,deviant
5088417,deviant
5089370,regular
5089370,regular
5089370,regular
5089370,regular
5089370,regular
5089370,regular
5089818,regular
5089818,regular
5089818,regular
5089818,regular
5089818,regular
5089818,regular
4819143,regular
4819143,regular
4819143,regular
4819143,regular
4819143,regular
4819143,regular
4819143,regular
4819143,regular
4819143,regular
4819143,regular
4819143,regular
4819143,regular
4819143,regular
4819143,regular
4819143,regular
4819143,regular
4819143,regular
4819143,regular
4819143,regular
4819143,regular
4819143,regular
4819143,regular
4819143,regular
4819143,regular
4819143,regular
4819143,regular
4819143,regular
4819143,regular
4819143,regular
4819143,regular
4819143,regular
4819143,regular
4819143,regular
4968111,regular
5070498,regular
5070498,regular
5070498,regular
5070498,regular
5070498,regular
5070498,regular
5070498,regular
5070498,regular
5070498,regular
5070498,regular
5070498,regular
5070498,regular
5070498,regular
5070498,regular
5070498,regular
5070498,regular
5070498,regular
5070498,regular
5070498,regular
5070498,regular
5070498,regular
5070498,regular
5070498,regular
5070498,regular
5070498,regular
5095673,regular
5095673,regular
5095673,regular
5095673,regular
5095673,regular
5095673,regular
4968111,regular
4968111,regular
4968111,regular
4968111,regular
4968111,regular
4968111,regular
4968111,regular
4968111,regular
4968111,regular
4984975,regular
4984975,regular
4984975,regular
4984975,regular
4984975,regular
4984975,regular
4984975,regular
5070498,regular
5070498,regular
5070498,regular
5070498,regular
5070498,regular
5070498,regular
5070498,regular
5070498,regular
5070498,regular
5020237,deviant
5020237,deviant
5020237,deviant
5014157,deviant
5014157,deviant
5014157,deviant
5047211,regular
5047211,regular
5047211,regular
5047211,regular
5047211,regular
5047211,regular
5047211,regular
5047211,regular
5047211,regular
5047211,regular
5047211,regular
5047211,regular
5047211,regular
5047211,regular
5047211,regular
5047211,regular
5047211,regular
5047211,regular
5047211,regular
5047211,regular
5047211,regular
5047211,regular
5047211,regular
5047211,regular
5047211,regular
5047211,regular
5047211,regular
5070498,regular
5070498,regular
4979750,regular
4979750,regular
4979750,regular
4979750,regular
4979750,regular
4979750,regular
4979750,regular
4979750,regular
4979750,regular
4979750,regular
4979750,regular
4979750,regular
4979750,regular
4979750,regular
4979750,regular
4979750,regular
4979750,regular
4979750,regular
4979750,regular
4979750,regular
4979750,regular
4979750,regular
4979750,regular
4979750,regular
4979750,regular
4979750,regular
4979750,regular
4979750,regular
5069582,regular
5069582,regular
5069582,regular
5069582,regular
5069582,regular
5069582,regular
5069582,regular
5069582,regular
5069582,regular
5069582,regular
5069582,regular
5069582,regular
5069582,regular
5069582,regular
5069582,regular
5069582,regular
5069582,regular
5069582,regular
5069582,regular
5069582,regular
5069582,regular
5069582,regular
5069582,regular
5069582,regular
5069582,regular
4827129,regular
4827129,regular
4827129,regular
4827129,regular
4827129,regular
4827129,regular
5047211,regular
5036261,regular
5036261,regular
5036261,regular
5036261,regular
5036261,regular
5036261,regular
5036261,regular
5036261,regular
5036261,regular
5036261,regular
5036261,regular
5036261,regular
5036261,regular
5036261,regular
5036261,regular
5036261,regular
5078670,regular
5078670,regular
5078670,regular
5078670,regular
5078670,regular
5078670,regular
5078670,regular
5078670,regular
5078670,regular
5078670,regular
5078670,regular
5078670,regular
5078670,regular
5078670,regular
5078670,regular
5078670,regular
5078670,regular
5078670,regular
5078670,regular
5078670,regular
5078670,regular
5078670,regular
5078670,regular
5078670,regular
5078670,regular
5078670,regular
5078670,regular
5078670,regular
4827129,regular
4827129,regular
4827129,regular
4827129,regular
5081683,regular
5081683,regular
5081683,regular
5081683,regular
5081683,regular
5081683,regular
5081683,regular
5081683,regular
5081683,regular
5081683,regular
5081683,regular
5081683,regular
5081683,regular
5081683,regular
5081683,regular
5081683,regular
5081683,regular
5081683,regular
5081683,regular
5081683,regular
5081683,regular
5081683,regular
5081683,regular
5081683,regular
5081683,regular
5081683,regular
5081683,regular
5081683,regular
5081683,regular
5081683,regular
5081683,regular
5081683,regular
5081683,regular
5081683,regular
5047211,regular
5047211,regular
5047211,regular
5047211,regular
5047211,regular
5047211,regular
5047211,regular
5047211,regular
5068949,regular
5068949,regular
5068949,regular
5068949,regular
5068949,regular
5068949,regular
5068949,regular
5068949,regular
5068949,regular
5068949,regular
5068949,regular
5068949,regular
5068949,regular
5068949,regular
5068949,regular
5068949,regular
5068949,regular
5068949,regular
5068949,regular
5068949,regular
5068949,regular
5068949,regular
5068949,regular
5068949,regular
5068949,regular
5068949,regular
5068949,regular
5068949,regular
5068949,regular
5068949,regular
5068949,regular
5068949,regular
5068949,regular
5068949,regular
5068949,regular
5036261,regular
5036261,regular
5036261,regular
4979750,regular
4979750,regular
4979750,regular
4979750,regular
4979750,regular
4979750,regular
4979750,regular
4979750,regular
4979750,regular
4979750,regular
4979750,regular
4979750,regular
4979750,regular
4979750,regular
4979750,regular
4979750,regular
4979750,regular
4979750,regular
5078670,regular
5078670,regular
5078670,regular
5078670,regular
5078670,regular
5078670,regular
5078670,regular
5078670,regular
4827129,regular
4827129,regular
4940438,regular
4964510,regular
5008639,deviant
5068949,regular
5070498,regular
5081683,regular
5083831,regular
5083831,regular
5083831,regular
5083831,regular
5083831,regular
5071991,regular
5071991,regular
5071991,regular
5083831,regular
5083831,regular
5083831,regular
5083831,regular
5083831,regular
5083831,regular
5083831,regular
5083831,regular
5083831,regular
5083831,regular
5083831,regular
5083831,regular
5083831,regular
5083831,regular
5083831,regular
5083831,regular
5083831,regular
5083831,regular
5083831,regular
5083831,regular
5083831,regular
5083831,regular
5083831,regular
5083831,regular
5083831,regular
5083831,regular
5083831,regular
5083831,regular
5083831,regular
5083831,regular
5071991,regular
5071991,regular
5071956,regular
5071956,regular
5071956,regular
5071956,regular
5071956,regular
5071956,regular
5071956,regular
5071956,regular
5071956,regular
5071956,regular
5071956,regular
5071956,regular
5071956,regular
5071956,regular
5071956,regular
5071956,regular
5071956,regular
5071956,regular
5071956,regular
5071956,regular
5071956,regular
5071956,regular
5071956,regular
5071956,regular
5071956,regular
5071956,regular
5071956,regular
5071956,regular
5071956,regular
5071956,regular
5071956,regular
5071956,regular
5071956,regular
5071956,regular
5071956,regular
5014157,deviant
5014157,deviant
5014157,deviant
5014157,deviant
5014157,deviant
5014157,deviant
5014157,deviant
5014157,deviant
5014157,deviant
5014157,deviant
5014157,deviant
5014157,deviant
5014157,deviant
5014157,deviant
5014157,deviant
5014157,deviant
5042683,regular
5042683,regular
5042683,regular
5118354,regular
5045416,deviant
5045416,deviant
5045416,deviant
5045416,deviant
5045416,deviant
5045416,deviant
5045416,deviant
5045416,deviant
5045416,deviant
5045416,deviant
5045416,deviant
5045416,deviant
5020237,deviant
5020237,deviant
5020237,deviant
5020237,deviant
5020237,deviant
5020237,deviant
5020237,deviant
5020237,deviant
5020237,deviant
5020237,deviant
5020237,deviant
5020237,deviant
5020237,deviant
5020237,deviant
5020237,deviant
5020237,deviant
5020237,deviant
5020237,deviant
5020237,deviant
5020237,deviant
5020237,deviant
5045416,deviant
5036261,regular
5036261,regular
5036261,regular
5036261,regular
5036261,regular
5036261,regular
5036261,regular
5036261,regular
5036261,regular
5036261,regular
5036261,regular
5036261,regular
5036261,regular
5036261,regular
5020237,deviant
5046517,regular
5082771,deviant
5046517,regular
5046517,regular
5046517,regular
5046517,regular
5046517,regular
5046517,regular
5046517,regular
5046517,regular
5046517,regular
5046517,regular
5046517,regular
5046517,regular
5046517,regular
5046517,regular
5046517,regular
5046517,regular
5046517,regular
5046517,regular
5046517,regular
5046517,regular
5046517,regular
5046517,regular
5046517,regular
5046517,regular
5071991,regular
5071991,regular
5071991,regular
5071991,regular
5071991,regular
5071991,regular
5071991,regular
5071991,regular
5071991,regular
5071991,regular
5071991,regular
5071991,regular
5071991,regular
5071991,regular
5071991,regular
5071991,regular
5071991,regular
5071991,regular
5071991,regular
5071991,regular
5071991,regular
5071991,regular
5118354,regular
5118354,regular
5118354,regular
5118354,regular
5118354,regular
5118354,regular
5082771,deviant
5082771,deviant
5082771,deviant
5082771,deviant
5082771,deviant
5082771,deviant
5082771,deviant
5082771,deviant
5082771,deviant
5082771,deviant
5082771,deviant
5082771,deviant
5082771,deviant
4811519,deviant
5071991,regular
5122637,regular
5123049,regular
5123461,regular
5124045,regular
5046517,regular
5046517,regular
5046517,regular
5046517,regular
5046517,regular
5046517,regular
5046517,regular
5046517,regular
5046517,regular
5046517,regular
5020237,deviant
5020237,deviant
5020237,deviant
5020237,deviant
5020237,deviant
5020237,deviant
5020237,deviant
5020237,deviant
5020237,deviant
5020237,deviant
5071991,regular
5071991,regular
5071991,regular
5071991,regular
5071991,regular
5071991,regular
5071991,regular
5071991,regular
4979750,regular
5047211,regular
5071956,regular
5078670,regular
5083831,regular
5124045,regular
4964117,regular
4964117,regular
4964117,regular
4964117,regular
4964117,regular
4964117,regular
4964117,regular
4964117,regular
4964117,regular
4964117,regular
4964117,regular
4964117,regular
4964117,regular
4964117,regular
4964117,regular
4964117,regular
4964117,regular
4964117,regular
4964117,regular
4964117,regular
4964117,regular
4964117,regular
4964117,regular
4964117,regular
4964117,regular
5122637,regular
5122637,regular
5122637,regular
5122637,regular
5122637,regular
5122637,regular
5123049,regular
5123049,regular
5123049,regular
5123049,regular
5123049,regular
5123049,regular
5123461,regular
5123461,regular
5123461,regular
5123461,regular
5123461,regular
5123461,regular
5124045,regular
5124045,regular
5124045,regular
5124045,regular
5124045,regular
5124045,regular
5041218,regular
5041218,regular
5041218,regular
5041218,regular
5041218,regular
5041218,regular
5041218,regular
5041218,regular
5041218,regular
5041218,regular
5041218,regular
5041218,regular
5041218,regular
5041218,regular
5041218,regular
5041218,regular
5041218,regular
5041218,regular
5041218,regular
5041218,regular
5041218,regular
5041218,regular
5041218,regular
5095673,regular
5095673,regular
5095673,regular
5095673,regular
5095673,regular
5095673,regular
5095673,regular
5095673,regular
5095673,regular
5095673,regular
5095673,regular
5095673,regular
5095673,regular
5095673,regular
5095673,regular
5095673,regular
5095673,regular
5095673,regular
5095673,regular
5095673,regular
5095673,regular
5095673,regular
5095673,regular
5095673,regular
5095673,regular
5041218,regular
4535665,deviant
4990407,deviant
4990407,deviant
5128123,deviant
5131245,regular
4822551,regular
4822551,regular
4822551,regular
4822551,regular
4822551,regular
4822551,regular
4822551,regular
4822551,regular
4822551,regular
4822551,regular
4822551,regular
4822551,regular
4822551,regular
4822551,regular
4822551,regular
4822551,regular
4822551,regular
4822551,regular
4822551,regular
4822551,regular
4822551,regular
4822551,regular
4822551,regular
4822551,regular
4822551,regular
4822551,regular
4822551,regular
4822551,regular
5043156,regular
5043156,regular
5043156,regular
4964117,regular
4964117,regular
4964117,regular
4964117,regular
4964117,regular
4964117,regular
4964117,regular
4964117,regular
4964117,regular
4964117,regular
4964117,regular
5043156,regular
5043156,regular
5043156,regular
5043156,regular
5043156,regular
5043156,regular
5043156,regular
5043156,regular
5043156,regular
5043156,regular
5043156,regular
5043156,regular
5043156,regular
5043156,regular
5043156,regular
5043156,regular
5043156,regular
5043156,regular
5043156,regular
5043156,regular
5043156,regular
5043156,regular
5128123,deviant
5128123,deviant
5128123,deviant
5128123,deviant
5128123,deviant
5128123,deviant
4535665,deviant
5072018,regular
5072018,regular
5072018,regular
5073377,regular
5073377,regular
5073377,regular
5073377,regular
5073377,regular
5073377,regular
5073377,regular
5073377,regular
5073377,regular
5073377,regular
5073377,regular
5073377,regular
5073377,regular
4535665,deviant
4535665,deviant
5122637,regular
5122637,regular
5122637,regular
5122637,regular
5122637,regular
5122637,regular
5122637,regular
5122637,regular
5122637,regular
5122637,regular
5122637,regular
5122637,regular
5122637,regular
5122637,regular
5122637,regular
5122637,regular
5122637,regular
5122637,regular
5122637,regular
5122637,regular
5122637,regular
5122637,regular
5122637,regular
5122637,regular
5122637,regular
5122637,regular
5122637,regular
5122637,regular
5122637,regular
5122637,regular
5123049,regular
5123049,regular
5123049,regular
5123049,regular
5123049,regular
5123049,regular
5123049,regular
5123049,regular
5123049,regular
5123049,regular
5123049,regular
5123049,regular
5123049,regular
5123049,regular
5123049,regular
5123049,regular
5123049,regular
5123049,regular
5123049,regular
5123049,regular
5123049,regular
5123049,regular
5123049,regular
5123049,regular
4819143,regular
5123049,regular
5123049,regular
5123049,regular
5123049,regular
5123049,regular
5131245,regular
5131245,regular
5131245,regular
5131245,regular
5131245,regular
5131245,regular
5014157,deviant
5014157,deviant
5014157,deviant
5014157,deviant
5014157,deviant
5014157,deviant
5014157,deviant
5014157,deviant
5014157,deviant
5014157,deviant
5014157,deviant
5014157,deviant
5014157,deviant
5014157,deviant
5014157,deviant
5014157,deviant
5014157,deviant
5014157,deviant
5014157,deviant
5014157,deviant
4819143,regular
5136641,regular
5043156,regular
5043156,regular
5043156,regular
5122637,regular
5122637,regular
5122637,regular
5122637,regular
5122637,regular
5122637,regular
5123049,regular
5123049,regular
5123049,regular
5123049,regular
5123049,regular
5123049,regular
5123049,regular
5036261,regular
5036261,regular
5036261,regular
5036261,regular
5036261,regular
5036261,regular
5036261,regular
5036261,regular
5036261,regular
4819143,regular
4819143,regular
4819143,regular
5043156,regular
5043156,regular
5043156,regular
5043156,regular
5043156,regular
5043156,regular
5043156,regular
5043156,regular
5014615,regular
5014615,regular
5014615,regular
5014615,regular
5014615,regular
5014615,regular
5014615,regular
5014615,regular
5014615,regular
5014615,regular
5014615,regular
5014157,deviant
5014157,deviant
5014157,deviant
5014157,deviant
5014157,deviant
5014157,deviant
5014157,deviant
5014157,deviant
5014157,deviant
5014157,deviant
5014157,deviant
4535665,deviant
4964117,regular
5137685,regular
4990407,deviant
5020237,deviant
5046517,regular
5071991,regular
5142133,regular
5142787,regular
5072018,regular
5072018,regular
5072018,regular
5072018,regular
5072018,regular
5072018,regular
5072018,regular
5072018,regular
5072018,regular
5072018,regular
5072018,regular
5072018,regular
5072018,regular
5072018,regular
5072018,regular
5072018,regular
5072018,regular
5072018,regular
5072018,regular
5072018,regular
5072018,regular
5072018,regular
5072018,regular
5072018,regular
5022875,deviant
5022875,deviant
5022875,deviant
5022875,deviant
5136641,regular
5136641,regular
5136641,regular
5136641,regular
5136641,regular
5136641,regular
5137685,regular
5137685,regular
5137685,regular
5137685,regular
5137685,regular
5137685,regular
5041218,regular
5041218,regular
5041218,regular
5041218,regular
4843933,deviant
4843933,deviant
4843933,deviant
4843933,deviant
4843933,deviant
4843933,deviant
4843933,deviant
4843933,deviant
4843933,deviant
4843933,deviant
5058511,regular
5068064,regular
5072018,regular
5141904,deviant
5146732,deviant
5147333,regular
5072018,regular
5072018,regular
5072018,regular
5072018,regular
5072018,regular
5072018,regular
5072018,regular
5072018,regular
5089818,regular
5089818,regular
5089818,regular
5089818,regular
5089818,regular
5089818,regular
5089818,regular
5089818,regular
5089818,regular
5058511,regular
5058511,regular
5141904,deviant
5142133,regular
5045416,deviant
5045416,deviant
5045416,deviant
5045416,deviant
5045416,deviant
5045416,deviant
5045416,deviant
5045416,deviant
5045416,deviant
5045416,deviant
5045416,deviant
5045416,deviant
5045416,deviant
5045416,deviant
5045416,deviant
5045416,deviant
5045416,deviant
5045416,deviant
5045416,deviant
5045416,deviant
5045416,deviant
5045416,deviant
5045416,deviant
5045416,deviant
5045416,deviant
5075275,regular
5075275,regular
5075275,regular
5075275,regular
5075275,regular
5075275,regular
5029317,regular
5029317,regular
5029317,regular
5029317,regular
5029317,regular
5029317,regular
5029317,regular
5029317,regular
5029317,regular
5029317,regular
5029317,regular
5029317,regular
5029317,regular
5029317,regular
5029317,regular
5029317,regular
5029317,regular
5029317,regular
5029317,regular
5029317,regular
5029317,regular
5029317,regular
5029317,regular
5029317,regular
5011624,regular
5011624,regular
5011624,regular
5011624,regular
5011624,regular
5011624,regular
5011624,regular
5011624,regular
5011624,regular
5011624,regular
5029317,regular
5011624,regular
5011624,regular
5142133,regular
5142133,regular
5142133,regular
5142133,regular
5142133,regular
5142133,regular
5011624,regular
4535665,deviant
4535665,deviant
4535665,deviant
5011624,regular
4535665,deviant
4535665,deviant
4535665,deviant
5011624,regular
5011624,regular
5011624,regular
5011624,regular
5011624,regular
5011624,regular
5011624,regular
5011624,regular
5011624,regular
5011624,regular
5011624,regular
4535665,deviant
5008639,deviant
5008639,deviant
5008639,deviant
5008639,deviant
5008639,deviant
5008639,deviant
5008639,deviant
5008639,deviant
5008639,deviant
5008639,deviant
5011624,regular
5011624,regular
5141904,deviant
5141904,deviant
5141904,deviant
5141904,deviant
5141904,deviant
5141904,deviant
5142787,regular
5142787,regular
5142787,regular
5142787,regular
5142787,regular
5142787,regular
5088417,deviant
5146732,deviant
5150426,regular
5068064,regular
5068064,regular
5068064,regular
5068064,regular
5068064,regular
5068064,regular
5068064,regular
5068064,regular
5068064,regular
5068064,regular
5068064,regular
5068064,regular
5068064,regular
5068064,regular
5068064,regular
5068064,regular
5068064,regular
5068064,regular
5068064,regular
5068064,regular
5068064,regular
5068064,regular
5146732,deviant
5146732,deviant
5146732,deviant
5146732,deviant
5146732,deviant
5146732,deviant
5147333,regular
5147333,regular
5147333,regular
5147333,regular
5147333,regular
5147333,regular
5147333,regular
5045416,deviant
5128123,deviant
5150879,deviant
5152748,regular
5045416,deviant
5045416,deviant
5045416,deviant
5045416,deviant
5045416,deviant
5045416,deviant
5045416,deviant
5045416,deviant
4843933,deviant
5014157,deviant
5014615,regular
5043156,regular
5072018,regular
5122637,regular
5123049,regular
5150426,regular
5153986,deviant
5155440,deviant
5069582,regular
5069582,regular
5089370,regular
5089370,regular
5089370,regular
5089370,regular
5089370,regular
4551488,deviant
4551488,deviant
5089370,regular
5089370,regular
5089370,regular
5089370,regular
5089370,regular
5089370,regular
4551488,deviant
4551488,deviant
4551488,deviant
4551488,deviant
5089370,regular
5089370,regular
5089370,regular
5089370,regular
5089370,regular
5089370,regular
5089370,regular
5089370,regular
5089370,regular
5089370,regular
5089370,regular
5089370,regular
5089370,regular
5089370,regular
5089370,regular
5089370,regular
4551488,deviant
4551488,deviant
4551488,deviant
4551488,deviant
4551488,deviant
5150426,regular
5150426,regular
5150426,regular
5150426,regular
5150426,regular
5150426,regular
5069582,regular
5089370,regular
5156175,regular
5160343,regular
5008639,deviant
5008639,deviant
5008639,deviant
5008639,deviant
5118354,regular
5118354,regular
5118354,regular
5118354,regular
5118354,regular
5118354,regular
5118354,regular
5118354,regular
5118354,regular
5118354,regular
5118354,regular
5118354,regular
5118354,regular
5118354,regular
5118354,regular
5118354,regular
5118354,regular
5118354,regular
5118354,regular
5118354,regular
5118354,regular
5118354,regular
5118354,regular
5118354,regular
5118354,regular
5118354,regular
5118354,regular
5118354,regular
5118354,regular
5152748,regular
5152748,regular
5152748,regular
5152748,regular
5152748,regular
5152748,regular
5118354,regular
5118354,regular
5118354,regular
5118354,regular
5118354,regular
5118354,regular
5089370,regular
5089370,regular
5089370,regular
5089370,regular
5089370,regular
5089370,regular
5089370,regular
5089370,regular
5069582,regular
5069582,regular
5069582,regular
5069582,regular
5069582,regular
5069582,regular
5069582,regular
5069582,regular
5153986,deviant
5153986,deviant
5153986,deviant
5153986,deviant
5153986,deviant
5153986,deviant
5011624,regular
5156175,regular
5159927,regular
5162236,regular
5068064,regular
5068064,regular
5068064,regular
5068064,regular
5068064,regular
5068064,regular
5068064,regular
5089818,regular
5089818,regular
5089818,regular
5089818,regular
5089818,regular
5089818,regular
5089818,regular
5089818,regular
5089818,regular
5089818,regular
5089818,regular
5089818,regular
5089818,regular
5089818,regular
5089818,regular
5089818,regular
5089818,regular
5089818,regular
5089818,regular
5058511,regular
5058511,regular
5058511,regular
5058511,regular
5058511,regular
5155440,deviant
5155440,deviant
5155440,deviant
5155440,deviant
5155440,deviant
5155440,deviant
5150879,deviant
5150879,deviant
5150879,deviant
5150879,deviant
5058511,regular
5058511,regular
5058511,regular
5058511,regular
5058511,regular
5058511,regular
5058511,regular
5058511,regular
5058511,regular
5058511,regular
5058511,regular
5058511,regular
5058511,regular
5058511,regular
5058511,regular
5058511,regular
5058511,regular
5150879,deviant
5150879,deviant
5137685,regular
5137685,regular
5137685,regular
5137685,regular
5137685,regular
5137685,regular
5137685,regular
5137685,regular
5137685,regular
5137685,regular
5137685,regular
5137685,regular
5137685,regular
5137685,regular
5137685,regular
5137685,regular
5137685,regular
5137685,regular
5137685,regular
5137685,regular
5137685,regular
5137685,regular
5137685,regular
5137685,regular
5137685,regular
5156175,regular
5156175,regular
5156175,regular
5156175,regular
5137685,regular
5137685,regular
5137685,regular
5137685,regular
5137685,regular
5137685,regular
5137685,regular
5137685,regular
5137685,regular
5137685,regular
5137685,regular
5141904,deviant
5141904,deviant
5141904,deviant
5141904,deviant
5141904,deviant
5141904,deviant
5141904,deviant
5141904,deviant
5141904,deviant
5141904,deviant
5141904,deviant
5141904,deviant
5141904,deviant
5155440,deviant
5155440,deviant
5155440,deviant
5155440,deviant
5155440,deviant
5155440,deviant
5155440,deviant
5155440,deviant
5155440,deviant
5155440,deviant
5155440,deviant
5155440,deviant
5155440,deviant
5155440,deviant
5150879,deviant
5150879,deviant
5150879,deviant
5150879,deviant
5150879,deviant
5150879,deviant
5150879,deviant
5150879,deviant
5150879,deviant
5150879,deviant
5150879,deviant
5150879,deviant
5150879,deviant
5150879,deviant
5162676,regular
5089818,regular
5089818,regular
5089818,regular
5089818,regular
5089818,regular
5089818,regular
5089818,regular
5089818,regular
4530770,regular
4530770,regular
4530770,regular
4530770,regular
4530770,regular
5089818,regular
5089818,regular
5089818,regular
5156175,regular
5156175,regular
5156175,regular
5156175,regular
5156175,regular
5156175,regular
5156175,regular
5156175,regular
5156175,regular
5156175,regular
5156175,regular
5156175,regular
5156175,regular
5156175,regular
5156175,regular
5156175,regular
5156175,regular
5156175,regular
5156175,regular
5156175,regular
5156175,regular
5156175,regular
5156175,regular
5156175,regular
5156175,regular
5156175,regular
5156175,regular
5156175,regular
5156175,regular
5156175,regular
5156175,regular
5156175,regular
5156175,regular
5156175,regular
5156175,regular
5156175,regular
5156175,regular
5011624,regular
5011624,regular
5011624,regular
5011624,regular
5011624,regular
5011624,regular
5011624,regular
5011624,regular
5089818,regular
5089818,regular
5089818,regular
5089818,regular
5089818,regular
5089818,regular
5089818,regular
5089818,regular
5029317,regular
5029317,regular
5029317,regular
5029317,regular
5029317,regular
5029317,regular
5029317,regular
5029317,regular
5029317,regular
5029317,regular
5029317,regular
5159927,regular
5159927,regular
5159927,regular
5159927,regular
5159927,regular
5159927,regular
5160343,regular
5160343,regular
5160343,regular
5160343,regular
5160343,regular
5160343,regular
4986958,regular
5162236,regular
4551488,deviant
4986958,regular
5045416,deviant
5069582,regular
5089370,regular
5118354,regular
5162236,regular
5162236,regular
5162236,regular
5162236,regular
5162236,regular
5162236,regular
5162676,regular
5162676,regular
5162676,regular
5162676,regular
5162676,regular
5162676,regular
4874963,regular
4874963,regular
4874963,regular
4874963,regular
5070027,regular
5070027,regular
5131245,regular
5131245,regular
5131245,regular
5033767,regular
5033767,regular
5033767,regular
5033767,regular
5033767,regular
5033767,regular
5033767,regular
5033767,regular
5033767,regular
5033767,regular
5033767,regular
5033767,regular
5033767,regular
5033767,regular
5033767,regular
5033767,regular
5033767,regular
5033767,regular
5033767,regular
5033767,regular
5033767,regular
5033767,regular
5033767,regular
5033767,regular
5033767,regular
5075275,regular
5075275,regular
5075275,regular
5075275,regular
5075275,regular
5075275,regular
5075275,regular
5075275,regular
5075275,regular
5075275,regular
5075275,regular
5075275,regular
5075275,regular
5075275,regular
5075275,regular
5160343,regular
5160343,regular
5160343,regular
5160343,regular
5160343,regular
5160343,regular
5160343,regular
5160343,regular
5160343,regular
5160343,regular
5160343,regular
5160343,regular
5160343,regular
5160343,regular
5160343,regular
5160343,regular
5175345,deviant
5177318,regular
5033767,regular
5033767,regular
5159927,regular
5159927,regular
5159927,regular
5159927,regular
5159927,regular
5159927,regular
5159927,regular
5159927,regular
5159927,regular
5159927,regular
5159927,regular
5159927,regular
5159927,regular
5159927,regular
5159927,regular
5159927,regular
5159927,regular
5159927,regular
5159927,regular
5159927,regular
5159927,regular
5159927,regular
5159927,regular
5159927,regular
5159927,regular
5159927,regular
5159927,regular
5159927,regular
5159927,regular
5159927,regular
5159927,regular
5159927,regular
5159927,regular
5159927,regular
5159927,regular
5159927,regular
5028659,deviant
5028659,deviant
5028659,deviant
5028659,deviant
5028659,deviant
5028659,deviant
5028659,deviant
5028659,deviant
5028659,deviant
5028659,deviant
5028659,deviant
5028659,deviant
5028659,deviant
5028659,deviant
5028659,deviant
5028659,deviant
5028659,deviant
5028659,deviant
5028659,deviant
5028659,deviant
5028659,deviant
5028659,deviant
5141904,deviant
5141904,deviant
5141904,deviant
5141904,deviant
5141904,deviant
5141904,deviant
5141904,deviant
5141904,deviant
5141904,deviant
5141904,deviant
5141904,deviant
5141904,deviant
5141904,deviant
5141904,deviant
5141904,deviant
5141904,deviant
5141904,deviant
5141904,deviant
5141904,deviant
5141904,deviant
5141904,deviant
5141904,deviant
5141904,deviant
5141904,deviant
5141904,deviant
5141904,deviant
5162676,regular
5162676,regular
5162676,regular
5123461,regular
5123461,regular
5123461,regular
5080342,regular
5080342,regular
5080342,regular
5080342,regular
5080342,regular
5080342,regular
5080342,regular
5080342,regular
5080342,regular
5080342,regular
5080342,regular
5080342,regular
5080342,regular
5080342,regular
5080342,regular
5080342,regular
5080342,regular
3829589,deviant
5033767,regular
5175845,regular
5176841,regular
5141904,deviant
5141904,deviant
5141904,deviant
5141904,deviant
5141904,deviant
5141904,deviant
5141904,deviant
5141904,deviant
5033767,regular
5033767,regular
5033767,regular
5033767,regular
5033767,regular
5033767,regular
5033767,regular
5033767,regular
5152748,regular
5152748,regular
5152748,regular
5152748,regular
5152748,regular
5152748,regular
5152748,regular
5152748,regular
5152748,regular
5152748,regular
5152748,regular
5152748,regular
5152748,regular
5152748,regular
5152748,regular
5152748,regular
5152748,regular
5152748,regular
5152748,regular
5152748,regular
5152748,regular
5152748,regular
5152748,regular
5152748,regular
5136641,regular
5136641,regular
5136641,regular
5152748,regular
5152748,regular
5152748,regular
5142787,regular
5142787,regular
5142787,regular
5142787,regular
5142787,regular
5142787,regular
5142787,regular
5142787,regular
5142787,regular
5142787,regular
5142787,regular
5142787,regular
5142787,regular
5142787,regular
5142787,regular
5142787,regular
5142787,regular
5142787,regular
5142787,regular
5142787,regular
5142787,regular
5142787,regular
5142787,regular
5142787,regular
5142787,regular
5142787,regular
5142787,regular
5142787,regular
5082771,deviant
5142787,regular
5142787,regular
5142787,regular
5142787,regular
5142787,regular
5142787,regular
5142787,regular
5142787,regular
5152748,regular
5152748,regular
5152748,regular
5152748,regular
5152748,regular
5152748,regular
5152748,regular
5152748,regular
5152748,regular
5082771,deviant
5082771,deviant
5082771,deviant
5082771,deviant
5178325,deviant
5011624,regular
5029317,regular
5089818,regular
5137685,regular
5156175,regular
5175345,deviant
5177318,regular
5041218,regular
5041218,regular
5041218,regular
5041218,regular
5041218,regular
5041218,regular
5041218,regular
5041218,regular
5041218,regular
5041218,regular
5041218,regular
5041218,regular
5041218,regular
5042683,regular
5042683,regular
5042683,regular
5042683,regular
5042683,regular
5042683,regular
5042683,regular
5042683,regular
5042683,regular
5042683,regular
5042683,regular
5042683,regular
5042683,regular
5042683,regular
5042683,regular
5042683,regular
5042683,regular
5042683,regular
5042683,regular
5042683,regular
5042683,regular
5042683,regular
5042683,regular
5042683,regular
5042683,regular
5042683,regular
5042683,regular
5042683,regular
5042683,regular
5042683,regular
5042683,regular
5042683,regular
5042683,regular
5042683,regular
5042683,regular
5042683,regular
5042683,regular
5042683,regular
5042683,regular
5042683,regular
5042683,regular
5042683,regular
5042683,regular
5042683,regular
5042683,regular
5042683,regular
5042683,regular
5042683,regular
5042683,regular
5042683,regular
5042683,regular
5042683,regular
5041218,regular
5041218,regular
5041218,regular
5095673,regular
5095673,regular
5095673,regular
5095673,regular
5095673,regular
5095673,regular
5095673,regular
5095673,regular
5095673,regular
5095673,regular
5095673,regular
5095673,regular
5095673,regular
5095673,regular
5095673,regular
5095673,regular
5175345,deviant
5175345,deviant
5175345,deviant
5175345,deviant
5175345,deviant
5175345,deviant
5175845,regular
5175845,regular
5175845,regular
5175845,regular
5176841,regular
5176841,regular
5176841,regular
5176841,regular
5095673,regular
5095673,regular
5041218,regular
5041218,regular
5041218,regular
5041218,regular
5041218,regular
5041218,regular
5041218,regular
5041218,regular
5177318,regular
5177318,regular
5177318,regular
5177318,regular
5177318,regular
5177318,regular
5128123,deviant
5128123,deviant
5128123,deviant
5128123,deviant
5128123,deviant
5128123,deviant
5128123,deviant
5128123,deviant
5128123,deviant
5128123,deviant
5128123,deviant
5128123,deviant
5128123,deviant
5128123,deviant
5128123,deviant
5128123,deviant
5128123,deviant
5178325,deviant
5178325,deviant
5178325,deviant
5178325,deviant
5178325,deviant
5178325,deviant
5070498,regular
5178325,deviant
5123461,regular
5123461,regular
5123461,regular
5123461,regular
5123461,regular
5123461,regular
5123461,regular
5123461,regular
5123461,regular
5123461,regular
5123461,regular
5123461,regular
5123461,regular
5123461,regular
5123461,regular
5123461,regular
5123461,regular
5123461,regular
5123461,regular
5123461,regular
5123461,regular
5123461,regular
5070498,regular
5070498,regular
5070498,regular
5070498,regular
5070498,regular
5070498,regular
5123461,regular
5123461,regular
5007761,deviant
5007761,deviant
5007761,deviant
5007761,deviant
5007761,deviant
5007761,deviant
5175345,deviant
5175345,deviant
5175345,deviant
5175345,deviant
5175345,deviant
5175345,deviant
5175345,deviant
5175345,deviant
5175345,deviant
5175345,deviant
5175345,deviant
5175345,deviant
5175345,deviant
5178325,deviant
5178325,deviant
5178325,deviant
5178325,deviant
5178325,deviant
5178325,deviant
5178325,deviant
5178325,deviant
5178325,deviant
5178325,deviant
5178325,deviant
5178325,deviant
5178325,deviant
5176841,regular
5176841,regular
5176841,regular
5176841,regular
5176841,regular
5176841,regular
5176841,regular
5176841,regular
5176841,regular
5176841,regular
5176841,regular
5176841,regular
5176841,regular
5176841,regular
5176841,regular
5176841,regular
5176841,regular
5176841,regular
5176841,regular
5176841,regular
5176841,regular
5176841,regular
5176841,regular
5176841,regular
5176841,regular
5176841,regular
5176841,regular
5176841,regular
5176841,regular
5176841,regular
5176841,regular
5176841,regular
5176841,regular
5176841,regular
5176841,regular
5176841,regular
5175845,regular
5175845,regular
5175845,regular
5175845,regular
5175845,regular
5175845,regular
5175845,regular
5175845,regular
5175845,regular
5175845,regular
5175845,regular
5175845,regular
5175845,regular
5175845,regular
5175845,regular
5175845,regular
5175845,regular
5175845,regular
5175845,regular
5175845,regular
5175845,regular
5175845,regular
5175845,regular
5175845,regular
5175845,regular
5175845,regular
5175845,regular
5175845,regular
5175845,regular
5175845,regular
5175845,regular
5175845,regular
5175845,regular
5175845,regular
5175845,regular
5175845,regular
5184151,regular
5188409,regular
5068064,regular
5068064,regular
5068064,regular
5068064,regular
5068064,regular
5068064,regular
5068064,regular
5068064,regular
5068064,regular
5068064,regular
5068064,regular
5068064,regular
5068064,regular
5068064,regular
5068064,regular
5068064,regular
5068064,regular
5068064,regular
5068064,regular
5068064,regular
5068064,regular
5068064,regular
5068064,regular
5184151,regular
5184151,regular
5184151,regular
5184151,regular
5184151,regular
5184151,regular
5058511,regular
5058511,regular
5058511,regular
5058511,regular
5058511,regular
5058511,regular
5058511,regular
5058511,regular
5058511,regular
5058511,regular
5042683,regular
5042683,regular
5042683,regular
5042683,regular
5042683,regular
5042683,regular
5042683,regular
5042683,regular
5042683,regular
5042683,regular
5042683,regular
5068064,regular
5068064,regular
5187991,deviant
5189981,deviant
5033767,regular
5041218,regular
5058511,regular
5123461,regular
5141904,deviant
5142787,regular
5152748,regular
5159927,regular
5187991,deviant
5196272,regular
4438852,regular
4460190,deviant
3874236,deviant
3874236,deviant
5188409,regular
5188409,regular
5188409,regular
5188409,regular
4824351,regular
5068064,regular
5068064,regular
5192196,regular
5058511,regular
5058511,regular
5058511,regular
5058511,regular
5058511,regular
5058511,regular
5058511,regular
5058511,regular
5058511,regular
5058511,regular
5123461,regular
5123461,regular
5123461,regular
5123461,regular
5123461,regular
5123461,regular
5123461,regular
5123461,regular
5131245,regular
5131245,regular
5155440,deviant
5155440,deviant
5155440,deviant
5155440,deviant
5131245,regular
5192196,regular
5192196,regular
5192196,regular
5192196,regular
5192196,regular
5192196,regular
5082771,deviant
5082771,deviant
4984975,regular
5175345,deviant
5175345,deviant
5175345,deviant
5175345,deviant
5175345,deviant
5175345,deviant
5175345,deviant
5175345,deviant
5175345,deviant
5175345,deviant
5175345,deviant
4874963,regular
4874963,regular
4874963,regular
4874963,regular
4874963,regular
4874963,regular
4874963,regular
4874963,regular
4874963,regular
4874963,regular
4874963,regular
4874963,regular
4874963,regular
4874963,regular
4874963,regular
4874963,regular
5068064,regular
5068064,regular
4874963,regular
4874963,regular
5068064,regular
5068064,regular
5068064,regular
5068064,regular
5068064,regular
5196272,regular
5196272,regular
5196272,regular
5196272,regular
5196272,regular
5196272,regular
5162676,regular
5162676,regular
5124045,regular
5162676,regular
5162676,regular
5162676,regular
5162676,regular
5162676,regular
5162676,regular
5162676,regular
5162676,regular
5162676,regular
5162676,regular
5162676,regular
5162676,regular
5162676,regular
5162676,regular
5162676,regular
5162676,regular
5162676,regular
5162676,regular
5162676,regular
5162676,regular
5162676,regular
5162676,regular
4984975,regular
4984975,regular
5128123,deviant
5128123,deviant
5128123,deviant
5128123,deviant
5128123,deviant
5128123,deviant
5128123,deviant
5128123,deviant
5128123,deviant
5128123,deviant
5128123,deviant
5128123,deviant
5128123,deviant
5128123,deviant
5128123,deviant
5128123,deviant
5128123,deviant
5128123,deviant
5128123,deviant
5124045,regular
5124045,regular
5124045,regular
5124045,regular
5124045,regular
5124045,regular
5124045,regular
5124045,regular
5124045,regular
5124045,regular
5124045,regular
5124045,regular
5124045,regular
5124045,regular
5124045,regular
5124045,regular
5124045,regular
5124045,regular
5124045,regular
5124045,regular
5124045,regular
5124045,regular
5124045,regular
5128123,deviant
5128123,deviant
4984975,regular
5187991,deviant
5189981,deviant
5131245,regular
5131245,regular
5131245,regular
5131245,regular
5131245,regular
5131245,regular
5131245,regular
5153986,deviant
5153986,deviant
5153986,deviant
5153986,deviant
5153986,deviant
5153986,deviant
5153986,deviant
5153986,deviant
5153986,deviant
5153986,deviant
5153986,deviant
5153986,deviant
5153986,deviant
5153986,deviant
5189981,deviant
5189981,deviant
5189981,deviant
5189981,deviant
5189981,deviant
5189981,deviant
5189981,deviant
5189981,deviant
5189981,deviant
5189981,deviant
5189981,deviant
5189981,deviant
5189981,deviant
5177318,regular
5177318,regular
5177318,regular
5177318,regular
5177318,regular
5177318,regular
5177318,regular
5177318,regular
5177318,regular
5177318,regular
5177318,regular
5177318,regular
5177318,regular
5177318,regular
5177318,regular
5177318,regular
5177318,regular
5177318,regular
5177318,regular
5177318,regular
5177318,regular
5177318,regular
5177318,regular
5177318,regular
5142133,regular
5142133,regular
5142133,regular
5142133,regular
5142133,regular
5142133,regular
5142133,regular
5142133,regular
5142133,regular
5142133,regular
5142133,regular
5142133,regular
5142133,regular
5142133,regular
5142133,regular
5142133,regular
5142133,regular
5142133,regular
5142133,regular
5142133,regular
5142133,regular
5142133,regular
5142133,regular
5142133,regular
5142133,regular
5204844,deviant
4984975,regular
4984975,regular
4984975,regular
4984975,regular
4984975,regular
4984975,regular
4984975,regular
4984975,regular
5128123,deviant
5128123,deviant
5128123,deviant
5128123,deviant
5128123,deviant
5128123,deviant
5128123,deviant
5042683,regular
5058511,regular
5123461,regular
5128123,deviant
5128123,deviant
5175845,regular
5176841,regular
5205827,deviant
5210487,regular
5192196,regular
5192196,regular
5192196,regular
5192196,regular
5192196,regular
5192196,regular
5192196,regular
5192196,regular
5192196,regular
5192196,regular
5192196,regular
5192196,regular
5192196,regular
5192196,regular
5192196,regular
5192196,regular
5192196,regular
5192196,regular
5192196,regular
5192196,regular
5192196,regular
5192196,regular
5192196,regular
5192196,regular
5192196,regular
5192196,regular
5192196,regular
5192196,regular
5192196,regular
5192196,regular
5192196,regular
5192196,regular
5192196,regular
5192196,regular
5192196,regular
5124045,regular
5124045,regular
5124045,regular
5124045,regular
5124045,regular
5124045,regular
5124045,regular
5124045,regular
5124045,regular
5124045,regular
5124045,regular
5008639,deviant
5008639,deviant
5008639,deviant
5008639,deviant
5008639,deviant
5008639,deviant
5008639,deviant
5008639,deviant
5008639,deviant
4582095,regular
4582095,regular
4582095,regular
4582095,regular
4582095,regular
5162676,regular
5209651,deviant
4824351,regular
4824351,regular
4824351,regular
4824351,regular
4824351,regular
4824351,regular
4824351,regular
4824351,regular
4824351,regular
4824351,regular
4824351,regular
4824351,regular
4824351,regular
4824351,regular
4824351,regular
4824351,regular
4824351,regular
4824351,regular
4824351,regular
4824351,regular
4824351,regular
4824351,regular
4824351,regular
4824351,regular
4824351,regular
4824351,regular
4827129,regular
4827129,regular
4827129,regular
4827129,regular
4827129,regular
5204844,deviant
5204844,deviant
5204844,deviant
5204844,deviant
5184151,regular
5184151,regular
5184151,regular
5184151,regular
5184151,regular
5184151,regular
5184151,regular
5184151,regular
5184151,regular
5184151,regular
5184151,regular
5184151,regular
5184151,regular
5184151,regular
5184151,regular
5184151,regular
5184151,regular
5184151,regular
5184151,regular
5184151,regular
5184151,regular
5184151,regular
5184151,regular
5184151,regular
5184151,regular
5204844,deviant
5204844,deviant
4551488,deviant
5184151,regular
5184151,regular
5184151,regular
5184151,regular
5184151,regular
5184151,regular
5184151,regular
5184151,regular
5184151,regular
5184151,regular
5184151,regular
5205827,deviant
5205827,deviant
5205827,deviant
5205827,deviant
5205827,deviant
5205827,deviant
5008639,deviant
5008639,deviant
5008639,deviant
5008639,deviant
5008639,deviant
5008639,deviant
5008639,deviant
5008639,deviant
5008639,deviant
5008639,deviant
5008639,deviant
5008639,deviant
5177318,regular
5177318,regular
5177318,regular
5177318,regular
5177318,regular
5177318,regular
5177318,regular
5177318,regular
5177318,regular
5177318,regular
5177318,regular
5162676,regular
5162676,regular
5162676,regular
5162676,regular
5162676,regular
5162676,regular
5162676,regular
5162676,regular
5160343,regular
5160343,regular
5160343,regular
5160343,regular
5160343,regular
5160343,regular
5160343,regular
5160343,regular
5160343,regular
5088417,deviant
5088417,deviant
5088417,deviant
5088417,deviant
5088417,deviant
5088417,deviant
5088417,deviant
5088417,deviant
5088417,deviant
5088417,deviant
5088417,deviant
5088417,deviant
5088417,deviant
5088417,deviant
5088417,deviant
5088417,deviant
5160343,regular
5160343,regular
5146732,deviant
5146732,deviant
5146732,deviant
5146732,deviant
5146732,deviant
5146732,deviant
5146732,deviant
5146732,deviant
5146732,deviant
5146732,deviant
5146732,deviant
5146732,deviant
5146732,deviant
3874236,deviant
3874236,deviant
5160343,regular
5215743,regular
5221087,regular
5222205,regular
5036261,regular
5036261,regular
5036261,regular
5036261,regular
5036261,regular
5036261,regular
5036261,regular
5036261,regular
5036261,regular
5036261,regular
5036261,regular
5036261,regular
5036261,regular
5036261,regular
5036261,regular
5036261,regular
5036261,regular
5036261,regular
5036261,regular
5080342,regular
5080342,regular
5080342,regular
5080342,regular
5080342,regular
5080342,regular
5080342,regular
5080342,regular
5080342,regular
5080342,regular
5036261,regular
5036261,regular
5036261,regular
5080342,regular
5080342,regular
5036261,regular
5036261,regular
5036261,regular
5036261,regular
5036261,regular
5036261,regular
5036261,regular
5036261,regular
5209651,deviant
5209651,deviant
5209651,deviant
5209651,deviant
5209651,deviant
5209651,deviant
5075275,regular
5075275,regular
5075275,regular
5075275,regular
5075275,regular
5075275,regular
5075275,regular
5075275,regular
5075275,regular
5075275,regular
5075275,regular
5075275,regular
5075275,regular
5075275,regular
5075275,regular
5075275,regular
5075275,regular
5075275,regular
5160343,regular
5160343,regular
5155440,deviant
5155440,deviant
5155440,deviant
5155440,deviant
5155440,deviant
5155440,deviant
5155440,deviant
5155440,deviant
5155440,deviant
5155440,deviant
5155440,deviant
5155440,deviant
5155440,deviant
5155440,deviant
5155440,deviant
5155440,deviant
5155440,deviant
5155440,deviant
5155440,deviant
5155440,deviant
5155440,deviant
5155440,deviant
5155440,deviant
5160343,regular
5160343,regular
5160343,regular
5160343,regular
5160343,regular
5160343,regular
5155440,deviant
5155440,deviant
5155440,deviant
5155440,deviant
5155440,deviant
5155440,deviant
5155440,deviant
5175345,deviant
5175345,deviant
5175345,deviant
5175345,deviant
5175345,deviant
5175345,deviant
5175345,deviant
5175345,deviant
5175345,deviant
5175345,deviant
5175345,deviant
5175345,deviant
5175345,deviant
5175345,deviant
5175345,deviant
5175345,deviant
5178325,deviant
5178325,deviant
5178325,deviant
5178325,deviant
5178325,deviant
5178325,deviant
5178325,deviant
5178325,deviant
5178325,deviant
5178325,deviant
5178325,deviant
5178325,deviant
5178325,deviant
5178325,deviant
5178325,deviant
5178325,deviant
5178325,deviant
5178325,deviant
5178325,deviant
5178325,deviant
5178325,deviant
5178325,deviant
5178325,deviant
5178325,deviant
5178325,deviant
5178325,deviant
5178325,deviant
5082771,deviant
5082771,deviant
5082771,deviant
5082771,deviant
5082771,deviant
5082771,deviant
5082771,deviant
5082771,deviant
5082771,deviant
5082771,deviant
5082771,deviant
5082771,deviant
5082771,deviant
5082771,deviant
5082771,deviant
5082771,deviant
5082771,deviant
5082771,deviant
5082771,deviant
5082771,deviant
5082771,deviant
5082771,deviant
5082771,deviant
5082771,deviant
5082771,deviant
5082771,deviant
5082771,deviant
5082771,deviant
5082771,deviant
5082771,deviant
5204844,deviant
5204844,deviant
5204844,deviant
5204844,deviant
5204844,deviant
5204844,deviant
5204844,deviant
5204844,deviant
5204844,deviant
5204844,deviant
5204844,deviant
5205827,deviant
5205827,deviant
5205827,deviant
5205827,deviant
5205827,deviant
5205827,deviant
5205827,deviant
5205827,deviant
5205827,deviant
5205827,deviant
5205827,deviant
5205827,deviant
5205827,deviant
5080342,regular
5082771,deviant
5146732,deviant
5175345,deviant
5178325,deviant
5218659,regular
5224271,regular
4582095,regular
4582095,regular
5131245,regular
5131245,regular
5131245,regular
5131245,regular
5131245,regular
5131245,regular
5131245,regular
5131245,regular
5131245,regular
5131245,regular
5131245,regular
5131245,regular
5175345,deviant
5175345,deviant
5175345,deviant
5175345,deviant
5175345,deviant
5175345,deviant
3597315,regular
3597315,regular
4824351,regular
4824351,regular
4824351,regular
4824351,regular
5178325,deviant
5178325,deviant
5178325,deviant
5178325,deviant
5178325,deviant
5178325,deviant
5131245,regular
5131245,regular
5131245,regular
5082771,deviant
5082771,deviant
5082771,deviant
5082771,deviant
5082771,deviant
5082771,deviant
5082771,deviant
5082771,deviant
5082771,deviant
5082771,deviant
5082771,deviant
5162236,regular
5162236,regular
5162236,regular
5162236,regular
5162236,regular
5162236,regular
5162236,regular
5162236,regular
5162236,regular
5162236,regular
5162236,regular
5162236,regular
5162236,regular
5162236,regular
5162236,regular
5162236,regular
5162236,regular
5162236,regular
5162236,regular
5162236,regular
5162236,regular
5162236,regular
5162236,regular
5162236,regular
5162236,regular
5162236,regular
5162236,regular
5162236,regular
5162236,regular
5162236,regular
5162236,regular
5162236,regular
5162236,regular
5162236,regular
5162236,regular
5162236,regular
5080342,regular
5080342,regular
5080342,regular
5080342,regular
5080342,regular
5080342,regular
5080342,regular
5080342,regular
5215743,regular
5215743,regular
5215743,regular
5215743,regular
5215743,regular
5215743,regular
5008639,deviant
5008639,deviant
5224877,regular
5225326,deviant
4582095,regular
4582095,regular
4582095,regular
4582095,regular
4984975,regular
5068064,regular
5124045,regular
5128123,deviant
5142133,regular
5162236,regular
5162676,regular
5177318,regular
5184151,regular
5189981,deviant
5192196,regular
5221087,regular
5221087,regular
5229955,regular
5196272,regular
5196272,regular
5196272,regular
4535665,deviant
4535665,deviant
4535665,deviant
5196272,regular
5196272,regular
5196272,regular
5196272,regular
5196272,regular
5196272,regular
5142133,regular
5142133,regular
5142133,regular
5142133,regular
5196272,regular
5196272,regular
5142133,regular
5142133,regular
5196272,regular
5196272,regular
5142133,regular
5196272,regular
5196272,regular
5196272,regular
5196272,regular
5196272,regular
5196272,regular
5196272,regular
5196272,regular
5196272,regular
5196272,regular
5196272,regular
5196272,regular
5142133,regular
5142133,regular
5142133,regular
5142133,regular
5142133,regular
5142133,regular
5142133,regular
5142133,regular
5131245,regular
5131245,regular
5131245,regular
5131245,regular
5131245,regular
5131245,regular
5131245,regular
5131245,regular
5196272,regular
5196272,regular
5196272,regular
5008639,deviant
5008639,deviant
5008639,deviant
5008639,deviant
5008639,deviant
5008639,deviant
5008639,deviant
5008639,deviant
5147333,regular
5147333,regular
5147333,regular
5147333,regular
5147333,regular
5147333,regular
5147333,regular
5008639,deviant
5008639,deviant
5008639,deviant
5008639,deviant
5008639,deviant
5008639,deviant
5008639,deviant
5008639,deviant
5008639,deviant
5008639,deviant
5008639,deviant
5147333,regular
5008639,deviant
5008639,deviant
5008639,deviant
5008639,deviant
5008639,deviant
5221087,regular
5221087,regular
5221087,regular
5221087,regular
5150426,regular
5218659,regular
5218659,regular
5218659,regular
5150426,regular
5150426,regular
5150426,regular
5218659,regular
5150426,regular
5150426,regular
5150426,regular
5150426,regular
5150426,regular
5150426,regular
5150426,regular
5150426,regular
5150426,regular
5150426,regular
5150426,regular
5150426,regular
5150426,regular
5150426,regular
5150426,regular
5150426,regular
5150426,regular
5150426,regular
5150426,regular
5150426,regular
5150426,regular
5222205,regular
5222205,regular
5222205,regular
5222205,regular
5222205,regular
5222205,regular
5150426,regular
5232366,deviant
5224271,regular
5224271,regular
5224271,regular
5224271,regular
5224271,regular
5224271,regular
5136641,regular
5136641,regular
5136641,regular
5136641,regular
5136641,regular
5136641,regular
5224877,regular
5224877,regular
5224877,regular
5224877,regular
5224877,regular
5224877,regular
5136641,regular
5136641,regular
5136641,regular
5136641,regular
5136641,regular
5136641,regular
5136641,regular
5136641,regular
5136641,regular
5136641,regular
5136641,regular
5136641,regular
5225326,deviant
5225326,deviant
5225326,deviant
5225326,deviant
5225326,deviant
5225326,deviant
5162236,regular
5162236,regular
5162236,regular
5136641,regular
5136641,regular
5136641,regular
5136641,regular
5162236,regular
5162236,regular
5162236,regular
5162236,regular
5162236,regular
5162236,regular
5162236,regular
5162236,regular
5136641,regular
5136641,regular
5136641,regular
5136641,regular
5136641,regular
5136641,regular
5136641,regular
5136641,regular
5136641,regular
5136641,regular
5196272,regular
5196272,regular
5196272,regular
5196272,regular
5196272,regular
5196272,regular
5196272,regular
5196272,regular
5088417,deviant
5088417,deviant
5088417,deviant
5088417,deviant
5231731,regular
5235357,regular
5237188,deviant
4811519,deviant
4811519,deviant
4811519,deviant
4811519,deviant
4811519,deviant
4811519,deviant
4811519,deviant
4811519,deviant
4811519,deviant
4811519,deviant
4811519,deviant
4811519,deviant
4811519,deviant
4811519,deviant
4811519,deviant
4811519,deviant
4811519,deviant
4811519,deviant
4811519,deviant
4811519,deviant
4811519,deviant
4811519,deviant
4811519,deviant
4811519,deviant
4811519,deviant
4811519,deviant
4811519,deviant
4811519,deviant
4811519,deviant
4811519,deviant
4811519,deviant
4811519,deviant
4811519,deviant
4811519,deviant
4811519,deviant
4811519,deviant
4811519,deviant
4811519,deviant
4811519,deviant
4811519,deviant
4811519,deviant
4811519,deviant
4811519,deviant
4811519,deviant
4811519,deviant
4811519,deviant
4811519,deviant
4811519,deviant
4811519,deviant
4811519,deviant
4811519,deviant
5205827,deviant
5205827,deviant
5205827,deviant
5205827,deviant
5205827,deviant
5205827,deviant
5205827,deviant
5205827,deviant
5205827,deviant
5205827,deviant
5205827,deviant
5205827,deviant
5205827,deviant
5205827,deviant
5205827,deviant
5205827,deviant
5205827,deviant
5205827,deviant
5205827,deviant
5205827,deviant
5205827,deviant
5205827,deviant
5205827,deviant
5205827,deviant
5205827,deviant
5205827,deviant
5205827,deviant
5205827,deviant
5205827,deviant
5205827,deviant
5205827,deviant
5205827,deviant
5205827,deviant
5205827,deviant
5205827,deviant
5229955,regular
5229955,regular
5229955,regular
5229955,regular
5229955,regular
5229955,regular
5150426,regular
5150426,regular
5150426,regular
5150426,regular
5150426,regular
5150426,regular
5150426,regular
5150426,regular
5088417,deviant
5088417,deviant
5088417,deviant
5088417,deviant
5088417,deviant
5088417,deviant
5095673,regular
5239571,regular
5231731,regular
5231731,regular
5231731,regular
5231731,regular
5231731,regular
5231731,regular
5232366,deviant
5232366,deviant
5232366,deviant
5232366,deviant
5232366,deviant
5232366,deviant
5095673,regular
5095673,regular
5095673,regular
5095673,regular
5095673,regular
5095673,regular
5095673,regular
5095673,regular
5235357,regular
5235357,regular
5235357,regular
5235357,regular
5237188,deviant
5240318,deviant
4811519,deviant
5008639,deviant
5036261,regular
5080342,regular
5082771,deviant
5131245,regular
5142133,regular
5155440,deviant
5160343,regular
5162236,regular
5175345,deviant
5178325,deviant
5196272,regular
5205827,deviant
5239571,regular
5243692,regular
5244091,regular
5245298,regular
4811519,deviant
4811519,deviant
4811519,deviant
4811519,deviant
4811519,deviant
4811519,deviant
4811519,deviant
5240318,deviant
5240318,deviant
5240318,deviant
5240318,deviant
5240318,deviant
5240318,deviant
4990407,deviant
4990407,deviant
4990407,deviant
4990407,deviant
4990407,deviant
4990407,deviant
4990407,deviant
4990407,deviant
4990407,deviant
4990407,deviant
4990407,deviant
4990407,deviant
4990407,deviant
4990407,deviant
4990407,deviant
4990407,deviant
4990407,deviant
5245937,regular
4990407,deviant
4990407,deviant
4990407,deviant
4990407,deviant
4990407,deviant
4990407,deviant
4990407,deviant
4990407,deviant
4990407,deviant
4990407,deviant
4990407,deviant
4990407,deviant
5146732,deviant
5146732,deviant
5146732,deviant
5244091,regular
5245298,regular
5249275,regular
5189981,deviant
5189981,deviant
5189981,deviant
5189981,deviant
5189981,deviant
5189981,deviant
5189981,deviant
5189981,deviant
5189981,deviant
5189981,deviant
5189981,deviant
5189981,deviant
5189981,deviant
5189981,deviant
5244091,regular
5244091,regular
5244091,regular
5244091,regular
5244091,regular
5244091,regular
5245298,regular
5245298,regular
5245298,regular
5245298,regular
5243692,regular
5243692,regular
5243692,regular
5243692,regular
5243692,regular
5243692,regular
5243692,regular
5243692,regular
5243692,regular
5243692,regular
5243692,regular
5243692,regular
5243692,regular
5243692,regular
5243692,regular
5243692,regular
5243692,regular
5243692,regular
5243692,regular
5243692,regular
5243692,regular
5243692,regular
5243692,regular
5243692,regular
5243692,regular
5243692,regular
5243692,regular
5243692,regular
5243692,regular
5245298,regular
5245298,regular
5243692,regular
5243692,regular
5243692,regular
5243692,regular
5243692,regular
5243692,regular
5243692,regular
5243692,regular
5243692,regular
5224271,regular
5224271,regular
5224271,regular
5224271,regular
5224271,regular
5224271,regular
5224271,regular
5224271,regular
5224271,regular
5224271,regular
5224271,regular
5224271,regular
5224271,regular
5224271,regular
5224271,regular
5224271,regular
5224271,regular
5224271,regular
5224271,regular
5224271,regular
5224271,regular
5224271,regular
5224271,regular
5224271,regular
5224271,regular
5224271,regular
5224271,regular
5224271,regular
5224271,regular
5224877,regular
5224877,regular
5224877,regular
5224877,regular
5224877,regular
5224877,regular
5224877,regular
5224877,regular
5224877,regular
5224877,regular
5224877,regular
5224877,regular
5224877,regular
5224877,regular
5224877,regular
5224877,regular
5224877,regular
5224877,regular
5224877,regular
5224877,regular
5224877,regular
5224877,regular
5224877,regular
5224877,regular
5224877,regular
5224877,regular
5224877,regular
5224877,regular
5224877,regular
4811519,deviant
5245937,regular
5249259,regular
5224877,regular
5224877,regular
5224877,regular
5224877,regular
5224877,regular
5224877,regular
5224271,regular
5224271,regular
5224271,regular
5224271,regular
5224271,regular
5224271,regular
5224271,regular
5150879,deviant
5150879,deviant
5150879,deviant
5150879,deviant
4822551,regular
4822551,regular
4822551,regular
5243692,regular
5243692,regular
5222205,regular
5222205,regular
5222205,regular
5222205,regular
5222205,regular
5222205,regular
5222205,regular
5222205,regular
5222205,regular
5222205,regular
5222205,regular
5222205,regular
5222205,regular
5222205,regular
5222205,regular
5222205,regular
5222205,regular
5222205,regular
5222205,regular
5222205,regular
5222205,regular
5222205,regular
5222205,regular
5222205,regular
5222205,regular
5222205,regular
5222205,regular
5222205,regular
5222205,regular
5222205,regular
5222205,regular
5222205,regular
5222205,regular
5222205,regular
5249275,regular
5249275,regular
5249275,regular
5249275,regular
5249259,regular
5249259,regular
5249259,regular
5249259,regular
5249275,regular
5249275,regular
5249259,regular
4811519,deviant
4990407,deviant
5095673,regular
5150426,regular
5209651,deviant
5222205,regular
5222205,regular
5225326,deviant
5232366,deviant
5249259,regular
5257675,deviant
4874963,regular
4874963,regular
4874963,regular
4874963,regular
4874963,regular
4874963,regular
4874963,regular
5215743,regular
5215743,regular
5215743,regular
5215743,regular
5215743,regular
5215743,regular
5215743,regular
5215743,regular
5215743,regular
5215743,regular
5215743,regular
5215743,regular
5215743,regular
5215743,regular
5215743,regular
5215743,regular
5215743,regular
5215743,regular
5215743,regular
5215743,regular
5215743,regular
5215743,regular
5215743,regular
5215743,regular
5215743,regular
5225326,deviant
5225326,deviant
5225326,deviant
5225326,deviant
5225326,deviant
5225326,deviant
5225326,deviant
5225326,deviant
5225326,deviant
5225326,deviant
5225326,deviant
5215743,regular
5215743,regular
5215743,regular
5209651,deviant
5209651,deviant
5209651,deviant
5209651,deviant
5209651,deviant
5209651,deviant
5209651,deviant
5209651,deviant
5209651,deviant
5209651,deviant
5209651,deviant
5232366,deviant
5232366,deviant
5232366,deviant
5232366,deviant
5232366,deviant
5232366,deviant
5232366,deviant
5232366,deviant
5232366,deviant
5232366,deviant
5232366,deviant
4822551,regular
4822551,regular
4822551,regular
4822551,regular
4822551,regular
4822551,regular
4822551,regular
4822551,regular
4822551,regular
4822551,regular
4822551,regular
4822551,regular
4822551,regular
4822551,regular
4822551,regular
4822551,regular
4822551,regular
4822551,regular
4822551,regular
5215743,regular
5215743,regular
5215743,regular
5215743,regular
5215743,regular
5215743,regular
5215743,regular
5215743,regular
5136641,regular
5136641,regular
5257675,deviant
5263704,regular
5264555,deviant
5264592,regular
5235357,regular
5235357,regular
5235357,regular
5235357,regular
5235357,regular
5235357,regular
5235357,regular
5235357,regular
5235357,regular
5235357,regular
5235357,regular
5235357,regular
5235357,regular
5235357,regular
5235357,regular
5235357,regular
5235357,regular
5235357,regular
5235357,regular
5235357,regular
5235357,regular
5235357,regular
5235357,regular
5235357,regular
5235357,regular
5235357,regular
5235357,regular
5235357,regular
5235357,regular
5150879,deviant
5150879,deviant
5150879,deviant
5150879,deviant
5150879,deviant
5150879,deviant
5150879,deviant
5150879,deviant
5150879,deviant
5150879,deviant
5150879,deviant
5150879,deviant
5150879,deviant
5150879,deviant
5150879,deviant
5150879,deviant
5150879,deviant
5150879,deviant
5150879,deviant
5150879,deviant
5150879,deviant
5150879,deviant
5240318,deviant
5240318,deviant
5240318,deviant
5240318,deviant
5240318,deviant
5240318,deviant
5240318,deviant
5240318,deviant
5240318,deviant
5240318,deviant
5240318,deviant
5257675,deviant
5257675,deviant
5257675,deviant
5257675,deviant
5257675,deviant
5257675,deviant
5240318,deviant
5240318,deviant
5240318,deviant
5136641,regular
5136641,regular
5136641,regular
5136641,regular
5136641,regular
5136641,regular
5136641,regular
5136641,regular
5136641,regular
5263495,deviant
5265774,regular
5290338,deviant
3221649,regular
3221649,regular
3221649,regular
3221649,regular
3221649,regular
3221649,regular
3221649,regular
3221649,regular
3221649,regular
3221649,regular
3221649,regular
3221649,regular
3221649,regular
3221649,regular
3221649,regular
3221649,regular
3221649,regular
3221649,regular
3221649,regular
3221649,regular
3221649,regular
3221649,regular
3221649,regular
3221649,regular
3221649,regular
3221649,regular
5150879,deviant
5150879,deviant
5150879,deviant
5150879,deviant
5150879,deviant
5150879,deviant
5150879,deviant
5150879,deviant
5240318,deviant
5240318,deviant
5240318,deviant
5290118,regular
5263704,regular
5263704,regular
5263704,regular
5263704,regular
5263704,regular
5263704,regular
5263495,deviant
5263495,deviant
5263495,deviant
5263495,deviant
5263495,deviant
5263495,deviant
5264592,regular
5264592,regular
5264592,regular
5264592,regular
5264592,regular
5264592,regular
5264555,deviant
5264555,deviant
5264555,deviant
5264555,deviant
5264555,deviant
5264555,deviant
5265774,regular
5265774,regular
5265774,regular
5265774,regular
5265774,regular
5265774,regular
4822551,regular
5210487,regular
5215743,regular
5222205,regular
5224271,regular
5224877,regular
5235357,regular
5237188,deviant
5243692,regular
4551488,deviant
4551488,deviant
5070027,regular
5070027,regular
5070027,regular
5070027,regular
5070027,regular
5070027,regular
5070027,regular
5070027,regular
5070027,regular
5070027,regular
5070027,regular
5070027,regular
5070027,regular
5070027,regular
5070027,regular
5070027,regular
5070027,regular
5070027,regular
5070027,regular
5070027,regular
5070027,regular
5070027,regular
5070027,regular
5070027,regular
5070027,regular
5070027,regular
5070027,regular
5070027,regular
5070027,regular
5070027,regular
5070027,regular
5070027,regular
5070027,regular
5070027,regular
5070027,regular
5070027,regular
5070027,regular
5070027,regular
5070027,regular
5070027,regular
5070027,regular
5070027,regular
5249259,regular
5249259,regular
5249259,regular
5235357,regular
5235357,regular
5235357,regular
5235357,regular
5235357,regular
5235357,regular
5235357,regular
5235357,regular
5290338,deviant
5290338,deviant
5290338,deviant
5290338,deviant
5290338,deviant
5290338,deviant
4843933,deviant
4843933,deviant
4986958,regular
4986958,regular
4986958,regular
4986958,regular
4986958,regular
4986958,regular
4986958,regular
4986958,regular
4986958,regular
4986958,regular
4986958,regular
4986958,regular
4986958,regular
4986958,regular
4986958,regular
4986958,regular
4986958,regular
5290118,regular
5290118,regular
5290118,regular
5290118,regular
5290118,regular
5290118,regular
5070027,regular
5305610,regular
5189981,deviant
5189981,deviant
5189981,deviant
5189981,deviant
5189981,deviant
5189981,deviant
5189981,deviant
5189981,deviant
5189981,deviant
5189981,deviant
5189981,deviant
5189981,deviant
5189981,deviant
5189981,deviant
5189981,deviant
5189981,deviant
5189981,deviant
5189981,deviant
5070027,regular
5070027,regular
5070027,regular
5070027,regular
5070027,regular
5070027,regular
5070027,regular
5070027,regular
5264555,deviant
5311503,regular
3221649,regular
3221649,regular
3221649,regular
3221649,regular
3221649,regular
3221649,regular
3221649,regular
3221649,regular
3221649,regular
3221649,regular
3221649,regular
3221649,regular
4874963,regular
4874963,regular
3221649,regular
3221649,regular
3221649,regular
3221649,regular
3221649,regular
3221649,regular
3221649,regular
3221649,regular
3221649,regular
3221649,regular
3221649,regular
3221649,regular
3221649,regular
3221649,regular
3221649,regular
3221649,regular
3221649,regular
3221649,regular
3221649,regular
5290338,deviant
5290338,deviant
5290338,deviant
5290338,deviant
5290338,deviant
5290338,deviant
5290338,deviant
5290338,deviant
5290338,deviant
5290338,deviant
3221649,regular
3221649,regular
3221649,regular
5290338,deviant
5290338,deviant
5290338,deviant
5264555,deviant
5264555,deviant
5264555,deviant
5264555,deviant
5264555,deviant
5264555,deviant
5264555,deviant
5264555,deviant
5264555,deviant
5264555,deviant
4874963,regular
4874963,regular
4986958,regular
4986958,regular
4986958,regular
4986958,regular
4986958,regular
4986958,regular
4986958,regular
4986958,regular
4986958,regular
5315730,deviant
3221649,regular
5070027,regular
5136641,regular
5150879,deviant
5189981,deviant
5189981,deviant
5235357,regular
5245937,regular
5311503,regular
5322403,regular
5322853,regular
5311503,regular
5311503,regular
5311503,regular
5311503,regular
5315730,deviant
5315730,deviant
5315730,deviant
5315730,deviant
5189981,deviant
5221087,regular
5323367,deviant
4874963,regular
4874963,regular
4874963,regular
4874963,regular
4874963,regular
4874963,regular
4874963,regular
4874963,regular
4874963,regular
4874963,regular
4874963,regular
4874963,regular
5209651,deviant
5209651,deviant
5209651,deviant
5209651,deviant
5209651,deviant
5209651,deviant
5209651,deviant
5209651,deviant
5209651,deviant
5209651,deviant
5209651,deviant
5209651,deviant
5209651,deviant
5209651,deviant
5209651,deviant
5209651,deviant
5209651,deviant
5209651,deviant
5209651,deviant
5209651,deviant
5209651,deviant
5209651,deviant
5209651,deviant
5209651,deviant
5209651,deviant
5209651,deviant
5209651,deviant
5209651,deviant
5209651,deviant
5209651,deviant
5231731,regular
5231731,regular
5231731,regular
5231731,regular
5231731,regular
5231731,regular
5231731,regular
5231731,regular
5231731,regular
5231731,regular
5231731,regular
5231731,regular
5231731,regular
5231731,regular
5231731,regular
5231731,regular
5231731,regular
5231731,regular
5231731,regular
5231731,regular
5231731,regular
5231731,regular
5231731,regular
5231731,regular
5231731,regular
5231731,regular
5231731,regular
5231731,regular
5231731,regular
5232366,deviant
5232366,deviant
5232366,deviant
5232366,deviant
5232366,deviant
5232366,deviant
5232366,deviant
5232366,deviant
5232366,deviant
5232366,deviant
5232366,deviant
5232366,deviant
5232366,deviant
5232366,deviant
5232366,deviant
5232366,deviant
5232366,deviant
5232366,deviant
5232366,deviant
5232366,deviant
5232366,deviant
5232366,deviant
5232366,deviant
5232366,deviant
5232366,deviant
5232366,deviant
5232366,deviant
5232366,deviant
5232366,deviant
5232366,deviant
4874963,regular
4874963,regular
4874963,regular
4874963,regular
5232366,deviant
5232366,deviant
5232366,deviant
5232366,deviant
5232366,deviant
5232366,deviant
5231731,regular
5231731,regular
5231731,regular
5231731,regular
5231731,regular
5231731,regular
5231731,regular
5209651,deviant
5209651,deviant
5209651,deviant
5209651,deviant
5209651,deviant
5209651,deviant
5244091,regular
5244091,regular
5244091,regular
5244091,regular
5244091,regular
5244091,regular
5244091,regular
5244091,regular
5244091,regular
5244091,regular
5244091,regular
5244091,regular
5244091,regular
5244091,regular
5244091,regular
5244091,regular
5244091,regular
5244091,regular
5244091,regular
5244091,regular
5244091,regular
5244091,regular
5244091,regular
5244091,regular
5189981,deviant
5189981,deviant
5189981,deviant
5189981,deviant
5189981,deviant
5189981,deviant
5189981,deviant
5189981,deviant
5189981,deviant
5189981,deviant
5257675,deviant
5327304,regular
5339751,regular
5341662,regular
5322403,regular
5322403,regular
5322403,regular
5322403,regular
5322403,regular
5322403,regular
5322853,regular
5322853,regular
5322853,regular
5322853,regular
5322853,regular
5322853,regular
5323367,deviant
5323367,deviant
5323367,deviant
5323367,deviant
5323367,deviant
5323367,deviant
5257675,deviant
5257675,deviant
5257675,deviant
5257675,deviant
5257675,deviant
5257675,deviant
5257675,deviant
5257675,deviant
5257675,deviant
5257675,deviant
5257675,deviant
5257675,deviant
5245298,regular
5341025,regular
5342610,deviant
5240318,deviant
5245298,regular
5245298,regular
5245298,regular
5245298,regular
5245298,regular
5245298,regular
5245298,regular
5245298,regular
5245298,regular
5245298,regular
5245298,regular
5245298,regular
5245298,regular
5245298,regular
5245298,regular
5245298,regular
5245298,regular
5245298,regular
5245298,regular
5245298,regular
5245298,regular
5245298,regular
5245298,regular
5245298,regular
5263495,deviant
5263495,deviant
5263495,deviant
5263495,deviant
5263495,deviant
5263495,deviant
5263495,deviant
5263495,deviant
5263495,deviant
5263495,deviant
5263495,deviant
5263495,deviant
5263495,deviant
5263495,deviant
5327304,regular
5327304,regular
5327304,regular
5327304,regular
5327304,regular
5327304,regular
5341515,regular
5245937,regular
5245937,regular
5245937,regular
5245937,regular
5245937,regular
5245937,regular
5245937,regular
5245937,regular
5245937,regular
5245937,regular
5245937,regular
5245937,regular
5245937,regular
5245937,regular
5245937,regular
5245937,regular
5245937,regular
5245937,regular
5245937,regular
5245937,regular
5245937,regular
5245937,regular
5245937,regular
5245937,regular
5245937,regular
5245937,regular
5245937,regular
5245937,regular
5245937,regular
5245937,regular
5245937,regular
5245937,regular
5245298,regular
5245298,regular
5245298,regular
5245298,regular
5245298,regular
5245298,regular
5245298,regular
5245298,regular
5245298,regular
5245298,regular
4874963,regular
4986958,regular
5189981,deviant
5209651,deviant
5231731,regular
5232366,deviant
5290338,deviant
5290338,deviant
5343331,regular
5311503,regular
5311503,regular
5311503,regular
5311503,regular
5311503,regular
5311503,regular
5311503,regular
5225326,deviant
5225326,deviant
5225326,deviant
5225326,deviant
5225326,deviant
5225326,deviant
5225326,deviant
5225326,deviant
5225326,deviant
5225326,deviant
5225326,deviant
5225326,deviant
5225326,deviant
5225326,deviant
5225326,deviant
5225326,deviant
5225326,deviant
5225326,deviant
5225326,deviant
5225326,deviant
5225326,deviant
5225326,deviant
5225326,deviant
5225326,deviant
5225326,deviant
5225326,deviant
5225326,deviant
5225326,deviant
5315730,deviant
5315730,deviant
5315730,deviant
5315730,deviant
5315730,deviant
5315730,deviant
5315730,deviant
5315730,deviant
5315730,deviant
5315730,deviant
5315730,deviant
5315730,deviant
5290338,deviant
5290338,deviant
5290338,deviant
5290338,deviant
5290338,deviant
5290338,deviant
5290338,deviant
5290338,deviant
5290338,deviant
5290338,deviant
5290338,deviant
5290338,deviant
5290338,deviant
5290338,deviant
5290338,deviant
5290338,deviant
5290338,deviant
5290338,deviant
5290338,deviant
5290338,deviant
5290338,deviant
5290338,deviant
5290338,deviant
5290338,deviant
5290338,deviant
5290338,deviant
5290338,deviant
5290338,deviant
5290338,deviant
5204844,deviant
5204844,deviant
5204844,deviant
5204844,deviant
5204844,deviant
5204844,deviant
5204844,deviant
5204844,deviant
5204844,deviant
5204844,deviant
5204844,deviant
5204844,deviant
5204844,deviant
5204844,deviant
5204844,deviant
5204844,deviant
5204844,deviant
5204844,deviant
5204844,deviant
5204844,deviant
5204844,deviant
5204844,deviant
5204844,deviant
5204844,deviant
5204844,deviant
5204844,deviant
5204844,deviant
5204844,deviant
5204844,deviant
5244091,regular
5244091,regular
5244091,regular
5244091,regular
5244091,regular
5290338,deviant
5290338,deviant
5290338,deviant
5244091,regular
5244091,regular
5244091,regular
5244091,regular
5244091,regular
5244091,regular
5240318,deviant
5240318,deviant
5240318,deviant
5240318,deviant
5240318,deviant
5240318,deviant
5240318,deviant
5240318,deviant
5240318,deviant
5240318,deviant
5240318,deviant
5240318,deviant
5240318,deviant
5240318,deviant
5240318,deviant
5240318,deviant
5240318,deviant
5240318,deviant
5240318,deviant
5146732,deviant
5146732,deviant
5146732,deviant
5146732,deviant
5060779,regular
5060779,regular
5060779,regular
5060779,regular
5060779,regular
5060779,regular
5060779,regular
5060779,regular
5060779,regular
5060779,regular
5060779,regular
5060779,regular
5060779,regular
5060779,regular
5060779,regular
5060779,regular
5060779,regular
5060779,regular
5060779,regular
5060779,regular
5060779,regular
5060779,regular
5240318,deviant
5240318,deviant
5240318,deviant
5339751,regular
5339751,regular
5339751,regular
5339751,regular
5339751,regular
5339751,regular
5290338,deviant
5290338,deviant
5290338,deviant
5290338,deviant
5290338,deviant
5290338,deviant
5237188,deviant
5237188,deviant
5237188,deviant
5237188,deviant
5237188,deviant
5237188,deviant
5237188,deviant
5237188,deviant
5237188,deviant
5237188,deviant
5237188,deviant
5237188,deviant
5237188,deviant
5237188,deviant
5237188,deviant
5237188,deviant
5237188,deviant
5237188,deviant
5237188,deviant
5237188,deviant
5237188,deviant
5237188,deviant
5237188,deviant
5237188,deviant
5237188,deviant
5237188,deviant
5237188,deviant
5237188,deviant
5237188,deviant
5237188,deviant
5237188,deviant
5237188,deviant
5237188,deviant
5237188,deviant
5204844,deviant
5204844,deviant
5204844,deviant
5204844,deviant
5204844,deviant
5204844,deviant
5204844,deviant
5204844,deviant
5237188,deviant
5237188,deviant
5237188,deviant
5225326,deviant
5225326,deviant
5225326,deviant
5225326,deviant
5225326,deviant
5225326,deviant
5225326,deviant
5225326,deviant
5341025,regular
5341025,regular
5341025,regular
5341025,regular
5341025,regular
5341025,regular
5341662,regular
5341662,regular
5341662,regular
5341662,regular
5341662,regular
5341662,regular
5342610,deviant
5342610,deviant
5342610,deviant
5342610,deviant
5342610,deviant
5342610,deviant
5343331,regular
5343331,regular
5343331,regular
5343331,regular
5343331,regular
5343331,regular
5210487,regular
5341515,regular
5341515,regular
5341515,regular
5341515,regular
5210487,regular
5210487,regular
5210487,regular
5210487,regular
5210487,regular
5210487,regular
5210487,regular
5210487,regular
5210487,regular
5210487,regular
5210487,regular
5210487,regular
5210487,regular
5210487,regular
5210487,regular
5210487,regular
5210487,regular
5210487,regular
5210487,regular
5210487,regular
5210487,regular
5210487,regular
5210487,regular
5210487,regular
5210487,regular
5210487,regular
5210487,regular
5210487,regular
5210487,regular
5210487,regular
5210487,regular
5210487,regular
5210487,regular
5210487,regular
5210487,regular
5210487,regular
5210487,regular
5210487,regular
5210487,regular
5210487,regular
5210487,regular
5210487,regular
5210487,regular
5210487,regular
5210487,regular
5210487,regular
5210487,regular
5210487,regular
5210487,regular
5240318,deviant
5240318,deviant
5240318,deviant
5240318,deviant
5240318,deviant
5240318,deviant
5240318,deviant
5240318,deviant
5210487,regular
5311503,regular
5311503,regular
5358407,regular
5366083,regular
5210487,regular
5210487,regular
5210487,regular
5210487,regular
5210487,regular
5210487,regular
5210487,regular
5210487,regular
5210487,regular
5311503,regular
5311503,regular
5311503,regular
5311503,regular
5311503,regular
5311503,regular
5311503,regular
5311503,regular
5311503,regular
5311503,regular
5311503,regular
5311503,regular
5311503,regular
5311503,regular
5311503,regular
5311503,regular
5311503,regular
5311503,regular
5311503,regular
5311503,regular
5311503,regular
5311503,regular
5311503,regular
5311503,regular
5311503,regular
5311503,regular
5311503,regular
5311503,regular
5311503,regular
5311503,regular
5311503,regular
5364697,deviant
5367219,regular
5315730,deviant
5315730,deviant
5315730,deviant
5315730,deviant
5245298,regular
5362812,deviant
5060779,regular
5204844,deviant
5225326,deviant
5244091,regular
5369524,deviant
5370780,regular
5373262,regular
5221087,regular
5221087,regular
5221087,regular
5221087,regular
5221087,regular
5221087,regular
5221087,regular
5221087,regular
5221087,regular
5221087,regular
5221087,regular
5221087,regular
5221087,regular
5221087,regular
5221087,regular
5221087,regular
5221087,regular
5221087,regular
5221087,regular
5221087,regular
5221087,regular
5221087,regular
5221087,regular
5221087,regular
5221087,regular
5221087,regular
5221087,regular
5221087,regular
5221087,regular
5221087,regular
5221087,regular
5221087,regular
5221087,regular
5362812,deviant
5362812,deviant
5362812,deviant
5362812,deviant
5362812,deviant
5362812,deviant
5380205,regular
5263495,deviant
5263495,deviant
5263495,deviant
5342610,deviant
5342610,deviant
5342610,deviant
5342610,deviant
5342610,deviant
5364697,deviant
5364697,deviant
5364697,deviant
5364697,deviant
5364697,deviant
5364697,deviant
5342610,deviant
5342610,deviant
5366083,regular
5366083,regular
5366083,regular
5366083,regular
5366083,regular
5366083,regular
5342610,deviant
5342610,deviant
5342610,deviant
5342610,deviant
5367219,regular
5367219,regular
5367219,regular
5367219,regular
5367219,regular
5367219,regular
5362812,deviant
5382350,regular
5384953,regular
5388764,regular
5362812,deviant
5362812,deviant
5362812,deviant
5362812,deviant
5362812,deviant
5362812,deviant
5362812,deviant
5362812,deviant
5362812,deviant
5362812,deviant
5369524,deviant
5369524,deviant
5369524,deviant
5369524,deviant
5369524,deviant
5369524,deviant
5370780,regular
5370780,regular
5370780,regular
5370780,regular
5370780,regular
5370780,regular
5373262,regular
5373262,regular
5373262,regular
5373262,regular
5373262,regular
5373262,regular
5322403,regular
5322403,regular
5322853,regular
5322853,regular
5390353,regular
5390834,deviant
5322403,regular
5322403,regular
5322403,regular
5322403,regular
5322403,regular
5322403,regular
5322403,regular
5322403,regular
5322403,regular
5322403,regular
5322403,regular
5322403,regular
5322403,regular
5322403,regular
5322403,regular
5322403,regular
5322403,regular
5322403,regular
5322403,regular
5322403,regular
5322403,regular
5322403,regular
5322403,regular
5322403,regular
5322403,regular
5322403,regular
5322403,regular
5322403,regular
5322403,regular
5322403,regular
5322403,regular
5322403,regular
5322403,regular
5322403,regular
5322403,regular
5322403,regular
5322403,regular
5322853,regular
5322853,regular
5322853,regular
5322853,regular
5322853,regular
5322853,regular
5322853,regular
5322853,regular
5322853,regular
5322853,regular
5322853,regular
5322853,regular
5322853,regular
5322853,regular
5322853,regular
5322853,regular
5322853,regular
5322853,regular
5322853,regular
5322853,regular
5322853,regular
5322853,regular
5322853,regular
5322853,regular
5322853,regular
5322853,regular
5322853,regular
5322853,regular
5322853,regular
5322853,regular
5322853,regular
5322853,regular
5322853,regular
5322853,regular
5322853,regular
5322853,regular
5322853,regular
5221087,regular
5221087,regular
5221087,regular
5221087,regular
5221087,regular
5221087,regular
5221087,regular
5315730,deviant
5315730,deviant
5315730,deviant
5315730,deviant
5315730,deviant
5315730,deviant
5315730,deviant
5315730,deviant
5315730,deviant
5315730,deviant
5315730,deviant
5315730,deviant
5315730,deviant
5315730,deviant
5315730,deviant
5315730,deviant
5315730,deviant
5315730,deviant
5315730,deviant
5315730,deviant
5315730,deviant
5315730,deviant
5315730,deviant
5315730,deviant
5315730,deviant
5315730,deviant
5315730,deviant
5315730,deviant
5315730,deviant
5315730,deviant
5315730,deviant
5315730,deviant
5315730,deviant
5315730,deviant
5382350,regular
5382350,regular
5382350,regular
5382350,regular
5382350,regular
5382350,regular
5382350,regular
5382350,regular
5384953,regular
5384953,regular
5384953,regular
5384953,regular
5290118,regular
5290118,regular
5290118,regular
5290118,regular
5290118,regular
5290118,regular
5384953,regular
5384953,regular
5221087,regular
5221087,regular
5221087,regular
5221087,regular
5221087,regular
5221087,regular
5221087,regular
5221087,regular
5221087,regular
5221087,regular
5221087,regular
5240318,deviant
5257675,deviant
5257675,deviant
5257675,deviant
5257675,deviant
5257675,deviant
5257675,deviant
5257675,deviant
5257675,deviant
5257675,deviant
5257675,deviant
5257675,deviant
5257675,deviant
5257675,deviant
5257675,deviant
5257675,deviant
5257675,deviant
5366083,regular
5366083,regular
5366083,regular
5257675,deviant
5366083,regular
5257675,deviant
5257675,deviant
5257675,deviant
5257675,deviant
5257675,deviant
5257675,deviant
5257675,deviant
5257675,deviant
5257675,deviant
5366083,regular
5257675,deviant
5257675,deviant
5257675,deviant
5257675,deviant
5257675,deviant
5257675,deviant
5257675,deviant
5257675,deviant
5257675,deviant
5257675,deviant
5257675,deviant
5257675,deviant
5388764,regular
5388764,regular
5388764,regular
5388764,regular
5263495,deviant
5263495,deviant
5263495,deviant
5263495,deviant
5263495,deviant
5263495,deviant
5263495,deviant
5263495,deviant
5263495,deviant
5263495,deviant
5263495,deviant
5263495,deviant
5263495,deviant
5263495,deviant
5263495,deviant
5263495,deviant
5263495,deviant
5263495,deviant
5263495,deviant
5263495,deviant
5388764,regular
5388764,regular
5263495,deviant
5263495,deviant
5390353,regular
5390353,regular
5390353,regular
5390353,regular
5390353,regular
5390353,regular
5263495,deviant
5263495,deviant
5263495,deviant
5263495,deviant
5263495,deviant
5263495,deviant
5263495,deviant
5263495,deviant
5263495,deviant
5327304,regular
5327304,regular
5327304,regular
5343331,regular
5343331,regular
5343331,regular
5341025,regular
5343331,regular
5341025,regular
5341025,regular
5343331,regular
5343331,regular
5343331,regular
5343331,regular
5343331,regular
5343331,regular
5343331,regular
5343331,regular
5343331,regular
5343331,regular
5343331,regular
5343331,regular
5343331,regular
5343331,regular
5343331,regular
5343331,regular
5343331,regular
5343331,regular
5343331,regular
5343331,regular
5343331,regular
5401652,regular
5408163,deviant
5249275,regular
5249275,regular
5249275,regular
5249275,regular
5249275,regular
5249275,regular
5249275,regular
5249275,regular
5249275,regular
5249275,regular
5249275,regular
5249275,regular
5249275,regular
5249275,regular
5249275,regular
5249275,regular
5249275,regular
5249275,regular
5249275,regular
5249275,regular
5249275,regular
5249275,regular
5249275,regular
5249275,regular
5249275,regular
5249275,regular
5249275,regular
4530770,regular
5343331,regular
5343331,regular
5343331,regular
5343331,regular
5343331,regular
5343331,regular
5343331,regular
5343331,regular
5343331,regular
5323367,deviant
5323367,deviant
5323367,deviant
5323367,deviant
5323367,deviant
5323367,deviant
5323367,deviant
5323367,deviant
5323367,deviant
5323367,deviant
4530770,regular
5249275,regular
5323367,deviant
5401652,regular
5410102,regular
4530770,regular
4530770,regular
4530770,regular
4530770,regular
5249275,regular
5249275,regular
5249275,regular
5249275,regular
5249275,regular
5249275,regular
5249275,regular
5249275,regular
5401652,regular
5401652,regular
5401652,regular
5401652,regular
5410691,deviant
5413345,regular
5401652,regular
5245937,regular
5245937,regular
5245937,regular
5245937,regular
5245937,regular
5245937,regular
5245937,regular
5245937,regular
5245937,regular
5245937,regular
5245937,regular
5245937,regular
5245937,regular
4530770,regular
4530770,regular
4530770,regular
4530770,regular
4530770,regular
4530770,regular
4530770,regular
4530770,regular
4530770,regular
4530770,regular
4530770,regular
4530770,regular
4530770,regular
4530770,regular
4530770,regular
4530770,regular
4530770,regular
4530770,regular
4530770,regular
4530770,regular
4530770,regular
4530770,regular
4530770,regular
4530770,regular
4530770,regular
4530770,regular
4530770,regular
4530770,regular
4530770,regular
4530770,regular
4530770,regular
4530770,regular
4530770,regular
4530770,regular
4530770,regular
4530770,regular
4530770,regular
4530770,regular
5415064,regular
5221087,regular
5257675,deviant
5263495,deviant
5408163,deviant
5408163,deviant
5408163,deviant
5408163,deviant
5408163,deviant
5408163,deviant
5327304,regular
5327304,regular
5327304,regular
5327304,regular
5327304,regular
5327304,regular
5327304,regular
5327304,regular
5327304,regular
5327304,regular
5327304,regular
5327304,regular
5327304,regular
5327304,regular
5327304,regular
5327304,regular
5327304,regular
5327304,regular
5327304,regular
5327304,regular
5327304,regular
5410102,regular
5410102,regular
5410102,regular
5410102,regular
5410102,regular
5410102,regular
5327304,regular
5327304,regular
5327304,regular
5341025,regular
5341025,regular
5341025,regular
5341025,regular
5341025,regular
5410691,deviant
5410691,deviant
5410691,deviant
5410691,deviant
5410691,deviant
5341025,regular
5341025,regular
5341025,regular
5341025,regular
5341025,regular
5341025,regular
5341025,regular
5341025,regular
5341025,regular
5341025,regular
5341025,regular
5341025,regular
5341025,regular
5341025,regular
5341025,regular
5341025,regular
5341025,regular
5341025,regular
5341025,regular
5366083,regular
5410691,deviant
5366083,regular
5366083,regular
5366083,regular
5366083,regular
5366083,regular
5366083,regular
5366083,regular
5366083,regular
5366083,regular
5366083,regular
5366083,regular
5366083,regular
5366083,regular
5366083,regular
5366083,regular
5366083,regular
5366083,regular
5366083,regular
5366083,regular
5366083,regular
5366083,regular
5366083,regular
5366083,regular
5249259,regular
5249259,regular
5249259,regular
5249259,regular
5249259,regular
5249259,regular
5249259,regular
5249259,regular
5249259,regular
5249259,regular
5249259,regular
5249259,regular
5249259,regular
5249259,regular
5249259,regular
5249259,regular
5249259,regular
5249259,regular
5249259,regular
5249259,regular
5249259,regular
5249259,regular
5249259,regular
5249259,regular
5249259,regular
5249259,regular
5249259,regular
5249259,regular
5249259,regular
5249259,regular
5249259,regular
5249259,regular
5249259,regular
5249259,regular
5249259,regular
5249259,regular
5249259,regular
5413345,regular
5413345,regular
5413345,regular
5413345,regular
5413345,regular
5413345,regular
5263704,regular
5263704,regular
5263704,regular
5263704,regular
5263704,regular
5263704,regular
5263704,regular
5263704,regular
5263704,regular
5263704,regular
5263704,regular
5263704,regular
5263704,regular
5415064,regular
5415064,regular
5415064,regular
5415064,regular
5415064,regular
5415064,regular
5263704,regular
5263704,regular
5263704,regular
5263704,regular
5263704,regular
5263704,regular
5263704,regular
5263704,regular
5263704,regular
5263704,regular
5263704,regular
5263704,regular
5237188,deviant
5237188,deviant
5237188,deviant
5327304,regular
5327304,regular
5327304,regular
5341025,regular
5341025,regular
5341025,regular
5366083,regular
5422613,regular
5427414,regular
5366083,regular
5366083,regular
5366083,regular
5366083,regular
5366083,regular
5366083,regular
5366083,regular
5366083,regular
5366083,regular
5249259,regular
5249259,regular
5249259,regular
5249259,regular
5249259,regular
5249259,regular
5249259,regular
5249259,regular
5341025,regular
5341025,regular
5341025,regular
5341025,regular
5341025,regular
5341025,regular
5341025,regular
5341025,regular
5341025,regular
5290118,regular
5290118,regular
5290118,regular
5290118,regular
5290118,regular
5290118,regular
5290118,regular
5290118,regular
5290118,regular
5290118,regular
5290118,regular
5290118,regular
5290118,regular
5290118,regular
5290118,regular
5290118,regular
5290118,regular
5290118,regular
5327304,regular
5327304,regular
5327304,regular
5327304,regular
5327304,regular
5327304,regular
5327304,regular
5327304,regular
5327304,regular
5237188,deviant
5237188,deviant
5237188,deviant
5237188,deviant
5237188,deviant
5237188,deviant
5237188,deviant
5237188,deviant
5237188,deviant
5237188,deviant
5237188,deviant
5237188,deviant
5237188,deviant
5237188,deviant
5237188,deviant
5237188,deviant
5237188,deviant
5237188,deviant
5364697,deviant
5364697,deviant
5364697,deviant
5364697,deviant
5364697,deviant
5364697,deviant
5364697,deviant
5364697,deviant
5364697,deviant
5364697,deviant
5245937,regular
5245937,regular
5245937,regular
5245937,regular
5245937,regular
5245937,regular
5245937,regular
5245937,regular
5245937,regular
5245937,regular
5245937,regular
5245937,regular
5245937,regular
5245937,regular
5245937,regular
5237188,deviant
5237188,deviant
5237188,deviant
5237188,deviant
5237188,deviant
5237188,deviant
5237188,deviant
5237188,deviant
5237188,deviant
5237188,deviant
5237188,deviant
5237188,deviant
5388764,regular
5388764,regular
5388764,regular
5388764,regular
5388764,regular
5388764,regular
5388764,regular
5388764,regular
5388764,regular
5388764,regular
5388764,regular
5388764,regular
5388764,regular
5388764,regular
5388764,regular
5388764,regular
5388764,regular
5388764,regular
5388764,regular
5388764,regular
5388764,regular
5388764,regular
5388764,regular
5388764,regular
5290118,regular
5290118,regular
5290118,regular
5290118,regular
5290118,regular
5339751,regular
5339751,regular
5339751,regular
5339751,regular
5339751,regular
5339751,regular
5339751,regular
5339751,regular
5339751,regular
5339751,regular
5339751,regular
5339751,regular
5339751,regular
5339751,regular
5339751,regular
5339751,regular
5339751,regular
5422613,regular
5422613,regular
5422613,regular
5422613,regular
5422613,regular
5422613,regular
5339751,regular
5339751,regular
5339751,regular
5339751,regular
5339751,regular
5339751,regular
5339751,regular
5342610,deviant
5342610,deviant
5342610,deviant
5342610,deviant
5342610,deviant
5088417,deviant
5249275,regular
5388764,regular
5388764,regular
5435783,deviant
5390353,regular
5390353,regular
5390353,regular
5290118,regular
5290118,regular
5290118,regular
5290118,regular
5290118,regular
5290118,regular
5390353,regular
5390353,regular
5390353,regular
5390353,regular
5390353,regular
5390353,regular
5390353,regular
5390353,regular
5390353,regular
5390353,regular
5290118,regular
5290118,regular
5290118,regular
5290118,regular
5390353,regular
5390353,regular
5390353,regular
5390353,regular
5390353,regular
5390353,regular
5390353,regular
5390353,regular
5390353,regular
5390353,regular
5390353,regular
5088417,deviant
5088417,deviant
5088417,deviant
5088417,deviant
5088417,deviant
5088417,deviant
5088417,deviant
5088417,deviant
5088417,deviant
5088417,deviant
5088417,deviant
5088417,deviant
5088417,deviant
5088417,deviant
5088417,deviant
5088417,deviant
5088417,deviant
5088417,deviant
5088417,deviant
5088417,deviant
5088417,deviant
5382350,regular
5382350,regular
5382350,regular
5382350,regular
5382350,regular
5382350,regular
5382350,regular
5382350,regular
5382350,regular
5382350,regular
5382350,regular
5382350,regular
5427414,regular
5427414,regular
5427414,regular
5427414,regular
5427414,regular
5427414,regular
5388764,regular
5388764,regular
5388764,regular
5388764,regular
5088417,deviant
5408163,deviant
5408163,deviant
5408163,deviant
5408163,deviant
5408163,deviant
5408163,deviant
5408163,deviant
5408163,deviant
5408163,deviant
5408163,deviant
5339751,regular
5339751,regular
5382350,regular
5382350,regular
5382350,regular
5382350,regular
5384953,regular
5384953,regular
5384953,regular
5384953,regular
5408163,deviant
5439855,deviant
5441052,regular
5384953,regular
5384953,regular
5384953,regular
5384953,regular
5384953,regular
5384953,regular
5384953,regular
5384953,regular
5384953,regular
5384953,regular
5384953,regular
5384953,regular
5388764,regular
5388764,regular
5388764,regular
5388764,regular
5388764,regular
5388764,regular
5388764,regular
5388764,regular
5388764,regular
5382350,regular
5382350,regular
5382350,regular
5382350,regular
5382350,regular
5382350,regular
5382350,regular
5382350,regular
5382350,regular
5382350,regular
5382350,regular
5382350,regular
5382350,regular
5382350,regular
5382350,regular
5382350,regular
5339751,regular
5339751,regular
5339751,regular
5339751,regular
5339751,regular
5339751,regular
5339751,regular
5339751,regular
5339751,regular
5339751,regular
5339751,regular
5339751,regular
5339751,regular
5384953,regular
5384953,regular
5384953,regular
5384953,regular
5384953,regular
5384953,regular
5384953,regular
5384953,regular
5384953,regular
5384953,regular
5384953,regular
5384953,regular
5401652,regular
5401652,regular
5401652,regular
5384953,regular
5384953,regular
5384953,regular
5384953,regular
5401652,regular
5264592,regular
5264592,regular
5264592,regular
5264592,regular
5264592,regular
5264592,regular
5264592,regular
5264592,regular
5264592,regular
5264592,regular
5264592,regular
5264592,regular
5264592,regular
5264592,regular
5264592,regular
5264592,regular
5264592,regular
5264592,regular
5264592,regular
5264592,regular
5264592,regular
5264592,regular
5264592,regular
5264592,regular
5264592,regular
5364697,deviant
5390353,regular
5390353,regular
5435783,deviant
5435783,deviant
5435783,deviant
5435783,deviant
5435783,deviant
5435783,deviant
5384953,regular
5384953,regular
5384953,regular
5384953,regular
5384953,regular
5384953,regular
5384953,regular
5342610,deviant
5342610,deviant
5390353,regular
5390353,regular
5390353,regular
5390353,regular
5342610,deviant
5342610,deviant
5342610,deviant
5342610,deviant
5342610,deviant
5342610,deviant
5342610,deviant
5342610,deviant
5342610,deviant
5382350,regular
5382350,regular
5382350,regular
5382350,regular
5382350,regular
5382350,regular
5382350,regular
5427414,regular
5427414,regular
5427414,regular
5427414,regular
5427414,regular
5390353,regular
5390353,regular
5390353,regular
5390353,regular
5390353,regular
5390353,regular
5390353,regular
5390353,regular
5390353,regular
5147333,regular
5147333,regular
5147333,regular
5147333,regular
5147333,regular
5147333,regular
5147333,regular
5147333,regular
5147333,regular
5147333,regular
5147333,regular
5147333,regular
5147333,regular
5147333,regular
5147333,regular
5147333,regular
5147333,regular
5147333,regular
5147333,regular
5147333,regular
5342610,deviant
5342610,deviant
5342610,deviant
5342610,deviant
5342610,deviant
5451107,deviant
5793686,regular
5993586,deviant
6010243,regular
5422613,regular
5422613,regular
5422613,regular
5342610,deviant
5342610,deviant
5342610,deviant
5342610,deviant
5342610,deviant
5342610,deviant
5342610,deviant
5147333,regular
5147333,regular
5147333,regular
5439855,deviant
5439855,deviant
5439855,deviant
5439855,deviant
5439855,deviant
5439855,deviant
5441052,regular
5441052,regular
5441052,regular
5441052,regular
5441052,regular
5441052,regular
5470093,regular
5585560,deviant
5608601,deviant
5652360,regular
5727069,regular
7030308,regular
7030308,regular
5249259,regular
5449845,regular
5088417,deviant
5454543,regular
5454804,regular
5147333,regular
5147333,regular
5147333,regular
5147333,regular
5147333,regular
5147333,regular
5147333,regular
5147333,regular
5147333,regular
5147333,regular
5147333,regular
5147333,regular
5147333,regular
5147333,regular
5147333,regular
5147333,regular
5147333,regular
5147333,regular
5147333,regular
5147333,regular
5342610,deviant
5342610,deviant
5342610,deviant
5342610,deviant
5342610,deviant
5342610,deviant
5422613,regular
5422613,regular
5422613,regular
4188079,regular
4188079,regular
4188079,regular
4188079,regular
4188079,regular
4188079,regular
4188079,regular
4188079,regular
4188079,regular
4188079,regular
4188079,regular
4188079,regular
4188079,regular
4188079,regular
4188079,regular
4188079,regular
4188079,regular
4188079,regular
4188079,regular
4188079,regular
4188079,regular
4188079,regular
4188079,regular
4188079,regular
4188079,regular
4188079,regular
4188079,regular
4188079,regular
4188079,regular
4188079,regular
4188079,regular
4188079,regular
4188079,regular
4188079,regular
4188079,regular
4188079,regular
4188079,regular
4188079,regular
4188079,regular
5342610,deviant
5342610,deviant
5342610,deviant
5342610,deviant
5410102,regular
5410102,regular
5410102,regular
5410102,regular
5410102,regular
5410102,regular
5410102,regular
5410102,regular
5410102,regular
5410102,regular
5410102,regular
5410102,regular
5410102,regular
5410102,regular
5410102,regular
5410102,regular
5410102,regular
5410102,regular
5410102,regular
5410102,regular
5410102,regular
5410102,regular
5410102,regular
5410102,regular
5410102,regular
5410102,regular
5410102,regular
5410102,regular
5410102,regular
5410102,regular
4188079,regular
5459675,regular
5460201,regular
5427414,regular
5449845,regular
5449845,regular
5449845,regular
5449845,regular
5449845,regular
5449845,regular
5451107,deviant
5451107,deviant
5451107,deviant
5451107,deviant
5451107,deviant
5451107,deviant
5380205,regular
5410102,regular
5410102,regular
5410102,regular
5410102,regular
5410102,regular
5467015,regular
5467626,regular
5380205,regular
5380205,regular
5380205,regular
5380205,regular
5380205,regular
5380205,regular
5380205,regular
5380205,regular
5380205,regular
5380205,regular
5380205,regular
5380205,regular
5380205,regular
5380205,regular
5380205,regular
5380205,regular
5380205,regular
5380205,regular
5380205,regular
5380205,regular
5380205,regular
5380205,regular
5380205,regular
5380205,regular
5380205,regular
5380205,regular
5380205,regular
5380205,regular
5380205,regular
5380205,regular
5380205,regular
5380205,regular
5435783,deviant
5435783,deviant
5435783,deviant
5435783,deviant
5435783,deviant
5435783,deviant
5435783,deviant
5435783,deviant
5435783,deviant
5435783,deviant
5435783,deviant
5454804,regular
5454804,regular
5454804,regular
5454804,regular
5454804,regular
5454804,regular
5454543,regular
5454543,regular
5454543,regular
5454543,regular
5454543,regular
5454543,regular
5422613,regular
5422613,regular
5422613,regular
5422613,regular
5422613,regular
5422613,regular
5422613,regular
5422613,regular
5422613,regular
5422613,regular
5422613,regular
5422613,regular
5422613,regular
5422613,regular
5422613,regular
5422613,regular
5422613,regular
5422613,regular
5401652,regular
5401652,regular
5401652,regular
5401652,regular
5401652,regular
5401652,regular
5401652,regular
5401652,regular
5401652,regular
5401652,regular
5401652,regular
5401652,regular
5401652,regular
5401652,regular
5401652,regular
5401652,regular
5401652,regular
5401652,regular
5401652,regular
5401652,regular
5390834,deviant
5390834,deviant
5390834,deviant
5390834,deviant
5390834,deviant
5390834,deviant
5390834,deviant
5390834,deviant
5390834,deviant
5390834,deviant
5390834,deviant
5390834,deviant
5390834,deviant
5390834,deviant
5390834,deviant
4188079,regular
5422613,regular
5422613,regular
5451107,deviant
5463633,regular
5463665,regular
5468125,deviant
5422613,regular
5422613,regular
5422613,regular
5422613,regular
5413345,regular
5413345,regular
5413345,regular
5413345,regular
5413345,regular
5413345,regular
5380205,regular
5380205,regular
5380205,regular
5380205,regular
5380205,regular
5451107,deviant
5451107,deviant
5451107,deviant
5451107,deviant
5451107,deviant
5451107,deviant
5451107,deviant
5451107,deviant
5451107,deviant
5451107,deviant
5459675,regular
5459675,regular
5459675,regular
5459675,regular
5459675,regular
5459675,regular
5460201,regular
5460201,regular
5460201,regular
5460201,regular
5460201,regular
5460201,regular
5413345,regular
5413345,regular
5413345,regular
5413345,regular
5422613,regular
5422613,regular
5422613,regular
5422613,regular
5422613,regular
5422613,regular
5422613,regular
5422613,regular
5422613,regular
5413345,regular
5413345,regular
5470093,regular
5477452,regular
5487271,regular
5410102,regular
5410102,regular
5410102,regular
5410102,regular
5413345,regular
5413345,regular
5413345,regular
5413345,regular
5413345,regular
5413345,regular
5413345,regular
5413345,regular
5413345,regular
5413345,regular
5413345,regular
5413345,regular
5413345,regular
5413345,regular
5413345,regular
5413345,regular
5413345,regular
5413345,regular
5413345,regular
5413345,regular
5413345,regular
5413345,regular
5413345,regular
5413345,regular
5413345,regular
5413345,regular
5413345,regular
5463665,regular
5463665,regular
5463665,regular
5463665,regular
5463665,regular
5463665,regular
4188079,regular
4188079,regular
5147333,regular
5147333,regular
5467015,regular
5467015,regular
5467015,regular
5467015,regular
5467015,regular
5467015,regular
5467626,regular
5467626,regular
5467626,regular
5467626,regular
5467626,regular
5467626,regular
5468125,deviant
5468125,deviant
5468125,deviant
5468125,deviant
5468125,deviant
5468125,deviant
5467626,regular
5467626,regular
5467626,regular
5459675,regular
5459675,regular
5459675,regular
5486773,regular
5470093,regular
5470093,regular
5470093,regular
5470093,regular
5470093,regular
5470093,regular
5489846,regular
5477452,regular
5477452,regular
5477452,regular
5477452,regular
5477452,regular
5477452,regular
5007761,deviant
5007761,deviant
5007761,deviant
5007761,deviant
5007761,deviant
5007761,deviant
5007761,deviant
5007761,deviant
5007761,deviant
5007761,deviant
5007761,deviant
5007761,deviant
5007761,deviant
5410691,deviant
5410691,deviant
5410691,deviant
5410691,deviant
5410691,deviant
5410691,deviant
5410691,deviant
5410691,deviant
5463633,regular
5463633,regular
5463633,regular
5463633,regular
5463633,regular
5463633,regular
5459675,regular
5459675,regular
5459675,regular
5459675,regular
5459675,regular
5459675,regular
5459675,regular
5007761,deviant
5007761,deviant
5007761,deviant
5007761,deviant
5007761,deviant
5007761,deviant
5007761,deviant
5007761,deviant
5007761,deviant
5007761,deviant
5007761,deviant
5007761,deviant
5486773,regular
5486773,regular
5486773,regular
5486773,regular
5486773,regular
5486773,regular
5487271,regular
5487271,regular
5487271,regular
5487271,regular
5487271,regular
5487271,regular
5410691,deviant
5410691,deviant
5410691,deviant
5358407,regular
5358407,regular
5358407,regular
5358407,regular
5358407,regular
5358407,regular
5358407,regular
5358407,regular
5358407,regular
5358407,regular
5358407,regular
5358407,regular
5358407,regular
5358407,regular
5358407,regular
5358407,regular
5358407,regular
5358407,regular
5358407,regular
5358407,regular
5358407,regular
5358407,regular
5358407,regular
5358407,regular
5358407,regular
5390834,deviant
5390834,deviant
5390834,deviant
5390834,deviant
5390834,deviant
5390834,deviant
5390834,deviant
5489846,regular
5489846,regular
5489846,regular
5489846,regular
5489846,regular
5489846,regular
5494090,regular
5501931,deviant
5427414,regular
5427414,regular
5427414,regular
5427414,regular
5427414,regular
5427414,regular
5427414,regular
5427414,regular
5427414,regular
5427414,regular
5427414,regular
5427414,regular
5427414,regular
5427414,regular
5427414,regular
5427414,regular
5427414,regular
5427414,regular
5487271,regular
5487271,regular
5487271,regular
5487271,regular
5427414,regular
5427414,regular
5427414,regular
5024811,regular
5024811,regular
5390834,deviant
5390834,deviant
5390834,deviant
5390834,deviant
5390834,deviant
5390834,deviant
5390834,deviant
5390834,deviant
5390834,deviant
5390834,deviant
5390834,deviant
5390834,deviant
5390834,deviant
5390834,deviant
5390834,deviant
5390834,deviant
5390834,deviant
5390834,deviant
5390834,deviant
5460201,regular
5460201,regular
5460201,regular
5460201,regular
5460201,regular
5460201,regular
5460201,regular
5460201,regular
5460201,regular
5460201,regular
5460201,regular
5460201,regular
5460201,regular
5460201,regular
5460201,regular
5460201,regular
5460201,regular
5460201,regular
5460201,regular
5460201,regular
5460201,regular
5460201,regular
5460201,regular
5460201,regular
5494090,regular
5494090,regular
5494090,regular
5494090,regular
5494090,regular
5494090,regular
5390834,deviant
5390834,deviant
5390834,deviant
5427414,regular
5427414,regular
5427414,regular
5468125,deviant
5500423,deviant
5390834,deviant
5390834,deviant
5390834,deviant
5467626,regular
5467626,regular
5467626,regular
5467626,regular
5467626,regular
5467626,regular
5467626,regular
5390834,deviant
5390834,deviant
5390834,deviant
5390834,deviant
5390834,deviant
5390834,deviant
5427414,regular
5427414,regular
5427414,regular
5467626,regular
5467626,regular
5467626,regular
5467626,regular
5467626,regular
5467626,regular
5467626,regular
5467626,regular
5467626,regular
5467626,regular
5427414,regular
5427414,regular
5427414,regular
5427414,regular
5427414,regular
5427414,regular
5467626,regular
5467626,regular
5467626,regular
5468125,deviant
5468125,deviant
5468125,deviant
5468125,deviant
5468125,deviant
5468125,deviant
5468125,deviant
5468125,deviant
5468125,deviant
5468125,deviant
5470093,regular
5470093,regular
5470093,regular
5460201,regular
5460201,regular
5460201,regular
5467015,regular
5467015,regular
5415064,regular
5415064,regular
5415064,regular
5415064,regular
5415064,regular
5415064,regular
5415064,regular
5415064,regular
5415064,regular
5415064,regular
5415064,regular
5415064,regular
5415064,regular
5415064,regular
5415064,regular
5415064,regular
5415064,regular
5415064,regular
5415064,regular
5415064,regular
5415064,regular
5415064,regular
5415064,regular
5415064,regular
5415064,regular
5415064,regular
5500423,deviant
5500423,deviant
5500423,deviant
5500423,deviant
5500423,deviant
5500423,deviant
5410691,deviant
5410691,deviant
5410691,deviant
5410691,deviant
5415064,regular
5415064,regular
5415064,regular
5467015,regular
5467015,regular
5467015,regular
5467015,regular
5467015,regular
5467015,regular
5467015,regular
5467015,regular
5467015,regular
5467015,regular
5467015,regular
5467015,regular
5467015,regular
5467015,regular
5467015,regular
5467015,regular
5467015,regular
5467015,regular
5467015,regular
5467015,regular
5467015,regular
5467015,regular
5467015,regular
5467015,regular
5501931,deviant
5501931,deviant
5501931,deviant
5501931,deviant
5501931,deviant
5501931,deviant
5467015,regular
5467015,regular
5467015,regular
5467015,regular
5467015,regular
5467015,regular
5467015,regular
5467015,regular
5467015,regular
5467015,regular
5467015,regular
5467015,regular
5467015,regular
5415064,regular
5415064,regular
5415064,regular
5460201,regular
5460201,regular
5460201,regular
5516322,regular
5460201,regular
5460201,regular
5460201,regular
5460201,regular
5460201,regular
5460201,regular
5460201,regular
5460201,regular
5460201,regular
5415064,regular
5415064,regular
5415064,regular
5415064,regular
5415064,regular
5415064,regular
5415064,regular
5415064,regular
5415064,regular
5463665,regular
5463665,regular
5463665,regular
5463665,regular
5463665,regular
5463665,regular
5463665,regular
5463665,regular
5463665,regular
5463665,regular
5463665,regular
5463665,regular
5515183,deviant
5515807,deviant
5410691,deviant
5410691,deviant
5410691,deviant
5410691,deviant
5410691,deviant
5410691,deviant
5410691,deviant
5410691,deviant
5410691,deviant
5410691,deviant
5410691,deviant
5410691,deviant
5410691,deviant
5007761,deviant
5358407,regular
5358407,regular
5410691,deviant
5410691,deviant
5410691,deviant
5410691,deviant
5410691,deviant
5410691,deviant
5410691,deviant
5410691,deviant
5410691,deviant
5410691,deviant
5410691,deviant
5410691,deviant
5410691,deviant
5410691,deviant
5410691,deviant
5410691,deviant
5410691,deviant
5410691,deviant
5410691,deviant
5410691,deviant
5410691,deviant
5410691,deviant
5410691,deviant
5410691,deviant
5410691,deviant
5410691,deviant
5410691,deviant
5410691,deviant
5410691,deviant
5410691,deviant
5410691,deviant
5410691,deviant
5410691,deviant
5463665,regular
5463665,regular
5463665,regular
5463665,regular
5463665,regular
5463665,regular
5463665,regular
5463665,regular
5463665,regular
5463665,regular
5463665,regular
5463665,regular
5463665,regular
5463665,regular
5463665,regular
5264592,regular
5264592,regular
5264592,regular
5264592,regular
5264592,regular
5264592,regular
5264592,regular
5463633,regular
5463633,regular
5463633,regular
5264592,regular
5463665,regular
5463665,regular
5463665,regular
5524106,deviant
5188409,regular
5188409,regular
5188409,regular
5188409,regular
5188409,regular
5188409,regular
5188409,regular
5188409,regular
5188409,regular
5188409,regular
5188409,regular
5188409,regular
5188409,regular
5188409,regular
5188409,regular
5188409,regular
5188409,regular
5188409,regular
5188409,regular
5188409,regular
5188409,regular
5188409,regular
5188409,regular
5188409,regular
5188409,regular
5188409,regular
5188409,regular
5515183,deviant
5515183,deviant
5515183,deviant
5515183,deviant
5515183,deviant
5515183,deviant
5515807,deviant
5515807,deviant
5515807,deviant
5515807,deviant
5515807,deviant
5515807,deviant
5516322,regular
5516322,regular
5516322,regular
5516322,regular
5516322,regular
5516322,regular
5439855,deviant
5439855,deviant
5439855,deviant
5439855,deviant
5439855,deviant
5439855,deviant
5439855,deviant
5439855,deviant
5467626,regular
5467626,regular
5467626,regular
5439855,deviant
5439855,deviant
5439855,deviant
5264592,regular
5477452,regular
5477452,regular
5477452,regular
5477452,regular
5463633,regular
5463633,regular
5463633,regular
5463633,regular
5463633,regular
5463633,regular
5463633,regular
5463633,regular
5463633,regular
5463633,regular
5463633,regular
5463633,regular
5463633,regular
5463633,regular
5463633,regular
5463633,regular
5463633,regular
5463633,regular
5463633,regular
5463633,regular
5463633,regular
5463665,regular
5463665,regular
5463665,regular
5463665,regular
5463665,regular
5463665,regular
5463665,regular
5463665,regular
5463665,regular
5188409,regular
5188409,regular
5188409,regular
5188409,regular
5188409,regular
5264592,regular
5264592,regular
5188409,regular
5188409,regular
5188409,regular
5188409,regular
5188409,regular
5188409,regular
5500423,deviant
5500423,deviant
5500423,deviant
5500423,deviant
5500423,deviant
5500423,deviant
5500423,deviant
5500423,deviant
5500423,deviant
5500423,deviant
5463633,regular
5524106,deviant
5526070,regular
5463633,regular
5463633,regular
5463633,regular
5463633,regular
5370780,regular
5239571,regular
5239571,regular
5239571,regular
5239571,regular
5239571,regular
5239571,regular
5239571,regular
5239571,regular
5239571,regular
5239571,regular
5239571,regular
5239571,regular
5239571,regular
5239571,regular
5239571,regular
5239571,regular
5239571,regular
5239571,regular
5239571,regular
5239571,regular
5239571,regular
5239571,regular
5239571,regular
5239571,regular
5239571,regular
5239571,regular
5239571,regular
5239571,regular
5239571,regular
5239571,regular
5401652,regular
5401652,regular
5401652,regular
5401652,regular
5401652,regular
5401652,regular
5401652,regular
5401652,regular
5369524,deviant
5463633,regular
5533015,regular
5537503,deviant
5369524,deviant
5369524,deviant
5369524,deviant
5369524,deviant
5369524,deviant
5369524,deviant
5369524,deviant
5369524,deviant
5526070,regular
5526070,regular
5526070,regular
5526070,regular
5526070,regular
5526070,regular
5239571,regular
5239571,regular
5239571,regular
5239571,regular
5239571,regular
5239571,regular
5239571,regular
5239571,regular
5239571,regular
5239571,regular
5239571,regular
5515183,deviant
5515183,deviant
5515183,deviant
5515183,deviant
5515183,deviant
5515183,deviant
5515183,deviant
5515183,deviant
5515183,deviant
5515183,deviant
5463633,regular
5463633,regular
5463633,regular
5463633,regular
5463633,regular
5463633,regular
5463633,regular
5463633,regular
5463633,regular
5264592,regular
5435783,deviant
5435783,deviant
5486773,regular
5486773,regular
5515183,deviant
5515807,deviant
5435783,deviant
5435783,deviant
5435783,deviant
5435783,deviant
5435783,deviant
5435783,deviant
5435783,deviant
5486773,regular
5486773,regular
5486773,regular
5486773,regular
5486773,regular
5486773,regular
5486773,regular
5486773,regular
5486773,regular
5486773,regular
5486773,regular
5486773,regular
5486773,regular
5486773,regular
5486773,regular
5486773,regular
5486773,regular
5486773,regular
5486773,regular
5486773,regular
5486773,regular
5486773,regular
5486773,regular
5486773,regular
5486773,regular
5486773,regular
5486773,regular
5486773,regular
5486773,regular
5486773,regular
5486773,regular
5486773,regular
5486773,regular
5486773,regular
5486773,regular
5486773,regular
5486773,regular
5515807,deviant
5515807,deviant
5515807,deviant
5515807,deviant
5515807,deviant
5367219,regular
5367219,regular
5367219,regular
5367219,regular
5367219,regular
5367219,regular
5367219,regular
5367219,regular
5367219,regular
5367219,regular
5367219,regular
5367219,regular
5367219,regular
5367219,regular
5367219,regular
5367219,regular
5367219,regular
5367219,regular
5367219,regular
5367219,regular
5367219,regular
5367219,regular
5367219,regular
5367219,regular
5439855,deviant
5439855,deviant
5439855,deviant
5439855,deviant
5439855,deviant
5439855,deviant
5439855,deviant
5439855,deviant
5439855,deviant
5435783,deviant
5435783,deviant
5435783,deviant
5435783,deviant
5435783,deviant
5435783,deviant
5439855,deviant
5439855,deviant
5439855,deviant
5439855,deviant
5439855,deviant
5439855,deviant
5439855,deviant
5439855,deviant
5439855,deviant
5439855,deviant
5439855,deviant
5439855,deviant
5439855,deviant
5439855,deviant
5515807,deviant
5515807,deviant
5515807,deviant
5501931,deviant
5501931,deviant
5501931,deviant
5501931,deviant
5501931,deviant
5454804,regular
5454804,regular
5454804,regular
5454804,regular
5454804,regular
5454804,regular
5454804,regular
5454804,regular
5454804,regular
5454804,regular
5454804,regular
5454804,regular
5454804,regular
5454804,regular
5454804,regular
5454804,regular
5454804,regular
5454804,regular
5454804,regular
5533015,regular
5533015,regular
5533015,regular
5533015,regular
5533015,regular
5533015,regular
5533015,regular
5533015,regular
5454804,regular
5454804,regular
5454804,regular
5454804,regular
5454804,regular
5537503,deviant
5537503,deviant
5537503,deviant
5537503,deviant
5537503,deviant
5537503,deviant
5454804,regular
5454804,regular
5439855,deviant
5439855,deviant
5439855,deviant
5545976,regular
5467626,regular
5467626,regular
5467626,regular
5467626,regular
5467626,regular
5467626,regular
5467626,regular
5467626,regular
5467626,regular
5467626,regular
5467626,regular
5467626,regular
5467626,regular
5467626,regular
5467626,regular
5467626,regular
5467626,regular
5467626,regular
5467626,regular
5367219,regular
5367219,regular
5526070,regular
5526070,regular
5526070,regular
5526070,regular
5526070,regular
5526070,regular
5526070,regular
5526070,regular
5526070,regular
5526070,regular
5526070,regular
5410691,deviant
5410691,deviant
5546884,regular
5553038,deviant
5553670,deviant
5410691,deviant
5410691,deviant
5410691,deviant
5410691,deviant
5410691,deviant
5410691,deviant
5410691,deviant
5410691,deviant
5410691,deviant
5410691,deviant
5410691,deviant
5410691,deviant
5410691,deviant
5410691,deviant
5410691,deviant
5410691,deviant
5410691,deviant
5410691,deviant
5439855,deviant
5439855,deviant
5439855,deviant
5439855,deviant
5439855,deviant
5439855,deviant
5439855,deviant
5439855,deviant
5439855,deviant
5439855,deviant
5439855,deviant
5439855,deviant
5364697,deviant
5364697,deviant
5364697,deviant
5364697,deviant
5364697,deviant
5516322,regular
5516322,regular
5516322,regular
5516322,regular
5516322,regular
5516322,regular
5516322,regular
5516322,regular
5516322,regular
5516322,regular
5516322,regular
5516322,regular
5516322,regular
5516322,regular
5516322,regular
5516322,regular
5516322,regular
5516322,regular
5516322,regular
5516322,regular
5516322,regular
5516322,regular
5516322,regular
5516322,regular
5516322,regular
5516322,regular
5516322,regular
5545976,regular
5545976,regular
5545976,regular
5545976,regular
5545976,regular
5545976,regular
5546884,regular
5546884,regular
5546884,regular
5546884,regular
5546884,regular
5546884,regular
5537503,deviant
5537503,deviant
5537503,deviant
5537503,deviant
5537503,deviant
5537503,deviant
5537503,deviant
5537503,deviant
5537503,deviant
5537503,deviant
5362812,deviant
5362812,deviant
5367219,regular
5367219,regular
5367219,regular
5367219,regular
5408163,deviant
5408163,deviant
5410691,deviant
5537503,deviant
5367219,regular
5367219,regular
5367219,regular
5367219,regular
5367219,regular
5367219,regular
5367219,regular
5367219,regular
5367219,regular
5367219,regular
5367219,regular
5367219,regular
5367219,regular
5367219,regular
5367219,regular
5367219,regular
5367219,regular
5367219,regular
5367219,regular
5367219,regular
5367219,regular
5367219,regular
5367219,regular
5367219,regular
5367219,regular
5367219,regular
5410691,deviant
5410691,deviant
5410691,deviant
5410691,deviant
5410691,deviant
5410691,deviant
5367219,regular
5367219,regular
5367219,regular
5367219,regular
5367219,regular
5367219,regular
5410691,deviant
5410691,deviant
5410691,deviant
5410691,deviant
5410691,deviant
5188409,regular
5239571,regular
5516322,regular
5516322,regular
5516322,regular
5557874,regular
5562464,regular
5459675,regular
5229955,regular
5229955,regular
5229955,regular
5229955,regular
5229955,regular
5229955,regular
5516322,regular
5516322,regular
5516322,regular
5516322,regular
5516322,regular
5516322,regular
5516322,regular
5516322,regular
5516322,regular
5459675,regular
5459675,regular
5459675,regular
5459675,regular
5459675,regular
5459675,regular
5459675,regular
5229955,regular
5229955,regular
5229955,regular
5229955,regular
5229955,regular
5229955,regular
5229955,regular
5229955,regular
5229955,regular
5229955,regular
5229955,regular
5229955,regular
5229955,regular
5229955,regular
5229955,regular
5229955,regular
5229955,regular
5229955,regular
5229955,regular
5229955,regular
5229955,regular
5229955,regular
5553038,deviant
5553038,deviant
5553038,deviant
5553038,deviant
5553038,deviant
5553038,deviant
5229955,regular
5229955,regular
5229955,regular
5229955,regular
5229955,regular
5229955,regular
5229955,regular
5229955,regular
5229955,regular
5229955,regular
5229955,regular
5229955,regular
5229955,regular
5459675,regular
5459675,regular
5459675,regular
5459675,regular
5459675,regular
5459675,regular
5454543,regular
5454543,regular
5454543,regular
5467626,regular
5467626,regular
5487271,regular
5489846,regular
5410691,deviant
5410691,deviant
5410691,deviant
5364697,deviant
5364697,deviant
5364697,deviant
5364697,deviant
5364697,deviant
5364697,deviant
5364697,deviant
5364697,deviant
5364697,deviant
5364697,deviant
5364697,deviant
5364697,deviant
5454543,regular
5454543,regular
5454543,regular
5454543,regular
5454543,regular
5454543,regular
5454543,regular
5454543,regular
5454543,regular
5454543,regular
5454543,regular
5454543,regular
5454543,regular
5454543,regular
5454543,regular
5454543,regular
5454543,regular
5454543,regular
5454543,regular
5454543,regular
5454543,regular
5454543,regular
5454543,regular
5454543,regular
5454543,regular
5454543,regular
5454543,regular
5454543,regular
5454543,regular
5454543,regular
5454543,regular
5454543,regular
5454543,regular
5454543,regular
5454543,regular
5454543,regular
5454543,regular
5454543,regular
5553670,deviant
5553670,deviant
5553670,deviant
5553670,deviant
5553670,deviant
5553670,deviant
5467626,regular
5467626,regular
5467626,regular
5467626,regular
5467626,regular
5467626,regular
5467626,regular
5467626,regular
5467626,regular
5449845,regular
5449845,regular
5449845,regular
5449845,regular
5487271,regular
5487271,regular
5487271,regular
5487271,regular
5487271,regular
5487271,regular
5487271,regular
5487271,regular
5487271,regular
5487271,regular
5487271,regular
5487271,regular
5557874,regular
5557874,regular
5557874,regular
5489846,regular
5489846,regular
5489846,regular
5489846,regular
5489846,regular
5489846,regular
5489846,regular
5489846,regular
5489846,regular
5489846,regular
5489846,regular
5489846,regular
5489846,regular
5489846,regular
5489846,regular
5489846,regular
5489846,regular
5489846,regular
5489846,regular
5489846,regular
5489846,regular
5489846,regular
5362812,deviant
5408163,deviant
5477452,regular
5477452,regular
5487271,regular
5487271,regular
5553038,deviant
5564998,regular
5565321,regular
5364697,deviant
5364697,deviant
5364697,deviant
5364697,deviant
5364697,deviant
5364697,deviant
5364697,deviant
5364697,deviant
5364697,deviant
5364697,deviant
5477452,regular
5477452,regular
5477452,regular
5477452,regular
5477452,regular
5477452,regular
5477452,regular
5477452,regular
5477452,regular
5477452,regular
5477452,regular
5477452,regular
5477452,regular
5477452,regular
5477452,regular
5477452,regular
5477452,regular
5477452,regular
5477452,regular
5477452,regular
5477452,regular
5477452,regular
5545976,regular
5545976,regular
5545976,regular
5546884,regular
5546884,regular
5546884,regular
5557874,regular
5557874,regular
5557874,regular
5553038,deviant
5553038,deviant
5553038,deviant
5553038,deviant
5553038,deviant
5553038,deviant
5553038,deviant
5553038,deviant
5477452,regular
5477452,regular
5477452,regular
5477452,regular
5477452,regular
5477452,regular
5477452,regular
5477452,regular
5362812,deviant
5362812,deviant
5362812,deviant
5362812,deviant
5362812,deviant
5362812,deviant
5362812,deviant
5362812,deviant
5362812,deviant
5362812,deviant
5362812,deviant
5362812,deviant
5362812,deviant
5362812,deviant
5362812,deviant
5362812,deviant
5362812,deviant
5362812,deviant
5362812,deviant
5362812,deviant
5362812,deviant
5362812,deviant
5362812,deviant
5362812,deviant
5362812,deviant
5362812,deviant
5362812,deviant
5362812,deviant
5362812,deviant
5362812,deviant
5362812,deviant
5362812,deviant
5362812,deviant
5451107,deviant
5451107,deviant
5451107,deviant
5451107,deviant
5451107,deviant
5451107,deviant
5451107,deviant
5451107,deviant
5451107,deviant
5451107,deviant
5451107,deviant
5451107,deviant
5451107,deviant
5451107,deviant
5451107,deviant
5451107,deviant
5451107,deviant
5451107,deviant
5451107,deviant
5451107,deviant
5451107,deviant
5451107,deviant
5451107,deviant
5451107,deviant
5451107,deviant
5451107,deviant
5451107,deviant
5362812,deviant
5362812,deviant
5362812,deviant
5362812,deviant
5362812,deviant
5362812,deviant
5451107,deviant
5451107,deviant
5451107,deviant
5408163,deviant
5408163,deviant
5408163,deviant
5408163,deviant
5408163,deviant
5408163,deviant
5408163,deviant
5408163,deviant
5408163,deviant
5408163,deviant
5408163,deviant
5408163,deviant
5408163,deviant
5408163,deviant
5408163,deviant
5408163,deviant
5408163,deviant
5408163,deviant
5408163,deviant
5408163,deviant
5408163,deviant
5408163,deviant
5408163,deviant
5408163,deviant
5408163,deviant
5408163,deviant
5408163,deviant
5408163,deviant
5408163,deviant
5408163,deviant
5408163,deviant
5408163,deviant
5408163,deviant
5408163,deviant
5408163,deviant
5408163,deviant
5408163,deviant
5408163,deviant
5408163,deviant
5451107,deviant
5451107,deviant
5451107,deviant
5515807,deviant
5545976,regular
5545976,regular
5572431,regular
5576712,regular
5545976,regular
5545976,regular
5546884,regular
5546884,regular
5546884,regular
5546884,regular
5546884,regular
5546884,regular
5546884,regular
5546884,regular
5546884,regular
5565321,regular
5565321,regular
5565321,regular
5565321,regular
5515807,deviant
5565321,regular
5565321,regular
5515807,deviant
5515807,deviant
5515807,deviant
5515807,deviant
5515807,deviant
5515807,deviant
5515807,deviant
5515807,deviant
5515807,deviant
5515807,deviant
5515807,deviant
5515807,deviant
5515807,deviant
5515807,deviant
5515807,deviant
5515807,deviant
5515807,deviant
5515807,deviant
5515807,deviant
5515807,deviant
5515807,deviant
5515807,deviant
5515807,deviant
5515807,deviant
5545976,regular
5545976,regular
5545976,regular
5545976,regular
5545976,regular
5545976,regular
5564998,regular
5564998,regular
5564998,regular
5545976,regular
5564998,regular
5545976,regular
5545976,regular
5545976,regular
5545976,regular
5545976,regular
5545976,regular
5545976,regular
5545976,regular
5545976,regular
5545976,regular
5545976,regular
5545976,regular
5564998,regular
5564998,regular
5515807,deviant
5515807,deviant
5515807,deviant
5515807,deviant
5451107,deviant
5451107,deviant
5451107,deviant
5451107,deviant
5451107,deviant
5451107,deviant
5451107,deviant
5451107,deviant
5451107,deviant
5545976,regular
5545976,regular
5545976,regular
5545976,regular
5545976,regular
5545976,regular
5545976,regular
5545976,regular
5545976,regular
5545976,regular
5545976,regular
5545976,regular
5545976,regular
5546884,regular
5546884,regular
5546884,regular
5546884,regular
5546884,regular
5546884,regular
5546884,regular
5546884,regular
5546884,regular
5546884,regular
5546884,regular
5546884,regular
5515807,deviant
5576423,regular
5578213,regular
5961864,regular
6001885,regular
5515807,deviant
5515807,deviant
5515807,deviant
5515807,deviant
5515807,deviant
5515807,deviant
5515807,deviant
5515807,deviant
5515807,deviant
5562464,regular
5562464,regular
5562464,regular
5562464,regular
5562464,regular
5562464,regular
5562464,regular
5562464,regular
5562464,regular
5562464,regular
5562464,regular
5562464,regular
5562464,regular
5562464,regular
5562464,regular
5562464,regular
5562464,regular
5562464,regular
5489846,regular
5489846,regular
5229955,regular
5367219,regular
5367219,regular
5367219,regular
5367219,regular
5553038,deviant
5553038,deviant
5553038,deviant
5553038,deviant
5553038,deviant
5449845,regular
5449845,regular
5494090,regular
5494090,regular
5494090,regular
5494090,regular
5494090,regular
5494090,regular
5494090,regular
5494090,regular
5494090,regular
5494090,regular
5494090,regular
5494090,regular
5494090,regular
5494090,regular
5494090,regular
5494090,regular
5494090,regular
5494090,regular
5494090,regular
5494090,regular
5494090,regular
5494090,regular
5494090,regular
5494090,regular
5449845,regular
5449845,regular
5449845,regular
5449845,regular
5449845,regular
5449845,regular
5449845,regular
5449845,regular
5449845,regular
5449845,regular
5449845,regular
5449845,regular
5449845,regular
5449845,regular
5449845,regular
5449845,regular
5449845,regular
5449845,regular
5572431,regular
5572431,regular
5572431,regular
5572431,regular
5572431,regular
5572431,regular
5576423,regular
5576423,regular
5576423,regular
5576423,regular
5576423,regular
5576423,regular
5576712,regular
5576712,regular
5576712,regular
5576712,regular
5576712,regular
5576712,regular
5370780,regular
5370780,regular
5370780,regular
5370780,regular
5370780,regular
5370780,regular
5370780,regular
5370780,regular
5370780,regular
5370780,regular
5370780,regular
5370780,regular
5370780,regular
5370780,regular
5370780,regular
5370780,regular
5370780,regular
5370780,regular
5370780,regular
5370780,regular
5370780,regular
5370780,regular
5370780,regular
5578213,regular
5578213,regular
5578213,regular
5578213,regular
5578213,regular
5578213,regular
5364697,deviant
5364697,deviant
5441052,regular
5441052,regular
5441052,regular
5441052,regular
5441052,regular
5449845,regular
5449845,regular
5454543,regular
5454543,regular
5454804,regular
5454804,regular
5546884,regular
5546884,regular
5500423,deviant
5500423,deviant
5500423,deviant
5500423,deviant
5500423,deviant
5500423,deviant
5500423,deviant
5500423,deviant
5364697,deviant
5364697,deviant
5364697,deviant
5364697,deviant
5364697,deviant
5364697,deviant
5449845,regular
5449845,regular
5449845,regular
5449845,regular
5449845,regular
5449845,regular
5449845,regular
5449845,regular
5449845,regular
5449845,regular
5449845,regular
5449845,regular
5449845,regular
5546884,regular
5546884,regular
5546884,regular
5546884,regular
5546884,regular
5546884,regular
5546884,regular
5546884,regular
5546884,regular
5546884,regular
5546884,regular
5546884,regular
5546884,regular
5454543,regular
5454543,regular
5454543,regular
5454543,regular
5454543,regular
5454543,regular
5454543,regular
5454543,regular
5454543,regular
5454543,regular
5364697,deviant
5364697,deviant
5364697,deviant
5364697,deviant
5364697,deviant
5364697,deviant
5364697,deviant
5584651,regular
5585560,deviant
5459675,regular
5494090,regular
5494090,regular
5500423,deviant
5500423,deviant
5562464,regular
5562464,regular
5591293,regular
5591776,regular
5592275,regular
5592774,regular
5593289,regular
5593904,regular
5584651,regular
5584651,regular
5584651,regular
5584651,regular
5584651,regular
5584651,regular
5500423,deviant
5500423,deviant
5500423,deviant
5500423,deviant
5500423,deviant
5500423,deviant
5500423,deviant
5500423,deviant
5500423,deviant
5500423,deviant
5500423,deviant
5500423,deviant
5500423,deviant
5500423,deviant
5500423,deviant
5500423,deviant
5500423,deviant
5500423,deviant
5500423,deviant
5500423,deviant
5500423,deviant
5500423,deviant
5500423,deviant
5500423,deviant
5500423,deviant
5500423,deviant
5585560,deviant
5585560,deviant
5585560,deviant
5585560,deviant
5572431,regular
5572431,regular
5572431,regular
5585560,deviant
5585560,deviant
5500423,deviant
5500423,deviant
5500423,deviant
5500423,deviant
5500423,deviant
5500423,deviant
5500423,deviant
5459675,regular
5459675,regular
5459675,regular
5459675,regular
5494090,regular
5494090,regular
5494090,regular
5494090,regular
5494090,regular
5494090,regular
5494090,regular
5494090,regular
5494090,regular
5494090,regular
5494090,regular
5494090,regular
5494090,regular
5562464,regular
5562464,regular
5562464,regular
5562464,regular
5562464,regular
5562464,regular
5562464,regular
5562464,regular
5562464,regular
5562464,regular
5562464,regular
5562464,regular
5459675,regular
5562464,regular
5590203,regular
5608601,deviant
5562464,regular
5562464,regular
5562464,regular
5562464,regular
5562464,regular
5562464,regular
5562464,regular
5562464,regular
5562464,regular
5562464,regular
5562464,regular
5562464,regular
5459675,regular
5459675,regular
5459675,regular
5459675,regular
5459675,regular
5459675,regular
5459675,regular
5459675,regular
5459675,regular
5600143,regular
5590203,regular
5590203,regular
5590203,regular
5590203,regular
5590203,regular
5590203,regular
5591293,regular
5591293,regular
5591293,regular
5591293,regular
5591293,regular
5591293,regular
5591776,regular
5591776,regular
5591776,regular
5591776,regular
5591776,regular
5591776,regular
5592275,regular
5592275,regular
5592275,regular
5592275,regular
5592275,regular
5592275,regular
5592774,regular
5592774,regular
5592774,regular
5592774,regular
5592774,regular
5592774,regular
5593289,regular
5593289,regular
5593289,regular
5593289,regular
5593289,regular
5593289,regular
5593904,regular
5593904,regular
5593904,regular
5593904,regular
5593904,regular
5593904,regular
4188079,regular
5470093,regular
5564998,regular
5564998,regular
5601244,regular
5370780,regular
5370780,regular
5370780,regular
5564998,regular
5564998,regular
5564998,regular
5564998,regular
5564998,regular
5564998,regular
5564998,regular
5564998,regular
5564998,regular
5564998,regular
5564998,regular
5564998,regular
5564998,regular
5564998,regular
5564998,regular
5564998,regular
5564998,regular
5564998,regular
5564998,regular
5564998,regular
5564998,regular
5564998,regular
5564998,regular
5564998,regular
5564998,regular
5564998,regular
5564998,regular
5564998,regular
5564998,regular
5564998,regular
5564998,regular
5564998,regular
5564998,regular
5564998,regular
5564998,regular
5564998,regular
5564998,regular
5470093,regular
5470093,regular
5470093,regular
5470093,regular
5470093,regular
5470093,regular
5470093,regular
5470093,regular
5470093,regular
5470093,regular
5470093,regular
5470093,regular
5470093,regular
5470093,regular
5470093,regular
5470093,regular
5470093,regular
5470093,regular
5470093,regular
5470093,regular
5470093,regular
5470093,regular
5470093,regular
5470093,regular
5470093,regular
5470093,regular
5501931,deviant
5524106,deviant
5590203,regular
5590203,regular
5590203,regular
5590203,regular
5590203,regular
5590203,regular
5590203,regular
5590203,regular
5590203,regular
5590203,regular
5590203,regular
5590203,regular
5590203,regular
5590203,regular
5590203,regular
5590203,regular
5590203,regular
5590203,regular
5590203,regular
5590203,regular
5590203,regular
5590203,regular
5590203,regular
5590203,regular
5590203,regular
5590203,regular
5590203,regular
5590203,regular
5590203,regular
5590203,regular
5590203,regular
5590203,regular
5600143,regular
5600143,regular
5600143,regular
5600143,regular
5592275,regular
5592275,regular
5592275,regular
5601244,regular
5601244,regular
5601244,regular
5601244,regular
5601244,regular
5601244,regular
5590203,regular
5590203,regular
5590203,regular
5590203,regular
5590203,regular
5590203,regular
5590203,regular
5591776,regular
5591776,regular
5591776,regular
5501931,deviant
5501931,deviant
5501931,deviant
5501931,deviant
5441052,regular
5441052,regular
5441052,regular
5501931,deviant
5501931,deviant
5501931,deviant
5477452,regular
5477452,regular
5477452,regular
5477452,regular
5441052,regular
5441052,regular
5441052,regular
5441052,regular
5441052,regular
5441052,regular
5441052,regular
5441052,regular
5441052,regular
5441052,regular
5441052,regular
5441052,regular
5441052,regular
5593289,regular
5593289,regular
5593289,regular
5593904,regular
5593904,regular
5593904,regular
5612366,regular
5613140,regular
5470093,regular
5613715,regular
5553038,deviant
5608601,deviant
5608601,deviant
5608601,deviant
5608601,deviant
5608601,deviant
5608601,deviant
5470093,regular
5470093,regular
5470093,regular
5470093,regular
5470093,regular
5470093,regular
5470093,regular
5470093,regular
5470093,regular
5470093,regular
5470093,regular
5470093,regular
5370780,regular
5370780,regular
5370780,regular
5489846,regular
5600143,regular
5600143,regular
5600143,regular
5600143,regular
5600143,regular
5435783,deviant
5435783,deviant
5435783,deviant
5435783,deviant
5435783,deviant
5435783,deviant
5435783,deviant
5435783,deviant
5435783,deviant
5435783,deviant
5612366,regular
5612366,regular
5612366,regular
5612366,regular
5612366,regular
5612366,regular
5489846,regular
5489846,regular
5489846,regular
5489846,regular
5489846,regular
5489846,regular
5489846,regular
5489846,regular
5489846,regular
5489846,regular
5489846,regular
5489846,regular
5489846,regular
5489846,regular
5489846,regular
5613140,regular
5613140,regular
5613140,regular
5613140,regular
5613140,regular
5613140,regular
5613715,regular
5613715,regular
5613715,regular
5613715,regular
5613715,regular
5613715,regular
5524106,deviant
5524106,deviant
5524106,deviant
5524106,deviant
5524106,deviant
5524106,deviant
5524106,deviant
5524106,deviant
5524106,deviant
5524106,deviant
5524106,deviant
5524106,deviant
5524106,deviant
5524106,deviant
5524106,deviant
5370780,regular
5370780,regular
5370780,regular
5370780,regular
5370780,regular
5370780,regular
5370780,regular
5370780,regular
5370780,regular
5608601,deviant
5608601,deviant
5608601,deviant
5608601,deviant
5608601,deviant
5608601,deviant
5608601,deviant
5608601,deviant
5264555,deviant
5264555,deviant
5264555,deviant
5264555,deviant
5264555,deviant
5264555,deviant
5264555,deviant
5468125,deviant
5468125,deviant
5628069,regular
5477452,regular
5477452,regular
5477452,regular
5477452,regular
5477452,regular
5477452,regular
5477452,regular
5477452,regular
5477452,regular
5477452,regular
5477452,regular
5477452,regular
5189981,deviant
5189981,deviant
5576712,regular
5576712,regular
5576712,regular
5576712,regular
5576712,regular
5537503,deviant
5537503,deviant
5501931,deviant
5501931,deviant
5501931,deviant
5501931,deviant
5501931,deviant
5501931,deviant
5468125,deviant
5369524,deviant
5369524,deviant
5369524,deviant
5369524,deviant
5369524,deviant
5369524,deviant
5369524,deviant
5323367,deviant
5369524,deviant
5369524,deviant
5470093,regular
5470093,regular
5470093,regular
5489846,regular
5489846,regular
5585560,deviant
5489846,regular
5489846,regular
5489846,regular
5489846,regular
5612366,regular
5612366,regular
5612366,regular
5612366,regular
5612366,regular
5189981,deviant
5189981,deviant
5189981,deviant
5553670,deviant
5553670,deviant
5553670,deviant
5553670,deviant
5553670,deviant
5608601,deviant
5608601,deviant
5608601,deviant
5489846,regular
5489846,regular
5489846,regular
5489846,regular
5489846,regular
5489846,regular
5489846,regular
5489846,regular
5489846,regular
5323367,deviant
5323367,deviant
5323367,deviant
5323367,deviant
5323367,deviant
5323367,deviant
5323367,deviant
5323367,deviant
5470093,regular
5470093,regular
5470093,regular
5470093,regular
5470093,regular
5470093,regular
5470093,regular
5470093,regular
5470093,regular
5585560,deviant
5585560,deviant
5585560,deviant
5585560,deviant
5585560,deviant
5585560,deviant
5585560,deviant
5585560,deviant
5576712,regular
5264555,deviant
5628953,regular
5632866,regular
5264555,deviant
5264555,deviant
5264555,deviant
5264555,deviant
5264555,deviant
5088417,deviant
5088417,deviant
5088417,deviant
5088417,deviant
5088417,deviant
5088417,deviant
5565321,regular
5565321,regular
5565321,regular
5565321,regular
5565321,regular
5565321,regular
5565321,regular
5565321,regular
5565321,regular
5565321,regular
5565321,regular
5565321,regular
5565321,regular
5565321,regular
5565321,regular
5565321,regular
5565321,regular
5565321,regular
5565321,regular
5565321,regular
5565321,regular
5565321,regular
5565321,regular
5565321,regular
5088417,deviant
5088417,deviant
5088417,deviant
5088417,deviant
5088417,deviant
5088417,deviant
5088417,deviant
5088417,deviant
5088417,deviant
5088417,deviant
5088417,deviant
5088417,deviant
5628953,regular
5628953,regular
5628953,regular
5628953,regular
5628953,regular
5628953,regular
5557874,regular
5557874,regular
5557874,regular
5557874,regular
5557874,regular
5557874,regular
5557874,regular
5557874,regular
5557874,regular
5557874,regular
5557874,regular
5557874,regular
5557874,regular
5557874,regular
5557874,regular
5557874,regular
5557874,regular
5557874,regular
5557874,regular
5557874,regular
5557874,regular
5557874,regular
5557874,regular
5557874,regular
5628069,regular
5628069,regular
5628069,regular
5628069,regular
5557874,regular
5557874,regular
5557874,regular
5628069,regular
5628069,regular
5565321,regular
5565321,regular
5565321,regular
5613140,regular
5613140,regular
5613140,regular
5601244,regular
5601244,regular
5601244,regular
5613715,regular
5613715,regular
5613715,regular
5557874,regular
5557874,regular
5557874,regular
5565321,regular
5565321,regular
5565321,regular
5639591,regular
5477452,regular
5477452,regular
5632866,regular
5632866,regular
5632866,regular
5632866,regular
5565321,regular
5565321,regular
5565321,regular
5565321,regular
5565321,regular
5565321,regular
5565321,regular
5565321,regular
5565321,regular
5632866,regular
5632866,regular
5557874,regular
5557874,regular
5557874,regular
5557874,regular
5557874,regular
5557874,regular
5557874,regular
5557874,regular
5557874,regular
5572431,regular
5572431,regular
5572431,regular
5572431,regular
5572431,regular
5572431,regular
5572431,regular
5572431,regular
5572431,regular
5572431,regular
5572431,regular
5572431,regular
5572431,regular
5572431,regular
5572431,regular
5572431,regular
5572431,regular
5572431,regular
5572431,regular
5572431,regular
5572431,regular
5477452,regular
5477452,regular
5647492,deviant
5648079,regular
5477452,regular
5477452,regular
5477452,regular
5477452,regular
5477452,regular
5477452,regular
5477452,regular
5477452,regular
5477452,regular
5477452,regular
5477452,regular
5477452,regular
5477452,regular
5401652,regular
5401652,regular
5401652,regular
5639591,regular
5639591,regular
5639591,regular
5639591,regular
5468125,deviant
5468125,deviant
5639591,regular
5639591,regular
5553038,deviant
5553038,deviant
5553038,deviant
5553038,deviant
5553038,deviant
5553038,deviant
5553038,deviant
5553038,deviant
5553038,deviant
5553038,deviant
5553038,deviant
5553038,deviant
5553038,deviant
5553038,deviant
5553038,deviant
5553038,deviant
5553038,deviant
5553038,deviant
5553038,deviant
5401652,regular
5401652,regular
5553038,deviant
5645643,regular
5401652,regular
5401652,regular
5401652,regular
5401652,regular
5401652,regular
5592774,regular
5592774,regular
5592774,regular
5628953,regular
5628953,regular
5628953,regular
5553038,deviant
5553038,deviant
5553038,deviant
5553038,deviant
5553038,deviant
5553038,deviant
5553038,deviant
5401652,regular
5401652,regular
5401652,regular
5401652,regular
5401652,regular
5401652,regular
5401652,regular
5401652,regular
5401652,regular
5537503,deviant
5323367,deviant
5645643,regular
5645643,regular
5645643,regular
5645643,regular
5645643,regular
5645643,regular
5553670,deviant
5553670,deviant
5553670,deviant
5553670,deviant
5553670,deviant
5553670,deviant
5553670,deviant
5647492,deviant
5647492,deviant
5647492,deviant
5647492,deviant
5647492,deviant
5648079,regular
5648079,regular
5648079,regular
5648079,regular
5648079,regular
5648079,regular
5655793,deviant
5088417,deviant
5652360,regular
5653604,regular
5654073,regular
5662163,regular
5632866,regular
5632866,regular
5632866,regular
5632866,regular
5632866,regular
5632866,regular
5632866,regular
5632866,regular
5632866,regular
5632866,regular
5632866,regular
5632866,regular
5632866,regular
5632866,regular
5632866,regular
5632866,regular
5632866,regular
5632866,regular
5632866,regular
5632866,regular
5632866,regular
5632866,regular
5632866,regular
5632866,regular
5632866,regular
5632866,regular
5632866,regular
5654073,regular
5654073,regular
5654073,regular
5654073,regular
5654073,regular
5654073,regular
5652360,regular
5652360,regular
5652360,regular
5652360,regular
5652360,regular
5007761,deviant
5653604,regular
5653604,regular
5653604,regular
5653604,regular
5653604,regular
5653604,regular
5007761,deviant
5007761,deviant
5007761,deviant
5007761,deviant
5007761,deviant
5007761,deviant
5007761,deviant
5007761,deviant
5007761,deviant
5007761,deviant
5007761,deviant
5007761,deviant
5007761,deviant
5007761,deviant
5007761,deviant
5007761,deviant
5632866,regular
5632866,regular
5632866,regular
5652360,regular
5665687,regular
5515183,deviant
5515183,deviant
5515183,deviant
5515183,deviant
5515183,deviant
5515183,deviant
5515183,deviant
5515183,deviant
5515183,deviant
5515183,deviant
5515183,deviant
5515183,deviant
5515183,deviant
5515183,deviant
5515183,deviant
5515183,deviant
5515183,deviant
5515183,deviant
5515183,deviant
5515183,deviant
5515183,deviant
5515183,deviant
5515183,deviant
5515183,deviant
5515183,deviant
5515183,deviant
5613140,regular
5613140,regular
5613140,regular
5613140,regular
5613140,regular
5613140,regular
5613140,regular
5613140,regular
5613140,regular
5613140,regular
5613140,regular
5613140,regular
5613140,regular
5613140,regular
5613140,regular
5613140,regular
5613140,regular
5613140,regular
5613140,regular
5613140,regular
5613140,regular
5655793,deviant
5655793,deviant
5655793,deviant
5655793,deviant
5655793,deviant
5655793,deviant
5441052,regular
5441052,regular
5441052,regular
5441052,regular
5441052,regular
5441052,regular
5441052,regular
5441052,regular
5441052,regular
5441052,regular
5441052,regular
5441052,regular
5441052,regular
5441052,regular
5441052,regular
5441052,regular
5441052,regular
5441052,regular
5441052,regular
5632866,regular
5632866,regular
5632866,regular
5632866,regular
5632866,regular
5632866,regular
5632866,regular
5632866,regular
5632866,regular
5515183,deviant
5515183,deviant
5515183,deviant
5584651,regular
5584651,regular
5584651,regular
5584651,regular
5584651,regular
5007761,deviant
5468125,deviant
5468125,deviant
5671365,regular
5468125,deviant
5468125,deviant
5468125,deviant
5468125,deviant
5468125,deviant
5468125,deviant
5468125,deviant
5468125,deviant
5662163,regular
5662163,regular
5662163,regular
5662163,regular
5662163,regular
5662163,regular
5653604,regular
5653604,regular
5653604,regular
5652360,regular
5652360,regular
5652360,regular
5654073,regular
5654073,regular
5654073,regular
5647492,deviant
5647492,deviant
5647492,deviant
5647492,deviant
5647492,deviant
5647492,deviant
5647492,deviant
5647492,deviant
5647492,deviant
5647492,deviant
5647492,deviant
5533015,regular
5533015,regular
5533015,regular
5533015,regular
5501931,deviant
5501931,deviant
5613140,regular
5613140,regular
5645643,regular
5645643,regular
5668910,regular
5673902,regular
5441052,regular
5441052,regular
5441052,regular
5501931,deviant
5501931,deviant
5501931,deviant
5501931,deviant
5501931,deviant
5501931,deviant
5501931,deviant
5501931,deviant
5501931,deviant
5645643,regular
5645643,regular
5645643,regular
5645643,regular
5645643,regular
5645643,regular
5645643,regular
5645643,regular
5645643,regular
5645643,regular
5645643,regular
5645643,regular
5645643,regular
5645643,regular
5645643,regular
5645643,regular
5645643,regular
5645643,regular
5645643,regular
5645643,regular
5645643,regular
5645643,regular
5645643,regular
5645643,regular
5501931,deviant
5501931,deviant
5501931,deviant
5501931,deviant
5645643,regular
5645643,regular
5645643,regular
5645643,regular
5645643,regular
5645643,regular
5572431,regular
5572431,regular
5572431,regular
5665687,regular
5665687,regular
5665687,regular
5665687,regular
5665687,regular
5665687,regular
5655793,deviant
5655793,deviant
5655793,deviant
5655793,deviant
5655793,deviant
5655793,deviant
5655793,deviant
5655793,deviant
5585560,deviant
5585560,deviant
5585560,deviant
5585560,deviant
5585560,deviant
5585560,deviant
5613140,regular
5613140,regular
5613140,regular
5613140,regular
5613140,regular
5613140,regular
5613140,regular
5613140,regular
5613140,regular
5613140,regular
5613140,regular
5613140,regular
5613140,regular
5645643,regular
5645643,regular
5645643,regular
5645643,regular
5645643,regular
5645643,regular
5645643,regular
5576423,regular
5576423,regular
5576423,regular
5655793,deviant
5655793,deviant
5655793,deviant
5600143,regular
5600143,regular
5600143,regular
5600143,regular
5600143,regular
5600143,regular
5600143,regular
5600143,regular
5600143,regular
5600143,regular
5600143,regular
5600143,regular
5600143,regular
5600143,regular
5600143,regular
5600143,regular
5600143,regular
5600143,regular
5600143,regular
5600143,regular
5600143,regular
5441052,regular
5441052,regular
5441052,regular
5572431,regular
5572431,regular
5572431,regular
5674440,regular
5593289,regular
5572431,regular
5572431,regular
5572431,regular
5572431,regular
5572431,regular
5572431,regular
5572431,regular
5572431,regular
5572431,regular
5441052,regular
5441052,regular
5441052,regular
5441052,regular
5441052,regular
5441052,regular
5441052,regular
5441052,regular
5441052,regular
5668910,regular
5668910,regular
5668910,regular
5668910,regular
5668910,regular
5668910,regular
5676387,deviant
5007761,deviant
5515183,deviant
5515183,deviant
5515183,deviant
5684716,regular
5537503,deviant
5537503,deviant
5537503,deviant
5537503,deviant
5537503,deviant
5537503,deviant
5537503,deviant
5537503,deviant
5537503,deviant
5537503,deviant
5537503,deviant
5537503,deviant
5537503,deviant
5537503,deviant
5537503,deviant
5537503,deviant
5537503,deviant
5537503,deviant
5537503,deviant
5537503,deviant
4188079,regular
4188079,regular
4188079,regular
5671365,regular
5671365,regular
5671365,regular
5671365,regular
5671365,regular
5671365,regular
4188079,regular
4188079,regular
4188079,regular
5600143,regular
5600143,regular
5600143,regular
5576423,regular
5576423,regular
5576423,regular
5576423,regular
5576423,regular
5576423,regular
5576423,regular
5576423,regular
5576423,regular
5576423,regular
5576423,regular
5576423,regular
5576423,regular
5576423,regular
5576423,regular
5576423,regular
5576423,regular
5576423,regular
5576423,regular
5576423,regular
5576423,regular
5673902,regular
5673902,regular
5673902,regular
5673902,regular
5673902,regular
5673902,regular
5674440,regular
5674440,regular
5674440,regular
5674440,regular
5674440,regular
5674440,regular
5647492,deviant
5647492,deviant
5647492,deviant
5647492,deviant
5576423,regular
5576423,regular
5600143,regular
5600143,regular
5600143,regular
5682127,regular
5684395,regular
5593904,regular
5593904,regular
5593904,regular
5593904,regular
5593904,regular
5593904,regular
5593904,regular
5593904,regular
5593904,regular
5593904,regular
5593904,regular
5593904,regular
5593904,regular
5593904,regular
5593904,regular
5593904,regular
5593904,regular
5593904,regular
5593904,regular
5593904,regular
5593904,regular
5515183,deviant
5515183,deviant
5515183,deviant
5676387,deviant
5676387,deviant
5676387,deviant
5676387,deviant
5515183,deviant
5515183,deviant
5515183,deviant
5515183,deviant
5515183,deviant
5515183,deviant
5593904,regular
5593904,regular
5593904,regular
5591776,regular
5591776,regular
5591776,regular
5591776,regular
5591776,regular
5591776,regular
5591776,regular
5591776,regular
5591776,regular
5591776,regular
5591776,regular
5591776,regular
5591776,regular
5591776,regular
5591776,regular
5591776,regular
5591776,regular
5591776,regular
5591776,regular
5591776,regular
5591776,regular
5576423,regular
5576423,regular
5576423,regular
5576423,regular
5576423,regular
5576423,regular
5576423,regular
5576423,regular
5576423,regular
5576423,regular
5576423,regular
5576423,regular
5576423,regular
5600143,regular
5600143,regular
5600143,regular
5600143,regular
5600143,regular
5600143,regular
5600143,regular
5600143,regular
5600143,regular
4188079,regular
5537503,deviant
5537503,deviant
5593904,regular
5593904,regular
5593904,regular
5676387,deviant
5686234,regular
5689862,deviant
5696994,regular
5593904,regular
5593904,regular
5593904,regular
5682127,regular
5682127,regular
5682127,regular
5593904,regular
5593904,regular
5593904,regular
5593904,regular
5593904,regular
5593904,regular
5682127,regular
5682127,regular
5682127,regular
5537503,deviant
5537503,deviant
5537503,deviant
5537503,deviant
5537503,deviant
5537503,deviant
5537503,deviant
5373262,regular
5373262,regular
5373262,regular
5373262,regular
5373262,regular
5373262,regular
5373262,regular
5373262,regular
5373262,regular
5373262,regular
5373262,regular
5373262,regular
5373262,regular
5373262,regular
5373262,regular
5373262,regular
5373262,regular
5373262,regular
5373262,regular
5373262,regular
5373262,regular
5373262,regular
5373262,regular
5373262,regular
5373262,regular
5537503,deviant
5537503,deviant
5537503,deviant
5537503,deviant
5537503,deviant
5537503,deviant
5684716,regular
5684716,regular
5684716,regular
5684716,regular
5684716,regular
5684716,regular
5676387,deviant
5676387,deviant
5676387,deviant
5676387,deviant
5676387,deviant
5676387,deviant
5676387,deviant
5684395,regular
5684395,regular
5684395,regular
5684395,regular
5684395,regular
5684395,regular
5676387,deviant
5676387,deviant
5676387,deviant
5676387,deviant
5676387,deviant
5628069,regular
5628069,regular
5628069,regular
5686234,regular
5686234,regular
5686234,regular
5686234,regular
4188079,regular
5373262,regular
5373262,regular
5526070,regular
5526070,regular
5526070,regular
5696483,deviant
5699401,regular
5373262,regular
5373262,regular
5373262,regular
5373262,regular
5373262,regular
5373262,regular
5373262,regular
5373262,regular
5373262,regular
5373262,regular
5373262,regular
5373262,regular
5373262,regular
5689862,deviant
5689862,deviant
5689862,deviant
5689862,deviant
5689862,deviant
5689862,deviant
4188079,regular
5702384,regular
4188079,regular
5696994,regular
5711808,deviant
5712268,regular
5592275,regular
5696483,deviant
5696483,deviant
5696483,deviant
5696483,deviant
5696483,deviant
5696483,deviant
5696994,regular
5696994,regular
5696994,regular
5696994,regular
5699401,regular
5699401,regular
5699401,regular
5699401,regular
5699401,regular
5699401,regular
5592774,regular
5592774,regular
5592774,regular
5592774,regular
5592774,regular
5592774,regular
5592774,regular
5592774,regular
5592774,regular
5592774,regular
5592774,regular
5592774,regular
5592774,regular
5592774,regular
5592774,regular
5592774,regular
5592774,regular
5592774,regular
5592774,regular
5592774,regular
5592774,regular
5591776,regular
5591776,regular
5713800,regular
5718151,deviant
5591776,regular
5591776,regular
5591776,regular
5591776,regular
5591776,regular
5591776,regular
5591776,regular
5591776,regular
5591776,regular
5591776,regular
5591776,regular
5591776,regular
5591776,regular
5608601,deviant
5608601,deviant
5608601,deviant
5608601,deviant
5608601,deviant
5608601,deviant
5608601,deviant
5696994,regular
5601244,regular
5601244,regular
5601244,regular
5647492,deviant
5647492,deviant
5726442,deviant
5727069,regular
5728393,deviant
5740160,regular
5526070,regular
5526070,regular
5526070,regular
5526070,regular
5526070,regular
5526070,regular
5526070,regular
5526070,regular
5526070,regular
5526070,regular
5526070,regular
5526070,regular
5671365,regular
5671365,regular
5671365,regular
5671365,regular
5671365,regular
5671365,regular
5665687,regular
5665687,regular
5665687,regular
5665687,regular
5526070,regular
5526070,regular
5526070,regular
5711808,deviant
5711808,deviant
5711808,deviant
5711808,deviant
5711808,deviant
5711808,deviant
5673902,regular
5673902,regular
5673902,regular
5673902,regular
5673902,regular
5673902,regular
5673902,regular
5673902,regular
5673902,regular
5673902,regular
5712268,regular
5712268,regular
5712268,regular
5712268,regular
5712268,regular
5712268,regular
5662163,regular
5662163,regular
5662163,regular
5662163,regular
5662163,regular
5662163,regular
5662163,regular
5662163,regular
5662163,regular
5662163,regular
5526070,regular
5526070,regular
5526070,regular
5526070,regular
5526070,regular
5526070,regular
5526070,regular
5526070,regular
5526070,regular
5647492,deviant
5647492,deviant
5647492,deviant
5647492,deviant
5647492,deviant
5647492,deviant
5647492,deviant
5647492,deviant
5647492,deviant
5647492,deviant
5647492,deviant
5647492,deviant
5647492,deviant
5647492,deviant
5647492,deviant
5647492,deviant
5647492,deviant
5647492,deviant
5647492,deviant
5647492,deviant
5647492,deviant
5647492,deviant
5647492,deviant
5647492,deviant
5647492,deviant
5647492,deviant
5647492,deviant
5647492,deviant
5647492,deviant
5647492,deviant
5647492,deviant
5647492,deviant
5187991,deviant
5187991,deviant
5699401,regular
5699401,regular
5727122,regular
5729173,regular
5729811,regular
5699401,regular
5699401,regular
5699401,regular
5699401,regular
5699401,regular
5699401,regular
5699401,regular
5699401,regular
5699401,regular
5699401,regular
5699401,regular
5699401,regular
5699401,regular
5699401,regular
5699401,regular
5699401,regular
5699401,regular
5699401,regular
5699401,regular
5699401,regular
5699401,regular
5699401,regular
5699401,regular
5699401,regular
5699401,regular
5699401,regular
5699401,regular
5699401,regular
5699401,regular
5699401,regular
5699401,regular
5699401,regular
5699401,regular
5699401,regular
5699401,regular
5668910,regular
5668910,regular
5668910,regular
5668910,regular
5668910,regular
5668910,regular
5593289,regular
5593289,regular
5593289,regular
5593289,regular
5593289,regular
5593289,regular
5593289,regular
5593289,regular
5593289,regular
5682127,regular
5682127,regular
5682127,regular
5682127,regular
5682127,regular
5682127,regular
5682127,regular
5682127,regular
5682127,regular
5682127,regular
5682127,regular
5682127,regular
5682127,regular
5187991,deviant
5187991,deviant
5187991,deviant
5682127,regular
5187991,deviant
5187991,deviant
5187991,deviant
5187991,deviant
5187991,deviant
5187991,deviant
5187991,deviant
5187991,deviant
5187991,deviant
5187991,deviant
5187991,deviant
5187991,deviant
5187991,deviant
5187991,deviant
5187991,deviant
5187991,deviant
5187991,deviant
5187991,deviant
5187991,deviant
5187991,deviant
5187991,deviant
5187991,deviant
5187991,deviant
5187991,deviant
5187991,deviant
5187991,deviant
5187991,deviant
5187991,deviant
5187991,deviant
5187991,deviant
5187991,deviant
5187991,deviant
5187991,deviant
5187991,deviant
5187991,deviant
5187991,deviant
5187991,deviant
5187991,deviant
5187991,deviant
5187991,deviant
5187991,deviant
5187991,deviant
5718151,deviant
5718151,deviant
5718151,deviant
5718151,deviant
5187991,deviant
5187991,deviant
5187991,deviant
5684395,regular
5684395,regular
5684395,regular
5684395,regular
5684395,regular
5718151,deviant
5718151,deviant
5684395,regular
5684395,regular
5684395,regular
5684395,regular
5684395,regular
5684395,regular
5684395,regular
5684395,regular
5684395,regular
5684395,regular
5684395,regular
5684395,regular
5684395,regular
5684395,regular
5684395,regular
5684395,regular
5684395,regular
5682127,regular
5682127,regular
5682127,regular
5682127,regular
5682127,regular
5682127,regular
5682127,regular
5682127,regular
5593289,regular
5593289,regular
5593289,regular
5593289,regular
5593289,regular
5593289,regular
5593289,regular
5593289,regular
5593289,regular
5593289,regular
5593289,regular
5593289,regular
5593289,regular
5593289,regular
5593289,regular
5187991,deviant
5187991,deviant
5187991,deviant
5689862,deviant
5689862,deviant
5689862,deviant
5689862,deviant
5689862,deviant
5689862,deviant
5689862,deviant
5689862,deviant
5689862,deviant
5689862,deviant
5689862,deviant
5689862,deviant
5689862,deviant
5732405,regular
5674440,regular
5674440,regular
5674440,regular
5674440,regular
5684716,regular
5684716,regular
5684716,regular
5684716,regular
5592275,regular
5592275,regular
5592275,regular
5592275,regular
5592275,regular
5592275,regular
5592275,regular
5592275,regular
5696994,regular
5696994,regular
5696994,regular
5696994,regular
5696994,regular
5696994,regular
5592275,regular
5592275,regular
5592275,regular
5592275,regular
5592275,regular
5592275,regular
5592275,regular
5592275,regular
5592275,regular
5592275,regular
5592275,regular
5592275,regular
5593289,regular
5682127,regular
5682127,regular
5684395,regular
5684395,regular
5524106,deviant
5524106,deviant
5524106,deviant
5524106,deviant
5524106,deviant
5487271,regular
5487271,regular
5487271,regular
5487271,regular
5487271,regular
5487271,regular
5487271,regular
5487271,regular
5487271,regular
5702384,regular
5702384,regular
5702384,regular
5702384,regular
5713800,regular
5713800,regular
5713800,regular
5713800,regular
5713800,regular
5713800,regular
5726442,deviant
5726442,deviant
5726442,deviant
5726442,deviant
5726442,deviant
5726442,deviant
5628069,regular
5628069,regular
5628069,regular
5727122,regular
5727122,regular
5727122,regular
5727069,regular
5727069,regular
5727069,regular
5727069,regular
5727122,regular
5727069,regular
5727069,regular
5727122,regular
5727122,regular
5728393,deviant
5728393,deviant
5728393,deviant
5728393,deviant
5728393,deviant
5728393,deviant
5729173,regular
5729173,regular
5729173,regular
5729173,regular
5729173,regular
5729173,regular
5729811,regular
5729811,regular
5729811,regular
5729811,regular
5729811,regular
5729811,regular
5684395,regular
5684395,regular
5684395,regular
5684395,regular
5684395,regular
5684395,regular
5684395,regular
5684395,regular
5684395,regular
5684395,regular
5684395,regular
5684395,regular
5684395,regular
5684395,regular
5684395,regular
5682127,regular
5682127,regular
5682127,regular
5682127,regular
5682127,regular
5682127,regular
5682127,regular
5682127,regular
5682127,regular
5682127,regular
5682127,regular
5682127,regular
5682127,regular
5682127,regular
5682127,regular
5454804,regular
5454804,regular
5592275,regular
5592275,regular
5593289,regular
5741486,deviant
5592275,regular
5592275,regular
5592275,regular
5592275,regular
5592275,regular
5592275,regular
5592275,regular
5592275,regular
5592275,regular
5592275,regular
5592275,regular
5592275,regular
5592275,regular
5732405,regular
5732405,regular
5732405,regular
5732405,regular
5732405,regular
5732405,regular
5593289,regular
5593289,regular
5593289,regular
5593289,regular
5593289,regular
5593289,regular
5593289,regular
5593289,regular
5593289,regular
5454804,regular
5454804,regular
5454804,regular
5454804,regular
5454804,regular
5454804,regular
5454804,regular
5454804,regular
5454804,regular
5454804,regular
5454804,regular
5454804,regular
5454804,regular
5454804,regular
5454804,regular
5454804,regular
5454804,regular
5454804,regular
5454804,regular
5454804,regular
5454804,regular
5628069,regular
5628069,regular
5628069,regular
5628069,regular
5628069,regular
5628069,regular
5628069,regular
5628069,regular
5628069,regular
5628069,regular
5628069,regular
5628069,regular
5628069,regular
5628069,regular
5628069,regular
5628069,regular
5628069,regular
5628069,regular
5628069,regular
5628069,regular
5584651,regular
5584651,regular
5584651,regular
5584651,regular
5584651,regular
5628069,regular
5628069,regular
5628069,regular
5628069,regular
5740160,regular
5740160,regular
5740160,regular
5740160,regular
5740160,regular
5740160,regular
5628069,regular
5628069,regular
5628069,regular
5628069,regular
5628069,regular
5628069,regular
5628069,regular
5628069,regular
5628069,regular
5454804,regular
5454804,regular
5454804,regular
5592774,regular
5592774,regular
5696483,deviant
5754715,regular
5655793,deviant
5655793,deviant
5655793,deviant
5655793,deviant
5655793,deviant
5674440,regular
5608601,deviant
5608601,deviant
5608601,deviant
5608601,deviant
5608601,deviant
5608601,deviant
5608601,deviant
5608601,deviant
5674440,regular
5674440,regular
5674440,regular
5674440,regular
5674440,regular
5674440,regular
5674440,regular
5674440,regular
5674440,regular
5674440,regular
5674440,regular
5674440,regular
5674440,regular
5674440,regular
5674440,regular
5674440,regular
5674440,regular
5674440,regular
5674440,regular
5454804,regular
5454804,regular
5454804,regular
5454804,regular
5454804,regular
5454804,regular
5454804,regular
5454804,regular
5654073,regular
5696483,deviant
5654073,regular
5654073,regular
5696483,deviant
5696483,deviant
5654073,regular
5654073,regular
5654073,regular
5654073,regular
5654073,regular
5654073,regular
5696483,deviant
5654073,regular
5654073,regular
5654073,regular
5654073,regular
5654073,regular
5654073,regular
5654073,regular
5654073,regular
5654073,regular
5654073,regular
5654073,regular
5654073,regular
5696483,deviant
5696483,deviant
5696483,deviant
5696483,deviant
5654073,regular
5654073,regular
5654073,regular
5524106,deviant
5524106,deviant
5524106,deviant
5524106,deviant
5592774,regular
5592774,regular
5592774,regular
5592774,regular
5592774,regular
5592774,regular
5592774,regular
5592774,regular
5592774,regular
5592774,regular
5592774,regular
5592774,regular
5592774,regular
5741486,deviant
5741486,deviant
5741486,deviant
5741486,deviant
5524106,deviant
5524106,deviant
5524106,deviant
5524106,deviant
5524106,deviant
5524106,deviant
5741486,deviant
5741486,deviant
5608601,deviant
5608601,deviant
5608601,deviant
5601244,regular
5601244,regular
5601244,regular
5601244,regular
5601244,regular
5601244,regular
5601244,regular
5601244,regular
5601244,regular
5601244,regular
5601244,regular
5601244,regular
5601244,regular
5601244,regular
5601244,regular
5601244,regular
5601244,regular
5601244,regular
5711808,deviant
5711808,deviant
5711808,deviant
5601244,regular
5601244,regular
5601244,regular
5711808,deviant
5711808,deviant
5711808,deviant
5711808,deviant
5711808,deviant
5711808,deviant
5711808,deviant
5711808,deviant
5654073,regular
5654073,regular
5654073,regular
5763108,regular
5524106,deviant
5524106,deviant
5524106,deviant
5524106,deviant
5524106,deviant
5524106,deviant
5524106,deviant
5524106,deviant
5654073,regular
5654073,regular
5654073,regular
5654073,regular
5654073,regular
5654073,regular
5654073,regular
5654073,regular
5654073,regular
5613715,regular
5729811,regular
5754715,regular
5754715,regular
5754715,regular
5754715,regular
5754715,regular
5754715,regular
5613715,regular
5613715,regular
5613715,regular
5613715,regular
5613715,regular
5613715,regular
5613715,regular
5613715,regular
5613715,regular
5613715,regular
5613715,regular
5613715,regular
5613715,regular
5613715,regular
5613715,regular
5613715,regular
5613715,regular
5613715,regular
5613715,regular
5613715,regular
5729173,regular
5729173,regular
5729173,regular
5729173,regular
5524106,deviant
5524106,deviant
5613715,regular
5613715,regular
5613715,regular
5759916,deviant
5628953,regular
5628953,regular
5628953,regular
5628953,regular
5628953,regular
5628953,regular
5628953,regular
5628953,regular
5628953,regular
5628953,regular
5628953,regular
5628953,regular
5628953,regular
5628953,regular
5628953,regular
5628953,regular
5628953,regular
5628953,regular
5628953,regular
5628953,regular
5628953,regular
5653604,regular
5653604,regular
5653604,regular
5653604,regular
5653604,regular
5653604,regular
5653604,regular
5653604,regular
5653604,regular
5653604,regular
5653604,regular
5653604,regular
5653604,regular
5653604,regular
5653604,regular
5653604,regular
5653604,regular
5653604,regular
5653604,regular
5653604,regular
5653604,regular
5524106,deviant
5524106,deviant
5524106,deviant
5524106,deviant
5524106,deviant
5524106,deviant
5524106,deviant
5524106,deviant
5524106,deviant
5524106,deviant
5524106,deviant
5524106,deviant
5524106,deviant
5653604,regular
5653604,regular
5653604,regular
5668910,regular
5668910,regular
5668910,regular
5668910,regular
5668910,regular
5668910,regular
5358407,regular
5358407,regular
5770442,regular
5613715,regular
5613715,regular
5613715,regular
5613715,regular
5613715,regular
5613715,regular
5613715,regular
5613715,regular
5613715,regular
5613715,regular
5613715,regular
5613715,regular
5759916,deviant
5759916,deviant
5759916,deviant
5759916,deviant
5759916,deviant
5759916,deviant
5358407,regular
5358407,regular
5358407,regular
5358407,regular
5358407,regular
5358407,regular
5358407,regular
5358407,regular
5358407,regular
5358407,regular
5358407,regular
5358407,regular
5358407,regular
5358407,regular
5358407,regular
5358407,regular
5358407,regular
5358407,regular
5358407,regular
5358407,regular
5358407,regular
5763108,regular
5763108,regular
5763108,regular
5763108,regular
5763108,regular
5763108,regular
5653604,regular
5653604,regular
5653604,regular
5771397,regular
5774663,regular
5775973,regular
5727122,regular
5727122,regular
5727122,regular
5727122,regular
5727122,regular
5727122,regular
5727122,regular
5727122,regular
5727122,regular
5727122,regular
5727122,regular
5712268,regular
5712268,regular
5712268,regular
5712268,regular
5713800,regular
5713800,regular
5713800,regular
5686234,regular
5686234,regular
5686234,regular
5686234,regular
5686234,regular
5728393,deviant
5728393,deviant
5728393,deviant
5653604,regular
5653604,regular
5653604,regular
5653604,regular
5653604,regular
5653604,regular
5653604,regular
5653604,regular
5653604,regular
5665687,regular
5665687,regular
5665687,regular
5665687,regular
5665687,regular
5665687,regular
5665687,regular
5665687,regular
5665687,regular
5665687,regular
5665687,regular
5665687,regular
5665687,regular
5665687,regular
5665687,regular
5665687,regular
5665687,regular
5665687,regular
5665687,regular
5665687,regular
5671365,regular
5671365,regular
5671365,regular
5671365,regular
5671365,regular
5671365,regular
5671365,regular
5671365,regular
5671365,regular
5671365,regular
5671365,regular
5671365,regular
5671365,regular
5671365,regular
5671365,regular
5671365,regular
5229955,regular
5229955,regular
5229955,regular
5229955,regular
5229955,regular
5229955,regular
5229955,regular
5229955,regular
5229955,regular
5229955,regular
5229955,regular
5671365,regular
5671365,regular
5671365,regular
5671365,regular
5671365,regular
5601244,regular
5601244,regular
5601244,regular
5665687,regular
5665687,regular
5665687,regular
5784152,deviant
5770442,regular
5770442,regular
5770442,regular
5770442,regular
5770442,regular
5770442,regular
5728393,deviant
5728393,deviant
5728393,deviant
5728393,deviant
5728393,deviant
5728393,deviant
5728393,deviant
5728393,deviant
5358407,regular
5358407,regular
5358407,regular
5702384,regular
5702384,regular
5702384,regular
5702384,regular
5702384,regular
5628953,regular
5628953,regular
5628953,regular
5655793,deviant
5655793,deviant
5655793,deviant
5655793,deviant
5655793,deviant
5655793,deviant
5655793,deviant
5655793,deviant
5655793,deviant
5655793,deviant
5655793,deviant
5655793,deviant
5655793,deviant
5655793,deviant
5655793,deviant
5655793,deviant
5655793,deviant
5655793,deviant
5655793,deviant
5655793,deviant
5684716,regular
5684716,regular
5684716,regular
5684716,regular
5684716,regular
5684716,regular
5684716,regular
5684716,regular
5684716,regular
5684716,regular
5774663,regular
5774663,regular
5774663,regular
5774663,regular
5774663,regular
5774663,regular
5665687,regular
5665687,regular
5665687,regular
5665687,regular
5665687,regular
5665687,regular
5665687,regular
5665687,regular
5665687,regular
5665687,regular
5665687,regular
5665687,regular
5684716,regular
5684716,regular
5684716,regular
5684716,regular
5684716,regular
5684716,regular
5684716,regular
5684716,regular
5684716,regular
5684716,regular
5601244,regular
5601244,regular
5601244,regular
5668910,regular
5668910,regular
5668910,regular
5668910,regular
5601244,regular
5601244,regular
5601244,regular
5601244,regular
5601244,regular
5601244,regular
5775973,regular
5775973,regular
5775973,regular
5775973,regular
5775973,regular
5775973,regular
5655793,deviant
5655793,deviant
5655793,deviant
5655793,deviant
5655793,deviant
5655793,deviant
5655793,deviant
5655793,deviant
5655793,deviant
5655793,deviant
5655793,deviant
5655793,deviant
5655793,deviant
5696994,regular
5696994,regular
5696994,regular
5696994,regular
5696994,regular
5696994,regular
5696994,regular
5696994,regular
5696994,regular
5696994,regular
5696994,regular
5696994,regular
5696994,regular
5696994,regular
5696994,regular
5696994,regular
5696994,regular
5696994,regular
5358407,regular
5358407,regular
5358407,regular
5671365,regular
5671365,regular
5671365,regular
5684716,regular
5684716,regular
5784517,regular
5789278,regular
5684716,regular
5684716,regular
5684716,regular
5684716,regular
5696994,regular
5696994,regular
5696994,regular
5628953,regular
5628953,regular
5628953,regular
5628953,regular
5628953,regular
5628953,regular
5628953,regular
5628953,regular
5628953,regular
5628953,regular
5628953,regular
5628953,regular
5684716,regular
5684716,regular
5684716,regular
5684716,regular
5684716,regular
5684716,regular
5684716,regular
5684716,regular
5684716,regular
5727122,regular
5727122,regular
5727122,regular
5727122,regular
5727122,regular
5727122,regular
5727122,regular
5727122,regular
5727122,regular
5727122,regular
5727122,regular
5671365,regular
5671365,regular
5671365,regular
5671365,regular
5671365,regular
5671365,regular
5671365,regular
5671365,regular
5671365,regular
5718151,deviant
5788617,regular
5790129,regular
5793166,deviant
5798310,regular
5802744,regular
5358407,regular
5358407,regular
5358407,regular
5358407,regular
5358407,regular
5358407,regular
5358407,regular
5358407,regular
5578213,regular
5784517,regular
5784517,regular
5784517,regular
5784517,regular
5784517,regular
5784517,regular
5718151,deviant
5718151,deviant
5718151,deviant
5718151,deviant
5727122,regular
5727122,regular
5727122,regular
5727122,regular
5727122,regular
5727122,regular
5727122,regular
5726442,deviant
5727069,regular
5727069,regular
5727069,regular
5770442,regular
5770442,regular
5770442,regular
5770442,regular
5770442,regular
5770442,regular
5770442,regular
5770442,regular
5726442,deviant
5726442,deviant
5726442,deviant
5726442,deviant
5726442,deviant
5726442,deviant
5799226,regular
5727122,regular
5727122,regular
5727122,regular
5793686,regular
5799860,regular
5732405,regular
5759916,deviant
5759916,deviant
5759916,deviant
5740160,regular
5740160,regular
5740160,regular
5763108,regular
5763108,regular
5763108,regular
3903253,regular
3903253,regular
3903253,regular
3903253,regular
3903253,regular
3903253,regular
3903253,regular
3903253,regular
5784152,deviant
5784152,deviant
5784152,deviant
5784152,deviant
5784152,deviant
5784152,deviant
5788617,regular
5788617,regular
5788617,regular
5788617,regular
5788617,regular
5788617,regular
5789278,regular
5789278,regular
5789278,regular
5789278,regular
5789278,regular
5789278,regular
5790129,regular
5790129,regular
5790129,regular
5790129,regular
5790129,regular
5790129,regular
5727122,regular
5727122,regular
5727122,regular
5727122,regular
5727122,regular
5727122,regular
5727122,regular
5229955,regular
5229955,regular
5229955,regular
5229955,regular
5229955,regular
5229955,regular
5229955,regular
5229955,regular
5229955,regular
5229955,regular
5229955,regular
5229955,regular
5807383,regular
5807976,regular
5793166,deviant
5793166,deviant
5793166,deviant
5793686,regular
5793686,regular
5793686,regular
5793686,regular
5793686,regular
5793686,regular
5585560,deviant
5608601,deviant
5652360,regular
5696994,regular
5696994,regular
5727069,regular
5759916,deviant
5770442,regular
5770442,regular
5793166,deviant
5811867,regular
5585560,deviant
5585560,deviant
5585560,deviant
5585560,deviant
5585560,deviant
5585560,deviant
5585560,deviant
5585560,deviant
5585560,deviant
5585560,deviant
5585560,deviant
5585560,deviant
5585560,deviant
5585560,deviant
5585560,deviant
5585560,deviant
5585560,deviant
5585560,deviant
5585560,deviant
5585560,deviant
5585560,deviant
5585560,deviant
5585560,deviant
5608601,deviant
5608601,deviant
5608601,deviant
5608601,deviant
5608601,deviant
5608601,deviant
5608601,deviant
5608601,deviant
5608601,deviant
5652360,regular
5652360,regular
5652360,regular
5652360,regular
5652360,regular
5652360,regular
5652360,regular
5652360,regular
5652360,regular
5652360,regular
5652360,regular
5652360,regular
5652360,regular
5652360,regular
5652360,regular
5652360,regular
5652360,regular
5652360,regular
5652360,regular
5652360,regular
5652360,regular
5652360,regular
5652360,regular
5652360,regular
5652360,regular
5727069,regular
5727069,regular
5727069,regular
5727069,regular
5727069,regular
5727069,regular
5727069,regular
5727069,regular
5727069,regular
5727069,regular
5727069,regular
5727069,regular
5727069,regular
5727069,regular
5727069,regular
5727069,regular
5727069,regular
5727069,regular
5727069,regular
5727069,regular
5727069,regular
5727069,regular
5727069,regular
5727069,regular
5727069,regular
5798310,regular
5798310,regular
5798310,regular
5798310,regular
5798310,regular
5798310,regular
5711808,deviant
5711808,deviant
5711808,deviant
5711808,deviant
5711808,deviant
5793166,deviant
5793166,deviant
5799860,regular
5799860,regular
5799860,regular
5799860,regular
5799860,regular
5799860,regular
5770442,regular
5770442,regular
5770442,regular
5770442,regular
5770442,regular
5770442,regular
5770442,regular
5770442,regular
5770442,regular
5770442,regular
5770442,regular
5770442,regular
5770442,regular
5770442,regular
5770442,regular
5770442,regular
5799226,regular
5799226,regular
5799226,regular
5799226,regular
5799226,regular
5799226,regular
5770442,regular
5770442,regular
5770442,regular
5770442,regular
5770442,regular
5770442,regular
5770442,regular
5770442,regular
5770442,regular
5770442,regular
5770442,regular
5770442,regular
5770442,regular
5802744,regular
5802744,regular
5802744,regular
5802744,regular
5802744,regular
5802744,regular
5759916,deviant
5759916,deviant
5759916,deviant
5759916,deviant
5759916,deviant
5759916,deviant
5759916,deviant
5676387,deviant
5812458,regular
5815689,regular
5696994,regular
5696994,regular
5696994,regular
5728393,deviant
5728393,deviant
5728393,deviant
5728393,deviant
5728393,deviant
5728393,deviant
5728393,deviant
5728393,deviant
5728393,deviant
5728393,deviant
5728393,deviant
5728393,deviant
5728393,deviant
5728393,deviant
5728393,deviant
5728393,deviant
5728393,deviant
5728393,deviant
5728393,deviant
5728393,deviant
5728393,deviant
5728393,deviant
5728393,deviant
5790129,regular
5790129,regular
5790129,regular
5790129,regular
5790129,regular
5790129,regular
5790129,regular
5790129,regular
5790129,regular
5790129,regular
5790129,regular
5790129,regular
5790129,regular
5790129,regular
5790129,regular
5790129,regular
5790129,regular
5790129,regular
5790129,regular
5790129,regular
5790129,regular
5790129,regular
5676387,deviant
5676387,deviant
5676387,deviant
5676387,deviant
5676387,deviant
5676387,deviant
5676387,deviant
5676387,deviant
5807383,regular
5807383,regular
5807383,regular
5807383,regular
5807383,regular
5807383,regular
5807976,regular
5807976,regular
5807976,regular
5807976,regular
5807976,regular
5807976,regular
5759916,deviant
5759916,deviant
5774663,regular
5774663,regular
5774663,regular
5774663,regular
5774663,regular
5774663,regular
5774663,regular
5774663,regular
5774663,regular
5774663,regular
5774663,regular
5774663,regular
5774663,regular
5774663,regular
5774663,regular
5774663,regular
5774663,regular
5774663,regular
5774663,regular
5774663,regular
5774663,regular
5774663,regular
5775973,regular
5775973,regular
5775973,regular
5775973,regular
5789278,regular
5789278,regular
5789278,regular
5789278,regular
5784152,deviant
5784152,deviant
5784152,deviant
5784152,deviant
5784152,deviant
5784152,deviant
5784152,deviant
5784152,deviant
5784152,deviant
5784152,deviant
5784152,deviant
5784152,deviant
5676387,deviant
5728393,deviant
5728393,deviant
5774663,regular
5774663,regular
5790129,regular
5790129,regular
5784152,deviant
5784152,deviant
5784152,deviant
5774663,regular
5774663,regular
5774663,regular
5774663,regular
5774663,regular
5774663,regular
5774663,regular
5774663,regular
5790129,regular
5790129,regular
5790129,regular
5790129,regular
5790129,regular
5790129,regular
5790129,regular
5790129,regular
5728393,deviant
5728393,deviant
5728393,deviant
5728393,deviant
5728393,deviant
5763108,regular
5728393,deviant
5728393,deviant
5728393,deviant
5728393,deviant
5728393,deviant
5728393,deviant
5728393,deviant
5728393,deviant
5676387,deviant
5811867,regular
5811867,regular
5676387,deviant
5676387,deviant
5676387,deviant
5676387,deviant
5811867,regular
5811867,regular
5811867,regular
5811867,regular
5775973,regular
5775973,regular
5775973,regular
5775973,regular
5775973,regular
5775973,regular
5775973,regular
5775973,regular
5775973,regular
5775973,regular
5775973,regular
5775973,regular
5775973,regular
5775973,regular
5775973,regular
5775973,regular
5775973,regular
5775973,regular
5775973,regular
5775973,regular
5812458,regular
5812458,regular
5812458,regular
5812458,regular
5812458,regular
5812458,regular
5774663,regular
5774663,regular
5774663,regular
5774663,regular
5774663,regular
5774663,regular
5774663,regular
5790129,regular
5790129,regular
5790129,regular
5790129,regular
5790129,regular
5790129,regular
5790129,regular
5788617,regular
5788617,regular
5788617,regular
5788617,regular
5229955,regular
5817853,deviant
5775973,regular
5775973,regular
5818500,regular
5825785,regular
5826301,deviant
5831502,regular
5784517,regular
5784517,regular
5784517,regular
5815689,regular
5815689,regular
5815689,regular
5815689,regular
5815689,regular
5815689,regular
5793686,regular
5793686,regular
5793686,regular
5793686,regular
5775973,regular
5775973,regular
5775973,regular
5775973,regular
5775973,regular
5775973,regular
5775973,regular
5775973,regular
5775973,regular
5775973,regular
5775973,regular
5775973,regular
5775973,regular
5689862,deviant
5689862,deviant
5689862,deviant
5689862,deviant
5689862,deviant
5689862,deviant
5689862,deviant
5689862,deviant
5689862,deviant
5689862,deviant
5689862,deviant
5818500,regular
5818500,regular
5818500,regular
5818500,regular
5818500,regular
5818500,regular
5817853,deviant
5817853,deviant
5817853,deviant
5817853,deviant
5817853,deviant
5817853,deviant
5793686,regular
5793686,regular
5793686,regular
5793686,regular
5729173,regular
5729173,regular
5788617,regular
5793686,regular
5793686,regular
5793686,regular
5793686,regular
5793686,regular
5793686,regular
5793686,regular
5793686,regular
5793686,regular
5793686,regular
5793686,regular
5793686,regular
5793686,regular
5793686,regular
5793686,regular
5793686,regular
5668910,regular
5668910,regular
5668910,regular
5668910,regular
5668910,regular
5668910,regular
5668910,regular
5668910,regular
5793686,regular
5793686,regular
5793686,regular
5793686,regular
5793686,regular
5788617,regular
5788617,regular
5788617,regular
5788617,regular
5788617,regular
5788617,regular
5788617,regular
5788617,regular
5788617,regular
5788617,regular
5788617,regular
5788617,regular
5788617,regular
5788617,regular
5788617,regular
5788617,regular
5788617,regular
5788617,regular
5788617,regular
5788617,regular
5788617,regular
5788617,regular
5788617,regular
5788617,regular
5702384,regular
5702384,regular
5702384,regular
5702384,regular
5702384,regular
5702384,regular
5702384,regular
5702384,regular
5702384,regular
5702384,regular
5702384,regular
5702384,regular
5702384,regular
5702384,regular
5702384,regular
5702384,regular
5702384,regular
5702384,regular
5702384,regular
5702384,regular
5729173,regular
5729173,regular
5729173,regular
5729173,regular
5729173,regular
5729173,regular
5729173,regular
5729173,regular
5729173,regular
5729173,regular
5729173,regular
5729173,regular
5729173,regular
5729173,regular
5729173,regular
5729173,regular
5729173,regular
5729173,regular
5729173,regular
5729173,regular
5729173,regular
5729173,regular
5729173,regular
5729173,regular
5729173,regular
5729173,regular
5729173,regular
5668910,regular
5668910,regular
5729173,regular
5788617,regular
5837686,regular
6017899,regular
5825785,regular
5825785,regular
5825785,regular
5825785,regular
5825785,regular
5825785,regular
5826301,deviant
5826301,deviant
5826301,deviant
5826301,deviant
5826301,deviant
5826301,deviant
5788617,regular
5788617,regular
5788617,regular
5788617,regular
5788617,regular
5788617,regular
5788617,regular
5788617,regular
5788617,regular
5668910,regular
5668910,regular
5668910,regular
5668910,regular
5668910,regular
5668910,regular
5668910,regular
5668910,regular
5668910,regular
5668910,regular
5668910,regular
5668910,regular
5668910,regular
5799226,regular
5799226,regular
5799226,regular
5799226,regular
5798310,regular
5798310,regular
5798310,regular
5798310,regular
5799860,regular
5799860,regular
5799860,regular
5815689,regular
5815689,regular
5815689,regular
5468125,deviant
5468125,deviant
5468125,deviant
5468125,deviant
5799226,regular
5799226,regular
5799226,regular
5799226,regular
5799226,regular
5799226,regular
5799226,regular
5799226,regular
5799226,regular
5799226,regular
5799226,regular
5799226,regular
5799226,regular
5799226,regular
5799226,regular
5799226,regular
5799226,regular
5799226,regular
5799226,regular
5689862,deviant
5689862,deviant
5811867,regular
5838196,deviant
5842242,regular
5686234,regular
5686234,regular
5686234,regular
5686234,regular
5686234,regular
5686234,regular
5686234,regular
5686234,regular
5686234,regular
5686234,regular
5686234,regular
5686234,regular
5686234,regular
5686234,regular
5686234,regular
5686234,regular
5686234,regular
5686234,regular
5686234,regular
5686234,regular
5686234,regular
5831502,regular
5831502,regular
5831502,regular
5831502,regular
5831502,regular
5831502,regular
5689862,deviant
5689862,deviant
5689862,deviant
5689862,deviant
5689862,deviant
5689862,deviant
5689862,deviant
5689862,deviant
5689862,deviant
5689862,deviant
5689862,deviant
5689862,deviant
5689862,deviant
5689862,deviant
5689862,deviant
5726442,deviant
5726442,deviant
5726442,deviant
5726442,deviant
5726442,deviant
5726442,deviant
5689862,deviant
5689862,deviant
5689862,deviant
5689862,deviant
5689862,deviant
5726442,deviant
5726442,deviant
5726442,deviant
5689862,deviant
5689862,deviant
5689862,deviant
5689862,deviant
5689862,deviant
5689862,deviant
5689862,deviant
5811867,regular
5811867,regular
5811867,regular
5811867,regular
5811867,regular
5811867,regular
5811867,regular
5811867,regular
5811867,regular
5811867,regular
5811867,regular
5811867,regular
5811867,regular
5811867,regular
5811867,regular
5811867,regular
5811867,regular
5811867,regular
5811867,regular
5811867,regular
5811867,regular
5811867,regular
5811867,regular
5811867,regular
5811867,regular
5811867,regular
5811867,regular
5811867,regular
5811867,regular
5793166,deviant
5793166,deviant
5793166,deviant
5799226,regular
5799226,regular
5799226,regular
5799226,regular
5673902,regular
5799860,regular
5799860,regular
5818500,regular
5818500,regular
5818500,regular
5818500,regular
5818500,regular
5818500,regular
5818500,regular
5818500,regular
5818500,regular
5818500,regular
5818500,regular
5818500,regular
5585560,deviant
5585560,deviant
5608601,deviant
5608601,deviant
5673902,regular
5673902,regular
5673902,regular
5673902,regular
5673902,regular
5673902,regular
5673902,regular
5673902,regular
5673902,regular
5673902,regular
5673902,regular
5673902,regular
5673902,regular
5673902,regular
5673902,regular
5673902,regular
5673902,regular
5673902,regular
5673902,regular
5673902,regular
5673902,regular
5799860,regular
5799860,regular
5799860,regular
5799860,regular
5799860,regular
5799860,regular
5799860,regular
5799860,regular
5799860,regular
5799860,regular
5799860,regular
5799860,regular
5799860,regular
5799860,regular
5799860,regular
5799860,regular
5799860,regular
5799860,regular
5799860,regular
5799860,regular
5799860,regular
5686234,regular
5686234,regular
5686234,regular
5799860,regular
5799860,regular
5799860,regular
5799860,regular
5837686,regular
5837686,regular
5837686,regular
5837686,regular
5837686,regular
5837686,regular
5838196,deviant
5838196,deviant
5838196,deviant
5838196,deviant
5838196,deviant
5838196,deviant
5798310,regular
5798310,regular
5798310,regular
5798310,regular
5798310,regular
5798310,regular
5798310,regular
5798310,regular
5798310,regular
5798310,regular
5798310,regular
5798310,regular
5798310,regular
5798310,regular
5798310,regular
5798310,regular
5798310,regular
5798310,regular
5798310,regular
5798310,regular
5815689,regular
5815689,regular
5815689,regular
5815689,regular
5815689,regular
5815689,regular
5815689,regular
5815689,regular
5815689,regular
5815689,regular
5815689,regular
5815689,regular
5815689,regular
5815689,regular
5815689,regular
5815689,regular
5815689,regular
5815689,regular
5815689,regular
5815689,regular
5798310,regular
5798310,regular
5798310,regular
5686234,regular
5686234,regular
5686234,regular
5712268,regular
5798310,regular
5798310,regular
5798310,regular
5817853,deviant
5846182,deviant
5846635,regular
5847457,regular
5852190,regular
5852705,regular
5711808,deviant
5711808,deviant
5711808,deviant
5711808,deviant
5711808,deviant
5711808,deviant
5711808,deviant
5711808,deviant
5711808,deviant
5711808,deviant
5711808,deviant
5711808,deviant
5711808,deviant
5711808,deviant
5759916,deviant
5759916,deviant
5759916,deviant
5759916,deviant
5712268,regular
5712268,regular
5712268,regular
5712268,regular
5712268,regular
5712268,regular
5712268,regular
5712268,regular
5712268,regular
5712268,regular
5712268,regular
5712268,regular
5712268,regular
5712268,regular
5712268,regular
5712268,regular
5712268,regular
5712268,regular
5712268,regular
5712268,regular
5712268,regular
5712268,regular
5712268,regular
5712268,regular
5652360,regular
5652360,regular
5842242,regular
5842242,regular
5842242,regular
5842242,regular
5842242,regular
5842242,regular
5740160,regular
5825785,regular
5825785,regular
5825785,regular
5831502,regular
5831502,regular
5831502,regular
5740160,regular
5740160,regular
5740160,regular
5740160,regular
5740160,regular
5740160,regular
5740160,regular
5740160,regular
5740160,regular
5740160,regular
5740160,regular
5740160,regular
5740160,regular
5740160,regular
5740160,regular
5740160,regular
5740160,regular
5740160,regular
5740160,regular
5740160,regular
5807383,regular
5807383,regular
5807383,regular
5802744,regular
5802744,regular
5802744,regular
5712268,regular
5686234,regular
5686234,regular
5686234,regular
5686234,regular
5686234,regular
5686234,regular
5686234,regular
5686234,regular
5686234,regular
5799860,regular
5799860,regular
5799860,regular
5799860,regular
5799860,regular
5799860,regular
5799860,regular
5799860,regular
5799860,regular
5807976,regular
5807976,regular
5807976,regular
5798310,regular
5798310,regular
5798310,regular
5798310,regular
5798310,regular
5798310,regular
5798310,regular
5798310,regular
5798310,regular
5740160,regular
5740160,regular
5740160,regular
5817853,deviant
5817853,deviant
5817853,deviant
5817853,deviant
5817853,deviant
5817853,deviant
5817853,deviant
5817853,deviant
5817853,deviant
5817853,deviant
5826301,deviant
5826301,deviant
5826301,deviant
5826301,deviant
5826301,deviant
5826301,deviant
5826301,deviant
5826301,deviant
5826301,deviant
5826301,deviant
5711808,deviant
5711808,deviant
5826301,deviant
5826301,deviant
5826301,deviant
5711808,deviant
5711808,deviant
5711808,deviant
5711808,deviant
5711808,deviant
5711808,deviant
5711808,deviant
5711808,deviant
5711808,deviant
5711808,deviant
5711808,deviant
5702384,regular
5702384,regular
5740160,regular
5740160,regular
5740160,regular
5851496,deviant
5854342,regular
5711808,deviant
5711808,deviant
5711808,deviant
5711808,deviant
5711808,deviant
5711808,deviant
5711808,deviant
5711808,deviant
5807976,regular
5807976,regular
5807976,regular
5807976,regular
5807976,regular
5807976,regular
5807976,regular
5711808,deviant
5711808,deviant
5711808,deviant
5807976,regular
5807976,regular
5807976,regular
5846182,deviant
5846182,deviant
5846182,deviant
5846182,deviant
5807976,regular
5807976,regular
5807976,regular
5807976,regular
5807976,regular
5807976,regular
5807976,regular
5807976,regular
5807976,regular
5807976,regular
5807976,regular
5846182,deviant
5846182,deviant
5846635,regular
5846635,regular
5846635,regular
5846635,regular
5846635,regular
5846635,regular
5702384,regular
5702384,regular
5702384,regular
5702384,regular
5702384,regular
5702384,regular
5702384,regular
5702384,regular
5702384,regular
5847457,regular
5847457,regular
5847457,regular
5847457,regular
5847457,regular
5847457,regular
5702384,regular
5702384,regular
5702384,regular
5702384,regular
5702384,regular
5741486,deviant
5741486,deviant
5741486,deviant
5741486,deviant
5741486,deviant
5741486,deviant
5784517,regular
5784517,regular
5789278,regular
5789278,regular
5860008,regular
5807976,regular
5807976,regular
5807976,regular
5799226,regular
5799226,regular
5799226,regular
5799226,regular
5799226,regular
5799226,regular
5812458,regular
5812458,regular
5812458,regular
5812458,regular
5812458,regular
5812458,regular
5812458,regular
5812458,regular
5771397,regular
5771397,regular
5771397,regular
5771397,regular
5771397,regular
5771397,regular
5771397,regular
5771397,regular
5740160,regular
5740160,regular
5740160,regular
5740160,regular
5740160,regular
5740160,regular
5740160,regular
5740160,regular
5740160,regular
5789278,regular
5789278,regular
5789278,regular
5789278,regular
5789278,regular
5789278,regular
5789278,regular
5789278,regular
5789278,regular
5789278,regular
5789278,regular
5789278,regular
5789278,regular
5789278,regular
5789278,regular
5789278,regular
5789278,regular
5789278,regular
5789278,regular
5789278,regular
5789278,regular
5789278,regular
5789278,regular
5789278,regular
5789278,regular
5789278,regular
5784517,regular
5784517,regular
5784517,regular
5784517,regular
5784517,regular
5784517,regular
5784517,regular
5784517,regular
5784517,regular
5784517,regular
5784517,regular
5784517,regular
5784517,regular
5784517,regular
5784517,regular
5784517,regular
5784517,regular
5784517,regular
5784517,regular
5784517,regular
5784517,regular
5784517,regular
5784517,regular
5784517,regular
5784517,regular
5784517,regular
5784517,regular
5851496,deviant
5851496,deviant
5851496,deviant
5851496,deviant
5851496,deviant
5851496,deviant
5763108,regular
5763108,regular
5763108,regular
5763108,regular
5763108,regular
5763108,regular
5763108,regular
5763108,regular
5763108,regular
5763108,regular
5763108,regular
5763108,regular
5763108,regular
5763108,regular
5763108,regular
5763108,regular
5763108,regular
5763108,regular
5852190,regular
5852190,regular
5852190,regular
5852190,regular
5852190,regular
5852190,regular
5852705,regular
5852705,regular
5852705,regular
5852705,regular
5852705,regular
5852705,regular
5784517,regular
5784517,regular
5784517,regular
5784517,regular
5784517,regular
5784517,regular
5784517,regular
5789278,regular
5789278,regular
5789278,regular
5789278,regular
5789278,regular
5789278,regular
5789278,regular
5854342,regular
5854342,regular
5854342,regular
5854342,regular
5854342,regular
5711808,deviant
5711808,deviant
5711808,deviant
5741486,deviant
5854342,regular
5864510,regular
5711808,deviant
5711808,deviant
5711808,deviant
5711808,deviant
5711808,deviant
5711808,deviant
5711808,deviant
5711808,deviant
5711808,deviant
5713800,regular
5713800,regular
5713800,regular
5713800,regular
5713800,regular
5713800,regular
5713800,regular
5713800,regular
5713800,regular
5713800,regular
5713800,regular
5713800,regular
5713800,regular
5713800,regular
5713800,regular
5713800,regular
5713800,regular
5713800,regular
5713800,regular
5713800,regular
5726442,deviant
5726442,deviant
5726442,deviant
5726442,deviant
5817853,deviant
5817853,deviant
5817853,deviant
5817853,deviant
5817853,deviant
5817853,deviant
5837686,regular
5837686,regular
5837686,regular
5837686,regular
5837686,regular
5837686,regular
5713800,regular
5713800,regular
5852705,regular
5852705,regular
5852705,regular
5852705,regular
5842242,regular
5842242,regular
5842242,regular
5842242,regular
5860008,regular
5860008,regular
5860008,regular
5860008,regular
5860008,regular
5860008,regular
5713800,regular
5713800,regular
5713800,regular
5713800,regular
5713800,regular
5713800,regular
5713800,regular
5713800,regular
5713800,regular
5713800,regular
5713800,regular
5713800,regular
5713800,regular
5847457,regular
5847457,regular
5847457,regular
5846182,deviant
5846182,deviant
5846182,deviant
5846182,deviant
5846182,deviant
5846182,deviant
5846182,deviant
5846182,deviant
5846182,deviant
5846182,deviant
5846182,deviant
5696483,deviant
5696483,deviant
5696483,deviant
5696483,deviant
5696483,deviant
5696483,deviant
5696483,deviant
5846635,regular
5846635,regular
5846635,regular
5846635,regular
5846635,regular
5846635,regular
5846635,regular
5846635,regular
5851496,deviant
5851496,deviant
5851496,deviant
5851496,deviant
5851496,deviant
5851496,deviant
5851496,deviant
5851496,deviant
5851496,deviant
5851496,deviant
5851496,deviant
5838196,deviant
5838196,deviant
5838196,deviant
5718151,deviant
5718151,deviant
5718151,deviant
5718151,deviant
5718151,deviant
5718151,deviant
4827129,regular
4827129,regular
4827129,regular
4827129,regular
4827129,regular
4827129,regular
4827129,regular
4827129,regular
4827129,regular
4827129,regular
4827129,regular
4827129,regular
4827129,regular
4827129,regular
4827129,regular
5867624,regular
5864510,regular
5868110,regular
5454543,regular
5454543,regular
5454543,regular
5726442,deviant
5726442,deviant
5726442,deviant
5726442,deviant
5726442,deviant
5726442,deviant
5726442,deviant
5726442,deviant
5726442,deviant
5726442,deviant
5726442,deviant
5726442,deviant
5726442,deviant
5726442,deviant
5726442,deviant
5726442,deviant
5864510,regular
5864510,regular
5864510,regular
5864510,regular
5864510,regular
5846182,deviant
5846182,deviant
5846182,deviant
5807976,regular
5807976,regular
5807976,regular
5812458,regular
5812458,regular
5879420,deviant
5826301,deviant
5826301,deviant
5826301,deviant
5826301,deviant
5826301,deviant
5826301,deviant
5826301,deviant
5826301,deviant
5826301,deviant
5826301,deviant
5826301,deviant
5826301,deviant
5826301,deviant
5826301,deviant
5826301,deviant
5807976,regular
5807976,regular
5807976,regular
5807976,regular
5807976,regular
5807976,regular
5807976,regular
5807976,regular
5807976,regular
5799226,regular
5799226,regular
5799226,regular
5799226,regular
5799226,regular
5799226,regular
5799226,regular
5799226,regular
5867624,regular
5867624,regular
5867624,regular
5867624,regular
5867624,regular
5867624,regular
5868110,regular
5868110,regular
5868110,regular
5868110,regular
5868110,regular
5868110,regular
5799226,regular
5799226,regular
5879932,regular
5799226,regular
5799226,regular
5799226,regular
5799226,regular
5864510,regular
5864510,regular
5864510,regular
5864510,regular
5864510,regular
5864510,regular
5864510,regular
5741486,deviant
5741486,deviant
5741486,deviant
5741486,deviant
5741486,deviant
5741486,deviant
5754715,regular
5754715,regular
5754715,regular
5754715,regular
5754715,regular
5754715,regular
5754715,regular
5754715,regular
5754715,regular
5754715,regular
5754715,regular
5864510,regular
5864510,regular
5864510,regular
5864510,regular
5864510,regular
5864510,regular
5864510,regular
5864510,regular
5864510,regular
5864510,regular
5864510,regular
5864510,regular
5864510,regular
5864510,regular
5864510,regular
5864510,regular
5864510,regular
5842242,regular
5842242,regular
5842242,regular
5842242,regular
5842242,regular
5842242,regular
5842242,regular
5842242,regular
5842242,regular
5842242,regular
5842242,regular
5842242,regular
5881806,regular
5799226,regular
5799226,regular
5799226,regular
5799226,regular
5799226,regular
5799226,regular
5799226,regular
5799226,regular
5799226,regular
5741486,deviant
5741486,deviant
5741486,deviant
5741486,deviant
5741486,deviant
5879932,regular
5879932,regular
5879932,regular
5879932,regular
5879932,regular
5879932,regular
5879420,deviant
5879420,deviant
5879420,deviant
5879420,deviant
5879420,deviant
5879420,deviant
5881806,regular
5881806,regular
5881806,regular
5881806,regular
5881806,regular
5881806,regular
4827129,regular
5887686,regular
5893421,deviant
5894137,deviant
5894171,regular
5784152,deviant
5784152,deviant
5784152,deviant
5784152,deviant
5896977,regular
5802744,regular
5802744,regular
5802744,regular
5802744,regular
5802744,regular
5802744,regular
5802744,regular
5802744,regular
5802744,regular
5802744,regular
5802744,regular
5802744,regular
5802744,regular
5802744,regular
5802744,regular
5802744,regular
5802744,regular
5802744,regular
5802744,regular
5802744,regular
5802744,regular
5868110,regular
5868110,regular
5868110,regular
5868110,regular
5868110,regular
5868110,regular
5868110,regular
5868110,regular
5868110,regular
5868110,regular
5868110,regular
5868110,regular
5868110,regular
5868110,regular
5868110,regular
5868110,regular
5868110,regular
5868110,regular
5868110,regular
5868110,regular
5868110,regular
5868110,regular
5868110,regular
5868110,regular
5868110,regular
5868110,regular
5868110,regular
5887686,regular
5887686,regular
5887686,regular
5887686,regular
5887686,regular
5887686,regular
5868110,regular
5868110,regular
5895112,regular
5896528,regular
5729173,regular
5868110,regular
5868110,regular
5868110,regular
5933808,regular
5893421,deviant
5893421,deviant
5893421,deviant
5893421,deviant
5893421,deviant
5893421,deviant
5894171,regular
5894171,regular
5894171,regular
5894171,regular
5894171,regular
5894171,regular
5895112,regular
5895112,regular
5895112,regular
5895112,regular
5895112,regular
5895112,regular
5894137,deviant
5894137,deviant
5894137,deviant
5894137,deviant
5894137,deviant
5894137,deviant
5896528,regular
5896528,regular
5896528,regular
5896528,regular
5896528,regular
5896528,regular
5896977,regular
5896977,regular
5896977,regular
5896977,regular
5896977,regular
5896977,regular
5942699,deviant
5741486,deviant
5741486,deviant
5741486,deviant
5741486,deviant
5741486,deviant
5741486,deviant
5741486,deviant
5741486,deviant
5741486,deviant
5741486,deviant
5741486,deviant
5741486,deviant
5741486,deviant
5741486,deviant
5741486,deviant
5741486,deviant
5741486,deviant
5741486,deviant
5741486,deviant
5741486,deviant
5741486,deviant
5741486,deviant
5741486,deviant
5763108,regular
5763108,regular
5763108,regular
5763108,regular
5763108,regular
5793166,deviant
5793166,deviant
5793166,deviant
5793166,deviant
5793166,deviant
5793166,deviant
5793166,deviant
5793166,deviant
5802744,regular
5802744,regular
5802744,regular
5817853,deviant
5817853,deviant
5817853,deviant
5817853,deviant
5817853,deviant
5817853,deviant
5817853,deviant
5817853,deviant
5817853,deviant
5817853,deviant
5817853,deviant
5817853,deviant
5817853,deviant
5817853,deviant
5817853,deviant
5817853,deviant
5817853,deviant
5817853,deviant
5817853,deviant
5817853,deviant
5817853,deviant
5818500,regular
5818500,regular
5818500,regular
5818500,regular
5818500,regular
5818500,regular
5818500,regular
5818500,regular
5818500,regular
5818500,regular
5818500,regular
5818500,regular
5837686,regular
5837686,regular
5837686,regular
5837686,regular
5837686,regular
5837686,regular
5837686,regular
5837686,regular
5837686,regular
5837686,regular
5837686,regular
5837686,regular
5837686,regular
5837686,regular
5837686,regular
5837686,regular
5837686,regular
5837686,regular
5846182,deviant
5846182,deviant
5846182,deviant
5846182,deviant
5846182,deviant
5846182,deviant
5846182,deviant
5846182,deviant
5846182,deviant
5846182,deviant
5846182,deviant
5846182,deviant
5846182,deviant
5846182,deviant
5846182,deviant
5846182,deviant
5846182,deviant
5846182,deviant
5846182,deviant
5846182,deviant
5852705,regular
5852705,regular
5852705,regular
5852705,regular
5852705,regular
5852705,regular
5852705,regular
5852705,regular
5852705,regular
5852705,regular
5852705,regular
5852705,regular
5852705,regular
5852705,regular
5852705,regular
5852705,regular
5852705,regular
5852705,regular
5933808,regular
5933808,regular
5933808,regular
5933808,regular
5933808,regular
5947299,regular
5933808,regular
5852705,regular
5585560,deviant
5585560,deviant
5608601,deviant
5608601,deviant
5652360,regular
5652360,regular
5741486,deviant
5741486,deviant
5741486,deviant
5741486,deviant
5741486,deviant
5741486,deviant
5741486,deviant
5741486,deviant
5741486,deviant
5741486,deviant
5807383,regular
5807383,regular
5807383,regular
5807383,regular
5807383,regular
5807383,regular
5807383,regular
5807383,regular
5807383,regular
5807383,regular
5807383,regular
5807383,regular
5807383,regular
5807383,regular
5807383,regular
5807383,regular
5807383,regular
5807383,regular
5807383,regular
5807383,regular
5807383,regular
5807383,regular
5807383,regular
5807383,regular
5817853,deviant
5817853,deviant
5817853,deviant
5817853,deviant
5817853,deviant
5817853,deviant
5817853,deviant
5817853,deviant
5817853,deviant
5818500,regular
5818500,regular
5818500,regular
5818500,regular
5818500,regular
5818500,regular
5818500,regular
5818500,regular
5818500,regular
5837686,regular
5837686,regular
5837686,regular
5837686,regular
5837686,regular
5837686,regular
5837686,regular
5842242,regular
5842242,regular
5842242,regular
5842242,regular
5842242,regular
5842242,regular
5842242,regular
5846182,deviant
5846182,deviant
5846182,deviant
5846182,deviant
5846182,deviant
5846182,deviant
5846182,deviant
5846182,deviant
5846182,deviant
5846182,deviant
5817853,deviant
5818500,regular
5837686,regular
5741486,deviant
5741486,deviant
5652360,regular
5652360,regular
5652360,regular
5652360,regular
5652360,regular
5652360,regular
5652360,regular
5652360,regular
5652360,regular
5652360,regular
5763108,regular
5763108,regular
5763108,regular
5763108,regular
5763108,regular
5763108,regular
5763108,regular
5763108,regular
5763108,regular
5763108,regular
5784152,deviant
5784152,deviant
5784152,deviant
5802744,regular
5802744,regular
5802744,regular
5802744,regular
5802744,regular
5802744,regular
5802744,regular
5802744,regular
5802744,regular
5802744,regular
5817853,deviant
5817853,deviant
5817853,deviant
5817853,deviant
5817853,deviant
5818500,regular
5818500,regular
5818500,regular
5818500,regular
5818500,regular
5837686,regular
5837686,regular
5837686,regular
5837686,regular
5837686,regular
5846182,deviant
5846182,deviant
5846182,deviant
5846182,deviant
5846182,deviant
5893421,deviant
5894171,regular
5894171,regular
5894171,regular
5896977,regular
5896977,regular
5896977,regular
5942699,deviant
5942699,deviant
5942699,deviant
5942699,deviant
5942699,deviant
5956801,regular
5837686,regular
5837686,regular
5763108,regular
5763108,regular
5942699,deviant
5802744,regular
5802744,regular
5585560,deviant
5585560,deviant
5585560,deviant
5585560,deviant
5585560,deviant
5585560,deviant
5585560,deviant
5585560,deviant
5585560,deviant
5585560,deviant
5585560,deviant
5585560,deviant
5585560,deviant
5585560,deviant
5585560,deviant
5608601,deviant
5608601,deviant
5608601,deviant
5608601,deviant
5608601,deviant
5608601,deviant
5608601,deviant
5608601,deviant
5608601,deviant
5608601,deviant
5608601,deviant
5652360,regular
5652360,regular
5652360,regular
5652360,regular
5652360,regular
5652360,regular
5652360,regular
5652360,regular
5652360,regular
5652360,regular
5674440,regular
5674440,regular
5674440,regular
5674440,regular
5674440,regular
5674440,regular
5674440,regular
5674440,regular
5674440,regular
5674440,regular
5674440,regular
5674440,regular
5807383,regular
5807383,regular
5807383,regular
5807383,regular
5807383,regular
5807383,regular
5807383,regular
5807383,regular
5807383,regular
5807383,regular
5838196,deviant
5838196,deviant
5838196,deviant
5838196,deviant
5838196,deviant
5838196,deviant
5838196,deviant
5847457,regular
5847457,regular
5847457,regular
5847457,regular
5847457,regular
5893421,deviant
5893421,deviant
5893421,deviant
5893421,deviant
5893421,deviant
5893421,deviant
5893421,deviant
5893421,deviant
5893421,deviant
5893421,deviant
5893421,deviant
5947299,regular
5947299,regular
5947299,regular
5947299,regular
5947299,regular
5959558,regular
5960463,regular
5960997,regular
5585560,deviant
5608601,deviant
5947299,regular
5838196,deviant
5807383,regular
5807383,regular
5674440,regular
5674440,regular
5674440,regular
5652360,regular
5652360,regular
5608601,deviant
5608601,deviant
5608601,deviant
5608601,deviant
5608601,deviant
5608601,deviant
5608601,deviant
5608601,deviant
5965829,deviant
5966460,deviant
5608601,deviant
5608601,deviant
5846635,regular
5846635,regular
5846635,regular
5846635,regular
5846635,regular
5846635,regular
5846635,regular
5846635,regular
5846635,regular
5846635,regular
5846635,regular
5846635,regular
5846635,regular
5846635,regular
5846635,regular
5846635,regular
5846635,regular
5846635,regular
5846635,regular
5846635,regular
5846635,regular
5846635,regular
5846635,regular
5846635,regular
5846635,regular
5846635,regular
5846635,regular
5846635,regular
5847457,regular
5847457,regular
5847457,regular
5847457,regular
5847457,regular
5847457,regular
5847457,regular
5847457,regular
5847457,regular
5847457,regular
5847457,regular
5847457,regular
5847457,regular
5847457,regular
5847457,regular
5847457,regular
5860008,regular
5860008,regular
5860008,regular
5860008,regular
5956801,regular
5956801,regular
5956801,regular
5956801,regular
5956801,regular
5959558,regular
5959558,regular
5959558,regular
5959558,regular
5959558,regular
5960463,regular
5960463,regular
5960463,regular
5960463,regular
5960463,regular
5960997,regular
5960997,regular
5960997,regular
5960997,regular
5960997,regular
5961864,regular
5961864,regular
5961864,regular
5961864,regular
5961864,regular
5961864,regular
5956801,regular
5846635,regular
5846635,regular
5846635,regular
5959558,regular
5960463,regular
5960997,regular
5676387,deviant
5676387,deviant
5676387,deviant
5676387,deviant
5676387,deviant
5676387,deviant
5676387,deviant
5676387,deviant
5696483,deviant
5696483,deviant
5696483,deviant
5696483,deviant
5696483,deviant
5696483,deviant
5696483,deviant
5696483,deviant
5696483,deviant
5696483,deviant
5696483,deviant
5696483,deviant
5696483,deviant
5696483,deviant
5696483,deviant
5696483,deviant
5696483,deviant
5696483,deviant
5696483,deviant
5696483,deviant
5696483,deviant
5815689,regular
5815689,regular
5815689,regular
5815689,regular
5815689,regular
5815689,regular
5815689,regular
5815689,regular
5815689,regular
5815689,regular
5815689,regular
5815689,regular
5815689,regular
5842242,regular
5842242,regular
5842242,regular
5847457,regular
5847457,regular
5847457,regular
5852190,regular
5852190,regular
5852190,regular
5867624,regular
5867624,regular
5867624,regular
5879932,regular
5879932,regular
5879932,regular
5881806,regular
5881806,regular
5881806,regular
5887686,regular
5887686,regular
5887686,regular
5887686,regular
5895112,regular
5895112,regular
5895112,regular
5896528,regular
5896528,regular
5896528,regular
5896528,regular
5933808,regular
5933808,regular
5933808,regular
5933808,regular
5961864,regular
5965829,deviant
5965829,deviant
5965829,deviant
5965829,deviant
5965829,deviant
5965829,deviant
5966460,deviant
5966460,deviant
5966460,deviant
5966460,deviant
5966460,deviant
5971639,deviant
5676387,deviant
5676387,deviant
5965829,deviant
5966460,deviant
5947299,regular
5947299,regular
5947299,regular
5947299,regular
5947299,regular
5947299,regular
5956801,regular
5956801,regular
5956801,regular
5956801,regular
5960463,regular
5960463,regular
5960463,regular
5960463,regular
5960463,regular
5960463,regular
5960463,regular
5960463,regular
5960463,regular
5960463,regular
5960463,regular
5960463,regular
5960463,regular
5960463,regular
5960463,regular
5960463,regular
5960463,regular
5960463,regular
5960463,regular
5960463,regular
5960463,regular
5960463,regular
5960463,regular
5960463,regular
5960463,regular
5960463,regular
5960997,regular
5960997,regular
5960997,regular
5960997,regular
5960997,regular
5960997,regular
5960997,regular
5960997,regular
5960997,regular
5960997,regular
5960997,regular
5960997,regular
5960997,regular
5960997,regular
5960997,regular
5960997,regular
5960997,regular
5961864,regular
5961864,regular
5961864,regular
5961864,regular
5961864,regular
5961864,regular
5961864,regular
5961864,regular
5961864,regular
5961864,regular
5961864,regular
5961864,regular
5961864,regular
5961864,regular
5961864,regular
5961864,regular
5961864,regular
5961864,regular
5961864,regular
5961864,regular
5961864,regular
5961864,regular
5961864,regular
5961864,regular
5961864,regular
5961864,regular
5961864,regular
5974004,deviant
5977958,regular
5961864,regular
5729173,regular
5729173,regular
5729173,regular
5729173,regular
5729173,regular
5729173,regular
5729173,regular
5729173,regular
5729173,regular
5729173,regular
5729173,regular
5729173,regular
5729173,regular
5729173,regular
5729173,regular
5729173,regular
5729173,regular
5729173,regular
5729173,regular
5729173,regular
5729173,regular
5960463,regular
5960463,regular
5960463,regular
5974004,deviant
5974004,deviant
5974004,deviant
5974004,deviant
5974004,deviant
5974004,deviant
5729173,regular
5729173,regular
5729173,regular
5729173,regular
5729173,regular
5729173,regular
5729173,regular
5729173,regular
5729173,regular
5729173,regular
5867624,regular
5867624,regular
5867624,regular
5867624,regular
5867624,regular
5867624,regular
5867624,regular
5867624,regular
5867624,regular
5867624,regular
5867624,regular
5867624,regular
5867624,regular
5867624,regular
5867624,regular
5867624,regular
5867624,regular
5867624,regular
5867624,regular
5867624,regular
5867624,regular
5867624,regular
5867624,regular
5867624,regular
5896977,regular
5896977,regular
5896977,regular
5896977,regular
5896977,regular
5896977,regular
5896977,regular
5896977,regular
5896977,regular
5896977,regular
5896977,regular
5896977,regular
5896977,regular
5896977,regular
5896977,regular
5896977,regular
5896977,regular
5896977,regular
5896977,regular
5960463,regular
5960463,regular
5960463,regular
5960463,regular
5960463,regular
5960463,regular
5960463,regular
5966460,deviant
5966460,deviant
5966460,deviant
5966460,deviant
5966460,deviant
5966460,deviant
5966460,deviant
5966460,deviant
5966460,deviant
5966460,deviant
5966460,deviant
5966460,deviant
5966460,deviant
5966460,deviant
5966460,deviant
5966460,deviant
5966460,deviant
5971639,deviant
5971639,deviant
5971639,deviant
5971639,deviant
5971639,deviant
5977958,regular
5977958,regular
5977958,regular
5977958,regular
5977958,regular
5986829,deviant
5971639,deviant
5977958,regular
5960463,regular
5729173,regular
5729173,regular
5983162,regular
5987513,regular
5696483,deviant
5696483,deviant
5759916,deviant
5759916,deviant
5759916,deviant
5759916,deviant
5759916,deviant
5759916,deviant
5759916,deviant
5759916,deviant
5759916,deviant
5759916,deviant
5759916,deviant
5759916,deviant
5759916,deviant
5759916,deviant
5759916,deviant
5759916,deviant
5759916,deviant
5759916,deviant
5759916,deviant
5759916,deviant
5842242,regular
5842242,regular
5847457,regular
5847457,regular
5867624,regular
5867624,regular
5867624,regular
5942699,deviant
5942699,deviant
5942699,deviant
5942699,deviant
5942699,deviant
5942699,deviant
5942699,deviant
5942699,deviant
5942699,deviant
5942699,deviant
5942699,deviant
5956801,regular
5956801,regular
5959558,regular
5959558,regular
5959558,regular
5959558,regular
5983162,regular
5983162,regular
5983162,regular
5983162,regular
5983162,regular
5988102,regular
5983162,regular
5696483,deviant
5696483,deviant
5696483,deviant
5696483,deviant
5696483,deviant
5696483,deviant
5696483,deviant
5696483,deviant
5702384,regular
5702384,regular
5702384,regular
5702384,regular
5702384,regular
5702384,regular
5702384,regular
5702384,regular
5702384,regular
5702384,regular
5702384,regular
5702384,regular
5702384,regular
5702384,regular
5702384,regular
5702384,regular
5702384,regular
5702384,regular
5702384,regular
5842242,regular
5842242,regular
5842242,regular
5842242,regular
5842242,regular
5842242,regular
5842242,regular
5842242,regular
5847457,regular
5847457,regular
5847457,regular
5847457,regular
5847457,regular
5847457,regular
5847457,regular
5847457,regular
5854342,regular
5854342,regular
5854342,regular
5854342,regular
5894137,deviant
5894137,deviant
5894137,deviant
5894137,deviant
5894137,deviant
5894137,deviant
5894137,deviant
5894137,deviant
5894137,deviant
5894137,deviant
5894137,deviant
5894137,deviant
5895112,regular
5895112,regular
5895112,regular
5895112,regular
5895112,regular
5895112,regular
5895112,regular
5895112,regular
5895112,regular
5895112,regular
5895112,regular
5895112,regular
5895112,regular
5895112,regular
5895112,regular
5895112,regular
5895112,regular
5895112,regular
5895112,regular
5895112,regular
5895112,regular
5895112,regular
5895112,regular
5895112,regular
5895112,regular
5895112,regular
5895112,regular
5895112,regular
5895112,regular
5895112,regular
5895112,regular
5895112,regular
5895112,regular
5896528,regular
5896528,regular
5896528,regular
5896528,regular
5896528,regular
5896528,regular
5896528,regular
5896528,regular
5896528,regular
5896528,regular
5896528,regular
5896528,regular
5896528,regular
5896528,regular
5896528,regular
5896528,regular
5896528,regular
5896528,regular
5896528,regular
5896528,regular
5896528,regular
5896528,regular
5896528,regular
5896528,regular
5896528,regular
5896528,regular
5896528,regular
5896528,regular
5896528,regular
5896528,regular
5896528,regular
5896528,regular
5896977,regular
5896977,regular
5896977,regular
5896977,regular
5896977,regular
5896977,regular
5896977,regular
5896977,regular
5896977,regular
5896977,regular
5896977,regular
5896977,regular
5896977,regular
5896977,regular
5933808,regular
5933808,regular
5933808,regular
5933808,regular
5933808,regular
5933808,regular
5933808,regular
5933808,regular
5933808,regular
5933808,regular
5933808,regular
5933808,regular
5933808,regular
5933808,regular
5933808,regular
5933808,regular
5933808,regular
5933808,regular
5933808,regular
5933808,regular
5933808,regular
5933808,regular
5933808,regular
5933808,regular
5933808,regular
5933808,regular
5933808,regular
5933808,regular
5933808,regular
5933808,regular
5933808,regular
5942699,deviant
5942699,deviant
5947299,regular
5947299,regular
5947299,regular
5947299,regular
5947299,regular
5947299,regular
5947299,regular
5947299,regular
5947299,regular
5947299,regular
5947299,regular
5947299,regular
5947299,regular
5947299,regular
5947299,regular
5947299,regular
5947299,regular
5971639,deviant
5971639,deviant
5971639,deviant
5971639,deviant
5971639,deviant
5971639,deviant
5971639,deviant
5971639,deviant
5971639,deviant
5971639,deviant
5971639,deviant
5971639,deviant
5971639,deviant
5974004,deviant
5974004,deviant
5974004,deviant
5974004,deviant
5974004,deviant
5986829,deviant
5986829,deviant
5986829,deviant
5986829,deviant
5986829,deviant
5986829,deviant
5988102,regular
5988102,regular
5988102,regular
5988102,regular
5988102,regular
5992967,deviant
5993586,deviant
6001885,regular
5896977,regular
5847457,regular
5847457,regular
5895112,regular
5894137,deviant
5942699,deviant
5896528,regular
5933808,regular
5702384,regular
5842242,regular
5842242,regular
5986829,deviant
5696483,deviant
5696483,deviant
5895112,regular
5895112,regular
5896528,regular
5896528,regular
5896977,regular
5896977,regular
5933808,regular
5988102,regular
5971639,deviant
5702384,regular
5702384,regular
5702384,regular
5702384,regular
5702384,regular
5702384,regular
5702384,regular
5702384,regular
5702384,regular
5702384,regular
5702384,regular
5702384,regular
5854342,regular
5854342,regular
5854342,regular
5854342,regular
5854342,regular
5854342,regular
5854342,regular
5854342,regular
5854342,regular
5854342,regular
5854342,regular
5854342,regular
5854342,regular
5854342,regular
5854342,regular
5854342,regular
5854342,regular
5956801,regular
5956801,regular
5956801,regular
5956801,regular
5956801,regular
5956801,regular
5956801,regular
5956801,regular
5956801,regular
5956801,regular
5956801,regular
5956801,regular
5956801,regular
5956801,regular
5956801,regular
5956801,regular
5956801,regular
5956801,regular
5956801,regular
5956801,regular
5977958,regular
5977958,regular
5977958,regular
5992967,deviant
5992967,deviant
5992967,deviant
5992967,deviant
5992967,deviant
5993586,deviant
5993586,deviant
5993586,deviant
5993586,deviant
5993586,deviant
6009098,regular
5702384,regular
5702384,regular
5702384,regular
5993586,deviant
5992967,deviant
5784152,deviant
5784152,deviant
5784152,deviant
5784152,deviant
5784152,deviant
5784152,deviant
5831502,regular
5831502,regular
5831502,regular
5831502,regular
5831502,regular
5831502,regular
5831502,regular
5831502,regular
5831502,regular
5831502,regular
5831502,regular
5831502,regular
5831502,regular
5831502,regular
5831502,regular
5831502,regular
5831502,regular
5831502,regular
5831502,regular
5831502,regular
5831502,regular
5831502,regular
5831502,regular
5831502,regular
5852705,regular
5852705,regular
5852705,regular
5852705,regular
5852705,regular
6005621,regular
6008555,regular
5784152,deviant
5854342,regular
5854342,regular
5956801,regular
5956801,regular
5956801,regular
5956801,regular
5956801,regular
5956801,regular
5956801,regular
5956801,regular
5956801,regular
5956801,regular
5993586,deviant
5993586,deviant
6001885,regular
6001885,regular
6001885,regular
6001885,regular
6001885,regular
6009753,regular
6010243,regular
5956801,regular
6001885,regular
5825785,regular
5825785,regular
5825785,regular
5825785,regular
5825785,regular
5825785,regular
5825785,regular
5825785,regular
5825785,regular
5825785,regular
5825785,regular
5825785,regular
5825785,regular
5825785,regular
5825785,regular
5825785,regular
5825785,regular
5825785,regular
5825785,regular
5825785,regular
5825785,regular
5825785,regular
5831502,regular
5831502,regular
5881806,regular
5881806,regular
5881806,regular
5881806,regular
5881806,regular
5881806,regular
5881806,regular
5881806,regular
5881806,regular
5881806,regular
5881806,regular
5881806,regular
5881806,regular
5881806,regular
5881806,regular
5881806,regular
5881806,regular
5881806,regular
5881806,regular
5881806,regular
5881806,regular
5881806,regular
5881806,regular
5881806,regular
5881806,regular
5881806,regular
5881806,regular
5881806,regular
5881806,regular
5881806,regular
5881806,regular
5881806,regular
5881806,regular
5881806,regular
5881806,regular
5887686,regular
5887686,regular
5887686,regular
5887686,regular
5887686,regular
5887686,regular
5887686,regular
5887686,regular
5887686,regular
5887686,regular
5887686,regular
5887686,regular
5887686,regular
5887686,regular
5887686,regular
5887686,regular
5887686,regular
5887686,regular
5887686,regular
5894137,deviant
5894137,deviant
5894137,deviant
5959558,regular
5959558,regular
5959558,regular
5959558,regular
5959558,regular
5959558,regular
5959558,regular
5959558,regular
5959558,regular
5959558,regular
5959558,regular
5959558,regular
5959558,regular
5959558,regular
5959558,regular
5959558,regular
5959558,regular
5959558,regular
5959558,regular
5959558,regular
5959558,regular
5959558,regular
5959558,regular
5959558,regular
5959558,regular
5959558,regular
5959558,regular
5959558,regular
5959558,regular
5959558,regular
5959558,regular
6005621,regular
6005621,regular
6005621,regular
6005621,regular
6005621,regular
6015049,deviant
6015148,regular
5881806,regular
5959558,regular
5959558,regular
5825785,regular
5825785,regular
6005621,regular
5831502,regular
5831502,regular
5831502,regular
5831502,regular
5831502,regular
5831502,regular
5831502,regular
5831502,regular
5860008,regular
5860008,regular
5860008,regular
5860008,regular
5860008,regular
5860008,regular
5860008,regular
5860008,regular
5860008,regular
5860008,regular
5860008,regular
5860008,regular
5860008,regular
5860008,regular
5860008,regular
5860008,regular
5860008,regular
5860008,regular
5887686,regular
5887686,regular
5887686,regular
5887686,regular
5887686,regular
5887686,regular
5887686,regular
5887686,regular
5887686,regular
5887686,regular
5887686,regular
5887686,regular
5894171,regular
5894171,regular
5894171,regular
5894171,regular
5894171,regular
5894171,regular
5894171,regular
5894171,regular
5894171,regular
5894171,regular
5894171,regular
5894171,regular
5894171,regular
5894171,regular
5894171,regular
5894171,regular
5894171,regular
5894171,regular
5894171,regular
5894171,regular
5894171,regular
5894171,regular
5894171,regular
5894171,regular
5894171,regular
6001885,regular
6001885,regular
6001885,regular
6001885,regular
6001885,regular
6001885,regular
6001885,regular
6001885,regular
6001885,regular
6001885,regular
6001885,regular
6001885,regular
6001885,regular
6001885,regular
6001885,regular
6001885,regular
6001885,regular
6001885,regular
6001885,regular
6001885,regular
6001885,regular
6001885,regular
6001885,regular
6001885,regular
6008555,regular
6008555,regular
6008555,regular
6008555,regular
6008555,regular
6009098,regular
6009098,regular
6009098,regular
6009098,regular
6009098,regular
6009753,regular
6009753,regular
6009753,regular
6009753,regular
6009753,regular
6010243,regular
6010243,regular
6010243,regular
6010243,regular
6010243,regular
5860008,regular
5894171,regular
5887686,regular
5887686,regular
5887686,regular
6009098,regular
6009753,regular
5831502,regular
5831502,regular
6010243,regular
6001885,regular
5854342,regular
5854342,regular
5966460,deviant
5966460,deviant
5992967,deviant
5992967,deviant
5992967,deviant
5992967,deviant
5992967,deviant
5992967,deviant
5992967,deviant
5992967,deviant
5992967,deviant
5992967,deviant
5992967,deviant
5993586,deviant
5993586,deviant
5993586,deviant
5993586,deviant
5993586,deviant
5993586,deviant
5993586,deviant
5993586,deviant
5993586,deviant
5993586,deviant
5993586,deviant
6015049,deviant
6015049,deviant
6015049,deviant
6015049,deviant
6015049,deviant
6015148,regular
6015148,regular
6015148,regular
6015148,regular
6015148,regular
6015148,regular
6015049,deviant
5993586,deviant
5992967,deviant
5852190,regular
5852190,regular
5852190,regular
5852190,regular
5852190,regular
5852190,regular
5852190,regular
5852190,regular
5852190,regular
5852190,regular
5852190,regular
5852190,regular
5852190,regular
5852190,regular
5852190,regular
5852190,regular
5852190,regular
5852190,regular
5852190,regular
5852190,regular
5852190,regular
5854342,regular
5854342,regular
5854342,regular
5854342,regular
5854342,regular
5854342,regular
5854342,regular
5854342,regular
5854342,regular
5854342,regular
5854342,regular
5947299,regular
5947299,regular
5947299,regular
5986829,deviant
5986829,deviant
5986829,deviant
5986829,deviant
5986829,deviant
5986829,deviant
5986829,deviant
5986829,deviant
5986829,deviant
5986829,deviant
5986829,deviant
5986829,deviant
5986829,deviant
5986829,deviant
5986829,deviant
6009098,regular
6009098,regular
6009098,regular
6009098,regular
6009098,regular
6009098,regular
6009098,regular
5854342,regular
5854342,regular
5852190,regular
5852190,regular
5852190,regular
5852190,regular
5852190,regular
5852190,regular
5852190,regular
5852190,regular
5852190,regular
5852190,regular
5852190,regular
5852190,regular
6009753,regular
6009753,regular
6009753,regular
6009753,regular
6009753,regular
6009753,regular
6009753,regular
6009753,regular
6009753,regular
6009753,regular
6009753,regular
6009753,regular
6009753,regular
6009753,regular
6009753,regular
6009753,regular
6009753,regular
6009753,regular
6009753,regular
6009753,regular
6009753,regular
6009753,regular
6009753,regular
6009753,regular
6009753,regular
6009753,regular
6009753,regular
6009753,regular
6009753,regular
6009753,regular
6009753,regular
6009753,regular
6009753,regular
6009753,regular
6009753,regular
6009753,regular
6009753,regular
6009753,regular
6009753,regular
6009753,regular
6028242,regular
5852190,regular
5852190,regular
5852190,regular
5894137,deviant
5894137,deviant
5894137,deviant
5894137,deviant
5894137,deviant
5894137,deviant
5894137,deviant
5894137,deviant
5894137,deviant
5894137,deviant
5894137,deviant
5894137,deviant
5894137,deviant
5894137,deviant
5894137,deviant
5894137,deviant
5894171,regular
5894171,regular
5894171,regular
5894171,regular
5894171,regular
5894171,regular
5894171,regular
5894171,regular
5894171,regular
5894171,regular
5894171,regular
5894171,regular
5894171,regular
5894171,regular
5894171,regular
5960997,regular
5960997,regular
5960997,regular
5960997,regular
5983162,regular
5983162,regular
5983162,regular
5988102,regular
5988102,regular
5988102,regular
5988102,regular
5988102,regular
5988102,regular
5988102,regular
5988102,regular
5988102,regular
5988102,regular
5988102,regular
5988102,regular
5988102,regular
5988102,regular
5988102,regular
5988102,regular
5988102,regular
5988102,regular
5988102,regular
5988102,regular
5988102,regular
5988102,regular
5988102,regular
5988102,regular
5988102,regular
5988102,regular
5988102,regular
5988102,regular
5988102,regular
5988102,regular
5988102,regular
5988102,regular
5988102,regular
5988102,regular
5988102,regular
6001885,regular
6001885,regular
6001885,regular
6009753,regular
6009753,regular
6009753,regular
6009753,regular
6009753,regular
6009753,regular
6033823,regular
5894171,regular
5894171,regular
5894171,regular
5988102,regular
5988102,regular
5812458,regular
5812458,regular
5812458,regular
5812458,regular
5812458,regular
5812458,regular
5812458,regular
5812458,regular
5812458,regular
5812458,regular
5812458,regular
5812458,regular
5812458,regular
5812458,regular
5812458,regular
5812458,regular
5812458,regular
5812458,regular
5812458,regular
5812458,regular
5812458,regular
5812458,regular
5812458,regular
5812458,regular
5812458,regular
5812458,regular
5812458,regular
5812458,regular
5812458,regular
5812458,regular
5812458,regular
5812458,regular
5812458,regular
5812458,regular
5812458,regular
5812458,regular
5812458,regular
5812458,regular
5812458,regular
5812458,regular
5812458,regular
5812458,regular
5812458,regular
5852705,regular
5852705,regular
5852705,regular
5852705,regular
5852705,regular
5852705,regular
5852705,regular
5852705,regular
5852705,regular
5879420,deviant
5879420,deviant
5879420,deviant
5879420,deviant
5879420,deviant
5879420,deviant
5879420,deviant
5879420,deviant
5879420,deviant
5879420,deviant
5879420,deviant
5894137,deviant
5894137,deviant
5894137,deviant
5894137,deviant
6028242,regular
6028242,regular
6028242,regular
6028242,regular
6028242,regular
6028242,regular
6028242,regular
6028242,regular
6033123,deviant
5894137,deviant
6028242,regular
5879420,deviant
5879420,deviant
5812458,regular
5812458,regular
5812458,regular
5852705,regular
5852705,regular
5852705,regular
5852705,regular
5852705,regular
5852705,regular
5852705,regular
5852705,regular
5852705,regular
5852705,regular
5852705,regular
5852705,regular
5947299,regular
5947299,regular
5947299,regular
5947299,regular
5947299,regular
5947299,regular
5947299,regular
5947299,regular
5947299,regular
5947299,regular
6028242,regular
6028242,regular
6028242,regular
6028242,regular
6033123,deviant
6033123,deviant
6033123,deviant
6033123,deviant
6033123,deviant
6033823,regular
6033823,regular
6033823,regular
6033823,regular
6033823,regular
6035333,deviant
6035333,deviant
6035333,deviant
6035333,deviant
6035333,deviant
6035333,deviant
6035333,deviant
6035333,deviant
6035333,deviant
6038724,regular
6041727,regular
6033823,regular
5852705,regular
5852705,regular
5852705,regular
5947299,regular
6035333,deviant
5860008,regular
5860008,regular
5860008,regular
5860008,regular
5860008,regular
5860008,regular
5860008,regular
5860008,regular
5860008,regular
5860008,regular
5860008,regular
5860008,regular
5860008,regular
5860008,regular
5860008,regular
5860008,regular
5860008,regular
5860008,regular
5860008,regular
5860008,regular
5860008,regular
5971639,deviant
5971639,deviant
5971639,deviant
5971639,deviant
5971639,deviant
5971639,deviant
5971639,deviant
5971639,deviant
5971639,deviant
5971639,deviant
5971639,deviant
5971639,deviant
5971639,deviant
5971639,deviant
5971639,deviant
5971639,deviant
5971639,deviant
5977958,regular
5977958,regular
5977958,regular
5977958,regular
5977958,regular
5977958,regular
5977958,regular
5977958,regular
5977958,regular
5977958,regular
5977958,regular
5977958,regular
5977958,regular
5977958,regular
5983162,regular
5983162,regular
5983162,regular
5983162,regular
5983162,regular
5983162,regular
5983162,regular
5983162,regular
5983162,regular
5983162,regular
5983162,regular
5983162,regular
5983162,regular
5983162,regular
5983162,regular
5983162,regular
5983162,regular
5983162,regular
6038724,regular
6038724,regular
6038724,regular
6038724,regular
6038724,regular
6038724,regular
5983162,regular
5860008,regular
5860008,regular
5860008,regular
5860008,regular
5860008,regular
5860008,regular
5860008,regular
5860008,regular
5860008,regular
5860008,regular
5860008,regular
5860008,regular
5860008,regular
5860008,regular
5860008,regular
5860008,regular
5971639,deviant
5971639,deviant
5971639,deviant
5971639,deviant
5971639,deviant
5971639,deviant
5971639,deviant
5971639,deviant
5971639,deviant
6041727,regular
6041727,regular
6041727,regular
6041727,regular
6041727,regular
6047109,deviant
5860008,regular
5860008,regular
5860008,regular
6041727,regular
5971639,deviant
5971639,deviant
5971639,deviant
5971639,deviant
6048635,regular
6052108,regular
5812458,regular
5812458,regular
5825785,regular
5825785,regular
5825785,regular
5825785,regular
5825785,regular
5825785,regular
5825785,regular
5864510,regular
5864510,regular
5864510,regular
5864510,regular
5864510,regular
5864510,regular
5864510,regular
5894137,deviant
5894137,deviant
5894137,deviant
5894137,deviant
5894137,deviant
5966460,deviant
5966460,deviant
5966460,deviant
5966460,deviant
6053967,deviant
6008555,regular
6008555,regular
6008555,regular
6008555,regular
6008555,regular
6008555,regular
6008555,regular
6008555,regular
6008555,regular
6008555,regular
6008555,regular
6008555,regular
6008555,regular
6008555,regular
6008555,regular
6008555,regular
6008555,regular
6008555,regular
6008555,regular
6008555,regular
6008555,regular
6008555,regular
6008555,regular
6008555,regular
6048635,regular
6048635,regular
6048635,regular
6048635,regular
6048635,regular
6052108,regular
6052108,regular
6052108,regular
6052108,regular
6054533,regular
6048635,regular
5965829,deviant
5965829,deviant
5965829,deviant
5965829,deviant
5965829,deviant
5965829,deviant
5965829,deviant
5965829,deviant
5965829,deviant
5965829,deviant
5992967,deviant
5992967,deviant
5992967,deviant
5992967,deviant
5992967,deviant
5992967,deviant
5992967,deviant
6053967,deviant
6053967,deviant
6053967,deviant
6053967,deviant
6053967,deviant
6054533,regular
6054533,regular
6054533,regular
6054533,regular
6054533,regular
6053967,deviant
6054533,regular
6005621,regular
6005621,regular
6005621,regular
6005621,regular
6005621,regular
6005621,regular
6005621,regular
6005621,regular
6005621,regular
6005621,regular
6005621,regular
6005621,regular
6005621,regular
6005621,regular
6005621,regular
6005621,regular
6005621,regular
6005621,regular
6005621,regular
6005621,regular
6005621,regular
6008555,regular
6008555,regular
6008555,regular
6008555,regular
6008555,regular
6008555,regular
6008555,regular
6008555,regular
6008555,regular
6008555,regular
6008555,regular
6008555,regular
6033823,regular
6033823,regular
6033823,regular
6035333,deviant
6035333,deviant
6035333,deviant
6035333,deviant
6035333,deviant
6035333,deviant
6008555,regular
6008555,regular
6061611,regular
5965829,deviant
5992967,deviant
5992967,deviant
5992967,deviant
5992967,deviant
5992967,deviant
5992967,deviant
5992967,deviant
5992967,deviant
5992967,deviant
5992967,deviant
5992967,deviant
5992967,deviant
5992967,deviant
5992967,deviant
6005621,regular
6005621,regular
6005621,regular
6005621,regular
6005621,regular
6005621,regular
6005621,regular
6005621,regular
6005621,regular
6005621,regular
6005621,regular
6005621,regular
6005621,regular
6005621,regular
6028242,regular
6028242,regular
6028242,regular
6028242,regular
6028242,regular
6028242,regular
6028242,regular
6028242,regular
6028242,regular
6028242,regular
6028242,regular
6028242,regular
6028242,regular
6028242,regular
6028242,regular
6028242,regular
6028242,regular
6033823,regular
6033823,regular
6033823,regular
6033823,regular
6033823,regular
6033823,regular
6033823,regular
6033823,regular
6033823,regular
6033823,regular
6033823,regular
6033823,regular
6033823,regular
6033823,regular
6033823,regular
6033823,regular
6033823,regular
6033823,regular
6033823,regular
6033823,regular
6033823,regular
6033823,regular
6033823,regular
6033823,regular
6033823,regular
6033823,regular
6033823,regular
6033823,regular
6033823,regular
6033823,regular
6033823,regular
6033823,regular
6061611,regular
6061611,regular
6061611,regular
6061611,regular
6061611,regular
6061611,regular
6061611,regular
6061611,regular
6062596,regular
6063090,regular
6074382,regular
5992967,deviant
6033823,regular
6028242,regular
6033823,regular
6005621,regular
6005621,regular
6061611,regular
5754715,regular
5754715,regular
5754715,regular
5754715,regular
5754715,regular
5754715,regular
5754715,regular
5754715,regular
5754715,regular
5754715,regular
5754715,regular
5754715,regular
5754715,regular
5754715,regular
5754715,regular
5754715,regular
5754715,regular
5754715,regular
5754715,regular
5754715,regular
5893421,deviant
5893421,deviant
5893421,deviant
5893421,deviant
5893421,deviant
5893421,deviant
6010243,regular
6010243,regular
6010243,regular
5754715,regular
5305610,regular
5305610,regular
5305610,regular
5305610,regular
5305610,regular
5305610,regular
5305610,regular
5305610,regular
5305610,regular
5305610,regular
5305610,regular
5305610,regular
5305610,regular
5305610,regular
5305610,regular
5305610,regular
5305610,regular
5305610,regular
5305610,regular
5305610,regular
5305610,regular
5305610,regular
5305610,regular
5305610,regular
5305610,regular
5305610,regular
5305610,regular
5305610,regular
5305610,regular
5305610,regular
5305610,regular
5812458,regular
5812458,regular
5812458,regular
5812458,regular
5812458,regular
5812458,regular
5812458,regular
5812458,regular
5812458,regular
5812458,regular
5812458,regular
5893421,deviant
6062596,regular
6062596,regular
6062596,regular
6062596,regular
6062596,regular
6063090,regular
6063090,regular
6063090,regular
6063090,regular
6063090,regular
6062596,regular
6063090,regular
5812458,regular
5812458,regular
5305610,regular
5305610,regular
5754715,regular
5754715,regular
5754715,regular
5754715,regular
5754715,regular
5754715,regular
5754715,regular
5754715,regular
6015049,deviant
6015049,deviant
6015049,deviant
6015049,deviant
6015049,deviant
6015049,deviant
6015049,deviant
6015049,deviant
6015049,deviant
6015049,deviant
6015049,deviant
6015049,deviant
6015049,deviant
6015049,deviant
6073627,deviant
6015049,deviant
6074382,regular
6074382,regular
6074382,regular
6074382,regular
6074382,regular
6077518,regular
6081247,deviant
6081976,regular
6085299,regular
6074382,regular
5754715,regular
5754715,regular
5812458,regular
5812458,regular
5894137,deviant
5894137,deviant
5894137,deviant
5894137,deviant
5894137,deviant
5894137,deviant
5894137,deviant
5894137,deviant
5894137,deviant
5894137,deviant
5894137,deviant
5894137,deviant
5894137,deviant
5894137,deviant
5894137,deviant
5894137,deviant
5894137,deviant
5894137,deviant
5894137,deviant
5894137,deviant
5894137,deviant
5894137,deviant
5894137,deviant
5894137,deviant
5894137,deviant
5993586,deviant
6077518,regular
6077518,regular
6077518,regular
6077518,regular
6077518,regular
6086376,regular
6077518,regular
5894137,deviant
5894137,deviant
5894137,deviant
5305610,regular
5305610,regular
5305610,regular
5305610,regular
5305610,regular
5305610,regular
5305610,regular
5305610,regular
5305610,regular
5305610,regular
5305610,regular
5754715,regular
5754715,regular
5974004,deviant
5974004,deviant
5974004,deviant
5974004,deviant
5974004,deviant
5974004,deviant
5974004,deviant
5974004,deviant
5974004,deviant
5974004,deviant
5974004,deviant
5974004,deviant
5974004,deviant
5974004,deviant
5974004,deviant
6015148,regular
6015148,regular
6015148,regular
6015148,regular
6015148,regular
6015148,regular
6015148,regular
6015148,regular
6015148,regular
6015148,regular
6015148,regular
6015148,regular
6015148,regular
6015148,regular
6015148,regular
6015148,regular
6015148,regular
6015148,regular
6015148,regular
6015148,regular
6015148,regular
6015148,regular
6015148,regular
6054533,regular
6054533,regular
6054533,regular
6081247,deviant
6081247,deviant
6081247,deviant
6081247,deviant
6081247,deviant
6081976,regular
6081976,regular
6081976,regular
6081976,regular
6081976,regular
6087764,regular
5974004,deviant
5974004,deviant
6081247,deviant
6081976,regular
5974004,deviant
6015148,regular
6015148,regular
6015148,regular
6015148,regular
6015148,regular
6015148,regular
6015148,regular
6015148,regular
6015148,regular
6015148,regular
6015148,regular
6015148,regular
6028242,regular
6028242,regular
6028242,regular
6028242,regular
6047109,deviant
6047109,deviant
6047109,deviant
6047109,deviant
6047109,deviant
6047109,deviant
6047109,deviant
6047109,deviant
6047109,deviant
6047109,deviant
6047109,deviant
6047109,deviant
6047109,deviant
6047109,deviant
6047109,deviant
6047109,deviant
6073627,deviant
6074382,regular
6074382,regular
6074382,regular
6074382,regular
6074382,regular
6074382,regular
6085299,regular
6085299,regular
6085299,regular
6085299,regular
6085299,regular
6086376,regular
6086376,regular
6086376,regular
6086376,regular
6086376,regular
6085299,regular
6047109,deviant
6015148,regular
6086376,regular
6015148,regular
5966460,deviant
5966460,deviant
5966460,deviant
5966460,deviant
5966460,deviant
5966460,deviant
5966460,deviant
5966460,deviant
5966460,deviant
5966460,deviant
5966460,deviant
5966460,deviant
5977958,regular
5977958,regular
5977958,regular
5993586,deviant
5993586,deviant
5993586,deviant
5993586,deviant
6035333,deviant
6035333,deviant
6035333,deviant
6035333,deviant
6035333,deviant
6054533,regular
6054533,regular
6054533,regular
6054533,regular
6054533,regular
6054533,regular
6054533,regular
6054533,regular
6054533,regular
6054533,regular
6054533,regular
6054533,regular
6054533,regular
6054533,regular
6054533,regular
6054533,regular
6054533,regular
6054533,regular
6054533,regular
6054533,regular
6063090,regular
6063090,regular
6063090,regular
6063090,regular
6092653,regular
6092663,regular
6035333,deviant
5305610,regular
5305610,regular
5305610,regular
5305610,regular
5305610,regular
5305610,regular
5305610,regular
6009098,regular
6009098,regular
6009098,regular
6041727,regular
6041727,regular
6041727,regular
6041727,regular
6041727,regular
6041727,regular
6041727,regular
6048635,regular
6048635,regular
6048635,regular
6052108,regular
6052108,regular
6052108,regular
6052108,regular
6087764,regular
6087764,regular
6087764,regular
6087764,regular
6087764,regular
6092653,regular
6092653,regular
6092653,regular
6092653,regular
6092653,regular
6092663,regular
6092663,regular
6092663,regular
6092663,regular
6092663,regular
6087764,regular
5305610,regular
6052108,regular
6092663,regular
6092653,regular
5960997,regular
5960997,regular
5987513,regular
6017899,regular
6017899,regular
6017899,regular
6017899,regular
6017899,regular
6017899,regular
6017899,regular
6017899,regular
6017899,regular
6017899,regular
6017899,regular
6017899,regular
6017899,regular
6017899,regular
6017899,regular
6017899,regular
6017899,regular
6017899,regular
6017899,regular
6017899,regular
6017899,regular
6017899,regular
6017899,regular
6017899,regular
6017899,regular
6017899,regular
6017899,regular
6017899,regular
6017899,regular
6061611,regular
6061611,regular
6061611,regular
6061611,regular
6062596,regular
6062596,regular
6062596,regular
6077518,regular
6077518,regular
6077518,regular
6081976,regular
6081976,regular
6081976,regular
6085299,regular
6085299,regular
6085299,regular
6085299,regular
6086376,regular
6086376,regular
6086376,regular
6017899,regular
5960997,regular
5960997,regular
5960997,regular
5960997,regular
5960997,regular
5960997,regular
5960997,regular
5960997,regular
5960997,regular
5960997,regular
5960997,regular
5960997,regular
5977958,regular
5977958,regular
5977958,regular
5977958,regular
5977958,regular
5977958,regular
5977958,regular
5977958,regular
5977958,regular
5977958,regular
5977958,regular
5977958,regular
5977958,regular
5977958,regular
5977958,regular
5977958,regular
5977958,regular
5977958,regular
6052108,regular
6052108,regular
6052108,regular
6052108,regular
6052108,regular
6052108,regular
6052108,regular
6052108,regular
6052108,regular
6052108,regular
6052108,regular
6052108,regular
6052108,regular
6052108,regular
6052108,regular
6052108,regular
6052108,regular
6052108,regular
6052108,regular
6052108,regular
6052108,regular
6052108,regular
6052108,regular
6053967,deviant
6053967,deviant
6053967,deviant
6053967,deviant
6053967,deviant
6053967,deviant
6053967,deviant
6053967,deviant
6053967,deviant
6053967,deviant
6053967,deviant
6053967,deviant
6063090,regular
6063090,regular
6063090,regular
6063090,regular
6063090,regular
6100999,regular
5960997,regular
5960997,regular
5977958,regular
5977958,regular
5977958,regular
6052108,regular
6052108,regular
6100999,regular
6100999,regular
6100999,regular
6100999,regular
6100999,regular
6100999,regular
5838196,deviant
5838196,deviant
5838196,deviant
5838196,deviant
5838196,deviant
5977958,regular
5977958,regular
5977958,regular
5977958,regular
5977958,regular
5977958,regular
5977958,regular
5977958,regular
5977958,regular
5977958,regular
6052108,regular
6052108,regular
6052108,regular
6052108,regular
6052108,regular
6052108,regular
6052108,regular
6052108,regular
6085299,regular
6085299,regular
6085299,regular
6085299,regular
6085299,regular
6086376,regular
6086376,regular
6086376,regular
6086376,regular
6086376,regular
6086376,regular
6086376,regular
6086376,regular
6086376,regular
6086376,regular
6086376,regular
6086376,regular
6086376,regular
6086376,regular
6086376,regular
6086376,regular
6086376,regular
6086376,regular
6086376,regular
6086376,regular
6087764,regular
6087764,regular
6087764,regular
6087764,regular
6087764,regular
6087764,regular
6092653,regular
6092653,regular
6092653,regular
6092653,regular
6092653,regular
6052108,regular
5977958,regular
5838196,deviant
5838196,deviant
5838196,deviant
6073627,deviant
6073627,deviant
6073627,deviant
6073627,deviant
6073627,deviant
6073627,deviant
6073627,deviant
6073627,deviant
6073627,deviant
6086376,regular
6086376,regular
6086376,regular
6086376,regular
6086376,regular
6086376,regular
6086376,regular
6086376,regular
6086376,regular
6086376,regular
6086376,regular
6086376,regular
6092663,regular
6092663,regular
6092663,regular
6092663,regular
6086376,regular
6086376,regular
6073627,deviant
5793686,regular
5793686,regular
5793686,regular
5793686,regular
5793686,regular
5793686,regular
5793686,regular
5793686,regular
5793686,regular
5793686,regular
5793686,regular
5793686,regular
5793686,regular
5838196,deviant
5838196,deviant
5838196,deviant
5838196,deviant
5961864,regular
5961864,regular
5961864,regular
5961864,regular
5961864,regular
5961864,regular
5961864,regular
5961864,regular
5961864,regular
5961864,regular
5961864,regular
5961864,regular
5961864,regular
5993586,deviant
5993586,deviant
6001885,regular
6001885,regular
6015049,deviant
6015049,deviant
6028242,regular
6028242,regular
6035333,deviant
6035333,deviant
6061611,regular
6061611,regular
6085299,regular
6085299,regular
6085299,regular
6085299,regular
6085299,regular
6085299,regular
6085299,regular
5838196,deviant
5793686,regular
5961864,regular
5793686,regular
5793686,regular
5793686,regular
5793686,regular
5793686,regular
5793686,regular
5793686,regular
5793686,regular
5793686,regular
5793686,regular
6001885,regular
6001885,regular
6001885,regular
6001885,regular
6001885,regular
6001885,regular
6001885,regular
6001885,regular
6001885,regular
6001885,regular
6001885,regular
6001885,regular
6010243,regular
6010243,regular
6010243,regular
6010243,regular
6010243,regular
6010243,regular
6010243,regular
6010243,regular
6010243,regular
6010243,regular
6010243,regular
6010243,regular
6010243,regular
6010243,regular
6010243,regular
6010243,regular
6010243,regular
6010243,regular
6010243,regular
6010243,regular
6010243,regular
6010243,regular
6010243,regular
6010243,regular
6010243,regular
6010243,regular
6010243,regular
6010243,regular
6010243,regular
6010243,regular
6010243,regular
6010243,regular
6010243,regular
6010243,regular
6087764,regular
6087764,regular
6087764,regular
6087764,regular
6087764,regular
6100999,regular
6100999,regular
6100999,regular
6100999,regular
6100999,regular
5793686,regular
5793686,regular
6010243,regular
6010243,regular
6010243,regular
6010243,regular
6010243,regular
5961864,regular
5961864,regular
5971639,deviant
5971639,deviant
5971639,deviant
5971639,deviant
5971639,deviant
5971639,deviant
5971639,deviant
5971639,deviant
5971639,deviant
5971639,deviant
5971639,deviant
5993586,deviant
5993586,deviant
5993586,deviant
5993586,deviant
5993586,deviant
5993586,deviant
5993586,deviant
5993586,deviant
5993586,deviant
5993586,deviant
5993586,deviant
5993586,deviant
5993586,deviant
5993586,deviant
5993586,deviant
5993586,deviant
5993586,deviant
5993586,deviant
5993586,deviant
5993586,deviant
5993586,deviant
5993586,deviant
5993586,deviant
5993586,deviant
5993586,deviant
5993586,deviant
5993586,deviant
5993586,deviant
5993586,deviant
5993586,deviant
5993586,deviant
5993586,deviant
5993586,deviant
6001885,regular
6001885,regular
6010243,regular
6010243,regular
6035333,deviant
6035333,deviant
6035333,deviant
6035333,deviant
6073627,deviant
6073627,deviant
6085299,regular
6085299,regular
6085299,regular
6085299,regular
6085299,regular
6085299,regular
6085299,regular
6092653,regular
6092653,regular
6092653,regular
5961864,regular
5961864,regular
5961864,regular
5961864,regular
5961864,regular
5961864,regular
5961864,regular
5961864,regular
5993586,deviant
5993586,deviant
5993586,deviant
5993586,deviant
5993586,deviant
5993586,deviant
5993586,deviant
5993586,deviant
5993586,deviant
5993586,deviant
6001885,regular
6001885,regular
6001885,regular
6001885,regular
6001885,regular
6001885,regular
6001885,regular
6001885,regular
6010243,regular
6010243,regular
6010243,regular
6010243,regular
6010243,regular
6010243,regular
6010243,regular
6010243,regular
6053967,deviant
6053967,deviant
6053967,deviant
6053967,deviant
6053967,deviant
6053967,deviant
6053967,deviant
6053967,deviant
6010243,regular
5961864,regular
6001885,regular
5993586,deviant
5971639,deviant
5971639,deviant
6009098,regular
6009098,regular
6009098,regular
6009098,regular
6009098,regular
6009098,regular
6100999,regular
5793166,deviant
5793166,deviant
5793166,deviant
5793166,deviant
5793166,deviant
5793166,deviant
5793166,deviant
5793166,deviant
5793166,deviant
5793166,deviant
5793166,deviant
5793166,deviant
5793166,deviant
5793166,deviant
5793166,deviant
5793166,deviant
5793166,deviant
5793166,deviant
5793166,deviant
5793166,deviant
5793166,deviant
5793166,deviant
5793166,deviant
5793166,deviant
5793166,deviant
5793166,deviant
5793166,deviant
5793166,deviant
5793166,deviant
5793166,deviant
5793166,deviant
5793166,deviant
5793166,deviant
5793166,deviant
5793166,deviant
5793166,deviant
5793166,deviant
5793166,deviant
5793166,deviant
5793166,deviant
5864510,regular
5864510,regular
5864510,regular
5864510,regular
5864510,regular
5864510,regular
5864510,regular
5864510,regular
5864510,regular
5864510,regular
5864510,regular
5971639,deviant
5971639,deviant
5971639,deviant
5971639,deviant
5971639,deviant
5971639,deviant
5971639,deviant
5971639,deviant
5992967,deviant
5992967,deviant
5992967,deviant
5992967,deviant
5992967,deviant
5992967,deviant
5992967,deviant
5992967,deviant
5992967,deviant
5992967,deviant
5992967,deviant
5992967,deviant
5992967,deviant
6009098,regular
6009098,regular
6009098,regular
6009098,regular
6017899,regular
6017899,regular
6017899,regular
6048635,regular
6125252,regular
5971639,deviant
5793166,deviant
5793166,deviant
5793166,deviant
5793166,deviant
5854342,regular
5854342,regular
5854342,regular
5854342,regular
5854342,regular
5854342,regular
5854342,regular
5854342,regular
5854342,regular
5854342,regular
5854342,regular
5854342,regular
5854342,regular
5854342,regular
5854342,regular
5854342,regular
5854342,regular
5854342,regular
5854342,regular
5854342,regular
5942699,deviant
5942699,deviant
5942699,deviant
5942699,deviant
5942699,deviant
5992967,deviant
5992967,deviant
5992967,deviant
5992967,deviant
5992967,deviant
5992967,deviant
6017899,regular
6017899,regular
6017899,regular
6017899,regular
6017899,regular
6017899,regular
6017899,regular
6017899,regular
6017899,regular
6017899,regular
6017899,regular
6017899,regular
6017899,regular
6017899,regular
6062596,regular
6062596,regular
6062596,regular
6062596,regular
6062596,regular
6062596,regular
6062596,regular
6062596,regular
6125252,regular
6125252,regular
6125252,regular
6125252,regular
6125252,regular
6062596,regular
5854342,regular
6125252,regular
6017899,regular
5942699,deviant
5942699,deviant
5942699,deviant
5942699,deviant
5942699,deviant
5942699,deviant
6041727,regular
6041727,regular
6041727,regular
6041727,regular
6041727,regular
6041727,regular
6041727,regular
6041727,regular
6041727,regular
6041727,regular
6041727,regular
6041727,regular
6041727,regular
6041727,regular
6041727,regular
6041727,regular
5942699,deviant
5942699,deviant
5966460,deviant
5966460,deviant
6134041,regular
6015049,deviant
6015049,deviant
6015049,deviant
6015049,deviant
6015049,deviant
6015049,deviant
6015049,deviant
6015049,deviant
6015049,deviant
6015049,deviant
6015049,deviant
6015049,deviant
6015049,deviant
6015049,deviant
6015049,deviant
6015049,deviant
6015049,deviant
6015049,deviant
6015049,deviant
6015049,deviant
6015049,deviant
6015049,deviant
6015049,deviant
6015049,deviant
6015049,deviant
6015049,deviant
6015049,deviant
6015049,deviant
6015049,deviant
6015049,deviant
6015049,deviant
6015049,deviant
6015049,deviant
6015049,deviant
6015049,deviant
6015049,deviant
6015049,deviant
6015049,deviant
6063090,regular
6063090,regular
6063090,regular
6063090,regular
6063090,regular
6063090,regular
6063090,regular
6063090,regular
6063090,regular
6063090,regular
6063090,regular
6063090,regular
6063090,regular
6063090,regular
6063090,regular
6063090,regular
6063090,regular
6134041,regular
6134041,regular
6134041,regular
6134041,regular
6134041,regular
6138342,regular
6166321,regular
6166321,regular
6166321,regular
6134041,regular
5965829,deviant
5965829,deviant
5965829,deviant
5965829,deviant
5965829,deviant
5965829,deviant
5965829,deviant
5987513,regular
5987513,regular
5987513,regular
5987513,regular
5987513,regular
5987513,regular
5987513,regular
5987513,regular
5987513,regular
5987513,regular
5987513,regular
5987513,regular
5987513,regular
5987513,regular
5987513,regular
5987513,regular
5987513,regular
5987513,regular
5987513,regular
5987513,regular
5987513,regular
5987513,regular
5987513,regular
5987513,regular
5987513,regular
5987513,regular
6028242,regular
6028242,regular
6028242,regular
6028242,regular
6028242,regular
6028242,regular
6028242,regular
6028242,regular
6028242,regular
6028242,regular
6028242,regular
6028242,regular
6028242,regular
6028242,regular
6028242,regular
6028242,regular
6028242,regular
6028242,regular
6028242,regular
6028242,regular
6028242,regular
6028242,regular
6028242,regular
6028242,regular
6028242,regular
6028242,regular
6028242,regular
6028242,regular
6081976,regular
6081976,regular
6081976,regular
6081976,regular
6134041,regular
6134041,regular
6134041,regular
6134041,regular
6134041,regular
6138342,regular
6138342,regular
6138342,regular
6138342,regular
6138342,regular
5987513,regular
6138342,regular
6009098,regular
6009098,regular
6009098,regular
6009098,regular
6009098,regular
6009098,regular
6009098,regular
6009098,regular
6009098,regular
6009098,regular
6009098,regular
6015049,deviant
6015049,deviant
6015049,deviant
6015049,deviant
6015049,deviant
6015049,deviant
6015049,deviant
6015049,deviant
6015049,deviant
6015049,deviant
6028242,regular
6028242,regular
6028242,regular
6035333,deviant
6035333,deviant
6035333,deviant
6035333,deviant
6035333,deviant
6035333,deviant
6035333,deviant
6035333,deviant
6035333,deviant
6035333,deviant
6035333,deviant
6035333,deviant
6035333,deviant
6035333,deviant
6035333,deviant
6035333,deviant
6035333,deviant
6035333,deviant
6035333,deviant
6035333,deviant
6035333,deviant
6035333,deviant
6035333,deviant
6035333,deviant
6035333,deviant
6035333,deviant
6035333,deviant
6035333,deviant
6035333,deviant
6035333,deviant
6035333,deviant
6048635,regular
6048635,regular
6048635,regular
6048635,regular
6048635,regular
6048635,regular
6061611,regular
6061611,regular
6061611,regular
6061611,regular
6061611,regular
6061611,regular
6061611,regular
6061611,regular
6061611,regular
6061611,regular
6061611,regular
6061611,regular
6061611,regular
6061611,regular
6061611,regular
6061611,regular
6061611,regular
6073627,deviant
6073627,deviant
6073627,deviant
6073627,deviant
6073627,deviant
6073627,deviant
6073627,deviant
6073627,deviant
6073627,deviant
6073627,deviant
6073627,deviant
6073627,deviant
6073627,deviant
6073627,deviant
6073627,deviant
6073627,deviant
6073627,deviant
6073627,deviant
6073627,deviant
6073627,deviant
6073627,deviant
6073627,deviant
6073627,deviant
6073627,deviant
6073627,deviant
6073627,deviant
6073627,deviant
6073627,deviant
6073627,deviant
6073627,deviant
6073627,deviant
6009098,regular
6009098,regular
6015049,deviant
5864510,regular
5864510,regular
5864510,regular
5864510,regular
5864510,regular
5864510,regular
5864510,regular
5864510,regular
5864510,regular
6028242,regular
6028242,regular
6028242,regular
6028242,regular
6028242,regular
6028242,regular
6028242,regular
6035333,deviant
6035333,deviant
6035333,deviant
6038724,regular
6038724,regular
6038724,regular
6038724,regular
6038724,regular
6038724,regular
6038724,regular
6038724,regular
6038724,regular
6038724,regular
6038724,regular
6038724,regular
6038724,regular
6038724,regular
6038724,regular
6038724,regular
6038724,regular
6038724,regular
6038724,regular
6038724,regular
6038724,regular
6061611,regular
6061611,regular
6061611,regular
6061611,regular
6061611,regular
6061611,regular
6061611,regular
6061611,regular
6061611,regular
6061611,regular
6061611,regular
6061611,regular
6061611,regular
6061611,regular
6061611,regular
6061611,regular
6061611,regular
6061611,regular
6061611,regular
6073627,deviant
6073627,deviant
6073627,deviant
6081247,deviant
6085299,regular
6085299,regular
6085299,regular
6085299,regular
6087764,regular
6087764,regular
6087764,regular
6087764,regular
6087764,regular
6087764,regular
6087764,regular
6087764,regular
6087764,regular
6087764,regular
6087764,regular
6087764,regular
6087764,regular
6087764,regular
6087764,regular
6087764,regular
6087764,regular
6087764,regular
6092653,regular
6092653,regular
6092653,regular
6092653,regular
6092653,regular
6092653,regular
6092653,regular
6092653,regular
6092653,regular
6092653,regular
6092653,regular
6092653,regular
6092653,regular
6092653,regular
6092653,regular
6092653,regular
6092653,regular
6092653,regular
6092653,regular
6092653,regular
6092653,regular
6145343,deviant
6145343,deviant
6145343,deviant
6145343,deviant
6145343,deviant
6145343,deviant
6154655,regular
6085299,regular
6061611,regular
6145343,deviant
6028242,regular
6087764,regular
6092653,regular
6035333,deviant
6035333,deviant
6035333,deviant
6035333,deviant
6035333,deviant
6035333,deviant
6035333,deviant
6035333,deviant
6035333,deviant
6035333,deviant
6073627,deviant
6073627,deviant
6073627,deviant
6073627,deviant
6073627,deviant
6073627,deviant
6073627,deviant
6085299,regular
6085299,regular
6085299,regular
6085299,regular
6085299,regular
6085299,regular
6085299,regular
6085299,regular
6125252,regular
6125252,regular
6125252,regular
6125252,regular
6085299,regular
6073627,deviant
6035333,deviant
6061611,regular
6061611,regular
6061611,regular
6061611,regular
6061611,regular
6061611,regular
6061611,regular
6063090,regular
6063090,regular
6063090,regular
6063090,regular
6063090,regular
6063090,regular
6063090,regular
6063090,regular
6063090,regular
6063090,regular
6087764,regular
6087764,regular
6087764,regular
6092653,regular
6092653,regular
6092653,regular
6154655,regular
6154655,regular
6154655,regular
6154655,regular
6154655,regular
6157938,regular
6061611,regular
6154655,regular
6063090,regular
5727069,regular
5727069,regular
5727069,regular
5727069,regular
5727069,regular
5727069,regular
5727069,regular
5727069,regular
5727069,regular
5727069,regular
5727069,regular
5727069,regular
5727069,regular
5992967,deviant
5992967,deviant
5992967,deviant
5992967,deviant
5992967,deviant
5992967,deviant
5992967,deviant
5992967,deviant
5992967,deviant
5992967,deviant
5992967,deviant
5992967,deviant
5992967,deviant
5992967,deviant
6038724,regular
6038724,regular
6038724,regular
6038724,regular
6038724,regular
6038724,regular
6038724,regular
6038724,regular
6038724,regular
6038724,regular
6038724,regular
6038724,regular
6038724,regular
6038724,regular
6038724,regular
6038724,regular
6038724,regular
6157938,regular
6157938,regular
6157938,regular
6157938,regular
6157938,regular
6158677,regular
6158677,regular
6158677,regular
6158677,regular
6158677,regular
6158677,regular
6159453,regular
6159453,regular
6159453,regular
6159453,regular
6159453,regular
6159453,regular
6038724,regular
6038724,regular
5727069,regular
6157938,regular
6158677,regular
6159453,regular
6157938,regular
6157938,regular
6157938,regular
6166321,regular
6166928,regular
5965829,deviant
5965829,deviant
5965829,deviant
5965829,deviant
5965829,deviant
5965829,deviant
5965829,deviant
5965829,deviant
5965829,deviant
5965829,deviant
5965829,deviant
5965829,deviant
5965829,deviant
5965829,deviant
5965829,deviant
5965829,deviant
6166321,regular
6166321,regular
6166321,regular
6166321,regular
6166321,regular
6166928,regular
6166928,regular
6166928,regular
6166928,regular
6166928,regular
6169845,regular
5965829,deviant
6166321,regular
6166928,regular
6159453,regular
6159453,regular
6159453,regular
6159453,regular
6159453,regular
6159453,regular
6159453,regular
6159453,regular
6159453,regular
6159453,regular
6159453,regular
6159453,regular
6159453,regular
6159453,regular
6159453,regular
6159453,regular
6159453,regular
6159453,regular
6159453,regular
6159453,regular
6159453,regular
6159453,regular
6159453,regular
6169845,regular
6169845,regular
6169845,regular
6169845,regular
6169845,regular
6178084,regular
6169845,regular
5864510,regular
5864510,regular
5864510,regular
5864510,regular
5864510,regular
5864510,regular
5864510,regular
5864510,regular
5864510,regular
5864510,regular
6125252,regular
6125252,regular
6125252,regular
6125252,regular
6125252,regular
6125252,regular
6125252,regular
6125252,regular
6125252,regular
6125252,regular
6125252,regular
6125252,regular
6125252,regular
6125252,regular
6125252,regular
6125252,regular
6125252,regular
6125252,regular
6125252,regular
6125252,regular
6125252,regular
6125252,regular
5727069,regular
5727069,regular
5727069,regular
5727069,regular
5727069,regular
5727069,regular
5727069,regular
5727069,regular
5727069,regular
5727069,regular
5879420,deviant
5879420,deviant
5879420,deviant
5879420,deviant
5879420,deviant
5879420,deviant
5879420,deviant
5879420,deviant
5879420,deviant
5879420,deviant
5879420,deviant
5879420,deviant
5879420,deviant
5879420,deviant
5879420,deviant
5879420,deviant
5879420,deviant
5879420,deviant
5879420,deviant
5879420,deviant
5879420,deviant
5879420,deviant
5879420,deviant
5879420,deviant
5879420,deviant
5879420,deviant
5879420,deviant
5879420,deviant
5879420,deviant
5879420,deviant
5879420,deviant
5879420,deviant
5879420,deviant
5879420,deviant
5879420,deviant
5879420,deviant
5965829,deviant
5965829,deviant
5965829,deviant
5965829,deviant
5965829,deviant
5965829,deviant
5965829,deviant
5965829,deviant
5965829,deviant
5965829,deviant
5965829,deviant
5965829,deviant
5965829,deviant
5965829,deviant
5965829,deviant
5965829,deviant
5965829,deviant
5965829,deviant
5965829,deviant
5965829,deviant
5965829,deviant
5965829,deviant
5965829,deviant
5965829,deviant
5965829,deviant
5965829,deviant
5965829,deviant
6125252,regular
6125252,regular
6125252,regular
6125252,regular
6125252,regular
6125252,regular
6125252,regular
6125252,regular
6125252,regular
6125252,regular
6166928,regular
6166928,regular
6166928,regular
6166928,regular
6166928,regular
6169845,regular
6169845,regular
6169845,regular
6169845,regular
6169845,regular
6169845,regular
6178084,regular
6178084,regular
6178084,regular
6178084,regular
6178084,regular
6178785,deviant
6178785,deviant
6178785,deviant
6178785,deviant
6178785,deviant
6178785,deviant
6184300,regular
6187718,regular
6188388,regular
5965829,deviant
5965829,deviant
5965829,deviant
5879420,deviant
5879420,deviant
5879420,deviant
5727069,regular
5727069,regular
6125252,regular
6178084,regular
6178785,deviant
5992967,deviant
5992967,deviant
5992967,deviant
6166321,regular
6166321,regular
6166321,regular
6166321,regular
6186459,regular
6191061,deviant
5992967,deviant
5992967,deviant
5992967,deviant
5992967,deviant
5992967,deviant
5992967,deviant
5992967,deviant
5992967,deviant
5992967,deviant
5992967,deviant
6158677,regular
6158677,regular
6158677,regular
6158677,regular
6158677,regular
6158677,regular
6158677,regular
6158677,regular
6158677,regular
6158677,regular
6158677,regular
6158677,regular
6158677,regular
6158677,regular
6158677,regular
6158677,regular
6158677,regular
6158677,regular
6158677,regular
6158677,regular
6158677,regular
6158677,regular
6158677,regular
6158677,regular
6158677,regular
6158677,regular
6158677,regular
6158677,regular
6158677,regular
6158677,regular
6158677,regular
6158677,regular
6158677,regular
6158677,regular
6158677,regular
6184300,regular
6184300,regular
6184300,regular
6184300,regular
6184300,regular
5992967,deviant
6158677,regular
6158677,regular
6184300,regular
6186459,regular
6186459,regular
6186459,regular
6186459,regular
6186459,regular
6187718,regular
6187718,regular
6187718,regular
6187718,regular
6187718,regular
6188388,regular
6188388,regular
6188388,regular
6188388,regular
6188388,regular
6194436,regular
6187718,regular
6188388,regular
6186459,regular
6077518,regular
6077518,regular
6157938,regular
6157938,regular
6191061,deviant
6191061,deviant
6191061,deviant
6191061,deviant
6191061,deviant
6191915,regular
6191915,regular
6191915,regular
6191915,regular
6191915,regular
6191915,regular
6195464,regular
6196092,regular
6191061,deviant
6191915,regular
6077518,regular
6077518,regular
6077518,regular
6077518,regular
6077518,regular
6077518,regular
6077518,regular
6077518,regular
6077518,regular
6077518,regular
6077518,regular
6077518,regular
6077518,regular
6077518,regular
6077518,regular
6077518,regular
6077518,regular
6077518,regular
6077518,regular
6077518,regular
6077518,regular
6077518,regular
6077518,regular
6077518,regular
6077518,regular
6184300,regular
6184300,regular
6184300,regular
6184300,regular
6184300,regular
6184300,regular
6188388,regular
6188388,regular
6188388,regular
6188388,regular
6188388,regular
6188388,regular
6188388,regular
6188388,regular
6188388,regular
6191061,deviant
6191061,deviant
6191061,deviant
6191061,deviant
6191061,deviant
6191061,deviant
6191061,deviant
6191061,deviant
6191061,deviant
6191061,deviant
6191061,deviant
6194436,regular
6194436,regular
6194436,regular
6194436,regular
6194436,regular
6195464,regular
6195464,regular
6195464,regular
6195464,regular
6195464,regular
6196092,regular
6196092,regular
6196092,regular
6196092,regular
6196092,regular
6198620,regular
6199156,regular
6194436,regular
6195464,regular
6196092,regular
6191061,deviant
5965829,deviant
5965829,deviant
6047109,deviant
6047109,deviant
6047109,deviant
6047109,deviant
6047109,deviant
6159453,regular
6159453,regular
6159453,regular
6159453,regular
6159453,regular
6188388,regular
6188388,regular
6188388,regular
6188388,regular
6188388,regular
6188388,regular
6188388,regular
6188388,regular
6188388,regular
6188388,regular
6188388,regular
6188388,regular
6188388,regular
6188388,regular
6198620,regular
6198620,regular
6198620,regular
6198620,regular
6198620,regular
6199156,regular
6199156,regular
6199156,regular
6199156,regular
6199156,regular
6159453,regular
6198620,regular
6199156,regular
6159453,regular
6159453,regular
6159453,regular
6159453,regular
6159453,regular
6159453,regular
6159453,regular
6184300,regular
6184300,regular
6184300,regular
6184300,regular
6184300,regular
6184300,regular
6184300,regular
6184300,regular
6184300,regular
6184300,regular
6184300,regular
6184300,regular
6184300,regular
6184300,regular
6194436,regular
6159453,regular
6184300,regular
6184300,regular
6184300,regular
6194436,regular
6194436,regular
6194436,regular
4482141,regular
4482141,regular
4482141,regular
4482141,regular
6100999,regular
6100999,regular
6100999,regular
6100999,regular
6100999,regular
6100999,regular
6100999,regular
6100999,regular
6100999,regular
6100999,regular
6100999,regular
6100999,regular
6100999,regular
6100999,regular
6100999,regular
6100999,regular
6100999,regular
6100999,regular
6100999,regular
6100999,regular
6100999,regular
6100999,regular
6195464,regular
6195464,regular
6195464,regular
6195464,regular
6195464,regular
6195464,regular
6195464,regular
6195464,regular
6195464,regular
6195464,regular
6195464,regular
6195464,regular
6195464,regular
6195464,regular
6195464,regular
6195464,regular
6195464,regular
6195464,regular
6195464,regular
6195464,regular
6195464,regular
6195464,regular
6195464,regular
6195464,regular
6195464,regular
6195464,regular
6196092,regular
6196092,regular
6196092,regular
6196092,regular
6196092,regular
6196092,regular
6196092,regular
6196092,regular
6196092,regular
6196092,regular
6196092,regular
6196092,regular
6196092,regular
6196092,regular
6196092,regular
6196092,regular
6196092,regular
6196092,regular
6196092,regular
6196092,regular
6196092,regular
6196092,regular
6196092,regular
6198620,regular
6198620,regular
6198620,regular
6199156,regular
6199156,regular
6199156,regular
6199156,regular
6199156,regular
6199156,regular
6199156,regular
6199156,regular
6199156,regular
6199156,regular
6199156,regular
6199156,regular
6199156,regular
6199156,regular
6199156,regular
6199156,regular
6199156,regular
6199156,regular
6199156,regular
6199156,regular
6199156,regular
6199156,regular
6199156,regular
6199156,regular
6199156,regular
6199156,regular
4482141,regular
6100999,regular
6100999,regular
6100999,regular
6100999,regular
6100999,regular
6100999,regular
6100999,regular
6100999,regular
6100999,regular
6100999,regular
6195464,regular
6195464,regular
6195464,regular
6195464,regular
6195464,regular
6195464,regular
6195464,regular
6195464,regular
6195464,regular
6195464,regular
6199156,regular
6199156,regular
6199156,regular
6199156,regular
6199156,regular
6199156,regular
6199156,regular
6199156,regular
6199156,regular
6199156,regular
6216540,regular
6199156,regular
6100999,regular
6195464,regular
6134041,regular
6134041,regular
6134041,regular
6134041,regular
6134041,regular
6134041,regular
6134041,regular
6134041,regular
6134041,regular
6134041,regular
6178084,regular
6178084,regular
6178084,regular
6196092,regular
6196092,regular
6196092,regular
6216081,regular
6221172,regular
5305610,regular
5305610,regular
5305610,regular
5305610,regular
5305610,regular
5305610,regular
5754715,regular
5754715,regular
5754715,regular
5754715,regular
5754715,regular
5754715,regular
5754715,regular
5754715,regular
5754715,regular
5754715,regular
5754715,regular
5754715,regular
5754715,regular
5754715,regular
5754715,regular
5754715,regular
5754715,regular
5754715,regular
5754715,regular
5754715,regular
5754715,regular
5754715,regular
5754715,regular
5754715,regular
5754715,regular
5754715,regular
5974004,deviant
5974004,deviant
5974004,deviant
5974004,deviant
5974004,deviant
5974004,deviant
5974004,deviant
5974004,deviant
5974004,deviant
5974004,deviant
5974004,deviant
5974004,deviant
5974004,deviant
5974004,deviant
5974004,deviant
5974004,deviant
5974004,deviant
5974004,deviant
5974004,deviant
5974004,deviant
5974004,deviant
5974004,deviant
5974004,deviant
5974004,deviant
5974004,deviant
5974004,deviant
5974004,deviant
6191915,regular
6191915,regular
6191915,regular
6191915,regular
6191915,regular
6191915,regular
6191915,regular
6191915,regular
6191915,regular
6191915,regular
6191915,regular
6191915,regular
6191915,regular
6191915,regular
6191915,regular
6191915,regular
6191915,regular
6191915,regular
6191915,regular
6191915,regular
6191915,regular
6191915,regular
6191915,regular
6191915,regular
6191915,regular
6191915,regular
6196092,regular
6196092,regular
6196092,regular
6216081,regular
6216081,regular
6216081,regular
6216081,regular
6216081,regular
6216540,regular
6216540,regular
6216540,regular
6216540,regular
6216540,regular
6230627,regular
5754715,regular
5754715,regular
5754715,regular
6216081,regular
6216540,regular
5974004,deviant
5974004,deviant
5974004,deviant
5974004,deviant
5974004,deviant
5974004,deviant
5974004,deviant
5974004,deviant
6178785,deviant
6178785,deviant
6178785,deviant
6178785,deviant
6178785,deviant
6178785,deviant
6178785,deviant
6178785,deviant
6178785,deviant
6178785,deviant
6196092,regular
6196092,regular
6196092,regular
6196092,regular
6196092,regular
6196092,regular
6196092,regular
6221172,regular
6221172,regular
6221172,regular
6221172,regular
6221172,regular
6231152,regular
5974004,deviant
6196092,regular
6221172,regular
6092663,regular
6234797,deviant
6092663,regular
6092663,regular
6230627,regular
6230627,regular
6230627,regular
6230627,regular
6230627,regular
6231152,regular
6231152,regular
6231152,regular
6231152,regular
6234241,regular
6230627,regular
5726442,deviant
5726442,deviant
5854342,regular
5854342,regular
5854342,regular
5854342,regular
5854342,regular
5854342,regular
5854342,regular
5854342,regular
5854342,regular
5854342,regular
5854342,regular
5854342,regular
6166321,regular
6166321,regular
6166321,regular
6166321,regular
6166321,regular
6166321,regular
6166321,regular
6166321,regular
6166321,regular
6166321,regular
6166321,regular
6166321,regular
6166321,regular
6166321,regular
6166321,regular
6191915,regular
6191915,regular
6191915,regular
6191915,regular
6191915,regular
6191915,regular
6234241,regular
6234241,regular
6234241,regular
6234241,regular
6234241,regular
6234797,deviant
6234797,deviant
6234797,deviant
6234797,deviant
6234797,deviant
6234241,regular
6191915,regular
5726442,deviant
6234797,deviant
5854342,regular
5854342,regular
5854342,regular
5726442,deviant
5754715,regular
5754715,regular
6134041,regular
6134041,regular
6134041,regular
6134041,regular
6134041,regular
6134041,regular
6134041,regular
6134041,regular
6134041,regular
6134041,regular
6166321,regular
6166321,regular
6166321,regular
6187718,regular
6187718,regular
6187718,regular
6187718,regular
6187718,regular
6187718,regular
6187718,regular
6187718,regular
6187718,regular
6187718,regular
6187718,regular
6187718,regular
6187718,regular
6187718,regular
6187718,regular
6187718,regular
6187718,regular
6187718,regular
6187718,regular
6187718,regular
6187718,regular
6187718,regular
6187718,regular
6216081,regular
6216081,regular
6216081,regular
6216081,regular
6216081,regular
6216081,regular
6216081,regular
6216081,regular
6216081,regular
6216081,regular
6216081,regular
6216081,regular
6216081,regular
6216081,regular
6216081,regular
6216081,regular
6216081,regular
6216081,regular
6216081,regular
6216081,regular
6216081,regular
6216081,regular
6216081,regular
6216081,regular
6216081,regular
6216081,regular
6230627,regular
6230627,regular
6230627,regular
6230627,regular
6230627,regular
6230627,regular
6230627,regular
6230627,regular
6230627,regular
6230627,regular
6230627,regular
6230627,regular
6230627,regular
6230627,regular
6230627,regular
6230627,regular
6230627,regular
6230627,regular
6230627,regular
6230627,regular
6230627,regular
6230627,regular
6230627,regular
6230627,regular
6230627,regular
6230627,regular
6255618,regular
6256108,regular
6256124,regular
6257431,regular
6258052,regular
6259230,deviant
5793166,deviant
6092663,regular
6092663,regular
6092663,regular
6092663,regular
6092663,regular
6092663,regular
6092663,regular
6092663,regular
6092663,regular
6092663,regular
6092663,regular
6092663,regular
6092663,regular
6092663,regular
6092663,regular
6092663,regular
6092663,regular
6134041,regular
6134041,regular
6134041,regular
6216081,regular
6216081,regular
6230627,regular
6230627,regular
6092663,regular
6134041,regular
6134041,regular
6134041,regular
6134041,regular
6134041,regular
6134041,regular
6134041,regular
6134041,regular
6134041,regular
6134041,regular
6216081,regular
6216081,regular
6216081,regular
6216081,regular
6216081,regular
6216081,regular
6216081,regular
6216081,regular
6221172,regular
6221172,regular
6221172,regular
6221172,regular
6221172,regular
6221172,regular
6221172,regular
6221172,regular
6221172,regular
6221172,regular
6221172,regular
6221172,regular
6221172,regular
6221172,regular
6221172,regular
6221172,regular
6221172,regular
6221172,regular
6221172,regular
6221172,regular
6221172,regular
6221172,regular
6221172,regular
6230627,regular
6230627,regular
6230627,regular
6230627,regular
6230627,regular
6230627,regular
6230627,regular
6230627,regular
6234241,regular
6234241,regular
6234241,regular
6234241,regular
6234797,deviant
6234797,deviant
6234797,deviant
6234797,deviant
6234797,deviant
6134041,regular
6216081,regular
6230627,regular
6188388,regular
6188388,regular
6188388,regular
6216540,regular
6216540,regular
6216540,regular
6216540,regular
6216540,regular
6216540,regular
6216540,regular
6216540,regular
6216540,regular
6216540,regular
6216540,regular
6216540,regular
6216540,regular
6216540,regular
6216540,regular
6216540,regular
6216540,regular
6216540,regular
6216540,regular
6216540,regular
6216540,regular
6216540,regular
6216540,regular
6216540,regular
6216540,regular
6216540,regular
6234797,deviant
6255618,regular
6255618,regular
6255618,regular
6255618,regular
6255618,regular
6256108,regular
6256108,regular
6256108,regular
6256108,regular
6256108,regular
6256124,regular
6256124,regular
6256124,regular
6256124,regular
6256124,regular
6257431,regular
6257431,regular
6257431,regular
6257431,regular
6257431,regular
6258052,regular
6258052,regular
6258052,regular
6258052,regular
6258052,regular
6259230,deviant
6259230,deviant
6259230,deviant
6259230,deviant
6259230,deviant
6255618,regular
6256124,regular
6256108,regular
6257431,regular
6258052,regular
6259230,deviant
5893421,deviant
5893421,deviant
5893421,deviant
5893421,deviant
6186459,regular
6186459,regular
6186459,regular
6186459,regular
6186459,regular
6186459,regular
6186459,regular
6186459,regular
6186459,regular
6186459,regular
6186459,regular
6186459,regular
6186459,regular
6186459,regular
6186459,regular
6186459,regular
6186459,regular
6186459,regular
6186459,regular
6186459,regular
6186459,regular
6186459,regular
6186459,regular
6265279,regular
6271296,regular
6265279,regular
6265279,regular
6265279,regular
6265279,regular
6265279,regular
6265279,regular
6154655,regular
6154655,regular
6154655,regular
6154655,regular
6154655,regular
6154655,regular
6166928,regular
6166928,regular
6166928,regular
6166928,regular
6166928,regular
6166928,regular
6166928,regular
6166928,regular
6166928,regular
6166928,regular
6166928,regular
6166928,regular
6166928,regular
6166928,regular
6166928,regular
6166928,regular
6166928,regular
6166928,regular
6166928,regular
6166928,regular
6166928,regular
6166928,regular
6166928,regular
6166928,regular
6186459,regular
6186459,regular
6186459,regular
6186459,regular
6186459,regular
6186459,regular
6186459,regular
6186459,regular
6186459,regular
6186459,regular
6186459,regular
6186459,regular
6188388,regular
6188388,regular
6188388,regular
6188388,regular
6188388,regular
6188388,regular
6188388,regular
6188388,regular
6188388,regular
6188388,regular
6255618,regular
6255618,regular
6255618,regular
6255618,regular
6255618,regular
6256124,regular
6256124,regular
6256124,regular
6256124,regular
6271296,regular
6271296,regular
6271296,regular
6271296,regular
6271296,regular
6281660,regular
6286328,deviant
6166928,regular
6271296,regular
6188388,regular
6186459,regular
6186459,regular
6166928,regular
6166928,regular
6166928,regular
6166928,regular
6166928,regular
6166928,regular
6166928,regular
6166928,regular
6178084,regular
6178084,regular
6178084,regular
6178084,regular
6178084,regular
6178084,regular
6178084,regular
6178084,regular
6178084,regular
6178084,regular
6178084,regular
6178084,regular
6178084,regular
6178084,regular
6178084,regular
6178084,regular
6178084,regular
6178084,regular
6178084,regular
6178084,regular
6178084,regular
6178084,regular
6178084,regular
6178084,regular
6187718,regular
6187718,regular
6187718,regular
6187718,regular
6187718,regular
6187718,regular
6187718,regular
6187718,regular
6187718,regular
6187718,regular
6187718,regular
6187718,regular
6257431,regular
6257431,regular
6257431,regular
6257431,regular
6257431,regular
6286957,regular
6178084,regular
6187718,regular
6187718,regular
6166928,regular
6178084,regular
6178084,regular
6178084,regular
6178084,regular
6178084,regular
6178084,regular
6178084,regular
6178084,regular
6256108,regular
6256108,regular
6256108,regular
6256108,regular
6258052,regular
6258052,regular
6258052,regular
6258052,regular
6258052,regular
6271296,regular
6271296,regular
6271296,regular
6281660,regular
6281660,regular
6281660,regular
6281660,regular
6281660,regular
6291821,regular
6281660,regular
6178084,regular
6256108,regular
6256108,regular
6256108,regular
6256108,regular
6256108,regular
6256108,regular
6256108,regular
6256108,regular
6256108,regular
6256108,regular
6256108,regular
6256108,regular
6256108,regular
6256108,regular
6256108,regular
6256108,regular
6256108,regular
6256108,regular
6256108,regular
6271296,regular
6286328,deviant
6286328,deviant
6286328,deviant
6286328,deviant
6286328,deviant
6286957,regular
6286957,regular
6286957,regular
6286957,regular
6286957,regular
6286957,regular
6234241,regular
6234241,regular
6234241,regular
6234241,regular
6234241,regular
6234241,regular
6234241,regular
6234241,regular
6234241,regular
6234241,regular
6234241,regular
6234241,regular
6234241,regular
6234241,regular
6234241,regular
6234241,regular
6234241,regular
6234241,regular
6234241,regular
6234241,regular
6234241,regular
6234241,regular
6234797,deviant
6234797,deviant
6234797,deviant
6234797,deviant
6234797,deviant
6259230,deviant
6259230,deviant
6259230,deviant
6259230,deviant
6291821,regular
6291821,regular
6291821,regular
6291821,regular
6291821,regular
6291821,regular
6303223,regular
6191061,deviant
6191061,deviant
6191061,deviant
6191061,deviant
6191061,deviant
6216540,regular
6216540,regular
6234241,regular
6234241,regular
6234797,deviant
6234797,deviant
6234797,deviant
6234797,deviant
6234797,deviant
6234797,deviant
6234797,deviant
6234797,deviant
6234797,deviant
6256108,regular
6256108,regular
6271296,regular
6271296,regular
6271296,regular
6271296,regular
6271296,regular
6271296,regular
6271296,regular
6271296,regular
6271296,regular
6271296,regular
6271296,regular
6271296,regular
6271296,regular
6271296,regular
6271296,regular
6271296,regular
6271296,regular
6271296,regular
6271296,regular
6306476,regular
5966460,deviant
5966460,deviant
5966460,deviant
6081247,deviant
6081247,deviant
6081247,deviant
6081247,deviant
6081247,deviant
6081247,deviant
6081247,deviant
6081247,deviant
6081247,deviant
6216540,regular
6216540,regular
6216540,regular
6216540,regular
6216540,regular
6216540,regular
6216540,regular
6216540,regular
6234241,regular
6234241,regular
6234241,regular
6234241,regular
6234241,regular
6234241,regular
6234241,regular
6234241,regular
6256108,regular
6256108,regular
6256108,regular
6256108,regular
6256108,regular
6256108,regular
6256108,regular
6256108,regular
6256108,regular
6256108,regular
6256108,regular
6257431,regular
6271296,regular
6271296,regular
6271296,regular
6271296,regular
6303223,regular
6303223,regular
6303223,regular
6303223,regular
6303223,regular
6316466,deviant
6271296,regular
6216540,regular
6234241,regular
6256108,regular
6303223,regular
5966460,deviant
5966460,deviant
5966460,deviant
6041727,regular
6041727,regular
6041727,regular
6041727,regular
6092663,regular
6092663,regular
6092663,regular
6092663,regular
6178785,deviant
6178785,deviant
6178785,deviant
6178785,deviant
6178785,deviant
6178785,deviant
6178785,deviant
6178785,deviant
6178785,deviant
6178785,deviant
6271296,regular
6271296,regular
6271296,regular
6271296,regular
6271296,regular
6271296,regular
6271296,regular
6271296,regular
6291821,regular
6291821,regular
6291821,regular
6291821,regular
6306476,regular
6306476,regular
6306476,regular
6306476,regular
6306476,regular
6306476,regular
6271296,regular
6306476,regular
6178785,deviant
5966460,deviant
5966460,deviant
5966460,deviant
5966460,deviant
5966460,deviant
5966460,deviant
5966460,deviant
5966460,deviant
5966460,deviant
5966460,deviant
5966460,deviant
5966460,deviant
5966460,deviant
5966460,deviant
5966460,deviant
5966460,deviant
5966460,deviant
5966460,deviant
5966460,deviant
5966460,deviant
5966460,deviant
5966460,deviant
5966460,deviant
5966460,deviant
6286328,deviant
6286328,deviant
6286328,deviant
6286328,deviant
6286328,deviant
6286328,deviant
6323783,regular
6324276,regular
6325581,regular
5966460,deviant
5966460,deviant
6041727,regular
6041727,regular
6041727,regular
6041727,regular
6041727,regular
6041727,regular
6041727,regular
6041727,regular
6041727,regular
6041727,regular
6041727,regular
6041727,regular
6041727,regular
6041727,regular
6041727,regular
6041727,regular
6041727,regular
6041727,regular
6041727,regular
6041727,regular
6041727,regular
6041727,regular
6041727,regular
6041727,regular
6286328,deviant
6291821,regular
6291821,regular
6291821,regular
6291821,regular
6291821,regular
6291821,regular
6291821,regular
6291821,regular
6291821,regular
6291821,regular
6291821,regular
6291821,regular
6291821,regular
6291821,regular
6291821,regular
6291821,regular
6291821,regular
6291821,regular
6291821,regular
6316466,deviant
6316466,deviant
6316466,deviant
6316466,deviant
6316466,deviant
6326422,regular
6041727,regular
6041727,regular
6041727,regular
6316466,deviant
6326933,deviant
6255618,regular
6255618,regular
6255618,regular
6255618,regular
6255618,regular
6255618,regular
6323783,regular
6323783,regular
6323783,regular
6323783,regular
6323783,regular
6323783,regular
6323783,regular
6323783,regular
6323783,regular
6323783,regular
6323783,regular
6324276,regular
6324276,regular
6324276,regular
6324276,regular
6324276,regular
6325581,regular
6325581,regular
6325581,regular
6325581,regular
6325581,regular
6326422,regular
6326422,regular
6326422,regular
6326422,regular
6326933,deviant
6326933,deviant
6326933,deviant
6326933,deviant
6326933,deviant
6323783,regular
6324276,regular
6325581,regular
6326933,deviant
6255618,regular
6255618,regular
6255618,regular
6255618,regular
6255618,regular
6255618,regular
6255618,regular
6255618,regular
6255618,regular
6255618,regular
6255618,regular
6255618,regular
6257431,regular
6257431,regular
6257431,regular
6257431,regular
6257431,regular
6257431,regular
6257431,regular
6257431,regular
6257431,regular
6257431,regular
6257431,regular
6257431,regular
6257431,regular
6257431,regular
6257431,regular
6257431,regular
6257431,regular
6338218,regular
6257431,regular
6257431,regular
6257431,regular
6257431,regular
6257431,regular
6257431,regular
6257431,regular
6257431,regular
6257431,regular
6257431,regular
6257431,regular
6257431,regular
6257431,regular
6257431,regular
6341227,regular
6257431,regular
6257431,regular
6347160,deviant
6346687,regular
6017899,regular
6017899,regular
6017899,regular
6017899,regular
6017899,regular
6017899,regular
6017899,regular
6017899,regular
6017899,regular
6017899,regular
6017899,regular
6017899,regular
6017899,regular
6017899,regular
6017899,regular
6017899,regular
6017899,regular
6017899,regular
6255618,regular
6255618,regular
6255618,regular
6255618,regular
6255618,regular
6256124,regular
6256124,regular
6256124,regular
6256124,regular
6256124,regular
6256124,regular
6256124,regular
6256124,regular
6256124,regular
6256124,regular
6256124,regular
6256124,regular
6256124,regular
6256124,regular
6256124,regular
6256124,regular
6256124,regular
6256124,regular
6256124,regular
6316466,deviant
6316466,deviant
6316466,deviant
6316466,deviant
6326933,deviant
6326933,deviant
6326933,deviant
6326933,deviant
6326933,deviant
6326933,deviant
6338218,regular
6338218,regular
6338218,regular
6338218,regular
6338218,regular
6341227,regular
6341227,regular
6341227,regular
6341227,regular
6348490,deviant
6353191,regular
6338218,regular
6017899,regular
5726442,deviant
5726442,deviant
5726442,deviant
5726442,deviant
5726442,deviant
5726442,deviant
5726442,deviant
5726442,deviant
5726442,deviant
5726442,deviant
5726442,deviant
5726442,deviant
5726442,deviant
5726442,deviant
5726442,deviant
5726442,deviant
6256124,regular
6256124,regular
6346687,regular
6346687,regular
6346687,regular
6346687,regular
6346687,regular
6363866,deviant
6346687,regular
6157938,regular
6157938,regular
6157938,regular
6157938,regular
6157938,regular
6157938,regular
6157938,regular
6157938,regular
6157938,regular
6157938,regular
6157938,regular
6157938,regular
6157938,regular
6157938,regular
6157938,regular
6157938,regular
6157938,regular
6157938,regular
6157938,regular
6157938,regular
6157938,regular
6157938,regular
6157938,regular
6157938,regular
6157938,regular
6157938,regular
6157938,regular
6157938,regular
6157938,regular
6157938,regular
6157938,regular
6157938,regular
6157938,regular
6157938,regular
6157938,regular
6157938,regular
6157938,regular
6157938,regular
6157938,regular
6157938,regular
6157938,regular
6157938,regular
6157938,regular
6157938,regular
6157938,regular
6157938,regular
6191061,deviant
6191061,deviant
6191061,deviant
6191061,deviant
6191061,deviant
6191061,deviant
6191061,deviant
6191061,deviant
6191061,deviant
6191061,deviant
6191061,deviant
6191061,deviant
6191061,deviant
6191061,deviant
6191061,deviant
6191061,deviant
6191061,deviant
6191061,deviant
6191061,deviant
6191061,deviant
6191061,deviant
6255618,regular
6255618,regular
6255618,regular
6255618,regular
6255618,regular
6255618,regular
6255618,regular
6255618,regular
6255618,regular
6255618,regular
6256124,regular
6256124,regular
6256124,regular
6256124,regular
6256124,regular
6256124,regular
6259230,deviant
6259230,deviant
6259230,deviant
6259230,deviant
6259230,deviant
6259230,deviant
6259230,deviant
6323783,regular
6323783,regular
6323783,regular
6323783,regular
6323783,regular
6323783,regular
6326422,regular
6326422,regular
6326422,regular
6326422,regular
6326422,regular
6326422,regular
6326422,regular
6326422,regular
6326422,regular
6326422,regular
6326422,regular
6326422,regular
6326422,regular
6326422,regular
6326422,regular
6326422,regular
6326422,regular
6326422,regular
6326422,regular
6326422,regular
6326422,regular
6326422,regular
6326422,regular
6326422,regular
6326422,regular
6326422,regular
6326422,regular
6326422,regular
6326422,regular
6326422,regular
6326422,regular
6326422,regular
6326422,regular
6326422,regular
6326422,regular
6326422,regular
6347160,deviant
6347160,deviant
6347160,deviant
6347160,deviant
6347160,deviant
6348490,deviant
6348490,deviant
6348490,deviant
6348490,deviant
6348490,deviant
6353191,regular
6353191,regular
6353191,regular
6353191,regular
6353191,regular
6157938,regular
6157938,regular
6157938,regular
6259230,deviant
6347160,deviant
6348490,deviant
6353191,regular
6326422,regular
6326422,regular
6255618,regular
6157938,regular
6326422,regular
5726442,deviant
5726442,deviant
5726442,deviant
5726442,deviant
5726442,deviant
5726442,deviant
5726442,deviant
5726442,deviant
5726442,deviant
5726442,deviant
5726442,deviant
5726442,deviant
5726442,deviant
5726442,deviant
5726442,deviant
5726442,deviant
5726442,deviant
5726442,deviant
6157938,regular
6157938,regular
6157938,regular
6323783,regular
6323783,regular
6323783,regular
6323783,regular
6323783,regular
6323783,regular
6323783,regular
6323783,regular
6323783,regular
6323783,regular
6323783,regular
6323783,regular
6323783,regular
6323783,regular
6323783,regular
6323783,regular
6323783,regular
6323783,regular
6323783,regular
6323783,regular
6323783,regular
6323783,regular
6323783,regular
6323783,regular
6348490,deviant
6348490,deviant
6348490,deviant
6348490,deviant
6348490,deviant
6348490,deviant
6348490,deviant
6348490,deviant
6348490,deviant
6348490,deviant
6363866,deviant
6363866,deviant
6363866,deviant
6363866,deviant
6363866,deviant
6363866,deviant
5726442,deviant
5726442,deviant
5726442,deviant
6323783,regular
6323783,regular
6323783,regular
6384316,regular
6385414,regular
6386010,regular
6386553,regular
6387102,regular
6017899,regular
6017899,regular
6017899,regular
6017899,regular
6169845,regular
6169845,regular
6169845,regular
6178785,deviant
6178785,deviant
6178785,deviant
6178785,deviant
6178785,deviant
6178785,deviant
6178785,deviant
6178785,deviant
6178785,deviant
6178785,deviant
6178785,deviant
6178785,deviant
6178785,deviant
6178785,deviant
6392179,regular
6392752,regular
6394370,regular
5305610,regular
5305610,regular
5305610,regular
5305610,regular
5305610,regular
5305610,regular
5305610,regular
5305610,regular
5305610,regular
5305610,regular
5305610,regular
5305610,regular
5305610,regular
5305610,regular
5305610,regular
5305610,regular
5305610,regular
5305610,regular
5793166,deviant
5793166,deviant
5793166,deviant
5793166,deviant
6017899,regular
6017899,regular
6017899,regular
6017899,regular
6017899,regular
6017899,regular
6017899,regular
6178785,deviant
6178785,deviant
6234797,deviant
6234797,deviant
6234797,deviant
6234797,deviant
6234797,deviant
6234797,deviant
6234797,deviant
6234797,deviant
6234797,deviant
6234797,deviant
6234797,deviant
6234797,deviant
6234797,deviant
6234797,deviant
6234797,deviant
6234797,deviant
6234797,deviant
6234797,deviant
6234797,deviant
6234797,deviant
6234797,deviant
6234797,deviant
6234797,deviant
6234797,deviant
6324276,regular
6324276,regular
6324276,regular
6324276,regular
6325581,regular
6325581,regular
6325581,regular
6325581,regular
6325581,regular
6325581,regular
6325581,regular
6338218,regular
6338218,regular
6338218,regular
6338218,regular
6338218,regular
6338218,regular
6338218,regular
6338218,regular
6338218,regular
6338218,regular
6338218,regular
6338218,regular
6338218,regular
6338218,regular
6338218,regular
6338218,regular
6338218,regular
6338218,regular
6338218,regular
6338218,regular
6338218,regular
6338218,regular
6338218,regular
6338218,regular
6338218,regular
6338218,regular
6338218,regular
6384316,regular
6384316,regular
6384316,regular
6384316,regular
6384316,regular
6385414,regular
6385414,regular
6385414,regular
6385414,regular
6385414,regular
6386010,regular
6386010,regular
6386010,regular
6386010,regular
6386010,regular
6386553,regular
6386553,regular
6386553,regular
6386553,regular
6386553,regular
6387102,regular
6387102,regular
6387102,regular
6387102,regular
6387102,regular
6017899,regular
6384316,regular
6338218,regular
6385414,regular
6386010,regular
6386553,regular
6387102,regular
5305610,regular
5305610,regular
5305610,regular
5305610,regular
5305610,regular
5305610,regular
6191061,deviant
6191061,deviant
6353191,regular
6353191,regular
6353191,regular
6353191,regular
6384316,regular
6384316,regular
6384316,regular
6384316,regular
6384316,regular
6392179,regular
6392179,regular
6392179,regular
6392179,regular
6392179,regular
6392752,regular
6392752,regular
6392752,regular
6392752,regular
6392752,regular
6394370,regular
6394370,regular
6394370,regular
6394370,regular
6394370,regular
6400090,regular
6409500,regular
6392179,regular
6392752,regular
6394370,regular
6157938,regular
6157938,regular
6178785,deviant
6178785,deviant
6178785,deviant
6178785,deviant
6178785,deviant
6178785,deviant
6178785,deviant
6178785,deviant
6178785,deviant
6178785,deviant
6178785,deviant
6191061,deviant
6191061,deviant
6191061,deviant
6191061,deviant
6191061,deviant
6191061,deviant
6191061,deviant
6191061,deviant
6338218,regular
6338218,regular
6338218,regular
6338218,regular
6338218,regular
6338218,regular
6338218,regular
6338218,regular
6341227,regular
6341227,regular
6341227,regular
6341227,regular
6341227,regular
6341227,regular
6341227,regular
6341227,regular
6341227,regular
6341227,regular
6341227,regular
6341227,regular
6341227,regular
6341227,regular
6341227,regular
6341227,regular
6341227,regular
6341227,regular
6341227,regular
6341227,regular
6341227,regular
6341227,regular
6341227,regular
6341227,regular
6341227,regular
6341227,regular
6341227,regular
6341227,regular
6341227,regular
6341227,regular
6341227,regular
6341227,regular
6341227,regular
6341227,regular
6341227,regular
6341227,regular
6341227,regular
6341227,regular
6341227,regular
6363866,deviant
6363866,deviant
6363866,deviant
6363866,deviant
6363866,deviant
6363866,deviant
6363866,deviant
6385414,regular
6385414,regular
6385414,regular
6385414,regular
6400090,regular
6400090,regular
6400090,regular
6400090,regular
6400090,regular
6410506,regular
6411037,regular
6411537,regular
6338218,regular
6178785,deviant
6400090,regular
6191061,deviant
6341227,regular
6341227,regular
6341227,regular
6414799,regular
6166321,regular
6166321,regular
6166321,regular
6166321,regular
6166321,regular
6166321,regular
6166321,regular
6166321,regular
6166321,regular
6166321,regular
6166321,regular
6166321,regular
6166321,regular
6166321,regular
6166321,regular
6166321,regular
6166321,regular
6166321,regular
6166321,regular
6166321,regular
6166321,regular
6166321,regular
6166321,regular
6166321,regular
6166321,regular
6166321,regular
6166321,regular
6166321,regular
6234797,deviant
6234797,deviant
6234797,deviant
6234797,deviant
6234797,deviant
6234797,deviant
6234797,deviant
6234797,deviant
6387102,regular
6387102,regular
6387102,regular
6387102,regular
6387102,regular
6387102,regular
6387102,regular
6387102,regular
6387102,regular
6387102,regular
6387102,regular
6387102,regular
6387102,regular
6387102,regular
6387102,regular
6387102,regular
6387102,regular
6387102,regular
6387102,regular
6387102,regular
6387102,regular
6387102,regular
6387102,regular
6409500,regular
6409500,regular
6409500,regular
6409500,regular
6409500,regular
6410506,regular
6410506,regular
6410506,regular
6410506,regular
6410506,regular
6411037,regular
6411037,regular
6411037,regular
6411037,regular
6411037,regular
6411537,regular
6411537,regular
6411537,regular
6411537,regular
6411537,regular
6409500,regular
6234797,deviant
6410506,regular
6411037,regular
6411537,regular
6166321,regular
6166321,regular
6414799,regular
6414799,regular
6414799,regular
6414799,regular
6414799,regular
6414799,regular
6166321,regular
6166321,regular
6017899,regular
6265279,regular
6265279,regular
6265279,regular
6265279,regular
6265279,regular
6265279,regular
6265279,regular
6265279,regular
6265279,regular
6265279,regular
6265279,regular
6265279,regular
6265279,regular
6265279,regular
6265279,regular
6265279,regular
6265279,regular
6265279,regular
6265279,regular
6265279,regular
6265279,regular
6435150,regular
6265279,regular
5987513,regular
5987513,regular
5987513,regular
5987513,regular
5987513,regular
5987513,regular
5987513,regular
5987513,regular
5987513,regular
5987513,regular
5987513,regular
5987513,regular
6387102,regular
6387102,regular
6387102,regular
6440124,regular
6440874,regular
6386010,regular
6386010,regular
6386010,regular
6386010,regular
6386010,regular
6386010,regular
6386010,regular
6386010,regular
6386010,regular
6386010,regular
6386010,regular
6386010,regular
6386010,regular
6386010,regular
6386010,regular
6386010,regular
6386010,regular
6386010,regular
6386010,regular
6386010,regular
6386010,regular
6386010,regular
6386010,regular
6386010,regular
6386010,regular
6386010,regular
6387102,regular
6387102,regular
6387102,regular
6387102,regular
6387102,regular
6387102,regular
6387102,regular
6387102,regular
6387102,regular
6387102,regular
6392179,regular
6392179,regular
6392179,regular
6392179,regular
6392179,regular
6400090,regular
6400090,regular
6400090,regular
6400090,regular
6435150,regular
6435150,regular
6435150,regular
6435150,regular
6435150,regular
6387102,regular
6092663,regular
6092663,regular
6194436,regular
6194436,regular
6198620,regular
6198620,regular
6265279,regular
6265279,regular
6265279,regular
6291821,regular
6291821,regular
6291821,regular
6347160,deviant
6347160,deviant
6347160,deviant
6347160,deviant
6347160,deviant
6347160,deviant
6347160,deviant
6347160,deviant
6347160,deviant
6347160,deviant
6347160,deviant
6347160,deviant
6386010,regular
6386010,regular
6386010,regular
6386010,regular
6386010,regular
6386010,regular
6386010,regular
6386010,regular
6386010,regular
6386010,regular
6400090,regular
6400090,regular
6400090,regular
6400090,regular
6400090,regular
6400090,regular
6400090,regular
6400090,regular
6400090,regular
6400090,regular
6400090,regular
6400090,regular
6400090,regular
6400090,regular
6400090,regular
6400090,regular
6400090,regular
6400090,regular
6400090,regular
6400090,regular
6400090,regular
6400090,regular
6440124,regular
6440124,regular
6440124,regular
6440124,regular
6440124,regular
6440874,regular
6440874,regular
6440874,regular
6440874,regular
6440874,regular
6440124,regular
6440874,regular
6386010,regular
6265279,regular
6092663,regular
6092663,regular
6092663,regular
6092663,regular
6092663,regular
6092663,regular
6092663,regular
6092663,regular
6092663,regular
6092663,regular
6092663,regular
6092663,regular
6092663,regular
6092663,regular
6092663,regular
6092663,regular
6092663,regular
6092663,regular
6092663,regular
6092663,regular
6092663,regular
6092663,regular
6092663,regular
6092663,regular
6092663,regular
6092663,regular
6316466,deviant
6409500,regular
6409500,regular
6409500,regular
6409500,regular
6409500,regular
6410506,regular
6410506,regular
6410506,regular
6410506,regular
6286328,deviant
6286328,deviant
6286328,deviant
6286328,deviant
6286328,deviant
6286328,deviant
6286328,deviant
6286328,deviant
6291821,regular
6291821,regular
6291821,regular
6291821,regular
6291821,regular
6291821,regular
6291821,regular
6291821,regular
6291821,regular
6291821,regular
6400090,regular
6400090,regular
6411037,regular
6411037,regular
6411037,regular
6411037,regular
6411537,regular
6411537,regular
6411537,regular
6414799,regular
6414799,regular
6414799,regular
6414799,regular
6435150,regular
6435150,regular
6435150,regular
6435150,regular
6435150,regular
6440124,regular
6440124,regular
6440124,regular
6440124,regular
6440874,regular
6440874,regular
6440874,regular
6440874,regular
6291821,regular
6400090,regular
6400090,regular
6400090,regular
6400090,regular
6400090,regular
6400090,regular
6400090,regular
6400090,regular
6400090,regular
6092663,regular
6092663,regular
6092663,regular
6194436,regular
6194436,regular
6194436,regular
6194436,regular
6194436,regular
6194436,regular
6194436,regular
6194436,regular
6194436,regular
6194436,regular
6194436,regular
6194436,regular
6194436,regular
6194436,regular
6194436,regular
6194436,regular
6194436,regular
6194436,regular
6194436,regular
6194436,regular
6194436,regular
6194436,regular
6194436,regular
6194436,regular
6194436,regular
6194436,regular
6194436,regular
6194436,regular
6194436,regular
6194436,regular
6194436,regular
6194436,regular
6198620,regular
6198620,regular
6198620,regular
6198620,regular
6198620,regular
6198620,regular
6198620,regular
6198620,regular
6198620,regular
6198620,regular
6198620,regular
6198620,regular
6198620,regular
6198620,regular
6198620,regular
6198620,regular
6198620,regular
6198620,regular
6198620,regular
6198620,regular
6198620,regular
6198620,regular
6198620,regular
6198620,regular
6198620,regular
6198620,regular
6198620,regular
6198620,regular
6198620,regular
6198620,regular
6198620,regular
6198620,regular
6198620,regular
6198620,regular
6198620,regular
6198620,regular
6198620,regular
6198620,regular
6221172,regular
6221172,regular
6221172,regular
6258052,regular
6258052,regular
6258052,regular
6258052,regular
6258052,regular
6258052,regular
6258052,regular
6258052,regular
6258052,regular
6258052,regular
6258052,regular
6258052,regular
6258052,regular
6258052,regular
6258052,regular
6258052,regular
6258052,regular
6258052,regular
6258052,regular
6258052,regular
6258052,regular
6258052,regular
6258052,regular
6258052,regular
6265279,regular
6265279,regular
6265279,regular
6265279,regular
6265279,regular
6265279,regular
6265279,regular
6265279,regular
6265279,regular
6265279,regular
6265279,regular
6265279,regular
6265279,regular
6265279,regular
6440874,regular
6440874,regular
6440874,regular
6440874,regular
6440874,regular
6440874,regular
6440874,regular
6440874,regular
6440874,regular
6440874,regular
6440874,regular
6440874,regular
6440874,regular
6440874,regular
6440874,regular
6440874,regular
6440874,regular
6440874,regular
6440874,regular
6258052,regular
5893421,deviant
5893421,deviant
5893421,deviant
5893421,deviant
5893421,deviant
5893421,deviant
5893421,deviant
5893421,deviant
5893421,deviant
5893421,deviant
5893421,deviant
5893421,deviant
5893421,deviant
5893421,deviant
5893421,deviant
5893421,deviant
5893421,deviant
5893421,deviant
5893421,deviant
5893421,deviant
5893421,deviant
5893421,deviant
5893421,deviant
5893421,deviant
5893421,deviant
5893421,deviant
5893421,deviant
5893421,deviant
6092663,regular
6092663,regular
6198620,regular
6198620,regular
6221172,regular
6221172,regular
6258052,regular
6258052,regular
6258052,regular
6258052,regular
6258052,regular
6258052,regular
6258052,regular
6258052,regular
6265279,regular
6265279,regular
6265279,regular
6286328,deviant
6286328,deviant
6286328,deviant
6286328,deviant
6324276,regular
6324276,regular
6324276,regular
6324276,regular
6324276,regular
6324276,regular
6324276,regular
6324276,regular
6324276,regular
6324276,regular
6324276,regular
6324276,regular
6324276,regular
6324276,regular
6324276,regular
6324276,regular
6324276,regular
6324276,regular
6324276,regular
6324276,regular
6324276,regular
5893421,deviant
5893421,deviant
5893421,deviant
5893421,deviant
6258052,regular
6092663,regular
6092663,regular
6092663,regular
6092663,regular
6092663,regular
6092663,regular
6092663,regular
6092663,regular
6166321,regular
6166321,regular
6166321,regular
6194436,regular
6194436,regular
6198620,regular
6198620,regular
6198620,regular
6198620,regular
6198620,regular
6198620,regular
6198620,regular
6198620,regular
6221172,regular
6221172,regular
6221172,regular
6221172,regular
6221172,regular
6221172,regular
6221172,regular
6221172,regular
6265279,regular
6265279,regular
6324276,regular
6324276,regular
6324276,regular
6324276,regular
6324276,regular
6324276,regular
6324276,regular
6324276,regular
6324276,regular
6324276,regular
6324276,regular
6325581,regular
6325581,regular
6325581,regular
6325581,regular
6325581,regular
6325581,regular
6325581,regular
6325581,regular
6325581,regular
6325581,regular
6325581,regular
6325581,regular
6325581,regular
6325581,regular
6325581,regular
6325581,regular
6346687,regular
6346687,regular
6346687,regular
6346687,regular
6346687,regular
6346687,regular
6346687,regular
6346687,regular
6346687,regular
6346687,regular
6346687,regular
6346687,regular
6346687,regular
6346687,regular
6346687,regular
6346687,regular
6346687,regular
6346687,regular
6346687,regular
6346687,regular
6346687,regular
6346687,regular
6346687,regular
6440874,regular
6440874,regular
6440874,regular
6440874,regular
6495507,regular
6440874,regular
6198620,regular
6324276,regular
6221172,regular
6092663,regular
6265279,regular
6265279,regular
6265279,regular
6265279,regular
6265279,regular
6265279,regular
6265279,regular
6265279,regular
6281660,regular
6281660,regular
6281660,regular
6281660,regular
6281660,regular
6281660,regular
6281660,regular
6281660,regular
6281660,regular
6281660,regular
6281660,regular
6281660,regular
6281660,regular
6281660,regular
6281660,regular
6281660,regular
6281660,regular
6281660,regular
6281660,regular
6281660,regular
6281660,regular
6440874,regular
6440874,regular
6440874,regular
6440874,regular
6440874,regular
6440874,regular
6265279,regular
6440874,regular
5718151,deviant
5718151,deviant
5718151,deviant
5718151,deviant
5718151,deviant
5718151,deviant
5718151,deviant
5718151,deviant
5718151,deviant
5718151,deviant
5718151,deviant
5718151,deviant
5718151,deviant
5718151,deviant
5718151,deviant
5718151,deviant
5718151,deviant
5718151,deviant
5718151,deviant
5718151,deviant
6281660,regular
6281660,regular
6281660,regular
6281660,regular
6281660,regular
6281660,regular
6281660,regular
6281660,regular
6281660,regular
6281660,regular
6281660,regular
6281660,regular
6281660,regular
6281660,regular
6411037,regular
6411037,regular
6411037,regular
6411037,regular
6411037,regular
6411037,regular
6411037,regular
6411037,regular
6411037,regular
6411037,regular
6411037,regular
6411037,regular
6411037,regular
6411037,regular
6411037,regular
6411037,regular
6411037,regular
6411037,regular
6411037,regular
6411037,regular
6411037,regular
6411037,regular
6411537,regular
6411537,regular
6411537,regular
6411537,regular
6411537,regular
6411537,regular
6411537,regular
6411537,regular
6411537,regular
6411537,regular
6411537,regular
6411537,regular
6411537,regular
6411537,regular
6411537,regular
6411537,regular
6411537,regular
6411537,regular
6411537,regular
6411537,regular
6411537,regular
6411537,regular
6411537,regular
6281660,regular
6281660,regular
6166321,regular
6166321,regular
6166321,regular
6166321,regular
6166321,regular
6166321,regular
6166321,regular
6166321,regular
6166321,regular
6166321,regular
6306476,regular
6306476,regular
6306476,regular
6306476,regular
6306476,regular
6306476,regular
6306476,regular
6306476,regular
6306476,regular
6306476,regular
6306476,regular
6306476,regular
6306476,regular
6306476,regular
6306476,regular
6306476,regular
6306476,regular
6306476,regular
6306476,regular
6306476,regular
6306476,regular
6306476,regular
6384316,regular
6384316,regular
6384316,regular
6384316,regular
6384316,regular
6384316,regular
6384316,regular
6384316,regular
6384316,regular
6384316,regular
6392179,regular
6392179,regular
6392179,regular
6392179,regular
6392179,regular
6392179,regular
6392179,regular
6392179,regular
6392179,regular
6392179,regular
6392179,regular
6392179,regular
6392179,regular
6392179,regular
6392179,regular
6392179,regular
6392179,regular
6392179,regular
6392179,regular
6392179,regular
6392179,regular
6392179,regular
6392179,regular
6495507,regular
6495507,regular
6495507,regular
6495507,regular
6495507,regular
6500938,regular
6506745,regular
6495507,regular
6166321,regular
6348490,deviant
6348490,deviant
6348490,deviant
6348490,deviant
6348490,deviant
6386553,regular
6386553,regular
6386553,regular
6386553,regular
6386553,regular
6386553,regular
6386553,regular
6386553,regular
6386553,regular
6386553,regular
6386553,regular
6386553,regular
6386553,regular
6386553,regular
6386553,regular
6386553,regular
6386553,regular
6386553,regular
6386553,regular
6386553,regular
6386553,regular
6386553,regular
6386553,regular
6386553,regular
6386553,regular
6386553,regular
6392179,regular
6392179,regular
6392179,regular
6392179,regular
6392179,regular
6392179,regular
6392179,regular
6392179,regular
6392179,regular
6392179,regular
6392752,regular
6392752,regular
6392752,regular
6394370,regular
6394370,regular
6394370,regular
6411037,regular
6411037,regular
6411037,regular
6411037,regular
6411037,regular
6411037,regular
6411037,regular
6411037,regular
6411037,regular
6411037,regular
6411537,regular
6411537,regular
6411537,regular
6411537,regular
6411537,regular
6411537,regular
6411537,regular
6411537,regular
6411537,regular
6411537,regular
6500938,regular
6500938,regular
6500938,regular
6500938,regular
6500938,regular
6500938,regular
6500938,regular
6500938,regular
6500938,regular
6512818,regular
6500938,regular
6348490,deviant
6411037,regular
6411537,regular
6392179,regular
5893421,deviant
5893421,deviant
6286328,deviant
6286328,deviant
6286328,deviant
6286328,deviant
6286328,deviant
6286328,deviant
6286328,deviant
6286328,deviant
6286328,deviant
6286328,deviant
6286328,deviant
6286328,deviant
6286328,deviant
6286328,deviant
6286328,deviant
6286328,deviant
6286328,deviant
6286328,deviant
6286328,deviant
6286328,deviant
6286328,deviant
6306476,regular
6306476,regular
6306476,regular
6306476,regular
6384316,regular
6384316,regular
6384316,regular
6384316,regular
6384316,regular
6384316,regular
6384316,regular
6384316,regular
6384316,regular
6384316,regular
6384316,regular
6384316,regular
6384316,regular
6384316,regular
6384316,regular
6384316,regular
6384316,regular
6384316,regular
6386553,regular
6386553,regular
6414799,regular
6495507,regular
6495507,regular
6495507,regular
6506745,regular
6506745,regular
6506745,regular
6506745,regular
6506745,regular
6513343,regular
6306476,regular
6506745,regular
6384316,regular
6306476,regular
6306476,regular
6306476,regular
6306476,regular
6306476,regular
6306476,regular
6384316,regular
6384316,regular
6384316,regular
6384316,regular
6384316,regular
6386553,regular
6386553,regular
6386553,regular
6386553,regular
6386553,regular
6386553,regular
6414799,regular
6506745,regular
6506745,regular
6506745,regular
6512818,regular
6512818,regular
6512818,regular
6512818,regular
6512818,regular
6513343,regular
6513343,regular
6513343,regular
6513343,regular
6513343,regular
6523970,regular
6306476,regular
6386553,regular
6512818,regular
6513343,regular
6286328,deviant
6286328,deviant
6325581,regular
6325581,regular
6363866,deviant
6363866,deviant
6038724,regular
6038724,regular
6038724,regular
6038724,regular
6038724,regular
6038724,regular
6038724,regular
6038724,regular
6038724,regular
6286328,deviant
6286328,deviant
6286328,deviant
6286328,deviant
6286328,deviant
6286328,deviant
6286328,deviant
6286328,deviant
6286328,deviant
6286328,deviant
6286328,deviant
6325581,regular
6325581,regular
6325581,regular
6325581,regular
6325581,regular
6523970,regular
6523970,regular
6523970,regular
6523970,regular
6523970,regular
6528285,regular
6532599,regular
6534641,regular
6286328,deviant
6038724,regular
6038724,regular
6523970,regular
6440124,regular
6440124,regular
6440124,regular
6440124,regular
6440124,regular
6440124,regular
6440124,regular
6440124,regular
6440124,regular
6440124,regular
6440124,regular
6440124,regular
6440124,regular
6440124,regular
6440124,regular
6440124,regular
6528285,regular
6528285,regular
6528285,regular
6528285,regular
6528285,regular
6528285,regular
6440124,regular
5854342,regular
6316466,deviant
6316466,deviant
6316466,deviant
6316466,deviant
6316466,deviant
6316466,deviant
6316466,deviant
6316466,deviant
6316466,deviant
6316466,deviant
6316466,deviant
6316466,deviant
6316466,deviant
6316466,deviant
6316466,deviant
6316466,deviant
6316466,deviant
6316466,deviant
6316466,deviant
6316466,deviant
6316466,deviant
6316466,deviant
6326933,deviant
6326933,deviant
6326933,deviant
6326933,deviant
6326933,deviant
6326933,deviant
6326933,deviant
6326933,deviant
6326933,deviant
6326933,deviant
6326933,deviant
6326933,deviant
6326933,deviant
6326933,deviant
6326933,deviant
6414799,regular
6414799,regular
6414799,regular
6414799,regular
6414799,regular
6414799,regular
6414799,regular
6414799,regular
6414799,regular
6414799,regular
6414799,regular
6414799,regular
6414799,regular
6414799,regular
6414799,regular
6532599,regular
6532599,regular
6532599,regular
6532599,regular
6532599,regular
6534641,regular
6534641,regular
6534641,regular
6534641,regular
6534641,regular
6549637,regular
6414799,regular
6532599,regular
6534641,regular
6259230,deviant
6259230,deviant
6259230,deviant
6259230,deviant
6259230,deviant
6259230,deviant
6259230,deviant
6549637,regular
6549637,regular
6549637,regular
6549637,regular
6549637,regular
6549637,regular
6513343,regular
6513343,regular
6513343,regular
6513343,regular
6513343,regular
6513343,regular
6513343,regular
5718151,deviant
6231152,regular
6231152,regular
6231152,regular
6231152,regular
6231152,regular
6231152,regular
6231152,regular
6231152,regular
6231152,regular
6231152,regular
6231152,regular
6231152,regular
6231152,regular
6231152,regular
6231152,regular
6231152,regular
6231152,regular
6231152,regular
6231152,regular
6231152,regular
6231152,regular
6231152,regular
6231152,regular
6231152,regular
6385414,regular
6385414,regular
6385414,regular
6385414,regular
6385414,regular
6385414,regular
6385414,regular
6385414,regular
6385414,regular
6385414,regular
6385414,regular
6385414,regular
6385414,regular
6385414,regular
6385414,regular
6385414,regular
6385414,regular
6385414,regular
6385414,regular
6385414,regular
6385414,regular
6385414,regular
6385414,regular
6385414,regular
6385414,regular
6385414,regular
6385414,regular
6385414,regular
6385414,regular
6385414,regular
6385414,regular
6604318,regular
6385414,regular
6385414,regular
6316466,deviant
6316466,deviant
6316466,deviant
6316466,deviant
6316466,deviant
6316466,deviant
6316466,deviant
6316466,deviant
6392752,regular
6392752,regular
6394370,regular
6394370,regular
6394370,regular
6532599,regular
6532599,regular
6532599,regular
6532599,regular
6532599,regular
6549637,regular
6549637,regular
6549637,regular
6549637,regular
6605050,regular
6610106,regular
6194436,regular
6194436,regular
6194436,regular
6194436,regular
6326933,deviant
6326933,deviant
6326933,deviant
6326933,deviant
6326933,deviant
6326933,deviant
6326933,deviant
6326933,deviant
6326933,deviant
6326933,deviant
6326933,deviant
6326933,deviant
6326933,deviant
6326933,deviant
6326933,deviant
6326933,deviant
6326933,deviant
6326933,deviant
6326933,deviant
6326933,deviant
6326933,deviant
6353191,regular
6353191,regular
6353191,regular
6353191,regular
6353191,regular
6353191,regular
6353191,regular
6353191,regular
6353191,regular
6353191,regular
6353191,regular
6353191,regular
6353191,regular
6353191,regular
6353191,regular
6353191,regular
6353191,regular
6353191,regular
6353191,regular
6353191,regular
6353191,regular
6353191,regular
6353191,regular
6353191,regular
6409500,regular
6409500,regular
6409500,regular
6409500,regular
6409500,regular
6409500,regular
6409500,regular
6409500,regular
6409500,regular
6409500,regular
6409500,regular
6409500,regular
6409500,regular
6409500,regular
6409500,regular
6409500,regular
6409500,regular
6409500,regular
6409500,regular
6409500,regular
6409500,regular
6409500,regular
6410506,regular
6410506,regular
6410506,regular
6410506,regular
6410506,regular
6410506,regular
6440124,regular
6440124,regular
6440124,regular
6440124,regular
6440124,regular
6440124,regular
6500938,regular
6500938,regular
6500938,regular
6500938,regular
6500938,regular
6500938,regular
6500938,regular
6500938,regular
6500938,regular
6500938,regular
6500938,regular
6500938,regular
6500938,regular
6500938,regular
6500938,regular
6500938,regular
6500938,regular
6500938,regular
6500938,regular
6500938,regular
6500938,regular
6604318,regular
6604318,regular
6604318,regular
6604318,regular
6604318,regular
6605050,regular
6605050,regular
6605050,regular
6605050,regular
6605050,regular
6605050,regular
6605050,regular
6605050,regular
6605050,regular
6605050,regular
6605050,regular
6605050,regular
6605050,regular
6605050,regular
6605050,regular
6605050,regular
6605050,regular
6605050,regular
6605050,regular
6605050,regular
6605050,regular
6605050,regular
6605050,regular
6605050,regular
6605050,regular
6605050,regular
6605050,regular
6605050,regular
6605050,regular
6605050,regular
6616348,regular
6617324,deviant
6604318,regular
6605050,regular
6409500,regular
6194436,regular
5986829,deviant
5986829,deviant
5986829,deviant
5986829,deviant
5986829,deviant
6326933,deviant
6326933,deviant
6353191,regular
6353191,regular
6353191,regular
6353191,regular
6353191,regular
6353191,regular
6353191,regular
6353191,regular
6353191,regular
6353191,regular
6409500,regular
6409500,regular
6409500,regular
6409500,regular
6409500,regular
6409500,regular
6409500,regular
6409500,regular
6500938,regular
6500938,regular
6500938,regular
6500938,regular
6500938,regular
6500938,regular
6500938,regular
6500938,regular
6500938,regular
6500938,regular
6500938,regular
6512818,regular
6512818,regular
6512818,regular
6605050,regular
6605050,regular
6605050,regular
6605050,regular
6605050,regular
6605050,regular
6610106,regular
6610106,regular
6610106,regular
6610106,regular
6610106,regular
6619416,regular
6610106,regular
6500938,regular
6409500,regular
5986829,deviant
6194436,regular
6194436,regular
6194436,regular
6194436,regular
6194436,regular
6194436,regular
6194436,regular
6194436,regular
6259230,deviant
6259230,deviant
6259230,deviant
6259230,deviant
6259230,deviant
6259230,deviant
6259230,deviant
6259230,deviant
6259230,deviant
6259230,deviant
6259230,deviant
6259230,deviant
6259230,deviant
6259230,deviant
6259230,deviant
6259230,deviant
6326933,deviant
6326933,deviant
6326933,deviant
6326933,deviant
6326933,deviant
6326933,deviant
6326933,deviant
6326933,deviant
6410506,regular
6410506,regular
6410506,regular
6410506,regular
6440124,regular
6440124,regular
6440124,regular
6440124,regular
6440124,regular
6440124,regular
6440124,regular
6440124,regular
6440124,regular
6440124,regular
6440124,regular
6440124,regular
6440124,regular
6506745,regular
6512818,regular
6512818,regular
6512818,regular
6512818,regular
6512818,regular
6512818,regular
6512818,regular
6512818,regular
6512818,regular
6512818,regular
6512818,regular
6512818,regular
6512818,regular
6512818,regular
6512818,regular
6512818,regular
6512818,regular
6512818,regular
6512818,regular
6512818,regular
6512818,regular
6512818,regular
6512818,regular
6523970,regular
6523970,regular
6523970,regular
6523970,regular
6523970,regular
6523970,regular
6523970,regular
6523970,regular
6523970,regular
6523970,regular
6523970,regular
6523970,regular
6523970,regular
6523970,regular
6523970,regular
6523970,regular
6523970,regular
6523970,regular
6523970,regular
6523970,regular
6523970,regular
6523970,regular
6523970,regular
6534641,regular
6534641,regular
6534641,regular
6534641,regular
6604318,regular
6604318,regular
6604318,regular
6604318,regular
6610106,regular
6610106,regular
6610106,regular
6610106,regular
6616348,regular
6616348,regular
6616348,regular
6616348,regular
6616348,regular
6617324,deviant
6617324,deviant
6617324,deviant
6617324,deviant
6617324,deviant
6629610,regular
6630135,regular
6194436,regular
6326933,deviant
6616348,regular
6617324,deviant
6259230,deviant
6259230,deviant
6440124,regular
6440124,regular
6440124,regular
6440124,regular
6440124,regular
6440124,regular
6440124,regular
6440124,regular
6440124,regular
6440124,regular
6440124,regular
6440124,regular
6512818,regular
6512818,regular
6512818,regular
6512818,regular
6512818,regular
6512818,regular
6512818,regular
6512818,regular
6512818,regular
6512818,regular
6610106,regular
6610106,regular
6610106,regular
6610106,regular
6610106,regular
6610106,regular
6610106,regular
6610106,regular
6610106,regular
6610106,regular
6610106,regular
6610106,regular
6610106,regular
6610106,regular
6610106,regular
6610106,regular
6610106,regular
6610106,regular
6610106,regular
6610106,regular
6610106,regular
6610106,regular
6610106,regular
6610106,regular
6610106,regular
6610106,regular
6610106,regular
6610106,regular
6610106,regular
6610106,regular
6610106,regular
6619416,regular
6619416,regular
6619416,regular
6619416,regular
6619416,regular
6631123,regular
6631712,regular
6619416,regular
6610106,regular
6610106,regular
6440124,regular
6440124,regular
6512818,regular
6259230,deviant
6259230,deviant
6259230,deviant
6259230,deviant
6259230,deviant
6259230,deviant
6259230,deviant
6259230,deviant
6259230,deviant
6259230,deviant
6259230,deviant
6316466,deviant
6316466,deviant
6316466,deviant
6316466,deviant
6316466,deviant
6316466,deviant
6316466,deviant
6316466,deviant
6316466,deviant
6316466,deviant
6316466,deviant
6316466,deviant
6392752,regular
6392752,regular
6392752,regular
6394370,regular
6394370,regular
6394370,regular
6394370,regular
6528285,regular
6528285,regular
6528285,regular
6528285,regular
6528285,regular
6528285,regular
6528285,regular
6528285,regular
6528285,regular
6528285,regular
6528285,regular
6528285,regular
6528285,regular
6528285,regular
6528285,regular
6528285,regular
6528285,regular
6528285,regular
6528285,regular
6528285,regular
6528285,regular
6528285,regular
6528285,regular
6528285,regular
6528285,regular
6528285,regular
6528285,regular
6528285,regular
6528285,regular
6528285,regular
6528285,regular
6528285,regular
6528285,regular
6528285,regular
6528285,regular
6528285,regular
6528285,regular
6528285,regular
6528285,regular
6528285,regular
6528285,regular
6528285,regular
6528285,regular
6528285,regular
6528285,regular
6549637,regular
6549637,regular
6549637,regular
6549637,regular
6549637,regular
6549637,regular
6549637,regular
6549637,regular
6549637,regular
6549637,regular
6549637,regular
6549637,regular
6549637,regular
6549637,regular
6549637,regular
6549637,regular
6549637,regular
6549637,regular
6549637,regular
6633414,regular
6634834,regular
7619317,regular
7619317,regular
7763426,regular
7763426,regular
6259230,deviant
6528285,regular
6528285,regular
6528285,regular
6316466,deviant
6316466,deviant
6635489,regular
6495507,regular
6495507,regular
6523970,regular
6523970,regular
6523970,regular
6532599,regular
6532599,regular
6532599,regular
6532599,regular
6532599,regular
6532599,regular
6532599,regular
6532599,regular
6532599,regular
6532599,regular
6532599,regular
6532599,regular
6532599,regular
6532599,regular
6532599,regular
6532599,regular
6532599,regular
6532599,regular
6549637,regular
6549637,regular
6549637,regular
6604318,regular
6604318,regular
6604318,regular
6604318,regular
6604318,regular
6604318,regular
6604318,regular
6604318,regular
6604318,regular
6604318,regular
6604318,regular
6604318,regular
6604318,regular
6604318,regular
6604318,regular
6604318,regular
6604318,regular
6604318,regular
6604318,regular
6604318,regular
6604318,regular
6604318,regular
6629610,regular
6629610,regular
6629610,regular
6629610,regular
6629610,regular
6630135,regular
6630135,regular
6630135,regular
6630135,regular
6630135,regular
6631123,regular
6631123,regular
6631123,regular
6631123,regular
6631123,regular
6631712,regular
6631712,regular
6631712,regular
6631712,regular
6631712,regular
6633414,regular
6633414,regular
6633414,regular
6633414,regular
6633414,regular
6634834,regular
6634834,regular
6634834,regular
6634834,regular
6634834,regular
6635489,regular
6635489,regular
6635489,regular
6635489,regular
6635489,regular
6629610,regular
6630135,regular
6631123,regular
6631712,regular
6633414,regular
6634834,regular
6635489,regular
6387102,regular
6645702,regular
6231152,regular
6231152,regular
6231152,regular
6635489,regular
6635489,regular
6635489,regular
6387102,regular
6387102,regular
6387102,regular
6630135,regular
6630135,regular
6630135,regular
6631123,regular
6631123,regular
6631123,regular
6633414,regular
6633414,regular
6633414,regular
6651010,deviant
6655681,regular
6231152,regular
6231152,regular
6231152,regular
6231152,regular
6231152,regular
6231152,regular
6231152,regular
6231152,regular
6231152,regular
6231152,regular
6231152,regular
6231152,regular
6231152,regular
6231152,regular
6231152,regular
6231152,regular
6231152,regular
6231152,regular
6231152,regular
6231152,regular
6231152,regular
6231152,regular
6231152,regular
6231152,regular
6410506,regular
6410506,regular
6410506,regular
6435150,regular
6435150,regular
6435150,regular
6435150,regular
6435150,regular
6435150,regular
6435150,regular
6435150,regular
6435150,regular
6435150,regular
6435150,regular
6435150,regular
6435150,regular
6435150,regular
6435150,regular
6435150,regular
6435150,regular
6435150,regular
6435150,regular
6435150,regular
6435150,regular
6435150,regular
6435150,regular
6435150,regular
6435150,regular
6506745,regular
6506745,regular
6506745,regular
6506745,regular
6506745,regular
6506745,regular
6506745,regular
6506745,regular
6506745,regular
6506745,regular
6506745,regular
6506745,regular
6506745,regular
6506745,regular
6506745,regular
6506745,regular
6506745,regular
6523970,regular
6523970,regular
6534641,regular
6534641,regular
6534641,regular
6534641,regular
6534641,regular
6534641,regular
6534641,regular
6534641,regular
6534641,regular
6534641,regular
6534641,regular
6534641,regular
6534641,regular
6534641,regular
6534641,regular
6534641,regular
6534641,regular
6534641,regular
6534641,regular
6549637,regular
6549637,regular
6604318,regular
6604318,regular
6604318,regular
6604318,regular
6604318,regular
6604318,regular
6604318,regular
6604318,regular
6604318,regular
6604318,regular
6616348,regular
6616348,regular
6616348,regular
6616348,regular
6616348,regular
6616348,regular
6617324,deviant
6617324,deviant
6617324,deviant
6617324,deviant
6617324,deviant
6617324,deviant
6619416,regular
6619416,regular
6619416,regular
6645702,regular
6645702,regular
6645702,regular
6645702,regular
6645702,regular
6435150,regular
6645702,regular
6231152,regular
6231152,regular
6231152,regular
6231152,regular
6604318,regular
6506745,regular
6435150,regular
6435150,regular
6435150,regular
6435150,regular
6435150,regular
6435150,regular
6435150,regular
6523970,regular
6523970,regular
6523970,regular
6523970,regular
6523970,regular
6523970,regular
6523970,regular
6523970,regular
6534641,regular
6534641,regular
6534641,regular
6534641,regular
6534641,regular
6534641,regular
6534641,regular
6534641,regular
6534641,regular
6534641,regular
6534641,regular
6534641,regular
6549637,regular
6549637,regular
6549637,regular
6549637,regular
6549637,regular
6549637,regular
6549637,regular
6549637,regular
6617324,deviant
6629610,regular
6629610,regular
6629610,regular
6629610,regular
6629610,regular
6629610,regular
6629610,regular
6629610,regular
6629610,regular
6645702,regular
6645702,regular
6645702,regular
6645702,regular
6645702,regular
6645702,regular
6645702,regular
6645702,regular
6651010,deviant
6651010,deviant
6651010,deviant
6651010,deviant
6651010,deviant
6661628,regular
6662344,deviant
6549637,regular
6523970,regular
6629610,regular
6534641,regular
6534641,regular
6651010,deviant
6634834,regular
6634834,regular
6286957,regular
6286957,regular
6286957,regular
6286957,regular
6286957,regular
6286957,regular
6286957,regular
6532599,regular
6532599,regular
6532599,regular
6532599,regular
6532599,regular
6532599,regular
6532599,regular
6629610,regular
6629610,regular
6655681,regular
6655681,regular
6655681,regular
6655681,regular
6655681,regular
6665897,deviant
6655681,regular
6532599,regular
6532599,regular
6532599,regular
6532599,regular
6532599,regular
6532599,regular
6532599,regular
6532599,regular
6631712,regular
6631712,regular
6631712,regular
6631712,regular
6631712,regular
6631712,regular
6631712,regular
6631712,regular
6631712,regular
6631712,regular
6631712,regular
6631712,regular
6631712,regular
6631712,regular
6631712,regular
6631712,regular
6631712,regular
6631712,regular
6631712,regular
6631712,regular
6631712,regular
6661628,regular
6661628,regular
6661628,regular
6661628,regular
6661628,regular
6662344,deviant
6662344,deviant
6662344,deviant
6662344,deviant
6662344,deviant
6670491,regular
6631712,regular
6661628,regular
6532599,regular
6662344,deviant
6513343,regular
6513343,regular
6513343,regular
6513343,regular
6513343,regular
6513343,regular
6513343,regular
6513343,regular
6513343,regular
6513343,regular
6513343,regular
6513343,regular
6513343,regular
6513343,regular
6513343,regular
6513343,regular
6665897,deviant
6665897,deviant
6665897,deviant
6665897,deviant
6665897,deviant
6665897,deviant
6081247,deviant
6081247,deviant
6081247,deviant
6081247,deviant
6347160,deviant
6347160,deviant
6347160,deviant
6347160,deviant
6347160,deviant
6651010,deviant
6651010,deviant
6651010,deviant
6651010,deviant
6651010,deviant
6651010,deviant
6651010,deviant
6670491,regular
6670491,regular
6670491,regular
6670491,regular
6670491,regular
6675296,deviant
6670491,regular
6675296,deviant
6675296,deviant
6675296,deviant
6675296,deviant
6675296,deviant
6693684,deviant
6675296,deviant
6145343,deviant
6145343,deviant
6145343,deviant
6145343,deviant
6145343,deviant
6145343,deviant
6145343,deviant
6145343,deviant
6145343,deviant
6145343,deviant
6145343,deviant
6145343,deviant
6145343,deviant
6145343,deviant
6145343,deviant
6145343,deviant
6634834,regular
6634834,regular
6634834,regular
6634834,regular
6634834,regular
6634834,regular
6634834,regular
6634834,regular
6634834,regular
6635489,regular
6635489,regular
6635489,regular
6635489,regular
6635489,regular
6635489,regular
6635489,regular
6635489,regular
6635489,regular
6635489,regular
6635489,regular
6635489,regular
6635489,regular
6635489,regular
6635489,regular
6635489,regular
6635489,regular
6635489,regular
6635489,regular
6635489,regular
6635489,regular
6635489,regular
6635489,regular
6635489,regular
6651010,deviant
6651010,deviant
6651010,deviant
6651010,deviant
6675296,deviant
6675296,deviant
6675296,deviant
6675296,deviant
6675296,deviant
6675296,deviant
6675296,deviant
6675296,deviant
6675296,deviant
6675296,deviant
6675296,deviant
6690417,deviant
6651010,deviant
6635489,regular
6675296,deviant
6145343,deviant
6702743,regular
5718151,deviant
6506745,regular
6506745,regular
6506745,regular
6506745,regular
6506745,regular
6506745,regular
6506745,regular
6506745,regular
6506745,regular
6506745,regular
6506745,regular
6506745,regular
6506745,regular
6506745,regular
6506745,regular
6506745,regular
6506745,regular
6506745,regular
6635489,regular
6635489,regular
6635489,regular
6635489,regular
6635489,regular
6635489,regular
6635489,regular
6635489,regular
6655681,regular
6655681,regular
6655681,regular
6655681,regular
6655681,regular
6655681,regular
6655681,regular
6655681,regular
6655681,regular
6655681,regular
6662344,deviant
6662344,deviant
6662344,deviant
6662344,deviant
6702743,regular
6702743,regular
6702743,regular
6702743,regular
6702743,regular
6710381,regular
6733340,regular
6635489,regular
6702743,regular
6655681,regular
6655681,regular
6655681,regular
6655681,regular
6655681,regular
6655681,regular
6655681,regular
6655681,regular
6655681,regular
6655681,regular
6655681,regular
6655681,regular
6655681,regular
6662344,deviant
6690417,deviant
6693684,deviant
6702743,regular
6702743,regular
6702743,regular
6702743,regular
6710381,regular
6710381,regular
6710381,regular
6710381,regular
6392752,regular
6392752,regular
6392752,regular
6392752,regular
6392752,regular
6392752,regular
6392752,regular
6392752,regular
6392752,regular
6392752,regular
6394370,regular
6394370,regular
6394370,regular
6394370,regular
6394370,regular
6394370,regular
6394370,regular
6394370,regular
6394370,regular
6506745,regular
6506745,regular
6506745,regular
6506745,regular
6506745,regular
6506745,regular
6506745,regular
6506745,regular
6506745,regular
6506745,regular
6506745,regular
6506745,regular
6630135,regular
6630135,regular
6630135,regular
6630135,regular
6630135,regular
6630135,regular
6630135,regular
6630135,regular
6630135,regular
6630135,regular
6630135,regular
6630135,regular
6630135,regular
6630135,regular
6630135,regular
6630135,regular
6630135,regular
6630135,regular
6630135,regular
6630135,regular
6655681,regular
6655681,regular
6655681,regular
6655681,regular
6655681,regular
6655681,regular
6655681,regular
6655681,regular
6655681,regular
6655681,regular
6655681,regular
6655681,regular
6732176,regular
6392752,regular
6655681,regular
6655681,regular
6506745,regular
6506745,regular
6629610,regular
6629610,regular
6629610,regular
6629610,regular
6629610,regular
6631123,regular
6631123,regular
6631123,regular
6631123,regular
6631123,regular
6631123,regular
6631123,regular
6631123,regular
6631123,regular
6631123,regular
6631123,regular
6631123,regular
6631123,regular
6631123,regular
6631123,regular
6631123,regular
6631123,regular
6631123,regular
6631123,regular
6631123,regular
6631123,regular
6631123,regular
6631123,regular
6651010,deviant
6651010,deviant
6651010,deviant
6738261,regular
6631123,regular
6631123,regular
6645702,regular
6645702,regular
6645702,regular
6645702,regular
6645702,regular
6645702,regular
6645702,regular
6651010,deviant
6651010,deviant
6732176,regular
6732176,regular
6732176,regular
6732176,regular
6733340,regular
6733340,regular
6733340,regular
6733340,regular
6733340,regular
6741871,regular
6733340,regular
6392752,regular
6392752,regular
6392752,regular
6392752,regular
6392752,regular
6392752,regular
6392752,regular
6392752,regular
6392752,regular
6392752,regular
6392752,regular
6392752,regular
6392752,regular
6392752,regular
6392752,regular
6392752,regular
6392752,regular
6392752,regular
6392752,regular
6392752,regular
6392752,regular
6392752,regular
6394370,regular
6394370,regular
6394370,regular
6394370,regular
6394370,regular
6394370,regular
6394370,regular
6394370,regular
6394370,regular
6394370,regular
6394370,regular
6394370,regular
6394370,regular
6394370,regular
6394370,regular
6394370,regular
6394370,regular
6394370,regular
6394370,regular
6631123,regular
6631123,regular
6631123,regular
6631123,regular
6631123,regular
6631123,regular
6631123,regular
6631123,regular
6738261,regular
6738261,regular
6738261,regular
6738261,regular
6738261,regular
6631123,regular
6738261,regular
6495507,regular
6495507,regular
6495507,regular
6495507,regular
6495507,regular
6495507,regular
6495507,regular
6495507,regular
6495507,regular
6495507,regular
6495507,regular
6495507,regular
6495507,regular
6495507,regular
6495507,regular
6495507,regular
6495507,regular
6741871,regular
6741871,regular
6741871,regular
6741871,regular
6741871,regular
6748844,regular
6752944,regular
6741871,regular
6675296,deviant
6675296,deviant
6675296,deviant
6675296,deviant
6675296,deviant
6633414,regular
6633414,regular
6633414,regular
6633414,regular
6633414,regular
6633414,regular
6748844,regular
6748844,regular
6748844,regular
6748844,regular
6748844,regular
6758997,deviant
6761209,deviant
6748844,regular
6752944,regular
6752944,regular
6752944,regular
6752944,regular
6752944,regular
6770154,regular
6752944,regular
6392752,regular
6392752,regular
6392752,regular
6392752,regular
6392752,regular
6392752,regular
6392752,regular
6392752,regular
6392752,regular
6392752,regular
6394370,regular
6394370,regular
6394370,regular
6394370,regular
6394370,regular
6394370,regular
6394370,regular
6394370,regular
6394370,regular
6394370,regular
6394370,regular
6394370,regular
6634834,regular
6634834,regular
6634834,regular
6634834,regular
6634834,regular
6634834,regular
6634834,regular
6634834,regular
6634834,regular
6634834,regular
6634834,regular
6634834,regular
6634834,regular
6634834,regular
6634834,regular
6634834,regular
6634834,regular
6651010,deviant
6651010,deviant
6651010,deviant
6651010,deviant
6675296,deviant
6675296,deviant
6675296,deviant
6675296,deviant
6675296,deviant
6675296,deviant
6675296,deviant
6675296,deviant
6675296,deviant
6675296,deviant
6675296,deviant
6675296,deviant
6675296,deviant
6675296,deviant
6675296,deviant
6675296,deviant
6675296,deviant
6675296,deviant
6392752,regular
6394370,regular
6394370,regular
6675296,deviant
6675296,deviant
6675296,deviant
6675296,deviant
6675296,deviant
6675296,deviant
6675296,deviant
6675296,deviant
6675296,deviant
6675296,deviant
6675296,deviant
6675296,deviant
6702743,regular
6702743,regular
6702743,regular
6702743,regular
6702743,regular
6702743,regular
6702743,regular
6702743,regular
6702743,regular
6702743,regular
6702743,regular
6702743,regular
6702743,regular
6702743,regular
6702743,regular
6702743,regular
6702743,regular
6758997,deviant
6758997,deviant
6758997,deviant
6758997,deviant
6758997,deviant
6761209,deviant
6761209,deviant
6761209,deviant
6761209,deviant
6761209,deviant
6770868,regular
6702743,regular
6758997,deviant
6675296,deviant
6675296,deviant
6761209,deviant
6630135,regular
6630135,regular
6630135,regular
6630135,regular
6651010,deviant
6651010,deviant
6651010,deviant
6651010,deviant
6651010,deviant
6651010,deviant
6651010,deviant
6651010,deviant
6651010,deviant
6651010,deviant
6630135,regular
5718151,deviant
5718151,deviant
5718151,deviant
5718151,deviant
5718151,deviant
5718151,deviant
5718151,deviant
5718151,deviant
5718151,deviant
5718151,deviant
5718151,deviant
6630135,regular
6630135,regular
6630135,regular
6630135,regular
6630135,regular
6630135,regular
6630135,regular
6630135,regular
6634834,regular
6634834,regular
6634834,regular
6634834,regular
6634834,regular
6634834,regular
6634834,regular
6634834,regular
6670491,regular
6670491,regular
6670491,regular
6770154,regular
6770154,regular
6770154,regular
6770154,regular
6770154,regular
6770868,regular
6770868,regular
6770868,regular
6770868,regular
6770868,regular
6775237,regular
6781724,regular
6783887,regular
6770154,regular
6770868,regular
6630135,regular
6634834,regular
6410506,regular
6410506,regular
6410506,regular
6410506,regular
6410506,regular
6410506,regular
6410506,regular
6410506,regular
6410506,regular
6410506,regular
6410506,regular
6410506,regular
6410506,regular
6410506,regular
6741871,regular
6741871,regular
6741871,regular
6741871,regular
6770868,regular
6770868,regular
6770868,regular
6770868,regular
6770868,regular
6770868,regular
6775237,regular
6775237,regular
6775237,regular
6775237,regular
6775237,regular
6782975,regular
6786236,regular
6790231,regular
6775237,regular
6410506,regular
6410506,regular
6410506,regular
6410506,regular
6410506,regular
6410506,regular
6410506,regular
6410506,regular
6410506,regular
6410506,regular
6410506,regular
6410506,regular
6410506,regular
6410506,regular
6410506,regular
6410506,regular
6410506,regular
6410506,regular
6410506,regular
6661628,regular
6661628,regular
6661628,regular
6661628,regular
6661628,regular
6661628,regular
6665897,deviant
6665897,deviant
6665897,deviant
6665897,deviant
6665897,deviant
6665897,deviant
6665897,deviant
6665897,deviant
6665897,deviant
6665897,deviant
6665897,deviant
6741871,regular
6741871,regular
6741871,regular
6741871,regular
6741871,regular
6741871,regular
6741871,regular
6741871,regular
6741871,regular
6741871,regular
6741871,regular
6741871,regular
6741871,regular
6741871,regular
6741871,regular
6741871,regular
6741871,regular
6741871,regular
6741871,regular
6741871,regular
6741871,regular
6741871,regular
6741871,regular
6741871,regular
6741871,regular
6741871,regular
6741871,regular
6741871,regular
6741871,regular
6741871,regular
6741871,regular
6781724,regular
6781724,regular
6781724,regular
6781724,regular
6781724,regular
6782975,regular
6782975,regular
6782975,regular
6782975,regular
6782975,regular
6783887,regular
6783887,regular
6783887,regular
6783887,regular
6783887,regular
6790752,regular
6741871,regular
6410506,regular
6410506,regular
6665897,deviant
6741871,regular
6781724,regular
6782975,regular
6783887,regular
6786236,regular
6786236,regular
6786236,regular
6786236,regular
6786236,regular
6794469,deviant
6786236,regular
6631712,regular
6631712,regular
6631712,regular
6631712,regular
6631712,regular
6631712,regular
6631712,regular
6631712,regular
6631712,regular
6631712,regular
6631712,regular
6631712,regular
6631712,regular
6631712,regular
6631712,regular
6631712,regular
6631712,regular
6631712,regular
6631712,regular
6631712,regular
6631712,regular
6631712,regular
6732176,regular
6732176,regular
6732176,regular
6732176,regular
6732176,regular
6732176,regular
6732176,regular
6732176,regular
6732176,regular
6732176,regular
6732176,regular
6732176,regular
6732176,regular
6732176,regular
6732176,regular
6732176,regular
6732176,regular
6732176,regular
6732176,regular
6732176,regular
6732176,regular
6732176,regular
6732176,regular
6732176,regular
6732176,regular
6732176,regular
6732176,regular
6738261,regular
6738261,regular
6738261,regular
6738261,regular
6738261,regular
6738261,regular
6738261,regular
6738261,regular
6738261,regular
6738261,regular
6738261,regular
6738261,regular
6738261,regular
6738261,regular
6738261,regular
6738261,regular
6738261,regular
6738261,regular
6738261,regular
6738261,regular
6738261,regular
6738261,regular
6738261,regular
6738261,regular
6738261,regular
6738261,regular
6738261,regular
6738261,regular
6738261,regular
6738261,regular
6738261,regular
6738261,regular
6738261,regular
6790231,regular
6790231,regular
6790231,regular
6790231,regular
6790231,regular
6790752,regular
6790752,regular
6790752,regular
6790752,regular
6631712,regular
6732176,regular
6790231,regular
6631712,regular
6631712,regular
6631712,regular
6631712,regular
6631712,regular
6631712,regular
6732176,regular
6732176,regular
6732176,regular
6732176,regular
6732176,regular
6732176,regular
6732176,regular
6732176,regular
6732176,regular
6732176,regular
6738261,regular
6738261,regular
6738261,regular
6738261,regular
6752944,regular
6752944,regular
6752944,regular
6752944,regular
6752944,regular
6752944,regular
6761209,deviant
6761209,deviant
6761209,deviant
6761209,deviant
6761209,deviant
6761209,deviant
6761209,deviant
6770154,regular
6770154,regular
6770154,regular
6770154,regular
6770154,regular
6770154,regular
6794469,deviant
6794469,deviant
6794469,deviant
6794469,deviant
6794469,deviant
6631712,regular
6732176,regular
6794469,deviant
6619416,regular
6619416,regular
6619416,regular
6619416,regular
6619416,regular
6619416,regular
6619416,regular
6619416,regular
6619416,regular
6619416,regular
6619416,regular
6619416,regular
6619416,regular
6619416,regular
6619416,regular
6811878,regular
6813463,regular
6348490,deviant
6348490,deviant
6633414,regular
6633414,regular
6633414,regular
6633414,regular
6633414,regular
6633414,regular
6633414,regular
6633414,regular
6633414,regular
6633414,regular
6633414,regular
6702743,regular
6702743,regular
6702743,regular
6702743,regular
6702743,regular
6633414,regular
6633414,regular
5986829,deviant
5986829,deviant
5986829,deviant
5986829,deviant
6818199,regular
7607369,regular
7607369,regular
6651010,deviant
6651010,deviant
6651010,deviant
6651010,deviant
6651010,deviant
6651010,deviant
6651010,deviant
6651010,deviant
6651010,deviant
6651010,deviant
6651010,deviant
6651010,deviant
6702743,regular
6702743,regular
6702743,regular
6702743,regular
6702743,regular
6761209,deviant
6761209,deviant
6761209,deviant
6761209,deviant
6761209,deviant
6761209,deviant
6761209,deviant
6811878,regular
6811878,regular
6811878,regular
6811878,regular
6811878,regular
6813463,regular
6813463,regular
6813463,regular
6813463,regular
6813463,regular
6822917,regular
6823947,regular
6651010,deviant
6811878,regular
6813463,regular
5893421,deviant
5893421,deviant
5893421,deviant
5893421,deviant
5893421,deviant
5893421,deviant
5893421,deviant
6348490,deviant
6348490,deviant
6348490,deviant
6348490,deviant
6348490,deviant
6348490,deviant
6348490,deviant
6348490,deviant
6348490,deviant
6348490,deviant
6348490,deviant
6348490,deviant
6348490,deviant
6348490,deviant
6348490,deviant
6348490,deviant
6348490,deviant
6348490,deviant
6348490,deviant
6348490,deviant
6348490,deviant
6348490,deviant
6348490,deviant
6348490,deviant
6348490,deviant
6348490,deviant
6794469,deviant
6794469,deviant
6794469,deviant
6794469,deviant
6794469,deviant
6794469,deviant
6794469,deviant
6794469,deviant
6794469,deviant
6794469,deviant
6794469,deviant
6818199,regular
6818199,regular
6818199,regular
6818199,regular
6818199,regular
6818199,regular
6794469,deviant
6661628,regular
6661628,regular
6661628,regular
6661628,regular
6661628,regular
6661628,regular
6661628,regular
6661628,regular
6661628,regular
6661628,regular
6661628,regular
6661628,regular
6661628,regular
6661628,regular
6661628,regular
6661628,regular
6661628,regular
6775237,regular
6775237,regular
6775237,regular
6775237,regular
6775237,regular
6775237,regular
6781724,regular
6781724,regular
6781724,regular
6790231,regular
6790231,regular
6790231,regular
6790231,regular
6790231,regular
6790231,regular
6790752,regular
6790752,regular
6790752,regular
6790752,regular
6790752,regular
6790752,regular
6790752,regular
6790752,regular
6790752,regular
6790752,regular
6790752,regular
6790752,regular
6822917,regular
6822917,regular
6822917,regular
6822917,regular
6822917,regular
6823947,regular
6823947,regular
6823947,regular
6823947,regular
6823947,regular
6827997,regular
6828972,regular
6822917,regular
6823947,regular
6790752,regular
6827997,regular
6827997,regular
6827997,regular
6827997,regular
6827997,regular
6828972,regular
6828972,regular
6828972,regular
6828972,regular
6828972,regular
6827997,regular
6828972,regular
6748844,regular
6748844,regular
6748844,regular
6748844,regular
6748844,regular
6748844,regular
6748844,regular
6633414,regular
6633414,regular
6633414,regular
6633414,regular
6633414,regular
6633414,regular
6633414,regular
6633414,regular
6633414,regular
6633414,regular
6633414,regular
6633414,regular
6633414,regular
6633414,regular
6651010,deviant
6651010,deviant
6651010,deviant
6651010,deviant
6651010,deviant
6651010,deviant
6651010,deviant
6651010,deviant
6651010,deviant
6651010,deviant
6651010,deviant
6651010,deviant
6651010,deviant
6651010,deviant
6651010,deviant
6651010,deviant
6770868,regular
6770868,regular
6770868,regular
6770868,regular
6770868,regular
6770868,regular
6770868,regular
6770868,regular
6770868,regular
6770868,regular
6770868,regular
6770868,regular
6770868,regular
6770868,regular
6770868,regular
6770868,regular
6770868,regular
6770868,regular
6770868,regular
6770868,regular
6770868,regular
6770868,regular
6786236,regular
6786236,regular
6786236,regular
6786236,regular
6786236,regular
6786236,regular
6786236,regular
6786236,regular
6786236,regular
6786236,regular
6786236,regular
6786236,regular
6786236,regular
6786236,regular
6786236,regular
6786236,regular
6786236,regular
6786236,regular
6786236,regular
6786236,regular
6786236,regular
6844248,deviant
6879897,deviant
6651010,deviant
6651010,deviant
6786236,regular
6770154,regular
6770154,regular
6770154,regular
6770154,regular
6770154,regular
6770154,regular
6770154,regular
6770154,regular
6770154,regular
6770154,regular
6770154,regular
6770868,regular
6770868,regular
6770868,regular
6770868,regular
6770868,regular
6770868,regular
6770868,regular
6770868,regular
6770868,regular
6770868,regular
6783887,regular
6783887,regular
6783887,regular
6783887,regular
6783887,regular
6783887,regular
6794469,deviant
6794469,deviant
6794469,deviant
6794469,deviant
6794469,deviant
6794469,deviant
6794469,deviant
6794469,deviant
6794469,deviant
6794469,deviant
6794469,deviant
6794469,deviant
6794469,deviant
6794469,deviant
6794469,deviant
6794469,deviant
6794469,deviant
6794469,deviant
6794469,deviant
6794469,deviant
6794469,deviant
6794469,deviant
6794469,deviant
6850092,deviant
6850842,regular
6770868,regular
6348490,deviant
6348490,deviant
6348490,deviant
6348490,deviant
6348490,deviant
6348490,deviant
6348490,deviant
6348490,deviant
6348490,deviant
6348490,deviant
6348490,deviant
6348490,deviant
6348490,deviant
6752944,regular
6752944,regular
6752944,regular
6752944,regular
6752944,regular
6752944,regular
6782975,regular
6782975,regular
6782975,regular
6782975,regular
6782975,regular
6782975,regular
6782975,regular
6782975,regular
6782975,regular
6782975,regular
6782975,regular
6782975,regular
6782975,regular
6782975,regular
6782975,regular
6782975,regular
6782975,regular
6782975,regular
6782975,regular
6782975,regular
6782975,regular
6782975,regular
6782975,regular
6782975,regular
6782975,regular
6782975,regular
6782975,regular
6782975,regular
6782975,regular
6782975,regular
6782975,regular
6782975,regular
6782975,regular
6818199,regular
6818199,regular
6818199,regular
6818199,regular
6818199,regular
6818199,regular
6818199,regular
6818199,regular
6818199,regular
6844248,deviant
6844248,deviant
6844248,deviant
6844248,deviant
6844248,deviant
6844248,deviant
6348490,deviant
6752944,regular
6782975,regular
6782975,regular
6782975,regular
6782975,regular
6794469,deviant
6794469,deviant
6794469,deviant
6794469,deviant
6794469,deviant
6794469,deviant
6794469,deviant
6794469,deviant
6794469,deviant
6794469,deviant
6794469,deviant
6850092,deviant
6850092,deviant
6850092,deviant
6850092,deviant
6850092,deviant
6850842,regular
6850842,regular
6850842,regular
6850842,regular
6850842,regular
6850092,deviant
6794469,deviant
6850842,regular
6761209,deviant
6761209,deviant
6761209,deviant
6761209,deviant
6761209,deviant
6761209,deviant
6761209,deviant
6761209,deviant
6761209,deviant
6761209,deviant
6761209,deviant
6761209,deviant
6761209,deviant
6761209,deviant
6761209,deviant
6761209,deviant
6761209,deviant
6761209,deviant
6761209,deviant
6761209,deviant
6761209,deviant
6761209,deviant
6761209,deviant
6761209,deviant
6761209,deviant
6761209,deviant
6761209,deviant
6794469,deviant
6794469,deviant
6859898,regular
6860505,regular
6761209,deviant
5893421,deviant
5893421,deviant
5893421,deviant
5893421,deviant
5893421,deviant
5893421,deviant
5893421,deviant
5893421,deviant
5893421,deviant
5893421,deviant
5893421,deviant
5893421,deviant
6081247,deviant
6081247,deviant
6081247,deviant
6081247,deviant
6081247,deviant
6811878,regular
6811878,regular
6811878,regular
6811878,regular
6811878,regular
6811878,regular
6823947,regular
6823947,regular
6823947,regular
6823947,regular
6823947,regular
6823947,regular
6823947,regular
6823947,regular
6823947,regular
6823947,regular
6823947,regular
6823947,regular
6823947,regular
6823947,regular
6823947,regular
6823947,regular
6823947,regular
6823947,regular
6823947,regular
6823947,regular
6823947,regular
6823947,regular
6823947,regular
6823947,regular
6823947,regular
6823947,regular
6823947,regular
6823947,regular
6859898,regular
6859898,regular
6859898,regular
6859898,regular
6859898,regular
6860505,regular
6860505,regular
6860505,regular
6860505,regular
6860505,regular
5893421,deviant
5893421,deviant
5893421,deviant
6859898,regular
6860505,regular
6081247,deviant
6325581,regular
6325581,regular
6325581,regular
6325581,regular
6325581,regular
6325581,regular
6325581,regular
6325581,regular
6325581,regular
6325581,regular
6325581,regular
6325581,regular
6325581,regular
6325581,regular
6325581,regular
6325581,regular
6325581,regular
6325581,regular
6325581,regular
6325581,regular
6325581,regular
6325581,regular
6325581,regular
6325581,regular
6662344,deviant
6662344,deviant
6662344,deviant
6662344,deviant
6662344,deviant
6662344,deviant
6662344,deviant
6662344,deviant
6662344,deviant
6662344,deviant
6662344,deviant
6662344,deviant
6662344,deviant
6662344,deviant
6662344,deviant
6662344,deviant
6662344,deviant
6662344,deviant
6662344,deviant
6662344,deviant
6662344,deviant
6662344,deviant
6662344,deviant
6702743,regular
6702743,regular
6702743,regular
6702743,regular
6702743,regular
6702743,regular
6702743,regular
6702743,regular
6702743,regular
6702743,regular
6702743,regular
6702743,regular
6702743,regular
6781724,regular
6781724,regular
6781724,regular
6781724,regular
6781724,regular
6781724,regular
6781724,regular
6781724,regular
6781724,regular
6781724,regular
6781724,regular
6781724,regular
6781724,regular
6781724,regular
6781724,regular
6781724,regular
6781724,regular
6781724,regular
6781724,regular
6781724,regular
6781724,regular
6781724,regular
6783887,regular
6783887,regular
6783887,regular
6783887,regular
6783887,regular
6783887,regular
6783887,regular
6823947,regular
6823947,regular
6827997,regular
6827997,regular
6827997,regular
6827997,regular
6872817,regular
6702743,regular
6702743,regular
6325581,regular
6662344,deviant
6662344,deviant
6781724,regular
6781724,regular
6781724,regular
6781724,regular
6781724,regular
6781724,regular
6781724,regular
6781724,regular
6781724,regular
6823947,regular
6823947,regular
6823947,regular
6823947,regular
6823947,regular
6823947,regular
6844248,deviant
6844248,deviant
6844248,deviant
6844248,deviant
6844248,deviant
6844248,deviant
6844248,deviant
6850842,regular
6850842,regular
6850842,regular
6850842,regular
6850842,regular
6850842,regular
6850842,regular
6850842,regular
6850842,regular
6850842,regular
6860505,regular
6860505,regular
6860505,regular
6860505,regular
6883188,deviant
6823947,regular
6781724,regular
6651010,deviant
6651010,deviant
6651010,deviant
6651010,deviant
6790752,regular
6790752,regular
6790752,regular
6790752,regular
6790752,regular
6790752,regular
6790752,regular
6822917,regular
6822917,regular
6822917,regular
6822917,regular
6822917,regular
6822917,regular
6822917,regular
6822917,regular
6822917,regular
6822917,regular
6872817,regular
6872817,regular
6872817,regular
6872817,regular
6892872,regular
6346687,regular
6346687,regular
6346687,regular
6346687,regular
6346687,regular
6346687,regular
6346687,regular
6346687,regular
6346687,regular
6346687,regular
6346687,regular
6346687,regular
6346687,regular
6346687,regular
6346687,regular
6346687,regular
6633414,regular
6633414,regular
6633414,regular
6752944,regular
6752944,regular
6752944,regular
6752944,regular
6752944,regular
6752944,regular
6752944,regular
6752944,regular
6752944,regular
6752944,regular
6752944,regular
6752944,regular
6752944,regular
6775237,regular
6775237,regular
6775237,regular
6775237,regular
6775237,regular
6775237,regular
6775237,regular
6775237,regular
6775237,regular
6775237,regular
6775237,regular
6775237,regular
6775237,regular
6775237,regular
6775237,regular
6775237,regular
6775237,regular
6775237,regular
6775237,regular
6775237,regular
6775237,regular
6775237,regular
6775237,regular
6790752,regular
6790752,regular
6790752,regular
6790752,regular
6790752,regular
6790752,regular
6790752,regular
6790752,regular
6790752,regular
6790752,regular
6790752,regular
6790752,regular
6790752,regular
6818199,regular
6818199,regular
6818199,regular
6818199,regular
6818199,regular
6818199,regular
6818199,regular
6818199,regular
6818199,regular
6818199,regular
6818199,regular
6818199,regular
6818199,regular
6818199,regular
6818199,regular
6818199,regular
6818199,regular
6818199,regular
6818199,regular
6818199,regular
6822917,regular
6822917,regular
6822917,regular
6822917,regular
6822917,regular
6822917,regular
6822917,regular
6822917,regular
6822917,regular
6822917,regular
6822917,regular
6822917,regular
6822917,regular
6822917,regular
6822917,regular
6822917,regular
6822917,regular
6822917,regular
6822917,regular
6879897,deviant
6879897,deviant
6879897,deviant
6879897,deviant
6879897,deviant
6346687,regular
6346687,regular
6775237,regular
6790752,regular
6822917,regular
6879897,deviant
6818199,regular
6633414,regular
6633414,regular
6633414,regular
6633414,regular
6633414,regular
6752944,regular
6752944,regular
6752944,regular
6752944,regular
6752944,regular
6770154,regular
6770154,regular
6770154,regular
6770154,regular
6770154,regular
6770154,regular
6770154,regular
6770154,regular
6770154,regular
6770154,regular
6770154,regular
6770154,regular
6775237,regular
6775237,regular
6775237,regular
6775237,regular
6775237,regular
6775237,regular
6790752,regular
6790752,regular
6790752,regular
6790752,regular
6790752,regular
6790752,regular
6818199,regular
6818199,regular
6818199,regular
6818199,regular
6818199,regular
6818199,regular
6822917,regular
6822917,regular
6822917,regular
6822917,regular
6822917,regular
6822917,regular
6859898,regular
6859898,regular
6859898,regular
6859898,regular
6879897,deviant
6879897,deviant
6879897,deviant
6879897,deviant
6879897,deviant
6879897,deviant
6879897,deviant
6879897,deviant
6879897,deviant
6879897,deviant
6883188,deviant
6883188,deviant
6883188,deviant
6883188,deviant
6883188,deviant
6822917,regular
6790752,regular
6775237,regular
6883188,deviant
6818199,regular
6770154,regular
6325581,regular
6325581,regular
6325581,regular
6325581,regular
6325581,regular
6325581,regular
6346687,regular
6346687,regular
6346687,regular
6346687,regular
6346687,regular
6346687,regular
6346687,regular
6346687,regular
6346687,regular
6346687,regular
6346687,regular
6346687,regular
6346687,regular
6346687,regular
6346687,regular
6346687,regular
6346687,regular
6346687,regular
6363866,deviant
6363866,deviant
6363866,deviant
6363866,deviant
6363866,deviant
6363866,deviant
6363866,deviant
6363866,deviant
6363866,deviant
6363866,deviant
6363866,deviant
6363866,deviant
6363866,deviant
6616348,regular
6616348,regular
6616348,regular
6616348,regular
6616348,regular
6616348,regular
6616348,regular
6616348,regular
6616348,regular
6616348,regular
6616348,regular
6616348,regular
6616348,regular
6616348,regular
6693684,deviant
6693684,deviant
6693684,deviant
6693684,deviant
6693684,deviant
6693684,deviant
6693684,deviant
6693684,deviant
6693684,deviant
6693684,deviant
6693684,deviant
6693684,deviant
6693684,deviant
6693684,deviant
6693684,deviant
6693684,deviant
6693684,deviant
6693684,deviant
6693684,deviant
6693684,deviant
6693684,deviant
6693684,deviant
6693684,deviant
6693684,deviant
6693684,deviant
6693684,deviant
6702743,regular
6702743,regular
6702743,regular
6702743,regular
6702743,regular
6702743,regular
6702743,regular
6702743,regular
6702743,regular
6702743,regular
6702743,regular
6733340,regular
6733340,regular
6733340,regular
6733340,regular
6733340,regular
6733340,regular
6733340,regular
6758997,deviant
6758997,deviant
6758997,deviant
6758997,deviant
6758997,deviant
6758997,deviant
6758997,deviant
6770154,regular
6770154,regular
6770154,regular
6770154,regular
6770154,regular
6770154,regular
6770154,regular
6770154,regular
6813463,regular
6813463,regular
6813463,regular
6813463,regular
6844248,deviant
6844248,deviant
6844248,deviant
6844248,deviant
6844248,deviant
6844248,deviant
6844248,deviant
6872817,regular
6872817,regular
6872817,regular
6872817,regular
6872817,regular
6872817,regular
6872817,regular
6879897,deviant
6879897,deviant
6892872,regular
6892872,regular
6892872,regular
6892872,regular
6892872,regular
6897588,regular
6903810,regular
6904729,regular
6909736,regular
6346687,regular
6346687,regular
6346687,regular
6892872,regular
6770154,regular
5893421,deviant
5893421,deviant
6617324,deviant
6617324,deviant
6617324,deviant
6617324,deviant
6617324,deviant
6617324,deviant
6617324,deviant
6617324,deviant
6617324,deviant
6617324,deviant
6617324,deviant
6651010,deviant
6651010,deviant
6651010,deviant
6651010,deviant
6651010,deviant
6651010,deviant
6651010,deviant
6651010,deviant
6651010,deviant
6651010,deviant
6651010,deviant
6651010,deviant
6651010,deviant
6651010,deviant
6651010,deviant
6651010,deviant
6651010,deviant
6651010,deviant
6651010,deviant
6651010,deviant
6651010,deviant
6651010,deviant
6651010,deviant
6651010,deviant
6651010,deviant
6651010,deviant
6702743,regular
6702743,regular
6702743,regular
6702743,regular
6702743,regular
6702743,regular
6702743,regular
6702743,regular
6702743,regular
6702743,regular
6783887,regular
6783887,regular
6783887,regular
6783887,regular
6783887,regular
6783887,regular
6783887,regular
6783887,regular
6783887,regular
6783887,regular
6786236,regular
6786236,regular
6786236,regular
6786236,regular
6850842,regular
6850842,regular
6850842,regular
6850842,regular
6850842,regular
6850842,regular
6850842,regular
6850842,regular
6850842,regular
6850842,regular
6850842,regular
6897588,regular
6897588,regular
6897588,regular
6897588,regular
6897588,regular
6915634,regular
6916783,regular
6651010,deviant
6897588,regular
6702743,regular
6651010,deviant
6761209,deviant
6761209,deviant
6883188,deviant
6903810,regular
6903810,regular
6903810,regular
6903810,regular
6903810,regular
6904729,regular
6904729,regular
6904729,regular
6904729,regular
6904729,regular
6903810,regular
6904729,regular
6761209,deviant
6761209,deviant
6761209,deviant
6761209,deviant
6761209,deviant
6761209,deviant
6761209,deviant
6761209,deviant
6783887,regular
6783887,regular
6783887,regular
6783887,regular
6783887,regular
6783887,regular
6783887,regular
6783887,regular
6811878,regular
6811878,regular
6850842,regular
6850842,regular
6850842,regular
6850842,regular
6850842,regular
6850842,regular
6850842,regular
6850842,regular
6909736,regular
6909736,regular
6909736,regular
6909736,regular
6909736,regular
6922247,deviant
6850842,regular
6783887,regular
6761209,deviant
6909736,regular
6347160,deviant
6347160,deviant
6347160,deviant
6347160,deviant
6347160,deviant
6347160,deviant
6347160,deviant
6347160,deviant
6347160,deviant
6347160,deviant
6347160,deviant
6347160,deviant
6347160,deviant
6347160,deviant
6347160,deviant
6347160,deviant
6347160,deviant
6347160,deviant
6347160,deviant
6347160,deviant
6347160,deviant
6347160,deviant
6347160,deviant
6347160,deviant
6347160,deviant
6347160,deviant
6347160,deviant
6347160,deviant
6347160,deviant
6347160,deviant
6347160,deviant
6347160,deviant
6783887,regular
6783887,regular
6783887,regular
6783887,regular
6783887,regular
6783887,regular
6850842,regular
6850842,regular
6850842,regular
6850842,regular
6850842,regular
6850842,regular
6915634,regular
6915634,regular
6915634,regular
6915634,regular
6915634,regular
6916783,regular
6916783,regular
6916783,regular
6916783,regular
6916783,regular
6924453,regular
6929869,deviant
6347160,deviant
6347160,deviant
6347160,deviant
6783887,regular
6850842,regular
6916783,regular
6616348,regular
6616348,regular
6616348,regular
6616348,regular
6616348,regular
6616348,regular
6617324,deviant
6617324,deviant
6617324,deviant
6617324,deviant
6617324,deviant
6617324,deviant
6617324,deviant
6617324,deviant
6617324,deviant
6617324,deviant
6617324,deviant
6617324,deviant
6617324,deviant
6617324,deviant
6617324,deviant
6617324,deviant
6617324,deviant
6617324,deviant
6617324,deviant
6617324,deviant
6922247,deviant
6922247,deviant
6922247,deviant
6922247,deviant
6922247,deviant
6924453,regular
6924453,regular
6924453,regular
6924453,regular
6924453,regular
6922247,deviant
6924453,regular
6616348,regular
6325581,regular
6325581,regular
6346687,regular
6347160,deviant
6347160,deviant
6811878,regular
6811878,regular
6811878,regular
6811878,regular
6811878,regular
6811878,regular
6811878,regular
6811878,regular
6811878,regular
6811878,regular
6811878,regular
6811878,regular
6811878,regular
6811878,regular
6811878,regular
6811878,regular
6811878,regular
6811878,regular
6811878,regular
6811878,regular
6929869,deviant
6929869,deviant
6929869,deviant
6929869,deviant
6929869,deviant
6943638,deviant
6929869,deviant
6616348,regular
6616348,regular
6811878,regular
6811878,regular
6811878,regular
6811878,regular
6811878,regular
6811878,regular
6811878,regular
6811878,regular
6811878,regular
6811878,regular
6951362,regular
6811878,regular
6690417,deviant
6690417,deviant
6690417,deviant
6690417,deviant
6690417,deviant
6690417,deviant
6690417,deviant
6690417,deviant
6690417,deviant
6690417,deviant
6690417,deviant
6690417,deviant
6690417,deviant
6690417,deviant
6690417,deviant
6690417,deviant
6690417,deviant
6690417,deviant
6690417,deviant
6690417,deviant
6690417,deviant
6690417,deviant
6690417,deviant
6859898,regular
6859898,regular
6859898,regular
6859898,regular
6859898,regular
6859898,regular
6859898,regular
6859898,regular
6859898,regular
6859898,regular
6859898,regular
6859898,regular
6859898,regular
6859898,regular
6859898,regular
6859898,regular
6859898,regular
6859898,regular
6859898,regular
6859898,regular
6859898,regular
6859898,regular
6943638,deviant
6943638,deviant
6943638,deviant
6943638,deviant
6690417,deviant
6690417,deviant
6690417,deviant
6690417,deviant
6690417,deviant
6690417,deviant
6690417,deviant
6690417,deviant
6690417,deviant
6690417,deviant
6690417,deviant
6690417,deviant
6690417,deviant
6690417,deviant
6690417,deviant
6690417,deviant
6690417,deviant
6690417,deviant
6690417,deviant
6690417,deviant
6690417,deviant
6690417,deviant
6690417,deviant
6690417,deviant
6690417,deviant
6690417,deviant
6690417,deviant
6690417,deviant
6690417,deviant
6690417,deviant
6690417,deviant
6690417,deviant
6690417,deviant
6690417,deviant
6690417,deviant
6690417,deviant
6690417,deviant
6758997,deviant
6758997,deviant
6758997,deviant
6758997,deviant
6758997,deviant
6758997,deviant
6758997,deviant
6786236,regular
6786236,regular
6786236,regular
6786236,regular
6786236,regular
6786236,regular
6786236,regular
6786236,regular
6786236,regular
6786236,regular
6786236,regular
6786236,regular
6786236,regular
6786236,regular
6786236,regular
6786236,regular
6786236,regular
6859898,regular
6859898,regular
6883188,deviant
6951362,regular
6951362,regular
6951362,regular
6951362,regular
6951362,regular
6961171,regular
6758997,deviant
6690417,deviant
6690417,deviant
6690417,deviant
6690417,deviant
6951362,regular
6629610,regular
6629610,regular
6629610,regular
6629610,regular
6629610,regular
6629610,regular
6629610,regular
6629610,regular
6629610,regular
6629610,regular
6629610,regular
6645702,regular
6645702,regular
6645702,regular
6645702,regular
6645702,regular
6645702,regular
6645702,regular
6645702,regular
6645702,regular
6645702,regular
6813463,regular
6813463,regular
6813463,regular
6813463,regular
6813463,regular
6813463,regular
6813463,regular
6813463,regular
6813463,regular
6813463,regular
6813463,regular
6813463,regular
6813463,regular
6813463,regular
6813463,regular
6813463,regular
6813463,regular
6813463,regular
6813463,regular
6813463,regular
6813463,regular
6813463,regular
6844248,deviant
6844248,deviant
6844248,deviant
6844248,deviant
6844248,deviant
6844248,deviant
6844248,deviant
6844248,deviant
6844248,deviant
6844248,deviant
6844248,deviant
6859898,regular
6859898,regular
6859898,regular
6859898,regular
6859898,regular
6859898,regular
6859898,regular
6859898,regular
6892872,regular
6892872,regular
6892872,regular
6892872,regular
6897588,regular
6897588,regular
6897588,regular
6897588,regular
6897588,regular
6897588,regular
6916783,regular
6916783,regular
6916783,regular
6916783,regular
6922247,deviant
6922247,deviant
6922247,deviant
6922247,deviant
6922247,deviant
6922247,deviant
6922247,deviant
6922247,deviant
6922247,deviant
6922247,deviant
6922247,deviant
6922247,deviant
6922247,deviant
6922247,deviant
6922247,deviant
6859898,regular
6347160,deviant
6347160,deviant
6916783,regular
6916783,regular
6916783,regular
6916783,regular
6916783,regular
6916783,regular
6951362,regular
6951362,regular
6951362,regular
6951362,regular
6951362,regular
6951362,regular
6951362,regular
6951362,regular
6951362,regular
6951362,regular
6951362,regular
6951362,regular
6951362,regular
6961171,regular
6961171,regular
6961171,regular
6961171,regular
6961171,regular
6977071,deviant
6951362,regular
6951362,regular
6961171,regular
6827997,regular
6827997,regular
6827997,regular
6827997,regular
6827997,regular
6827997,regular
6827997,regular
6827997,regular
6827997,regular
6827997,regular
6827997,regular
6827997,regular
6827997,regular
6827997,regular
6827997,regular
6827997,regular
6827997,regular
6827997,regular
6827997,regular
6985508,deviant
6997922,regular
6629610,regular
6629610,regular
6629610,regular
6629610,regular
6629610,regular
6629610,regular
6629610,regular
6629610,regular
6629610,regular
6629610,regular
6629610,regular
6629610,regular
6629610,regular
6629610,regular
6629610,regular
6629610,regular
6629610,regular
6629610,regular
6629610,regular
6629610,regular
6629610,regular
6629610,regular
6629610,regular
6786236,regular
6786236,regular
6827997,regular
6827997,regular
6827997,regular
6850092,deviant
6850092,deviant
6850092,deviant
6850092,deviant
6850092,deviant
6850092,deviant
6850092,deviant
6850092,deviant
6850092,deviant
6850092,deviant
6860505,regular
6860505,regular
6860505,regular
6860505,regular
6860505,regular
6860505,regular
6860505,regular
6860505,regular
6860505,regular
6860505,regular
6860505,regular
6860505,regular
6860505,regular
6860505,regular
6860505,regular
6860505,regular
6860505,regular
6860505,regular
6860505,regular
6860505,regular
6860505,regular
6860505,regular
6916783,regular
6916783,regular
6916783,regular
6916783,regular
6916783,regular
6916783,regular
6916783,regular
6916783,regular
6916783,regular
6916783,regular
6916783,regular
6977071,deviant
6977071,deviant
6977071,deviant
6977071,deviant
6977071,deviant
6916783,regular
6629610,regular
6629610,regular
6629610,regular
6977071,deviant
6645702,regular
6645702,regular
6645702,regular
6645702,regular
6645702,regular
6645702,regular
6645702,regular
6645702,regular
6645702,regular
6645702,regular
6645702,regular
6645702,regular
6645702,regular
6645702,regular
6645702,regular
6645702,regular
6645702,regular
6645702,regular
6645702,regular
6645702,regular
6645702,regular
6645702,regular
6645702,regular
6645702,regular
6645702,regular
6645702,regular
6645702,regular
6645702,regular
6645702,regular
6645702,regular
6786236,regular
6786236,regular
6786236,regular
6786236,regular
6786236,regular
6786236,regular
6786236,regular
6786236,regular
6813463,regular
6813463,regular
6813463,regular
6813463,regular
6813463,regular
6813463,regular
6813463,regular
6813463,regular
6813463,regular
6813463,regular
6827997,regular
6827997,regular
6860505,regular
6860505,regular
6985508,deviant
6985508,deviant
6985508,deviant
6985508,deviant
6985508,deviant
7002060,deviant
6786236,regular
6813463,regular
6645702,regular
6645702,regular
6645702,regular
6645702,regular
6645702,regular
6985508,deviant
6693684,deviant
6693684,deviant
6693684,deviant
6693684,deviant
6693684,deviant
6693684,deviant
6693684,deviant
6693684,deviant
6693684,deviant
6693684,deviant
6693684,deviant
6790231,regular
6790231,regular
6790231,regular
6790231,regular
6790231,regular
6790231,regular
6790231,regular
6790231,regular
6790231,regular
6790231,regular
6790231,regular
6790231,regular
6790231,regular
6790231,regular
6790231,regular
6790231,regular
6790231,regular
6827997,regular
6827997,regular
6827997,regular
6827997,regular
6827997,regular
6827997,regular
6827997,regular
6827997,regular
6844248,deviant
6844248,deviant
6844248,deviant
6844248,deviant
6844248,deviant
6844248,deviant
6844248,deviant
6844248,deviant
6844248,deviant
6844248,deviant
6844248,deviant
6844248,deviant
6860505,regular
6860505,regular
6860505,regular
6909736,regular
6909736,regular
6909736,regular
6943638,deviant
6943638,deviant
6943638,deviant
6943638,deviant
6943638,deviant
6943638,deviant
6943638,deviant
6943638,deviant
6943638,deviant
6943638,deviant
6943638,deviant
6943638,deviant
7004341,regular
7005683,deviant
6943638,deviant
6827997,regular
6690417,deviant
6690417,deviant
6693684,deviant
6693684,deviant
6693684,deviant
6693684,deviant
6693684,deviant
6790231,regular
6790231,regular
6790231,regular
6790231,regular
6790231,regular
6844248,deviant
6844248,deviant
6844248,deviant
6844248,deviant
6844248,deviant
6844248,deviant
6844248,deviant
6844248,deviant
6844248,deviant
6844248,deviant
6844248,deviant
6844248,deviant
6844248,deviant
6844248,deviant
6892872,regular
6892872,regular
6892872,regular
6892872,regular
6892872,regular
6892872,regular
6892872,regular
6892872,regular
6892872,regular
6892872,regular
6892872,regular
6892872,regular
6892872,regular
6892872,regular
6892872,regular
6892872,regular
6892872,regular
6961171,regular
6961171,regular
6961171,regular
6977071,deviant
6977071,deviant
6977071,deviant
6977071,deviant
6977071,deviant
6977071,deviant
6977071,deviant
6977071,deviant
6977071,deviant
6977071,deviant
6977071,deviant
6985508,deviant
6985508,deviant
6985508,deviant
6985508,deviant
6985508,deviant
6985508,deviant
6985508,deviant
6985508,deviant
6985508,deviant
6985508,deviant
6997922,regular
6997922,regular
6997922,regular
6997922,regular
6997922,regular
6997922,regular
6844248,deviant
6844248,deviant
6977071,deviant
6892872,regular
6892872,regular
7002060,deviant
7002060,deviant
7002060,deviant
7002060,deviant
7002060,deviant
7004341,regular
7004341,regular
7004341,regular
7004341,regular
7004341,regular
7005683,deviant
7005683,deviant
7005683,deviant
7005683,deviant
7002060,deviant
7004341,regular
6693684,deviant
6693684,deviant
6693684,deviant
6693684,deviant
6693684,deviant
6693684,deviant
6693684,deviant
6693684,deviant
6693684,deviant
6693684,deviant
6790231,regular
6790231,regular
6790231,regular
6790231,regular
6790231,regular
6790231,regular
6790231,regular
6790231,regular
6790231,regular
6790231,regular
6897588,regular
6897588,regular
6897588,regular
6897588,regular
6897588,regular
6897588,regular
6897588,regular
6897588,regular
6897588,regular
6897588,regular
6897588,regular
6897588,regular
6897588,regular
6897588,regular
6897588,regular
6897588,regular
6897588,regular
6903810,regular
6903810,regular
6903810,regular
6903810,regular
6961171,regular
6961171,regular
6961171,regular
6961171,regular
6961171,regular
6961171,regular
6961171,regular
6961171,regular
6961171,regular
6961171,regular
6961171,regular
6961171,regular
6961171,regular
6961171,regular
6961171,regular
6961171,regular
6961171,regular
6961171,regular
6961171,regular
6961171,regular
6961171,regular
6961171,regular
6961171,regular
7030308,regular
6693684,deviant
6790231,regular
6892872,regular
6892872,regular
6892872,regular
6892872,regular
6892872,regular
6892872,regular
6892872,regular
6892872,regular
6892872,regular
6892872,regular
6892872,regular
6892872,regular
7031944,deviant
7032677,deviant
6892872,regular
6892872,regular
6883188,deviant
6883188,deviant
6883188,deviant
6883188,deviant
6883188,deviant
6883188,deviant
6883188,deviant
6883188,deviant
6883188,deviant
6883188,deviant
6883188,deviant
6883188,deviant
6883188,deviant
6883188,deviant
6883188,deviant
6883188,deviant
6883188,deviant
6883188,deviant
6883188,deviant
6883188,deviant
6883188,deviant
6883188,deviant
6883188,deviant
6883188,deviant
6883188,deviant
6897588,regular
6897588,regular
6897588,regular
6897588,regular
6897588,regular
6897588,regular
6897588,regular
6897588,regular
6897588,regular
6897588,regular
6897588,regular
6897588,regular
6903810,regular
6903810,regular
6903810,regular
6903810,regular
6903810,regular
6903810,regular
6903810,regular
6903810,regular
6903810,regular
6903810,regular
6903810,regular
6903810,regular
6903810,regular
6903810,regular
6903810,regular
6903810,regular
6903810,regular
6903810,regular
6903810,regular
6903810,regular
6903810,regular
6903810,regular
6903810,regular
6903810,regular
6903810,regular
6903810,regular
6903810,regular
6903810,regular
6903810,regular
6903810,regular
6903810,regular
6916783,regular
6916783,regular
6916783,regular
6916783,regular
6916783,regular
6916783,regular
6916783,regular
6916783,regular
6916783,regular
6916783,regular
6916783,regular
6916783,regular
6916783,regular
6916783,regular
6916783,regular
6916783,regular
6916783,regular
6916783,regular
6916783,regular
6916783,regular
6916783,regular
6916783,regular
6916783,regular
6916783,regular
6916783,regular
6916783,regular
6916783,regular
6916783,regular
6916783,regular
6916783,regular
6961171,regular
6961171,regular
6961171,regular
6961171,regular
6961171,regular
6961171,regular
6961171,regular
6961171,regular
6961171,regular
6961171,regular
6977071,deviant
6977071,deviant
6977071,deviant
6977071,deviant
6977071,deviant
6977071,deviant
6977071,deviant
6977071,deviant
6977071,deviant
7041545,deviant
6916783,regular
6903810,regular
6903810,regular
6897588,regular
6897588,regular
6961171,regular
6916783,regular
6629610,regular
6629610,regular
6645702,regular
6645702,regular
6645702,regular
6645702,regular
7002060,deviant
7002060,deviant
7002060,deviant
7002060,deviant
7002060,deviant
7002060,deviant
7002060,deviant
7002060,deviant
7002060,deviant
7002060,deviant
7004341,regular
7004341,regular
7004341,regular
7004341,regular
7030308,regular
7030308,regular
7030308,regular
7030308,regular
7030308,regular
7031944,deviant
7031944,deviant
7031944,deviant
7031944,deviant
7031944,deviant
7032677,deviant
7032677,deviant
7032677,deviant
7032677,deviant
7032677,deviant
7030308,regular
7031944,deviant
7032677,deviant
6286957,regular
6286957,regular
6286957,regular
6286957,regular
6286957,regular
6286957,regular
6286957,regular
6286957,regular
6286957,regular
6286957,regular
6286957,regular
6286957,regular
6286957,regular
6286957,regular
6286957,regular
6286957,regular
6286957,regular
6286957,regular
6286957,regular
7046550,regular
6883188,deviant
6883188,deviant
6883188,deviant
6883188,deviant
6883188,deviant
6883188,deviant
6883188,deviant
6985508,deviant
6985508,deviant
6985508,deviant
6985508,deviant
6985508,deviant
6985508,deviant
6985508,deviant
6985508,deviant
6985508,deviant
6985508,deviant
7041545,deviant
7041545,deviant
7041545,deviant
6985508,deviant
6904729,regular
6904729,regular
6904729,regular
6904729,regular
7004341,regular
7004341,regular
7004341,regular
7004341,regular
7004341,regular
7004341,regular
7004341,regular
7004341,regular
7004341,regular
7004341,regular
7004341,regular
7004341,regular
7004341,regular
7004341,regular
7004341,regular
7004341,regular
7004341,regular
7004341,regular
7004341,regular
7046550,regular
7046550,regular
7046550,regular
7046550,regular
7046550,regular
7055029,regular
7057400,regular
7046550,regular
6872817,regular
6872817,regular
6872817,regular
6929869,deviant
6929869,deviant
6929869,deviant
6929869,deviant
6929869,deviant
6929869,deviant
6929869,deviant
6929869,deviant
6929869,deviant
6929869,deviant
6929869,deviant
6943638,deviant
6943638,deviant
6943638,deviant
6943638,deviant
6943638,deviant
6943638,deviant
6943638,deviant
6943638,deviant
6943638,deviant
6943638,deviant
6943638,deviant
6943638,deviant
6943638,deviant
6943638,deviant
6943638,deviant
6997922,regular
6997922,regular
6997922,regular
6997922,regular
6997922,regular
6997922,regular
6997922,regular
6997922,regular
6997922,regular
6997922,regular
7004341,regular
7004341,regular
7004341,regular
7005683,deviant
7005683,deviant
7005683,deviant
7005683,deviant
7005683,deviant
7005683,deviant
7005683,deviant
7005683,deviant
7005683,deviant
7005683,deviant
7005683,deviant
7005683,deviant
7062570,regular
6872817,regular
7005683,deviant
7005683,deviant
6929869,deviant
6915634,regular
6915634,regular
6915634,regular
6915634,regular
6915634,regular
6915634,regular
6915634,regular
7004341,regular
7004341,regular
7004341,regular
7004341,regular
7004341,regular
7004341,regular
7004341,regular
7004341,regular
7004341,regular
7004341,regular
7055029,regular
7055029,regular
7055029,regular
7055029,regular
7055029,regular
7057400,regular
7057400,regular
7057400,regular
7057400,regular
7057400,regular
7063261,regular
7055029,regular
7057400,regular
7004341,regular
7062570,regular
7062570,regular
7062570,regular
7062570,regular
7062570,regular
7063261,regular
7063261,regular
7063261,regular
7063261,regular
7063261,regular
7062570,regular
7063261,regular
7072205,regular
6879897,deviant
6879897,deviant
6879897,deviant
6879897,deviant
6879897,deviant
6879897,deviant
6879897,deviant
6879897,deviant
6879897,deviant
6879897,deviant
6879897,deviant
6879897,deviant
6879897,deviant
6879897,deviant
6879897,deviant
6879897,deviant
6879897,deviant
6879897,deviant
6879897,deviant
6879897,deviant
6879897,deviant
6879897,deviant
6879897,deviant
6943638,deviant
6943638,deviant
6943638,deviant
6943638,deviant
6943638,deviant
6943638,deviant
6943638,deviant
6943638,deviant
6985508,deviant
6985508,deviant
6985508,deviant
6985508,deviant
6985508,deviant
6985508,deviant
6985508,deviant
6985508,deviant
6985508,deviant
6985508,deviant
6985508,deviant
6985508,deviant
6985508,deviant
6985508,deviant
6985508,deviant
6985508,deviant
6985508,deviant
6985508,deviant
6985508,deviant
6985508,deviant
6985508,deviant
6985508,deviant
6985508,deviant
6985508,deviant
6985508,deviant
6985508,deviant
7062570,regular
7062570,regular
7062570,regular
7062570,regular
7062570,regular
7062570,regular
7062570,regular
7062570,regular
7062570,regular
7062570,regular
6985508,deviant
6985508,deviant
6943638,deviant
6943638,deviant
7005683,deviant
7072205,regular
7072205,regular
7072205,regular
7072205,regular
7072205,regular
7072205,regular
6879897,deviant
6879897,deviant
6879897,deviant
6924453,regular
6924453,regular
6924453,regular
6924453,regular
6924453,regular
6924453,regular
6924453,regular
6924453,regular
6924453,regular
6924453,regular
6924453,regular
6924453,regular
6924453,regular
6924453,regular
6924453,regular
6924453,regular
6924453,regular
6924453,regular
6924453,regular
6924453,regular
6924453,regular
6924453,regular
6924453,regular
6943638,deviant
6943638,deviant
6943638,deviant
6943638,deviant
6943638,deviant
6943638,deviant
6943638,deviant
6943638,deviant
6943638,deviant
6943638,deviant
6943638,deviant
7062570,regular
7062570,regular
7062570,regular
7062570,regular
7062570,regular
7062570,regular
7062570,regular
7062570,regular
7062570,regular
7062570,regular
7062570,regular
7062570,regular
7062570,regular
7062570,regular
7062570,regular
7062570,regular
7083063,regular
7083704,regular
6943638,deviant
6879897,deviant
6879897,deviant
6879897,deviant
6879897,deviant
6879897,deviant
6879897,deviant
6879897,deviant
6879897,deviant
6879897,deviant
6879897,deviant
7062570,regular
7062570,regular
7062570,regular
7062570,regular
7062570,regular
7062570,regular
7062570,regular
7062570,regular
7062570,regular
7062570,regular
7083063,regular
7083063,regular
7083063,regular
7083063,regular
7083063,regular
7083704,regular
7083704,regular
7083704,regular
7083704,regular
7083704,regular
7089568,deviant
6879897,deviant
7062570,regular
7083063,regular
7083704,regular
7097523,regular
6145343,deviant
6145343,deviant
6145343,deviant
6145343,deviant
6145343,deviant
6145343,deviant
6145343,deviant
6145343,deviant
6145343,deviant
6145343,deviant
6145343,deviant
6145343,deviant
6145343,deviant
6145343,deviant
6145343,deviant
6145343,deviant
6145343,deviant
6145343,deviant
6145343,deviant
6145343,deviant
6145343,deviant
6145343,deviant
6145343,deviant
6145343,deviant
6145343,deviant
6145343,deviant
6145343,deviant
6145343,deviant
6145343,deviant
6904729,regular
6904729,regular
6904729,regular
6904729,regular
6904729,regular
6904729,regular
6904729,regular
6904729,regular
6904729,regular
6904729,regular
6904729,regular
6904729,regular
6904729,regular
6904729,regular
6904729,regular
6904729,regular
6904729,regular
6904729,regular
6904729,regular
6924453,regular
6924453,regular
6924453,regular
6924453,regular
6924453,regular
6924453,regular
6924453,regular
6924453,regular
6924453,regular
6924453,regular
6924453,regular
6924453,regular
6997922,regular
6997922,regular
6997922,regular
6997922,regular
6997922,regular
6997922,regular
6997922,regular
6997922,regular
6997922,regular
6997922,regular
6997922,regular
6997922,regular
6997922,regular
6997922,regular
6997922,regular
6997922,regular
6997922,regular
6997922,regular
6997922,regular
6997922,regular
6997922,regular
6997922,regular
6997922,regular
6997922,regular
6997922,regular
7031944,deviant
7031944,deviant
7031944,deviant
7031944,deviant
7031944,deviant
7031944,deviant
7031944,deviant
7031944,deviant
7031944,deviant
7031944,deviant
7031944,deviant
7032677,deviant
7032677,deviant
7032677,deviant
7032677,deviant
7032677,deviant
7032677,deviant
7032677,deviant
7032677,deviant
7032677,deviant
7032677,deviant
7032677,deviant
7055029,regular
7055029,regular
7055029,regular
7055029,regular
7055029,regular
7089568,deviant
7089568,deviant
7089568,deviant
7089568,deviant
7089568,deviant
6924453,regular
7089568,deviant
6145343,deviant
6145343,deviant
6145343,deviant
6997922,regular
6997922,regular
7031944,deviant
7032677,deviant
6924453,regular
6872817,regular
6872817,regular
6872817,regular
6872817,regular
6872817,regular
6872817,regular
6872817,regular
6872817,regular
6872817,regular
6872817,regular
6872817,regular
6872817,regular
6872817,regular
6872817,regular
6872817,regular
6872817,regular
6872817,regular
6872817,regular
6872817,regular
6872817,regular
6872817,regular
6872817,regular
6872817,regular
6872817,regular
6872817,regular
6872817,regular
6904729,regular
6904729,regular
6904729,regular
6904729,regular
6904729,regular
6904729,regular
6904729,regular
6904729,regular
6904729,regular
6904729,regular
6904729,regular
6904729,regular
7089568,deviant
7089568,deviant
7089568,deviant
7089568,deviant
7089568,deviant
7089568,deviant
7089568,deviant
7089568,deviant
7089568,deviant
7089568,deviant
7089568,deviant
7097523,regular
7097523,regular
7097523,regular
7097523,regular
7097523,regular
6872817,regular
6872817,regular
7089568,deviant
6904729,regular
6904729,regular
7097523,regular
6977071,deviant
6977071,deviant
6977071,deviant
6977071,deviant
6977071,deviant
6977071,deviant
6977071,deviant
6977071,deviant
6977071,deviant
6977071,deviant
6977071,deviant
6977071,deviant
6977071,deviant
6977071,deviant
6977071,deviant
6977071,deviant
6977071,deviant
6977071,deviant
6977071,deviant
6977071,deviant
6977071,deviant
6977071,deviant
6977071,deviant
6977071,deviant
6977071,deviant
6977071,deviant
7063261,regular
7063261,regular
7063261,regular
7063261,regular
7063261,regular
7063261,regular
7063261,regular
7063261,regular
7063261,regular
7063261,regular
7063261,regular
7063261,regular
7063261,regular
7063261,regular
7063261,regular
7063261,regular
7063261,regular
7063261,regular
7063261,regular
7063261,regular
7063261,regular
7063261,regular
7063261,regular
7063261,regular
7063261,regular
7063261,regular
7063261,regular
7063261,regular
7063261,regular
7063261,regular
7063261,regular
7063261,regular
7063261,regular
7063261,regular
7063261,regular
7063261,regular
7063261,regular
6977071,deviant
6977071,deviant
7112658,regular
7113683,regular
7114242,deviant
7117451,deviant
6145343,deviant
6922247,deviant
6922247,deviant
6922247,deviant
6922247,deviant
6922247,deviant
6922247,deviant
6922247,deviant
6922247,deviant
6922247,deviant
6922247,deviant
6922247,deviant
6922247,deviant
6922247,deviant
6922247,deviant
6922247,deviant
6922247,deviant
6922247,deviant
6922247,deviant
6922247,deviant
6922247,deviant
7112658,regular
7112658,regular
7112658,regular
7112658,regular
7112658,regular
7113683,regular
7113683,regular
7113683,regular
7113683,regular
7113683,regular
7114242,deviant
7114242,deviant
7114242,deviant
7114242,deviant
7114242,deviant
7112658,regular
7114242,deviant
5893421,deviant
5893421,deviant
5893421,deviant
5893421,deviant
5893421,deviant
6145343,deviant
6145343,deviant
6347160,deviant
6347160,deviant
6347160,deviant
6347160,deviant
6347160,deviant
6347160,deviant
6347160,deviant
6347160,deviant
6347160,deviant
6347160,deviant
6347160,deviant
6347160,deviant
6347160,deviant
6347160,deviant
6347160,deviant
6347160,deviant
6347160,deviant
6347160,deviant
6347160,deviant
6347160,deviant
6850092,deviant
6850092,deviant
6850092,deviant
6850092,deviant
6850092,deviant
6850092,deviant
6850092,deviant
6850092,deviant
6850092,deviant
6850092,deviant
6850092,deviant
6850092,deviant
6850092,deviant
6850092,deviant
6850092,deviant
6850092,deviant
6850092,deviant
6850092,deviant
6850092,deviant
6850092,deviant
6850092,deviant
6850092,deviant
6850092,deviant
6850092,deviant
6850092,deviant
6850092,deviant
6850092,deviant
6850092,deviant
6850092,deviant
6850092,deviant
6850092,deviant
6850092,deviant
6850092,deviant
6850092,deviant
6850092,deviant
6850092,deviant
6850092,deviant
6850092,deviant
6850092,deviant
6850092,deviant
6850092,deviant
6850092,deviant
6850092,deviant
6850092,deviant
6850092,deviant
6850092,deviant
6850092,deviant
6850092,deviant
6850092,deviant
6850092,deviant
6850092,deviant
6850092,deviant
6850092,deviant
6850092,deviant
6850092,deviant
6850092,deviant
7046550,regular
7046550,regular
7046550,regular
7046550,regular
7046550,regular
7046550,regular
7046550,regular
7046550,regular
7046550,regular
7046550,regular
7046550,regular
7046550,regular
7046550,regular
7046550,regular
7046550,regular
7072205,regular
7072205,regular
7072205,regular
7072205,regular
7072205,regular
7072205,regular
7072205,regular
7072205,regular
7072205,regular
7072205,regular
7072205,regular
7072205,regular
7072205,regular
7072205,regular
7072205,regular
7072205,regular
7072205,regular
7072205,regular
7072205,regular
7072205,regular
7072205,regular
7117451,deviant
7117451,deviant
7117451,deviant
7117451,deviant
7117451,deviant
7128092,regular
7117451,deviant
6850092,deviant
6850092,deviant
6850092,deviant
6850092,deviant
6850092,deviant
6850092,deviant
6850092,deviant
6850092,deviant
6850092,deviant
6347160,deviant
7072205,regular
5893421,deviant
6347160,deviant
6347160,deviant
6347160,deviant
6347160,deviant
7055029,regular
7055029,regular
7055029,regular
7055029,regular
7055029,regular
7055029,regular
7055029,regular
7055029,regular
7055029,regular
7055029,regular
7055029,regular
7055029,regular
7055029,regular
7055029,regular
7055029,regular
7055029,regular
7055029,regular
7055029,regular
7128092,regular
7128092,regular
7128092,regular
7128092,regular
7128092,regular
7138948,deviant
7128092,regular
7046550,regular
7046550,regular
7046550,regular
7046550,regular
7046550,regular
7046550,regular
7046550,regular
7046550,regular
7055029,regular
7055029,regular
7055029,regular
7055029,regular
7055029,regular
7055029,regular
7055029,regular
7055029,regular
7046550,regular
7046550,regular
7138948,deviant
7138948,deviant
7138948,deviant
7138948,deviant
7138948,deviant
7138948,deviant
7046550,regular
7046550,regular
7046550,regular
7046550,regular
7046550,regular
7046550,regular
7046550,regular
7046550,regular
7046550,regular
7046550,regular
7046550,regular
7112658,regular
7112658,regular
7112658,regular
7112658,regular
7113683,regular
7113683,regular
7113683,regular
7113683,regular
7146847,regular
7046550,regular
7146847,regular
7146847,regular
7146847,regular
7146847,regular
7146847,regular
7150628,regular
7155548,deviant
7146847,regular
7113683,regular
7113683,regular
7113683,regular
7113683,regular
7113683,regular
7113683,regular
7113683,regular
7113683,regular
7113683,regular
7113683,regular
7113683,regular
7113683,regular
7113683,regular
7113683,regular
7113683,regular
7113683,regular
7113683,regular
7113683,regular
7113683,regular
7113683,regular
7113683,regular
7113683,regular
7113683,regular
7150628,regular
7150628,regular
7150628,regular
7150628,regular
7150628,regular
7150628,regular
6033123,deviant
6033123,deviant
6033123,deviant
6033123,deviant
6033123,deviant
6033123,deviant
6033123,deviant
6033123,deviant
6033123,deviant
6081247,deviant
6081247,deviant
6081247,deviant
6081247,deviant
6081247,deviant
6081247,deviant
6081247,deviant
6081247,deviant
6081247,deviant
6081247,deviant
6081247,deviant
6081247,deviant
6081247,deviant
6081247,deviant
6081247,deviant
6081247,deviant
6081247,deviant
6081247,deviant
6081247,deviant
6081247,deviant
6081247,deviant
6081247,deviant
6081247,deviant
6081247,deviant
6081247,deviant
6081247,deviant
6081247,deviant
6081247,deviant
6081247,deviant
6081247,deviant
6081247,deviant
6081247,deviant
6909736,regular
6909736,regular
6909736,regular
6909736,regular
6909736,regular
6909736,regular
6909736,regular
6909736,regular
6909736,regular
6909736,regular
6909736,regular
6909736,regular
6915634,regular
6915634,regular
6915634,regular
6915634,regular
6915634,regular
6915634,regular
6915634,regular
6915634,regular
6915634,regular
6915634,regular
7032677,deviant
7032677,deviant
7032677,deviant
7032677,deviant
7032677,deviant
7032677,deviant
7032677,deviant
7032677,deviant
7032677,deviant
7032677,deviant
7032677,deviant
7032677,deviant
7032677,deviant
7032677,deviant
7032677,deviant
7032677,deviant
7032677,deviant
7032677,deviant
7032677,deviant
7032677,deviant
7032677,deviant
7032677,deviant
7032677,deviant
7083063,regular
7083063,regular
7083063,regular
7083063,regular
7083063,regular
7083063,regular
7083063,regular
7083063,regular
7083063,regular
7083063,regular
7083063,regular
7083063,regular
7083063,regular
7083063,regular
7083063,regular
7083063,regular
7083063,regular
7083063,regular
7083063,regular
7083063,regular
7083063,regular
7083063,regular
7083063,regular
7113683,regular
7113683,regular
7155548,deviant
7155548,deviant
7155548,deviant
7155548,deviant
7155548,deviant
7200113,deviant
6915634,regular
6081247,deviant
6909736,regular
7155548,deviant
6081247,deviant
6081247,deviant
6081247,deviant
6081247,deviant
7032677,deviant
7032677,deviant
7113683,regular
7113683,regular
7113683,regular
7113683,regular
7113683,regular
7113683,regular
7113683,regular
7113683,regular
7113683,regular
7150628,regular
7150628,regular
7150628,regular
7150628,regular
7150628,regular
7150628,regular
7150628,regular
7150628,regular
7150628,regular
7150628,regular
7150628,regular
7150628,regular
7150628,regular
7150628,regular
7150628,regular
7150628,regular
7150628,regular
7150628,regular
7150628,regular
7150628,regular
7150628,regular
7150628,regular
7150628,regular
7150628,regular
7150628,regular
7150628,regular
7150628,regular
7150628,regular
7150628,regular
7113683,regular
7150628,regular
6347160,deviant
6347160,deviant
6733340,regular
6733340,regular
6733340,regular
6733340,regular
6733340,regular
6929869,deviant
7032677,deviant
7032677,deviant
7032677,deviant
7032677,deviant
7032677,deviant
7032677,deviant
7032677,deviant
7032677,deviant
7032677,deviant
7032677,deviant
7032677,deviant
7083063,regular
7083063,regular
7083063,regular
7150628,regular
7150628,regular
7150628,regular
7150628,regular
7150628,regular
7150628,regular
7155548,deviant
7155548,deviant
7155548,deviant
7155548,deviant
7155548,deviant
7155548,deviant
7155548,deviant
7155548,deviant
7155548,deviant
7155548,deviant
7155548,deviant
7155548,deviant
7150628,regular
7032677,deviant
7200113,deviant
7200113,deviant
7200113,deviant
7200113,deviant
7207645,regular
7212248,deviant
7200113,deviant
7002060,deviant
7002060,deviant
7002060,deviant
7002060,deviant
7002060,deviant
7002060,deviant
7002060,deviant
7002060,deviant
7002060,deviant
7030308,regular
7030308,regular
7030308,regular
7083063,regular
7083063,regular
7083063,regular
7083063,regular
7083063,regular
7083063,regular
7083063,regular
7083063,regular
7083063,regular
7083063,regular
7097523,regular
7097523,regular
7097523,regular
7097523,regular
7097523,regular
7097523,regular
7097523,regular
7097523,regular
7097523,regular
7097523,regular
7097523,regular
7097523,regular
7097523,regular
7097523,regular
7097523,regular
7097523,regular
7097523,regular
7097523,regular
7097523,regular
7097523,regular
7097523,regular
7097523,regular
7097523,regular
7097523,regular
7097523,regular
7097523,regular
7097523,regular
7128092,regular
7128092,regular
7128092,regular
7128092,regular
7128092,regular
7128092,regular
7128092,regular
7128092,regular
7128092,regular
7128092,regular
7128092,regular
7128092,regular
7146847,regular
7146847,regular
7146847,regular
7146847,regular
7146847,regular
7146847,regular
7146847,regular
7146847,regular
7146847,regular
7146847,regular
7146847,regular
7146847,regular
7146847,regular
7146847,regular
7146847,regular
7146847,regular
7146847,regular
7146847,regular
7146847,regular
7146847,regular
7146847,regular
7207645,regular
7207645,regular
7207645,regular
7207645,regular
7217323,regular
7146847,regular
7002060,deviant
7083063,regular
7207645,regular
6665897,deviant
6665897,deviant
6665897,deviant
6665897,deviant
6665897,deviant
6665897,deviant
6665897,deviant
6665897,deviant
6665897,deviant
6665897,deviant
6733340,regular
6733340,regular
6733340,regular
6733340,regular
6733340,regular
6733340,regular
6733340,regular
6733340,regular
6733340,regular
6733340,regular
6733340,regular
6733340,regular
6733340,regular
6733340,regular
6733340,regular
6733340,regular
6733340,regular
6733340,regular
6733340,regular
6733340,regular
6733340,regular
6733340,regular
6733340,regular
6733340,regular
6733340,regular
6733340,regular
6733340,regular
6733340,regular
6733340,regular
6733340,regular
6733340,regular
6733340,regular
6733340,regular
6733340,regular
6733340,regular
7112658,regular
7112658,regular
7112658,regular
7112658,regular
7112658,regular
7112658,regular
7112658,regular
7112658,regular
7112658,regular
7112658,regular
7112658,regular
7112658,regular
7112658,regular
7112658,regular
7112658,regular
7112658,regular
7112658,regular
7112658,regular
7112658,regular
7212248,deviant
7212248,deviant
7212248,deviant
7212248,deviant
7212248,deviant
6665897,deviant
6081247,deviant
6081247,deviant
6665897,deviant
6665897,deviant
7212248,deviant
7212248,deviant
7212248,deviant
7212248,deviant
7212248,deviant
7212248,deviant
7212248,deviant
7212248,deviant
7212248,deviant
7212248,deviant
7212248,deviant
7217323,regular
7217323,regular
7217323,regular
7217323,regular
7236744,regular
7217323,regular
7212248,deviant
7097523,regular
7097523,regular
7097523,regular
7097523,regular
7097523,regular
7097523,regular
7097523,regular
7097523,regular
7097523,regular
7097523,regular
7097523,regular
7097523,regular
7097523,regular
7097523,regular
7097523,regular
7097523,regular
7097523,regular
7097523,regular
7097523,regular
7097523,regular
7097523,regular
7097523,regular
7097523,regular
7097523,regular
7097523,regular
7097523,regular
7097523,regular
7128092,regular
7128092,regular
7128092,regular
7128092,regular
7128092,regular
7128092,regular
7128092,regular
7128092,regular
7128092,regular
7128092,regular
7128092,regular
7138948,deviant
7138948,deviant
7138948,deviant
7138948,deviant
7138948,deviant
7138948,deviant
7138948,deviant
7138948,deviant
7138948,deviant
7138948,deviant
7138948,deviant
7242837,deviant
7243851,deviant
7244750,regular
7138948,deviant
7097523,regular
7097523,regular
7097523,regular
7097523,regular
7112658,regular
7112658,regular
7117451,deviant
7117451,deviant
7117451,deviant
7117451,deviant
7117451,deviant
7117451,deviant
7117451,deviant
7117451,deviant
7117451,deviant
7117451,deviant
7117451,deviant
7236744,regular
7236744,regular
7236744,regular
7236744,regular
7242308,regular
7249720,regular
7250951,regular
7236744,regular
7117451,deviant
7030308,regular
7030308,regular
7030308,regular
7030308,regular
7030308,regular
7030308,regular
7030308,regular
7030308,regular
7030308,regular
7030308,regular
7030308,regular
7030308,regular
7030308,regular
7030308,regular
7030308,regular
7030308,regular
7030308,regular
7030308,regular
7112658,regular
7112658,regular
7112658,regular
7112658,regular
7112658,regular
7112658,regular
7128092,regular
7128092,regular
7128092,regular
7128092,regular
7242308,regular
7242308,regular
7242308,regular
7242308,regular
7242837,deviant
7242837,deviant
7242837,deviant
7242837,deviant
7243851,deviant
7243851,deviant
7243851,deviant
7243851,deviant
7244750,regular
7244750,regular
7244750,regular
7244750,regular
7250377,regular
7242308,regular
7242837,deviant
7243851,deviant
7244750,regular
6733340,regular
6733340,regular
7128092,regular
7128092,regular
7128092,regular
7128092,regular
7128092,regular
7128092,regular
7128092,regular
7128092,regular
7128092,regular
7128092,regular
7249720,regular
7249720,regular
7249720,regular
7249720,regular
7250377,regular
7250377,regular
7250377,regular
7250377,regular
7250951,regular
7250951,regular
7250951,regular
7250951,regular
7262521,regular
7128092,regular
7249720,regular
7250377,regular
7250951,regular
6929869,deviant
6929869,deviant
6929869,deviant
6929869,deviant
6929869,deviant
6929869,deviant
7261848,regular
7269737,regular
7270601,regular
6929869,deviant
7072205,regular
7271145,regular
6929869,deviant
6929869,deviant
7242308,regular
7242308,regular
7242308,regular
7242308,regular
7261848,regular
7261848,regular
7261848,regular
7261848,regular
7262521,regular
7262521,regular
7262521,regular
7262521,regular
7261848,regular
7262521,regular
7072205,regular
7072205,regular
7072205,regular
7072205,regular
7072205,regular
7072205,regular
7072205,regular
7072205,regular
7072205,regular
7072205,regular
7072205,regular
7242837,deviant
7242837,deviant
7242837,deviant
7242837,deviant
7242837,deviant
7242837,deviant
7242837,deviant
7242837,deviant
7242837,deviant
7242837,deviant
7242837,deviant
7243851,deviant
7243851,deviant
7243851,deviant
7243851,deviant
7243851,deviant
7243851,deviant
7243851,deviant
7243851,deviant
7243851,deviant
7243851,deviant
7243851,deviant
7243851,deviant
7250951,regular
7250951,regular
7250951,regular
7250951,regular
7250951,regular
7269737,regular
7269737,regular
7269737,regular
7269737,regular
7270601,regular
7270601,regular
7270601,regular
7270601,regular
7271145,regular
7271145,regular
7271145,regular
7271145,regular
7072205,regular
7243851,deviant
7269737,regular
7270601,regular
7242837,deviant
7271145,regular
6033123,deviant
7097523,regular
7097523,regular
7097523,regular
7097523,regular
7250377,regular
7250377,regular
7250377,regular
7250377,regular
7250951,regular
7250951,regular
7250951,regular
7250951,regular
7250951,regular
7250951,regular
7250951,regular
7250951,regular
7250951,regular
7250951,regular
7250951,regular
7250951,regular
7250951,regular
7250951,regular
7250951,regular
7250951,regular
7250951,regular
7031944,deviant
7285555,deviant
7089568,deviant
7291861,deviant
7292617,regular
7250951,regular
7250951,regular
7250951,regular
7285555,deviant
7285555,deviant
7285555,deviant
7285555,deviant
7285555,deviant
7114242,deviant
7207645,regular
7207645,regular
7207645,regular
7207645,regular
7217323,regular
7217323,regular
7217323,regular
7217323,regular
7236744,regular
7236744,regular
7236744,regular
7236744,regular
7249720,regular
7249720,regular
7249720,regular
7249720,regular
7249720,regular
7249720,regular
7249720,regular
7249720,regular
7249720,regular
7249720,regular
7249720,regular
7249720,regular
7249720,regular
7249720,regular
7249720,regular
7249720,regular
7249720,regular
7249720,regular
7249720,regular
7249720,regular
7249720,regular
7249720,regular
7250951,regular
7250951,regular
7250951,regular
7250951,regular
7250951,regular
7250951,regular
7250951,regular
7250951,regular
7250951,regular
7250951,regular
7291861,deviant
7291861,deviant
7291861,deviant
7291861,deviant
7292617,regular
7292617,regular
7292617,regular
7292617,regular
7291861,deviant
7292617,regular
7250951,regular
7089568,deviant
7089568,deviant
7089568,deviant
7089568,deviant
7089568,deviant
7089568,deviant
7089568,deviant
7089568,deviant
7089568,deviant
7089568,deviant
7146847,regular
7146847,regular
7146847,regular
7200113,deviant
7200113,deviant
7200113,deviant
7200113,deviant
7200113,deviant
7200113,deviant
7200113,deviant
7200113,deviant
7200113,deviant
7200113,deviant
7200113,deviant
7200113,deviant
7207645,regular
7207645,regular
7207645,regular
7207645,regular
7207645,regular
7207645,regular
7249720,regular
7249720,regular
7249720,regular
7200113,deviant
6929869,deviant
6929869,deviant
6929869,deviant
7089568,deviant
7089568,deviant
7089568,deviant
7089568,deviant
7089568,deviant
7089568,deviant
7138948,deviant
7207645,regular
7207645,regular
7207645,regular
7207645,regular
7207645,regular
7249720,regular
7249720,regular
7249720,regular
7249720,regular
7249720,regular
7249720,regular
7249720,regular
7249720,regular
7249720,regular
7249720,regular
7316634,regular
7089568,deviant
7249720,regular
6616348,regular
6616348,regular
7207645,regular
7207645,regular
7207645,regular
7207645,regular
7207645,regular
7207645,regular
7207645,regular
7207645,regular
7207645,regular
7207645,regular
7243851,deviant
7261848,regular
7261848,regular
7261848,regular
7262521,regular
7262521,regular
7262521,regular
7270601,regular
7270601,regular
7270601,regular
7270601,regular
7270601,regular
7270601,regular
7270601,regular
7270601,regular
7270601,regular
7270601,regular
7270601,regular
7270601,regular
7270601,regular
7270601,regular
7270601,regular
7270601,regular
7270601,regular
7270601,regular
7270601,regular
7270601,regular
7270601,regular
7270601,regular
7270601,regular
7270601,regular
7270601,regular
7271145,regular
7271145,regular
7271145,regular
7317989,deviant
7138948,deviant
7138948,deviant
7138948,deviant
7138948,deviant
7138948,deviant
7138948,deviant
7138948,deviant
7138948,deviant
7242308,regular
7242308,regular
7242308,regular
7242308,regular
7242308,regular
7242308,regular
7242308,regular
7242308,regular
7242308,regular
7242308,regular
7242308,regular
7242308,regular
7242308,regular
7242308,regular
7242308,regular
7242308,regular
7242308,regular
7242308,regular
7242308,regular
7242308,regular
7242308,regular
7242308,regular
7242308,regular
7242308,regular
7242308,regular
7242308,regular
7242308,regular
7242308,regular
7242308,regular
7242308,regular
7285555,deviant
7285555,deviant
7285555,deviant
7285555,deviant
7285555,deviant
7291861,deviant
7291861,deviant
7291861,deviant
7291861,deviant
7291861,deviant
7291861,deviant
7291861,deviant
7291861,deviant
7291861,deviant
7291861,deviant
7291861,deviant
7291861,deviant
7292617,regular
7292617,regular
7292617,regular
7292617,regular
7329167,deviant
7242308,regular
7242308,regular
7291861,deviant
6616348,regular
7146847,regular
7146847,regular
7207645,regular
7207645,regular
7207645,regular
7207645,regular
7207645,regular
7207645,regular
7207645,regular
7207645,regular
7207645,regular
7207645,regular
7270601,regular
7270601,regular
7270601,regular
7270601,regular
7270601,regular
7270601,regular
7270601,regular
7270601,regular
7270601,regular
7270601,regular
7285555,deviant
7285555,deviant
7285555,deviant
7285555,deviant
7285555,deviant
7285555,deviant
7285555,deviant
7285555,deviant
7285555,deviant
7316634,regular
7316634,regular
7316634,regular
7316634,regular
7317989,deviant
7317989,deviant
7317989,deviant
7317989,deviant
7316634,regular
7317989,deviant
7207645,regular
7285555,deviant
7270601,regular
7285555,deviant
6145343,deviant
6145343,deviant
6145343,deviant
6145343,deviant
6145343,deviant
6145343,deviant
6145343,deviant
6145343,deviant
6145343,deviant
6145343,deviant
6145343,deviant
6145343,deviant
6145343,deviant
6145343,deviant
6145343,deviant
6145343,deviant
6145343,deviant
6145343,deviant
6145343,deviant
6145343,deviant
6145343,deviant
7250377,regular
7250377,regular
7250377,regular
7250377,regular
7250377,regular
7250377,regular
7250377,regular
7250377,regular
7250377,regular
7250377,regular
7250377,regular
7250377,regular
7250377,regular
7250377,regular
7250377,regular
7250377,regular
7250377,regular
7250377,regular
6145343,deviant
6145343,deviant
6145343,deviant
6145343,deviant
6145343,deviant
7329167,deviant
7329167,deviant
7329167,deviant
7329167,deviant
7338979,regular
7329167,deviant
7155548,deviant
7261848,regular
7261848,regular
7261848,regular
7261848,regular
7261848,regular
7261848,regular
7261848,regular
7261848,regular
7261848,regular
7261848,regular
7261848,regular
7261848,regular
7261848,regular
7261848,regular
7261848,regular
7261848,regular
7261848,regular
7261848,regular
7261848,regular
7261848,regular
7261848,regular
7261848,regular
7262521,regular
7005683,deviant
7005683,deviant
7005683,deviant
7005683,deviant
7005683,deviant
7005683,deviant
7005683,deviant
7005683,deviant
7005683,deviant
7005683,deviant
7005683,deviant
7005683,deviant
7005683,deviant
7005683,deviant
7005683,deviant
7005683,deviant
7005683,deviant
7005683,deviant
7005683,deviant
7005683,deviant
7005683,deviant
7005683,deviant
7005683,deviant
7005683,deviant
7005683,deviant
7005683,deviant
7114242,deviant
7155548,deviant
7155548,deviant
7155548,deviant
7261848,regular
7261848,regular
7271145,regular
7271145,regular
7271145,regular
7271145,regular
7271145,regular
7271145,regular
7271145,regular
7271145,regular
7271145,regular
7271145,regular
7271145,regular
7271145,regular
7271145,regular
7271145,regular
7271145,regular
7271145,regular
7271145,regular
7271145,regular
7271145,regular
7271145,regular
7271145,regular
7338979,regular
7338979,regular
7338979,regular
7338979,regular
7338979,regular
7338979,regular
7338979,regular
7344390,regular
7338979,regular
7005683,deviant
7005683,deviant
7005683,deviant
7005683,deviant
7005683,deviant
7005683,deviant
7005683,deviant
7005683,deviant
7005683,deviant
7005683,deviant
7031944,deviant
7031944,deviant
7031944,deviant
7031944,deviant
7031944,deviant
7031944,deviant
7031944,deviant
7031944,deviant
7031944,deviant
7031944,deviant
7031944,deviant
7250377,regular
7250377,regular
7250377,regular
7250377,regular
7250377,regular
7250377,regular
7250377,regular
7250377,regular
7250377,regular
7250377,regular
7250377,regular
7250377,regular
7261848,regular
7261848,regular
7261848,regular
7261848,regular
7261848,regular
7261848,regular
7261848,regular
7261848,regular
7271145,regular
7271145,regular
7271145,regular
7271145,regular
7271145,regular
7271145,regular
7271145,regular
7271145,regular
7271145,regular
7271145,regular
7271145,regular
7344390,regular
7344390,regular
7344390,regular
7344390,regular
7359275,regular
7344390,regular
7031944,deviant
7250377,regular
7250377,regular
7261848,regular
7271145,regular
7005683,deviant
7146847,regular
7269737,regular
7363091,regular
7114242,deviant
7114242,deviant
7114242,deviant
7114242,deviant
7114242,deviant
7114242,deviant
7114242,deviant
7114242,deviant
7114242,deviant
7114242,deviant
7114242,deviant
7114242,deviant
7114242,deviant
7114242,deviant
7114242,deviant
7114242,deviant
7114242,deviant
7114242,deviant
7114242,deviant
7114242,deviant
7114242,deviant
7114242,deviant
7114242,deviant
7114242,deviant
7114242,deviant
7114242,deviant
7114242,deviant
7114242,deviant
7114242,deviant
7114242,deviant
7114242,deviant
7114242,deviant
7114242,deviant
7146847,regular
7146847,regular
7146847,regular
7146847,regular
7146847,regular
7146847,regular
7146847,regular
7146847,regular
7146847,regular
7146847,regular
7146847,regular
7146847,regular
7146847,regular
7146847,regular
7146847,regular
7146847,regular
7146847,regular
7366009,regular
7362243,regular
7146847,regular
7146847,regular
7146847,regular
7155548,deviant
7155548,deviant
7155548,deviant
7155548,deviant
7155548,deviant
7155548,deviant
7155548,deviant
7155548,deviant
7155548,deviant
7155548,deviant
7155548,deviant
7155548,deviant
7155548,deviant
7155548,deviant
7155548,deviant
7155548,deviant
7155548,deviant
7155548,deviant
7155548,deviant
7155548,deviant
7155548,deviant
7155548,deviant
7242837,deviant
7359275,regular
7359275,regular
7359275,regular
7359275,regular
7359275,regular
7359275,regular
7359275,regular
7359275,regular
7359275,regular
7359275,regular
7362243,regular
7362243,regular
7362243,regular
7362243,regular
7363091,regular
7363091,regular
7363091,regular
7363091,regular
7363091,regular
7363091,regular
7363091,regular
7371920,deviant
7373426,regular
7362243,regular
7146847,regular
7146847,regular
7146847,regular
7146847,regular
7146847,regular
7146847,regular
7146847,regular
7146847,regular
7146847,regular
7146847,regular
7146847,regular
7155548,deviant
7155548,deviant
7155548,deviant
7155548,deviant
7155548,deviant
7155548,deviant
7155548,deviant
7155548,deviant
7155548,deviant
7155548,deviant
7155548,deviant
7212248,deviant
7242837,deviant
7242837,deviant
7242837,deviant
7316634,regular
7316634,regular
7316634,regular
7316634,regular
7316634,regular
7316634,regular
7316634,regular
7316634,regular
7316634,regular
7316634,regular
7362243,regular
7362243,regular
7362243,regular
7362243,regular
7362243,regular
7363091,regular
7366009,regular
7366009,regular
7366009,regular
7366009,regular
7383711,deviant
7366009,regular
7155548,deviant
7146847,regular
6145343,deviant
6145343,deviant
7114242,deviant
7114242,deviant
7114242,deviant
7114242,deviant
7114242,deviant
7114242,deviant
7114242,deviant
7114242,deviant
7114242,deviant
7114242,deviant
7114242,deviant
7114242,deviant
7114242,deviant
7200113,deviant
7212248,deviant
7212248,deviant
7212248,deviant
7212248,deviant
7317989,deviant
7317989,deviant
7317989,deviant
7317989,deviant
7317989,deviant
7317989,deviant
7317989,deviant
7317989,deviant
7317989,deviant
7317989,deviant
7317989,deviant
7317989,deviant
7329167,deviant
7329167,deviant
7329167,deviant
7329167,deviant
7329167,deviant
7329167,deviant
7329167,deviant
7329167,deviant
7329167,deviant
7329167,deviant
7329167,deviant
7344390,regular
7344390,regular
7344390,regular
7362243,regular
7362243,regular
7362243,regular
7362243,regular
7362243,regular
7362243,regular
7362243,regular
7362243,regular
7362243,regular
7362243,regular
7362243,regular
7362243,regular
7362243,regular
7362243,regular
7362243,regular
7362243,regular
7362243,regular
7371920,deviant
7371920,deviant
7371920,deviant
7371920,deviant
7373426,regular
7373426,regular
7373426,regular
7373426,regular
7393531,regular
7317989,deviant
7329167,deviant
7371920,deviant
7373426,regular
7114242,deviant
7114242,deviant
6081247,deviant
6081247,deviant
6081247,deviant
6081247,deviant
6081247,deviant
6081247,deviant
6081247,deviant
6081247,deviant
6081247,deviant
6081247,deviant
6081247,deviant
6081247,deviant
6081247,deviant
6081247,deviant
6081247,deviant
6081247,deviant
6081247,deviant
6081247,deviant
6081247,deviant
6081247,deviant
6081247,deviant
6081247,deviant
6081247,deviant
6081247,deviant
6081247,deviant
6081247,deviant
7383711,deviant
7383711,deviant
7383711,deviant
7383711,deviant
7383711,deviant
6081247,deviant
6081247,deviant
6081247,deviant
6081247,deviant
7217323,regular
7217323,regular
7217323,regular
7217323,regular
7217323,regular
7217323,regular
7217323,regular
7243851,deviant
7243851,deviant
7243851,deviant
7243851,deviant
7243851,deviant
7243851,deviant
7243851,deviant
7338979,regular
7338979,regular
7338979,regular
7338979,regular
7338979,regular
7338979,regular
7338979,regular
7338979,regular
7338979,regular
7338979,regular
7338979,regular
7338979,regular
7338979,regular
7338979,regular
7338979,regular
7338979,regular
7338979,regular
7338979,regular
7338979,regular
7338979,regular
7338979,regular
7338979,regular
7338979,regular
7338979,regular
7338979,regular
7338979,regular
7395460,deviant
7217323,regular
7338979,regular
7217323,regular
7217323,regular
7393531,regular
7393531,regular
7393531,regular
7393531,regular
7395460,deviant
7395460,deviant
7395460,deviant
7395460,deviant
7393531,regular
7395460,deviant
7403574,regular
7117451,deviant
7403574,regular
7403574,regular
7403574,regular
7403574,regular
7403574,regular
7415134,regular
7418018,regular
7418926,regular
7419641,deviant
7415134,regular
7415134,regular
7415134,regular
7415134,regular
7426928,regular
7415134,regular
7212248,deviant
7212248,deviant
7212248,deviant
7212248,deviant
7212248,deviant
7212248,deviant
7212248,deviant
7212248,deviant
7212248,deviant
7212248,deviant
7212248,deviant
7212248,deviant
7212248,deviant
7212248,deviant
7212248,deviant
7212248,deviant
7243851,deviant
7243851,deviant
7243851,deviant
7243851,deviant
7243851,deviant
7243851,deviant
7243851,deviant
7243851,deviant
7243851,deviant
7243851,deviant
7243851,deviant
7243851,deviant
7292617,regular
7292617,regular
7292617,regular
7292617,regular
7292617,regular
7292617,regular
7292617,regular
7292617,regular
7292617,regular
7292617,regular
7292617,regular
7292617,regular
7292617,regular
7292617,regular
7292617,regular
7292617,regular
7292617,regular
7292617,regular
7418018,regular
7418018,regular
7418018,regular
7418018,regular
7418926,regular
7418926,regular
7418926,regular
7418926,regular
7419641,deviant
7419641,deviant
7419641,deviant
7419641,deviant
7418018,regular
7418926,regular
7419641,deviant
7212248,deviant
7212248,deviant
7212248,deviant
7212248,deviant
7212248,deviant
7212248,deviant
7212248,deviant
7212248,deviant
7212248,deviant
7212248,deviant
7212248,deviant
7212248,deviant
7243851,deviant
7243851,deviant
7243851,deviant
7243851,deviant
7243851,deviant
7243851,deviant
7243851,deviant
7243851,deviant
7243851,deviant
7243851,deviant
7243851,deviant
7243851,deviant
7292617,regular
7292617,regular
7292617,regular
7292617,regular
7362243,regular
7362243,regular
7362243,regular
7362243,regular
7393531,regular
7393531,regular
7393531,regular
7393531,regular
7393531,regular
7393531,regular
7393531,regular
7393531,regular
7393531,regular
7393531,regular
7393531,regular
7393531,regular
7393531,regular
7393531,regular
7393531,regular
7393531,regular
7393531,regular
7393531,regular
7393531,regular
7393531,regular
7393531,regular
7393531,regular
7393531,regular
7393531,regular
7393531,regular
7393531,regular
7393531,regular
7393531,regular
7393531,regular
7393531,regular
7393531,regular
7393531,regular
7393531,regular
7393531,regular
7426928,regular
7426928,regular
7426928,regular
7426928,regular
7437929,regular
7393531,regular
7243851,deviant
7243851,deviant
7393531,regular
7212248,deviant
7212248,deviant
7426928,regular
6081247,deviant
6081247,deviant
6883188,deviant
6883188,deviant
7242837,deviant
7242837,deviant
7242837,deviant
7242837,deviant
7242837,deviant
7242837,deviant
7242837,deviant
7242837,deviant
7242837,deviant
7292617,regular
7292617,regular
7292617,regular
7292617,regular
7292617,regular
7292617,regular
7292617,regular
7292617,regular
7292617,regular
7292617,regular
7362243,regular
7362243,regular
7362243,regular
7362243,regular
7362243,regular
7362243,regular
7362243,regular
7362243,regular
7362243,regular
7362243,regular
7445278,deviant
7447526,deviant
7448187,regular
7242837,deviant
6883188,deviant
6883188,deviant
6883188,deviant
6883188,deviant
6883188,deviant
6883188,deviant
6883188,deviant
6883188,deviant
6883188,deviant
6883188,deviant
6883188,deviant
6883188,deviant
6883188,deviant
6883188,deviant
6883188,deviant
6883188,deviant
6883188,deviant
6883188,deviant
6883188,deviant
6883188,deviant
6883188,deviant
6883188,deviant
6883188,deviant
6883188,deviant
6883188,deviant
6883188,deviant
7262521,regular
7437929,regular
7437929,regular
7437929,regular
7437929,regular
7445736,regular
7449085,deviant
7453523,regular
6883188,deviant
6883188,deviant
6883188,deviant
6883188,deviant
7437929,regular
7291861,deviant
7403574,regular
7403574,regular
7403574,regular
7403574,regular
7403574,regular
7451365,regular
7454167,regular
7117451,deviant
7117451,deviant
7117451,deviant
7117451,deviant
7117451,deviant
7117451,deviant
7117451,deviant
7117451,deviant
7138948,deviant
7138948,deviant
7138948,deviant
7138948,deviant
7138948,deviant
7138948,deviant
7242837,deviant
7371920,deviant
7371920,deviant
7371920,deviant
7371920,deviant
7371920,deviant
7418018,regular
7418018,regular
7418018,regular
7418018,regular
7445278,deviant
7445278,deviant
7445278,deviant
7445278,deviant
7445736,regular
7445736,regular
7445736,regular
7445736,regular
7447526,deviant
7447526,deviant
7447526,deviant
7447526,deviant
7448187,regular
7448187,regular
7448187,regular
7448187,regular
7449085,deviant
7449085,deviant
7449085,deviant
7449085,deviant
7452237,regular
7459687,regular
7460241,deviant
7445278,deviant
7445736,regular
7447526,deviant
7448187,regular
7449085,deviant
7117451,deviant
7117451,deviant
7117451,deviant
7117451,deviant
7117451,deviant
7117451,deviant
7117451,deviant
7117451,deviant
7117451,deviant
7117451,deviant
7117451,deviant
7117451,deviant
7117451,deviant
7117451,deviant
7291861,deviant
7291861,deviant
7415134,regular
7415134,regular
7415134,regular
7415134,regular
7419641,deviant
7419641,deviant
7419641,deviant
7419641,deviant
7419641,deviant
7419641,deviant
7419641,deviant
7419641,deviant
7419641,deviant
7419641,deviant
7419641,deviant
7419641,deviant
7451365,regular
7451365,regular
7451365,regular
7451365,regular
7452237,regular
7452237,regular
7452237,regular
7452237,regular
7453523,regular
7453523,regular
7453523,regular
7454167,regular
7454167,regular
7454167,regular
7454167,regular
7460784,regular
7465137,regular
7451365,regular
7452237,regular
7454167,regular
7419641,deviant
7200113,deviant
7200113,deviant
7200113,deviant
7200113,deviant
7200113,deviant
7200113,deviant
7200113,deviant
7200113,deviant
7200113,deviant
7200113,deviant
7200113,deviant
7200113,deviant
7200113,deviant
7200113,deviant
7200113,deviant
7200113,deviant
7200113,deviant
7200113,deviant
7200113,deviant
7200113,deviant
7200113,deviant
7200113,deviant
7200113,deviant
7200113,deviant
7200113,deviant
7200113,deviant
7200113,deviant
7200113,deviant
7200113,deviant
7200113,deviant
7200113,deviant
7317989,deviant
7363091,regular
7363091,regular
7363091,regular
7363091,regular
7363091,regular
7363091,regular
7363091,regular
7363091,regular
7363091,regular
7363091,regular
7363091,regular
7363091,regular
7363091,regular
7363091,regular
7363091,regular
7363091,regular
7363091,regular
7363091,regular
7363091,regular
7363091,regular
7363091,regular
7363091,regular
7363091,regular
7363091,regular
7363091,regular
7363091,regular
7363091,regular
7363091,regular
7363091,regular
7418926,regular
7418926,regular
7418926,regular
7418926,regular
7445736,regular
7445736,regular
7445736,regular
7445736,regular
7445736,regular
7445736,regular
7459687,regular
7459687,regular
7459687,regular
7459687,regular
7460241,deviant
7460241,deviant
7460241,deviant
7460241,deviant
7460784,regular
7460784,regular
7460784,regular
7460784,regular
7200113,deviant
7200113,deviant
7459687,regular
7460241,deviant
7460784,regular
7117451,deviant
7117451,deviant
7117451,deviant
7117451,deviant
7117451,deviant
7117451,deviant
7117451,deviant
7117451,deviant
7117451,deviant
7117451,deviant
7117451,deviant
7117451,deviant
7117451,deviant
7317989,deviant
7317989,deviant
7317989,deviant
7317989,deviant
7317989,deviant
7317989,deviant
7317989,deviant
7363091,regular
7363091,regular
7363091,regular
7363091,regular
7373426,regular
7373426,regular
7373426,regular
7373426,regular
7373426,regular
7373426,regular
7373426,regular
7373426,regular
7373426,regular
7373426,regular
7373426,regular
7373426,regular
7373426,regular
7373426,regular
7373426,regular
7373426,regular
7373426,regular
7373426,regular
7373426,regular
7373426,regular
7373426,regular
7373426,regular
7395460,deviant
7395460,deviant
7395460,deviant
7395460,deviant
7395460,deviant
7395460,deviant
7395460,deviant
7395460,deviant
7395460,deviant
7395460,deviant
7395460,deviant
7465137,regular
7465137,regular
7465137,regular
7474789,regular
7117451,deviant
7117451,deviant
7285555,deviant
7285555,deviant
7285555,deviant
7285555,deviant
7285555,deviant
7285555,deviant
7285555,deviant
7285555,deviant
7285555,deviant
7285555,deviant
7285555,deviant
7285555,deviant
7285555,deviant
7285555,deviant
7285555,deviant
7285555,deviant
7285555,deviant
7316634,regular
7373426,regular
7373426,regular
7373426,regular
7373426,regular
7373426,regular
7373426,regular
7373426,regular
7373426,regular
7373426,regular
7373426,regular
7373426,regular
7373426,regular
7474789,regular
7474789,regular
7474789,regular
7474789,regular
7492422,regular
7373426,regular
7373426,regular
7474789,regular
7262521,regular
7262521,regular
7262521,regular
7262521,regular
7262521,regular
7262521,regular
7262521,regular
7262521,regular
7262521,regular
7262521,regular
7262521,regular
7262521,regular
7262521,regular
7262521,regular
7262521,regular
7262521,regular
7262521,regular
7285555,deviant
7285555,deviant
7285555,deviant
7285555,deviant
7285555,deviant
7285555,deviant
7285555,deviant
7285555,deviant
7285555,deviant
7285555,deviant
7285555,deviant
7285555,deviant
7316634,regular
7316634,regular
7316634,regular
7316634,regular
7316634,regular
7316634,regular
7316634,regular
7316634,regular
7447526,deviant
7447526,deviant
7447526,deviant
7447526,deviant
7447526,deviant
7447526,deviant
7447526,deviant
7447526,deviant
7447526,deviant
7447526,deviant
7447526,deviant
7447526,deviant
7451365,regular
7451365,regular
7451365,regular
7451365,regular
7452237,regular
7452237,regular
7452237,regular
7452237,regular
7453523,regular
7453523,regular
7453523,regular
7453523,regular
7453523,regular
7453523,regular
7454167,regular
7454167,regular
7454167,regular
7454167,regular
7454167,regular
7454167,regular
7454167,regular
7454167,regular
7454167,regular
7454167,regular
7454167,regular
7454167,regular
7454167,regular
7454167,regular
7454167,regular
7454167,regular
7454167,regular
7454167,regular
7454167,regular
7454167,regular
7454167,regular
7454167,regular
7454167,regular
7454167,regular
7454167,regular
7454167,regular
7454167,regular
7454167,regular
7454167,regular
7460241,deviant
7460241,deviant
7460241,deviant
7460241,deviant
7460241,deviant
7460241,deviant
7460241,deviant
7460241,deviant
7460241,deviant
7460241,deviant
7460241,deviant
7460241,deviant
7460784,regular
7460784,regular
7460784,regular
7460784,regular
7465137,regular
7465137,regular
7465137,regular
7465137,regular
7465137,regular
7285555,deviant
7285555,deviant
7454167,regular
7453523,regular
7316634,regular
7447526,deviant
7460241,deviant
7242837,deviant
7242837,deviant
7242837,deviant
7262521,regular
7262521,regular
7262521,regular
7262521,regular
7262521,regular
7262521,regular
7262521,regular
7262521,regular
7262521,regular
7262521,regular
7262521,regular
7262521,regular
7262521,regular
7262521,regular
7262521,regular
7262521,regular
7262521,regular
7262521,regular
7262521,regular
7262521,regular
7262521,regular
7262521,regular
7262521,regular
7262521,regular
7262521,regular
7262521,regular
7262521,regular
7344390,regular
7344390,regular
7344390,regular
7371920,deviant
7371920,deviant
7371920,deviant
7371920,deviant
7371920,deviant
7371920,deviant
7371920,deviant
7437929,regular
7437929,regular
7437929,regular
7437929,regular
7448187,regular
7448187,regular
7448187,regular
7448187,regular
7487870,deviant
7487870,deviant
7487870,deviant
7487870,deviant
7487870,deviant
7262521,regular
7262521,regular
7487870,deviant
7371920,deviant
7395460,deviant
7492422,regular
7492422,regular
7492422,regular
7492422,regular
7492422,regular
7242837,deviant
7242837,deviant
7242837,deviant
7242837,deviant
7242837,deviant
7242837,deviant
7242837,deviant
7242837,deviant
7242837,deviant
7242837,deviant
7242837,deviant
7242837,deviant
7242837,deviant
7242837,deviant
7242837,deviant
7242837,deviant
7242837,deviant
7242837,deviant
7242837,deviant
7344390,regular
7344390,regular
7344390,regular
7344390,regular
7344390,regular
7344390,regular
7344390,regular
7344390,regular
7344390,regular
7344390,regular
7451365,regular
7451365,regular
7451365,regular
7451365,regular
7451365,regular
7451365,regular
7451365,regular
7451365,regular
7451365,regular
7451365,regular
7451365,regular
7451365,regular
7451365,regular
7451365,regular
7451365,regular
7451365,regular
7451365,regular
7451365,regular
7451365,regular
7451365,regular
7451365,regular
7451365,regular
7451365,regular
7451365,regular
7451365,regular
7451365,regular
7451365,regular
7451365,regular
7451365,regular
7452237,regular
7452237,regular
7452237,regular
7452237,regular
7452237,regular
7452237,regular
7452237,regular
7452237,regular
7452237,regular
7452237,regular
7452237,regular
7452237,regular
7452237,regular
7452237,regular
7452237,regular
7452237,regular
7452237,regular
7452237,regular
7452237,regular
7452237,regular
7452237,regular
7452237,regular
7452237,regular
7452237,regular
7452237,regular
7452237,regular
7452237,regular
7452237,regular
7452237,regular
7460784,regular
7460784,regular
7460784,regular
7460784,regular
7460784,regular
7460784,regular
7460784,regular
7460784,regular
7460784,regular
7460784,regular
7460784,regular
7460784,regular
7460784,regular
7460784,regular
7460784,regular
7460784,regular
7460784,regular
7460784,regular
7460784,regular
7460784,regular
7460784,regular
7460784,regular
7460784,regular
7460784,regular
7460784,regular
7460784,regular
7460784,regular
7460784,regular
7460784,regular
7451365,regular
7452237,regular
7460784,regular
6758997,deviant
7242837,deviant
7242837,deviant
7344390,regular
7344390,regular
7344390,regular
7344390,regular
7344390,regular
7344390,regular
7419641,deviant
7419641,deviant
7419641,deviant
7419641,deviant
7419641,deviant
7419641,deviant
7419641,deviant
7426928,regular
7426928,regular
7426928,regular
7426928,regular
7426928,regular
7426928,regular
7426928,regular
7426928,regular
7426928,regular
7426928,regular
7426928,regular
7426928,regular
7426928,regular
7426928,regular
7426928,regular
7426928,regular
7426928,regular
7426928,regular
7426928,regular
7426928,regular
7426928,regular
7426928,regular
7426928,regular
7426928,regular
7426928,regular
7426928,regular
7449085,deviant
7449085,deviant
7449085,deviant
7449085,deviant
7451365,regular
7451365,regular
7452237,regular
7452237,regular
7460784,regular
7460784,regular
7492422,regular
7492422,regular
7492422,regular
7492422,regular
7564933,regular
7419641,deviant
7426928,regular
7242837,deviant
7242837,deviant
7242837,deviant
7242837,deviant
7242837,deviant
7242837,deviant
7242837,deviant
7242837,deviant
7244750,regular
7244750,regular
7244750,regular
7244750,regular
7291861,deviant
7291861,deviant
7291861,deviant
7344390,regular
7344390,regular
7344390,regular
7344390,regular
7383711,deviant
7383711,deviant
7383711,deviant
7383711,deviant
7383711,deviant
7383711,deviant
7383711,deviant
7383711,deviant
7383711,deviant
7383711,deviant
7383711,deviant
7383711,deviant
7445736,regular
7445736,regular
7445736,regular
7445736,regular
7445736,regular
7445736,regular
7445736,regular
7445736,regular
7445736,regular
7445736,regular
7445736,regular
7445736,regular
7445736,regular
7445736,regular
7445736,regular
7445736,regular
7487870,deviant
7487870,deviant
7487870,deviant
7487870,deviant
7564933,regular
7564933,regular
7564933,regular
7564933,regular
7577584,regular
7564933,regular
7344390,regular
7383711,deviant
7242837,deviant
7269737,regular
7344390,regular
7344390,regular
7344390,regular
7344390,regular
7344390,regular
7344390,regular
7344390,regular
7344390,regular
7395460,deviant
7395460,deviant
7395460,deviant
7395460,deviant
7395460,deviant
7395460,deviant
7395460,deviant
7395460,deviant
7395460,deviant
7426928,regular
7426928,regular
7426928,regular
7426928,regular
7426928,regular
7426928,regular
7445278,deviant
7445278,deviant
7445278,deviant
7445278,deviant
7445278,deviant
7445278,deviant
7445278,deviant
7445736,regular
7445736,regular
7445736,regular
7453523,regular
7453523,regular
7453523,regular
7453523,regular
7453523,regular
7453523,regular
7453523,regular
7453523,regular
7453523,regular
7453523,regular
7453523,regular
7453523,regular
7453523,regular
7453523,regular
7453523,regular
7453523,regular
7453523,regular
7453523,regular
7453523,regular
7453523,regular
7426928,regular
7344390,regular
7445736,regular
7445736,regular
7453523,regular
7453523,regular
7474789,regular
7474789,regular
7474789,regular
7474789,regular
7474789,regular
7585379,regular
7371920,deviant
7395460,deviant
7395460,deviant
7395460,deviant
7395460,deviant
7395460,deviant
7395460,deviant
7395460,deviant
7395460,deviant
7395460,deviant
7395460,deviant
7395460,deviant
7395460,deviant
7395460,deviant
7395460,deviant
7395460,deviant
7419641,deviant
7419641,deviant
7419641,deviant
7419641,deviant
7419641,deviant
7419641,deviant
7419641,deviant
7419641,deviant
7419641,deviant
7419641,deviant
7419641,deviant
7419641,deviant
7419641,deviant
7419641,deviant
7419641,deviant
7419641,deviant
7419641,deviant
7419641,deviant
7492422,regular
7492422,regular
7492422,regular
7492422,regular
7492422,regular
7492422,regular
7492422,regular
7492422,regular
7492422,regular
7492422,regular
7492422,regular
7492422,regular
7492422,regular
7492422,regular
7492422,regular
7492422,regular
7492422,regular
7492422,regular
7492422,regular
7492422,regular
7492422,regular
7492422,regular
7492422,regular
7492422,regular
7577584,regular
7577584,regular
7577584,regular
7577584,regular
7591057,regular
7492422,regular
7419641,deviant
7577584,regular
5578213,regular
5578213,regular
5578213,regular
5578213,regular
5578213,regular
5578213,regular
5578213,regular
5578213,regular
5578213,regular
5578213,regular
5578213,regular
5578213,regular
5578213,regular
5578213,regular
5578213,regular
5578213,regular
5578213,regular
5578213,regular
5578213,regular
5578213,regular
5578213,regular
5578213,regular
5578213,regular
5578213,regular
6513343,regular
6513343,regular
6513343,regular
6513343,regular
6513343,regular
7030308,regular
7030308,regular
7030308,regular
7395460,deviant
7395460,deviant
7419641,deviant
7419641,deviant
7419641,deviant
7419641,deviant
7419641,deviant
7419641,deviant
7445736,regular
7445736,regular
7445736,regular
7445736,regular
7445736,regular
7445736,regular
7445736,regular
7445736,regular
7447526,deviant
7448187,regular
7448187,regular
7453523,regular
7453523,regular
7453523,regular
7453523,regular
7453523,regular
7453523,regular
7453523,regular
7453523,regular
7492422,regular
7492422,regular
7492422,regular
7492422,regular
7492422,regular
7492422,regular
7585379,regular
7585379,regular
7585379,regular
7585379,regular
7419641,deviant
7492422,regular
7453523,regular
7445736,regular
7585379,regular
7371920,deviant
7371920,deviant
7371920,deviant
7371920,deviant
7371920,deviant
7371920,deviant
7371920,deviant
7371920,deviant
7371920,deviant
7371920,deviant
7371920,deviant
7371920,deviant
7371920,deviant
7371920,deviant
7371920,deviant
7371920,deviant
7371920,deviant
7371920,deviant
7371920,deviant
7395460,deviant
7395460,deviant
7395460,deviant
7395460,deviant
7395460,deviant
7395460,deviant
7395460,deviant
7395460,deviant
7447526,deviant
7447526,deviant
7447526,deviant
7447526,deviant
7447526,deviant
7447526,deviant
7447526,deviant
7564933,regular
7564933,regular
7564933,regular
7564933,regular
7591057,regular
7591057,regular
7591057,regular
7591057,regular
7591057,regular
7395460,deviant
7269737,regular
7269737,regular
7269737,regular
7269737,regular
7269737,regular
7371920,deviant
7371920,deviant
7371920,deviant
7418926,regular
7418926,regular
7418926,regular
7418926,regular
7418926,regular
7418926,regular
7418926,regular
7418926,regular
7418926,regular
7418926,regular
7418926,regular
7418926,regular
7418926,regular
7418926,regular
7418926,regular
7418926,regular
7418926,regular
7418926,regular
7418926,regular
7418926,regular
7418926,regular
7437929,regular
7437929,regular
7437929,regular
7437929,regular
7437929,regular
7437929,regular
7437929,regular
7437929,regular
7437929,regular
7437929,regular
7437929,regular
7437929,regular
7437929,regular
7437929,regular
7437929,regular
7437929,regular
7437929,regular
7607369,regular
7617280,regular
7619317,regular
7620122,regular
7638155,regular
7606825,deviant
7291861,deviant
7291861,deviant
7291861,deviant
7291861,deviant
7291861,deviant
7291861,deviant
7291861,deviant
7291861,deviant
7291861,deviant
7291861,deviant
7291861,deviant
7383711,deviant
7606825,deviant
7606825,deviant
7606825,deviant
7606825,deviant
7607369,regular
7607369,regular
7607369,regular
7607369,regular
7635379,deviant
7636239,regular
7291861,deviant
7329167,deviant
7329167,deviant
7359275,regular
7359275,regular
7359275,regular
7359275,regular
7359275,regular
7359275,regular
7359275,regular
7359275,regular
7359275,regular
7359275,regular
7359275,regular
7359275,regular
7359275,regular
7359275,regular
7359275,regular
7359275,regular
7359275,regular
7371920,deviant
7371920,deviant
7371920,deviant
7371920,deviant
7371920,deviant
7371920,deviant
7371920,deviant
7371920,deviant
7371920,deviant
7371920,deviant
7418926,regular
7418926,regular
7418926,regular
7418926,regular
7418926,regular
7418926,regular
7418926,regular
7418926,regular
7418926,regular
7418926,regular
7418926,regular
7371920,deviant
7445278,deviant
7445278,deviant
7445278,deviant
7447526,deviant
7447526,deviant
7447526,deviant
7447526,deviant
7447526,deviant
7447526,deviant
7447526,deviant
7447526,deviant
7447526,deviant
7447526,deviant
7447526,deviant
7447526,deviant
7487870,deviant
7487870,deviant
7487870,deviant
7487870,deviant
7487870,deviant
7487870,deviant
7487870,deviant
7487870,deviant
7564933,regular
7564933,regular
7564933,regular
7564933,regular
7564933,regular
7564933,regular
7564933,regular
7564933,regular
7564933,regular
7564933,regular
7564933,regular
7564933,regular
7564933,regular
7564933,regular
7564933,regular
7564933,regular
7564933,regular
7564933,regular
7617280,regular
7617280,regular
7617280,regular
7619317,regular
7619317,regular
7619317,regular
7619317,regular
7620122,regular
7620122,regular
7620122,regular
7620122,regular
7487870,deviant
7619317,regular
7620122,regular
7030308,regular
7030308,regular
7030308,regular
7030308,regular
7030308,regular
7030308,regular
7030308,regular
7030308,regular
7030308,regular
7030308,regular
7030308,regular
7030308,regular
7030308,regular
7083704,regular
7083704,regular
7083704,regular
7083704,regular
7083704,regular
7083704,regular
7083704,regular
7083704,regular
7083704,regular
7083704,regular
7083704,regular
7083704,regular
7083704,regular
7083704,regular
7083704,regular
7083704,regular
7083704,regular
7083704,regular
7083704,regular
7083704,regular
7083704,regular
7083704,regular
7083704,regular
7083704,regular
7083704,regular
7083704,regular
7083704,regular
7083704,regular
7083704,regular
7383711,deviant
7383711,deviant
7383711,deviant
7383711,deviant
7383711,deviant
7383711,deviant
7383711,deviant
7383711,deviant
7383711,deviant
7383711,deviant
7383711,deviant
7383711,deviant
7383711,deviant
7383711,deviant
7383711,deviant
7383711,deviant
7383711,deviant
7383711,deviant
7383711,deviant
7577584,regular
7577584,regular
7577584,regular
7577584,regular
7577584,regular
7591057,regular
7591057,regular
7591057,regular
7591057,regular
7591057,regular
7030308,regular
7449085,deviant
7449085,deviant
7449085,deviant
7449085,deviant
7449085,deviant
7449085,deviant
7449085,deviant
7449085,deviant
7449085,deviant
7647123,deviant
7647891,regular
7635379,deviant
7635379,deviant
7635379,deviant
7636239,regular
7636239,regular
7636239,regular
7636239,regular
7638155,regular
7638155,regular
7638155,regular
7638155,regular
7636239,regular
7638155,regular
6922247,deviant
6922247,deviant
6922247,deviant
6922247,deviant
6922247,deviant
6922247,deviant
6922247,deviant
6922247,deviant
6922247,deviant
6922247,deviant
6922247,deviant
6922247,deviant
6922247,deviant
6922247,deviant
7030308,regular
7030308,regular
7030308,regular
7383711,deviant
7383711,deviant
7383711,deviant
6922247,deviant
6922247,deviant
6145343,deviant
6145343,deviant
6145343,deviant
6145343,deviant
6145343,deviant
6145343,deviant
6758997,deviant
6758997,deviant
6758997,deviant
6758997,deviant
6758997,deviant
6758997,deviant
6758997,deviant
6758997,deviant
6758997,deviant
6758997,deviant
6758997,deviant
6758997,deviant
6758997,deviant
6758997,deviant
6758997,deviant
6758997,deviant
6758997,deviant
6758997,deviant
6758997,deviant
6758997,deviant
6758997,deviant
6922247,deviant
6922247,deviant
6922247,deviant
6922247,deviant
6922247,deviant
6922247,deviant
6922247,deviant
6922247,deviant
6922247,deviant
6922247,deviant
6922247,deviant
6922247,deviant
6922247,deviant
6922247,deviant
6922247,deviant
6922247,deviant
6922247,deviant
6922247,deviant
6922247,deviant
6922247,deviant
6922247,deviant
6922247,deviant
6922247,deviant
6922247,deviant
6922247,deviant
6922247,deviant
6922247,deviant
6922247,deviant
7030308,regular
7030308,regular
7030308,regular
7030308,regular
7030308,regular
7030308,regular
7030308,regular
7030308,regular
7030308,regular
7030308,regular
7030308,regular
7269737,regular
7317989,deviant
7317989,deviant
7317989,deviant
7317989,deviant
7317989,deviant
7317989,deviant
7317989,deviant
7317989,deviant
7317989,deviant
7317989,deviant
7317989,deviant
7317989,deviant
7317989,deviant
7317989,deviant
7317989,deviant
7317989,deviant
7317989,deviant
7317989,deviant
7415134,regular
7415134,regular
7415134,regular
7415134,regular
7415134,regular
7415134,regular
7415134,regular
7415134,regular
7415134,regular
7415134,regular
7415134,regular
7415134,regular
7415134,regular
7415134,regular
7415134,regular
7415134,regular
7418018,regular
7418018,regular
7418018,regular
7418018,regular
7418018,regular
7418018,regular
7418018,regular
7418018,regular
7418018,regular
7418018,regular
7418018,regular
7418018,regular
7418018,regular
7418018,regular
7418018,regular
7418018,regular
7418018,regular
7418018,regular
7418018,regular
7418018,regular
7418018,regular
7418018,regular
7418018,regular
7418018,regular
7564933,regular
7564933,regular
7564933,regular
7564933,regular
7564933,regular
7564933,regular
7564933,regular
7607369,regular
7607369,regular
7607369,regular
7607369,regular
7647123,deviant
7647123,deviant
7647123,deviant
7647891,regular
7647891,regular
7647891,regular
7647891,regular
7674242,regular
7675253,regular
7317989,deviant
7317989,deviant
6145343,deviant
6758997,deviant
7647891,regular
7418018,regular
7418018,regular
7564933,regular
7030308,regular
6922247,deviant
6922247,deviant
6922247,deviant
6922247,deviant
6922247,deviant
6922247,deviant
7465137,regular
7465137,regular
7465137,regular
7465137,regular
7465137,regular
7465137,regular
7465137,regular
7465137,regular
7465137,regular
7465137,regular
7465137,regular
7465137,regular
7465137,regular
7465137,regular
7465137,regular
7465137,regular
7465137,regular
7465137,regular
7465137,regular
7465137,regular
7465137,regular
7465137,regular
7606825,deviant
7606825,deviant
7606825,deviant
7606825,deviant
7606825,deviant
7606825,deviant
7606825,deviant
7606825,deviant
7606825,deviant
7606825,deviant
7606825,deviant
7606825,deviant
7606825,deviant
7606825,deviant
7675785,regular
6513343,regular
6513343,regular
6513343,regular
6513343,regular
6513343,regular
6513343,regular
6513343,regular
6513343,regular
6513343,regular
6513343,regular
6513343,regular
6513343,regular
6513343,regular
6513343,regular
6513343,regular
6513343,regular
6513343,regular
6513343,regular
6513343,regular
6513343,regular
6513343,regular
6513343,regular
6513343,regular
6513343,regular
6513343,regular
7359275,regular
7359275,regular
7359275,regular
7383711,deviant
7383711,deviant
7383711,deviant
7383711,deviant
7383711,deviant
7383711,deviant
7383711,deviant
7383711,deviant
7383711,deviant
7383711,deviant
7415134,regular
7415134,regular
7415134,regular
7415134,regular
7415134,regular
7415134,regular
7415134,regular
7415134,regular
7415134,regular
7415134,regular
7415134,regular
7415134,regular
7415134,regular
7415134,regular
7449085,deviant
7465137,regular
7465137,regular
7465137,regular
7465137,regular
7465137,regular
7465137,regular
7465137,regular
7465137,regular
7465137,regular
7465137,regular
7607369,regular
7607369,regular
7607369,regular
7676427,regular
7676966,regular
7383711,deviant
7415134,regular
7415134,regular
6513343,regular
6513343,regular
6513343,regular
6513343,regular
6513343,regular
7269737,regular
7269737,regular
7269737,regular
7269737,regular
7269737,regular
7269737,regular
7291861,deviant
7291861,deviant
7291861,deviant
7291861,deviant
7291861,deviant
7366009,regular
7366009,regular
7366009,regular
7366009,regular
7366009,regular
7366009,regular
7366009,regular
7366009,regular
7366009,regular
7366009,regular
7366009,regular
7366009,regular
7366009,regular
7366009,regular
7366009,regular
7366009,regular
7366009,regular
7366009,regular
7366009,regular
7366009,regular
7366009,regular
7366009,regular
7585379,regular
7585379,regular
7585379,regular
7585379,regular
7585379,regular
7585379,regular
7585379,regular
7291861,deviant
7291861,deviant
7359275,regular
7359275,regular
7359275,regular
7359275,regular
7359275,regular
7366009,regular
7366009,regular
7366009,regular
7366009,regular
7366009,regular
7366009,regular
7366009,regular
7366009,regular
7366009,regular
7366009,regular
7366009,regular
7366009,regular
7437929,regular
7448187,regular
7448187,regular
7448187,regular
7448187,regular
7448187,regular
7448187,regular
7448187,regular
7448187,regular
7448187,regular
7448187,regular
7448187,regular
7448187,regular
7448187,regular
7448187,regular
7448187,regular
7448187,regular
7674242,regular
7674242,regular
7674242,regular
7674242,regular
7675253,regular
7675253,regular
7675253,regular
7675253,regular
7675785,regular
7675785,regular
7675785,regular
7676427,regular
7676427,regular
7676427,regular
7676427,regular
7686611,regular
7366009,regular
7366009,regular
7291861,deviant
7675253,regular
7445278,deviant
7445278,deviant
7445278,deviant
7445278,deviant
7445278,deviant
7445278,deviant
7447526,deviant
7447526,deviant
7447526,deviant
7448187,regular
7448187,regular
7449085,deviant
7449085,deviant
7676427,regular
7445278,deviant
7317989,deviant
7418018,regular
7418018,regular
7460241,deviant
7675785,regular
7675785,regular
7675785,regular
7675785,regular
7675785,regular
7675785,regular
7675785,regular
7675785,regular
7675785,regular
7675785,regular
7675785,regular
7675785,regular
7675785,regular
7675785,regular
7675785,regular
7675785,regular
7675785,regular
7675785,regular
7675785,regular
7675785,regular
7675785,regular
7675785,regular
7675785,regular
7675785,regular
7675785,regular
7696513,regular
7697517,deviant
7403574,regular
7403574,regular
7403574,regular
7403574,regular
7403574,regular
7403574,regular
7403574,regular
7403574,regular
7403574,regular
7403574,regular
7403574,regular
7403574,regular
7403574,regular
7403574,regular
7403574,regular
7403574,regular
7403574,regular
7437929,regular
7437929,regular
7437929,regular
7437929,regular
7437929,regular
7437929,regular
7437929,regular
7437929,regular
7437929,regular
7437929,regular
7437929,regular
7437929,regular
7437929,regular
7437929,regular
7437929,regular
7447526,deviant
7447526,deviant
7447526,deviant
7447526,deviant
7447526,deviant
7447526,deviant
7447526,deviant
7447526,deviant
7447526,deviant
7447526,deviant
7448187,regular
7448187,regular
7448187,regular
7448187,regular
7448187,regular
7448187,regular
7448187,regular
7448187,regular
7448187,regular
7448187,regular
7448187,regular
7460241,deviant
7460241,deviant
7675785,regular
7675785,regular
7675785,regular
7675785,regular
7675785,regular
7675785,regular
7675785,regular
7675785,regular
7676966,regular
7676966,regular
7676966,regular
7686611,regular
7686611,regular
7686611,regular
7686611,regular
7698946,regular
7702002,deviant
7448187,regular
7447526,deviant
7675785,regular
7317989,deviant
7317989,deviant
7317989,deviant
7317989,deviant
7317989,deviant
7317989,deviant
7403574,regular
7403574,regular
7403574,regular
7403574,regular
7403574,regular
7403574,regular
7403574,regular
7403574,regular
7403574,regular
7403574,regular
7403574,regular
7403574,regular
7418018,regular
7487870,deviant
7635379,deviant
7635379,deviant
7635379,deviant
7635379,deviant
7635379,deviant
7635379,deviant
7635379,deviant
7635379,deviant
7635379,deviant
7635379,deviant
7635379,deviant
7635379,deviant
7635379,deviant
7647123,deviant
7647123,deviant
7647123,deviant
7647123,deviant
7647123,deviant
7647123,deviant
7647123,deviant
7647123,deviant
7647123,deviant
7647123,deviant
7647123,deviant
7647123,deviant
7647123,deviant
7676966,regular
7702566,regular
7403574,regular
7403574,regular
7647123,deviant
7635379,deviant
7269737,regular
7269737,regular
7269737,regular
7269737,regular
7269737,regular
7269737,regular
7269737,regular
7269737,regular
7269737,regular
7269737,regular
7269737,regular
7269737,regular
7269737,regular
7269737,regular
7269737,regular
7269737,regular
7269737,regular
7269737,regular
7269737,regular
7437929,regular
7437929,regular
7437929,regular
7437929,regular
7696513,regular
7696513,regular
7696513,regular
7696513,regular
7697517,deviant
7697517,deviant
7697517,deviant
7697517,deviant
7698946,regular
7698946,regular
7698946,regular
7698946,regular
7702002,deviant
7702002,deviant
7702002,deviant
7702002,deviant
7702566,regular
7702566,regular
7702566,regular
7708006,regular
7696513,regular
7697517,deviant
7437929,regular
7698946,regular
7702002,deviant
7291861,deviant
7291861,deviant
7291861,deviant
7418018,regular
7418018,regular
7418018,regular
7437929,regular
7437929,regular
7437929,regular
7437929,regular
7437929,regular
7437929,regular
7437929,regular
7437929,regular
7474789,regular
7474789,regular
7474789,regular
7474789,regular
7474789,regular
7474789,regular
7474789,regular
7474789,regular
7474789,regular
7474789,regular
7474789,regular
7474789,regular
7474789,regular
7474789,regular
7474789,regular
7474789,regular
7474789,regular
7674242,regular
7674242,regular
7674242,regular
7674242,regular
7674242,regular
7674242,regular
7674242,regular
7674242,regular
7674242,regular
7674242,regular
7674242,regular
7674242,regular
7674242,regular
7674242,regular
7674242,regular
7674242,regular
7674242,regular
7674242,regular
7674242,regular
7674242,regular
7674242,regular
7674242,regular
7674242,regular
7674242,regular
7674242,regular
7674242,regular
7708006,regular
7708006,regular
7708006,regular
7708006,regular
7728100,regular
7437929,regular
7708006,regular
7291861,deviant
7418018,regular
7418018,regular
7418018,regular
7418018,regular
7418018,regular
7418018,regular
7418018,regular
7418018,regular
7418018,regular
7418018,regular
7418018,regular
7418018,regular
7638155,regular
7638155,regular
7638155,regular
7638155,regular
7638155,regular
7638155,regular
7638155,regular
7638155,regular
7638155,regular
7638155,regular
7638155,regular
7638155,regular
7638155,regular
7638155,regular
7638155,regular
7638155,regular
7638155,regular
7638155,regular
7638155,regular
7638155,regular
7638155,regular
7638155,regular
7638155,regular
7638155,regular
7638155,regular
7638155,regular
7638155,regular
7638155,regular
7638155,regular
7638155,regular
7638155,regular
7638155,regular
7638155,regular
7638155,regular
7674242,regular
7674242,regular
7674242,regular
7674242,regular
7674242,regular
7674242,regular
7674242,regular
7674242,regular
7674242,regular
7674242,regular
7674242,regular
7638155,regular
7638155,regular
7730180,regular
6758997,deviant
6758997,deviant
6758997,deviant
6758997,deviant
6758997,deviant
6758997,deviant
6758997,deviant
6758997,deviant
6758997,deviant
6758997,deviant
7269737,regular
7269737,regular
7269737,regular
7269737,regular
7269737,regular
7269737,regular
7269737,regular
7269737,regular
7291861,deviant
7291861,deviant
7291861,deviant
7291861,deviant
7291861,deviant
7291861,deviant
7474789,regular
7474789,regular
7474789,regular
7636239,regular
7636239,regular
7636239,regular
7636239,regular
7738250,regular
7739091,regular
6758997,deviant
7138948,deviant
7138948,deviant
7138948,deviant
7138948,deviant
7138948,deviant
7138948,deviant
7138948,deviant
7138948,deviant
7269737,regular
7269737,regular
7269737,regular
7269737,regular
7269737,regular
7474789,regular
7474789,regular
7487870,deviant
7487870,deviant
7487870,deviant
7635379,deviant
7647123,deviant
7676966,regular
7676966,regular
7676966,regular
7676966,regular
7676966,regular
7676966,regular
7676966,regular
7676966,regular
7676966,regular
7676966,regular
7676966,regular
7676966,regular
7676966,regular
7697517,deviant
7697517,deviant
7697517,deviant
7697517,deviant
7697517,deviant
7697517,deviant
7697517,deviant
7697517,deviant
7697517,deviant
7697517,deviant
7697517,deviant
7697517,deviant
7702002,deviant
7702002,deviant
7702002,deviant
7702002,deviant
7702002,deviant
7702002,deviant
7702002,deviant
7702002,deviant
7702002,deviant
7702002,deviant
7702002,deviant
7702002,deviant
7708006,regular
7708006,regular
7708006,regular
7708006,regular
7708006,regular
7708006,regular
7708006,regular
7728100,regular
7728100,regular
7728100,regular
7728100,regular
7730180,regular
7730180,regular
7730180,regular
7732621,regular
7732621,regular
7732621,regular
7732621,regular
7732621,regular
7732621,regular
7732621,regular
7732621,regular
7740261,deviant
7740805,regular
7728100,regular
7702002,deviant
7732621,regular
7697517,deviant
7269737,regular
7269737,regular
7269737,regular
7269737,regular
7269737,regular
7269737,regular
7269737,regular
7269737,regular
7418018,regular
7418018,regular
7418018,regular
7418018,regular
7418018,regular
7418018,regular
7418018,regular
7418018,regular
7418018,regular
7418018,regular
7418018,regular
7418018,regular
7474789,regular
7474789,regular
7474789,regular
7474789,regular
7474789,regular
7474789,regular
7474789,regular
7474789,regular
7738250,regular
7738250,regular
7738250,regular
7738250,regular
7739091,regular
7739091,regular
7739091,regular
7739091,regular
7740261,deviant
7740261,deviant
7740261,deviant
7740261,deviant
7740805,regular
7740805,regular
7740805,regular
7474789,regular
7418018,regular
7418018,regular
7738250,regular
7269737,regular
7739091,regular
6758997,deviant
6758997,deviant
7487870,deviant
7487870,deviant
7487870,deviant
7487870,deviant
7487870,deviant
7487870,deviant
7487870,deviant
7487870,deviant
7487870,deviant
7487870,deviant
7487870,deviant
7487870,deviant
7487870,deviant
7487870,deviant
7606825,deviant
7635379,deviant
7635379,deviant
7647123,deviant
7647123,deviant
7749994,regular
7750264,regular
7752293,regular
7758353,regular
7761744,regular
7762370,regular
7763426,regular
5718151,deviant
5718151,deviant
5718151,deviant
7487870,deviant
7487870,deviant
7487870,deviant
7487870,deviant
7487870,deviant
7487870,deviant
7487870,deviant
7487870,deviant
7487870,deviant
7749994,regular
7749994,regular
7749994,regular
7749994,regular
7750264,regular
7750264,regular
7750264,regular
7750264,regular
7752293,regular
7752293,regular
7752293,regular
7752293,regular
7750264,regular
7487870,deviant
5729811,regular
5729811,regular
5729811,regular
5729811,regular
5729811,regular
5729811,regular
5729811,regular
5729811,regular
5729811,regular
5729811,regular
5729811,regular
5729811,regular
5729811,regular
5729811,regular
5729811,regular
5729811,regular
5729811,regular
5729811,regular
5729811,regular
5729811,regular
5729811,regular
5729811,regular
7577584,regular
7577584,regular
7577584,regular
7577584,regular
7577584,regular
7577584,regular
7577584,regular
7577584,regular
7577584,regular
7577584,regular
7577584,regular
7577584,regular
7577584,regular
7577584,regular
7577584,regular
7577584,regular
7577584,regular
7577584,regular
7577584,regular
7577584,regular
7635379,deviant
7635379,deviant
7635379,deviant
7635379,deviant
7635379,deviant
7635379,deviant
7635379,deviant
7635379,deviant
7635379,deviant
7635379,deviant
7635379,deviant
7635379,deviant
7635379,deviant
7635379,deviant
7635379,deviant
7635379,deviant
7635379,deviant
7635379,deviant
7635379,deviant
7635379,deviant
7635379,deviant
7635379,deviant
7635379,deviant
7635379,deviant
7635379,deviant
7635379,deviant
7635379,deviant
7635379,deviant
7635379,deviant
7696513,regular
7696513,regular
7696513,regular
7697517,deviant
7758353,regular
7758353,regular
7758353,regular
7761744,regular
7761744,regular
7761744,regular
7761744,regular
7762370,regular
7762370,regular
7762370,regular
7762370,regular
7763426,regular
7763426,regular
7763426,regular
7763426,regular
7768076,regular
7770012,regular
7773873,regular
7635379,deviant
7635379,deviant
7762370,regular
5986829,deviant
5986829,deviant
5986829,deviant
5986829,deviant
5986829,deviant
5986829,deviant
5986829,deviant
5986829,deviant
5986829,deviant
5986829,deviant
5986829,deviant
5986829,deviant
5986829,deviant
5986829,deviant
5986829,deviant
5986829,deviant
5986829,deviant
5986829,deviant
5986829,deviant
5986829,deviant
5986829,deviant
5986829,deviant
5986829,deviant
5986829,deviant
5986829,deviant
7606825,deviant
7606825,deviant
7606825,deviant
7768076,regular
7768076,regular
7768076,regular
7768076,regular
7770012,regular
7770012,regular
7770012,regular
7770012,regular
5986829,deviant
5986829,deviant
7768076,regular
7770012,regular
5986829,deviant
5986829,deviant
5718151,deviant
5718151,deviant
5718151,deviant
5718151,deviant
5718151,deviant
5718151,deviant
5718151,deviant
5718151,deviant
5718151,deviant
5718151,deviant
5718151,deviant
5718151,deviant
5718151,deviant
5718151,deviant
5718151,deviant
5718151,deviant
5986829,deviant
5986829,deviant
5986829,deviant
5986829,deviant
7676966,regular
7676966,regular
7773873,regular
7773873,regular
7773873,regular
7773873,regular
7773873,regular
5718151,deviant
5718151,deviant
5718151,deviant
5718151,deviant
7686611,regular
7686611,regular
7686611,regular
7686611,regular
7708006,regular
7708006,regular
7708006,regular
7317989,deviant
7317989,deviant
7317989,deviant
7317989,deviant
7317989,deviant
7317989,deviant
7317989,deviant
7317989,deviant
7317989,deviant
7317989,deviant
7317989,deviant
7795680,deviant
7803974,regular
7805371,deviant
7804821,deviant
7138948,deviant
7138948,deviant
7138948,deviant
7138948,deviant
7138948,deviant
7138948,deviant
7138948,deviant
7138948,deviant
7138948,deviant
7138948,deviant
7138948,deviant
7138948,deviant
7138948,deviant
7244750,regular
7244750,regular
7244750,regular
7244750,regular
7244750,regular
7244750,regular
7244750,regular
7244750,regular
7244750,regular
7244750,regular
7244750,regular
7317989,deviant
7317989,deviant
7317989,deviant
7317989,deviant
7317989,deviant
7317989,deviant
7317989,deviant
7317989,deviant
7317989,deviant
7317989,deviant
7317989,deviant
7317989,deviant
7577584,regular
7577584,regular
7577584,regular
7577584,regular
7577584,regular
7577584,regular
7577584,regular
7577584,regular
7577584,regular
7577584,regular
7606825,deviant
7606825,deviant
7606825,deviant
7606825,deviant
7619317,regular
7619317,regular
7619317,regular
7619317,regular
7619317,regular
7619317,regular
7620122,regular
7620122,regular
7620122,regular
7620122,regular
7795680,deviant
7795680,deviant
7795680,deviant
7795680,deviant
7821273,regular
7317989,deviant
7317989,deviant
7577584,regular
7795680,deviant
7138948,deviant
7138948,deviant
7619317,regular
7585379,regular
7585379,regular
7585379,regular
7585379,regular
7585379,regular
7585379,regular
7585379,regular
7585379,regular
7585379,regular
7585379,regular
7585379,regular
7585379,regular
7585379,regular
7585379,regular
7617280,regular
7617280,regular
7617280,regular
7617280,regular
7617280,regular
7617280,regular
7617280,regular
7617280,regular
7617280,regular
7617280,regular
7617280,regular
7617280,regular
7617280,regular
7617280,regular
7617280,regular
7617280,regular
7617280,regular
7617280,regular
7617280,regular
7617280,regular
7617280,regular
7617280,regular
7617280,regular
7617280,regular
7617280,regular
7617280,regular
7647891,regular
7647891,regular
7647891,regular
7647891,regular
7702566,regular
7702566,regular
7702566,regular
7702566,regular
7803974,regular
7803974,regular
7803974,regular
7803974,regular
7804821,deviant
7804821,deviant
7804821,deviant
7804821,deviant
7805371,deviant
7805371,deviant
7805371,deviant
7805371,deviant
7818657,regular
7702566,regular
7585379,regular
7803974,regular
7804821,deviant
7805371,deviant
7591057,regular
7591057,regular
7591057,regular
7591057,regular
7591057,regular
7591057,regular
7591057,regular
7591057,regular
7591057,regular
7591057,regular
7591057,regular
7591057,regular
7591057,regular
7591057,regular
7591057,regular
7591057,regular
7591057,regular
7591057,regular
7591057,regular
7591057,regular
7591057,regular
7591057,regular
7591057,regular
7591057,regular
7591057,regular
7591057,regular
7591057,regular
7591057,regular
7591057,regular
7617280,regular
7617280,regular
7617280,regular
7617280,regular
7617280,regular
7617280,regular
7617280,regular
7617280,regular
7617280,regular
7647123,deviant
7647123,deviant
7647123,deviant
7647123,deviant
7647123,deviant
7647123,deviant
7647123,deviant
7647123,deviant
7647123,deviant
7647123,deviant
7647123,deviant
7647123,deviant
7647123,deviant
7647123,deviant
7647123,deviant
7647123,deviant
7647123,deviant
7647123,deviant
7647123,deviant
7647123,deviant
7647123,deviant
7647123,deviant
7647123,deviant
7647123,deviant
7676966,regular
7676966,regular
7676966,regular
7676966,regular
7676966,regular
7676966,regular
7676966,regular
7676966,regular
7676966,regular
7702566,regular
7702566,regular
7702566,regular
7739091,regular
7739091,regular
7739091,regular
7739091,regular
7739091,regular
7739091,regular
7739091,regular
7739091,regular
7739091,regular
7739091,regular
7739091,regular
7739091,regular
7739091,regular
7739091,regular
7739091,regular
7739091,regular
7739091,regular
7739091,regular
7739091,regular
7739091,regular
7739091,regular
7739091,regular
7739091,regular
7739091,regular
7739091,regular
7739091,regular
7739091,regular
7739091,regular
7739091,regular
7740805,regular
7740805,regular
7740805,regular
7740805,regular
7740805,regular
7740805,regular
7740805,regular
7740805,regular
7740805,regular
7740805,regular
7740805,regular
7740805,regular
7740805,regular
7740805,regular
7740805,regular
7740805,regular
7740805,regular
7740805,regular
7740805,regular
7740805,regular
7740805,regular
7740805,regular
7740805,regular
7740805,regular
7740805,regular
7740805,regular
7740805,regular
7740805,regular
7740805,regular
7740805,regular
7740805,regular
7740805,regular
7740805,regular
7740805,regular
7740805,regular
7818657,regular
7818657,regular
7818657,regular
7818657,regular
7617280,regular
7591057,regular
7591057,regular
7647123,deviant
7739091,regular
7740805,regular
7740805,regular
7818657,regular
5718151,deviant
5718151,deviant
5729811,regular
5729811,regular
5729811,regular
5729811,regular
5729811,regular
5729811,regular
5729811,regular
5729811,regular
5729811,regular
7636239,regular
7636239,regular
7636239,regular
7636239,regular
7636239,regular
7636239,regular
7636239,regular
7636239,regular
7636239,regular
7636239,regular
7636239,regular
7636239,regular
7636239,regular
7636239,regular
7636239,regular
7636239,regular
7636239,regular
7636239,regular
7636239,regular
7636239,regular
7636239,regular
7636239,regular
7636239,regular
7636239,regular
7636239,regular
7647891,regular
7647891,regular
7647891,regular
7647891,regular
7647891,regular
7647891,regular
7647891,regular
7647891,regular
7647891,regular
7647891,regular
7647891,regular
7647891,regular
7647891,regular
7647891,regular
7647891,regular
7647891,regular
7647891,regular
7647891,regular
7647891,regular
7647891,regular
7647891,regular
7647891,regular
7647891,regular
7647891,regular
7675253,regular
7675253,regular
7675253,regular
7675253,regular
7675253,regular
7675253,regular
7675253,regular
7675253,regular
7675253,regular
7675253,regular
7675253,regular
7675253,regular
7675253,regular
7675253,regular
7675253,regular
7675253,regular
7675253,regular
7675253,regular
7675253,regular
7675253,regular
7675253,regular
7675253,regular
7676427,regular
7676427,regular
7676427,regular
7676427,regular
7676427,regular
7676427,regular
7676427,regular
7676427,regular
7676427,regular
7676427,regular
7676427,regular
7676427,regular
7676427,regular
7676427,regular
7676427,regular
7676427,regular
7676427,regular
7676427,regular
7676427,regular
7676427,regular
7676427,regular
7676427,regular
7676427,regular
7676427,regular
7676427,regular
7676427,regular
7676427,regular
7676427,regular
7676427,regular
7676427,regular
7676427,regular
7676427,regular
7676427,regular
7676427,regular
7676427,regular
7676427,regular
7676427,regular
7676427,regular
7676427,regular
7676427,regular
7676427,regular
7676427,regular
7676427,regular
7676427,regular
7686611,regular
7686611,regular
7686611,regular
7686611,regular
7686611,regular
7686611,regular
7686611,regular
7686611,regular
7686611,regular
7686611,regular
7686611,regular
7686611,regular
7686611,regular
7686611,regular
7686611,regular
7686611,regular
7686611,regular
7686611,regular
7686611,regular
7702002,deviant
7702002,deviant
7702002,deviant
7702002,deviant
7702002,deviant
7702002,deviant
7702002,deviant
7702002,deviant
7702002,deviant
7702002,deviant
7702002,deviant
7702002,deviant
7702002,deviant
7702002,deviant
7702002,deviant
7702002,deviant
7702002,deviant
7702002,deviant
7702002,deviant
7702002,deviant
7702002,deviant
7702002,deviant
7702002,deviant
7702002,deviant
7702002,deviant
7702002,deviant
7702002,deviant
7702002,deviant
7702002,deviant
7702002,deviant
7702002,deviant
7821273,regular
7821273,regular
7821273,regular
7821273,regular
7848532,regular
7860758,deviant
7647891,regular
7821273,regular
7676427,regular
7676427,regular
7676427,regular
7676427,regular
7636239,regular
7702002,deviant
7702002,deviant
7702002,deviant
7607369,regular
7607369,regular
7619317,regular
7619317,regular
7607369,regular
7619317,regular
7852374,deviant
7291861,deviant
7291861,deviant
7291861,deviant
7291861,deviant
7291861,deviant
7291861,deviant
7291861,deviant
7291861,deviant
7606825,deviant
7606825,deviant
7606825,deviant
7606825,deviant
7606825,deviant
7606825,deviant
7606825,deviant
7606825,deviant
7606825,deviant
7606825,deviant
7675253,regular
7675253,regular
7675253,regular
7675253,regular
7675253,regular
7675253,regular
7675253,regular
7686611,regular
7686611,regular
7686611,regular
7686611,regular
7730180,regular
7730180,regular
7730180,regular
7730180,regular
7730180,regular
7730180,regular
7730180,regular
7730180,regular
7730180,regular
7730180,regular
7730180,regular
7730180,regular
7730180,regular
7730180,regular
7730180,regular
7730180,regular
7730180,regular
7730180,regular
7730180,regular
7730180,regular
7730180,regular
7730180,regular
7730180,regular
7730180,regular
7730180,regular
7730180,regular
7730180,regular
7730180,regular
7730180,regular
7730180,regular
7730180,regular
7730180,regular
7730180,regular
7730180,regular
7730180,regular
7763426,regular
7763426,regular
7763426,regular
7763426,regular
7763426,regular
7763426,regular
7763426,regular
7763426,regular
7856451,regular
7857306,regular
7606825,deviant
7686611,regular
7730180,regular
7730180,regular
7730180,regular
7675253,regular
7291861,deviant
7291861,deviant
7291861,deviant
7449085,deviant
7449085,deviant
7449085,deviant
7449085,deviant
7449085,deviant
7449085,deviant
7449085,deviant
7449085,deviant
7449085,deviant
7449085,deviant
7449085,deviant
7449085,deviant
7449085,deviant
7449085,deviant
7449085,deviant
7449085,deviant
7449085,deviant
7460241,deviant
7460241,deviant
7460241,deviant
7460241,deviant
7460241,deviant
7460241,deviant
7460241,deviant
7460241,deviant
7460241,deviant
7460241,deviant
7460241,deviant
7460241,deviant
7460241,deviant
7460241,deviant
7460241,deviant
7460241,deviant
7460241,deviant
7460241,deviant
7460241,deviant
7460241,deviant
7460241,deviant
7460241,deviant
7460241,deviant
7460241,deviant
7460241,deviant
7460241,deviant
7696513,regular
7696513,regular
7696513,regular
7696513,regular
7696513,regular
7696513,regular
7696513,regular
7696513,regular
7696513,regular
7696513,regular
7696513,regular
7696513,regular
7696513,regular
7696513,regular
7696513,regular
7696513,regular
7696513,regular
7696513,regular
7696513,regular
7696513,regular
7696513,regular
7696513,regular
7697517,deviant
7697517,deviant
7697517,deviant
7697517,deviant
7697517,deviant
7697517,deviant
7697517,deviant
7697517,deviant
7697517,deviant
7697517,deviant
7697517,deviant
7697517,deviant
7697517,deviant
7697517,deviant
7697517,deviant
7697517,deviant
7749994,regular
7749994,regular
7749994,regular
7749994,regular
7749994,regular
7749994,regular
7749994,regular
7749994,regular
7749994,regular
7749994,regular
7749994,regular
7749994,regular
7749994,regular
7749994,regular
7749994,regular
7749994,regular
7749994,regular
7749994,regular
7749994,regular
7749994,regular
7749994,regular
7749994,regular
7749994,regular
7749994,regular
7749994,regular
7749994,regular
7749994,regular
7749994,regular
7749994,regular
7749994,regular
7749994,regular
7749994,regular
7749994,regular
7749994,regular
7752293,regular
7752293,regular
7752293,regular
7752293,regular
7752293,regular
7752293,regular
7752293,regular
7752293,regular
7752293,regular
7752293,regular
7752293,regular
7752293,regular
7752293,regular
7752293,regular
7752293,regular
7752293,regular
7752293,regular
7752293,regular
7752293,regular
7752293,regular
7752293,regular
7752293,regular
7752293,regular
7752293,regular
7752293,regular
7752293,regular
7752293,regular
7752293,regular
7752293,regular
7752293,regular
7752293,regular
7752293,regular
7752293,regular
7752293,regular
7752293,regular
7758353,regular
7758353,regular
7758353,regular
7758353,regular
7758353,regular
7758353,regular
7758353,regular
7758353,regular
7758353,regular
7758353,regular
7758353,regular
7758353,regular
7758353,regular
7758353,regular
7758353,regular
7758353,regular
7758353,regular
7758353,regular
7758353,regular
7758353,regular
7758353,regular
7758353,regular
7758353,regular
7758353,regular
7758353,regular
7758353,regular
7758353,regular
7758353,regular
7758353,regular
7758353,regular
7758353,regular
7758353,regular
7758353,regular
7758353,regular
7758353,regular
7763426,regular
7768076,regular
7768076,regular
7768076,regular
7768076,regular
7768076,regular
7768076,regular
7768076,regular
7768076,regular
7768076,regular
7768076,regular
7768076,regular
7768076,regular
7768076,regular
7768076,regular
7768076,regular
7768076,regular
7768076,regular
7768076,regular
7768076,regular
7768076,regular
7768076,regular
7768076,regular
7768076,regular
7768076,regular
7768076,regular
7768076,regular
7768076,regular
7768076,regular
7768076,regular
7768076,regular
7768076,regular
7768076,regular
7768076,regular
7768076,regular
7770012,regular
7770012,regular
7770012,regular
7770012,regular
7770012,regular
7770012,regular
7770012,regular
7770012,regular
7770012,regular
7770012,regular
7770012,regular
7770012,regular
7770012,regular
7770012,regular
7770012,regular
7770012,regular
7770012,regular
7770012,regular
7770012,regular
7770012,regular
7770012,regular
7770012,regular
7770012,regular
7770012,regular
7770012,regular
7770012,regular
7770012,regular
7770012,regular
7770012,regular
7770012,regular
7770012,regular
7770012,regular
7770012,regular
7770012,regular
7858035,regular
7460241,deviant
7460241,deviant
7460241,deviant
7770012,regular
7770012,regular
7697517,deviant
7749994,regular
7749994,regular
7752293,regular
7752293,regular
7758353,regular
7758353,regular
7768076,regular
7768076,regular
7291861,deviant
7291861,deviant
7291861,deviant
7291861,deviant
7291861,deviant
7291861,deviant
7291861,deviant
7291861,deviant
7291861,deviant
7291861,deviant
7329167,deviant
7329167,deviant
7329167,deviant
7329167,deviant
7329167,deviant
7329167,deviant
7329167,deviant
7329167,deviant
7329167,deviant
7329167,deviant
7329167,deviant
7329167,deviant
7329167,deviant
7329167,deviant
7329167,deviant
7329167,deviant
7329167,deviant
7329167,deviant
7329167,deviant
7329167,deviant
7449085,deviant
7449085,deviant
7449085,deviant
7449085,deviant
7449085,deviant
7449085,deviant
7449085,deviant
7460241,deviant
7460241,deviant
7460241,deviant
7460241,deviant
7460241,deviant
7460241,deviant
7460241,deviant
7607369,regular
7607369,regular
7607369,regular
7607369,regular
7607369,regular
7607369,regular
7607369,regular
7607369,regular
7607369,regular
7607369,regular
7607369,regular
7607369,regular
7607369,regular
7607369,regular
7607369,regular
7607369,regular
7607369,regular
7607369,regular
7607369,regular
7607369,regular
7607369,regular
7607369,regular
7607369,regular
7607369,regular
7607369,regular
7686611,regular
7686611,regular
7686611,regular
7686611,regular
7686611,regular
7686611,regular
7686611,regular
7686611,regular
7696513,regular
7696513,regular
7696513,regular
7696513,regular
7696513,regular
7696513,regular
7696513,regular
7696513,regular
7696513,regular
7696513,regular
7763426,regular
7763426,regular
7848532,regular
7848532,regular
7848532,regular
7848532,regular
7852374,deviant
7852374,deviant
7852374,deviant
7852374,deviant
7686611,regular
7848532,regular
7696513,regular
7449085,deviant
7291861,deviant
7460241,deviant
7852374,deviant
7607369,regular
7329167,deviant
7329167,deviant
7329167,deviant
7329167,deviant
7329167,deviant
7329167,deviant
7329167,deviant
7329167,deviant
7329167,deviant
7329167,deviant
7728100,regular
7728100,regular
7728100,regular
7728100,regular
7728100,regular
7763426,regular
7795680,deviant
7795680,deviant
7795680,deviant
7795680,deviant
7795680,deviant
7795680,deviant
7795680,deviant
7795680,deviant
7795680,deviant
7795680,deviant
7795680,deviant
7795680,deviant
7856451,regular
7856451,regular
7856451,regular
7856451,regular
7857306,regular
7857306,regular
7857306,regular
7857306,regular
7858035,regular
7858035,regular
7858035,regular
7858035,regular
7860758,deviant
7860758,deviant
7860758,deviant
7860758,deviant
7856451,regular
7857306,regular
7858035,regular
7795680,deviant
7329167,deviant
7860758,deviant
7728100,regular
7728100,regular
7728100,regular
7728100,regular
7728100,regular
7728100,regular
7728100,regular
7728100,regular
7728100,regular
7728100,regular
7728100,regular
7728100,regular
7728100,regular
7728100,regular
7728100,regular
7728100,regular
7728100,regular
7728100,regular
7728100,regular
7728100,regular
7697517,deviant
7872448,regular
7585379,regular
7585379,regular
7585379,regular
7585379,regular
7585379,regular
7728100,regular
7728100,regular
7728100,regular
7728100,regular
7728100,regular
7728100,regular
7728100,regular
7728100,regular
7728100,regular
7728100,regular
7872448,regular
7872448,regular
7872448,regular
7728100,regular
7460241,deviant
7460241,deviant
7460241,deviant
7460241,deviant
7460241,deviant
7460241,deviant
7460241,deviant
7460241,deviant
7857306,regular
7857306,regular
7857306,regular
7857306,regular
7893614,deviant
7460241,deviant
7460241,deviant
7460241,deviant
7460241,deviant
7460241,deviant
7460241,deviant
7460241,deviant
7460241,deviant
7460241,deviant
7460241,deviant
7460241,deviant
7460241,deviant
7698946,regular
7698946,regular
7698946,regular
7698946,regular
7740261,deviant
7740261,deviant
7740261,deviant
7740261,deviant
7740261,deviant
7740261,deviant
7740261,deviant
7740261,deviant
7740261,deviant
7740261,deviant
7740261,deviant
7740261,deviant
7740261,deviant
7750264,regular
7750264,regular
7750264,regular
7750264,regular
7761744,regular
7761744,regular
7761744,regular
7761744,regular
7761744,regular
7761744,regular
7773873,regular
7773873,regular
7773873,regular
7773873,regular
7773873,regular
7773873,regular
7773873,regular
7803974,regular
7803974,regular
7803974,regular
7803974,regular
7803974,regular
7804821,deviant
7804821,deviant
7804821,deviant
7804821,deviant
7804821,deviant
7804821,deviant
7804821,deviant
7804821,deviant
7804821,deviant
7804821,deviant
7804821,deviant
7804821,deviant
7805371,deviant
7805371,deviant
7805371,deviant
7805371,deviant
7805371,deviant
7805371,deviant
7805371,deviant
7805371,deviant
7805371,deviant
7805371,deviant
7805371,deviant
7805371,deviant
7818657,regular
7818657,regular
7818657,regular
7818657,regular
7818657,regular
7852374,deviant
7852374,deviant
7852374,deviant
7852374,deviant
7852374,deviant
7852374,deviant
7852374,deviant
7852374,deviant
7852374,deviant
7852374,deviant
7852374,deviant
7852374,deviant
7856451,regular
7856451,regular
7856451,regular
7856451,regular
7740261,deviant
7804821,deviant
7805371,deviant
7460241,deviant
7460241,deviant
7852374,deviant
7244750,regular
7244750,regular
7244750,regular
7244750,regular
7244750,regular
7244750,regular
7244750,regular
7244750,regular
7893614,deviant
7893614,deviant
7893614,deviant
7244750,regular
7244750,regular
7607369,regular
7607369,regular
7702566,regular
7702566,regular
7702566,regular
7702566,regular
7702566,regular
7702566,regular
7702566,regular
7702566,regular
7702566,regular
7702566,regular
7702566,regular
7702566,regular
7702566,regular
7702566,regular
7740261,deviant
7740261,deviant
7860758,deviant
7860758,deviant
7860758,deviant
7860758,deviant
7860758,deviant
7860758,deviant
7860758,deviant
7860758,deviant
7860758,deviant
7860758,deviant
7860758,deviant
7860758,deviant
7907627,regular
7702566,regular
7740261,deviant
7860758,deviant
7607369,regular
7607369,regular
7607369,regular
7607369,regular
7761744,regular
7761744,regular
7761744,regular
7761744,regular
7761744,regular
7761744,regular
7761744,regular
7761744,regular
7761744,regular
7761744,regular
7761744,regular
7761744,regular
7761744,regular
7761744,regular
7761744,regular
7761744,regular
7761744,regular
7761744,regular
7761744,regular
7761744,regular
7761744,regular
7761744,regular
7761744,regular
7761744,regular
7761744,regular
7761744,regular
7761744,regular
7761744,regular
7761744,regular
7773873,regular
7773873,regular
7773873,regular
7773873,regular
7773873,regular
7773873,regular
7773873,regular
7773873,regular
7773873,regular
7773873,regular
7773873,regular
7773873,regular
7773873,regular
7773873,regular
7773873,regular
7773873,regular
7773873,regular
7773873,regular
7773873,regular
7773873,regular
7773873,regular
7773873,regular
7773873,regular
7773873,regular
7773873,regular
7773873,regular
7773873,regular
7818657,regular
7818657,regular
7818657,regular
7818657,regular
7818657,regular
7818657,regular
7818657,regular
7818657,regular
7818657,regular
7818657,regular
7818657,regular
7818657,regular
7818657,regular
7818657,regular
7818657,regular
7856451,regular
7856451,regular
7856451,regular
7856451,regular
7856451,regular
7856451,regular
7856451,regular
7856451,regular
7856451,regular
7856451,regular
7856451,regular
7856451,regular
7856451,regular
7856451,regular
7856451,regular
7856451,regular
7856451,regular
7856451,regular
7856451,regular
7856451,regular
7856451,regular
7858035,regular
7858035,regular
7858035,regular
7858035,regular
7872448,regular
7872448,regular
7872448,regular
7872448,regular
7872448,regular
7907627,regular
7907627,regular
7907627,regular
7907627,regular
7818657,regular
7907627,regular
7761744,regular
7761744,regular
7607369,regular
7773873,regular
7773873,regular
7607369,regular
7607369,regular
7607369,regular
7607369,regular
7607369,regular
7607369,regular
7607369,regular
7607369,regular
7619317,regular
7619317,regular
7619317,regular
7619317,regular
7619317,regular
7619317,regular
7619317,regular
7619317,regular
7619317,regular
7619317,regular
7619317,regular
7619317,regular
7619317,regular
7619317,regular
7619317,regular
7619317,regular
7619317,regular
7619317,regular
7619317,regular
7619317,regular
7619317,regular
7619317,regular
7619317,regular
7619317,regular
7619317,regular
7619317,regular
7619317,regular
7619317,regular
7697517,deviant
7697517,deviant
7697517,deviant
7697517,deviant
7697517,deviant
7697517,deviant
7697517,deviant
7697517,deviant
7697517,deviant
7697517,deviant
7697517,deviant
7697517,deviant
7697517,deviant
7697517,deviant
7697517,deviant
7697517,deviant
7697517,deviant
7697517,deviant
7697517,deviant
7697517,deviant
7697517,deviant
7697517,deviant
7697517,deviant
7697517,deviant
7697517,deviant
7697517,deviant
7697517,deviant
7697517,deviant
7856451,regular
7856451,regular
7856451,regular
7856451,regular
7856451,regular
7856451,regular
7856451,regular
7856451,regular
7856451,regular
7856451,regular
7697517,deviant
7619317,regular
7607369,regular
7856451,regular
7697517,deviant
7620122,regular
7620122,regular
7620122,regular
7620122,regular
7620122,regular
7620122,regular
7620122,regular
7620122,regular
7620122,regular
7620122,regular
7620122,regular
7702566,regular
7738250,regular
7738250,regular
7738250,regular
7738250,regular
7738250,regular
7738250,regular
7738250,regular
7821273,regular
7821273,regular
7821273,regular
7821273,regular
7821273,regular
7620122,regular
7620122,regular
7803974,regular
7803974,regular
7803974,regular
7803974,regular
7803974,regular
7803974,regular
7803974,regular
7803974,regular
7803974,regular
7803974,regular
7803974,regular
7803974,regular
7803974,regular
7803974,regular
7803974,regular
7803974,regular
7803974,regular
7931294,regular
7932398,regular
7936192,deviant
7698946,regular
7698946,regular
7698946,regular
7698946,regular
7698946,regular
7698946,regular
7762370,regular
7762370,regular
7762370,regular
7762370,regular
7762370,regular
7762370,regular
7762370,regular
7803974,regular
7803974,regular
7803974,regular
7803974,regular
7803974,regular
7803974,regular
7803974,regular
7803974,regular
7803974,regular
7803974,regular
7803974,regular
7803974,regular
7848532,regular
7860758,deviant
7860758,deviant
7860758,deviant
7860758,deviant
7860758,deviant
7860758,deviant
7860758,deviant
7860758,deviant
7907627,regular
7907627,regular
7907627,regular
7907627,regular
7907627,regular
7907627,regular
7907627,regular
7907627,regular
7907627,regular
7907627,regular
7907627,regular
7907627,regular
7907627,regular
7907627,regular
7907627,regular
7907627,regular
7907627,regular
7907627,regular
7907627,regular
7907627,regular
7931294,regular
7931294,regular
7931294,regular
7932398,regular
7932398,regular
7932398,regular
7944779,regular
7860758,deviant
7803974,regular
7803974,regular
6033123,deviant
6033123,deviant
6033123,deviant
6033123,deviant
6033123,deviant
6033123,deviant
6033123,deviant
6033123,deviant
6033123,deviant
6033123,deviant
6033123,deviant
6033123,deviant
6033123,deviant
6033123,deviant
6033123,deviant
6033123,deviant
6033123,deviant
6033123,deviant
6033123,deviant
6033123,deviant
6033123,deviant
6033123,deviant
6033123,deviant
6033123,deviant
7647891,regular
7647891,regular
7647891,regular
7647891,regular
7647891,regular
7647891,regular
7647891,regular
7647891,regular
7647891,regular
7647891,regular
7647891,regular
7708006,regular
7708006,regular
7708006,regular
7708006,regular
7708006,regular
7708006,regular
7804821,deviant
7804821,deviant
7907627,regular
7907627,regular
7907627,regular
7907627,regular
7907627,regular
7907627,regular
7907627,regular
7907627,regular
7907627,regular
7907627,regular
7907627,regular
7907627,regular
7907627,regular
7907627,regular
7936192,deviant
7936192,deviant
7936192,deviant
7936192,deviant
7647891,regular
7647891,regular
7708006,regular
7708006,regular
7936192,deviant
6033123,deviant
7804821,deviant
7907627,regular
7907627,regular
7606825,deviant
7606825,deviant
7606825,deviant
7606825,deviant
7606825,deviant
7606825,deviant
7606825,deviant
7606825,deviant
7606825,deviant
7606825,deviant
7606825,deviant
7606825,deviant
7606825,deviant
7606825,deviant
7606825,deviant
7606825,deviant
7606825,deviant
7606825,deviant
7606825,deviant
7606825,deviant
7606825,deviant
7606825,deviant
7606825,deviant
7606825,deviant
7606825,deviant
7606825,deviant
7606825,deviant
7619317,regular
7619317,regular
7619317,regular
7619317,regular
7619317,regular
7619317,regular
7619317,regular
7619317,regular
7619317,regular
7619317,regular
7619317,regular
7619317,regular
7698946,regular
7698946,regular
7698946,regular
7698946,regular
7698946,regular
7698946,regular
7698946,regular
7698946,regular
7698946,regular
7698946,regular
7698946,regular
7698946,regular
7702566,regular
7702566,regular
7702566,regular
7804821,deviant
7804821,deviant
7804821,deviant
7804821,deviant
7804821,deviant
7804821,deviant
7804821,deviant
7804821,deviant
7804821,deviant
7804821,deviant
7804821,deviant
7804821,deviant
7804821,deviant
7804821,deviant
7804821,deviant
7804821,deviant
7804821,deviant
7804821,deviant
7804821,deviant
7804821,deviant
7804821,deviant
7804821,deviant
7804821,deviant
7804821,deviant
7804821,deviant
7804821,deviant
7804821,deviant
7804821,deviant
7804821,deviant
7818657,regular
7944779,regular
7944779,regular
7944779,regular
7619317,regular
7804821,deviant
7804821,deviant
7606825,deviant
7606825,deviant
7619317,regular
7698946,regular
7698946,regular
7698946,regular
7698946,regular
7698946,regular
7698946,regular
7698946,regular
7698946,regular
7698946,regular
7698946,regular
7698946,regular
7698946,regular
7702566,regular
7702566,regular
7702566,regular
7702566,regular
7702566,regular
7702566,regular
7702566,regular
7702566,regular
7702566,regular
7702566,regular
7702566,regular
7702566,regular
7698946,regular
7698946,regular
7702566,regular
7702566,regular
7702566,regular
7702566,regular
7702566,regular
7702566,regular
7702566,regular
7702566,regular
7702566,regular
7702566,regular
7702566,regular
7702566,regular
7821273,regular
7821273,regular
7821273,regular
7821273,regular
7821273,regular
7821273,regular
7821273,regular
7821273,regular
7821273,regular
7821273,regular
7821273,regular
7821273,regular
7821273,regular
7821273,regular
7821273,regular
7821273,regular
7821273,regular
7821273,regular
7821273,regular
7821273,regular
7857306,regular
7857306,regular
7857306,regular
7857306,regular
7857306,regular
7857306,regular
7857306,regular
7857306,regular
7857306,regular
7857306,regular
7857306,regular
7857306,regular
7857306,regular
7857306,regular
7857306,regular
7857306,regular
7860758,deviant
7860758,deviant
7860758,deviant
7860758,deviant
7860758,deviant
7860758,deviant
7860758,deviant
7860758,deviant
7860758,deviant
7872448,regular
7872448,regular
7872448,regular
7872448,regular
7872448,regular
7872448,regular
7872448,regular
7872448,regular
7872448,regular
7872448,regular
7872448,regular
7872448,regular
7872448,regular
7872448,regular
7872448,regular
7872448,regular
7932398,regular
7932398,regular
7932398,regular
7932398,regular
7932398,regular
7932398,regular
7932398,regular
7932398,regular
7960536,regular
7960536,regular
7960536,regular
7960536,regular
7960536,regular
7702566,regular
7702566,regular
7960536,regular
5729811,regular
5729811,regular
5729811,regular
5729811,regular
5729811,regular
5729811,regular
5729811,regular
5729811,regular
5729811,regular
5729811,regular
6758997,deviant
6758997,deviant
7740261,deviant
7740261,deviant
7740261,deviant
7740261,deviant
7740261,deviant
7740261,deviant
7740261,deviant
7740261,deviant
7740261,deviant
7740261,deviant
7740261,deviant
7740261,deviant
7740261,deviant
7740261,deviant
7740261,deviant
7740261,deviant
7740261,deviant
7740261,deviant
7740261,deviant
7740261,deviant
7740261,deviant
7740261,deviant
7740261,deviant
7740261,deviant
7740261,deviant
7740261,deviant
7740261,deviant
7740261,deviant
7740261,deviant
7821273,regular
7821273,regular
7821273,regular
7821273,regular
7821273,regular
7821273,regular
7821273,regular
7821273,regular
7821273,regular
7821273,regular
7931294,regular
7931294,regular
7931294,regular
7931294,regular
7931294,regular
7936192,deviant
7936192,deviant
7936192,deviant
7936192,deviant
7936192,deviant
7936192,deviant
7936192,deviant
6758997,deviant
7740261,deviant
7740261,deviant
7821273,regular
7931294,regular
7818657,regular
7818657,regular
7818657,regular
7818657,regular
7818657,regular
7818657,regular
7818657,regular
7857306,regular
7857306,regular
7857306,regular
7857306,regular
7857306,regular
7857306,regular
7857306,regular
7857306,regular
7857306,regular
7857306,regular
7857306,regular
7857306,regular
7857306,regular
7857306,regular
7860758,deviant
7860758,deviant
7860758,deviant
7860758,deviant
7860758,deviant
7860758,deviant
7860758,deviant
7860758,deviant
7860758,deviant
7860758,deviant
7860758,deviant
7860758,deviant
7860758,deviant
7860758,deviant
7872448,regular
7872448,regular
7872448,regular
7872448,regular
7872448,regular
7872448,regular
7872448,regular
7872448,regular
7872448,regular
7872448,regular
7872448,regular
7872448,regular
7872448,regular
7872448,regular
7872448,regular
7872448,regular
7860758,deviant
7860758,deviant
7857306,regular
7857306,regular
7818657,regular
7818657,regular
7818657,regular
7818657,regular
7818657,regular
7818657,regular
7818657,regular
7818657,regular
7893614,deviant
7893614,deviant
7893614,deviant
7893614,deviant
7893614,deviant
7893614,deviant
7893614,deviant
7893614,deviant
7893614,deviant
7893614,deviant
7893614,deviant
7893614,deviant
7893614,deviant
7973990,deviant
7973990,deviant
7973990,deviant
7973990,deviant
7973990,deviant
7978818,deviant
7973990,deviant
7893614,deviant
7818657,regular
7818657,regular
7818657,regular
7818657,regular
7818657,regular
7818657,regular
7818657,regular
7818657,regular
7818657,regular
7818657,regular
7818657,regular
7818657,regular
7944779,regular
7944779,regular
7944779,regular
7944779,regular
7944779,regular
7978818,deviant
7978818,deviant
7978818,deviant
7978818,deviant
7944779,regular
7818657,regular
7818657,regular
7978818,deviant
7738250,regular
7738250,regular
7738250,regular
7738250,regular
7738250,regular
7738250,regular
7738250,regular
7795680,deviant
7795680,deviant
7795680,deviant
7795680,deviant
7795680,deviant
7795680,deviant
7932398,regular
7932398,regular
7932398,regular
7932398,regular
7932398,regular
7932398,regular
7932398,regular
7932398,regular
7932398,regular
7932398,regular
7932398,regular
7932398,regular
7932398,regular
7960536,regular
7960536,regular
7960536,regular
7960536,regular
7960536,regular
7996268,regular
5578213,regular
5578213,regular
5578213,regular
5578213,regular
5578213,regular
5578213,regular
5578213,regular
5578213,regular
5578213,regular
5578213,regular
5578213,regular
7445278,deviant
7606825,deviant
8001495,regular
8002600,regular
5578213,regular
5578213,regular
7763426,regular
7763426,regular
7763426,regular
7763426,regular
7763426,regular
7763426,regular
7763426,regular
7763426,regular
7763426,regular
7763426,regular
7848532,regular
7848532,regular
7848532,regular
7848532,regular
7848532,regular
7848532,regular
7848532,regular
7848532,regular
7848532,regular
7848532,regular
7848532,regular
7848532,regular
7848532,regular
7848532,regular
7848532,regular
7848532,regular
7848532,regular
7848532,regular
7848532,regular
7848532,regular
7848532,regular
7893614,deviant
7932398,regular
7932398,regular
7932398,regular
7932398,regular
7932398,regular
7932398,regular
7932398,regular
7932398,regular
7932398,regular
7932398,regular
7932398,regular
7932398,regular
7932398,regular
7932398,regular
7996268,regular
7996268,regular
7996268,regular
7996268,regular
7996268,regular
7932398,regular
7932398,regular
7763426,regular
7763426,regular
7763426,regular
7763426,regular
7763426,regular
7763426,regular
7763426,regular
8001495,regular
8001495,regular
8001495,regular
8001495,regular
8002600,regular
8002600,regular
8002600,regular
8010563,regular
8001495,regular
8010563,regular
8010563,regular
8010563,regular
8018636,regular
5986829,deviant
5986829,deviant
5986829,deviant
5986829,deviant
5986829,deviant
5986829,deviant
5986829,deviant
5986829,deviant
5986829,deviant
5986829,deviant
5986829,deviant
6758997,deviant
6758997,deviant
6758997,deviant
6758997,deviant
6758997,deviant
6758997,deviant
6758997,deviant
6758997,deviant
6758997,deviant
6758997,deviant
6758997,deviant
7445278,deviant
7445278,deviant
7445278,deviant
7445278,deviant
7445278,deviant
7445278,deviant
7445278,deviant
7445278,deviant
7445278,deviant
7445278,deviant
7445278,deviant
7445278,deviant
7445278,deviant
7445278,deviant
7763426,regular
7763426,regular
7763426,regular
7763426,regular
7763426,regular
7763426,regular
7763426,regular
7763426,regular
7763426,regular
7763426,regular
7763426,regular
7763426,regular
7763426,regular
7763426,regular
7763426,regular
7763426,regular
7763426,regular
7795680,deviant
7795680,deviant
7805371,deviant
7944779,regular
7944779,regular
7944779,regular
7944779,regular
7944779,regular
7944779,regular
7944779,regular
7944779,regular
7944779,regular
7944779,regular
7944779,regular
7944779,regular
7944779,regular
7944779,regular
7944779,regular
7944779,regular
7944779,regular
7944779,regular
7763426,regular
7445278,deviant
7445278,deviant
6758997,deviant
5578213,regular
5578213,regular
5578213,regular
7848532,regular
7848532,regular
7848532,regular
7848532,regular
7848532,regular
7848532,regular
7848532,regular
7848532,regular
7848532,regular
7848532,regular
7848532,regular
7848532,regular
7944779,regular
7944779,regular
7944779,regular
7944779,regular
7944779,regular
7944779,regular
7944779,regular
7944779,regular
7944779,regular
7944779,regular
7944779,regular
7944779,regular
8018636,regular
8018636,regular
8018636,regular
8018636,regular
7848532,regular
8018636,regular
7848532,regular
7944779,regular
7944779,regular
5718151,deviant
8031855,regular
8032369,regular
5718151,deviant
5718151,deviant
5718151,deviant
5718151,deviant
5718151,deviant
5718151,deviant
5718151,deviant
5718151,deviant
5718151,deviant
5718151,deviant
5718151,deviant
5718151,deviant
5718151,deviant
5718151,deviant
5718151,deviant
5718151,deviant
5718151,deviant
8031855,regular
8031855,regular
8031855,regular
8032369,regular
8032369,regular
8032369,regular
8032369,regular
5718151,deviant
5718151,deviant
5718151,deviant
5718151,deviant
8032369,regular
5729811,regular
5729811,regular
5729811,regular
5729811,regular
5729811,regular
5729811,regular
5729811,regular
5729811,regular
5729811,regular
7852374,deviant
7973990,deviant
7973990,deviant
7973990,deviant
7973990,deviant
8001495,regular
8001495,regular
8001495,regular
8001495,regular
8001495,regular
8001495,regular
8001495,regular
8001495,regular
8001495,regular
8001495,regular
8001495,regular
8001495,regular
8001495,regular
8001495,regular
8010563,regular
8010563,regular
8010563,regular
8010563,regular
8010563,regular
8010563,regular
8010563,regular
8010563,regular
8010563,regular
8010563,regular
8010563,regular
8010563,regular
8010563,regular
8010563,regular
8010563,regular
8048016,regular
8048554,regular
7763426,regular
7763426,regular
7795680,deviant
7795680,deviant
7795680,deviant
7795680,deviant
7795680,deviant
7795680,deviant
7795680,deviant
7795680,deviant
7795680,deviant
7795680,deviant
7795680,deviant
7795680,deviant
7858035,regular
7893614,deviant
7893614,deviant
7893614,deviant
7893614,deviant
7893614,deviant
7893614,deviant
7893614,deviant
7893614,deviant
7893614,deviant
7893614,deviant
7893614,deviant
7893614,deviant
7893614,deviant
7893614,deviant
7893614,deviant
7893614,deviant
7893614,deviant
7936192,deviant
7960536,regular
7960536,regular
7960536,regular
7960536,regular
7960536,regular
7960536,regular
7960536,regular
7960536,regular
7960536,regular
7960536,regular
7960536,regular
7960536,regular
7960536,regular
7960536,regular
7960536,regular
8002600,regular
8002600,regular
8002600,regular
8002600,regular
8002600,regular
8018636,regular
8018636,regular
8018636,regular
8018636,regular
8018636,regular
8049473,deviant
7893614,deviant
7893614,deviant
7893614,deviant
7893614,deviant
7893614,deviant
7893614,deviant
7893614,deviant
7893614,deviant
7893614,deviant
7893614,deviant
7893614,deviant
7893614,deviant
7893614,deviant
7893614,deviant
7960536,regular
7960536,regular
7960536,regular
7960536,regular
7960536,regular
7960536,regular
7960536,regular
7960536,regular
7960536,regular
7960536,regular
7960536,regular
7960536,regular
7960536,regular
7960536,regular
8048016,regular
8048016,regular
8048016,regular
8048016,regular
8048554,regular
8048554,regular
8048554,regular
8048554,regular
8049473,deviant
8049473,deviant
8049473,deviant
8049473,deviant
8084556,regular
7893614,deviant
7893614,deviant
7960536,regular
7960536,regular
8048016,regular
8048554,regular
7763426,regular
7763426,regular
7763426,regular
7858035,regular
7858035,regular
7858035,regular
7858035,regular
7858035,regular
7858035,regular
7858035,regular
7858035,regular
7858035,regular
7858035,regular
7858035,regular
7858035,regular
7858035,regular
7858035,regular
7858035,regular
7858035,regular
7858035,regular
8049473,deviant
7708006,regular
7750264,regular
7750264,regular
7750264,regular
7750264,regular
7750264,regular
7750264,regular
7750264,regular
7750264,regular
7750264,regular
7750264,regular
7750264,regular
7750264,regular
7750264,regular
7750264,regular
7750264,regular
7750264,regular
7750264,regular
7750264,regular
7750264,regular
7750264,regular
7750264,regular
7750264,regular
7750264,regular
7750264,regular
7852374,deviant
7852374,deviant
7852374,deviant
7852374,deviant
7852374,deviant
7852374,deviant
7852374,deviant
7852374,deviant
7852374,deviant
7852374,deviant
7852374,deviant
7852374,deviant
7852374,deviant
7852374,deviant
7852374,deviant
7852374,deviant
7852374,deviant
5729811,regular
5729811,regular
5986829,deviant
5986829,deviant
7763426,regular
7763426,regular
7795680,deviant
7795680,deviant
7795680,deviant
7795680,deviant
7795680,deviant
7795680,deviant
7795680,deviant
7795680,deviant
7795680,deviant
7795680,deviant
7795680,deviant
7795680,deviant
7852374,deviant
7852374,deviant
7852374,deviant
7852374,deviant
7852374,deviant
7852374,deviant
7852374,deviant
7852374,deviant
7852374,deviant
7852374,deviant
7852374,deviant
7852374,deviant
7852374,deviant
7852374,deviant
7858035,regular
7858035,regular
7858035,regular
7858035,regular
7858035,regular
7858035,regular
7858035,regular
7858035,regular
7858035,regular
7858035,regular
7858035,regular
7858035,regular
7996268,regular
7996268,regular
7996268,regular
7996268,regular
7996268,regular
7996268,regular
7996268,regular
7996268,regular
7996268,regular
7996268,regular
7996268,regular
7996268,regular
7996268,regular
7996268,regular
7996268,regular
7996268,regular
7996268,regular
7996268,regular
7996268,regular
7996268,regular
7996268,regular
7996268,regular
8084556,regular
8084556,regular
8084556,regular
8084556,regular
8098090,regular
7795680,deviant
7858035,regular
7858035,regular
8084556,regular
7852374,deviant
7852374,deviant
7795680,deviant
5729811,regular
5729811,regular
5729811,regular
5729811,regular
5729811,regular
5986829,deviant
5986829,deviant
5986829,deviant
5986829,deviant
5986829,deviant
5986829,deviant
5986829,deviant
7763426,regular
7763426,regular
7763426,regular
7763426,regular
7763426,regular
7763426,regular
7763426,regular
7763426,regular
8002600,regular
8002600,regular
8002600,regular
8002600,regular
8002600,regular
8002600,regular
8002600,regular
8002600,regular
8002600,regular
8002600,regular
8002600,regular
8002600,regular
8002600,regular
8002600,regular
8002600,regular
8002600,regular
8101796,regular
7763426,regular
5986829,deviant
5986829,deviant
7805371,deviant
7805371,deviant
7805371,deviant
7931294,regular
7931294,regular
7931294,regular
7931294,regular
7931294,regular
7931294,regular
7931294,regular
7931294,regular
7931294,regular
7931294,regular
7931294,regular
7931294,regular
7931294,regular
7931294,regular
7931294,regular
7931294,regular
7931294,regular
7931294,regular
7996268,regular
7996268,regular
7996268,regular
7996268,regular
7996268,regular
7996268,regular
7996268,regular
7996268,regular
7996268,regular
7996268,regular
7996268,regular
7996268,regular
8002600,regular
8002600,regular
8002600,regular
8002600,regular
8002600,regular
8002600,regular
8002600,regular
8002600,regular
8002600,regular
8002600,regular
8002600,regular
8002600,regular
8002600,regular
8002600,regular
8018636,regular
8018636,regular
8018636,regular
8018636,regular
8018636,regular
8018636,regular
8018636,regular
8018636,regular
8018636,regular
8018636,regular
8018636,regular
8018636,regular
8018636,regular
8018636,regular
8018636,regular
8018636,regular
8018636,regular
8018636,regular
8018636,regular
8032369,regular
8032369,regular
8032369,regular
8098090,regular
8098090,regular
8098090,regular
8098090,regular
8101674,deviant
8101796,regular
8101796,regular
8101796,regular
8101796,regular
8002600,regular
8002600,regular
7996268,regular
8098090,regular
8101796,regular
7996268,regular
7708006,regular
7708006,regular
7708006,regular
7708006,regular
7708006,regular
7708006,regular
7708006,regular
7708006,regular
7708006,regular
7708006,regular
7931294,regular
7931294,regular
7931294,regular
7931294,regular
7973990,deviant
7973990,deviant
7973990,deviant
7973990,deviant
8001495,regular
8001495,regular
8001495,regular
8001495,regular
8001495,regular
8001495,regular
8001495,regular
8001495,regular
8001495,regular
8001495,regular
8001495,regular
8001495,regular
8001495,regular
8001495,regular
8001495,regular
8001495,regular
8001495,regular
8001495,regular
8001495,regular
8001495,regular
8010563,regular
8010563,regular
8010563,regular
8010563,regular
8010563,regular
8010563,regular
8010563,regular
8010563,regular
8010563,regular
8010563,regular
8010563,regular
8010563,regular
8010563,regular
8010563,regular
8010563,regular
8010563,regular
8010563,regular
8010563,regular
8010563,regular
8010563,regular
8049473,deviant
8049473,deviant
8049473,deviant
8049473,deviant
8049473,deviant
8049473,deviant
8049473,deviant
8049473,deviant
8049473,deviant
8049473,deviant
8049473,deviant
8049473,deviant
8084556,regular
8084556,regular
8084556,regular
8084556,regular
8084556,regular
8001495,regular
8001495,regular
8010563,regular
8010563,regular
8049473,deviant
7708006,regular
7708006,regular
6758997,deviant
6758997,deviant
7931294,regular
7931294,regular
7931294,regular
7931294,regular
7931294,regular
7931294,regular
7931294,regular
7931294,regular
7931294,regular
7931294,regular
7973990,deviant
7973990,deviant
7973990,deviant
7973990,deviant
8101674,deviant
8101674,deviant
8101674,deviant
8101674,deviant
7973990,deviant
8101674,deviant
7585379,regular
7585379,regular
7585379,regular
7585379,regular
7585379,regular
7585379,regular
7585379,regular
7585379,regular
7585379,regular
7585379,regular
7585379,regular
7585379,regular
7585379,regular
7585379,regular
7585379,regular
7585379,regular
7585379,regular
7585379,regular
7585379,regular
7585379,regular
7585379,regular
7585379,regular
7585379,regular
7585379,regular
7585379,regular
7585379,regular
7585379,regular
7585379,regular
7585379,regular
7585379,regular
7585379,regular
7585379,regular
8018636,regular
8018636,regular
8018636,regular
8120893,regular
8120893,regular
8120893,regular
8120893,regular
8120893,regular
8133636,regular
7585379,regular
7585379,regular
7585379,regular
7585379,regular
8120893,regular
5732405,regular
5732405,regular
5732405,regular
5732405,regular
5732405,regular
5732405,regular
5732405,regular
5732405,regular
5732405,regular
5732405,regular
5732405,regular
5732405,regular
5732405,regular
5732405,regular
5732405,regular
5732405,regular
5732405,regular
5732405,regular
5732405,regular
5732405,regular
5732405,regular
5732405,regular
5732405,regular
5732405,regular
7805371,deviant
7805371,deviant
7805371,deviant
7805371,deviant
7805371,deviant
7805371,deviant
7805371,deviant
7805371,deviant
7805371,deviant
7805371,deviant
7805371,deviant
7805371,deviant
7805371,deviant
7805371,deviant
7936192,deviant
7936192,deviant
7936192,deviant
7936192,deviant
7936192,deviant
8032369,regular
8032369,regular
8048016,regular
8048016,regular
8048016,regular
8048016,regular
8048554,regular
8048554,regular
8048554,regular
8048554,regular
8143778,deviant
7805371,deviant
5732405,regular
5732405,regular
5732405,regular
5732405,regular
5732405,regular
5732405,regular
5732405,regular
5732405,regular
5732405,regular
5732405,regular
8018636,regular
8018636,regular
8018636,regular
8018636,regular
8018636,regular
8018636,regular
8018636,regular
8018636,regular
8018636,regular
8018636,regular
8031855,regular
8031855,regular
8031855,regular
8032369,regular
8048016,regular
8048016,regular
8048016,regular
8048016,regular
8048016,regular
8048016,regular
8048016,regular
8048016,regular
8048016,regular
8048016,regular
8048016,regular
8048016,regular
8048016,regular
8048016,regular
8048016,regular
8048016,regular
8048016,regular
8048016,regular
8048016,regular
8048016,regular
8048016,regular
8049473,deviant
8084556,regular
8084556,regular
8084556,regular
8084556,regular
8084556,regular
8084556,regular
8084556,regular
8084556,regular
8084556,regular
8084556,regular
8084556,regular
8084556,regular
8084556,regular
8084556,regular
8084556,regular
8084556,regular
8084556,regular
8133636,regular
8133636,regular
8133636,regular
8133636,regular
5732405,regular
5732405,regular
8018636,regular
5732405,regular
5986829,deviant
8048554,regular
8048554,regular
8048554,regular
8048554,regular
8048554,regular
8048554,regular
8048554,regular
8048554,regular
8048554,regular
8048554,regular
8048554,regular
8048554,regular
8048554,regular
8048554,regular
8048554,regular
8048554,regular
8048554,regular
8048554,regular
8048554,regular
8048554,regular
8048554,regular
8098090,regular
8098090,regular
8098090,regular
8098090,regular
8143778,deviant
8143778,deviant
8143778,deviant
8143778,deviant
8143778,deviant
5732405,regular
5732405,regular
5732405,regular
7978818,deviant
7978818,deviant
7978818,deviant
7978818,deviant
7978818,deviant
7978818,deviant
7978818,deviant
7978818,deviant
7978818,deviant
7978818,deviant
7978818,deviant
7978818,deviant
8048016,regular
8048016,regular
8048016,regular
8048016,regular
8048016,regular
8048016,regular
8048016,regular
8048016,regular
8048016,regular
8048016,regular
8048554,regular
8048554,regular
8048554,regular
8048554,regular
8048554,regular
8048554,regular
8048554,regular
8048554,regular
8048554,regular
8048554,regular
8084556,regular
8084556,regular
8084556,regular
8084556,regular
8084556,regular
8084556,regular
8084556,regular
8084556,regular
8084556,regular
8084556,regular
8084556,regular
8084556,regular
8084556,regular
8084556,regular
8048554,regular
8048016,regular
7978818,deviant
8101674,deviant
8101674,deviant
8101674,deviant
8101674,deviant
8101674,deviant
8101674,deviant
8101674,deviant
8101674,deviant
8101674,deviant
8101674,deviant
8101674,deviant
8101674,deviant
8158985,deviant
8158985,deviant
8158985,deviant
8158985,deviant
8158985,deviant
8101674,deviant
8158985,deviant
7805371,deviant
7805371,deviant
7805371,deviant
7805371,deviant
7805371,deviant
7805371,deviant
7805371,deviant
7805371,deviant
7805371,deviant
7805371,deviant
7805371,deviant
7805371,deviant
7805371,deviant
7805371,deviant
7805371,deviant
8049473,deviant
8049473,deviant
8049473,deviant
8049473,deviant
8049473,deviant
8049473,deviant
8049473,deviant
8166148,regular
8172765,regular
8173441,regular
7805371,deviant
8143778,deviant
8143778,deviant
8143778,deviant
8166148,regular
8166148,regular
8166148,regular
8166148,regular
8174039,deviant
8174727,regular
8176037,regular
8179580,deviant
8186557,regular
8188644,regular
8189276,regular
8166148,regular
7585379,regular
8183350,regular
8172765,regular
8172765,regular
8172765,regular
8173441,regular
8173441,regular
8173441,regular
8173441,regular
8174039,deviant
8174039,deviant
8174039,deviant
8174727,regular
8174727,regular
8174727,regular
8176037,regular
8176037,regular
8176037,regular
8176037,regular
8185315,regular
8173441,regular
8176037,regular
5732405,regular
5732405,regular
6033123,deviant
6033123,deviant
8158985,deviant
8158985,deviant
8158985,deviant
8158985,deviant
8158985,deviant
7805371,deviant
7805371,deviant
7805371,deviant
7805371,deviant
7805371,deviant
7805371,deviant
7805371,deviant
7805371,deviant
7805371,deviant
7805371,deviant
7805371,deviant
8179580,deviant
8179580,deviant
8179580,deviant
8179580,deviant
7805371,deviant
7805371,deviant
8179580,deviant
8202649,deviant
8120893,regular
8120893,regular
8120893,regular
8120893,regular
8166148,regular
8166148,regular
8166148,regular
8166148,regular
8183350,regular
8183350,regular
8183350,regular
8185315,regular
8185315,regular
8185315,regular
8185315,regular
8186557,regular
8186557,regular
8186557,regular
8188644,regular
8188644,regular
8188644,regular
8188644,regular
8189276,regular
8189276,regular
8189276,regular
8189276,regular
8185315,regular
8188644,regular
8189276,regular
7805371,deviant
7805371,deviant
7805371,deviant
7805371,deviant
7805371,deviant
7805371,deviant
7805371,deviant
7805371,deviant
7805371,deviant
7805371,deviant
7805371,deviant
7805371,deviant
8032369,regular
8032369,regular
8032369,regular
8032369,regular
8032369,regular
8032369,regular
8032369,regular
8032369,regular
8143778,deviant
8143778,deviant
8143778,deviant
8143778,deviant
8143778,deviant
8143778,deviant
8143778,deviant
8143778,deviant
8143778,deviant
7805371,deviant
8143778,deviant
7805371,deviant
8133636,regular
8133636,regular
8133636,regular
8133636,regular
8133636,regular
8133636,regular
8133636,regular
8133636,regular
8133636,regular
8133636,regular
8189276,regular
8189276,regular
8189276,regular
8189276,regular
8202649,deviant
8202649,deviant
8202649,deviant
8202649,deviant
8202649,deviant
8158985,deviant
8158985,deviant
8158985,deviant
8158985,deviant
8158985,deviant
8158985,deviant
8158985,deviant
8166148,regular
8166148,regular
8166148,regular
8166148,regular
8166148,regular
8166148,regular
8166148,regular
8166148,regular
8166148,regular
8166148,regular
8166148,regular
8166148,regular
8166148,regular
8166148,regular
8166148,regular
8166148,regular
8166148,regular
8166148,regular
8166148,regular
8166148,regular
8166148,regular
8173441,regular
8173441,regular
8173441,regular
8158985,deviant
8166148,regular
8166148,regular
8166148,regular
8166148,regular
8166148,regular
8166148,regular
8166148,regular
8166148,regular
8166148,regular
8166148,regular
8183350,regular
8183350,regular
8166148,regular
8101674,deviant
8143778,deviant
7750264,regular
7750264,regular
7750264,regular
7750264,regular
7750264,regular
7750264,regular
7750264,regular
7750264,regular
7936192,deviant
8244287,regular
7750264,regular
8101674,deviant
8101674,deviant
8101674,deviant
8101674,deviant
8101674,deviant
8101674,deviant
8101674,deviant
8101674,deviant
8101674,deviant
8101674,deviant
8101674,deviant
8101674,deviant
8101674,deviant
8202649,deviant
8202649,deviant
8202649,deviant
8202649,deviant
8202649,deviant
8202649,deviant
8202649,deviant
8202649,deviant
8202649,deviant
8202649,deviant
8202649,deviant
8202649,deviant
8244287,regular
8244287,regular
8244287,regular
8244287,regular
8257352,regular
8202649,deviant
8244287,regular
5578213,regular
5578213,regular
5578213,regular
5578213,regular
5578213,regular
5578213,regular
8264335,regular
5578213,regular
5578213,regular
7750264,regular
7750264,regular
7750264,regular
7750264,regular
8120893,regular
8120893,regular
8120893,regular
8173441,regular
8173441,regular
8173441,regular
8174039,deviant
8174039,deviant
8174039,deviant
8174039,deviant
8179580,deviant
8179580,deviant
8179580,deviant
8179580,deviant
8179580,deviant
8179580,deviant
8179580,deviant
8179580,deviant
8179580,deviant
8179580,deviant
8179580,deviant
8179580,deviant
8186557,regular
8186557,regular
8186557,regular
8186557,regular
8257352,regular
8257352,regular
8257352,regular
8257352,regular
8186557,regular
8174039,deviant
8179580,deviant
8189276,regular
8189276,regular
8189276,regular
8189276,regular
8189276,regular
8189276,regular
8189276,regular
8189276,regular
8189276,regular
8189276,regular
8189276,regular
8189276,regular
8189276,regular
8189276,regular
8189276,regular
8189276,regular
8189276,regular
8189276,regular
8264335,regular
8264335,regular
8264335,regular
8264335,regular
8264335,regular
8098090,regular
8098090,regular
8098090,regular
8098090,regular
8098090,regular
8098090,regular
8098090,regular
8098090,regular
8098090,regular
8098090,regular
8098090,regular
8098090,regular
8098090,regular
8098090,regular
8098090,regular
8098090,regular
8101796,regular
8101796,regular
8101796,regular
8133636,regular
8133636,regular
8133636,regular
8133636,regular
8133636,regular
8133636,regular
8133636,regular
8133636,regular
8133636,regular
8133636,regular
8143778,deviant
8143778,deviant
8143778,deviant
8143778,deviant
8143778,deviant
8143778,deviant
8143778,deviant
8143778,deviant
8176037,regular
8176037,regular
8176037,regular
8176037,regular
8176037,regular
8176037,regular
8176037,regular
8176037,regular
8176037,regular
8176037,regular
8176037,regular
8176037,regular
8176037,regular
8176037,regular
8176037,regular
8264335,regular
8264335,regular
8264335,regular
8098090,regular
8098090,regular
8098090,regular
8098090,regular
8098090,regular
8098090,regular
8098090,regular
8098090,regular
8098090,regular
8098090,regular
8098090,regular
8098090,regular
8098090,regular
8098090,regular
8101796,regular
8133636,regular
8133636,regular
8133636,regular
8133636,regular
8133636,regular
8133636,regular
8133636,regular
8133636,regular
8133636,regular
8133636,regular
8133636,regular
8133636,regular
8133636,regular
8133636,regular
8143778,deviant
8143778,deviant
8143778,deviant
8143778,deviant
8143778,deviant
8143778,deviant
8143778,deviant
8143778,deviant
8143778,deviant
8143778,deviant
8143778,deviant
8143778,deviant
8143778,deviant
8143778,deviant
8185315,regular
8185315,regular
8185315,regular
8185315,regular
8185315,regular
8185315,regular
8185315,regular
8185315,regular
8185315,regular
8185315,regular
8185315,regular
8185315,regular
8185315,regular
8185315,regular
8185315,regular
8185315,regular
8185315,regular
8185315,regular
8185315,regular
8185315,regular
8185315,regular
8185315,regular
8098090,regular
8098090,regular
8133636,regular
8133636,regular
5578213,regular
5578213,regular
5578213,regular
5578213,regular
5578213,regular
5578213,regular
5578213,regular
5578213,regular
5578213,regular
5578213,regular
5578213,regular
5578213,regular
5578213,regular
5578213,regular
7936192,deviant
7936192,deviant
8031855,regular
8031855,regular
8031855,regular
8031855,regular
8031855,regular
8031855,regular
8031855,regular
8031855,regular
8031855,regular
8031855,regular
8031855,regular
8031855,regular
8031855,regular
8031855,regular
8031855,regular
8031855,regular
8031855,regular
8031855,regular
8031855,regular
8031855,regular
8031855,regular
8031855,regular
8031855,regular
8032369,regular
8032369,regular
8032369,regular
8032369,regular
8032369,regular
8032369,regular
8032369,regular
8032369,regular
8257352,regular
8257352,regular
8257352,regular
8257352,regular
8298529,regular
8257352,regular
5578213,regular
5578213,regular
5578213,regular
8031855,regular
7973990,deviant
8031855,regular
8031855,regular
8031855,regular
8031855,regular
8031855,regular
8031855,regular
8031855,regular
8031855,regular
8032369,regular
8032369,regular
8032369,regular
8032369,regular
8032369,regular
8032369,regular
8032369,regular
8032369,regular
8032369,regular
8032369,regular
8032369,regular
8032369,regular
8176037,regular
8176037,regular
8176037,regular
8176037,regular
8176037,regular
8176037,regular
8176037,regular
8179580,deviant
8031855,regular
8032369,regular
8032369,regular
3198296,regular
7738250,regular
7738250,regular
7738250,regular
7738250,regular
7738250,regular
7738250,regular
7738250,regular
7738250,regular
7738250,regular
7738250,regular
7738250,regular
7738250,regular
7738250,regular
7738250,regular
7738250,regular
7738250,regular
7738250,regular
7738250,regular
7738250,regular
7738250,regular
7738250,regular
7738250,regular
7738250,regular
7738250,regular
7738250,regular
7738250,regular
7738250,regular
7738250,regular
7738250,regular
7738250,regular
7738250,regular
7738250,regular
7738250,regular
7738250,regular
7738250,regular
7738250,regular
7738250,regular
7738250,regular
7738250,regular
7738250,regular
7738250,regular
7738250,regular
7738250,regular
7738250,regular
7738250,regular
8101674,deviant
8101674,deviant
8101674,deviant
8101674,deviant
8101674,deviant
8101674,deviant
8173441,regular
8173441,regular
8173441,regular
8173441,regular
8173441,regular
8173441,regular
8173441,regular
8173441,regular
8173441,regular
8173441,regular
8173441,regular
8173441,regular
8173441,regular
8173441,regular
8173441,regular
8173441,regular
8174727,regular
8174727,regular
8174727,regular
8174727,regular
8174727,regular
8174727,regular
8174727,regular
8174727,regular
8174727,regular
8174727,regular
8174727,regular
8174727,regular
8174727,regular
8174727,regular
8174727,regular
8174727,regular
8174727,regular
8174727,regular
8174727,regular
8174727,regular
8174727,regular
8174727,regular
8174727,regular
8298529,regular
8298529,regular
8298529,regular
8298529,regular
7738250,regular
8298529,regular
7738250,regular
8049473,deviant
8049473,deviant
8049473,deviant
8049473,deviant
8049473,deviant
8049473,deviant
8049473,deviant
8049473,deviant
8049473,deviant
8049473,deviant
8049473,deviant
8049473,deviant
8101796,regular
8101796,regular
8101796,regular
8101796,regular
8101796,regular
8101796,regular
8101796,regular
8101796,regular
8101796,regular
8101796,regular
8101796,regular
8101796,regular
8101796,regular
8101796,regular
8101796,regular
8101796,regular
8101796,regular
8101796,regular
8174727,regular
8174727,regular
8174727,regular
8174727,regular
8174727,regular
8174727,regular
8174727,regular
8174727,regular
8174727,regular
8174727,regular
8174727,regular
8174727,regular
8179580,deviant
8179580,deviant
8179580,deviant
8179580,deviant
8179580,deviant
8179580,deviant
8179580,deviant
8179580,deviant
8179580,deviant
8179580,deviant
8179580,deviant
8179580,deviant
8179580,deviant
8179580,deviant
8179580,deviant
8179580,deviant
8179580,deviant
8322327,regular
8174727,regular
8174727,regular
8143778,deviant
8143778,deviant
8143778,deviant
8143778,deviant
8143778,deviant
8143778,deviant
8143778,deviant
8143778,deviant
8143778,deviant
8143778,deviant
8173441,regular
8173441,regular
8173441,regular
8173441,regular
8173441,regular
8173441,regular
8173441,regular
8173441,regular
8173441,regular
8173441,regular
8173441,regular
8173441,regular
8176037,regular
8176037,regular
8176037,regular
8176037,regular
8176037,regular
8176037,regular
8176037,regular
8176037,regular
8176037,regular
8176037,regular
8176037,regular
8176037,regular
8189276,regular
8189276,regular
8189276,regular
8176037,regular
8173441,regular
8173441,regular
8143778,deviant
8176037,regular
8049473,deviant
8049473,deviant
8049473,deviant
8049473,deviant
8049473,deviant
8049473,deviant
8049473,deviant
8049473,deviant
8049473,deviant
8049473,deviant
8049473,deviant
8158985,deviant
8186557,regular
8186557,regular
8186557,regular
8186557,regular
8186557,regular
8186557,regular
8186557,regular
8186557,regular
8186557,regular
8186557,regular
8186557,regular
8186557,regular
8186557,regular
8186557,regular
8186557,regular
8186557,regular
8186557,regular
8186557,regular
8186557,regular
8332566,regular
8333097,regular
8333663,regular
8338531,regular
8340422,regular
8341160,regular
8342008,regular
8348847,regular
8349412,regular
8350940,regular
8049473,deviant
8049473,deviant
8185315,regular
8185315,regular
8185315,regular
8185315,regular
8264335,regular
8264335,regular
8264335,regular
8264335,regular
8264335,regular
8264335,regular
8264335,regular
8264335,regular
8264335,regular
8264335,regular
8264335,regular
8264335,regular
8264335,regular
8264335,regular
8264335,regular
8264335,regular
8264335,regular
8264335,regular
8264335,regular
8322327,regular
8322327,regular
8322327,regular
8322327,regular
8335155,regular
8322327,regular
8185315,regular
8185315,regular
8185315,regular
8185315,regular
8185315,regular
8185315,regular
8185315,regular
8185315,regular
8185315,regular
8185315,regular
8202649,deviant
8264335,regular
8264335,regular
8264335,regular
8264335,regular
8264335,regular
8264335,regular
8264335,regular
8264335,regular
8264335,regular
8264335,regular
8264335,regular
8264335,regular
8332566,regular
8332566,regular
8332566,regular
8332566,regular
8333097,regular
8333097,regular
8333097,regular
8333097,regular
8333663,regular
8333663,regular
8333663,regular
8333663,regular
8335155,regular
8335155,regular
8335155,regular
8335155,regular
8348708,regular
8332566,regular
8333097,regular
8333663,regular
8335155,regular
8264335,regular
8264335,regular
7936192,deviant
7936192,deviant
7936192,deviant
7936192,deviant
7936192,deviant
7936192,deviant
8101796,regular
8101796,regular
8101796,regular
8101796,regular
8172765,regular
8172765,regular
8172765,regular
8172765,regular
8172765,regular
8244287,regular
8244287,regular
8244287,regular
8338531,regular
8338531,regular
8338531,regular
8338531,regular
8340422,regular
8340422,regular
8340422,regular
8340422,regular
8341160,regular
8341160,regular
8341160,regular
8341160,regular
8342008,regular
8342008,regular
8342008,regular
8342008,regular
8338531,regular
8340422,regular
8341160,regular
8342008,regular
8172765,regular
7973990,deviant
7973990,deviant
7973990,deviant
7973990,deviant
7973990,deviant
7973990,deviant
7973990,deviant
7973990,deviant
8101796,regular
8101796,regular
8101796,regular
8101796,regular
8101796,regular
8101796,regular
8101796,regular
8101796,regular
8101796,regular
8120893,regular
8120893,regular
8120893,regular
8120893,regular
8120893,regular
8120893,regular
8120893,regular
8120893,regular
8120893,regular
8120893,regular
8120893,regular
8120893,regular
8120893,regular
8120893,regular
8120893,regular
8120893,regular
8120893,regular
8120893,regular
8202649,deviant
8202649,deviant
8298529,regular
8298529,regular
8298529,regular
8298529,regular
8332566,regular
8332566,regular
8332566,regular
8332566,regular
8333097,regular
8333097,regular
8333097,regular
8333097,regular
8333663,regular
8333663,regular
8333663,regular
8333663,regular
8335155,regular
8335155,regular
8335155,regular
8335155,regular
8338531,regular
8338531,regular
8338531,regular
8338531,regular
8340422,regular
8340422,regular
8340422,regular
8340422,regular
8341160,regular
8341160,regular
8341160,regular
8341160,regular
8342008,regular
8342008,regular
8342008,regular
8342008,regular
8348708,regular
8348708,regular
8348708,regular
8348708,regular
8348847,regular
8348847,regular
8348847,regular
8348847,regular
8349412,regular
8349412,regular
8349412,regular
8349412,regular
8350940,regular
8350940,regular
8350940,regular
8350940,regular
8364865,regular
8348847,regular
8348708,regular
8349412,regular
8350940,regular
5578213,regular
5578213,regular
8158985,deviant
8158985,deviant
8158985,deviant
8174039,deviant
8174039,deviant
8174039,deviant
8179580,deviant
8179580,deviant
8322327,regular
8322327,regular
8322327,regular
8322327,regular
8322327,regular
7973990,deviant
7973990,deviant
7973990,deviant
7973990,deviant
7973990,deviant
7973990,deviant
7973990,deviant
7973990,deviant
7973990,deviant
7973990,deviant
7973990,deviant
8174039,deviant
8174039,deviant
8174039,deviant
8174039,deviant
8174039,deviant
8174039,deviant
8183350,regular
8183350,regular
8183350,regular
8183350,regular
8183350,regular
8183350,regular
8183350,regular
8183350,regular
8183350,regular
8183350,regular
8183350,regular
8183350,regular
8183350,regular
8183350,regular
8183350,regular
8183350,regular
8183350,regular
8183350,regular
8183350,regular
8183350,regular
8183350,regular
8348847,regular
8348847,regular
8348847,regular
8348847,regular
8349412,regular
8349412,regular
8349412,regular
8349412,regular
8350940,regular
8350940,regular
8350940,regular
8350940,regular
8364865,regular
8364865,regular
8364865,regular
8364865,regular
8383891,regular
8384851,regular
8364865,regular
8101674,deviant
8101674,deviant
8101674,deviant
8120893,regular
8120893,regular
8120893,regular
8120893,regular
8120893,regular
8120893,regular
8120893,regular
8120893,regular
8120893,regular
8120893,regular
8120893,regular
8120893,regular
8120893,regular
8172765,regular
8172765,regular
8172765,regular
8172765,regular
8172765,regular
8172765,regular
8172765,regular
8172765,regular
8172765,regular
8172765,regular
8183350,regular
8183350,regular
8183350,regular
8183350,regular
8183350,regular
8183350,regular
8183350,regular
8183350,regular
8183350,regular
8183350,regular
8183350,regular
8183350,regular
8183350,regular
8183350,regular
8101674,deviant
8101674,deviant
8101674,deviant
8101674,deviant
8101674,deviant
8101674,deviant
8101674,deviant
8101674,deviant
8101674,deviant
8101674,deviant
8172765,regular
8172765,regular
8172765,regular
8172765,regular
8172765,regular
8172765,regular
8172765,regular
8172765,regular
8188644,regular
8188644,regular
8188644,regular
8101674,deviant
8383891,regular
8383891,regular
8383891,regular
8383891,regular
8384851,regular
8384851,regular
8384851,regular
8384851,regular
8383891,regular
8384851,regular
8049473,deviant
8049473,deviant
8049473,deviant
8049473,deviant
8049473,deviant
8049473,deviant
8049473,deviant
8101796,regular
8101796,regular
8101796,regular
8172765,regular
8172765,regular
8172765,regular
8172765,regular
8172765,regular
8172765,regular
8172765,regular
8172765,regular
8172765,regular
8172765,regular
8172765,regular
8172765,regular
8174039,deviant
8186557,regular
8186557,regular
8186557,regular
8188644,regular
8188644,regular
8188644,regular
8188644,regular
8188644,regular
8188644,regular
8188644,regular
8188644,regular
8188644,regular
8188644,regular
8188644,regular
8188644,regular
8188644,regular
8188644,regular
8188644,regular
8188644,regular
8188644,regular
8188644,regular
8188644,regular
8188644,regular
8188644,regular
8188644,regular
8188644,regular
8188644,regular
8188644,regular
8188644,regular
8298529,regular
8298529,regular
8298529,regular
8298529,regular
8298529,regular
8298529,regular
8298529,regular
8298529,regular
8298529,regular
8298529,regular
8298529,regular
8298529,regular
8298529,regular
8298529,regular
8298529,regular
8298529,regular
8332566,regular
8332566,regular
8332566,regular
8332566,regular
8332566,regular
8332566,regular
8332566,regular
8332566,regular
8332566,regular
8332566,regular
8332566,regular
8332566,regular
8332566,regular
8332566,regular
8332566,regular
8332566,regular
8333097,regular
8333097,regular
8333097,regular
8333097,regular
8333097,regular
8333097,regular
8333097,regular
8333097,regular
8333097,regular
8333097,regular
8333097,regular
8333097,regular
8333097,regular
8333097,regular
8333097,regular
8333097,regular
8333663,regular
8333663,regular
8333663,regular
8333663,regular
8333663,regular
8333663,regular
8333663,regular
8333663,regular
8333663,regular
8333663,regular
8333663,regular
8333663,regular
8333663,regular
8333663,regular
8333663,regular
8333663,regular
8335155,regular
8335155,regular
8335155,regular
8335155,regular
8335155,regular
8335155,regular
8335155,regular
8335155,regular
8335155,regular
8335155,regular
8335155,regular
8335155,regular
8335155,regular
8335155,regular
8335155,regular
8335155,regular
8338531,regular
8338531,regular
8338531,regular
8338531,regular
8338531,regular
8338531,regular
8338531,regular
8338531,regular
8338531,regular
8338531,regular
8338531,regular
8338531,regular
8338531,regular
8338531,regular
8338531,regular
8338531,regular
8340422,regular
8340422,regular
8340422,regular
8340422,regular
8340422,regular
8340422,regular
8340422,regular
8340422,regular
8340422,regular
8340422,regular
8340422,regular
8340422,regular
8340422,regular
8340422,regular
8340422,regular
8340422,regular
8341160,regular
8341160,regular
8341160,regular
8341160,regular
8341160,regular
8341160,regular
8341160,regular
8341160,regular
8341160,regular
8341160,regular
8341160,regular
8341160,regular
8341160,regular
8341160,regular
8341160,regular
8341160,regular
8342008,regular
8342008,regular
8342008,regular
8342008,regular
8342008,regular
8342008,regular
8342008,regular
8342008,regular
8342008,regular
8342008,regular
8342008,regular
8342008,regular
8342008,regular
8342008,regular
8342008,regular
8342008,regular
8348847,regular
8348847,regular
8348847,regular
8348847,regular
8348847,regular
8348847,regular
8348847,regular
8348847,regular
8348847,regular
8348847,regular
8348847,regular
8348847,regular
8348847,regular
8348847,regular
8348847,regular
8348847,regular
8349412,regular
8349412,regular
8349412,regular
8349412,regular
8349412,regular
8349412,regular
8349412,regular
8349412,regular
8349412,regular
8349412,regular
8349412,regular
8349412,regular
8349412,regular
8349412,regular
8349412,regular
8349412,regular
8350940,regular
8350940,regular
8350940,regular
8350940,regular
8350940,regular
8350940,regular
8350940,regular
8350940,regular
8350940,regular
8350940,regular
8350940,regular
8350940,regular
8350940,regular
8350940,regular
8350940,regular
8350940,regular
8049473,deviant
8188644,regular
8172765,regular
7973990,deviant
7973990,deviant
7973990,deviant
7973990,deviant
7973990,deviant
7973990,deviant
7973990,deviant
8101796,regular
8101796,regular
8101796,regular
8101796,regular
8101796,regular
8101796,regular
8101796,regular
8101796,regular
8101796,regular
8101796,regular
8186557,regular
8186557,regular
8186557,regular
8186557,regular
8186557,regular
8186557,regular
8186557,regular
8186557,regular
8186557,regular
8186557,regular
8189276,regular
8189276,regular
8189276,regular
8189276,regular
8189276,regular
8189276,regular
8298529,regular
8298529,regular
8298529,regular
8298529,regular
8298529,regular
8298529,regular
8298529,regular
8298529,regular
8298529,regular
8298529,regular
8298529,regular
8298529,regular
8364865,regular
8364865,regular
8364865,regular
8364865,regular
8364865,regular
8364865,regular
8364865,regular
8364865,regular
8364865,regular
8364865,regular
8364865,regular
8364865,regular
8364865,regular
8364865,regular
8364865,regular
8364865,regular
8364865,regular
8364865,regular
8364865,regular
8364865,regular
8364865,regular
8364865,regular
8364865,regular
8364865,regular
8364865,regular
8364865,regular
8364865,regular
8364865,regular
8364865,regular
8364865,regular
8364865,regular
8364865,regular
8364865,regular
8364865,regular
8189276,regular
8364865,regular
7973990,deviant
8364865,regular
8101796,regular
8186557,regular
8298529,regular
8298529,regular
8298529,regular
8298529,regular
8348847,regular
8348847,regular
8348847,regular
8348847,regular
8348847,regular
8348847,regular
8348847,regular
8348847,regular
8348847,regular
8348847,regular
8348847,regular
8348847,regular
8348847,regular
8348847,regular
8348847,regular
8348847,regular
8340422,regular
8340422,regular
8340422,regular
8340422,regular
8340422,regular
8340422,regular
8340422,regular
8340422,regular
8340422,regular
8340422,regular
8340422,regular
8340422,regular
8350940,regular
8350940,regular
8350940,regular
8350940,regular
8350940,regular
8350940,regular
8350940,regular
8350940,regular
8350940,regular
8350940,regular
8350940,regular
8350940,regular
8383891,regular
8383891,regular
8383891,regular
8383891,regular
8383891,regular
8383891,regular
8383891,regular
8383891,regular
8383891,regular
8383891,regular
8383891,regular
8383891,regular
8383891,regular
8383891,regular
8384851,regular
8384851,regular
8384851,regular
8384851,regular
8384851,regular
8384851,regular
8384851,regular
8384851,regular
8384851,regular
8384851,regular
8384851,regular
8384851,regular
8384851,regular
8384851,regular
8188644,regular
8188644,regular
8188644,regular
8332566,regular
8332566,regular
8332566,regular
8332566,regular
8332566,regular
8332566,regular
8332566,regular
8332566,regular
8332566,regular
8332566,regular
8332566,regular
8332566,regular
8332566,regular
8332566,regular
8333097,regular
8333097,regular
8333097,regular
8333097,regular
8333663,regular
8333663,regular
8333663,regular
8333663,regular
8335155,regular
8335155,regular
8335155,regular
8335155,regular
8335155,regular
8335155,regular
8335155,regular
8335155,regular
8335155,regular
8335155,regular
8335155,regular
8335155,regular
8335155,regular
8335155,regular
8338531,regular
8338531,regular
8338531,regular
8338531,regular
8340422,regular
8340422,regular
8340422,regular
8340422,regular
8341160,regular
8341160,regular
8341160,regular
8341160,regular
8342008,regular
8342008,regular
8342008,regular
8342008,regular
8342008,regular
8342008,regular
8342008,regular
8342008,regular
8342008,regular
8342008,regular
8342008,regular
8342008,regular
8342008,regular
8342008,regular
8349412,regular
8349412,regular
8349412,regular
8349412,regular
8349412,regular
8349412,regular
8349412,regular
8349412,regular
8349412,regular
8349412,regular
8349412,regular
8349412,regular
8349412,regular
8349412,regular
8350940,regular
8350940,regular
8350940,regular
8350940,regular
8335155,regular
8335155,regular
8342008,regular
8342008,regular
8349412,regular
8349412,regular
8332566,regular
8332566,regular
5732405,regular
5732405,regular
5732405,regular
5732405,regular
5732405,regular
5732405,regular
5732405,regular
5732405,regular
6033123,deviant
6033123,deviant
6033123,deviant
6033123,deviant
6033123,deviant
6033123,deviant
6033123,deviant
6033123,deviant
6033123,deviant
6033123,deviant
6033123,deviant
6033123,deviant
6033123,deviant
6033123,deviant
6033123,deviant
6033123,deviant
6033123,deviant
6033123,deviant
6033123,deviant
6033123,deviant
6033123,deviant
6033123,deviant
6033123,deviant
6033123,deviant
8158985,deviant
8158985,deviant
8158985,deviant
8158985,deviant
8158985,deviant
8158985,deviant
8158985,deviant
8158985,deviant
8158985,deviant
8158985,deviant
8158985,deviant
8158985,deviant
8158985,deviant
8158985,deviant
8158985,deviant
8158985,deviant
8174039,deviant
8174039,deviant
8174039,deviant
8174039,deviant
8174039,deviant
8174039,deviant
8174039,deviant
8174039,deviant
8174039,deviant
8174039,deviant
8174039,deviant
8174039,deviant
8174039,deviant
8174039,deviant
8174039,deviant
8174039,deviant
8174039,deviant
8174039,deviant
8174039,deviant
8174039,deviant
8174039,deviant
8174039,deviant
8174039,deviant
8174039,deviant
8174039,deviant
8174039,deviant
8202649,deviant
8202649,deviant
8202649,deviant
8202649,deviant
8202649,deviant
8202649,deviant
8202649,deviant
8202649,deviant
8202649,deviant
8202649,deviant
8202649,deviant
8202649,deviant
8202649,deviant
8202649,deviant
8202649,deviant
8202649,deviant
8202649,deviant
8202649,deviant
8202649,deviant
8202649,deviant
6033123,deviant
6033123,deviant
6033123,deviant
5732405,regular
5732405,regular
5732405,regular
5732405,regular
5732405,regular
5732405,regular
5732405,regular
5732405,regular
5732405,regular
5732405,regular
5732405,regular
8158985,deviant
8158985,deviant
8174039,deviant
8174039,deviant
8174039,deviant
8174039,deviant
8174039,deviant
8174039,deviant
8174039,deviant
8174039,deviant
8174039,deviant
8174039,deviant
8202649,deviant
8202649,deviant
8202649,deviant
8202649,deviant
8202649,deviant
8202649,deviant
8202649,deviant
8202649,deviant
8202649,deviant
8202649,deviant
5732405,regular
5732405,regular
8174039,deviant
8202649,deviant
8158985,deviant
8158985,deviant
8158985,deviant
8158985,deviant
8158985,deviant
8158985,deviant
8158985,deviant
8158985,deviant
8158985,deviant
8158985,deviant
8158985,deviant
8188644,regular
8188644,regular
8188644,regular
8188644,regular
8188644,regular
8188644,regular
8188644,regular
8188644,regular
8188644,regular
8188644,regular
8322327,regular
8322327,regular
8322327,regular
8322327,regular
8322327,regular
8322327,regular
8322327,regular
8322327,regular
8322327,regular
8322327,regular
8322327,regular
8322327,regular
8322327,regular
8322327,regular
8322327,regular
8322327,regular
8322327,regular
8322327,regular
8322327,regular
8322327,regular
8322327,regular
8322327,regular
8322327,regular
8322327,regular
8333097,regular
8333097,regular
8333097,regular
8333097,regular
8333097,regular
8333097,regular
8333097,regular
8333097,regular
8333097,regular
8333097,regular
8333097,regular
8333097,regular
8341160,regular
8341160,regular
8341160,regular
8341160,regular
8341160,regular
8341160,regular
8341160,regular
8341160,regular
8341160,regular
8341160,regular
8341160,regular
8341160,regular
8383891,regular
8383891,regular
8383891,regular
8383891,regular
8383891,regular
8383891,regular
8383891,regular
8383891,regular
8384851,regular
8384851,regular
8384851,regular
8384851,regular
8384851,regular
8384851,regular
8384851,regular
8384851,regular
8158985,deviant
8188644,regular
8322327,regular
8172765,regular
8172765,regular
8172765,regular
8172765,regular
8172765,regular
8172765,regular
8172765,regular
8179580,deviant
8179580,deviant
8179580,deviant
8179580,deviant
8179580,deviant
8179580,deviant
8244287,regular
8244287,regular
8244287,regular
8244287,regular
8244287,regular
8244287,regular
8244287,regular
8244287,regular
8244287,regular
8244287,regular
8244287,regular
8244287,regular
8244287,regular
8244287,regular
8244287,regular
8244287,regular
8244287,regular
8244287,regular
8244287,regular
8179580,deviant
7978818,deviant
7978818,deviant
7978818,deviant
7978818,deviant
7978818,deviant
8172765,regular
8172765,regular
8172765,regular
8172765,regular
8172765,regular
8172765,regular
8172765,regular
8172765,regular
8179580,deviant
8179580,deviant
8179580,deviant
8179580,deviant
8179580,deviant
8179580,deviant
8179580,deviant
8333663,regular
8333663,regular
8333663,regular
8333663,regular
8333663,regular
8333663,regular
8333663,regular
8333663,regular
8333663,regular
8333663,regular
8333663,regular
8333663,regular
8338531,regular
8338531,regular
8338531,regular
8338531,regular
8338531,regular
8338531,regular
8338531,regular
8338531,regular
8338531,regular
8338531,regular
8338531,regular
8338531,regular
8383891,regular
8383891,regular
8383891,regular
8383891,regular
8383891,regular
8383891,regular
8383891,regular
8383891,regular
8383891,regular
8383891,regular
8383891,regular
8383891,regular
8384851,regular
8384851,regular
8384851,regular
8384851,regular
8384851,regular
8384851,regular
8384851,regular
8384851,regular
8384851,regular
8384851,regular
8384851,regular
8384851,regular
8172765,regular
8383891,regular
8383891,regular
8384851,regular
8384851,regular
8120893,regular
8120893,regular
8120893,regular
8120893,regular
8120893,regular
8120893,regular
8120893,regular
8120893,regular
8120893,regular
8120893,regular
8120893,regular
8120893,regular
8120893,regular
8120893,regular
8348708,regular
8348708,regular
8348708,regular
8348708,regular
8348708,regular
8348708,regular
8348708,regular
8348708,regular
8348708,regular
8348708,regular
8348708,regular
8348708,regular
8348708,regular
8348708,regular
8348708,regular
8348708,regular
8348708,regular
8348708,regular
8348708,regular
8348708,regular
8348708,regular
8348708,regular
8244287,regular
8244287,regular
8244287,regular
8244287,regular
8244287,regular
8244287,regular
8244287,regular
8244287,regular
8244287,regular
8244287,regular
8244287,regular
8244287,regular
8348708,regular
8348708,regular
8348708,regular
8348708,regular
8348708,regular
8348708,regular
8348708,regular
8348708,regular
8348708,regular
8348708,regular
8348708,regular
8348708,regular
8244287,regular
8244287,regular
8348708,regular
8348708,regular
5732405,regular
5732405,regular
