case_id,outcome
A,deviant
A,deviant
A,deviant
A,deviant
A,deviant
A,deviant
A,deviant
A,deviant
A,deviant
A,deviant
A,deviant
A,deviant
A,deviant
A,deviant
A,deviant
A,deviant
A,deviant
A,deviant
A,deviant
A,deviant
A,deviant
AAA,deviant
AAA,deviant
AAA,deviant
AAA,deviant
AAA,deviant
AAA,deviant
AAA,deviant
AAA,deviant
AAA,deviant
ABA,deviant
ABA,deviant
ABA,deviant
ABA,deviant
ABA,deviant
ABA,deviant
ABA,deviant
ABA,deviant
ABA,deviant
ABA,deviant
ABA,deviant
ABA,deviant
ABA,deviant
ABA,deviant
ABA,deviant
ABA,deviant
AC,deviant
AC,deviant
AC,deviant
AC,deviant
AC,deviant
AC,deviant
AC,deviant
AC,deviant
AC,deviant
AC,deviant
AC,deviant
AD,deviant
AD,deviant
AD,deviant
AD,deviant
AD,deviant
AD,deviant
AD,deviant
AD,deviant
AD,deviant
AD,deviant
AD,deviant
AD,deviant
AD,deviant
AD,deviant
AD,deviant
AD,deviant
AD,deviant
AD,deviant
AD,deviant
AD,deviant
AD,deviant
AD,deviant
AD,deviant
AD,deviant
AD,deviant
AD,deviant
AD,deviant
ADA,deviant
ADA,deviant
ADA,deviant
ADA,deviant
ADA,deviant
ADA,deviant
ADA,deviant
ADA,deviant
ADA,deviant
ADA,deviant
ADA,deviant
ADA,deviant
ADA,deviant
ADA,deviant
ADA,deviant
ADA,deviant
ADA,deviant
ADA,deviant
ADA,deviant
AE,deviant
AE,deviant
AE,deviant
AE,deviant
AE,deviant
AE,deviant
AE,deviant
AE,deviant
AE,deviant
AE,deviant
AE,deviant
AE,deviant
AE,deviant
AE,deviant
AE,deviant
AE,deviant
AF,deviant
AF,deviant
AF,deviant
AF,deviant
AF,deviant
AF,deviant
AF,deviant
AF,deviant
AF,deviant
AF,deviant
AF,deviant
AF,deviant
AF,deviant
AF,deviant
AF,deviant
AFA,deviant
AFA,deviant
AFA,deviant
AFA,deviant
AFA,deviant
AFA,deviant
AFA,deviant
AFA,deviant
AFA,deviant
AFA,deviant
AFA,deviant
AGA,deviant
AGA,deviant
AGA,deviant
AGA,deviant
AGA,deviant
AGA,deviant
AGA,deviant
AGA,deviant
AGA,deviant
AGA,deviant
AGA,deviant
AGA,deviant
AGA,deviant
AGA,deviant
AH,deviant
AH,deviant
AH,deviant
AH,deviant
AH,deviant
AH,deviant
AH,deviant
AH,deviant
AH,deviant
AH,deviant
AHA,deviant
AHA,deviant
AHA,deviant
AHA,deviant
AHA,deviant
AHA,deviant
AHA,deviant
AHA,deviant
AHA,deviant
AHA,deviant
AHA,deviant
AI,deviant
AI,deviant
AI,deviant
AI,deviant
AI,deviant
AI,deviant
AI,deviant
AI,deviant
AI,deviant
AI,deviant
AI,deviant
AI,deviant
AI,deviant
AIA,deviant
AIA,deviant
AIA,deviant
AIA,deviant
AIA,deviant
AIA,deviant
AIA,deviant
AIA,deviant
AIA,deviant
AIA,deviant
AIA,deviant
AIA,deviant
AIA,deviant
AIA,deviant
AIA,deviant
AJ,deviant
AJ,deviant
AJ,deviant
AJ,deviant
AJ,deviant
AJ,deviant
AJ,deviant
AJ,deviant
AJ,deviant
AJ,deviant
AJ,deviant
AJ,deviant
AJ,deviant
AJ,deviant
AJ,deviant
AJ,deviant
AJ,deviant
AJ,deviant
AJ,deviant
AJ,deviant
AJ,deviant
AJ,deviant
AJ,deviant
AJ,deviant
AL,deviant
AL,deviant
AL,deviant
AL,deviant
AL,deviant
AL,deviant
AL,deviant
AL,deviant
AL,deviant
AL,deviant
AL,deviant
AL,deviant
AL,deviant
AL,deviant
AL,deviant
AL,deviant
AL,deviant
ALA,deviant
ALA,deviant
ALA,deviant
ALA,deviant
ALA,deviant
ALA,deviant
ALA,deviant
ALA,deviant
ALA,deviant
ALA,deviant
AMA,deviant
AMA,deviant
AMA,deviant
AMA,deviant
AMA,deviant
AMA,deviant
AMA,deviant
AMA,deviant
ANA,deviant
ANA,deviant
ANA,deviant
ANA,deviant
ANA,deviant
ANA,deviant
ANA,deviant
ANA,deviant
AO,deviant
AO,deviant
AO,deviant
AO,deviant
AO,deviant
AQ,deviant
AQ,deviant
AQ,deviant
AQ,deviant
AQ,deviant
AQ,deviant
AQ,deviant
AQ,deviant
AQ,deviant
AQ,deviant
AQ,deviant
AQ,deviant
AQ,deviant
AR,deviant
AR,deviant
AR,deviant
AR,deviant
AR,deviant
AR,deviant
AR,deviant
AR,deviant
AR,deviant
AR,deviant
AR,deviant
AR,deviant
AR,deviant
AR,deviant
AR,deviant
AR,deviant
AR,deviant
AR,deviant
AR,deviant
AR,deviant
AR,deviant
AS,regular
AS,regular
AS,regular
AS,regular
AS,regular
AS,regular
AS,regular
AS,regular
AS,regular
AS,regular
AS,regular
AS,regular
AS,regular
AS,regular
AS,regular
AS,regular
AS,regular
AS,regular
AS,regular
AS,regular
AS,regular
AS,regular
AU,deviant
AU,deviant
AU,deviant
AU,deviant
AU,deviant
AU,deviant
AU,deviant
AU,deviant
AU,deviant
AU,deviant
AU,deviant
AV,deviant
AV,deviant
AV,deviant
AV,deviant
AV,deviant
AV,deviant
AV,deviant
AV,deviant
AV,deviant
AY,regular
AY,regular
AY,regular
AY,regular
AY,regular
AY,regular
AY,regular
AY,regular
AY,regular
AY,regular
AY,regular
AY,regular
AY,regular
AY,regular
AY,regular
AY,regular
AY,regular
AY,regular
AY,regular
AY,regular
AY,regular
AY,regular
AZ,deviant
AZ,deviant
AZ,deviant
AZ,deviant
AZ,deviant
AZ,deviant
AZ,deviant
AZ,deviant
AZ,deviant
AZ,deviant
AZ,deviant
AZ,deviant
AZ,deviant
AZ,deviant
B,deviant
B,deviant
B,deviant
B,deviant
B,deviant
B,deviant
B,deviant
B,deviant
B,deviant
B,deviant
B,deviant
BA,deviant
BA,deviant
BA,deviant
BA,deviant
BA,deviant
BA,deviant
BA,deviant
BA,deviant
BA,deviant
BA,deviant
BA,deviant
BAA,deviant
BAA,deviant
BAA,deviant
BAA,deviant
BAA,deviant
BAA,deviant
BAA,deviant
BAA,deviant
BAA,deviant
BAA,deviant
BAA,deviant
BBA,deviant
BBA,deviant
BBA,deviant
BBA,deviant
BBA,deviant
BBA,deviant
BBA,deviant
BBA,deviant
BBA,deviant
BBA,deviant
BBA,deviant
BBA,deviant
BBA,deviant
BCA,regular
BCA,regular
BCA,regular
BCA,regular
BCA,regular
BCA,regular
BCA,regular
BCA,regular
BCA,regular
BCA,regular
BCA,regular
BCA,regular
BCA,regular
BCA,regular
BCA,regular
BCA,regular
BCA,regular
BCA,regular
BCA,regular
BD,deviant
BD,deviant
BD,deviant
BD,deviant
BD,deviant
BD,deviant
BD,deviant
BD,deviant
BD,deviant
BD,deviant
BD,deviant
BDA,deviant
BDA,deviant
BDA,deviant
BDA,deviant
BDA,deviant
BDA,deviant
BDA,deviant
BDA,deviant
BDA,deviant
BDA,deviant
BDA,deviant
BE,deviant
BE,deviant
BE,deviant
BE,deviant
BE,deviant
BE,deviant
BE,deviant
BE,deviant
BE,deviant
BE,deviant
BE,deviant
BE,deviant
BE,deviant
BF,deviant
BF,deviant
BF,deviant
BF,deviant
BF,deviant
BF,deviant
BF,deviant
BF,deviant
BF,deviant
BF,deviant
BF,deviant
BFA,regular
BFA,regular
BFA,regular
BFA,regular
BFA,regular
BFA,regular
BFA,regular
BFA,regular
BFA,regular
BFA,regular
BFA,regular
BFA,regular
BFA,regular
BFA,regular
BFA,regular
BFA,regular
BFA,regular
BFA,regular
BFA,regular
BFA,regular
BFA,regular
BG,deviant
BG,deviant
BG,deviant
BG,deviant
BG,deviant
BG,deviant
BG,deviant
BG,deviant
BG,deviant
BGA,deviant
BGA,deviant
BGA,deviant
BGA,deviant
BGA,deviant
BGA,deviant
BGA,deviant
BGA,deviant
BGA,deviant
BGA,deviant
BGA,deviant
BH,deviant
BH,deviant
BH,deviant
BH,deviant
BH,deviant
BH,deviant
BH,deviant
BH,deviant
BH,deviant
BH,deviant
BH,deviant
BH,deviant
BH,deviant
BH,deviant
BH,deviant
BH,deviant
BH,deviant
BH,deviant
BH,deviant
BHA,deviant
BHA,deviant
BHA,deviant
BHA,deviant
BHA,deviant
BHA,deviant
BHA,deviant
BHA,deviant
BHA,deviant
BHA,deviant
BHA,deviant
BHA,deviant
BHA,deviant
BHA,deviant
BI,regular
BI,regular
BI,regular
BI,regular
BI,regular
BI,regular
BI,regular
BI,regular
BI,regular
BI,regular
BIA,deviant
BIA,deviant
BIA,deviant
BIA,deviant
BIA,deviant
BIA,deviant
BIA,deviant
BIA,deviant
BIA,deviant
BIA,deviant
BIA,deviant
BIA,deviant
BIA,deviant
BIA,deviant
BIA,deviant
BIA,deviant
BIA,deviant
BIA,deviant
BIA,deviant
BIA,deviant
BIA,deviant
BIA,deviant
BIA,deviant
BIA,deviant
BIA,deviant
BIA,deviant
BIA,deviant
BIA,deviant
BIA,deviant
BIA,deviant
BIA,deviant
BIA,deviant
BIA,deviant
BIA,deviant
BJ,deviant
BJ,deviant
BJ,deviant
BJ,deviant
BJ,deviant
BJ,deviant
BJ,deviant
BJ,deviant
BJ,deviant
BJ,deviant
BJ,deviant
BJ,deviant
BJ,deviant
BJ,deviant
BJ,deviant
BJ,deviant
BJ,deviant
BJ,deviant
BJ,deviant
BJ,deviant
BJA,deviant
BJA,deviant
BJA,deviant
BJA,deviant
BJA,deviant
BJA,deviant
BJA,deviant
BJA,deviant
BJA,deviant
BJA,deviant
BJA,deviant
BJA,deviant
BJA,deviant
BJA,deviant
BJA,deviant
BK,deviant
BK,deviant
BK,deviant
BK,deviant
BK,deviant
BK,deviant
BK,deviant
BK,deviant
BK,deviant
BK,deviant
BK,deviant
BKA,deviant
BKA,deviant
BKA,deviant
BKA,deviant
BKA,deviant
BKA,deviant
BKA,deviant
BKA,deviant
BKA,deviant
BKA,deviant
BKA,deviant
BKA,deviant
BKA,deviant
BKA,deviant
BKA,deviant
BKA,deviant
BKA,deviant
BL,deviant
BL,deviant
BL,deviant
BL,deviant
BL,deviant
BL,deviant
BL,deviant
BL,deviant
BL,deviant
BL,deviant
BLA,deviant
BLA,deviant
BLA,deviant
BLA,deviant
BLA,deviant
BLA,deviant
BLA,deviant
BLA,deviant
BLA,deviant
BLA,deviant
BLA,deviant
BLA,deviant
BLA,deviant
BLA,deviant
BLA,deviant
BLA,deviant
BLA,deviant
BLA,deviant
BM,regular
BM,regular
BM,regular
BM,regular
BM,regular
BM,regular
BM,regular
BM,regular
BM,regular
BMA,deviant
BMA,deviant
BMA,deviant
BMA,deviant
BMA,deviant
BMA,deviant
BMA,deviant
BMA,deviant
BMA,deviant
BMA,deviant
BN,deviant
BN,deviant
BN,deviant
BN,deviant
BN,deviant
BN,deviant
BN,deviant
BN,deviant
BN,deviant
BN,deviant
BN,deviant
BN,deviant
BN,deviant
BN,deviant
BN,deviant
BN,deviant
BN,deviant
BN,deviant
BN,deviant
BN,deviant
BN,deviant
BN,deviant
BN,deviant
BN,deviant
BN,deviant
BNA,deviant
BNA,deviant
BNA,deviant
BNA,deviant
BNA,deviant
BNA,deviant
BP,deviant
BP,deviant
BP,deviant
BP,deviant
BP,deviant
BP,deviant
BP,deviant
BP,deviant
BP,deviant
BP,deviant
BP,deviant
BP,deviant
BP,deviant
BP,deviant
BP,deviant
BP,deviant
BP,deviant
BP,deviant
BP,deviant
BP,deviant
BP,deviant
BQ,deviant
BQ,deviant
BQ,deviant
BQ,deviant
BQ,deviant
BQ,deviant
BQ,deviant
BQ,deviant
BQ,deviant
BQ,deviant
BQ,deviant
BR,deviant
BR,deviant
BR,deviant
BR,deviant
BR,deviant
BR,deviant
BR,deviant
BR,deviant
BR,deviant
BS,regular
BS,regular
BS,regular
BS,regular
BS,regular
BS,regular
BS,regular
BS,regular
BS,regular
BS,regular
BS,regular
BS,regular
BS,regular
BT,deviant
BT,deviant
BT,deviant
BT,deviant
BT,deviant
BT,deviant
BT,deviant
BT,deviant
BT,deviant
BT,deviant
BT,deviant
BU,deviant
BU,deviant
BU,deviant
BU,deviant
BU,deviant
BU,deviant
BU,deviant
BU,deviant
BU,deviant
BU,deviant
BU,deviant
BU,deviant
BU,deviant
BV,deviant
BV,deviant
BV,deviant
BV,deviant
BV,deviant
BV,deviant
BV,deviant
BV,deviant
BV,deviant
BV,deviant
BV,deviant
BV,deviant
BV,deviant
BV,deviant
BV,deviant
BW,deviant
BW,deviant
BW,deviant
BW,deviant
BW,deviant
BW,deviant
BW,deviant
BW,deviant
BW,deviant
BW,deviant
BW,deviant
BW,deviant
BW,deviant
BW,deviant
BW,deviant
BW,deviant
BW,deviant
BW,deviant
BW,deviant
BW,deviant
BX,deviant
BX,deviant
BX,deviant
BX,deviant
BX,deviant
BX,deviant
BX,deviant
BX,deviant
BX,deviant
BX,deviant
BX,deviant
BX,deviant
BX,deviant
BX,deviant
BX,deviant
BZ,deviant
BZ,deviant
BZ,deviant
BZ,deviant
BZ,deviant
BZ,deviant
BZ,deviant
BZ,deviant
BZ,deviant
BZ,deviant
BZ,deviant
BZ,deviant
BZ,deviant
BZ,deviant
BZ,deviant
BZ,deviant
BZ,deviant
BZ,deviant
BZ,deviant
BZ,deviant
BZ,deviant
BZ,deviant
BZ,deviant
C,deviant
C,deviant
C,deviant
C,deviant
C,deviant
C,deviant
C,deviant
C,deviant
C,deviant
C,deviant
C,deviant
C,deviant
C,deviant
CB,deviant
CB,deviant
CB,deviant
CB,deviant
CB,deviant
CB,deviant
CB,deviant
CB,deviant
CB,deviant
CB,deviant
CB,deviant
CB,deviant
CB,deviant
CBA,deviant
CBA,deviant
CBA,deviant
CBA,deviant
CBA,deviant
CBA,deviant
CBA,deviant
CBA,deviant
CBA,deviant
CBA,deviant
CBA,deviant
CBA,deviant
CBA,deviant
CBA,deviant
CBA,deviant
CBA,deviant
CBA,deviant
CBA,deviant
CBA,deviant
CBA,deviant
CC,regular
CC,regular
CC,regular
CC,regular
CC,regular
CC,regular
CC,regular
CC,regular
CC,regular
CC,regular
CC,regular
CC,regular
CC,regular
CC,regular
CE,deviant
CE,deviant
CE,deviant
CE,deviant
CE,deviant
CE,deviant
CE,deviant
CE,deviant
CE,deviant
CE,deviant
CEA,deviant
CEA,deviant
CEA,deviant
CEA,deviant
CEA,deviant
CEA,deviant
CEA,deviant
CEA,deviant
CEA,deviant
CEA,deviant
CEA,deviant
CEA,deviant
CEA,deviant
CF,deviant
CF,deviant
CF,deviant
CF,deviant
CF,deviant
CF,deviant
CF,deviant
CF,deviant
CF,deviant
CF,deviant
CF,deviant
CF,deviant
CF,deviant
CF,deviant
CF,deviant
CF,deviant
CF,deviant
CF,deviant
CF,deviant
CF,deviant
CF,deviant
CF,deviant
CF,deviant
CF,deviant
CF,deviant
CFA,deviant
CFA,deviant
CFA,deviant
CFA,deviant
CFA,deviant
CFA,deviant
CFA,deviant
CFA,deviant
CFA,deviant
CFA,deviant
CFA,deviant
CFA,deviant
CFA,deviant
CFA,deviant
CFA,deviant
CFA,deviant
CFA,deviant
CG,deviant
CG,deviant
CG,deviant
CG,deviant
CG,deviant
CG,deviant
CG,deviant
CG,deviant
CG,deviant
CG,deviant
CG,deviant
CG,deviant
CG,deviant
CG,deviant
CGA,regular
CGA,regular
CGA,regular
CGA,regular
CGA,regular
CGA,regular
CGA,regular
CGA,regular
CGA,regular
CGA,regular
CH,deviant
CH,deviant
CH,deviant
CH,deviant
CH,deviant
CH,deviant
CH,deviant
CH,deviant
CHA,deviant
CHA,deviant
CHA,deviant
CHA,deviant
CHA,deviant
CHA,deviant
CHA,deviant
CHA,deviant
CHA,deviant
CHA,deviant
CHA,deviant
CI,deviant
CI,deviant
CI,deviant
CI,deviant
CI,deviant
CI,deviant
CI,deviant
CI,deviant
CI,deviant
CI,deviant
CI,deviant
CI,deviant
CJ,regular
CJ,regular
CJ,regular
CJ,regular
CJ,regular
CJ,regular
CJ,regular
CJ,regular
CJ,regular
CJ,regular
CJ,regular
CJ,regular
CJ,regular
CJ,regular
CJ,regular
CJ,regular
CJ,regular
CJ,regular
CJ,regular
CJ,regular
CJ,regular
CJ,regular
CJ,regular
CJ,regular
CJ,regular
CJA,deviant
CJA,deviant
CJA,deviant
CJA,deviant
CJA,deviant
CJA,deviant
CJA,deviant
CKA,deviant
CKA,deviant
CKA,deviant
CKA,deviant
CKA,deviant
CKA,deviant
CKA,deviant
CKA,deviant
CKA,deviant
CKA,deviant
CKA,deviant
CKA,deviant
CKA,deviant
CKA,deviant
CKA,deviant
CKA,deviant
CM,deviant
CM,deviant
CM,deviant
CM,deviant
CM,deviant
CM,deviant
CM,deviant
CM,deviant
CM,deviant
CM,deviant
CM,deviant
CM,deviant
CM,deviant
CM,deviant
CN,regular
CN,regular
CN,regular
CN,regular
CN,regular
CN,regular
CN,regular
CN,regular
CN,regular
CN,regular
CN,regular
CNA,deviant
CNA,deviant
CNA,deviant
CNA,deviant
CNA,deviant
CNA,deviant
CNA,deviant
CNA,deviant
CNA,deviant
CNA,deviant
CNA,deviant
CNA,deviant
CNA,deviant
CNA,deviant
CNA,deviant
CO,deviant
CO,deviant
CO,deviant
CO,deviant
CO,deviant
CO,deviant
CO,deviant
CP,regular
CP,regular
CP,regular
CP,regular
CP,regular
CP,regular
CP,regular
CP,regular
CP,regular
CP,regular
CP,regular
CP,regular
CP,regular
CP,regular
CP,regular
CQ,deviant
CQ,deviant
CQ,deviant
CQ,deviant
CQ,deviant
CQ,deviant
CQ,deviant
CQ,deviant
CQ,deviant
CQ,deviant
CQ,deviant
CQ,deviant
CR,deviant
CR,deviant
CR,deviant
CR,deviant
CR,deviant
CR,deviant
CR,deviant
CR,deviant
CR,deviant
CR,deviant
CR,deviant
CR,deviant
CR,deviant
CR,deviant
CR,deviant
CT,deviant
CT,deviant
CT,deviant
CT,deviant
CT,deviant
CT,deviant
CT,deviant
CT,deviant
CT,deviant
CT,deviant
CT,deviant
CU,deviant
CU,deviant
CU,deviant
CU,deviant
CU,deviant
CU,deviant
CU,deviant
CU,deviant
CU,deviant
CV,deviant
CV,deviant
CV,deviant
CV,deviant
CV,deviant
CV,deviant
CV,deviant
CV,deviant
CV,deviant
CV,deviant
CV,deviant
CW,deviant
CW,deviant
CW,deviant
CW,deviant
CW,deviant
CW,deviant
CW,deviant
CW,deviant
CW,deviant
CW,deviant
CW,deviant
CW,deviant
CW,deviant
CW,deviant
CX,deviant
CX,deviant
CX,deviant
CX,deviant
CX,deviant
CX,deviant
CX,deviant
CX,deviant
CX,deviant
CX,deviant
CX,deviant
CX,deviant
CX,deviant
CY,regular
CY,regular
CY,regular
CY,regular
CY,regular
CY,regular
CY,regular
CY,regular
CY,regular
CY,regular
CY,regular
CY,regular
CY,regular
CY,regular
CY,regular
CY,regular
CY,regular
CY,regular
CY,regular
CY,regular
CY,regular
CY,regular
CY,regular
CY,regular
CY,regular
CY,regular
CY,regular
CY,regular
CY,regular
CY,regular
CY,regular
CY,regular
CY,regular
CZ,regular
CZ,regular
CZ,regular
CZ,regular
CZ,regular
CZ,regular
CZ,regular
CZ,regular
CZ,regular
CZ,regular
CZ,regular
CZ,regular
CZ,regular
CZ,regular
CZ,regular
CZ,regular
CZ,regular
CZ,regular
CZ,regular
CZ,regular
CZ,regular
CZ,regular
CZ,regular
CZ,regular
CZ,regular
CZ,regular
CZ,regular
CZ,regular
CZ,regular
CZ,regular
CZ,regular
CZ,regular
CZ,regular
CZ,regular
CZ,regular
CZ,regular
CZ,regular
CZ,regular
CZ,regular
CZ,regular
D,deviant
D,deviant
D,deviant
D,deviant
D,deviant
D,deviant
D,deviant
D,deviant
D,deviant
D,deviant
D,deviant
DA,regular
DA,regular
DA,regular
DA,regular
DA,regular
DA,regular
DA,regular
DA,regular
DA,regular
DA,regular
DA,regular
DA,regular
DAA,deviant
DAA,deviant
DAA,deviant
DAA,deviant
DAA,deviant
DAA,deviant
DAA,deviant
DAA,deviant
DAA,deviant
DAA,deviant
DAA,deviant
DAA,deviant
DAA,deviant
DAA,deviant
DAA,deviant
DB,deviant
DB,deviant
DB,deviant
DB,deviant
DB,deviant
DB,deviant
DB,deviant
DB,deviant
DB,deviant
DB,deviant
DB,deviant
DBA,deviant
DBA,deviant
DBA,deviant
DBA,deviant
DBA,deviant
DBA,deviant
DBA,deviant
DBA,deviant
DBA,deviant
DBA,deviant
DBA,deviant
DBA,deviant
DBA,deviant
DC,deviant
DC,deviant
DC,deviant
DC,deviant
DC,deviant
DC,deviant
DC,deviant
DC,deviant
DC,deviant
DC,deviant
DCA,deviant
DCA,deviant
DCA,deviant
DCA,deviant
DCA,deviant
DCA,deviant
DCA,deviant
DCA,deviant
DCA,deviant
DCA,deviant
DCA,deviant
DD,regular
DD,regular
DD,regular
DD,regular
DD,regular
DD,regular
DD,regular
DD,regular
DDA,deviant
DDA,deviant
DDA,deviant
DDA,deviant
DDA,deviant
DDA,deviant
DDA,deviant
DDA,deviant
DDA,deviant
DDA,deviant
DDA,deviant
DDA,deviant
DDA,deviant
DDA,deviant
DDA,deviant
DDA,deviant
DEA,deviant
DEA,deviant
DEA,deviant
DEA,deviant
DEA,deviant
DEA,deviant
DEA,deviant
DEA,deviant
DEA,deviant
DEA,deviant
DEA,deviant
DEA,deviant
DEA,deviant
DFA,deviant
DFA,deviant
DFA,deviant
DFA,deviant
DFA,deviant
DFA,deviant
DFA,deviant
DFA,deviant
DFA,deviant
DG,deviant
DG,deviant
DG,deviant
DG,deviant
DG,deviant
DG,deviant
DG,deviant
DG,deviant
DG,deviant
DG,deviant
DG,deviant
DGA,regular
DGA,regular
DGA,regular
DGA,regular
DGA,regular
DGA,regular
DGA,regular
DGA,regular
DGA,regular
DGA,regular
DGA,regular
DGA,regular
DGA,regular
DGA,regular
DGA,regular
DGA,regular
DGA,regular
DGA,regular
DH,deviant
DH,deviant
DH,deviant
DH,deviant
DH,deviant
DH,deviant
DH,deviant
DH,deviant
DH,deviant
DH,deviant
DH,deviant
DH,deviant
DH,deviant
DHA,regular
DHA,regular
DHA,regular
DHA,regular
DHA,regular
DHA,regular
DHA,regular
DHA,regular
DI,deviant
DI,deviant
DI,deviant
DI,deviant
DI,deviant
DI,deviant
DI,deviant
DI,deviant
DI,deviant
DI,deviant
DI,deviant
DJ,deviant
DJ,deviant
DJ,deviant
DJ,deviant
DJ,deviant
DJ,deviant
DJ,deviant
DJ,deviant
DJ,deviant
DJ,deviant
DJ,deviant
DJ,deviant
DJ,deviant
DJ,deviant
DJ,deviant
DJ,deviant
DJ,deviant
DJ,deviant
DJ,deviant
DJ,deviant
DJ,deviant
DJA,deviant
DJA,deviant
DJA,deviant
DJA,deviant
DJA,deviant
DJA,deviant
DJA,deviant
DK,deviant
DK,deviant
DK,deviant
DK,deviant
DK,deviant
DK,deviant
DK,deviant
DK,deviant
DK,deviant
DK,deviant
DK,deviant
DKA,deviant
DKA,deviant
DKA,deviant
DKA,deviant
DKA,deviant
DKA,deviant
DKA,deviant
DKA,deviant
DKA,deviant
DKA,deviant
DKA,deviant
DKA,deviant
DL,deviant
DL,deviant
DL,deviant
DL,deviant
DL,deviant
DL,deviant
DL,deviant
DL,deviant
DL,deviant
DL,deviant
DO,deviant
DO,deviant
DO,deviant
DO,deviant
DO,deviant
DO,deviant
DO,deviant
DO,deviant
DO,deviant
DO,deviant
DO,deviant
DO,deviant
DO,deviant
DO,deviant
DP,deviant
DP,deviant
DP,deviant
DP,deviant
DP,deviant
DP,deviant
DP,deviant
DP,deviant
DP,deviant
DP,deviant
DP,deviant
DP,deviant
DP,deviant
DR,deviant
DR,deviant
DR,deviant
DR,deviant
DR,deviant
DR,deviant
DR,deviant
DR,deviant
DR,deviant
DR,deviant
DR,deviant
DR,deviant
DR,deviant
DR,deviant
DS,deviant
DS,deviant
DS,deviant
DS,deviant
DS,deviant
DS,deviant
DS,deviant
DS,deviant
DS,deviant
DS,deviant
DS,deviant
DS,deviant
DS,deviant
DS,deviant
DT,deviant
DT,deviant
DT,deviant
DT,deviant
DT,deviant
DT,deviant
DT,deviant
DT,deviant
DW,deviant
DW,deviant
DW,deviant
DW,deviant
DW,deviant
DW,deviant
DW,deviant
DW,deviant
DW,deviant
DW,deviant
DW,deviant
DW,deviant
DX,deviant
DX,deviant
DX,deviant
DX,deviant
DX,deviant
DX,deviant
DX,deviant
DX,deviant
DX,deviant
DX,deviant
DX,deviant
DX,deviant
DY,deviant
DY,deviant
DY,deviant
DY,deviant
DY,deviant
DY,deviant
DY,deviant
DY,deviant
DY,deviant
DY,deviant
DY,deviant
DY,deviant
DY,deviant
DZ,deviant
DZ,deviant
DZ,deviant
DZ,deviant
DZ,deviant
DZ,deviant
DZ,deviant
DZ,deviant
DZ,deviant
DZ,deviant
DZ,deviant
DZ,deviant
DZ,deviant
DZ,deviant
DZ,deviant
DZ,deviant
DZ,deviant
DZ,deviant
DZ,deviant
DZ,deviant
DZ,deviant
DZ,deviant
DZ,deviant
DZ,deviant
DZ,deviant
DZ,deviant
DZ,deviant
DZ,deviant
DZ,deviant
DZ,deviant
DZ,deviant
EA,deviant
EA,deviant
EA,deviant
EA,deviant
EA,deviant
EA,deviant
EA,deviant
EA,deviant
EA,deviant
EA,deviant
EA,deviant
EA,deviant
EA,deviant
EAA,regular
EAA,regular
EAA,regular
EAA,regular
EAA,regular
EAA,regular
EAA,regular
EAA,regular
EAA,regular
EAA,regular
EAA,regular
EAA,regular
EAA,regular
EAA,regular
EAA,regular
EBA,deviant
EBA,deviant
EBA,deviant
EBA,deviant
EBA,deviant
EBA,deviant
EBA,deviant
EBA,deviant
EBA,deviant
EBA,deviant
EBA,deviant
EC,deviant
EC,deviant
EC,deviant
EC,deviant
EC,deviant
EC,deviant
EC,deviant
EC,deviant
EC,deviant
EC,deviant
EC,deviant
EC,deviant
EC,deviant
EC,deviant
EC,deviant
EC,deviant
ECA,deviant
ECA,deviant
ECA,deviant
ECA,deviant
ECA,deviant
ECA,deviant
ECA,deviant
ECA,deviant
ECA,deviant
ECA,deviant
ECA,deviant
ECA,deviant
ECA,deviant
ECA,deviant
ECA,deviant
ECA,deviant
ECA,deviant
ECA,deviant
ED,deviant
ED,deviant
ED,deviant
ED,deviant
ED,deviant
ED,deviant
ED,deviant
ED,deviant
ED,deviant
ED,deviant
ED,deviant
ED,deviant
ED,deviant
ED,deviant
ED,deviant
ED,deviant
ED,deviant
ED,deviant
ED,deviant
ED,deviant
ED,deviant
ED,deviant
ED,deviant
ED,deviant
ED,deviant
ED,deviant
ED,deviant
ED,deviant
ED,deviant
ED,deviant
ED,deviant
EDA,deviant
EDA,deviant
EDA,deviant
EDA,deviant
EDA,deviant
EDA,deviant
EDA,deviant
EDA,deviant
EDA,deviant
EDA,deviant
EE,deviant
EE,deviant
EE,deviant
EE,deviant
EE,deviant
EE,deviant
EEA,deviant
EEA,deviant
EEA,deviant
EEA,deviant
EEA,deviant
EEA,deviant
EEA,deviant
EEA,deviant
EEA,deviant
EEA,deviant
EEA,deviant
EF,deviant
EF,deviant
EF,deviant
EF,deviant
EF,deviant
EF,deviant
EF,deviant
EF,deviant
EF,deviant
EF,deviant
EF,deviant
EF,deviant
EF,deviant
EGA,deviant
EGA,deviant
EGA,deviant
EGA,deviant
EGA,deviant
EGA,deviant
EGA,deviant
EGA,deviant
EGA,deviant
EGA,deviant
EGA,deviant
EGA,deviant
EH,deviant
EH,deviant
EH,deviant
EH,deviant
EH,deviant
EH,deviant
EH,deviant
EH,deviant
EH,deviant
EHA,deviant
EHA,deviant
EHA,deviant
EHA,deviant
EHA,deviant
EHA,deviant
EHA,deviant
EHA,deviant
EHA,deviant
EHA,deviant
EHA,deviant
EHA,deviant
EHA,deviant
EHA,deviant
EHA,deviant
EHA,deviant
EHA,deviant
EHA,deviant
EHA,deviant
EHA,deviant
EHA,deviant
EHA,deviant
EHA,deviant
EHA,deviant
EHA,deviant
EHA,deviant
EHA,deviant
EHA,deviant
EHA,deviant
EI,regular
EI,regular
EI,regular
EI,regular
EI,regular
EI,regular
EI,regular
EI,regular
EI,regular
EI,regular
EI,regular
EI,regular
EI,regular
EI,regular
EIA,deviant
EIA,deviant
EIA,deviant
EIA,deviant
EIA,deviant
EIA,deviant
EIA,deviant
EIA,deviant
EIA,deviant
EIA,deviant
EJ,deviant
EJ,deviant
EJ,deviant
EJ,deviant
EJ,deviant
EJ,deviant
EJ,deviant
EJ,deviant
EJ,deviant
EJ,deviant
EJA,deviant
EJA,deviant
EJA,deviant
EJA,deviant
EJA,deviant
EJA,deviant
EJA,deviant
EJA,deviant
EK,regular
EK,regular
EK,regular
EK,regular
EK,regular
EK,regular
EK,regular
EK,regular
EK,regular
EK,regular
EK,regular
EK,regular
EK,regular
EK,regular
EK,regular
EK,regular
EK,regular
EK,regular
EK,regular
EK,regular
EKA,deviant
EKA,deviant
EKA,deviant
EKA,deviant
EKA,deviant
EKA,deviant
EKA,deviant
EKA,deviant
EKA,deviant
EKA,deviant
EKA,deviant
EKA,deviant
EKA,deviant
EL,deviant
EL,deviant
EL,deviant
EL,deviant
EL,deviant
EL,deviant
EL,deviant
EL,deviant
EL,deviant
EL,deviant
EL,deviant
EL,deviant
EL,deviant
ELA,deviant
ELA,deviant
ELA,deviant
ELA,deviant
ELA,deviant
ELA,deviant
ELA,deviant
ELA,deviant
ELA,deviant
ELA,deviant
ELA,deviant
ELA,deviant
ELA,deviant
ELA,deviant
ELA,deviant
ELA,deviant
ELA,deviant
ELA,deviant
ELA,deviant
EM,deviant
EM,deviant
EM,deviant
EM,deviant
EM,deviant
EM,deviant
EM,deviant
EM,deviant
EM,deviant
EM,deviant
EM,deviant
EM,deviant
EM,deviant
EM,deviant
EM,deviant
EM,deviant
EM,deviant
EM,deviant
EM,deviant
EM,deviant
EM,deviant
EM,deviant
EM,deviant
EM,deviant
EM,deviant
EM,deviant
EM,deviant
EMA,deviant
EMA,deviant
EMA,deviant
EMA,deviant
EMA,deviant
EMA,deviant
EMA,deviant
EMA,deviant
EMA,deviant
EMA,deviant
EMA,deviant
EMA,deviant
EMA,deviant
EMA,deviant
EMA,deviant
EO,deviant
EO,deviant
EO,deviant
EO,deviant
EO,deviant
EO,deviant
EO,deviant
EO,deviant
EO,deviant
EO,deviant
EO,deviant
EO,deviant
EO,deviant
EQ,deviant
EQ,deviant
EQ,deviant
EQ,deviant
EQ,deviant
EQ,deviant
EQ,deviant
EQ,deviant
EQ,deviant
EQ,deviant
EQ,deviant
EQ,deviant
EQ,deviant
EQ,deviant
EQ,deviant
EQ,deviant
EQ,deviant
EQ,deviant
EQ,deviant
EQ,deviant
EQ,deviant
EQ,deviant
EQ,deviant
EQ,deviant
EQ,deviant
EQ,deviant
EQ,deviant
EQ,deviant
ES,deviant
ES,deviant
ES,deviant
ES,deviant
ES,deviant
ES,deviant
ES,deviant
ES,deviant
ES,deviant
ES,deviant
ES,deviant
ES,deviant
ES,deviant
ES,deviant
ES,deviant
ES,deviant
ES,deviant
ES,deviant
ES,deviant
ES,deviant
ES,deviant
ES,deviant
ES,deviant
ES,deviant
ES,deviant
ES,deviant
ES,deviant
ES,deviant
ES,deviant
ES,deviant
ES,deviant
ES,deviant
ES,deviant
ES,deviant
ES,deviant
ES,deviant
ES,deviant
ES,deviant
ES,deviant
ES,deviant
ES,deviant
ES,deviant
ES,deviant
ES,deviant
ES,deviant
ES,deviant
ET,deviant
ET,deviant
ET,deviant
ET,deviant
ET,deviant
ET,deviant
ET,deviant
ET,deviant
ET,deviant
EU,deviant
EU,deviant
EU,deviant
EU,deviant
EU,deviant
EU,deviant
EU,deviant
EU,deviant
EU,deviant
EU,deviant
EU,deviant
EU,deviant
EW,deviant
EW,deviant
EW,deviant
EW,deviant
EW,deviant
EW,deviant
EW,deviant
EW,deviant
EW,deviant
EW,deviant
EW,deviant
EW,deviant
EW,deviant
EW,deviant
EW,deviant
EW,deviant
EW,deviant
EW,deviant
EW,deviant
EW,deviant
EW,deviant
EW,deviant
EX,deviant
EX,deviant
EX,deviant
EX,deviant
EX,deviant
EX,deviant
EX,deviant
EX,deviant
EX,deviant
EX,deviant
EX,deviant
EX,deviant
EX,deviant
EX,deviant
EX,deviant
EX,deviant
EX,deviant
EX,deviant
EX,deviant
EX,deviant
EX,deviant
EX,deviant
EX,deviant
EY,regular
EY,regular
EY,regular
EY,regular
EY,regular
EY,regular
EY,regular
EY,regular
EY,regular
EY,regular
EY,regular
EY,regular
F,deviant
F,deviant
F,deviant
F,deviant
F,deviant
F,deviant
F,deviant
F,deviant
F,deviant
FAA,deviant
FAA,deviant
FAA,deviant
FAA,deviant
FAA,deviant
FAA,deviant
FAA,deviant
FAA,deviant
FAA,deviant
FAA,deviant
FAA,deviant
FAA,deviant
FAA,deviant
FAA,deviant
FAA,deviant
FBA,deviant
FBA,deviant
FBA,deviant
FBA,deviant
FBA,deviant
FBA,deviant
FBA,deviant
FBA,deviant
FC,deviant
FC,deviant
FC,deviant
FC,deviant
FC,deviant
FC,deviant
FCA,deviant
FCA,deviant
FCA,deviant
FCA,deviant
FCA,deviant
FCA,deviant
FCA,deviant
FCA,deviant
FCA,deviant
FCA,deviant
FCA,deviant
FCA,deviant
FCA,deviant
FDA,deviant
FDA,deviant
FDA,deviant
FDA,deviant
FDA,deviant
FDA,deviant
FDA,deviant
FDA,deviant
FDA,deviant
FDA,deviant
FDA,deviant
FDA,deviant
FDA,deviant
FDA,deviant
FDA,deviant
FDA,deviant
FE,deviant
FE,deviant
FE,deviant
FE,deviant
FE,deviant
FE,deviant
FE,deviant
FE,deviant
FE,deviant
FE,deviant
FE,deviant
FE,deviant
FE,deviant
FE,deviant
FE,deviant
FEA,deviant
FEA,deviant
FEA,deviant
FEA,deviant
FEA,deviant
FEA,deviant
FEA,deviant
FEA,deviant
FEA,deviant
FG,deviant
FG,deviant
FG,deviant
FG,deviant
FG,deviant
FG,deviant
FG,deviant
FG,deviant
FG,deviant
FG,deviant
FH,deviant
FH,deviant
FH,deviant
FH,deviant
FH,deviant
FH,deviant
FH,deviant
FH,deviant
FH,deviant
FH,deviant
FH,deviant
FHA,deviant
FHA,deviant
FHA,deviant
FHA,deviant
FHA,deviant
FHA,deviant
FHA,deviant
FHA,deviant
FHA,deviant
FHA,deviant
FHA,deviant
FIA,regular
FIA,regular
FIA,regular
FIA,regular
FIA,regular
FIA,regular
FIA,regular
FIA,regular
FIA,regular
FIA,regular
FIA,regular
FIA,regular
FIA,regular
FJ,deviant
FJ,deviant
FJ,deviant
FJ,deviant
FJ,deviant
FJ,deviant
FJ,deviant
FJ,deviant
FJ,deviant
FJ,deviant
FJ,deviant
FJA,deviant
FJA,deviant
FJA,deviant
FJA,deviant
FJA,deviant
FJA,deviant
FJA,deviant
FJA,deviant
FJA,deviant
FJA,deviant
FJA,deviant
FJA,deviant
FJA,deviant
FJA,deviant
FJA,deviant
FK,deviant
FK,deviant
FK,deviant
FK,deviant
FK,deviant
FK,deviant
FK,deviant
FK,deviant
FK,deviant
FK,deviant
FK,deviant
FK,deviant
FK,deviant
FK,deviant
FK,deviant
FK,deviant
FKA,deviant
FKA,deviant
FKA,deviant
FKA,deviant
FKA,deviant
FKA,deviant
FKA,deviant
FKA,deviant
FKA,deviant
FKA,deviant
FM,deviant
FM,deviant
FM,deviant
FM,deviant
FM,deviant
FM,deviant
FM,deviant
FM,deviant
FM,deviant
FM,deviant
FM,deviant
FM,deviant
FM,deviant
FM,deviant
FM,deviant
FMA,deviant
FMA,deviant
FMA,deviant
FMA,deviant
FMA,deviant
FMA,deviant
FMA,deviant
FMA,deviant
FMA,deviant
FMA,deviant
FMA,deviant
FN,regular
FN,regular
FN,regular
FN,regular
FN,regular
FN,regular
FN,regular
FN,regular
FN,regular
FN,regular
FN,regular
FN,regular
FN,regular
FN,regular
FN,regular
FN,regular
FN,regular
FN,regular
FN,regular
FN,regular
FN,regular
FN,regular
FN,regular
FO,deviant
FO,deviant
FO,deviant
FO,deviant
FO,deviant
FO,deviant
FO,deviant
FO,deviant
FO,deviant
FO,deviant
FO,deviant
FO,deviant
FO,deviant
FO,deviant
FO,deviant
FO,deviant
FO,deviant
FO,deviant
FO,deviant
FO,deviant
FO,deviant
FO,deviant
FO,deviant
FO,deviant
FO,deviant
FO,deviant
FO,deviant
FQ,regular
FQ,regular
FQ,regular
FQ,regular
FQ,regular
FQ,regular
FQ,regular
FQ,regular
FT,deviant
FT,deviant
FT,deviant
FT,deviant
FT,deviant
FT,deviant
FT,deviant
FT,deviant
FT,deviant
FT,deviant
FT,deviant
FT,deviant
FT,deviant
FT,deviant
FT,deviant
FT,deviant
FT,deviant
FT,deviant
FT,deviant
FT,deviant
FT,deviant
FT,deviant
FT,deviant
FT,deviant
FT,deviant
FT,deviant
FT,deviant
FT,deviant
FT,deviant
FT,deviant
FT,deviant
FT,deviant
FT,deviant
FT,deviant
FT,deviant
FT,deviant
FU,deviant
FU,deviant
FU,deviant
FU,deviant
FU,deviant
FU,deviant
FU,deviant
FU,deviant
FU,deviant
FU,deviant
FU,deviant
FW,deviant
FW,deviant
FW,deviant
FW,deviant
FW,deviant
FW,deviant
FW,deviant
FW,deviant
FW,deviant
FW,deviant
FW,deviant
FW,deviant
FW,deviant
FW,deviant
FW,deviant
FW,deviant
FW,deviant
FW,deviant
FX,deviant
FX,deviant
FX,deviant
FX,deviant
FX,deviant
FX,deviant
FX,deviant
FX,deviant
FX,deviant
FX,deviant
FX,deviant
FX,deviant
FX,deviant
FX,deviant
FX,deviant
FY,deviant
FY,deviant
FY,deviant
FY,deviant
FY,deviant
FY,deviant
FY,deviant
FY,deviant
FY,deviant
FY,deviant
FY,deviant
FY,deviant
FY,deviant
FY,deviant
FY,deviant
FZ,deviant
FZ,deviant
FZ,deviant
FZ,deviant
FZ,deviant
FZ,deviant
FZ,deviant
FZ,deviant
FZ,deviant
FZ,deviant
FZ,deviant
FZ,deviant
FZ,deviant
FZ,deviant
FZ,deviant
FZ,deviant
G,deviant
G,deviant
G,deviant
G,deviant
G,deviant
G,deviant
G,deviant
G,deviant
G,deviant
G,deviant
G,deviant
GA,deviant
GA,deviant
GA,deviant
GA,deviant
GA,deviant
GA,deviant
GA,deviant
GA,deviant
GA,deviant
GA,deviant
GA,deviant
GAA,deviant
GAA,deviant
GAA,deviant
GAA,deviant
GAA,deviant
GAA,deviant
GAA,deviant
GAA,deviant
GAA,deviant
GAA,deviant
GAA,deviant
GAA,deviant
GAA,deviant
GAA,deviant
GAA,deviant
GB,deviant
GB,deviant
GB,deviant
GB,deviant
GB,deviant
GB,deviant
GB,deviant
GB,deviant
GB,deviant
GB,deviant
GB,deviant
GBA,deviant
GBA,deviant
GBA,deviant
GBA,deviant
GBA,deviant
GBA,deviant
GBA,deviant
GBA,deviant
GBA,deviant
GC,deviant
GC,deviant
GC,deviant
GC,deviant
GC,deviant
GC,deviant
GC,deviant
GC,deviant
GC,deviant
GC,deviant
GC,deviant
GCA,deviant
GCA,deviant
GCA,deviant
GCA,deviant
GCA,deviant
GCA,deviant
GCA,deviant
GCA,deviant
GCA,deviant
GCA,deviant
GCA,deviant
GCA,deviant
GD,regular
GD,regular
GD,regular
GD,regular
GD,regular
GD,regular
GD,regular
GD,regular
GD,regular
GD,regular
GD,regular
GD,regular
GD,regular
GD,regular
GDA,deviant
GDA,deviant
GDA,deviant
GDA,deviant
GDA,deviant
GDA,deviant
GDA,deviant
GE,deviant
GE,deviant
GE,deviant
GE,deviant
GE,deviant
GE,deviant
GE,deviant
GE,deviant
GE,deviant
GE,deviant
GE,deviant
GE,deviant
GE,deviant
GE,deviant
GEA,deviant
GEA,deviant
GEA,deviant
GEA,deviant
GEA,deviant
GEA,deviant
GEA,deviant
GEA,deviant
GEA,deviant
GEA,deviant
GEA,deviant
GEA,deviant
GEA,deviant
GF,deviant
GF,deviant
GF,deviant
GF,deviant
GF,deviant
GF,deviant
GF,deviant
GF,deviant
GF,deviant
GF,deviant
GF,deviant
GF,deviant
GF,deviant
GF,deviant
GF,deviant
GF,deviant
GF,deviant
GF,deviant
GF,deviant
GF,deviant
GF,deviant
GF,deviant
GF,deviant
GF,deviant
GF,deviant
GF,deviant
GF,deviant
GF,deviant
GF,deviant
GF,deviant
GF,deviant
GF,deviant
GF,deviant
GF,deviant
GF,deviant
GF,deviant
GF,deviant
GF,deviant
GF,deviant
GF,deviant
GF,deviant
GF,deviant
GF,deviant
GF,deviant
GF,deviant
GF,deviant
GF,deviant
GF,deviant
GF,deviant
GF,deviant
GF,deviant
GF,deviant
GF,deviant
GF,deviant
GF,deviant
GF,deviant
GF,deviant
GFA,deviant
GFA,deviant
GFA,deviant
GFA,deviant
GFA,deviant
GFA,deviant
GFA,deviant
GFA,deviant
GFA,deviant
GG,deviant
GG,deviant
GG,deviant
GG,deviant
GG,deviant
GG,deviant
GG,deviant
GG,deviant
GG,deviant
GG,deviant
GG,deviant
GG,deviant
GG,deviant
GG,deviant
GG,deviant
GG,deviant
GHA,deviant
GHA,deviant
GHA,deviant
GHA,deviant
GHA,deviant
GHA,deviant
GHA,deviant
GHA,deviant
GHA,deviant
GHA,deviant
GHA,deviant
GHA,deviant
GHA,deviant
GI,deviant
GI,deviant
GI,deviant
GI,deviant
GI,deviant
GI,deviant
GI,deviant
GI,deviant
GI,deviant
GI,deviant
GI,deviant
GJ,deviant
GJ,deviant
GJ,deviant
GJ,deviant
GJ,deviant
GJ,deviant
GJ,deviant
GJ,deviant
GJ,deviant
GJ,deviant
GJ,deviant
GJ,deviant
GJ,deviant
GJ,deviant
GJ,deviant
GJ,deviant
GJ,deviant
GJ,deviant
GJ,deviant
GJA,deviant
GJA,deviant
GJA,deviant
GJA,deviant
GJA,deviant
GJA,deviant
GJA,deviant
GJA,deviant
GJA,deviant
GJA,deviant
GJA,deviant
GJA,deviant
GJA,deviant
GJA,deviant
GJA,deviant
GJA,deviant
GJA,deviant
GK,regular
GK,regular
GK,regular
GK,regular
GK,regular
GK,regular
GK,regular
GK,regular
GK,regular
GK,regular
GK,regular
GK,regular
GK,regular
GK,regular
GK,regular
GK,regular
GK,regular
GK,regular
GK,regular
GK,regular
GK,regular
GK,regular
GK,regular
GK,regular
GK,regular
GK,regular
GK,regular
GK,regular
GK,regular
GK,regular
GK,regular
GK,regular
GK,regular
GK,regular
GK,regular
GK,regular
GK,regular
GK,regular
GK,regular
GK,regular
GK,regular
GK,regular
GK,regular
GK,regular
GK,regular
GK,regular
GK,regular
GK,regular
GK,regular
GK,regular
GK,regular
GK,regular
GK,regular
GK,regular
GK,regular
GK,regular
GK,regular
GK,regular
GK,regular
GK,regular
GK,regular
GK,regular
GK,regular
GK,regular
GK,regular
GK,regular
GK,regular
GK,regular
GK,regular
GK,regular
GK,regular
GK,regular
GK,regular
GK,regular
GK,regular
GK,regular
GK,regular
GK,regular
GK,regular
GK,regular
GK,regular
GK,regular
GK,regular
GK,regular
GK,regular
GK,regular
GK,regular
GK,regular
GL,deviant
GL,deviant
GL,deviant
GL,deviant
GL,deviant
GL,deviant
GL,deviant
GL,deviant
GL,deviant
GL,deviant
GL,deviant
GL,deviant
GL,deviant
GLA,deviant
GLA,deviant
GLA,deviant
GLA,deviant
GLA,deviant
GLA,deviant
GLA,deviant
GLA,deviant
GLA,deviant
GLA,deviant
GLA,deviant
GLA,deviant
GLA,deviant
GM,regular
GM,regular
GM,regular
GM,regular
GM,regular
GM,regular
GM,regular
GM,regular
GM,regular
GM,regular
GM,regular
GM,regular
GM,regular
GMA,deviant
GMA,deviant
GMA,deviant
GMA,deviant
GMA,deviant
GMA,deviant
GMA,deviant
GMA,deviant
GMA,deviant
GMA,deviant
GMA,deviant
GMA,deviant
GN,regular
GN,regular
GN,regular
GN,regular
GN,regular
GN,regular
GN,regular
GN,regular
GN,regular
GN,regular
GN,regular
GN,regular
GN,regular
GN,regular
GN,regular
GN,regular
GN,regular
GN,regular
GN,regular
GN,regular
GN,regular
GN,regular
GN,regular
GN,regular
GN,regular
GN,regular
GN,regular
GN,regular
GN,regular
GN,regular
GN,regular
GN,regular
GN,regular
GN,regular
GN,regular
GN,regular
GN,regular
GN,regular
GN,regular
GN,regular
GN,regular
GNA,deviant
GNA,deviant
GNA,deviant
GNA,deviant
GNA,deviant
GNA,deviant
GNA,deviant
GNA,deviant
GNA,deviant
GNA,deviant
GNA,deviant
GNA,deviant
GNA,deviant
GNA,deviant
GNA,deviant
GNA,deviant
GNA,deviant
GNA,deviant
GNA,deviant
GNA,deviant
GNA,deviant
GNA,deviant
GNA,deviant
GNA,deviant
GO,deviant
GO,deviant
GO,deviant
GO,deviant
GO,deviant
GO,deviant
GO,deviant
GO,deviant
GO,deviant
GO,deviant
GO,deviant
GO,deviant
GO,deviant
GO,deviant
GO,deviant
GO,deviant
GO,deviant
GO,deviant
GO,deviant
GP,deviant
GP,deviant
GP,deviant
GP,deviant
GP,deviant
GP,deviant
GP,deviant
GP,deviant
GP,deviant
GQ,deviant
GQ,deviant
GQ,deviant
GQ,deviant
GQ,deviant
GQ,deviant
GQ,deviant
GQ,deviant
GQ,deviant
GS,regular
GS,regular
GS,regular
GS,regular
GS,regular
GS,regular
GS,regular
GS,regular
GS,regular
GS,regular
GS,regular
GS,regular
GS,regular
GS,regular
GS,regular
GS,regular
GT,deviant
GT,deviant
GT,deviant
GT,deviant
GT,deviant
GT,deviant
GT,deviant
GT,deviant
GT,deviant
GT,deviant
GT,deviant
GT,deviant
GT,deviant
GT,deviant
GT,deviant
GT,deviant
GT,deviant
GT,deviant
GT,deviant
GT,deviant
GU,deviant
GU,deviant
GU,deviant
GU,deviant
GU,deviant
GU,deviant
GU,deviant
GU,deviant
GU,deviant
GU,deviant
GU,deviant
GU,deviant
GU,deviant
GV,regular
GV,regular
GV,regular
GV,regular
GV,regular
GV,regular
GV,regular
GV,regular
GV,regular
GV,regular
GV,regular
GV,regular
GV,regular
GV,regular
GX,regular
GX,regular
GX,regular
GX,regular
GX,regular
GX,regular
GX,regular
GX,regular
GX,regular
GX,regular
GX,regular
GX,regular
GX,regular
GX,regular
GX,regular
GY,deviant
GY,deviant
GY,deviant
GY,deviant
GY,deviant
GY,deviant
GY,deviant
GY,deviant
GY,deviant
GY,deviant
GY,deviant
GY,deviant
H,regular
H,regular
H,regular
H,regular
H,regular
H,regular
H,regular
H,regular
H,regular
H,regular
H,regular
H,regular
H,regular
HA,deviant
HA,deviant
HA,deviant
HA,deviant
HA,deviant
HA,deviant
HA,deviant
HA,deviant
HA,deviant
HA,deviant
HAA,deviant
HAA,deviant
HAA,deviant
HAA,deviant
HAA,deviant
HAA,deviant
HAA,deviant
HAA,deviant
HAA,deviant
HAA,deviant
HAA,deviant
HAA,deviant
HAA,deviant
HAA,deviant
HAA,deviant
HAA,deviant
HAA,deviant
HAA,deviant
HAA,deviant
HAA,deviant
HB,deviant
HB,deviant
HB,deviant
HB,deviant
HB,deviant
HB,deviant
HB,deviant
HB,deviant
HB,deviant
HB,deviant
HB,deviant
HB,deviant
HB,deviant
HB,deviant
HBA,regular
HBA,regular
HBA,regular
HBA,regular
HBA,regular
HBA,regular
HBA,regular
HBA,regular
HBA,regular
HBA,regular
HBA,regular
HBA,regular
HBA,regular
HBA,regular
HBA,regular
HD,deviant
HD,deviant
HD,deviant
HD,deviant
HD,deviant
HD,deviant
HD,deviant
HD,deviant
HD,deviant
HD,deviant
HD,deviant
HD,deviant
HD,deviant
HD,deviant
HD,deviant
HD,deviant
HD,deviant
HD,deviant
HD,deviant
HD,deviant
HD,deviant
HD,deviant
HD,deviant
HD,deviant
HD,deviant
HD,deviant
HD,deviant
HD,deviant
HD,deviant
HD,deviant
HD,deviant
HDA,deviant
HDA,deviant
HDA,deviant
HDA,deviant
HDA,deviant
HDA,deviant
HDA,deviant
HDA,deviant
HDA,deviant
HDA,deviant
HE,deviant
HE,deviant
HE,deviant
HE,deviant
HE,deviant
HE,deviant
HE,deviant
HE,deviant
HE,deviant
HE,deviant
HE,deviant
HE,deviant
HE,deviant
HE,deviant
HE,deviant
HE,deviant
HEA,deviant
HEA,deviant
HEA,deviant
HEA,deviant
HEA,deviant
HEA,deviant
HEA,deviant
HEA,deviant
HEA,deviant
HEA,deviant
HEA,deviant
HEA,deviant
HEA,deviant
HEA,deviant
HEA,deviant
HF,deviant
HF,deviant
HF,deviant
HF,deviant
HF,deviant
HF,deviant
HF,deviant
HF,deviant
HF,deviant
HF,deviant
HF,deviant
HF,deviant
HG,deviant
HG,deviant
HG,deviant
HG,deviant
HG,deviant
HG,deviant
HG,deviant
HG,deviant
HG,deviant
HG,deviant
HG,deviant
HG,deviant
HG,deviant
HGA,deviant
HGA,deviant
HGA,deviant
HGA,deviant
HGA,deviant
HGA,deviant
HGA,deviant
HGA,deviant
HGA,deviant
HGA,deviant
HGA,deviant
HGA,deviant
HGA,deviant
HGA,deviant
HGA,deviant
HH,deviant
HH,deviant
HH,deviant
HH,deviant
HH,deviant
HH,deviant
HH,deviant
HH,deviant
HH,deviant
HH,deviant
HH,deviant
HHA,deviant
HHA,deviant
HHA,deviant
HHA,deviant
HHA,deviant
HHA,deviant
HHA,deviant
HHA,deviant
HHA,deviant
HHA,deviant
HHA,deviant
HHA,deviant
HHA,deviant
HHA,deviant
HHA,deviant
HI,deviant
HI,deviant
HI,deviant
HI,deviant
HI,deviant
HI,deviant
HI,deviant
HIA,deviant
HIA,deviant
HIA,deviant
HIA,deviant
HIA,deviant
HIA,deviant
HIA,deviant
HIA,deviant
HIA,deviant
HIA,deviant
HIA,deviant
HIA,deviant
HIA,deviant
HIA,deviant
HJ,deviant
HJ,deviant
HJ,deviant
HJ,deviant
HJ,deviant
HJ,deviant
HJ,deviant
HJ,deviant
HJ,deviant
HJ,deviant
HJ,deviant
HJ,deviant
HJ,deviant
HJ,deviant
HJA,deviant
HJA,deviant
HJA,deviant
HJA,deviant
HJA,deviant
HJA,deviant
HJA,deviant
HJA,deviant
HJA,deviant
HJA,deviant
HJA,deviant
HJA,deviant
HK,regular
HK,regular
HK,regular
HK,regular
HK,regular
HK,regular
HK,regular
HK,regular
HK,regular
HK,regular
HKA,regular
HKA,regular
HKA,regular
HKA,regular
HKA,regular
HKA,regular
HKA,regular
HKA,regular
HKA,regular
HKA,regular
HKA,regular
HKA,regular
HKA,regular
HKA,regular
HKA,regular
HKA,regular
HKA,regular
HKA,regular
HKA,regular
HL,deviant
HL,deviant
HL,deviant
HL,deviant
HL,deviant
HL,deviant
HL,deviant
HL,deviant
HL,deviant
HL,deviant
HL,deviant
HL,deviant
HL,deviant
HLA,deviant
HLA,deviant
HLA,deviant
HLA,deviant
HLA,deviant
HLA,deviant
HLA,deviant
HLA,deviant
HLA,deviant
HLA,deviant
HLA,deviant
HLA,deviant
HLA,deviant
HLA,deviant
HLA,deviant
HM,regular
HM,regular
HM,regular
HM,regular
HM,regular
HM,regular
HM,regular
HM,regular
HM,regular
HM,regular
HM,regular
HM,regular
HM,regular
HM,regular
HM,regular
HN,deviant
HN,deviant
HN,deviant
HN,deviant
HN,deviant
HN,deviant
HN,deviant
HN,deviant
HN,deviant
HN,deviant
HN,deviant
HN,deviant
HN,deviant
HN,deviant
HN,deviant
HN,deviant
HNA,deviant
HNA,deviant
HNA,deviant
HNA,deviant
HNA,deviant
HNA,deviant
HNA,deviant
HNA,deviant
HNA,deviant
HNA,deviant
HNA,deviant
HNA,deviant
HNA,deviant
HNA,deviant
HNA,deviant
HNA,deviant
HNA,deviant
HNA,deviant
HNA,deviant
HNA,deviant
HNA,deviant
HNA,deviant
HNA,deviant
HNA,deviant
HNA,deviant
HNA,deviant
HNA,deviant
HNA,deviant
HNA,deviant
HO,deviant
HO,deviant
HO,deviant
HO,deviant
HO,deviant
HO,deviant
HO,deviant
HO,deviant
HO,deviant
HO,deviant
HO,deviant
HO,deviant
HO,deviant
HO,deviant
HO,deviant
HO,deviant
HO,deviant
HO,deviant
HO,deviant
HO,deviant
HO,deviant
HO,deviant
HO,deviant
HO,deviant
HP,deviant
HP,deviant
HP,deviant
HP,deviant
HP,deviant
HP,deviant
HP,deviant
HP,deviant
HP,deviant
HP,deviant
HQ,deviant
HQ,deviant
HQ,deviant
HQ,deviant
HQ,deviant
HQ,deviant
HQ,deviant
HQ,deviant
HQ,deviant
HQ,deviant
HQ,deviant
HQ,deviant
HR,deviant
HR,deviant
HR,deviant
HR,deviant
HR,deviant
HR,deviant
HR,deviant
HR,deviant
HR,deviant
HS,regular
HS,regular
HS,regular
HS,regular
HS,regular
HS,regular
HS,regular
HS,regular
HS,regular
HS,regular
HS,regular
HS,regular
HS,regular
HS,regular
HS,regular
HS,regular
HS,regular
HS,regular
HS,regular
HS,regular
HS,regular
HS,regular
HS,regular
HS,regular
HS,regular
HS,regular
HS,regular
HS,regular
HS,regular
HS,regular
HS,regular
HS,regular
HS,regular
HS,regular
HS,regular
HS,regular
HS,regular
HS,regular
HS,regular
HS,regular
HS,regular
HS,regular
HS,regular
HS,regular
HS,regular
HT,deviant
HT,deviant
HT,deviant
HT,deviant
HT,deviant
HT,deviant
HT,deviant
HT,deviant
HT,deviant
HT,deviant
HT,deviant
HT,deviant
HT,deviant
HV,deviant
HV,deviant
HV,deviant
HV,deviant
HV,deviant
HV,deviant
HV,deviant
HV,deviant
HV,deviant
HV,deviant
HV,deviant
HV,deviant
HV,deviant
HV,deviant
HV,deviant
HX,deviant
HX,deviant
HX,deviant
HX,deviant
HX,deviant
HX,deviant
HX,deviant
HX,deviant
HX,deviant
HY,deviant
HY,deviant
HY,deviant
HY,deviant
HY,deviant
HY,deviant
HY,deviant
HY,deviant
HY,deviant
HY,deviant
HY,deviant
HY,deviant
HY,deviant
HZ,deviant
HZ,deviant
HZ,deviant
HZ,deviant
HZ,deviant
HZ,deviant
HZ,deviant
HZ,deviant
HZ,deviant
HZ,deviant
HZ,deviant
HZ,deviant
HZ,deviant
HZ,deviant
HZ,deviant
HZ,deviant
HZ,deviant
HZ,deviant
HZ,deviant
HZ,deviant
HZ,deviant
I,deviant
I,deviant
I,deviant
I,deviant
I,deviant
I,deviant
I,deviant
I,deviant
I,deviant
I,deviant
IAA,deviant
IAA,deviant
IAA,deviant
IAA,deviant
IAA,deviant
IAA,deviant
IAA,deviant
IB,deviant
IB,deviant
IB,deviant
IB,deviant
IB,deviant
IB,deviant
IB,deviant
IB,deviant
IB,deviant
IB,deviant
IB,deviant
IB,deviant
IB,deviant
IBA,deviant
IBA,deviant
IBA,deviant
IBA,deviant
IBA,deviant
IBA,deviant
IBA,deviant
IBA,deviant
IBA,deviant
IBA,deviant
IBA,deviant
IC,deviant
IC,deviant
IC,deviant
IC,deviant
IC,deviant
IC,deviant
IC,deviant
IC,deviant
IC,deviant
IC,deviant
IDA,deviant
IDA,deviant
IDA,deviant
IDA,deviant
IDA,deviant
IDA,deviant
IDA,deviant
IDA,deviant
IDA,deviant
IDA,deviant
IDA,deviant
IE,deviant
IE,deviant
IE,deviant
IE,deviant
IE,deviant
IE,deviant
IEA,deviant
IEA,deviant
IEA,deviant
IEA,deviant
IEA,deviant
IEA,deviant
IEA,deviant
IEA,deviant
IEA,deviant
IEA,deviant
IEA,deviant
IF,deviant
IF,deviant
IF,deviant
IF,deviant
IF,deviant
IF,deviant
IF,deviant
IF,deviant
IF,deviant
IF,deviant
IF,deviant
IF,deviant
IF,deviant
IF,deviant
IF,deviant
IF,deviant
IG,deviant
IG,deviant
IG,deviant
IG,deviant
IG,deviant
IG,deviant
IG,deviant
IG,deviant
IG,deviant
IG,deviant
IG,deviant
IG,deviant
IG,deviant
IG,deviant
IG,deviant
IG,deviant
IG,deviant
IGA,deviant
IGA,deviant
IGA,deviant
IGA,deviant
IGA,deviant
IGA,deviant
IGA,deviant
IGA,deviant
IGA,deviant
IGA,deviant
IGA,deviant
IGA,deviant
IGA,deviant
IGA,deviant
IH,deviant
IH,deviant
IH,deviant
IH,deviant
IH,deviant
IH,deviant
IH,deviant
IH,deviant
IH,deviant
IH,deviant
IH,deviant
IH,deviant
IH,deviant
IH,deviant
IH,deviant
IHA,deviant
IHA,deviant
IHA,deviant
IHA,deviant
IHA,deviant
IHA,deviant
IHA,deviant
IHA,deviant
IHA,deviant
IHA,deviant
IHA,deviant
IHA,deviant
IHA,deviant
IHA,deviant
IHA,deviant
II,deviant
II,deviant
II,deviant
II,deviant
II,deviant
II,deviant
II,deviant
II,deviant
II,deviant
II,deviant
II,deviant
IIA,deviant
IIA,deviant
IIA,deviant
IIA,deviant
IIA,deviant
IIA,deviant
IIA,deviant
IIA,deviant
IIA,deviant
IIA,deviant
IIA,deviant
IIA,deviant
IJ,deviant
IJ,deviant
IJ,deviant
IJ,deviant
IJ,deviant
IJ,deviant
IJ,deviant
IJ,deviant
IJ,deviant
IJ,deviant
IJ,deviant
IJ,deviant
IJ,deviant
IJ,deviant
IJ,deviant
IL,deviant
IL,deviant
IL,deviant
IL,deviant
IL,deviant
IL,deviant
IL,deviant
IL,deviant
IL,deviant
IL,deviant
IL,deviant
IL,deviant
ILA,deviant
ILA,deviant
ILA,deviant
ILA,deviant
ILA,deviant
ILA,deviant
ILA,deviant
ILA,deviant
ILA,deviant
ILA,deviant
IM,deviant
IM,deviant
IM,deviant
IM,deviant
IM,deviant
IM,deviant
IM,deviant
IM,deviant
IM,deviant
IM,deviant
IM,deviant
IM,deviant
IM,deviant
IM,deviant
IM,deviant
IM,deviant
IM,deviant
IM,deviant
IM,deviant
IM,deviant
IM,deviant
IM,deviant
IM,deviant
IM,deviant
IM,deviant
IM,deviant
IM,deviant
IM,deviant
IM,deviant
IM,deviant
IM,deviant
IM,deviant
IM,deviant
IM,deviant
IM,deviant
IM,deviant
IO,deviant
IO,deviant
IO,deviant
IO,deviant
IO,deviant
IO,deviant
IO,deviant
IO,deviant
IO,deviant
IO,deviant
IO,deviant
IO,deviant
IO,deviant
IO,deviant
IO,deviant
IP,deviant
IP,deviant
IP,deviant
IP,deviant
IP,deviant
IP,deviant
IP,deviant
IP,deviant
IP,deviant
IP,deviant
IP,deviant
IP,deviant
IP,deviant
IP,deviant
IQ,deviant
IQ,deviant
IQ,deviant
IQ,deviant
IQ,deviant
IQ,deviant
IQ,deviant
IQ,deviant
IQ,deviant
IQ,deviant
IQ,deviant
IS,deviant
IS,deviant
IS,deviant
IS,deviant
IS,deviant
IS,deviant
IS,deviant
IS,deviant
IS,deviant
IS,deviant
IS,deviant
IS,deviant
IS,deviant
IS,deviant
IS,deviant
IS,deviant
IS,deviant
IS,deviant
IS,deviant
IS,deviant
IS,deviant
IS,deviant
IT,deviant
IT,deviant
IT,deviant
IT,deviant
IT,deviant
IT,deviant
IT,deviant
IT,deviant
IT,deviant
IT,deviant
IT,deviant
IT,deviant
IT,deviant
IT,deviant
IU,deviant
IU,deviant
IU,deviant
IU,deviant
IU,deviant
IU,deviant
IU,deviant
IU,deviant
IU,deviant
IU,deviant
IU,deviant
IU,deviant
IU,deviant
IU,deviant
IW,deviant
IW,deviant
IW,deviant
IW,deviant
IW,deviant
IW,deviant
IW,deviant
IW,deviant
IW,deviant
IW,deviant
IW,deviant
IW,deviant
IY,deviant
IY,deviant
IY,deviant
IY,deviant
IY,deviant
IY,deviant
IY,deviant
IY,deviant
IY,deviant
IY,deviant
IY,deviant
IY,deviant
IY,deviant
IY,deviant
IY,deviant
IY,deviant
IZ,deviant
IZ,deviant
IZ,deviant
IZ,deviant
IZ,deviant
IZ,deviant
J,deviant
J,deviant
J,deviant
J,deviant
J,deviant
J,deviant
J,deviant
J,deviant
J,deviant
J,deviant
JA,deviant
JA,deviant
JA,deviant
JA,deviant
JA,deviant
JA,deviant
JA,deviant
JA,deviant
JA,deviant
JA,deviant
JA,deviant
JA,deviant
JAA,regular
JAA,regular
JAA,regular
JAA,regular
JAA,regular
JAA,regular
JAA,regular
JAA,regular
JAA,regular
JAA,regular
JAA,regular
JAA,regular
JAA,regular
JAA,regular
JAA,regular
JAA,regular
JAA,regular
JAA,regular
JAA,regular
JAA,regular
JAA,regular
JAA,regular
JAA,regular
JC,deviant
JC,deviant
JC,deviant
JC,deviant
JC,deviant
JC,deviant
JC,deviant
JC,deviant
JC,deviant
JC,deviant
JC,deviant
JC,deviant
JC,deviant
JCA,regular
JCA,regular
JCA,regular
JCA,regular
JCA,regular
JCA,regular
JCA,regular
JCA,regular
JCA,regular
JCA,regular
JCA,regular
JCA,regular
JCA,regular
JCA,regular
JCA,regular
JCA,regular
JCA,regular
JCA,regular
JD,deviant
JD,deviant
JD,deviant
JD,deviant
JD,deviant
JD,deviant
JD,deviant
JD,deviant
JD,deviant
JD,deviant
JD,deviant
JD,deviant
JE,deviant
JE,deviant
JE,deviant
JE,deviant
JE,deviant
JE,deviant
JE,deviant
JE,deviant
JE,deviant
JE,deviant
JE,deviant
JE,deviant
JE,deviant
JE,deviant
JFA,deviant
JFA,deviant
JFA,deviant
JFA,deviant
JFA,deviant
JFA,deviant
JG,deviant
JG,deviant
JG,deviant
JG,deviant
JG,deviant
JG,deviant
JG,deviant
JG,deviant
JG,deviant
JG,deviant
JG,deviant
JG,deviant
JGA,deviant
JGA,deviant
JGA,deviant
JGA,deviant
JGA,deviant
JGA,deviant
JGA,deviant
JH,deviant
JH,deviant
JH,deviant
JH,deviant
JH,deviant
JH,deviant
JH,deviant
JH,deviant
JH,deviant
JH,deviant
JHA,deviant
JHA,deviant
JHA,deviant
JHA,deviant
JHA,deviant
JHA,deviant
JJ,deviant
JJ,deviant
JJ,deviant
JJ,deviant
JJ,deviant
JJ,deviant
JJ,deviant
JJ,deviant
JJ,deviant
JJ,deviant
JJ,deviant
JJA,deviant
JJA,deviant
JJA,deviant
JJA,deviant
JJA,deviant
JJA,deviant
JJA,deviant
JJA,deviant
JK,deviant
JK,deviant
JK,deviant
JK,deviant
JK,deviant
JK,deviant
JK,deviant
JK,deviant
JK,deviant
JK,deviant
JK,deviant
JK,deviant
JK,deviant
JK,deviant
JK,deviant
JK,deviant
JK,deviant
JK,deviant
JK,deviant
JK,deviant
JK,deviant
JK,deviant
JK,deviant
JK,deviant
JK,deviant
JK,deviant
JK,deviant
JK,deviant
JK,deviant
JK,deviant
JKA,regular
JKA,regular
JKA,regular
JKA,regular
JKA,regular
JKA,regular
JKA,regular
JKA,regular
JKA,regular
JKA,regular
JKA,regular
JKA,regular
JKA,regular
JL,deviant
JL,deviant
JL,deviant
JL,deviant
JL,deviant
JL,deviant
JL,deviant
JL,deviant
JL,deviant
JLA,deviant
JLA,deviant
JLA,deviant
JLA,deviant
JLA,deviant
JLA,deviant
JLA,deviant
JLA,deviant
JLA,deviant
JLA,deviant
JLA,deviant
JLA,deviant
JLA,deviant
JLA,deviant
JLA,deviant
JLA,deviant
JLA,deviant
JLA,deviant
JLA,deviant
JLA,deviant
JLA,deviant
JLA,deviant
JLA,deviant
JLA,deviant
JM,regular
JM,regular
JM,regular
JM,regular
JM,regular
JM,regular
JM,regular
JM,regular
JM,regular
JM,regular
JM,regular
JM,regular
JM,regular
JMA,deviant
JMA,deviant
JMA,deviant
JMA,deviant
JMA,deviant
JMA,deviant
JMA,deviant
JMA,deviant
JMA,deviant
JMA,deviant
JMA,deviant
JMA,deviant
JMA,deviant
JMA,deviant
JMA,deviant
JMA,deviant
JN,deviant
JN,deviant
JN,deviant
JN,deviant
JN,deviant
JN,deviant
JN,deviant
JN,deviant
JN,deviant
JN,deviant
JN,deviant
JO,deviant
JO,deviant
JO,deviant
JO,deviant
JO,deviant
JO,deviant
JO,deviant
JO,deviant
JO,deviant
JO,deviant
JQ,regular
JQ,regular
JQ,regular
JQ,regular
JQ,regular
JQ,regular
JQ,regular
JQ,regular
JQ,regular
JQ,regular
JQ,regular
JQ,regular
JQ,regular
JQ,regular
JQ,regular
JQ,regular
JQ,regular
JQ,regular
JR,deviant
JR,deviant
JR,deviant
JR,deviant
JR,deviant
JR,deviant
JR,deviant
JR,deviant
JR,deviant
JR,deviant
JR,deviant
JR,deviant
JR,deviant
JR,deviant
JS,deviant
JS,deviant
JS,deviant
JS,deviant
JS,deviant
JS,deviant
JS,deviant
JS,deviant
JS,deviant
JS,deviant
JS,deviant
JS,deviant
JS,deviant
JS,deviant
JS,deviant
JS,deviant
JS,deviant
JS,deviant
JS,deviant
JS,deviant
JS,deviant
JS,deviant
JS,deviant
JS,deviant
JS,deviant
JS,deviant
JS,deviant
JS,deviant
JS,deviant
JS,deviant
JS,deviant
JS,deviant
JS,deviant
JS,deviant
JS,deviant
JS,deviant
JS,deviant
JS,deviant
JT,deviant
JT,deviant
JT,deviant
JT,deviant
JT,deviant
JT,deviant
JT,deviant
JT,deviant
JT,deviant
JT,deviant
JT,deviant
JT,deviant
JT,deviant
JU,deviant
JU,deviant
JU,deviant
JU,deviant
JU,deviant
JU,deviant
JU,deviant
JU,deviant
JU,deviant
JU,deviant
JU,deviant
JU,deviant
JU,deviant
JU,deviant
JU,deviant
JV,deviant
JV,deviant
JV,deviant
JV,deviant
JV,deviant
JV,deviant
JV,deviant
JV,deviant
JV,deviant
JV,deviant
JV,deviant
JV,deviant
JV,deviant
JV,deviant
JW,deviant
JW,deviant
JW,deviant
JW,deviant
JW,deviant
JW,deviant
JW,deviant
JW,deviant
JW,deviant
JW,deviant
JW,deviant
JW,deviant
JW,deviant
JW,deviant
JX,deviant
JX,deviant
JX,deviant
JX,deviant
JX,deviant
JX,deviant
JX,deviant
JX,deviant
JX,deviant
JX,deviant
JX,deviant
JX,deviant
JX,deviant
JX,deviant
JX,deviant
JX,deviant
JY,deviant
JY,deviant
JY,deviant
JY,deviant
JY,deviant
JY,deviant
JY,deviant
JY,deviant
JY,deviant
JY,deviant
JY,deviant
JY,deviant
JY,deviant
JY,deviant
JY,deviant
JY,deviant
K,deviant
K,deviant
K,deviant
K,deviant
K,deviant
K,deviant
K,deviant
K,deviant
K,deviant
K,deviant
K,deviant
K,deviant
K,deviant
K,deviant
KA,deviant
KA,deviant
KA,deviant
KA,deviant
KA,deviant
KA,deviant
KA,deviant
KA,deviant
KA,deviant
KA,deviant
KA,deviant
KA,deviant
KA,deviant
KA,deviant
KA,deviant
KAA,deviant
KAA,deviant
KAA,deviant
KAA,deviant
KB,deviant
KB,deviant
KB,deviant
KB,deviant
KB,deviant
KB,deviant
KB,deviant
KB,deviant
KB,deviant
KBA,deviant
KBA,deviant
KBA,deviant
KBA,deviant
KBA,deviant
KBA,deviant
KBA,deviant
KBA,deviant
KBA,deviant
KBA,deviant
KBA,deviant
KBA,deviant
KBA,deviant
KBA,deviant
KC,deviant
KC,deviant
KC,deviant
KC,deviant
KC,deviant
KC,deviant
KC,deviant
KC,deviant
KC,deviant
KC,deviant
KC,deviant
KC,deviant
KCA,deviant
KCA,deviant
KCA,deviant
KCA,deviant
KCA,deviant
KCA,deviant
KCA,deviant
KCA,deviant
KCA,deviant
KCA,deviant
KD,deviant
KD,deviant
KD,deviant
KD,deviant
KD,deviant
KD,deviant
KD,deviant
KD,deviant
KD,deviant
KD,deviant
KD,deviant
KD,deviant
KD,deviant
KD,deviant
KD,deviant
KE,deviant
KE,deviant
KE,deviant
KE,deviant
KE,deviant
KE,deviant
KE,deviant
KE,deviant
KE,deviant
KE,deviant
KE,deviant
KE,deviant
KE,deviant
KE,deviant
KF,deviant
KF,deviant
KF,deviant
KF,deviant
KF,deviant
KF,deviant
KF,deviant
KF,deviant
KF,deviant
KF,deviant
KF,deviant
KF,deviant
KF,deviant
KF,deviant
KFA,deviant
KFA,deviant
KFA,deviant
KFA,deviant
KFA,deviant
KFA,deviant
KFA,deviant
KFA,deviant
KFA,deviant
KFA,deviant
KFA,deviant
KFA,deviant
KFA,deviant
KG,deviant
KG,deviant
KG,deviant
KG,deviant
KG,deviant
KG,deviant
KG,deviant
KG,deviant
KG,deviant
KG,deviant
KG,deviant
KG,deviant
KG,deviant
KG,deviant
KG,deviant
KH,deviant
KH,deviant
KH,deviant
KH,deviant
KH,deviant
KH,deviant
KH,deviant
KH,deviant
KH,deviant
KH,deviant
KH,deviant
KHA,deviant
KHA,deviant
KHA,deviant
KHA,deviant
KHA,deviant
KHA,deviant
KHA,deviant
KHA,deviant
KHA,deviant
KI,deviant
KI,deviant
KI,deviant
KI,deviant
KI,deviant
KI,deviant
KI,deviant
KI,deviant
KI,deviant
KI,deviant
KI,deviant
KI,deviant
KI,deviant
KI,deviant
KIA,deviant
KIA,deviant
KIA,deviant
KIA,deviant
KIA,deviant
KIA,deviant
KIA,deviant
KIA,deviant
KIA,deviant
KIA,deviant
KIA,deviant
KIA,deviant
KJ,deviant
KJ,deviant
KJ,deviant
KJ,deviant
KJ,deviant
KJ,deviant
KJ,deviant
KJ,deviant
KJ,deviant
KK,deviant
KK,deviant
KK,deviant
KK,deviant
KK,deviant
KK,deviant
KK,deviant
KK,deviant
KK,deviant
KK,deviant
KK,deviant
KK,deviant
KK,deviant
KKA,deviant
KKA,deviant
KKA,deviant
KKA,deviant
KKA,deviant
KKA,deviant
KKA,deviant
KKA,deviant
KKA,deviant
KKA,deviant
KKA,deviant
KKA,deviant
KKA,deviant
KLA,deviant
KLA,deviant
KLA,deviant
KLA,deviant
KLA,deviant
KLA,deviant
KLA,deviant
KLA,deviant
KLA,deviant
KLA,deviant
KLA,deviant
KLA,deviant
KLA,deviant
KM,deviant
KM,deviant
KM,deviant
KM,deviant
KM,deviant
KM,deviant
KM,deviant
KM,deviant
KM,deviant
KM,deviant
KM,deviant
KM,deviant
KM,deviant
KM,deviant
KM,deviant
KM,deviant
KM,deviant
KM,deviant
KM,deviant
KM,deviant
KM,deviant
KM,deviant
KM,deviant
KM,deviant
KM,deviant
KM,deviant
KM,deviant
KM,deviant
KM,deviant
KM,deviant
KM,deviant
KM,deviant
KM,deviant
KM,deviant
KM,deviant
KM,deviant
KM,deviant
KM,deviant
KM,deviant
KM,deviant
KM,deviant
KM,deviant
KM,deviant
KM,deviant
KM,deviant
KM,deviant
KM,deviant
KM,deviant
KM,deviant
KM,deviant
KM,deviant
KM,deviant
KM,deviant
KM,deviant
KM,deviant
KM,deviant
KM,deviant
KM,deviant
KM,deviant
KM,deviant
KM,deviant
KM,deviant
KM,deviant
KM,deviant
KM,deviant
KM,deviant
KM,deviant
KM,deviant
KM,deviant
KM,deviant
KM,deviant
KM,deviant
KM,deviant
KM,deviant
KM,deviant
KM,deviant
KM,deviant
KM,deviant
KM,deviant
KM,deviant
KM,deviant
KM,deviant
KM,deviant
KM,deviant
KM,deviant
KM,deviant
KM,deviant
KM,deviant
KM,deviant
KM,deviant
KM,deviant
KM,deviant
KM,deviant
KM,deviant
KM,deviant
KM,deviant
KM,deviant
KM,deviant
KM,deviant
KM,deviant
KM,deviant
KM,deviant
KM,deviant
KM,deviant
KM,deviant
KM,deviant
KM,deviant
KM,deviant
KM,deviant
KM,deviant
KM,deviant
KM,deviant
KM,deviant
KM,deviant
KM,deviant
KM,deviant
KM,deviant
KM,deviant
KM,deviant
KM,deviant
KM,deviant
KM,deviant
KM,deviant
KM,deviant
KM,deviant
KM,deviant
KM,deviant
KM,deviant
KM,deviant
KM,deviant
KM,deviant
KM,deviant
KM,deviant
KM,deviant
KM,deviant
KM,deviant
KM,deviant
KM,deviant
KM,deviant
KM,deviant
KM,deviant
KM,deviant
KM,deviant
KM,deviant
KM,deviant
KM,deviant
KM,deviant
KM,deviant
KM,deviant
KM,deviant
KM,deviant
KM,deviant
KM,deviant
KM,deviant
KM,deviant
KM,deviant
KM,deviant
KM,deviant
KM,deviant
KM,deviant
KM,deviant
KM,deviant
KM,deviant
KM,deviant
KM,deviant
KM,deviant
KM,deviant
KM,deviant
KMA,regular
KMA,regular
KMA,regular
KMA,regular
KMA,regular
KMA,regular
KMA,regular
KMA,regular
KMA,regular
KMA,regular
KMA,regular
KMA,regular
KMA,regular
KMA,regular
KMA,regular
KMA,regular
KMA,regular
KMA,regular
KMA,regular
KMA,regular
KN,deviant
KN,deviant
KN,deviant
KN,deviant
KN,deviant
KN,deviant
KN,deviant
KN,deviant
KN,deviant
KN,deviant
KN,deviant
KN,deviant
KN,deviant
KNA,deviant
KNA,deviant
KNA,deviant
KNA,deviant
KNA,deviant
KNA,deviant
KNA,deviant
KNA,deviant
KNA,deviant
KNA,deviant
KNA,deviant
KNA,deviant
KNA,deviant
KNA,deviant
KO,deviant
KO,deviant
KO,deviant
KO,deviant
KO,deviant
KO,deviant
KO,deviant
KO,deviant
KO,deviant
KO,deviant
KO,deviant
KO,deviant
KO,deviant
KO,deviant
KP,deviant
KP,deviant
KP,deviant
KP,deviant
KP,deviant
KP,deviant
KP,deviant
KP,deviant
KP,deviant
KQ,deviant
KQ,deviant
KQ,deviant
KQ,deviant
KQ,deviant
KQ,deviant
KQ,deviant
KQ,deviant
KQ,deviant
KS,deviant
KS,deviant
KS,deviant
KS,deviant
KS,deviant
KS,deviant
KS,deviant
KS,deviant
KS,deviant
KS,deviant
KS,deviant
KS,deviant
KS,deviant
KS,deviant
KS,deviant
KS,deviant
KS,deviant
KS,deviant
KS,deviant
KS,deviant
KT,deviant
KT,deviant
KT,deviant
KT,deviant
KT,deviant
KT,deviant
KT,deviant
KT,deviant
KT,deviant
KT,deviant
KT,deviant
KT,deviant
KV,deviant
KV,deviant
KV,deviant
KV,deviant
KV,deviant
KV,deviant
KW,deviant
KW,deviant
KW,deviant
KW,deviant
KW,deviant
KW,deviant
KW,deviant
KW,deviant
KW,deviant
KW,deviant
KW,deviant
KX,deviant
KX,deviant
KX,deviant
KX,deviant
KX,deviant
KX,deviant
KX,deviant
KX,deviant
KX,deviant
KX,deviant
KX,deviant
KX,deviant
KX,deviant
KX,deviant
KX,deviant
KX,deviant
KX,deviant
KX,deviant
KX,deviant
KX,deviant
KX,deviant
KX,deviant
KX,deviant
KX,deviant
KX,deviant
KX,deviant
KX,deviant
KX,deviant
KZ,deviant
KZ,deviant
KZ,deviant
KZ,deviant
KZ,deviant
KZ,deviant
KZ,deviant
KZ,deviant
KZ,deviant
KZ,deviant
KZ,deviant
KZ,deviant
KZ,deviant
KZ,deviant
KZ,deviant
KZ,deviant
L,deviant
L,deviant
L,deviant
L,deviant
L,deviant
L,deviant
L,deviant
L,deviant
L,deviant
L,deviant
L,deviant
L,deviant
L,deviant
LB,regular
LB,regular
LB,regular
LB,regular
LB,regular
LB,regular
LB,regular
LB,regular
LB,regular
LB,regular
LB,regular
LB,regular
LB,regular
LB,regular
LB,regular
LB,regular
LB,regular
LB,regular
LB,regular
LBA,regular
LBA,regular
LBA,regular
LBA,regular
LBA,regular
LBA,regular
LBA,regular
LBA,regular
LBA,regular
LBA,regular
LBA,regular
LBA,regular
LBA,regular
LBA,regular
LBA,regular
LBA,regular
LBA,regular
LBA,regular
LBA,regular
LC,deviant
LC,deviant
LC,deviant
LC,deviant
LC,deviant
LC,deviant
LC,deviant
LC,deviant
LC,deviant
LC,deviant
LC,deviant
LC,deviant
LC,deviant
LC,deviant
LC,deviant
LC,deviant
LC,deviant
LC,deviant
LC,deviant
LD,deviant
LD,deviant
LD,deviant
LD,deviant
LD,deviant
LD,deviant
LD,deviant
LD,deviant
LD,deviant
LD,deviant
LD,deviant
LD,deviant
LD,deviant
LDA,deviant
LDA,deviant
LDA,deviant
LDA,deviant
LDA,deviant
LDA,deviant
LDA,deviant
LDA,deviant
LDA,deviant
LDA,deviant
LDA,deviant
LDA,deviant
LDA,deviant
LDA,deviant
LE,regular
LE,regular
LE,regular
LE,regular
LE,regular
LE,regular
LE,regular
LE,regular
LE,regular
LE,regular
LE,regular
LE,regular
LEA,regular
LEA,regular
LEA,regular
LEA,regular
LEA,regular
LEA,regular
LEA,regular
LEA,regular
LEA,regular
LEA,regular
LEA,regular
LEA,regular
LEA,regular
LEA,regular
LEA,regular
LEA,regular
LEA,regular
LEA,regular
LEA,regular
LEA,regular
LEA,regular
LEA,regular
LEA,regular
LEA,regular
LEA,regular
LEA,regular
LEA,regular
LEA,regular
LEA,regular
LEA,regular
LFA,deviant
LFA,deviant
LFA,deviant
LFA,deviant
LFA,deviant
LFA,deviant
LFA,deviant
LFA,deviant
LFA,deviant
LG,regular
LG,regular
LG,regular
LG,regular
LG,regular
LG,regular
LG,regular
LG,regular
LG,regular
LG,regular
LG,regular
LG,regular
LG,regular
LG,regular
LG,regular
LG,regular
LG,regular
LG,regular
LG,regular
LG,regular
LG,regular
LG,regular
LG,regular
LG,regular
LG,regular
LG,regular
LG,regular
LG,regular
LG,regular
LG,regular
LG,regular
LG,regular
LG,regular
LG,regular
LG,regular
LG,regular
LG,regular
LG,regular
LG,regular
LG,regular
LG,regular
LH,deviant
LH,deviant
LH,deviant
LH,deviant
LH,deviant
LH,deviant
LH,deviant
LH,deviant
LH,deviant
LH,deviant
LH,deviant
LH,deviant
LH,deviant
LH,deviant
LH,deviant
LH,deviant
LHA,deviant
LHA,deviant
LHA,deviant
LHA,deviant
LHA,deviant
LHA,deviant
LHA,deviant
LHA,deviant
LHA,deviant
LHA,deviant
LHA,deviant
LHA,deviant
LI,deviant
LI,deviant
LI,deviant
LI,deviant
LI,deviant
LI,deviant
LI,deviant
LI,deviant
LI,deviant
LI,deviant
LI,deviant
LI,deviant
LIA,deviant
LIA,deviant
LIA,deviant
LIA,deviant
LIA,deviant
LIA,deviant
LIA,deviant
LIA,deviant
LIA,deviant
LIA,deviant
LIA,deviant
LIA,deviant
LIA,deviant
LIA,deviant
LIA,deviant
LIA,deviant
LIA,deviant
LIA,deviant
LIA,deviant
LIA,deviant
LIA,deviant
LIA,deviant
LIA,deviant
LIA,deviant
LIA,deviant
LIA,deviant
LIA,deviant
LIA,deviant
LIA,deviant
LJ,regular
LJ,regular
LJ,regular
LJ,regular
LJ,regular
LJ,regular
LJ,regular
LJ,regular
LJ,regular
LJ,regular
LJ,regular
LJ,regular
LJ,regular
LJ,regular
LJ,regular
LJ,regular
LJ,regular
LJ,regular
LJ,regular
LJ,regular
LJ,regular
LJ,regular
LJ,regular
LJ,regular
LJ,regular
LJ,regular
LJ,regular
LJ,regular
LJ,regular
LJ,regular
LJ,regular
LK,deviant
LK,deviant
LK,deviant
LK,deviant
LK,deviant
LK,deviant
LK,deviant
LK,deviant
LK,deviant
LK,deviant
LK,deviant
LKA,deviant
LKA,deviant
LKA,deviant
LKA,deviant
LKA,deviant
LKA,deviant
LKA,deviant
LKA,deviant
LKA,deviant
LKA,deviant
LKA,deviant
LKA,deviant
LKA,deviant
LKA,deviant
LKA,deviant
LKA,deviant
LKA,deviant
LKA,deviant
LKA,deviant
LKA,deviant
LKA,deviant
LL,deviant
LL,deviant
LL,deviant
LL,deviant
LL,deviant
LL,deviant
LL,deviant
LL,deviant
LL,deviant
LL,deviant
LL,deviant
LL,deviant
LL,deviant
LL,deviant
LL,deviant
LL,deviant
LL,deviant
LL,deviant
LL,deviant
LL,deviant
LL,deviant
LM,deviant
LM,deviant
LM,deviant
LM,deviant
LM,deviant
LM,deviant
LM,deviant
LM,deviant
LM,deviant
LM,deviant
LM,deviant
LM,deviant
LM,deviant
LM,deviant
LM,deviant
LM,deviant
LM,deviant
LM,deviant
LM,deviant
LM,deviant
LM,deviant
LM,deviant
LM,deviant
LM,deviant
LM,deviant
LM,deviant
LM,deviant
LM,deviant
LM,deviant
LM,deviant
LM,deviant
LM,deviant
LM,deviant
LM,deviant
LMA,deviant
LMA,deviant
LMA,deviant
LMA,deviant
LMA,deviant
LN,deviant
LN,deviant
LN,deviant
LN,deviant
LN,deviant
LN,deviant
LN,deviant
LN,deviant
LN,deviant
LN,deviant
LN,deviant
LN,deviant
LN,deviant
LP,regular
LP,regular
LP,regular
LP,regular
LP,regular
LP,regular
LP,regular
LP,regular
LP,regular
LP,regular
LP,regular
LP,regular
LP,regular
LP,regular
LP,regular
LP,regular
LP,regular
LP,regular
LP,regular
LQ,deviant
LQ,deviant
LQ,deviant
LQ,deviant
LQ,deviant
LQ,deviant
LQ,deviant
LQ,deviant
LQ,deviant
LQ,deviant
LQ,deviant
LQ,deviant
LQ,deviant
LQ,deviant
LQ,deviant
LQ,deviant
LQ,deviant
LQ,deviant
LQ,deviant
LR,deviant
LR,deviant
LR,deviant
LR,deviant
LR,deviant
LR,deviant
LR,deviant
LR,deviant
LR,deviant
LR,deviant
LR,deviant
LS,deviant
LS,deviant
LS,deviant
LS,deviant
LS,deviant
LS,deviant
LS,deviant
LS,deviant
LS,deviant
LS,deviant
LS,deviant
LS,deviant
LS,deviant
LT,deviant
LT,deviant
LT,deviant
LT,deviant
LT,deviant
LT,deviant
LT,deviant
LT,deviant
LT,deviant
LT,deviant
LT,deviant
LT,deviant
LT,deviant
LT,deviant
LT,deviant
LT,deviant
LT,deviant
LT,deviant
LT,deviant
LT,deviant
LT,deviant
LT,deviant
LT,deviant
LT,deviant
LT,deviant
LT,deviant
LT,deviant
LT,deviant
LU,deviant
LU,deviant
LU,deviant
LU,deviant
LU,deviant
LU,deviant
LU,deviant
LU,deviant
LU,deviant
LU,deviant
LU,deviant
LV,regular
LV,regular
LV,regular
LV,regular
LV,regular
LV,regular
LV,regular
LV,regular
LV,regular
LV,regular
LV,regular
LV,regular
LV,regular
LV,regular
LV,regular
LV,regular
LV,regular
LV,regular
LV,regular
LW,deviant
LW,deviant
LW,deviant
LW,deviant
LW,deviant
LW,deviant
LW,deviant
LW,deviant
LW,deviant
LW,deviant
LW,deviant
LW,deviant
LW,deviant
LW,deviant
LX,deviant
LX,deviant
LX,deviant
LX,deviant
LX,deviant
LX,deviant
LX,deviant
LX,deviant
LX,deviant
LX,deviant
LX,deviant
LX,deviant
LZ,deviant
LZ,deviant
LZ,deviant
LZ,deviant
LZ,deviant
LZ,deviant
LZ,deviant
LZ,deviant
LZ,deviant
LZ,deviant
LZ,deviant
LZ,deviant
LZ,deviant
LZ,deviant
LZ,deviant
LZ,deviant
LZ,deviant
LZ,deviant
LZ,deviant
MA,deviant
MA,deviant
MA,deviant
MA,deviant
MA,deviant
MA,deviant
MA,deviant
MA,deviant
MA,deviant
MA,deviant
MA,deviant
MA,deviant
MA,deviant
MAA,deviant
MAA,deviant
MAA,deviant
MAA,deviant
MAA,deviant
MAA,deviant
MAA,deviant
MAA,deviant
MAA,deviant
MAA,deviant
MAA,deviant
MAA,deviant
MAA,deviant
MBA,deviant
MBA,deviant
MBA,deviant
MBA,deviant
MBA,deviant
MBA,deviant
MBA,deviant
MBA,deviant
MBA,deviant
MBA,deviant
MC,deviant
MC,deviant
MC,deviant
MC,deviant
MC,deviant
MC,deviant
MC,deviant
MC,deviant
MC,deviant
MC,deviant
MC,deviant
MC,deviant
MD,deviant
MD,deviant
MD,deviant
MD,deviant
MD,deviant
MD,deviant
MD,deviant
MD,deviant
MD,deviant
MD,deviant
MD,deviant
MD,deviant
MD,deviant
ME,deviant
ME,deviant
ME,deviant
ME,deviant
ME,deviant
ME,deviant
ME,deviant
ME,deviant
ME,deviant
ME,deviant
ME,deviant
ME,deviant
ME,deviant
MEA,deviant
MEA,deviant
MEA,deviant
MEA,deviant
MEA,deviant
MEA,deviant
MEA,deviant
MEA,deviant
MEA,deviant
MEA,deviant
MEA,deviant
MEA,deviant
MEA,deviant
MEA,deviant
MEA,deviant
MEA,deviant
MEA,deviant
MEA,deviant
MEA,deviant
MEA,deviant
MFA,deviant
MFA,deviant
MFA,deviant
MFA,deviant
MFA,deviant
MFA,deviant
MFA,deviant
MFA,deviant
MFA,deviant
MFA,deviant
MFA,deviant
MGA,regular
MGA,regular
MGA,regular
MGA,regular
MGA,regular
MGA,regular
MGA,regular
MGA,regular
MGA,regular
MGA,regular
MGA,regular
MGA,regular
MHA,deviant
MHA,deviant
MHA,deviant
MHA,deviant
MHA,deviant
MHA,deviant
MHA,deviant
MHA,deviant
MHA,deviant
MHA,deviant
MHA,deviant
MIA,deviant
MIA,deviant
MIA,deviant
MIA,deviant
MIA,deviant
MIA,deviant
MIA,deviant
MIA,deviant
MIA,deviant
MIA,deviant
MIA,deviant
MJ,deviant
MJ,deviant
MJ,deviant
MJ,deviant
MJ,deviant
MJ,deviant
MJ,deviant
MJ,deviant
MJ,deviant
MJ,deviant
MJ,deviant
MJ,deviant
MK,deviant
MK,deviant
MK,deviant
MK,deviant
MK,deviant
MK,deviant
MK,deviant
MK,deviant
MK,deviant
MK,deviant
MK,deviant
MK,deviant
MK,deviant
MK,deviant
MK,deviant
MK,deviant
MK,deviant
MK,deviant
MK,deviant
MK,deviant
MK,deviant
MK,deviant
MK,deviant
MK,deviant
MK,deviant
MKA,deviant
MKA,deviant
MKA,deviant
MKA,deviant
MKA,deviant
MKA,deviant
MKA,deviant
MKA,deviant
MKA,deviant
MKA,deviant
MKA,deviant
MKA,deviant
MKA,deviant
MKA,deviant
MKA,deviant
MKA,deviant
MKA,deviant
MKA,deviant
MKA,deviant
MKA,deviant
MKA,deviant
MKA,deviant
MKA,deviant
MKA,deviant
MKA,deviant
MKA,deviant
MKA,deviant
MKA,deviant
MKA,deviant
MKA,deviant
MKA,deviant
MKA,deviant
MKA,deviant
MKA,deviant
MKA,deviant
MKA,deviant
MKA,deviant
MKA,deviant
MKA,deviant
MKA,deviant
MKA,deviant
MKA,deviant
MKA,deviant
MKA,deviant
MKA,deviant
MKA,deviant
MKA,deviant
MKA,deviant
MKA,deviant
MKA,deviant
MKA,deviant
ML,deviant
ML,deviant
ML,deviant
ML,deviant
ML,deviant
ML,deviant
ML,deviant
ML,deviant
ML,deviant
ML,deviant
ML,deviant
ML,deviant
ML,deviant
ML,deviant
ML,deviant
ML,deviant
ML,deviant
ML,deviant
ML,deviant
ML,deviant
ML,deviant
ML,deviant
ML,deviant
ML,deviant
ML,deviant
ML,deviant
ML,deviant
MM,deviant
MM,deviant
MM,deviant
MM,deviant
MM,deviant
MM,deviant
MM,deviant
MM,deviant
MM,deviant
MM,deviant
MM,deviant
MM,deviant
MM,deviant
MM,deviant
MM,deviant
MM,deviant
MM,deviant
MM,deviant
MM,deviant
MN,deviant
MN,deviant
MN,deviant
MN,deviant
MN,deviant
MN,deviant
MN,deviant
MN,deviant
MN,deviant
MN,deviant
MN,deviant
MN,deviant
MN,deviant
MN,deviant
MN,deviant
MN,deviant
MN,deviant
MN,deviant
MN,deviant
MN,deviant
MN,deviant
MN,deviant
MN,deviant
MN,deviant
MN,deviant
MN,deviant
MN,deviant
MN,deviant
MN,deviant
MN,deviant
MN,deviant
MO,deviant
MO,deviant
MO,deviant
MO,deviant
MO,deviant
MO,deviant
MO,deviant
MO,deviant
MO,deviant
MP,deviant
MP,deviant
MP,deviant
MP,deviant
MP,deviant
MP,deviant
MP,deviant
MP,deviant
MP,deviant
MP,deviant
MP,deviant
MP,deviant
MP,deviant
MP,deviant
MP,deviant
MP,deviant
MP,deviant
MP,deviant
MP,deviant
MP,deviant
MQ,deviant
MQ,deviant
MQ,deviant
MQ,deviant
MQ,deviant
MQ,deviant
MQ,deviant
MQ,deviant
MQ,deviant
MQ,deviant
MQ,deviant
MQ,deviant
MQ,deviant
MQ,deviant
MR,deviant
MR,deviant
MR,deviant
MR,deviant
MR,deviant
MR,deviant
MR,deviant
MR,deviant
MR,deviant
MR,deviant
MR,deviant
MS,deviant
MS,deviant
MS,deviant
MS,deviant
MS,deviant
MS,deviant
MS,deviant
MS,deviant
MS,deviant
MS,deviant
MS,deviant
MS,deviant
MS,deviant
MT,deviant
MT,deviant
MT,deviant
MT,deviant
MT,deviant
MT,deviant
MT,deviant
MT,deviant
MT,deviant
MT,deviant
MU,deviant
MU,deviant
MU,deviant
MU,deviant
MU,deviant
MU,deviant
MU,deviant
MU,deviant
MU,deviant
MU,deviant
MU,deviant
MU,deviant
MU,deviant
MV,deviant
MV,deviant
MV,deviant
MV,deviant
MV,deviant
MV,deviant
MV,deviant
MV,deviant
MV,deviant
MV,deviant
MV,deviant
MV,deviant
MV,deviant
MV,deviant
MV,deviant
MW,regular
MW,regular
MW,regular
MW,regular
MW,regular
MW,regular
MW,regular
MW,regular
MW,regular
MW,regular
MW,regular
MW,regular
MW,regular
MW,regular
MW,regular
MW,regular
MW,regular
MW,regular
MW,regular
MW,regular
MW,regular
MW,regular
MW,regular
MW,regular
MW,regular
MW,regular
MW,regular
MW,regular
MW,regular
MW,regular
MX,deviant
MX,deviant
MX,deviant
MX,deviant
MX,deviant
MX,deviant
MX,deviant
MX,deviant
MX,deviant
MX,deviant
MX,deviant
MZ,deviant
MZ,deviant
MZ,deviant
MZ,deviant
MZ,deviant
MZ,deviant
MZ,deviant
MZ,deviant
MZ,deviant
MZ,deviant
MZ,deviant
MZ,deviant
N,deviant
N,deviant
N,deviant
N,deviant
N,deviant
N,deviant
N,deviant
N,deviant
N,deviant
N,deviant
N,deviant
NB,deviant
NB,deviant
NB,deviant
NB,deviant
NB,deviant
NB,deviant
NB,deviant
NB,deviant
NB,deviant
NB,deviant
NB,deviant
NB,deviant
NB,deviant
NB,deviant
NB,deviant
NB,deviant
NB,deviant
NB,deviant
NB,deviant
NB,deviant
NCA,deviant
NCA,deviant
NCA,deviant
NCA,deviant
NCA,deviant
NCA,deviant
NCA,deviant
NCA,deviant
NCA,deviant
NCA,deviant
NCA,deviant
NCA,deviant
NCA,deviant
NCA,deviant
NCA,deviant
ND,deviant
ND,deviant
ND,deviant
ND,deviant
ND,deviant
ND,deviant
ND,deviant
ND,deviant
ND,deviant
ND,deviant
ND,deviant
ND,deviant
ND,deviant
ND,deviant
ND,deviant
NDA,deviant
NDA,deviant
NDA,deviant
NDA,deviant
NDA,deviant
NDA,deviant
NDA,deviant
NDA,deviant
NDA,deviant
NDA,deviant
NDA,deviant
NDA,deviant
NDA,deviant
NDA,deviant
NEA,deviant
NEA,deviant
NEA,deviant
NEA,deviant
NEA,deviant
NEA,deviant
NEA,deviant
NEA,deviant
NEA,deviant
NEA,deviant
NEA,deviant
NEA,deviant
NEA,deviant
NEA,deviant
NEA,deviant
NEA,deviant
NEA,deviant
NEA,deviant
NEA,deviant
NEA,deviant
NEA,deviant
NEA,deviant
NEA,deviant
NEA,deviant
NEA,deviant
NEA,deviant
NEA,deviant
NEA,deviant
NEA,deviant
NEA,deviant
NEA,deviant
NEA,deviant
NEA,deviant
NEA,deviant
NEA,deviant
NEA,deviant
NEA,deviant
NEA,deviant
NEA,deviant
NEA,deviant
NEA,deviant
NEA,deviant
NEA,deviant
NEA,deviant
NEA,deviant
NEA,deviant
NEA,deviant
NEA,deviant
NEA,deviant
NEA,deviant
NF,deviant
NF,deviant
NF,deviant
NF,deviant
NF,deviant
NF,deviant
NF,deviant
NF,deviant
NF,deviant
NF,deviant
NF,deviant
NF,deviant
NF,deviant
NF,deviant
NF,deviant
NF,deviant
NF,deviant
NF,deviant
NF,deviant
NF,deviant
NF,deviant
NF,deviant
NF,deviant
NF,deviant
NF,deviant
NF,deviant
NF,deviant
NGA,regular
NGA,regular
NGA,regular
NGA,regular
NGA,regular
NGA,regular
NGA,regular
NGA,regular
NGA,regular
NGA,regular
NGA,regular
NGA,regular
NGA,regular
NGA,regular
NGA,regular
NGA,regular
NGA,regular
NGA,regular
NGA,regular
NGA,regular
NGA,regular
NGA,regular
NGA,regular
NGA,regular
NGA,regular
NGA,regular
NGA,regular
NGA,regular
NGA,regular
NGA,regular
NGA,regular
NGA,regular
NGA,regular
NGA,regular
NGA,regular
NGA,regular
NGA,regular
NGA,regular
NGA,regular
NGA,regular
NGA,regular
NGA,regular
NGA,regular
NGA,regular
NGA,regular
NGA,regular
NGA,regular
NGA,regular
NGA,regular
NGA,regular
NGA,regular
NGA,regular
NGA,regular
NGA,regular
NGA,regular
NGA,regular
NGA,regular
NGA,regular
NGA,regular
NGA,regular
NGA,regular
NGA,regular
NGA,regular
NGA,regular
NGA,regular
NGA,regular
NGA,regular
NGA,regular
NGA,regular
NGA,regular
NGA,regular
NGA,regular
NGA,regular
NGA,regular
NGA,regular
NGA,regular
NGA,regular
NGA,regular
NGA,regular
NGA,regular
NGA,regular
NGA,regular
NGA,regular
NGA,regular
NGA,regular
NGA,regular
NGA,regular
NGA,regular
NGA,regular
NGA,regular
NGA,regular
NGA,regular
NGA,regular
NGA,regular
NGA,regular
NGA,regular
NGA,regular
NGA,regular
NGA,regular
NGA,regular
NGA,regular
NGA,regular
NGA,regular
NGA,regular
NGA,regular
NGA,regular
NGA,regular
NGA,regular
NGA,regular
NGA,regular
NGA,regular
NGA,regular
NGA,regular
NGA,regular
NGA,regular
NGA,regular
NGA,regular
NGA,regular
NGA,regular
NGA,regular
NGA,regular
NGA,regular
NGA,regular
NGA,regular
NGA,regular
NGA,regular
NGA,regular
NGA,regular
NGA,regular
NGA,regular
NGA,regular
NGA,regular
NGA,regular
NGA,regular
NGA,regular
NGA,regular
NGA,regular
NGA,regular
NGA,regular
NGA,regular
NGA,regular
NGA,regular
NGA,regular
NGA,regular
NGA,regular
NGA,regular
NGA,regular
NGA,regular
NGA,regular
NGA,regular
NGA,regular
NGA,regular
NGA,regular
NGA,regular
NGA,regular
NGA,regular
NGA,regular
NGA,regular
NGA,regular
NGA,regular
NGA,regular
NGA,regular
NGA,regular
NGA,regular
NGA,regular
NGA,regular
NGA,regular
NGA,regular
NGA,regular
NGA,regular
NGA,regular
NGA,regular
NGA,regular
NGA,regular
NGA,regular
NGA,regular
NGA,regular
NGA,regular
NGA,regular
NGA,regular
NGA,regular
NGA,regular
NGA,regular
NGA,regular
NGA,regular
NH,deviant
NH,deviant
NH,deviant
NH,deviant
NH,deviant
NH,deviant
NH,deviant
NH,deviant
NH,deviant
NH,deviant
NH,deviant
NHA,deviant
NHA,deviant
NHA,deviant
NHA,deviant
NHA,deviant
NHA,deviant
NHA,deviant
NHA,deviant
NHA,deviant
NHA,deviant
NI,deviant
NI,deviant
NI,deviant
NI,deviant
NI,deviant
NI,deviant
NI,deviant
NI,deviant
NI,deviant
NI,deviant
NI,deviant
NI,deviant
NI,deviant
NIA,deviant
NIA,deviant
NIA,deviant
NIA,deviant
NIA,deviant
NIA,deviant
NIA,deviant
NIA,deviant
NIA,deviant
NIA,deviant
NIA,deviant
NJ,deviant
NJ,deviant
NJ,deviant
NJ,deviant
NJ,deviant
NJ,deviant
NJ,deviant
NJ,deviant
NJ,deviant
NJ,deviant
NJ,deviant
NJ,deviant
NJA,deviant
NJA,deviant
NJA,deviant
NJA,deviant
NJA,deviant
NJA,deviant
NJA,deviant
NJA,deviant
NJA,deviant
NJA,deviant
NJA,deviant
NJA,deviant
NJA,deviant
NJA,deviant
NJA,deviant
NK,deviant
NK,deviant
NK,deviant
NK,deviant
NK,deviant
NK,deviant
NK,deviant
NK,deviant
NK,deviant
NK,deviant
NK,deviant
NK,deviant
NK,deviant
NK,deviant
NK,deviant
NK,deviant
NK,deviant
NKA,deviant
NKA,deviant
NKA,deviant
NKA,deviant
NKA,deviant
NKA,deviant
NKA,deviant
NKA,deviant
NKA,deviant
NM,deviant
NM,deviant
NM,deviant
NM,deviant
NM,deviant
NM,deviant
NM,deviant
NM,deviant
NM,deviant
NM,deviant
NM,deviant
NM,deviant
NM,deviant
NMA,deviant
NMA,deviant
NMA,deviant
NMA,deviant
NMA,deviant
NMA,deviant
NMA,deviant
NMA,deviant
NMA,deviant
NMA,deviant
NMA,deviant
NMA,deviant
NMA,deviant
NMA,deviant
NMA,deviant
NMA,deviant
NMA,deviant
NMA,deviant
NMA,deviant
NMA,deviant
NN,deviant
NN,deviant
NN,deviant
NN,deviant
NN,deviant
NN,deviant
NN,deviant
NN,deviant
NN,deviant
NN,deviant
NN,deviant
NN,deviant
NO,deviant
NO,deviant
NO,deviant
NO,deviant
NO,deviant
NO,deviant
NO,deviant
NO,deviant
NO,deviant
NO,deviant
NO,deviant
NO,deviant
NP,deviant
NP,deviant
NP,deviant
NP,deviant
NP,deviant
NP,deviant
NP,deviant
NP,deviant
NP,deviant
NP,deviant
NP,deviant
NP,deviant
NP,deviant
NP,deviant
NR,regular
NR,regular
NR,regular
NR,regular
NR,regular
NR,regular
NR,regular
NR,regular
NR,regular
NR,regular
NR,regular
NR,regular
NR,regular
NR,regular
NR,regular
NR,regular
NR,regular
NR,regular
NR,regular
NT,deviant
NT,deviant
NT,deviant
NT,deviant
NT,deviant
NT,deviant
NT,deviant
NT,deviant
NT,deviant
NT,deviant
NT,deviant
NT,deviant
NT,deviant
NT,deviant
NT,deviant
NT,deviant
NU,deviant
NU,deviant
NU,deviant
NU,deviant
NU,deviant
NU,deviant
NU,deviant
NU,deviant
NU,deviant
NU,deviant
NU,deviant
NU,deviant
NU,deviant
NU,deviant
NU,deviant
NU,deviant
NU,deviant
NU,deviant
NU,deviant
NV,deviant
NV,deviant
NV,deviant
NV,deviant
NV,deviant
NV,deviant
NV,deviant
NV,deviant
NV,deviant
NV,deviant
NW,deviant
NW,deviant
NW,deviant
NW,deviant
NW,deviant
NW,deviant
NW,deviant
NW,deviant
NW,deviant
NW,deviant
NW,deviant
NW,deviant
NW,deviant
NW,deviant
NW,deviant
NW,deviant
NW,deviant
NX,deviant
NX,deviant
NX,deviant
NX,deviant
NX,deviant
NX,deviant
NX,deviant
NX,deviant
NX,deviant
NX,deviant
NX,deviant
NZ,deviant
NZ,deviant
NZ,deviant
NZ,deviant
NZ,deviant
NZ,deviant
NZ,deviant
NZ,deviant
NZ,deviant
NZ,deviant
NZ,deviant
NZ,deviant
NZ,deviant
NZ,deviant
NZ,deviant
NZ,deviant
NZ,deviant
NZ,deviant
NZ,deviant
NZ,deviant
NZ,deviant
NZ,deviant
NZ,deviant
NZ,deviant
NZ,deviant
NZ,deviant
NZ,deviant
NZ,deviant
NZ,deviant
NZ,deviant
NZ,deviant
NZ,deviant
NZ,deviant
NZ,deviant
NZ,deviant
NZ,deviant
NZ,deviant
NZ,deviant
NZ,deviant
NZ,deviant
NZ,deviant
NZ,deviant
NZ,deviant
NZ,deviant
NZ,deviant
NZ,deviant
NZ,deviant
NZ,deviant
NZ,deviant
NZ,deviant
NZ,deviant
NZ,deviant
NZ,deviant
NZ,deviant
NZ,deviant
NZ,deviant
NZ,deviant
NZ,deviant
NZ,deviant
O,deviant
O,deviant
O,deviant
O,deviant
O,deviant
O,deviant
O,deviant
O,deviant
O,deviant
OAA,deviant
OAA,deviant
OAA,deviant
OAA,deviant
OAA,deviant
OAA,deviant
OAA,deviant
OAA,deviant
OAA,deviant
OAA,deviant
OAA,deviant
OAA,deviant
OAA,deviant
OAA,deviant
OAA,deviant
OAA,deviant
OAA,deviant
OAA,deviant
OAA,deviant
OAA,deviant
OAA,deviant
OAA,deviant
OAA,deviant
OAA,deviant
OAA,deviant
OAA,deviant
OAA,deviant
OAA,deviant
OAA,deviant
OAA,deviant
OAA,deviant
OAA,deviant
OAA,deviant
OAA,deviant
OAA,deviant
OAA,deviant
OB,deviant
OB,deviant
OB,deviant
OB,deviant
OB,deviant
OB,deviant
OB,deviant
OB,deviant
OB,deviant
OB,deviant
OB,deviant
OB,deviant
OB,deviant
OB,deviant
OB,deviant
OBA,deviant
OBA,deviant
OBA,deviant
OBA,deviant
OBA,deviant
OBA,deviant
OBA,deviant
OBA,deviant
OBA,deviant
OBA,deviant
OBA,deviant
OBA,deviant
OC,deviant
OC,deviant
OC,deviant
OC,deviant
OC,deviant
OC,deviant
OC,deviant
OC,deviant
OC,deviant
OC,deviant
OC,deviant
OC,deviant
OC,deviant
OC,deviant
OC,deviant
OC,deviant
OC,deviant
OC,deviant
OC,deviant
OC,deviant
OD,regular
OD,regular
OD,regular
OD,regular
OD,regular
OD,regular
OD,regular
OD,regular
OD,regular
OD,regular
OD,regular
OD,regular
OD,regular
OD,regular
OD,regular
OD,regular
OD,regular
OD,regular
OD,regular
OD,regular
OD,regular
OD,regular
OD,regular
OD,regular
OD,regular
OD,regular
OD,regular
OD,regular
OD,regular
OD,regular
OD,regular
OD,regular
OD,regular
OD,regular
OD,regular
OD,regular
OD,regular
OD,regular
OD,regular
OD,regular
OD,regular
OD,regular
OD,regular
OD,regular
OD,regular
OD,regular
OD,regular
OD,regular
OD,regular
OD,regular
OD,regular
OD,regular
OD,regular
OD,regular
OD,regular
OD,regular
OD,regular
OD,regular
OD,regular
OD,regular
OD,regular
OD,regular
OD,regular
OD,regular
OD,regular
OD,regular
OD,regular
OD,regular
OD,regular
OD,regular
OD,regular
OD,regular
OD,regular
OD,regular
OD,regular
OD,regular
OD,regular
OD,regular
OD,regular
OD,regular
OD,regular
OD,regular
OD,regular
OD,regular
OD,regular
OD,regular
OD,regular
OD,regular
OD,regular
OD,regular
OD,regular
OD,regular
OD,regular
OD,regular
OD,regular
OD,regular
OD,regular
OD,regular
OD,regular
OD,regular
OD,regular
OD,regular
OD,regular
OD,regular
OD,regular
OD,regular
OD,regular
OD,regular
OD,regular
OD,regular
OD,regular
OD,regular
OD,regular
OD,regular
OD,regular
OD,regular
OD,regular
OD,regular
ODA,regular
ODA,regular
ODA,regular
ODA,regular
ODA,regular
ODA,regular
ODA,regular
ODA,regular
ODA,regular
ODA,regular
ODA,regular
ODA,regular
ODA,regular
ODA,regular
ODA,regular
ODA,regular
ODA,regular
ODA,regular
ODA,regular
ODA,regular
ODA,regular
ODA,regular
ODA,regular
OEA,regular
OEA,regular
OEA,regular
OEA,regular
OEA,regular
OEA,regular
OEA,regular
OEA,regular
OEA,regular
OEA,regular
OEA,regular
OEA,regular
OEA,regular
OEA,regular
OEA,regular
OEA,regular
OEA,regular
OEA,regular
OEA,regular
OEA,regular
OG,deviant
OG,deviant
OG,deviant
OG,deviant
OG,deviant
OG,deviant
OG,deviant
OG,deviant
OGA,deviant
OGA,deviant
OGA,deviant
OGA,deviant
OGA,deviant
OGA,deviant
OGA,deviant
OGA,deviant
OGA,deviant
OGA,deviant
OGA,deviant
OGA,deviant
OH,deviant
OH,deviant
OH,deviant
OH,deviant
OH,deviant
OH,deviant
OH,deviant
OH,deviant
OH,deviant
OH,deviant
OH,deviant
OH,deviant
OH,deviant
OH,deviant
OHA,deviant
OHA,deviant
OHA,deviant
OHA,deviant
OHA,deviant
OHA,deviant
OHA,deviant
OHA,deviant
OHA,deviant
OHA,deviant
OHA,deviant
OHA,deviant
OIA,deviant
OIA,deviant
OIA,deviant
OIA,deviant
OIA,deviant
OIA,deviant
OIA,deviant
OIA,deviant
OIA,deviant
OIA,deviant
OIA,deviant
OIA,deviant
OIA,deviant
OIA,deviant
OJ,deviant
OJ,deviant
OJ,deviant
OJ,deviant
OJ,deviant
OJ,deviant
OJ,deviant
OJ,deviant
OJ,deviant
OJ,deviant
OJ,deviant
OJ,deviant
OJ,deviant
OJ,deviant
OJ,deviant
OJ,deviant
OJ,deviant
OJ,deviant
OJ,deviant
OJ,deviant
OJ,deviant
OJ,deviant
OK,deviant
OK,deviant
OK,deviant
OK,deviant
OK,deviant
OK,deviant
OK,deviant
OK,deviant
OK,deviant
OK,deviant
OK,deviant
OK,deviant
OK,deviant
OK,deviant
OK,deviant
OK,deviant
OK,deviant
OKA,deviant
OKA,deviant
OKA,deviant
OKA,deviant
OKA,deviant
OKA,deviant
OKA,deviant
OKA,deviant
OKA,deviant
OKA,deviant
OKA,deviant
OL,deviant
OL,deviant
OL,deviant
OL,deviant
OL,deviant
OL,deviant
OL,deviant
OL,deviant
OL,deviant
OL,deviant
OLA,deviant
OLA,deviant
OLA,deviant
OLA,deviant
OLA,deviant
OLA,deviant
OLA,deviant
OLA,deviant
OLA,deviant
OLA,deviant
OM,deviant
OM,deviant
OM,deviant
OM,deviant
OM,deviant
OM,deviant
OM,deviant
OM,deviant
OM,deviant
OM,deviant
OM,deviant
OM,deviant
OM,deviant
OM,deviant
OM,deviant
OM,deviant
OM,deviant
OMA,deviant
OMA,deviant
OMA,deviant
OMA,deviant
OMA,deviant
OMA,deviant
OMA,deviant
OMA,deviant
OMA,deviant
OMA,deviant
OMA,deviant
OMA,deviant
OMA,deviant
OMA,deviant
OMA,deviant
OMA,deviant
OMA,deviant
OMA,deviant
OMA,deviant
OMA,deviant
OMA,deviant
OMA,deviant
OMA,deviant
OMA,deviant
ON,deviant
ON,deviant
ON,deviant
ON,deviant
ON,deviant
ON,deviant
ON,deviant
ON,deviant
ON,deviant
ON,deviant
ON,deviant
ON,deviant
ON,deviant
ON,deviant
OO,deviant
OO,deviant
OO,deviant
OO,deviant
OO,deviant
OO,deviant
OO,deviant
OO,deviant
OO,deviant
OO,deviant
OQ,deviant
OQ,deviant
OQ,deviant
OQ,deviant
OQ,deviant
OQ,deviant
OQ,deviant
OQ,deviant
OQ,deviant
OQ,deviant
OQ,deviant
OR,deviant
OR,deviant
OR,deviant
OR,deviant
OR,deviant
OR,deviant
OR,deviant
OR,deviant
OR,deviant
OR,deviant
OR,deviant
OR,deviant
OR,deviant
OR,deviant
OR,deviant
OR,deviant
OR,deviant
OR,deviant
OR,deviant
OR,deviant
OS,deviant
OS,deviant
OS,deviant
OS,deviant
OS,deviant
OS,deviant
OS,deviant
OS,deviant
OS,deviant
OS,deviant
OT,deviant
OT,deviant
OT,deviant
OT,deviant
OT,deviant
OT,deviant
OT,deviant
OT,deviant
OT,deviant
OT,deviant
OT,deviant
OT,deviant
OT,deviant
OT,deviant
OU,deviant
OU,deviant
OU,deviant
OU,deviant
OU,deviant
OU,deviant
OU,deviant
OU,deviant
OU,deviant
OU,deviant
OU,deviant
OU,deviant
OW,deviant
OW,deviant
OW,deviant
OW,deviant
OW,deviant
OW,deviant
OW,deviant
OW,deviant
OW,deviant
OW,deviant
OW,deviant
OW,deviant
OW,deviant
OW,deviant
OW,deviant
OX,deviant
OX,deviant
OX,deviant
OX,deviant
OX,deviant
OX,deviant
OX,deviant
OX,deviant
OX,deviant
OX,deviant
OX,deviant
OX,deviant
OY,deviant
OY,deviant
OY,deviant
OY,deviant
OY,deviant
OY,deviant
OY,deviant
OY,deviant
OY,deviant
OY,deviant
OY,deviant
OY,deviant
OY,deviant
OY,deviant
OY,deviant
PB,deviant
PB,deviant
PB,deviant
PB,deviant
PB,deviant
PB,deviant
PB,deviant
PB,deviant
PB,deviant
PB,deviant
PB,deviant
PB,deviant
PB,deviant
PB,deviant
PBA,regular
PBA,regular
PBA,regular
PBA,regular
PBA,regular
PBA,regular
PBA,regular
PBA,regular
PBA,regular
PBA,regular
PBA,regular
PDA,deviant
PDA,deviant
PDA,deviant
PDA,deviant
PDA,deviant
PDA,deviant
PDA,deviant
PDA,deviant
PDA,deviant
PDA,deviant
PDA,deviant
PDA,deviant
PDA,deviant
PDA,deviant
PDA,deviant
PEA,deviant
PEA,deviant
PEA,deviant
PEA,deviant
PEA,deviant
PEA,deviant
PEA,deviant
PEA,deviant
PEA,deviant
PF,deviant
PF,deviant
PF,deviant
PF,deviant
PF,deviant
PF,deviant
PF,deviant
PF,deviant
PF,deviant
PF,deviant
PF,deviant
PF,deviant
PF,deviant
PF,deviant
PFA,deviant
PFA,deviant
PFA,deviant
PFA,deviant
PFA,deviant
PFA,deviant
PFA,deviant
PFA,deviant
PFA,deviant
PFA,deviant
PFA,deviant
PFA,deviant
PFA,deviant
PFA,deviant
PFA,deviant
PFA,deviant
PFA,deviant
PFA,deviant
PFA,deviant
PG,deviant
PG,deviant
PG,deviant
PG,deviant
PG,deviant
PG,deviant
PG,deviant
PG,deviant
PG,deviant
PG,deviant
PG,deviant
PGA,deviant
PGA,deviant
PGA,deviant
PGA,deviant
PGA,deviant
PGA,deviant
PGA,deviant
PGA,deviant
PGA,deviant
PGA,deviant
PGA,deviant
PGA,deviant
PGA,deviant
PGA,deviant
PGA,deviant
PGA,deviant
PGA,deviant
PGA,deviant
PGA,deviant
PGA,deviant
PGA,deviant
PI,deviant
PI,deviant
PI,deviant
PI,deviant
PI,deviant
PI,deviant
PI,deviant
PI,deviant
PI,deviant
PI,deviant
PIA,deviant
PIA,deviant
PIA,deviant
PIA,deviant
PIA,deviant
PIA,deviant
PIA,deviant
PIA,deviant
PIA,deviant
PIA,deviant
PIA,deviant
PIA,deviant
PIA,deviant
PIA,deviant
PIA,deviant
PIA,deviant
PIA,deviant
PIA,deviant
PIA,deviant
PIA,deviant
PIA,deviant
PIA,deviant
PIA,deviant
PIA,deviant
PIA,deviant
PIA,deviant
PIA,deviant
PIA,deviant
PIA,deviant
PIA,deviant
PIA,deviant
PIA,deviant
PIA,deviant
PIA,deviant
PIA,deviant
PIA,deviant
PIA,deviant
PIA,deviant
PIA,deviant
PIA,deviant
PIA,deviant
PIA,deviant
PIA,deviant
PJ,regular
PJ,regular
PJ,regular
PJ,regular
PJ,regular
PJ,regular
PJ,regular
PJ,regular
PJ,regular
PJ,regular
PJ,regular
PJ,regular
PJ,regular
PJ,regular
PJ,regular
PJ,regular
PJ,regular
PJ,regular
PJ,regular
PK,deviant
PK,deviant
PK,deviant
PK,deviant
PK,deviant
PK,deviant
PK,deviant
PK,deviant
PK,deviant
PK,deviant
PK,deviant
PK,deviant
PK,deviant
PK,deviant
PK,deviant
PK,deviant
PK,deviant
PK,deviant
PK,deviant
PK,deviant
PK,deviant
PKA,deviant
PKA,deviant
PKA,deviant
PKA,deviant
PKA,deviant
PKA,deviant
PKA,deviant
PKA,deviant
PKA,deviant
PKA,deviant
PKA,deviant
PKA,deviant
PKA,deviant
PLA,deviant
PLA,deviant
PLA,deviant
PLA,deviant
PLA,deviant
PLA,deviant
PLA,deviant
PLA,deviant
PLA,deviant
PLA,deviant
PLA,deviant
PLA,deviant
PLA,deviant
PLA,deviant
PLA,deviant
PLA,deviant
PLA,deviant
PLA,deviant
PLA,deviant
PLA,deviant
PLA,deviant
PLA,deviant
PLA,deviant
PMA,deviant
PMA,deviant
PMA,deviant
PMA,deviant
PMA,deviant
PMA,deviant
PMA,deviant
PMA,deviant
PMA,deviant
PMA,deviant
PMA,deviant
PMA,deviant
PMA,deviant
PO,deviant
PO,deviant
PO,deviant
PO,deviant
PO,deviant
PO,deviant
PO,deviant
PO,deviant
PO,deviant
PO,deviant
PO,deviant
PO,deviant
PQ,deviant
PQ,deviant
PQ,deviant
PQ,deviant
PR,regular
PR,regular
PR,regular
PR,regular
PR,regular
PR,regular
PR,regular
PR,regular
PR,regular
PR,regular
PR,regular
PR,regular
PR,regular
PR,regular
PS,deviant
PS,deviant
PS,deviant
PS,deviant
PS,deviant
PS,deviant
PS,deviant
PS,deviant
PS,deviant
PT,deviant
PT,deviant
PT,deviant
PT,deviant
PT,deviant
PT,deviant
PT,deviant
PT,deviant
PT,deviant
PT,deviant
PT,deviant
PT,deviant
PU,regular
PU,regular
PU,regular
PU,regular
PU,regular
PU,regular
PU,regular
PU,regular
PU,regular
PU,regular
PU,regular
PU,regular
PU,regular
PU,regular
PU,regular
PU,regular
PU,regular
PU,regular
PU,regular
PU,regular
PU,regular
PU,regular
PU,regular
PU,regular
PU,regular
PU,regular
PU,regular
PU,regular
PU,regular
PU,regular
PU,regular
PU,regular
PU,regular
PU,regular
PU,regular
PU,regular
PU,regular
PU,regular
PV,deviant
PV,deviant
PV,deviant
PV,deviant
PV,deviant
PV,deviant
PV,deviant
PV,deviant
PV,deviant
PV,deviant
PV,deviant
PV,deviant
PW,deviant
PW,deviant
PW,deviant
PW,deviant
PW,deviant
PW,deviant
PW,deviant
PW,deviant
PW,deviant
PW,deviant
PW,deviant
PZ,regular
PZ,regular
PZ,regular
PZ,regular
PZ,regular
PZ,regular
PZ,regular
PZ,regular
PZ,regular
PZ,regular
PZ,regular
PZ,regular
PZ,regular
PZ,regular
PZ,regular
QA,regular
QA,regular
QA,regular
QA,regular
QA,regular
QA,regular
QA,regular
QA,regular
QA,regular
QA,regular
QA,regular
QA,regular
QA,regular
QA,regular
QAA,regular
QAA,regular
QAA,regular
QAA,regular
QAA,regular
QAA,regular
QAA,regular
QAA,regular
QAA,regular
QAA,regular
QAA,regular
QAA,regular
QAA,regular
QAA,regular
QB,deviant
QB,deviant
QB,deviant
QB,deviant
QB,deviant
QB,deviant
QB,deviant
QB,deviant
QB,deviant
QB,deviant
QB,deviant
QB,deviant
QB,deviant
QB,deviant
QBA,deviant
QBA,deviant
QBA,deviant
QBA,deviant
QBA,deviant
QBA,deviant
QBA,deviant
QBA,deviant
QBA,deviant
QBA,deviant
QBA,deviant
QBA,deviant
QBA,deviant
QBA,deviant
QBA,deviant
QBA,deviant
QBA,deviant
QBA,deviant
QBA,deviant
QBA,deviant
QBA,deviant
QBA,deviant
QBA,deviant
QBA,deviant
QBA,deviant
QBA,deviant
QBA,deviant
QBA,deviant
QBA,deviant
QBA,deviant
QBA,deviant
QBA,deviant
QC,deviant
QC,deviant
QC,deviant
QC,deviant
QC,deviant
QC,deviant
QC,deviant
QC,deviant
QC,deviant
QC,deviant
QC,deviant
QC,deviant
QC,deviant
QC,deviant
QCA,deviant
QCA,deviant
QCA,deviant
QCA,deviant
QCA,deviant
QCA,deviant
QCA,deviant
QCA,deviant
QCA,deviant
QCA,deviant
QCA,deviant
QCA,deviant
QCA,deviant
QCA,deviant
QD,regular
QD,regular
QD,regular
QD,regular
QD,regular
QD,regular
QD,regular
QD,regular
QD,regular
QD,regular
QD,regular
QD,regular
QDA,deviant
QDA,deviant
QDA,deviant
QDA,deviant
QDA,deviant
QDA,deviant
QDA,deviant
QE,deviant
QE,deviant
QE,deviant
QE,deviant
QE,deviant
QE,deviant
QE,deviant
QE,deviant
QE,deviant
QE,deviant
QE,deviant
QE,deviant
QE,deviant
QE,deviant
QE,deviant
QE,deviant
QE,deviant
QE,deviant
QE,deviant
QF,deviant
QF,deviant
QF,deviant
QF,deviant
QF,deviant
QF,deviant
QF,deviant
QF,deviant
QF,deviant
QF,deviant
QF,deviant
QF,deviant
QF,deviant
QF,deviant
QFA,regular
QFA,regular
QFA,regular
QFA,regular
QFA,regular
QFA,regular
QFA,regular
QFA,regular
QG,deviant
QG,deviant
QG,deviant
QG,deviant
QG,deviant
QG,deviant
QG,deviant
QG,deviant
QG,deviant
QG,deviant
QG,deviant
QH,regular
QH,regular
QH,regular
QH,regular
QH,regular
QH,regular
QH,regular
QH,regular
QH,regular
QH,regular
QH,regular
QH,regular
QH,regular
QH,regular
QH,regular
QH,regular
QH,regular
QH,regular
QH,regular
QH,regular
QH,regular
QH,regular
QH,regular
QHA,deviant
QHA,deviant
QHA,deviant
QHA,deviant
QHA,deviant
QHA,deviant
QHA,deviant
QHA,deviant
QHA,deviant
QHA,deviant
QHA,deviant
QHA,deviant
QHA,deviant
QI,deviant
QI,deviant
QI,deviant
QI,deviant
QI,deviant
QI,deviant
QI,deviant
QI,deviant
QIA,deviant
QIA,deviant
QIA,deviant
QIA,deviant
QIA,deviant
QIA,deviant
QIA,deviant
QIA,deviant
QIA,deviant
QIA,deviant
QIA,deviant
QIA,deviant
QIA,deviant
QIA,deviant
QJ,deviant
QJ,deviant
QJ,deviant
QJ,deviant
QJ,deviant
QJ,deviant
QJ,deviant
QJ,deviant
QJ,deviant
QJ,deviant
QJ,deviant
QJ,deviant
QJ,deviant
QK,deviant
QK,deviant
QK,deviant
QK,deviant
QK,deviant
QK,deviant
QK,deviant
QK,deviant
QK,deviant
QK,deviant
QK,deviant
QK,deviant
QK,deviant
QK,deviant
QK,deviant
QKA,deviant
QKA,deviant
QKA,deviant
QKA,deviant
QKA,deviant
QKA,deviant
QKA,deviant
QKA,deviant
QKA,deviant
QKA,deviant
QKA,deviant
QKA,deviant
QM,deviant
QM,deviant
QM,deviant
QM,deviant
QM,deviant
QM,deviant
QM,deviant
QM,deviant
QM,deviant
QM,deviant
QM,deviant
QMA,deviant
QMA,deviant
QMA,deviant
QMA,deviant
QMA,deviant
QMA,deviant
QMA,deviant
QMA,deviant
QMA,deviant
QMA,deviant
QMA,deviant
QMA,deviant
QMA,deviant
QMA,deviant
QMA,deviant
QMA,deviant
QMA,deviant
QN,deviant
QN,deviant
QN,deviant
QN,deviant
QN,deviant
QN,deviant
QN,deviant
QN,deviant
QN,deviant
QN,deviant
QN,deviant
QN,deviant
QN,deviant
QN,deviant
QN,deviant
QO,deviant
QO,deviant
QO,deviant
QO,deviant
QO,deviant
QO,deviant
QO,deviant
QO,deviant
QO,deviant
QO,deviant
QO,deviant
QP,deviant
QP,deviant
QP,deviant
QP,deviant
QP,deviant
QP,deviant
QP,deviant
QP,deviant
QP,deviant
QP,deviant
QP,deviant
QP,deviant
QP,deviant
QP,deviant
QP,deviant
QP,deviant
QQ,deviant
QQ,deviant
QQ,deviant
QQ,deviant
QQ,deviant
QQ,deviant
QQ,deviant
QQ,deviant
QQ,deviant
QS,deviant
QS,deviant
QS,deviant
QS,deviant
QS,deviant
QS,deviant
QS,deviant
QS,deviant
QS,deviant
QS,deviant
QS,deviant
QU,deviant
QU,deviant
QU,deviant
QU,deviant
QU,deviant
QU,deviant
QU,deviant
QU,deviant
QU,deviant
QU,deviant
QU,deviant
QU,deviant
QU,deviant
QU,deviant
QU,deviant
QU,deviant
QU,deviant
QW,deviant
QW,deviant
QW,deviant
QW,deviant
QW,deviant
QW,deviant
QW,deviant
QW,deviant
QW,deviant
QW,deviant
QW,deviant
QW,deviant
QX,regular
QX,regular
QX,regular
QX,regular
QX,regular
QX,regular
QX,regular
QX,regular
QX,regular
QX,regular
QX,regular
QX,regular
QX,regular
QX,regular
QX,regular
QX,regular
QX,regular
QX,regular
QX,regular
QX,regular
QX,regular
QX,regular
QX,regular
QX,regular
QX,regular
QX,regular
QX,regular
QX,regular
QX,regular
QY,deviant
QY,deviant
QY,deviant
QY,deviant
QY,deviant
QY,deviant
QY,deviant
QY,deviant
QY,deviant
QY,deviant
QY,deviant
QZ,deviant
QZ,deviant
QZ,deviant
QZ,deviant
QZ,deviant
QZ,deviant
QZ,deviant
QZ,deviant
QZ,deviant
RAA,regular
RAA,regular
RAA,regular
RAA,regular
RAA,regular
RAA,regular
RAA,regular
RAA,regular
RAA,regular
RAA,regular
RAA,regular
RAA,regular
RAA,regular
RAA,regular
RAA,regular
RAA,regular
RAA,regular
RB,deviant
RB,deviant
RB,deviant
RB,deviant
RB,deviant
RB,deviant
RBA,deviant
RBA,deviant
RBA,deviant
RBA,deviant
RBA,deviant
RBA,deviant
RBA,deviant
RBA,deviant
RBA,deviant
RBA,deviant
RBA,deviant
RBA,deviant
RC,deviant
RC,deviant
RC,deviant
RC,deviant
RC,deviant
RC,deviant
RC,deviant
RC,deviant
RC,deviant
RC,deviant
RC,deviant
RCA,deviant
RCA,deviant
RCA,deviant
RCA,deviant
RCA,deviant
RCA,deviant
RCA,deviant
RCA,deviant
RCA,deviant
RCA,deviant
RCA,deviant
RCA,deviant
RCA,deviant
RFA,regular
RFA,regular
RFA,regular
RFA,regular
RFA,regular
RFA,regular
RFA,regular
RFA,regular
RFA,regular
RFA,regular
RG,deviant
RG,deviant
RG,deviant
RG,deviant
RG,deviant
RG,deviant
RG,deviant
RG,deviant
RG,deviant
RG,deviant
RG,deviant
RG,deviant
RG,deviant
RG,deviant
RG,deviant
RG,deviant
RG,deviant
RG,deviant
RG,deviant
RG,deviant
RG,deviant
RG,deviant
RG,deviant
RG,deviant
RG,deviant
RG,deviant
RG,deviant
RG,deviant
RG,deviant
RG,deviant
RG,deviant
RGA,deviant
RGA,deviant
RGA,deviant
RGA,deviant
RGA,deviant
RGA,deviant
RGA,deviant
RGA,deviant
RGA,deviant
RGA,deviant
RGA,deviant
RGA,deviant
RGA,deviant
RHA,deviant
RHA,deviant
RHA,deviant
RHA,deviant
RHA,deviant
RHA,deviant
RHA,deviant
RHA,deviant
RI,deviant
RI,deviant
RI,deviant
RI,deviant
RI,deviant
RI,deviant
RI,deviant
RI,deviant
RI,deviant
RI,deviant
RI,deviant
RI,deviant
RI,deviant
RI,deviant
RIA,deviant
RIA,deviant
RIA,deviant
RIA,deviant
RIA,deviant
RIA,deviant
RIA,deviant
RIA,deviant
RIA,deviant
RIA,deviant
RIA,deviant
RIA,deviant
RK,deviant
RK,deviant
RK,deviant
RK,deviant
RK,deviant
RK,deviant
RK,deviant
RK,deviant
RK,deviant
RK,deviant
RK,deviant
RK,deviant
RK,deviant
RK,deviant
RKA,deviant
RKA,deviant
RKA,deviant
RKA,deviant
RKA,deviant
RKA,deviant
RKA,deviant
RKA,deviant
RKA,deviant
RL,deviant
RL,deviant
RL,deviant
RL,deviant
RL,deviant
RL,deviant
RLA,regular
RLA,regular
RLA,regular
RLA,regular
RLA,regular
RLA,regular
RLA,regular
RLA,regular
RLA,regular
RLA,regular
RLA,regular
RLA,regular
RLA,regular
RLA,regular
RLA,regular
RLA,regular
RLA,regular
RLA,regular
RLA,regular
RLA,regular
RLA,regular
RLA,regular
RM,deviant
RM,deviant
RM,deviant
RM,deviant
RM,deviant
RM,deviant
RN,regular
RN,regular
RN,regular
RN,regular
RN,regular
RN,regular
RN,regular
RN,regular
RN,regular
RN,regular
RN,regular
RN,regular
RN,regular
RN,regular
RN,regular
RN,regular
RN,regular
RN,regular
RN,regular
RN,regular
RP,deviant
RP,deviant
RP,deviant
RP,deviant
RP,deviant
RP,deviant
RP,deviant
RP,deviant
RP,deviant
RP,deviant
RP,deviant
RP,deviant
RP,deviant
RR,deviant
RR,deviant
RR,deviant
RR,deviant
RR,deviant
RR,deviant
RR,deviant
RR,deviant
RR,deviant
RS,deviant
RS,deviant
RS,deviant
RS,deviant
RS,deviant
RS,deviant
RS,deviant
RS,deviant
RS,deviant
RT,deviant
RT,deviant
RT,deviant
RT,deviant
RT,deviant
RT,deviant
RT,deviant
RT,deviant
RT,deviant
RU,deviant
RU,deviant
RU,deviant
RU,deviant
RU,deviant
RU,deviant
RU,deviant
RU,deviant
RU,deviant
RU,deviant
RU,deviant
RU,deviant
RU,deviant
RU,deviant
RU,deviant
RU,deviant
RU,deviant
RU,deviant
RU,deviant
RU,deviant
RU,deviant
RU,deviant
RU,deviant
RU,deviant
RU,deviant
RU,deviant
RU,deviant
RU,deviant
RU,deviant
RU,deviant
RU,deviant
RU,deviant
RU,deviant
RW,deviant
RW,deviant
RW,deviant
RW,deviant
RW,deviant
RW,deviant
RW,deviant
RW,deviant
RW,deviant
RW,deviant
RW,deviant
RW,deviant
RW,deviant
RW,deviant
RY,deviant
RY,deviant
RY,deviant
RY,deviant
RY,deviant
RY,deviant
RY,deviant
RY,deviant
RY,deviant
RY,deviant
RY,deviant
RY,deviant
RY,deviant
RY,deviant
RY,deviant
RY,deviant
RY,deviant
RY,deviant
RY,deviant
RY,deviant
RY,deviant
RY,deviant
RZ,deviant
RZ,deviant
RZ,deviant
RZ,deviant
RZ,deviant
RZ,deviant
RZ,deviant
RZ,deviant
RZ,deviant
RZ,deviant
RZ,deviant
RZ,deviant
RZ,deviant
S,deviant
S,deviant
S,deviant
S,deviant
S,deviant
S,deviant
S,deviant
S,deviant
S,deviant
S,deviant
S,deviant
S,deviant
S,deviant
S,deviant
S,deviant
S,deviant
S,deviant
SA,deviant
SA,deviant
SA,deviant
SA,deviant
SA,deviant
SA,deviant
SA,deviant
SA,deviant
SA,deviant
SA,deviant
SA,deviant
SA,deviant
SAA,regular
SAA,regular
SAA,regular
SAA,regular
SAA,regular
SAA,regular
SAA,regular
SAA,regular
SAA,regular
SAA,regular
SAA,regular
SB,deviant
SB,deviant
SB,deviant
SB,deviant
SB,deviant
SB,deviant
SB,deviant
SB,deviant
SB,deviant
SB,deviant
SB,deviant
SB,deviant
SBA,deviant
SBA,deviant
SBA,deviant
SBA,deviant
SBA,deviant
SBA,deviant
SBA,deviant
SBA,deviant
SBA,deviant
SBA,deviant
SBA,deviant
SBA,deviant
SBA,deviant
SCA,deviant
SCA,deviant
SCA,deviant
SCA,deviant
SCA,deviant
SCA,deviant
SCA,deviant
SCA,deviant
SCA,deviant
SCA,deviant
SCA,deviant
SCA,deviant
SCA,deviant
SCA,deviant
SCA,deviant
SD,deviant
SD,deviant
SD,deviant
SD,deviant
SD,deviant
SD,deviant
SD,deviant
SD,deviant
SD,deviant
SD,deviant
SD,deviant
SD,deviant
SD,deviant
SDA,deviant
SDA,deviant
SDA,deviant
SDA,deviant
SDA,deviant
SDA,deviant
SDA,deviant
SDA,deviant
SDA,deviant
SDA,deviant
SDA,deviant
SDA,deviant
SDA,deviant
SE,deviant
SE,deviant
SE,deviant
SE,deviant
SE,deviant
SE,deviant
SE,deviant
SE,deviant
SE,deviant
SEA,deviant
SEA,deviant
SEA,deviant
SEA,deviant
SEA,deviant
SEA,deviant
SEA,deviant
SEA,deviant
SF,deviant
SF,deviant
SF,deviant
SF,deviant
SF,deviant
SF,deviant
SF,deviant
SF,deviant
SF,deviant
SF,deviant
SFA,deviant
SFA,deviant
SFA,deviant
SFA,deviant
SFA,deviant
SFA,deviant
SFA,deviant
SFA,deviant
SFA,deviant
SFA,deviant
SFA,deviant
SFA,deviant
SFA,deviant
SFA,deviant
SGA,regular
SGA,regular
SGA,regular
SGA,regular
SGA,regular
SGA,regular
SGA,regular
SGA,regular
SGA,regular
SGA,regular
SGA,regular
SGA,regular
SGA,regular
SGA,regular
SGA,regular
SGA,regular
SH,deviant
SH,deviant
SH,deviant
SH,deviant
SH,deviant
SH,deviant
SH,deviant
SH,deviant
SH,deviant
SH,deviant
SHA,deviant
SHA,deviant
SHA,deviant
SHA,deviant
SHA,deviant
SHA,deviant
SHA,deviant
SHA,deviant
SHA,deviant
SHA,deviant
SHA,deviant
SHA,deviant
SHA,deviant
SHA,deviant
SHA,deviant
SHA,deviant
SI,deviant
SI,deviant
SI,deviant
SI,deviant
SI,deviant
SI,deviant
SI,deviant
SI,deviant
SI,deviant
SI,deviant
SI,deviant
SI,deviant
SI,deviant
SI,deviant
SI,deviant
SI,deviant
SI,deviant
SJ,deviant
SJ,deviant
SJ,deviant
SJ,deviant
SJ,deviant
SJ,deviant
SJ,deviant
SJ,deviant
SJ,deviant
SJ,deviant
SJ,deviant
SJ,deviant
SJ,deviant
SJ,deviant
SJA,deviant
SJA,deviant
SJA,deviant
SJA,deviant
SJA,deviant
SJA,deviant
SJA,deviant
SJA,deviant
SJA,deviant
SJA,deviant
SK,regular
SK,regular
SK,regular
SK,regular
SK,regular
SK,regular
SK,regular
SK,regular
SK,regular
SK,regular
SK,regular
SK,regular
SK,regular
SK,regular
SK,regular
SK,regular
SK,regular
SK,regular
SK,regular
SK,regular
SK,regular
SK,regular
SK,regular
SK,regular
SK,regular
SK,regular
SK,regular
SK,regular
SK,regular
SK,regular
SK,regular
SK,regular
SL,deviant
SL,deviant
SL,deviant
SL,deviant
SL,deviant
SL,deviant
SL,deviant
SL,deviant
SL,deviant
SL,deviant
SL,deviant
SL,deviant
SL,deviant
SL,deviant
SLA,deviant
SLA,deviant
SLA,deviant
SLA,deviant
SLA,deviant
SLA,deviant
SLA,deviant
SLA,deviant
SLA,deviant
SLA,deviant
SLA,deviant
SLA,deviant
SLA,deviant
SLA,deviant
SLA,deviant
SLA,deviant
SLA,deviant
SLA,deviant
SLA,deviant
SLA,deviant
SLA,deviant
SLA,deviant
SLA,deviant
SM,deviant
SM,deviant
SM,deviant
SM,deviant
SM,deviant
SM,deviant
SM,deviant
SM,deviant
SM,deviant
SM,deviant
SM,deviant
SM,deviant
SM,deviant
SM,deviant
SM,deviant
SM,deviant
SM,deviant
SM,deviant
SM,deviant
SM,deviant
SM,deviant
SM,deviant
SM,deviant
SM,deviant
SM,deviant
SM,deviant
SM,deviant
SM,deviant
SM,deviant
SM,deviant
SM,deviant
SM,deviant
SM,deviant
SM,deviant
SM,deviant
SM,deviant
SM,deviant
SM,deviant
SMA,deviant
SMA,deviant
SMA,deviant
SMA,deviant
SMA,deviant
SMA,deviant
SMA,deviant
SMA,deviant
SMA,deviant
SMA,deviant
SMA,deviant
SMA,deviant
SMA,deviant
SMA,deviant
SMA,deviant
SO,deviant
SO,deviant
SO,deviant
SO,deviant
SO,deviant
SO,deviant
SO,deviant
SO,deviant
SO,deviant
SO,deviant
SO,deviant
SO,deviant
SO,deviant
SO,deviant
SQ,regular
SQ,regular
SQ,regular
SQ,regular
SQ,regular
SQ,regular
SQ,regular
SQ,regular
SQ,regular
SQ,regular
SQ,regular
SQ,regular
SR,deviant
SR,deviant
SR,deviant
SR,deviant
SR,deviant
SR,deviant
SR,deviant
SR,deviant
SR,deviant
SR,deviant
SR,deviant
SR,deviant
SS,deviant
SS,deviant
SS,deviant
SS,deviant
SS,deviant
SS,deviant
SS,deviant
SS,deviant
SS,deviant
SS,deviant
SS,deviant
ST,deviant
ST,deviant
ST,deviant
ST,deviant
ST,deviant
ST,deviant
ST,deviant
ST,deviant
ST,deviant
ST,deviant
ST,deviant
ST,deviant
ST,deviant
ST,deviant
ST,deviant
SV,regular
SV,regular
SV,regular
SV,regular
SV,regular
SV,regular
SV,regular
SV,regular
SV,regular
SV,regular
SW,deviant
SW,deviant
SW,deviant
SW,deviant
SW,deviant
SW,deviant
SW,deviant
SW,deviant
SW,deviant
SW,deviant
SW,deviant
SW,deviant
SW,deviant
SW,deviant
SW,deviant
SW,deviant
SW,deviant
SW,deviant
SX,deviant
SX,deviant
SX,deviant
SX,deviant
SX,deviant
SX,deviant
SX,deviant
SX,deviant
SX,deviant
SX,deviant
SX,deviant
SX,deviant
SX,deviant
SX,deviant
SX,deviant
SX,deviant
SX,deviant
SX,deviant
SX,deviant
SY,deviant
SY,deviant
SY,deviant
SY,deviant
SY,deviant
SY,deviant
SY,deviant
SY,deviant
SY,deviant
SY,deviant
SY,deviant
SY,deviant
T,regular
T,regular
T,regular
T,regular
T,regular
T,regular
T,regular
T,regular
T,regular
T,regular
TA,deviant
TA,deviant
TA,deviant
TA,deviant
TA,deviant
TA,deviant
TA,deviant
TA,deviant
TA,deviant
TAA,deviant
TAA,deviant
TAA,deviant
TAA,deviant
TAA,deviant
TAA,deviant
TAA,deviant
TAA,deviant
TAA,deviant
TAA,deviant
TAA,deviant
TAA,deviant
TAA,deviant
TAA,deviant
TAA,deviant
TAA,deviant
TAA,deviant
TB,deviant
TB,deviant
TB,deviant
TB,deviant
TB,deviant
TB,deviant
TB,deviant
TBA,deviant
TBA,deviant
TBA,deviant
TBA,deviant
TBA,deviant
TBA,deviant
TBA,deviant
TBA,deviant
TBA,deviant
TBA,deviant
TBA,deviant
TC,deviant
TC,deviant
TC,deviant
TC,deviant
TC,deviant
TC,deviant
TC,deviant
TC,deviant
TC,deviant
TC,deviant
TC,deviant
TC,deviant
TC,deviant
TC,deviant
TC,deviant
TC,deviant
TC,deviant
TC,deviant
TC,deviant
TC,deviant
TC,deviant
TC,deviant
TCA,deviant
TCA,deviant
TCA,deviant
TCA,deviant
TCA,deviant
TCA,deviant
TCA,deviant
TCA,deviant
TCA,deviant
TCA,deviant
TCA,deviant
TCA,deviant
TCA,deviant
TCA,deviant
TCA,deviant
TCA,deviant
TCA,deviant
TCA,deviant
TCA,deviant
TD,regular
TD,regular
TD,regular
TD,regular
TD,regular
TD,regular
TD,regular
TD,regular
TD,regular
TD,regular
TD,regular
TD,regular
TD,regular
TD,regular
TD,regular
TD,regular
TDA,deviant
TDA,deviant
TDA,deviant
TDA,deviant
TDA,deviant
TDA,deviant
TDA,deviant
TDA,deviant
TDA,deviant
TEA,deviant
TEA,deviant
TEA,deviant
TEA,deviant
TEA,deviant
TEA,deviant
TEA,deviant
TEA,deviant
TEA,deviant
TEA,deviant
TEA,deviant
TEA,deviant
TF,deviant
TF,deviant
TF,deviant
TF,deviant
TF,deviant
TF,deviant
TF,deviant
TF,deviant
TF,deviant
TF,deviant
TF,deviant
TF,deviant
TF,deviant
TG,deviant
TG,deviant
TG,deviant
TG,deviant
TG,deviant
TG,deviant
TG,deviant
TG,deviant
TG,deviant
TG,deviant
TGA,deviant
TGA,deviant
TGA,deviant
TGA,deviant
TGA,deviant
TGA,deviant
TGA,deviant
TGA,deviant
TGA,deviant
TGA,deviant
TGA,deviant
TGA,deviant
TGA,deviant
TGA,deviant
TH,deviant
TH,deviant
TH,deviant
TH,deviant
TH,deviant
TH,deviant
TH,deviant
TH,deviant
TH,deviant
TH,deviant
TH,deviant
TH,deviant
THA,deviant
THA,deviant
THA,deviant
THA,deviant
THA,deviant
THA,deviant
THA,deviant
THA,deviant
THA,deviant
THA,deviant
THA,deviant
TI,regular
TI,regular
TI,regular
TI,regular
TI,regular
TI,regular
TI,regular
TI,regular
TI,regular
TI,regular
TI,regular
TI,regular
TI,regular
TI,regular
TI,regular
TI,regular
TI,regular
TI,regular
TI,regular
TI,regular
TI,regular
TIA,deviant
TIA,deviant
TIA,deviant
TIA,deviant
TIA,deviant
TIA,deviant
TIA,deviant
TIA,deviant
TIA,deviant
TIA,deviant
TIA,deviant
TIA,deviant
TIA,deviant
TIA,deviant
TJ,deviant
TJ,deviant
TJ,deviant
TJ,deviant
TJ,deviant
TJ,deviant
TJ,deviant
TJ,deviant
TJ,deviant
TJ,deviant
TJ,deviant
TJ,deviant
TJ,deviant
TJA,deviant
TJA,deviant
TJA,deviant
TJA,deviant
TJA,deviant
TJA,deviant
TJA,deviant
TJA,deviant
TJA,deviant
TJA,deviant
TJA,deviant
TJA,deviant
TJA,deviant
TJA,deviant
TJA,deviant
TJA,deviant
TJA,deviant
TJA,deviant
TJA,deviant
TJA,deviant
TJA,deviant
TJA,deviant
TJA,deviant
TJA,deviant
TJA,deviant
TJA,deviant
TKA,deviant
TKA,deviant
TKA,deviant
TKA,deviant
TKA,deviant
TKA,deviant
TKA,deviant
TKA,deviant
TKA,deviant
TKA,deviant
TKA,deviant
TKA,deviant
TL,deviant
TL,deviant
TL,deviant
TL,deviant
TL,deviant
TL,deviant
TL,deviant
TL,deviant
TL,deviant
TL,deviant
TL,deviant
TL,deviant
TL,deviant
TL,deviant
TL,deviant
TL,deviant
TMA,deviant
TMA,deviant
TMA,deviant
TMA,deviant
TMA,deviant
TMA,deviant
TMA,deviant
TMA,deviant
TMA,deviant
TN,deviant
TN,deviant
TN,deviant
TN,deviant
TN,deviant
TN,deviant
TN,deviant
TN,deviant
TN,deviant
TN,deviant
TN,deviant
TN,deviant
TN,deviant
TN,deviant
TN,deviant
TN,deviant
TN,deviant
TN,deviant
TN,deviant
TN,deviant
TN,deviant
TN,deviant
TN,deviant
TN,deviant
TN,deviant
TN,deviant
TO,deviant
TO,deviant
TO,deviant
TO,deviant
TO,deviant
TO,deviant
TO,deviant
TO,deviant
TO,deviant
TO,deviant
TO,deviant
TO,deviant
TO,deviant
TO,deviant
TO,deviant
TO,deviant
TO,deviant
TO,deviant
TO,deviant
TO,deviant
TO,deviant
TO,deviant
TO,deviant
TO,deviant
TO,deviant
TO,deviant
TO,deviant
TO,deviant
TO,deviant
TO,deviant
TO,deviant
TO,deviant
TP,deviant
TP,deviant
TP,deviant
TP,deviant
TP,deviant
TP,deviant
TP,deviant
TP,deviant
TP,deviant
TP,deviant
TP,deviant
TP,deviant
TP,deviant
TP,deviant
TQ,deviant
TQ,deviant
TQ,deviant
TQ,deviant
TQ,deviant
TQ,deviant
TQ,deviant
TQ,deviant
TQ,deviant
TQ,deviant
TQ,deviant
TQ,deviant
TQ,deviant
TR,regular
TR,regular
TR,regular
TR,regular
TR,regular
TR,regular
TR,regular
TR,regular
TS,regular
TS,regular
TS,regular
TS,regular
TS,regular
TS,regular
TS,regular
TS,regular
TS,regular
TS,regular
TS,regular
TS,regular
TS,regular
TS,regular
TS,regular
TS,regular
TS,regular
TS,regular
TS,regular
TS,regular
TU,regular
TU,regular
TU,regular
TU,regular
TU,regular
TU,regular
TU,regular
TU,regular
TU,regular
TU,regular
TU,regular
TU,regular
TU,regular
TU,regular
TU,regular
TU,regular
TU,regular
TU,regular
TU,regular
TU,regular
TV,deviant
TV,deviant
TV,deviant
TV,deviant
TV,deviant
TV,deviant
TV,deviant
TV,deviant
TV,deviant
TV,deviant
TV,deviant
TV,deviant
TV,deviant
TV,deviant
TV,deviant
TW,deviant
TW,deviant
TW,deviant
TW,deviant
TW,deviant
TW,deviant
TW,deviant
TW,deviant
TW,deviant
TW,deviant
TW,deviant
TW,deviant
TW,deviant
TW,deviant
TW,deviant
TW,deviant
TW,deviant
TW,deviant
TW,deviant
TW,deviant
TX,deviant
TX,deviant
TX,deviant
TX,deviant
TX,deviant
TX,deviant
TX,deviant
TX,deviant
TX,deviant
TX,deviant
TX,deviant
TX,deviant
TX,deviant
U,regular
U,regular
U,regular
U,regular
U,regular
U,regular
U,regular
U,regular
U,regular
U,regular
U,regular
UA,deviant
UA,deviant
UA,deviant
UA,deviant
UA,deviant
UA,deviant
UA,deviant
UA,deviant
UA,deviant
UA,deviant
UBA,deviant
UBA,deviant
UBA,deviant
UBA,deviant
UBA,deviant
UBA,deviant
UBA,deviant
UBA,deviant
UBA,deviant
UBA,deviant
UBA,deviant
UBA,deviant
UBA,deviant
UC,deviant
UC,deviant
UC,deviant
UC,deviant
UC,deviant
UC,deviant
UC,deviant
UC,deviant
UC,deviant
UC,deviant
UC,deviant
UC,deviant
UC,deviant
UC,deviant
UC,deviant
UC,deviant
UC,deviant
UC,deviant
UC,deviant
UC,deviant
UC,deviant
UC,deviant
UC,deviant
UC,deviant
UC,deviant
UC,deviant
UC,deviant
UC,deviant
UC,deviant
UC,deviant
UD,regular
UD,regular
UD,regular
UD,regular
UD,regular
UD,regular
UD,regular
UD,regular
UD,regular
UD,regular
UD,regular
UD,regular
UD,regular
UD,regular
UD,regular
UD,regular
UD,regular
UD,regular
UD,regular
UD,regular
UD,regular
UD,regular
UD,regular
UD,regular
UD,regular
UD,regular
UD,regular
UD,regular
UD,regular
UD,regular
UD,regular
UDA,deviant
UDA,deviant
UDA,deviant
UDA,deviant
UDA,deviant
UDA,deviant
UDA,deviant
UDA,deviant
UDA,deviant
UDA,deviant
UDA,deviant
UDA,deviant
UDA,deviant
UDA,deviant
UDA,deviant
UDA,deviant
UDA,deviant
UDA,deviant
UDA,deviant
UDA,deviant
UDA,deviant
UDA,deviant
UDA,deviant
UDA,deviant
UDA,deviant
UDA,deviant
UDA,deviant
UDA,deviant
UDA,deviant
UE,deviant
UE,deviant
UE,deviant
UE,deviant
UE,deviant
UE,deviant
UE,deviant
UE,deviant
UE,deviant
UE,deviant
UE,deviant
UE,deviant
UE,deviant
UE,deviant
UE,deviant
UE,deviant
UE,deviant
UE,deviant
UF,deviant
UF,deviant
UF,deviant
UF,deviant
UF,deviant
UF,deviant
UF,deviant
UF,deviant
UF,deviant
UF,deviant
UF,deviant
UF,deviant
UF,deviant
UF,deviant
UF,deviant
UF,deviant
UF,deviant
UF,deviant
UF,deviant
UF,deviant
UF,deviant
UF,deviant
UF,deviant
UF,deviant
UF,deviant
UF,deviant
UF,deviant
UF,deviant
UGA,deviant
UGA,deviant
UGA,deviant
UGA,deviant
UGA,deviant
UGA,deviant
UGA,deviant
UGA,deviant
UGA,deviant
UGA,deviant
UGA,deviant
UGA,deviant
UGA,deviant
UGA,deviant
UI,deviant
UI,deviant
UI,deviant
UI,deviant
UI,deviant
UI,deviant
UI,deviant
UI,deviant
UI,deviant
UI,deviant
UI,deviant
UI,deviant
UI,deviant
UIA,deviant
UIA,deviant
UIA,deviant
UIA,deviant
UIA,deviant
UIA,deviant
UIA,deviant
UIA,deviant
UIA,deviant
UIA,deviant
UIA,deviant
UIA,deviant
UJ,deviant
UJ,deviant
UJ,deviant
UJ,deviant
UJ,deviant
UJ,deviant
UJ,deviant
UJ,deviant
UJ,deviant
UJ,deviant
UJ,deviant
UJ,deviant
UJ,deviant
UJ,deviant
UK,deviant
UK,deviant
UK,deviant
UK,deviant
UK,deviant
UK,deviant
UK,deviant
UK,deviant
UK,deviant
UK,deviant
UK,deviant
UK,deviant
UK,deviant
UK,deviant
UK,deviant
UK,deviant
UKA,deviant
UKA,deviant
UKA,deviant
UKA,deviant
UKA,deviant
UKA,deviant
UKA,deviant
UKA,deviant
UKA,deviant
UKA,deviant
UKA,deviant
UKA,deviant
UKA,deviant
UKA,deviant
UKA,deviant
UKA,deviant
ULA,deviant
ULA,deviant
ULA,deviant
ULA,deviant
ULA,deviant
ULA,deviant
ULA,deviant
ULA,deviant
ULA,deviant
ULA,deviant
ULA,deviant
ULA,deviant
ULA,deviant
ULA,deviant
UMA,deviant
UMA,deviant
UMA,deviant
UMA,deviant
UMA,deviant
UMA,deviant
UMA,deviant
UMA,deviant
UMA,deviant
UMA,deviant
UMA,deviant
UMA,deviant
UMA,deviant
UP,deviant
UP,deviant
UP,deviant
UP,deviant
UP,deviant
UP,deviant
UP,deviant
UP,deviant
UP,deviant
UP,deviant
UQ,deviant
UQ,deviant
UQ,deviant
UQ,deviant
UQ,deviant
UQ,deviant
UQ,deviant
UQ,deviant
UQ,deviant
UQ,deviant
UR,regular
UR,regular
UR,regular
UR,regular
UR,regular
UR,regular
UR,regular
UR,regular
UR,regular
UR,regular
UR,regular
UR,regular
UR,regular
UR,regular
UR,regular
US,deviant
US,deviant
US,deviant
US,deviant
US,deviant
US,deviant
US,deviant
US,deviant
US,deviant
US,deviant
US,deviant
US,deviant
US,deviant
US,deviant
UT,deviant
UT,deviant
UT,deviant
UT,deviant
UT,deviant
UT,deviant
UT,deviant
UT,deviant
UT,deviant
UT,deviant
UT,deviant
UU,deviant
UU,deviant
UU,deviant
UU,deviant
UU,deviant
UV,deviant
UV,deviant
UV,deviant
UV,deviant
UV,deviant
UV,deviant
UV,deviant
UV,deviant
UV,deviant
UV,deviant
UV,deviant
UV,deviant
UV,deviant
UW,deviant
UW,deviant
UW,deviant
UW,deviant
UW,deviant
UW,deviant
UW,deviant
UW,deviant
UW,deviant
UW,deviant
UW,deviant
UW,deviant
UZ,regular
UZ,regular
UZ,regular
UZ,regular
UZ,regular
UZ,regular
UZ,regular
UZ,regular
UZ,regular
UZ,regular
UZ,regular
UZ,regular
V,deviant
V,deviant
V,deviant
V,deviant
V,deviant
V,deviant
V,deviant
V,deviant
V,deviant
V,deviant
V,deviant
V,deviant
V,deviant
V,deviant
V,deviant
V,deviant
V,deviant
V,deviant
V,deviant
VA,deviant
VA,deviant
VA,deviant
VA,deviant
VA,deviant
VA,deviant
VA,deviant
VA,deviant
VA,deviant
VA,deviant
VA,deviant
VA,deviant
VAA,deviant
VAA,deviant
VAA,deviant
VAA,deviant
VAA,deviant
VAA,deviant
VAA,deviant
VAA,deviant
VAA,deviant
VAA,deviant
VAA,deviant
VAA,deviant
VAA,deviant
VAA,deviant
VAA,deviant
VAA,deviant
VAA,deviant
VAA,deviant
VB,deviant
VB,deviant
VB,deviant
VB,deviant
VB,deviant
VB,deviant
VB,deviant
VB,deviant
VB,deviant
VB,deviant
VB,deviant
VC,deviant
VC,deviant
VC,deviant
VC,deviant
VC,deviant
VC,deviant
VC,deviant
VC,deviant
VC,deviant
VC,deviant
VC,deviant
VC,deviant
VCA,deviant
VCA,deviant
VCA,deviant
VCA,deviant
VCA,deviant
VCA,deviant
VCA,deviant
VCA,deviant
VCA,deviant
VCA,deviant
VCA,deviant
VCA,deviant
VCA,deviant
VD,deviant
VD,deviant
VD,deviant
VD,deviant
VD,deviant
VD,deviant
VD,deviant
VD,deviant
VD,deviant
VD,deviant
VDA,deviant
VDA,deviant
VDA,deviant
VDA,deviant
VDA,deviant
VDA,deviant
VDA,deviant
VDA,deviant
VDA,deviant
VDA,deviant
VDA,deviant
VE,deviant
VE,deviant
VE,deviant
VE,deviant
VE,deviant
VE,deviant
VE,deviant
VE,deviant
VE,deviant
VE,deviant
VE,deviant
VE,deviant
VE,deviant
VE,deviant
VE,deviant
VE,deviant
VE,deviant
VE,deviant
VF,deviant
VF,deviant
VF,deviant
VF,deviant
VF,deviant
VF,deviant
VF,deviant
VF,deviant
VF,deviant
VF,deviant
VF,deviant
VF,deviant
VFA,deviant
VFA,deviant
VFA,deviant
VFA,deviant
VFA,deviant
VFA,deviant
VFA,deviant
VFA,deviant
VFA,deviant
VFA,deviant
VFA,deviant
VFA,deviant
VFA,deviant
VFA,deviant
VFA,deviant
VG,deviant
VG,deviant
VG,deviant
VG,deviant
VG,deviant
VG,deviant
VG,deviant
VG,deviant
VG,deviant
VG,deviant
VG,deviant
VG,deviant
VG,deviant
VG,deviant
VI,deviant
VI,deviant
VI,deviant
VI,deviant
VI,deviant
VI,deviant
VI,deviant
VI,deviant
VI,deviant
VI,deviant
VI,deviant
VI,deviant
VI,deviant
VI,deviant
VI,deviant
VI,deviant
VIA,deviant
VIA,deviant
VIA,deviant
VIA,deviant
VIA,deviant
VIA,deviant
VIA,deviant
VIA,deviant
VIA,deviant
VIA,deviant
VIA,deviant
VIA,deviant
VIA,deviant
VIA,deviant
VIA,deviant
VIA,deviant
VIA,deviant
VIA,deviant
VIA,deviant
VIA,deviant
VIA,deviant
VIA,deviant
VIA,deviant
VIA,deviant
VIA,deviant
VIA,deviant
VIA,deviant
VIA,deviant
VIA,deviant
VIA,deviant
VIA,deviant
VIA,deviant
VIA,deviant
VIA,deviant
VIA,deviant
VJ,deviant
VJ,deviant
VJ,deviant
VJ,deviant
VJ,deviant
VJ,deviant
VJ,deviant
VJ,deviant
VJ,deviant
VJ,deviant
VJ,deviant
VJ,deviant
VK,deviant
VK,deviant
VK,deviant
VK,deviant
VK,deviant
VK,deviant
VK,deviant
VK,deviant
VK,deviant
VK,deviant
VK,deviant
VK,deviant
VK,deviant
VK,deviant
VK,deviant
VK,deviant
VK,deviant
VK,deviant
VK,deviant
VKA,regular
VKA,regular
VKA,regular
VKA,regular
VKA,regular
VKA,regular
VKA,regular
VKA,regular
VKA,regular
VKA,regular
VKA,regular
VKA,regular
VKA,regular
VKA,regular
VL,deviant
VL,deviant
VL,deviant
VL,deviant
VL,deviant
VL,deviant
VL,deviant
VL,deviant
VL,deviant
VL,deviant
VL,deviant
VL,deviant
VL,deviant
VM,deviant
VM,deviant
VM,deviant
VM,deviant
VM,deviant
VM,deviant
VM,deviant
VM,deviant
VM,deviant
VM,deviant
VM,deviant
VM,deviant
VM,deviant
VM,deviant
VN,deviant
VN,deviant
VN,deviant
VN,deviant
VN,deviant
VN,deviant
VN,deviant
VN,deviant
VN,deviant
VN,deviant
VN,deviant
VN,deviant
VN,deviant
VN,deviant
VN,deviant
VN,deviant
VN,deviant
VN,deviant
VN,deviant
VN,deviant
VN,deviant
VN,deviant
VN,deviant
VN,deviant
VN,deviant
VN,deviant
VO,deviant
VO,deviant
VO,deviant
VO,deviant
VO,deviant
VO,deviant
VO,deviant
VO,deviant
VO,deviant
VO,deviant
VO,deviant
VO,deviant
VO,deviant
VO,deviant
VO,deviant
VO,deviant
VO,deviant
VO,deviant
VO,deviant
VO,deviant
VP,regular
VP,regular
VP,regular
VP,regular
VP,regular
VP,regular
VP,regular
VP,regular
VP,regular
VP,regular
VP,regular
VP,regular
VP,regular
VP,regular
VP,regular
VQ,regular
VQ,regular
VQ,regular
VQ,regular
VQ,regular
VQ,regular
VQ,regular
VQ,regular
VQ,regular
VQ,regular
VQ,regular
VQ,regular
VR,regular
VR,regular
VR,regular
VR,regular
VR,regular
VR,regular
VR,regular
VR,regular
VR,regular
VR,regular
VR,regular
VR,regular
VR,regular
VR,regular
VR,regular
VR,regular
VS,deviant
VS,deviant
VS,deviant
VS,deviant
VS,deviant
VS,deviant
VS,deviant
VS,deviant
VS,deviant
VS,deviant
VS,deviant
VS,deviant
VS,deviant
VS,deviant
VS,deviant
VT,deviant
VT,deviant
VT,deviant
VT,deviant
VT,deviant
VT,deviant
VT,deviant
VT,deviant
VT,deviant
VT,deviant
VT,deviant
VT,deviant
VT,deviant
VT,deviant
VT,deviant
VU,deviant
VU,deviant
VU,deviant
VU,deviant
VU,deviant
VU,deviant
VU,deviant
VU,deviant
VU,deviant
VU,deviant
VU,deviant
VU,deviant
VU,deviant
VW,deviant
VW,deviant
VW,deviant
VW,deviant
VW,deviant
VW,deviant
VW,deviant
VW,deviant
VW,deviant
VW,deviant
VW,deviant
VW,deviant
VY,deviant
VY,deviant
VY,deviant
VY,deviant
VY,deviant
VY,deviant
VY,deviant
VY,deviant
VY,deviant
VY,deviant
VY,deviant
VY,deviant
VY,deviant
VY,deviant
VY,deviant
VY,deviant
W,deviant
W,deviant
W,deviant
W,deviant
W,deviant
W,deviant
W,deviant
W,deviant
W,deviant
W,deviant
WA,deviant
WA,deviant
WA,deviant
WA,deviant
WA,deviant
WA,deviant
WAA,deviant
WAA,deviant
WAA,deviant
WAA,deviant
WAA,deviant
WAA,deviant
WAA,deviant
WAA,deviant
WAA,deviant
WAA,deviant
WAA,deviant
WBA,deviant
WBA,deviant
WBA,deviant
WBA,deviant
WBA,deviant
WBA,deviant
WBA,deviant
WBA,deviant
WBA,deviant
WBA,deviant
WBA,deviant
WC,deviant
WC,deviant
WC,deviant
WC,deviant
WC,deviant
WC,deviant
WC,deviant
WC,deviant
WC,deviant
WC,deviant
WCA,deviant
WCA,deviant
WCA,deviant
WCA,deviant
WCA,deviant
WCA,deviant
WCA,deviant
WCA,deviant
WCA,deviant
WCA,deviant
WCA,deviant
WCA,deviant
WCA,deviant
WCA,deviant
WCA,deviant
WCA,deviant
WCA,deviant
WCA,deviant
WCA,deviant
WDA,deviant
WDA,deviant
WDA,deviant
WDA,deviant
WDA,deviant
WDA,deviant
WDA,deviant
WDA,deviant
WDA,deviant
WDA,deviant
WDA,deviant
WDA,deviant
WDA,deviant
WDA,deviant
WDA,deviant
WDA,deviant
WDA,deviant
WDA,deviant
WDA,deviant
WDA,deviant
WDA,deviant
WDA,deviant
WDA,deviant
WDA,deviant
WDA,deviant
WDA,deviant
WDA,deviant
WDA,deviant
WDA,deviant
WDA,deviant
WE,deviant
WE,deviant
WE,deviant
WE,deviant
WE,deviant
WE,deviant
WE,deviant
WE,deviant
WE,deviant
WE,deviant
WE,deviant
WE,deviant
WE,deviant
WE,deviant
WE,deviant
WF,deviant
WF,deviant
WF,deviant
WF,deviant
WF,deviant
WF,deviant
WF,deviant
WF,deviant
WF,deviant
WF,deviant
WF,deviant
WF,deviant
WF,deviant
WF,deviant
WF,deviant
WF,deviant
WF,deviant
WF,deviant
WF,deviant
WFA,deviant
WFA,deviant
WFA,deviant
WFA,deviant
WFA,deviant
WFA,deviant
WFA,deviant
WFA,deviant
WFA,deviant
WFA,deviant
WFA,deviant
WG,deviant
WG,deviant
WG,deviant
WG,deviant
WG,deviant
WG,deviant
WG,deviant
WG,deviant
WG,deviant
WG,deviant
WG,deviant
WG,deviant
WG,deviant
WGA,regular
WGA,regular
WGA,regular
WGA,regular
WGA,regular
WGA,regular
WGA,regular
WGA,regular
WGA,regular
WGA,regular
WGA,regular
WGA,regular
WGA,regular
WGA,regular
WGA,regular
WGA,regular
WGA,regular
WGA,regular
WGA,regular
WGA,regular
WGA,regular
WGA,regular
WGA,regular
WGA,regular
WGA,regular
WGA,regular
WGA,regular
WGA,regular
WGA,regular
WGA,regular
WGA,regular
WGA,regular
WGA,regular
WGA,regular
WGA,regular
WGA,regular
WHA,deviant
WHA,deviant
WHA,deviant
WHA,deviant
WHA,deviant
WHA,deviant
WHA,deviant
WHA,deviant
WHA,deviant
WHA,deviant
WHA,deviant
WI,deviant
WI,deviant
WI,deviant
WI,deviant
WI,deviant
WI,deviant
WI,deviant
WJA,regular
WJA,regular
WJA,regular
WJA,regular
WJA,regular
WJA,regular
WJA,regular
WJA,regular
WJA,regular
WJA,regular
WJA,regular
WJA,regular
WJA,regular
WJA,regular
WJA,regular
WJA,regular
WJA,regular
WJA,regular
WK,deviant
WK,deviant
WK,deviant
WK,deviant
WK,deviant
WK,deviant
WK,deviant
WKA,regular
WKA,regular
WKA,regular
WKA,regular
WKA,regular
WKA,regular
WKA,regular
WKA,regular
WKA,regular
WKA,regular
WKA,regular
WKA,regular
WKA,regular
WKA,regular
WKA,regular
WKA,regular
WKA,regular
WKA,regular
WL,deviant
WL,deviant
WL,deviant
WL,deviant
WL,deviant
WL,deviant
WL,deviant
WL,deviant
WLA,deviant
WLA,deviant
WLA,deviant
WLA,deviant
WLA,deviant
WLA,deviant
WLA,deviant
WLA,deviant
WLA,deviant
WLA,deviant
WLA,deviant
WLA,deviant
WM,deviant
WM,deviant
WM,deviant
WM,deviant
WM,deviant
WM,deviant
WM,deviant
WM,deviant
WM,deviant
WM,deviant
WM,deviant
WM,deviant
WM,deviant
WM,deviant
WN,regular
WN,regular
WN,regular
WN,regular
WN,regular
WN,regular
WN,regular
WN,regular
WN,regular
WN,regular
WN,regular
WN,regular
WN,regular
WN,regular
WN,regular
WN,regular
WN,regular
WN,regular
WN,regular
WN,regular
WN,regular
WN,regular
WN,regular
WO,deviant
WO,deviant
WO,deviant
WO,deviant
WO,deviant
WO,deviant
WO,deviant
WO,deviant
WO,deviant
WO,deviant
WO,deviant
WO,deviant
WO,deviant
WO,deviant
WO,deviant
WO,deviant
WP,deviant
WP,deviant
WP,deviant
WP,deviant
WP,deviant
WP,deviant
WP,deviant
WP,deviant
WP,deviant
WP,deviant
WP,deviant
WP,deviant
WP,deviant
WP,deviant
WP,deviant
WQ,deviant
WQ,deviant
WQ,deviant
WQ,deviant
WQ,deviant
WQ,deviant
WQ,deviant
WQ,deviant
WQ,deviant
WQ,deviant
WQ,deviant
WR,regular
WR,regular
WR,regular
WR,regular
WR,regular
WR,regular
WR,regular
WR,regular
WR,regular
WR,regular
WR,regular
WR,regular
WR,regular
WR,regular
WR,regular
WR,regular
WR,regular
WR,regular
WT,deviant
WT,deviant
WT,deviant
WT,deviant
WT,deviant
WT,deviant
WT,deviant
WT,deviant
WT,deviant
WT,deviant
WT,deviant
WT,deviant
WT,deviant
WT,deviant
WT,deviant
WT,deviant
WU,deviant
WU,deviant
WU,deviant
WU,deviant
WU,deviant
WU,deviant
WU,deviant
WU,deviant
WU,deviant
WU,deviant
WU,deviant
WU,deviant
WU,deviant
WU,deviant
WU,deviant
WU,deviant
WV,deviant
WV,deviant
WV,deviant
WV,deviant
WV,deviant
WV,deviant
WV,deviant
WV,deviant
WV,deviant
WV,deviant
WV,deviant
WV,deviant
WV,deviant
WW,deviant
WW,deviant
WW,deviant
WW,deviant
WW,deviant
WW,deviant
WW,deviant
WW,deviant
WW,deviant
WW,deviant
WW,deviant
WW,deviant
WW,deviant
WW,deviant
WW,deviant
WW,deviant
WZ,regular
WZ,regular
WZ,regular
WZ,regular
WZ,regular
WZ,regular
WZ,regular
WZ,regular
WZ,regular
WZ,regular
WZ,regular
WZ,regular
WZ,regular
WZ,regular
WZ,regular
WZ,regular
WZ,regular
WZ,regular
WZ,regular
WZ,regular
WZ,regular
WZ,regular
WZ,regular
WZ,regular
X,deviant
X,deviant
X,deviant
X,deviant
X,deviant
X,deviant
X,deviant
X,deviant
X,deviant
X,deviant
X,deviant
XAA,deviant
XAA,deviant
XAA,deviant
XAA,deviant
XAA,deviant
XAA,deviant
XAA,deviant
XAA,deviant
XAA,deviant
XAA,deviant
XAA,deviant
XAA,deviant
XB,regular
XB,regular
XB,regular
XB,regular
XB,regular
XB,regular
XB,regular
XB,regular
XB,regular
XB,regular
XB,regular
XBA,deviant
XBA,deviant
XBA,deviant
XBA,deviant
XBA,deviant
XBA,deviant
XBA,deviant
XBA,deviant
XBA,deviant
XBA,deviant
XBA,deviant
XBA,deviant
XBA,deviant
XBA,deviant
XBA,deviant
XBA,deviant
XBA,deviant
XBA,deviant
XBA,deviant
XBA,deviant
XBA,deviant
XBA,deviant
XBA,deviant
XBA,deviant
XBA,deviant
XCA,deviant
XCA,deviant
XCA,deviant
XCA,deviant
XCA,deviant
XCA,deviant
XCA,deviant
XCA,deviant
XCA,deviant
XCA,deviant
XCA,deviant
XCA,deviant
XCA,deviant
XCA,deviant
XCA,deviant
XCA,deviant
XCA,deviant
XCA,deviant
XCA,deviant
XCA,deviant
XCA,deviant
XCA,deviant
XCA,deviant
XCA,deviant
XCA,deviant
XCA,deviant
XCA,deviant
XCA,deviant
XCA,deviant
XCA,deviant
XCA,deviant
XCA,deviant
XCA,deviant
XD,deviant
XD,deviant
XD,deviant
XD,deviant
XD,deviant
XD,deviant
XD,deviant
XD,deviant
XD,deviant
XEA,deviant
XEA,deviant
XEA,deviant
XEA,deviant
XEA,deviant
XEA,deviant
XEA,deviant
XEA,deviant
XEA,deviant
XEA,deviant
XEA,deviant
XF,deviant
XF,deviant
XF,deviant
XF,deviant
XF,deviant
XF,deviant
XF,deviant
XF,deviant
XF,deviant
XF,deviant
XF,deviant
XFA,deviant
XFA,deviant
XFA,deviant
XFA,deviant
XFA,deviant
XFA,deviant
XFA,deviant
XFA,deviant
XFA,deviant
XFA,deviant
XFA,deviant
XFA,deviant
XFA,deviant
XFA,deviant
XFA,deviant
XFA,deviant
XFA,deviant
XGA,deviant
XGA,deviant
XGA,deviant
XGA,deviant
XGA,deviant
XGA,deviant
XGA,deviant
XGA,deviant
XGA,deviant
XGA,deviant
XGA,deviant
XGA,deviant
XGA,deviant
XH,deviant
XH,deviant
XH,deviant
XH,deviant
XH,deviant
XH,deviant
XH,deviant
XH,deviant
XH,deviant
XH,deviant
XH,deviant
XH,deviant
XH,deviant
XH,deviant
XH,deviant
XH,deviant
XH,deviant
XH,deviant
XH,deviant
XH,deviant
XH,deviant
XI,deviant
XI,deviant
XI,deviant
XI,deviant
XI,deviant
XI,deviant
XI,deviant
XI,deviant
XI,deviant
XI,deviant
XI,deviant
XI,deviant
XI,deviant
XI,deviant
XI,deviant
XI,deviant
XI,deviant
XI,deviant
XI,deviant
XI,deviant
XI,deviant
XI,deviant
XI,deviant
XI,deviant
XI,deviant
XI,deviant
XI,deviant
XI,deviant
XI,deviant
XI,deviant
XI,deviant
XI,deviant
XI,deviant
XI,deviant
XI,deviant
XI,deviant
XI,deviant
XJ,deviant
XJ,deviant
XJ,deviant
XJ,deviant
XJ,deviant
XJ,deviant
XJ,deviant
XJ,deviant
XJ,deviant
XJ,deviant
XJ,deviant
XJA,deviant
XJA,deviant
XJA,deviant
XJA,deviant
XJA,deviant
XJA,deviant
XJA,deviant
XJA,deviant
XJA,deviant
XJA,deviant
XJA,deviant
XJA,deviant
XJA,deviant
XJA,deviant
XJA,deviant
XJA,deviant
XJA,deviant
XJA,deviant
XJA,deviant
XKA,deviant
XKA,deviant
XKA,deviant
XKA,deviant
XKA,deviant
XKA,deviant
XKA,deviant
XKA,deviant
XKA,deviant
XKA,deviant
XKA,deviant
XL,deviant
XL,deviant
XL,deviant
XL,deviant
XL,deviant
XL,deviant
XL,deviant
XL,deviant
XL,deviant
XL,deviant
XL,deviant
XL,deviant
XM,deviant
XM,deviant
XM,deviant
XM,deviant
XM,deviant
XM,deviant
XM,deviant
XM,deviant
XM,deviant
XM,deviant
XM,deviant
XM,deviant
XM,deviant
XM,deviant
XM,deviant
XM,deviant
XN,deviant
XN,deviant
XN,deviant
XN,deviant
XN,deviant
XN,deviant
XN,deviant
XN,deviant
XN,deviant
XN,deviant
XN,deviant
XN,deviant
XN,deviant
XN,deviant
XO,regular
XO,regular
XO,regular
XO,regular
XO,regular
XO,regular
XO,regular
XO,regular
XO,regular
XP,deviant
XP,deviant
XP,deviant
XP,deviant
XP,deviant
XP,deviant
XP,deviant
XP,deviant
XP,deviant
XP,deviant
XP,deviant
XP,deviant
XQ,deviant
XQ,deviant
XQ,deviant
XQ,deviant
XQ,deviant
XQ,deviant
XQ,deviant
XQ,deviant
XQ,deviant
XQ,deviant
XQ,deviant
XQ,deviant
XS,regular
XS,regular
XS,regular
XS,regular
XS,regular
XS,regular
XS,regular
XS,regular
XS,regular
XS,regular
XS,regular
XS,regular
XS,regular
XS,regular
XS,regular
XS,regular
XS,regular
XS,regular
XS,regular
XS,regular
XS,regular
XT,deviant
XT,deviant
XT,deviant
XT,deviant
XT,deviant
XT,deviant
XT,deviant
XT,deviant
XT,deviant
XT,deviant
XT,deviant
XT,deviant
XT,deviant
XT,deviant
XT,deviant
XT,deviant
XW,deviant
XW,deviant
XW,deviant
XW,deviant
XW,deviant
XW,deviant
XW,deviant
XW,deviant
XW,deviant
XW,deviant
XW,deviant
XW,deviant
XW,deviant
XW,deviant
XW,deviant
XX,regular
XX,regular
XX,regular
XX,regular
XX,regular
XX,regular
XX,regular
XX,regular
XX,regular
XX,regular
XX,regular
XX,regular
XY,deviant
XY,deviant
XY,deviant
XY,deviant
XY,deviant
XY,deviant
XY,deviant
XY,deviant
XY,deviant
XY,deviant
XY,deviant
XZ,regular
XZ,regular
XZ,regular
XZ,regular
XZ,regular
XZ,regular
XZ,regular
XZ,regular
XZ,regular
XZ,regular
XZ,regular
XZ,regular
XZ,regular
XZ,regular
XZ,regular
XZ,regular
YAA,deviant
YAA,deviant
YAA,deviant
YAA,deviant
YAA,deviant
YAA,deviant
YAA,deviant
YAA,deviant
YAA,deviant
YAA,deviant
YAA,deviant
YB,deviant
YB,deviant
YB,deviant
YB,deviant
YB,deviant
YB,deviant
YB,deviant
YB,deviant
YB,deviant
YB,deviant
YB,deviant
YB,deviant
YB,deviant
YB,deviant
YBA,deviant
YBA,deviant
YBA,deviant
YBA,deviant
YBA,deviant
YBA,deviant
YBA,deviant
YBA,deviant
YBA,deviant
YBA,deviant
YBA,deviant
YBA,deviant
YBA,deviant
YDA,deviant
YDA,deviant
YDA,deviant
YDA,deviant
YDA,deviant
YDA,deviant
YDA,deviant
YDA,deviant
YDA,deviant
YDA,deviant
YDA,deviant
YE,deviant
YE,deviant
YE,deviant
YE,deviant
YE,deviant
YE,deviant
YE,deviant
YE,deviant
YE,deviant
YE,deviant
YE,deviant
YE,deviant
YEA,deviant
YEA,deviant
YEA,deviant
YEA,deviant
YEA,deviant
YEA,deviant
YEA,deviant
YEA,deviant
YEA,deviant
YF,deviant
YF,deviant
YF,deviant
YF,deviant
YF,deviant
YF,deviant
YF,deviant
YF,deviant
YF,deviant
YF,deviant
YF,deviant
YF,deviant
YF,deviant
YF,deviant
YF,deviant
YF,deviant
YF,deviant
YF,deviant
YF,deviant
YF,deviant
YF,deviant
YF,deviant
YF,deviant
YF,deviant
YF,deviant
YF,deviant
YF,deviant
YF,deviant
YFA,deviant
YFA,deviant
YFA,deviant
YFA,deviant
YFA,deviant
YFA,deviant
YFA,deviant
YFA,deviant
YFA,deviant
YFA,deviant
YFA,deviant
YG,regular
YG,regular
YG,regular
YG,regular
YG,regular
YG,regular
YG,regular
YG,regular
YG,regular
YG,regular
YG,regular
YG,regular
YG,regular
YG,regular
YG,regular
YG,regular
YG,regular
YG,regular
YG,regular
YG,regular
YG,regular
YG,regular
YG,regular
YG,regular
YG,regular
YG,regular
YG,regular
YG,regular
YG,regular
YGA,deviant
YGA,deviant
YGA,deviant
YGA,deviant
YGA,deviant
YGA,deviant
YGA,deviant
YGA,deviant
YGA,deviant
YGA,deviant
YGA,deviant
YGA,deviant
YH,deviant
YH,deviant
YH,deviant
YH,deviant
YH,deviant
YH,deviant
YHA,deviant
YHA,deviant
YHA,deviant
YHA,deviant
YHA,deviant
YHA,deviant
YHA,deviant
YHA,deviant
YHA,deviant
YHA,deviant
YHA,deviant
YHA,deviant
YHA,deviant
YHA,deviant
YHA,deviant
YI,deviant
YI,deviant
YI,deviant
YI,deviant
YI,deviant
YI,deviant
YI,deviant
YI,deviant
YI,deviant
YI,deviant
YI,deviant
YI,deviant
YI,deviant
YIA,deviant
YIA,deviant
YIA,deviant
YIA,deviant
YIA,deviant
YIA,deviant
YIA,deviant
YIA,deviant
YIA,deviant
YIA,deviant
YIA,deviant
YIA,deviant
YIA,deviant
YIA,deviant
YIA,deviant
YIA,deviant
YIA,deviant
YIA,deviant
YIA,deviant
YIA,deviant
YIA,deviant
YIA,deviant
YIA,deviant
YIA,deviant
YIA,deviant
YIA,deviant
YIA,deviant
YIA,deviant
YIA,deviant
YIA,deviant
YIA,deviant
YIA,deviant
YIA,deviant
YIA,deviant
YIA,deviant
YIA,deviant
YIA,deviant
YIA,deviant
YIA,deviant
YIA,deviant
YIA,deviant
YIA,deviant
YIA,deviant
YIA,deviant
YIA,deviant
YIA,deviant
YIA,deviant
YIA,deviant
YIA,deviant
YIA,deviant
YJ,deviant
YJ,deviant
YJ,deviant
YJ,deviant
YJ,deviant
YJ,deviant
YJ,deviant
YJ,deviant
YJ,deviant
YJ,deviant
YJ,deviant
YJA,deviant
YJA,deviant
YJA,deviant
YJA,deviant
YJA,deviant
YJA,deviant
YJA,deviant
YJA,deviant
YJA,deviant
YJA,deviant
YJA,deviant
YK,deviant
YK,deviant
YK,deviant
YK,deviant
YK,deviant
YK,deviant
YK,deviant
YK,deviant
YK,deviant
YK,deviant
YK,deviant
YK,deviant
YK,deviant
YK,deviant
YK,deviant
YKA,deviant
YKA,deviant
YKA,deviant
YKA,deviant
YKA,deviant
YKA,deviant
YKA,deviant
YKA,deviant
YKA,deviant
YKA,deviant
YKA,deviant
YKA,deviant
YKA,deviant
YKA,deviant
YKA,deviant
YKA,deviant
YKA,deviant
YKA,deviant
YKA,deviant
YKA,deviant
YKA,deviant
YKA,deviant
YKA,deviant
YKA,deviant
YKA,deviant
YKA,deviant
YKA,deviant
YKA,deviant
YKA,deviant
YKA,deviant
YKA,deviant
YKA,deviant
YKA,deviant
YKA,deviant
YKA,deviant
YKA,deviant
YKA,deviant
YKA,deviant
YKA,deviant
YKA,deviant
YKA,deviant
YKA,deviant
YL,deviant
YL,deviant
YL,deviant
YL,deviant
YL,deviant
YL,deviant
YL,deviant
YL,deviant
YL,deviant
YL,deviant
YL,deviant
YL,deviant
YL,deviant
YL,deviant
YL,deviant
YL,deviant
YLA,deviant
YLA,deviant
YLA,deviant
YLA,deviant
YLA,deviant
YLA,deviant
YLA,deviant
YLA,deviant
YLA,deviant
YLA,deviant
YLA,deviant
YLA,deviant
YLA,deviant
YLA,deviant
YLA,deviant
YLA,deviant
YLA,deviant
YLA,deviant
YLA,deviant
YLA,deviant
YLA,deviant
YLA,deviant
YLA,deviant
YLA,deviant
YLA,deviant
YLA,deviant
YLA,deviant
YLA,deviant
YLA,deviant
YLA,deviant
YLA,deviant
YLA,deviant
YLA,deviant
YLA,deviant
YLA,deviant
YLA,deviant
YLA,deviant
YLA,deviant
YLA,deviant
YLA,deviant
YLA,deviant
YLA,deviant
YLA,deviant
YLA,deviant
YLA,deviant
YLA,deviant
YLA,deviant
YLA,deviant
YLA,deviant
YLA,deviant
YLA,deviant
YLA,deviant
YLA,deviant
YLA,deviant
YLA,deviant
YLA,deviant
YLA,deviant
YLA,deviant
YLA,deviant
YM,deviant
YM,deviant
YM,deviant
YM,deviant
YM,deviant
YM,deviant
YM,deviant
YM,deviant
YM,deviant
YM,deviant
YM,deviant
YMA,deviant
YMA,deviant
YMA,deviant
YMA,deviant
YMA,deviant
YMA,deviant
YMA,deviant
YMA,deviant
YO,deviant
YO,deviant
YO,deviant
YO,deviant
YO,deviant
YO,deviant
YO,deviant
YO,deviant
YO,deviant
YO,deviant
YO,deviant
YO,deviant
YO,deviant
YO,deviant
YO,deviant
YO,deviant
YO,deviant
YO,deviant
YO,deviant
YO,deviant
YO,deviant
YO,deviant
YO,deviant
YO,deviant
YO,deviant
YO,deviant
YP,regular
YP,regular
YP,regular
YP,regular
YP,regular
YP,regular
YP,regular
YP,regular
YP,regular
YP,regular
YP,regular
YP,regular
YP,regular
YP,regular
YP,regular
YP,regular
YP,regular
YP,regular
YP,regular
YP,regular
YP,regular
YP,regular
YP,regular
YP,regular
YP,regular
YP,regular
YP,regular
YP,regular
YP,regular
YP,regular
YQ,deviant
YQ,deviant
YQ,deviant
YQ,deviant
YQ,deviant
YQ,deviant
YQ,deviant
YQ,deviant
YQ,deviant
YQ,deviant
YQ,deviant
YR,deviant
YR,deviant
YR,deviant
YR,deviant
YR,deviant
YR,deviant
YR,deviant
YR,deviant
YR,deviant
YR,deviant
YR,deviant
YR,deviant
YR,deviant
YR,deviant
YR,deviant
YR,deviant
YS,deviant
YS,deviant
YS,deviant
YS,deviant
YS,deviant
YS,deviant
YS,deviant
YS,deviant
YS,deviant
YS,deviant
YS,deviant
YS,deviant
YS,deviant
YS,deviant
YS,deviant
YS,deviant
YS,deviant
YS,deviant
YS,deviant
YS,deviant
YS,deviant
YT,deviant
YT,deviant
YT,deviant
YT,deviant
YT,deviant
YT,deviant
YT,deviant
YT,deviant
YT,deviant
YT,deviant
YT,deviant
YT,deviant
YT,deviant
YT,deviant
YT,deviant
YV,deviant
YV,deviant
YV,deviant
YV,deviant
YV,deviant
YV,deviant
YV,deviant
YV,deviant
YV,deviant
YV,deviant
YV,deviant
YV,deviant
YV,deviant
YV,deviant
YV,deviant
YV,deviant
YV,deviant
YV,deviant
YV,deviant
YW,deviant
YW,deviant
YW,deviant
YW,deviant
YW,deviant
YW,deviant
YW,deviant
YW,deviant
YW,deviant
YX,deviant
YX,deviant
YX,deviant
YX,deviant
YX,deviant
YX,deviant
YX,deviant
YX,deviant
YX,deviant
YX,deviant
YX,deviant
YX,deviant
YX,deviant
YX,deviant
YX,deviant
YX,deviant
YX,deviant
YX,deviant
YX,deviant
YX,deviant
YX,deviant
YX,deviant
YX,deviant
YX,deviant
YX,deviant
YX,deviant
YX,deviant
YX,deviant
YX,deviant
YX,deviant
YX,deviant
YX,deviant
YX,deviant
YX,deviant
YX,deviant
YX,deviant
YX,deviant
YX,deviant
YX,deviant
YX,deviant
YX,deviant
YX,deviant
YX,deviant
YX,deviant
YX,deviant
YX,deviant
YX,deviant
YX,deviant
YX,deviant
YX,deviant
YX,deviant
YX,deviant
YX,deviant
YX,deviant
YX,deviant
YX,deviant
YX,deviant
YX,deviant
YX,deviant
YX,deviant
YX,deviant
YX,deviant
YX,deviant
YX,deviant
YX,deviant
YX,deviant
YX,deviant
YX,deviant
YX,deviant
YX,deviant
YX,deviant
YX,deviant
YX,deviant
YX,deviant
YX,deviant
YX,deviant
YX,deviant
YX,deviant
YX,deviant
YX,deviant
YX,deviant
YX,deviant
YX,deviant
YY,deviant
YY,deviant
YY,deviant
YY,deviant
YY,deviant
YY,deviant
YY,deviant
YY,deviant
YY,deviant
YY,deviant
YY,deviant
YY,deviant
YY,deviant
YY,deviant
YY,deviant
YY,deviant
YY,deviant
YY,deviant
YY,deviant
YY,deviant
YZ,deviant
YZ,deviant
YZ,deviant
YZ,deviant
YZ,deviant
YZ,deviant
YZ,deviant
YZ,deviant
YZ,deviant
YZ,deviant
YZ,deviant
YZ,deviant
YZ,deviant
Z,deviant
Z,deviant
Z,deviant
Z,deviant
Z,deviant
Z,deviant
Z,deviant
Z,deviant
Z,deviant
ZAA,deviant
ZAA,deviant
ZAA,deviant
ZAA,deviant
ZAA,deviant
ZAA,deviant
ZAA,deviant
ZAA,deviant
ZAA,deviant
ZAA,deviant
ZAA,deviant
ZAA,deviant
ZAA,deviant
ZAA,deviant
ZB,deviant
ZB,deviant
ZB,deviant
ZB,deviant
ZB,deviant
ZB,deviant
ZB,deviant
ZB,deviant
ZB,deviant
ZB,deviant
ZB,deviant
ZB,deviant
ZB,deviant
ZB,deviant
ZBA,deviant
ZBA,deviant
ZBA,deviant
ZBA,deviant
ZBA,deviant
ZBA,deviant
ZBA,deviant
ZBA,deviant
ZBA,deviant
ZBA,deviant
ZD,deviant
ZD,deviant
ZD,deviant
ZD,deviant
ZD,deviant
ZD,deviant
ZDA,deviant
ZDA,deviant
ZDA,deviant
ZDA,deviant
ZDA,deviant
ZDA,deviant
ZDA,deviant
ZDA,deviant
ZDA,deviant
ZDA,deviant
ZDA,deviant
ZDA,deviant
ZDA,deviant
ZDA,deviant
ZDA,deviant
ZDA,deviant
ZE,regular
ZE,regular
ZE,regular
ZE,regular
ZE,regular
ZE,regular
ZE,regular
ZE,regular
ZE,regular
ZE,regular
ZE,regular
ZE,regular
ZE,regular
ZE,regular
ZE,regular
ZE,regular
ZEA,deviant
ZEA,deviant
ZEA,deviant
ZEA,deviant
ZEA,deviant
ZEA,deviant
ZEA,deviant
ZEA,deviant
ZEA,deviant
ZEA,deviant
ZEA,deviant
ZEA,deviant
ZEA,deviant
ZEA,deviant
ZEA,deviant
ZEA,deviant
ZF,deviant
ZF,deviant
ZF,deviant
ZF,deviant
ZF,deviant
ZF,deviant
ZF,deviant
ZF,deviant
ZF,deviant
ZF,deviant
ZF,deviant
ZF,deviant
ZF,deviant
ZFA,deviant
ZFA,deviant
ZFA,deviant
ZFA,deviant
ZFA,deviant
ZFA,deviant
ZFA,deviant
ZFA,deviant
ZFA,deviant
ZFA,deviant
ZFA,deviant
ZG,regular
ZG,regular
ZG,regular
ZG,regular
ZG,regular
ZG,regular
ZG,regular
ZG,regular
ZG,regular
ZG,regular
ZGA,deviant
ZGA,deviant
ZGA,deviant
ZGA,deviant
ZGA,deviant
ZGA,deviant
ZGA,deviant
ZGA,deviant
ZGA,deviant
ZGA,deviant
ZGA,deviant
ZGA,deviant
ZGA,deviant
ZGA,deviant
ZGA,deviant
ZGA,deviant
ZGA,deviant
ZGA,deviant
ZGA,deviant
ZGA,deviant
ZGA,deviant
ZGA,deviant
ZGA,deviant
ZGA,deviant
ZGA,deviant
ZGA,deviant
ZGA,deviant
ZH,deviant
ZH,deviant
ZH,deviant
ZH,deviant
ZH,deviant
ZH,deviant
ZH,deviant
ZH,deviant
ZH,deviant
ZH,deviant
ZH,deviant
ZH,deviant
ZHA,deviant
ZHA,deviant
ZHA,deviant
ZHA,deviant
ZHA,deviant
ZHA,deviant
ZHA,deviant
ZHA,deviant
ZHA,deviant
ZHA,deviant
ZHA,deviant
ZHA,deviant
ZHA,deviant
ZHA,deviant
ZHA,deviant
ZHA,deviant
ZHA,deviant
ZHA,deviant
ZHA,deviant
ZHA,deviant
ZHA,deviant
ZHA,deviant
ZHA,deviant
ZHA,deviant
ZI,deviant
ZI,deviant
ZI,deviant
ZI,deviant
ZI,deviant
ZI,deviant
ZI,deviant
ZI,deviant
ZI,deviant
ZI,deviant
ZI,deviant
ZI,deviant
ZI,deviant
ZI,deviant
ZI,deviant
ZI,deviant
ZI,deviant
ZJ,deviant
ZJ,deviant
ZJ,deviant
ZJ,deviant
ZJ,deviant
ZJ,deviant
ZJ,deviant
ZJ,deviant
ZJ,deviant
ZJ,deviant
ZJ,deviant
ZJ,deviant
ZJ,deviant
ZJ,deviant
ZJ,deviant
ZJA,deviant
ZJA,deviant
ZJA,deviant
ZJA,deviant
ZJA,deviant
ZJA,deviant
ZJA,deviant
ZJA,deviant
ZJA,deviant
ZJA,deviant
ZJA,deviant
ZJA,deviant
ZJA,deviant
ZJA,deviant
ZJA,deviant
ZJA,deviant
ZJA,deviant
ZJA,deviant
ZJA,deviant
ZJA,deviant
ZJA,deviant
ZJA,deviant
ZK,deviant
ZK,deviant
ZK,deviant
ZK,deviant
ZK,deviant
ZK,deviant
ZK,deviant
ZK,deviant
ZK,deviant
ZK,deviant
ZKA,deviant
ZKA,deviant
ZKA,deviant
ZKA,deviant
ZKA,deviant
ZKA,deviant
ZKA,deviant
ZKA,deviant
ZKA,deviant
ZKA,deviant
ZKA,deviant
ZKA,deviant
ZKA,deviant
ZKA,deviant
ZL,deviant
ZL,deviant
ZL,deviant
ZL,deviant
ZL,deviant
ZL,deviant
ZL,deviant
ZL,deviant
ZL,deviant
ZL,deviant
ZL,deviant
ZLA,deviant
ZLA,deviant
ZLA,deviant
ZLA,deviant
ZLA,deviant
ZLA,deviant
ZLA,deviant
ZLA,deviant
ZLA,deviant
ZM,deviant
ZM,deviant
ZM,deviant
ZM,deviant
ZM,deviant
ZM,deviant
ZM,deviant
ZM,deviant
ZM,deviant
ZM,deviant
ZM,deviant
ZM,deviant
ZM,deviant
ZM,deviant
ZM,deviant
ZM,deviant
ZM,deviant
ZM,deviant
ZM,deviant
ZM,deviant
ZM,deviant
ZM,deviant
ZM,deviant
ZM,deviant
ZM,deviant
ZM,deviant
ZM,deviant
ZMA,regular
ZMA,regular
ZMA,regular
ZMA,regular
ZMA,regular
ZMA,regular
ZMA,regular
ZMA,regular
ZMA,regular
ZMA,regular
ZMA,regular
ZMA,regular
ZMA,regular
ZMA,regular
ZMA,regular
ZMA,regular
ZMA,regular
ZMA,regular
ZMA,regular
ZMA,regular
ZMA,regular
ZMA,regular
ZMA,regular
ZMA,regular
ZMA,regular
ZMA,regular
ZMA,regular
ZMA,regular
ZMA,regular
ZMA,regular
ZMA,regular
ZMA,regular
ZMA,regular
ZMA,regular
ZMA,regular
ZMA,regular
ZMA,regular
ZMA,regular
ZMA,regular
ZMA,regular
ZMA,regular
ZMA,regular
ZMA,regular
ZMA,regular
ZMA,regular
ZMA,regular
ZMA,regular
ZMA,regular
ZMA,regular
ZMA,regular
ZMA,regular
ZMA,regular
ZMA,regular
ZMA,regular
ZMA,regular
ZMA,regular
ZMA,regular
ZMA,regular
ZMA,regular
ZMA,regular
ZMA,regular
ZMA,regular
ZMA,regular
ZMA,regular
ZMA,regular
ZMA,regular
ZO,deviant
ZO,deviant
ZO,deviant
ZO,deviant
ZO,deviant
ZO,deviant
ZO,deviant
ZO,deviant
ZO,deviant
ZO,deviant
ZO,deviant
ZP,deviant
ZP,deviant
ZP,deviant
ZP,deviant
ZP,deviant
ZP,deviant
ZP,deviant
ZP,deviant
ZP,deviant
ZP,deviant
ZP,deviant
ZQ,deviant
ZQ,deviant
ZQ,deviant
ZQ,deviant
ZQ,deviant
ZQ,deviant
ZQ,deviant
ZQ,deviant
ZQ,deviant
ZQ,deviant
ZQ,deviant
ZQ,deviant
ZQ,deviant
ZQ,deviant
ZQ,deviant
ZQ,deviant
ZR,deviant
ZR,deviant
ZR,deviant
ZR,deviant
ZR,deviant
ZR,deviant
ZR,deviant
ZR,deviant
ZR,deviant
ZR,deviant
ZR,deviant
ZR,deviant
ZS,deviant
ZS,deviant
ZS,deviant
ZS,deviant
ZS,deviant
ZS,deviant
ZS,deviant
ZS,deviant
ZS,deviant
ZS,deviant
ZS,deviant
ZS,deviant
ZT,regular
ZT,regular
ZT,regular
ZT,regular
ZT,regular
ZT,regular
ZT,regular
ZT,regular
ZT,regular
ZT,regular
ZT,regular
ZT,regular
ZT,regular
ZU,deviant
ZU,deviant
ZU,deviant
ZU,deviant
ZU,deviant
ZU,deviant
ZU,deviant
ZU,deviant
ZU,deviant
ZV,deviant
ZV,deviant
ZV,deviant
ZV,deviant
ZV,deviant
ZV,deviant
ZV,deviant
ZV,deviant
ZV,deviant
ZV,deviant
ZV,deviant
ZW,deviant
ZW,deviant
ZW,deviant
ZW,deviant
ZW,deviant
ZW,deviant
ZW,deviant
ZW,deviant
ZW,deviant
ZW,deviant
ZW,deviant
ZW,deviant
ZX,deviant
ZX,deviant
ZX,deviant
ZX,deviant
ZX,deviant
ZX,deviant
ZX,deviant
ZX,deviant
ZX,deviant
ZZ,deviant
ZZ,deviant
ZZ,deviant
ZZ,deviant
ZZ,deviant
ZZ,deviant
ZZ,deviant
ZZ,deviant
ZZ,deviant
ZZ,deviant
ZZ,deviant
ZZ,deviant
ZZ,deviant
missing_caseid,regular
missing_caseid,regular
missing_caseid,regular
missing_caseid,regular
missing_caseid,regular
missing_caseid,regular
missing_caseid,regular
missing_caseid,regular
missing_caseid,regular
missing_caseid,regular
missing_caseid,regular
missing_caseid,regular
missing_caseid,regular
missing_caseid,regular
missing_caseid,regular
missing_caseid,regular
missing_caseid,regular
missing_caseid,regular
missing_caseid,regular
missing_caseid,regular
missing_caseid,regular
missing_caseid,regular
missing_caseid,regular
missing_caseid,regular
