case_id,outcome
173688,Other
173691,Other
173694,Other
173697,Declined
173700,Declined
173703,Cancelled
173706,Declined
173709,Cancelled
173712,Cancelled
173715,Declined
173718,Other
173721,Declined
173724,Declined
173727,Declined
173730,Approved
173733,Declined
173736,Other
173739,Other
173742,Declined
173745,Cancelled
173748,Declined
173751,Approved
173754,Declined
173757,Declined
173760,Other
173763,Declined
173766,Cancelled
173769,Declined
173772,Declined
173775,Declined
173778,Declined
173781,Declined
173784,Other
173787,Cancelled
173790,Other
173793,Approved
173796,Cancelled
173799,Declined
173802,Declined
173805,Cancelled
173808,Declined
173811,Cancelled
173814,Declined
173817,Declined
173820,Declined
173823,Declined
173826,Declined
173829,Declined
173832,Declined
173835,Cancelled
173838,Declined
173841,Cancelled
173844,Other
173847,Declined
173850,Declined
173853,Declined
173856,Declined
173859,Cancelled
173862,Declined
173865,Declined
173868,Declined
173871,Declined
173874,Declined
173877,Declined
173880,Other
173883,Declined
173886,Declined
173889,Declined
173892,Declined
173895,Declined
173898,Cancelled
173901,Declined
173904,Declined
173907,Declined
173910,Declined
173913,Other
173916,Declined
173919,Cancelled
173922,Declined
173925,Declined
173928,Other
173931,Declined
173934,Declined
173937,Cancelled
173940,Other
173943,Cancelled
173946,Cancelled
173949,Declined
173952,Declined
173955,Other
173958,Cancelled
173961,Declined
173964,Cancelled
173979,Other
173982,Cancelled
173985,Declined
173988,Cancelled
173991,Declined
173994,Declined
173997,Cancelled
174000,Cancelled
174003,Declined
174006,Declined
174009,Declined
174012,Cancelled
174015,Declined
174018,Cancelled
174021,Declined
174024,Declined
174027,Declined
174030,Cancelled
174033,Declined
174036,Other
174039,Other
174042,Other
174045,Other
174048,Declined
174051,Declined
174054,Declined
174057,Declined
174060,Other
174063,Declined
174066,Declined
174069,Declined
174072,Declined
174075,Declined
174078,Approved
174081,Declined
174084,Other
174087,Other
174090,Cancelled
174093,Cancelled
174096,Approved
174099,Other
174102,Declined
174105,Approved
174108,Declined
174111,Cancelled
174114,Declined
174117,Declined
174120,Cancelled
174123,Declined
174126,Declined
174129,Declined
174132,Other
174135,Declined
174138,Cancelled
174141,Other
174144,Other
174147,Cancelled
174150,Cancelled
174153,Declined
174156,Declined
174159,Cancelled
174162,Declined
174165,Declined
174168,Cancelled
174171,Declined
174174,Declined
174177,Cancelled
174180,Cancelled
174183,Declined
174186,Declined
174189,Declined
174192,Declined
174195,Cancelled
174198,Cancelled
174201,Declined
174204,Declined
174207,Declined
174210,Declined
174213,Cancelled
174216,Other
174219,Declined
174222,Declined
174225,Declined
174228,Declined
174231,Cancelled
174234,Declined
174237,Declined
174240,Declined
174243,Declined
174246,Declined
174249,Declined
174252,Other
174255,Other
174258,Declined
174261,Declined
174264,Other
174267,Declined
174270,Cancelled
174273,Declined
174276,Declined
174279,Cancelled
174282,Declined
174285,Approved
174288,Cancelled
174291,Cancelled
174294,Cancelled
174297,Declined
174300,Declined
174303,Declined
174319,Other
174322,Cancelled
174325,Other
174328,Declined
174331,Declined
174334,Other
174337,Other
174340,Declined
174343,Approved
174346,Declined
174349,Cancelled
174352,Declined
174355,Declined
174358,Declined
174361,Cancelled
174364,Declined
174367,Cancelled
174370,Declined
174373,Declined
174376,Declined
174379,Cancelled
174382,Other
174385,Other
174388,Declined
174391,Declined
174394,Declined
174397,Declined
174400,Declined
174403,Declined
174406,Cancelled
174409,Other
174412,Declined
174415,Other
174418,Declined
174421,Cancelled
174424,Other
174427,Declined
174430,Approved
174433,Cancelled
174436,Declined
174439,Declined
174442,Declined
174445,Declined
174448,Other
174451,Cancelled
174454,Declined
174457,Cancelled
174460,Declined
174463,Other
174466,Declined
174469,Declined
174472,Declined
174475,Cancelled
174478,Other
174481,Cancelled
174484,Declined
174487,Other
174490,Cancelled
174493,Cancelled
174496,Cancelled
174499,Declined
174502,Approved
174505,Other
174508,Declined
174511,Other
174514,Declined
174517,Cancelled
174520,Declined
174523,Declined
174526,Declined
174529,Declined
174532,Declined
174535,Other
174538,Other
174541,Cancelled
174544,Declined
174547,Cancelled
174559,Declined
174562,Other
174565,Cancelled
174568,Cancelled
174571,Cancelled
174574,Declined
174577,Other
174599,Declined
174602,Other
174605,Other
174608,Declined
174611,Declined
174614,Cancelled
174617,Declined
174620,Other
174623,Declined
174626,Declined
174629,Other
174632,Declined
174635,Approved
174638,Cancelled
174641,Declined
174644,Cancelled
174647,Declined
174650,Other
174653,Other
174656,Declined
174659,Other
174662,Declined
174665,Declined
174668,Declined
174671,Cancelled
174674,Declined
174677,Declined
174680,Declined
174683,Cancelled
174686,Other
174689,Cancelled
174692,Declined
174695,Cancelled
174698,Declined
174701,Declined
174704,Declined
174707,Declined
174710,Cancelled
174713,Declined
174716,Cancelled
174719,Approved
174722,Other
174725,Declined
174728,Declined
174731,Declined
174734,Declined
174737,Cancelled
174740,Cancelled
174743,Declined
174746,Declined
174749,Other
174752,Other
174755,Declined
174758,Approved
174761,Other
174764,Other
174767,Cancelled
174770,Declined
174773,Approved
174776,Declined
174779,Approved
174782,Declined
174785,Declined
174788,Declined
174791,Declined
174794,Declined
174797,Declined
174800,Declined
174803,Declined
174806,Cancelled
174809,Declined
174812,Declined
174815,Approved
174818,Cancelled
174821,Declined
174824,Other
174827,Cancelled
174830,Declined
174833,Declined
174836,Declined
174839,Declined
174842,Declined
174845,Other
174848,Declined
174851,Other
174854,Cancelled
174857,Declined
174860,Declined
174863,Other
174866,Declined
174869,Cancelled
174872,Declined
174875,Other
174878,Other
174881,Cancelled
174884,Cancelled
174887,Declined
174890,Cancelled
174893,Cancelled
174896,Other
174899,Declined
174902,Declined
174905,Declined
174908,Declined
174911,Other
174914,Cancelled
174917,Cancelled
174920,Declined
174923,Other
174926,Other
174929,Other
174932,Declined
174935,Other
174938,Other
174941,Declined
174944,Other
174947,Cancelled
174950,Cancelled
174953,Other
174956,Declined
174959,Cancelled
174962,Other
174965,Other
174968,Other
174979,Cancelled
174982,Declined
174985,Cancelled
174988,Declined
174991,Cancelled
174994,Declined
174997,Declined
175000,Declined
175003,Declined
175006,Declined
175009,Declined
175012,Declined
175015,Cancelled
175018,Declined
175021,Declined
175024,Cancelled
175027,Approved
175030,Declined
175033,Declined
175036,Declined
175039,Cancelled
175042,Declined
175045,Declined
175048,Cancelled
175051,Declined
175054,Other
175057,Declined
175060,Other
175063,Declined
175066,Declined
175069,Declined
175072,Declined
175075,Declined
175078,Declined
175081,Declined
175084,Declined
175087,Declined
175090,Declined
175093,Declined
175096,Cancelled
175099,Other
175102,Declined
175105,Other
175108,Declined
175111,Declined
175114,Other
175117,Declined
175120,Cancelled
175123,Declined
175126,Declined
175129,Declined
175132,Declined
175135,Cancelled
175138,Declined
175141,Cancelled
175144,Declined
175147,Other
175150,Declined
175153,Other
175156,Declined
175159,Declined
175162,Declined
175165,Declined
175168,Declined
175171,Cancelled
175174,Declined
175177,Other
175180,Other
175183,Other
175186,Declined
175189,Declined
175192,Other
175195,Cancelled
175198,Declined
175201,Declined
175204,Other
175219,Cancelled
175222,Declined
175225,Declined
175228,Declined
175231,Cancelled
175234,Cancelled
175239,Cancelled
175242,Declined
175245,Declined
175248,Other
175251,Cancelled
175254,Cancelled
175257,Declined
175260,Cancelled
175263,Cancelled
175266,Other
175269,Declined
175272,Declined
175275,Cancelled
175278,Cancelled
175281,Other
175284,Declined
175287,Declined
175290,Declined
175293,Other
175296,Declined
175299,Cancelled
175302,Other
175305,Declined
175308,Declined
175311,Other
175314,Declined
175317,Declined
175320,Declined
175323,Other
175326,Declined
175329,Other
175332,Cancelled
175335,Other
175338,Cancelled
175341,Cancelled
175344,Other
175347,Other
175350,Declined
175353,Declined
175356,Declined
175359,Declined
175362,Declined
175365,Cancelled
175368,Declined
175371,Cancelled
175374,Declined
175377,Other
175380,Cancelled
175383,Other
175386,Cancelled
175389,Cancelled
175392,Other
175395,Cancelled
175398,Declined
175401,Cancelled
175404,Declined
175407,Other
175410,Other
175413,Cancelled
175416,Declined
175419,Cancelled
175422,Declined
175425,Other
175428,Cancelled
175431,Declined
175434,Cancelled
175437,Other
175440,Declined
175443,Declined
175446,Declined
175449,Declined
175452,Declined
175455,Declined
175458,Declined
175461,Declined
175464,Declined
175467,Declined
175470,Declined
175473,Declined
175476,Cancelled
175479,Cancelled
175482,Declined
175485,Approved
175488,Declined
175491,Other
175494,Declined
175497,Other
175500,Declined
175519,Cancelled
175522,Declined
175525,Cancelled
175528,Cancelled
175531,Declined
175534,Cancelled
175537,Cancelled
175540,Declined
175543,Other
175546,Approved
175549,Approved
175552,Declined
175555,Cancelled
175558,Declined
175561,Declined
175564,Declined
175567,Other
175570,Declined
175573,Cancelled
175576,Cancelled
175579,Declined
175582,Other
175585,Other
175588,Declined
175591,Cancelled
175594,Cancelled
175597,Declined
175600,Cancelled
175603,Declined
175606,Other
175609,Declined
175612,Declined
175615,Cancelled
175618,Declined
175621,Declined
175624,Other
175627,Other
175630,Cancelled
175633,Declined
175636,Declined
175639,Declined
175642,Cancelled
175645,Declined
175648,Declined
175651,Declined
175654,Declined
175657,Other
175660,Declined
175663,Declined
175666,Cancelled
175669,Cancelled
175672,Cancelled
175675,Cancelled
175678,Declined
175681,Cancelled
175684,Other
175687,Cancelled
175690,Cancelled
175693,Cancelled
175696,Declined
175699,Cancelled
175702,Declined
175705,Declined
175708,Declined
175711,Cancelled
175714,Declined
175717,Cancelled
175720,Cancelled
175723,Declined
175726,Cancelled
175729,Declined
175732,Declined
175735,Other
175738,Declined
175741,Other
175744,Cancelled
175747,Declined
175750,Declined
175753,Declined
175756,Other
175759,Cancelled
175762,Declined
175765,Cancelled
175768,Declined
175771,Declined
175774,Cancelled
175777,Declined
175780,Cancelled
175783,Declined
175786,Declined
175789,Cancelled
175792,Cancelled
175795,Declined
175798,Approved
175801,Other
175804,Cancelled
175807,Cancelled
175810,Declined
175813,Declined
175816,Declined
175819,Declined
175822,Other
175825,Declined
175828,Declined
175831,Declined
175834,Other
175837,Declined
175840,Declined
175843,Other
175846,Declined
175859,Other
175862,Declined
175865,Declined
175868,Declined
175871,Cancelled
175874,Declined
175877,Declined
175880,Declined
175883,Cancelled
175886,Declined
175889,Declined
175892,Other
175895,Declined
175898,Declined
175901,Declined
175904,Declined
175907,Declined
175910,Cancelled
175913,Cancelled
175916,Declined
175919,Declined
175922,Declined
175925,Declined
175928,Declined
175931,Declined
175934,Declined
175937,Cancelled
175940,Declined
175943,Declined
175946,Cancelled
175949,Declined
175952,Declined
175955,Declined
175958,Declined
175961,Declined
175964,Declined
175967,Declined
175970,Cancelled
175973,Other
175976,Cancelled
175979,Declined
175982,Declined
175985,Declined
175988,Declined
175991,Declined
175994,Declined
175997,Other
176000,Declined
176003,Declined
176006,Cancelled
176009,Declined
176012,Cancelled
176015,Cancelled
176018,Declined
176021,Other
176024,Declined
176027,Declined
176030,Cancelled
176033,Cancelled
176036,Declined
176039,Declined
176042,Declined
176045,Cancelled
176048,Other
176051,Other
176054,Declined
176057,Declined
176060,Cancelled
176063,Other
176066,Declined
176069,Other
176072,Other
176075,Declined
176078,Cancelled
176081,Cancelled
176084,Declined
176087,Other
176090,Other
176093,Other
176096,Declined
176099,Declined
176102,Declined
176105,Cancelled
176119,Other
176122,Cancelled
176125,Declined
176128,Cancelled
176131,Other
176134,Other
176137,Approved
176140,Declined
176143,Declined
176146,Cancelled
176149,Cancelled
176152,Other
176155,Declined
176158,Cancelled
176161,Declined
176164,Declined
176167,Declined
176170,Cancelled
176173,Declined
176176,Other
176179,Cancelled
176182,Cancelled
176185,Declined
176188,Cancelled
176191,Cancelled
176194,Declined
176197,Declined
176200,Declined
176203,Cancelled
176206,Cancelled
176209,Declined
176212,Declined
176215,Declined
176218,Other
176221,Declined
176224,Declined
176227,Cancelled
176230,Declined
176233,Declined
176236,Declined
176239,Other
176242,Declined
176245,Declined
176248,Declined
176251,Declined
176254,Declined
176257,Declined
176260,Declined
176263,Declined
176266,Other
176269,Declined
176272,Declined
176275,Other
176278,Cancelled
176281,Cancelled
176284,Declined
176287,Cancelled
176290,Other
176293,Declined
176296,Declined
176299,Cancelled
176302,Declined
176305,Cancelled
176308,Declined
176311,Declined
176314,Cancelled
176317,Declined
176320,Cancelled
176323,Cancelled
176326,Other
176329,Declined
176332,Cancelled
176339,Declined
176342,Cancelled
176345,Cancelled
176359,Declined
176362,Declined
176365,Declined
176368,Declined
176371,Cancelled
176374,Cancelled
176377,Declined
176380,Cancelled
176383,Other
176386,Declined
176389,Other
176392,Other
176395,Declined
176398,Cancelled
176401,Declined
176404,Declined
176407,Declined
176410,Declined
176413,Other
176416,Declined
176419,Declined
176422,Declined
176425,Declined
176428,Cancelled
176431,Cancelled
176434,Declined
176437,Other
176440,Declined
176443,Declined
176446,Other
176449,Declined
176452,Declined
176455,Declined
176458,Other
176461,Declined
176464,Declined
176467,Other
176470,Cancelled
176473,Declined
176476,Cancelled
176479,Declined
176482,Declined
176485,Declined
176488,Other
176491,Cancelled
176494,Declined
176497,Declined
176500,Declined
176503,Declined
176506,Declined
176509,Declined
176512,Declined
176515,Other
176518,Declined
176521,Cancelled
176524,Declined
176527,Cancelled
176530,Declined
176533,Declined
176536,Declined
176539,Cancelled
176542,Other
176545,Other
176548,Declined
176551,Declined
176554,Declined
176557,Cancelled
176560,Declined
176563,Declined
176566,Other
176569,Declined
176572,Cancelled
176575,Cancelled
176578,Declined
176581,Other
176584,Declined
176587,Declined
176590,Declined
176593,Other
176596,Other
176599,Declined
176602,Declined
176605,Declined
176608,Cancelled
176611,Cancelled
176614,Other
176617,Declined
176620,Declined
176623,Declined
176626,Declined
176629,Declined
176632,Cancelled
176635,Declined
176639,Cancelled
176642,Declined
176645,Declined
176648,Other
176651,Declined
176654,Declined
176657,Cancelled
176660,Declined
176663,Cancelled
176666,Declined
176669,Declined
176672,Other
176675,Declined
176678,Declined
176681,Declined
176684,Other
176687,Declined
176690,Other
176693,Declined
176696,Cancelled
176699,Declined
176702,Cancelled
176705,Declined
176708,Cancelled
176711,Cancelled
176714,Declined
176717,Other
176720,Declined
176723,Declined
176726,Declined
176729,Cancelled
176732,Declined
176735,Cancelled
176738,Cancelled
176741,Declined
176744,Cancelled
176747,Other
176750,Declined
176753,Declined
176756,Declined
176759,Declined
176762,Declined
176765,Cancelled
176768,Cancelled
176771,Cancelled
176774,Declined
176777,Declined
176780,Cancelled
176783,Other
176786,Cancelled
176789,Cancelled
176792,Other
176795,Declined
176798,Declined
176801,Declined
176804,Other
176807,Approved
176810,Other
176813,Other
176816,Declined
176819,Declined
176822,Other
176825,Cancelled
176828,Declined
176831,Cancelled
176834,Cancelled
176837,Other
176840,Other
176843,Declined
176846,Approved
176849,Cancelled
176852,Declined
176855,Cancelled
176858,Other
176879,Other
176882,Declined
176885,Cancelled
176888,Declined
176891,Other
176894,Cancelled
176897,Declined
176900,Declined
176903,Other
176906,Cancelled
176909,Declined
176912,Declined
176915,Declined
176918,Declined
176921,Cancelled
176924,Declined
176927,Other
176930,Other
176933,Declined
176936,Cancelled
176939,Declined
176942,Declined
176945,Cancelled
176948,Declined
176951,Declined
176954,Other
176957,Approved
176960,Other
176963,Other
176966,Cancelled
176969,Declined
176972,Declined
176975,Cancelled
176978,Other
176981,Other
176984,Other
176987,Declined
176990,Declined
176993,Declined
176996,Cancelled
176999,Declined
177002,Cancelled
177005,Declined
177008,Declined
177011,Declined
177014,Other
177017,Declined
177020,Declined
177023,Other
177026,Declined
177029,Other
177032,Declined
177035,Declined
177038,Cancelled
177041,Declined
177044,Cancelled
177047,Declined
177050,Declined
177053,Other
177056,Declined
177059,Cancelled
177062,Declined
177065,Declined
177068,Declined
177071,Declined
177074,Declined
177077,Other
177080,Declined
177083,Other
177086,Cancelled
177089,Other
177092,Cancelled
177095,Declined
177098,Declined
177119,Declined
177122,Declined
177125,Other
177128,Declined
177131,Declined
177134,Other
177137,Cancelled
177140,Other
177143,Declined
177146,Declined
177149,Other
177152,Cancelled
177155,Declined
177158,Declined
177161,Cancelled
177164,Declined
177167,Cancelled
177170,Cancelled
177173,Other
177176,Declined
177179,Cancelled
177182,Declined
177185,Declined
177188,Cancelled
177191,Other
177194,Other
177197,Other
177200,Cancelled
177203,Cancelled
177206,Other
177209,Other
177212,Cancelled
177215,Declined
177218,Declined
177221,Other
177224,Declined
177227,Declined
177230,Cancelled
177233,Cancelled
177236,Declined
177239,Cancelled
177242,Declined
177245,Cancelled
177248,Cancelled
177251,Cancelled
177254,Declined
177257,Declined
177260,Declined
177263,Other
177266,Declined
177269,Cancelled
177272,Declined
177275,Declined
177278,Declined
177281,Declined
177284,Other
177287,Declined
177290,Declined
177293,Cancelled
177296,Declined
177299,Other
177302,Declined
177305,Declined
177308,Declined
177311,Declined
177314,Declined
177317,Other
177320,Other
177323,Other
177326,Other
177329,Other
177332,Cancelled
177335,Cancelled
177338,Declined
177341,Declined
177344,Cancelled
177347,Declined
177350,Cancelled
177353,Other
177356,Cancelled
177359,Cancelled
177362,Declined
177365,Cancelled
177368,Other
177371,Declined
177374,Declined
177377,Declined
177380,Declined
177399,Declined
177402,Declined
177405,Cancelled
177408,Declined
177411,Declined
177414,Declined
177417,Declined
177420,Declined
177423,Cancelled
177426,Other
177429,Declined
177432,Cancelled
177435,Declined
177438,Declined
177441,Declined
177444,Declined
177447,Declined
177450,Declined
177453,Declined
177456,Cancelled
177459,Declined
177462,Cancelled
177465,Other
177468,Declined
177471,Cancelled
177474,Declined
177477,Declined
177480,Cancelled
177483,Declined
177486,Declined
177489,Declined
177492,Declined
177495,Cancelled
177498,Declined
177501,Cancelled
177504,Declined
177507,Declined
177510,Cancelled
177513,Declined
177516,Cancelled
177519,Other
177522,Cancelled
177525,Other
177528,Cancelled
177531,Declined
177534,Declined
177537,Cancelled
177540,Cancelled
177543,Cancelled
177546,Cancelled
177549,Declined
177552,Declined
177555,Cancelled
177558,Other
177561,Other
177564,Declined
177567,Declined
177570,Declined
177573,Declined
177576,Other
177579,Declined
177582,Declined
177585,Declined
177588,Declined
177591,Other
177594,Declined
177597,Declined
177600,Other
177603,Other
177606,Declined
177609,Other
177612,Declined
177615,Declined
177618,Other
177621,Declined
177624,Cancelled
177627,Declined
177630,Declined
177633,Declined
177636,Other
177639,Declined
177642,Declined
177645,Declined
177648,Declined
177651,Cancelled
177654,Declined
177657,Other
177660,Declined
177663,Other
177666,Other
177669,Other
177672,Declined
177675,Other
177678,Declined
177681,Cancelled
177684,Declined
177687,Other
177690,Declined
177699,Declined
177702,Cancelled
177705,Declined
177708,Other
177711,Declined
177719,Cancelled
177722,Declined
177725,Cancelled
177728,Cancelled
177731,Cancelled
177734,Declined
177737,Declined
177740,Other
177743,Declined
177746,Declined
177749,Declined
177752,Declined
177755,Declined
177758,Declined
177761,Declined
177764,Declined
177767,Declined
177770,Declined
177773,Declined
177776,Other
177779,Cancelled
177782,Other
177785,Declined
177788,Declined
177791,Declined
177794,Cancelled
177797,Other
177800,Approved
177803,Declined
177806,Declined
177809,Declined
177812,Declined
177815,Cancelled
177818,Declined
177821,Declined
177824,Declined
177827,Declined
177830,Cancelled
177833,Declined
177836,Other
177839,Declined
177842,Declined
177845,Other
177848,Declined
177851,Other
177854,Declined
177857,Other
177860,Declined
177863,Declined
177866,Cancelled
177869,Declined
177872,Declined
177875,Declined
177878,Declined
177881,Declined
177884,Declined
177887,Declined
177890,Declined
177893,Declined
177896,Declined
177899,Declined
177902,Other
177905,Declined
177908,Other
177911,Declined
177914,Declined
177917,Declined
177920,Declined
177923,Declined
177926,Approved
177929,Declined
177932,Declined
177935,Declined
177938,Cancelled
177941,Other
177944,Declined
177947,Declined
177950,Declined
177953,Other
177956,Declined
177959,Declined
177962,Declined
177965,Other
177968,Cancelled
177971,Approved
177974,Declined
177977,Declined
177980,Declined
177983,Cancelled
177986,Cancelled
177989,Declined
177992,Declined
177995,Other
177998,Cancelled
178001,Declined
178004,Other
178007,Declined
178010,Declined
178013,Cancelled
178016,Declined
178019,Declined
178022,Declined
178025,Declined
178028,Declined
178031,Declined
178034,Declined
178037,Declined
178059,Cancelled
178062,Declined
178065,Declined
178068,Declined
178071,Declined
178074,Cancelled
178077,Declined
178080,Cancelled
178083,Declined
178086,Declined
178089,Declined
178092,Declined
178095,Declined
178098,Declined
178101,Declined
178104,Declined
178107,Declined
178110,Declined
178113,Declined
178116,Declined
178119,Approved
178122,Declined
178125,Declined
178128,Cancelled
178131,Declined
178134,Other
178137,Declined
178140,Declined
178143,Declined
178146,Declined
178149,Declined
178152,Declined
178155,Declined
178158,Declined
178161,Declined
178164,Declined
178167,Cancelled
178170,Declined
178173,Declined
178176,Declined
178179,Cancelled
178182,Cancelled
178185,Cancelled
178188,Declined
178191,Declined
178194,Other
178197,Declined
178200,Declined
178203,Approved
178206,Declined
178209,Other
178212,Cancelled
178215,Declined
178218,Declined
178221,Declined
178224,Declined
178227,Declined
178230,Other
178233,Declined
178236,Declined
178239,Cancelled
178242,Approved
178245,Cancelled
178248,Declined
178251,Declined
178254,Other
178257,Other
178260,Cancelled
178263,Other
178266,Cancelled
178269,Cancelled
178272,Cancelled
178275,Cancelled
178278,Approved
178281,Declined
178284,Declined
178287,Declined
178290,Other
178293,Declined
178296,Declined
178299,Declined
178302,Other
178305,Declined
178308,Other
178311,Declined
178314,Declined
178317,Cancelled
178320,Cancelled
178323,Declined
178326,Declined
178329,Other
178332,Declined
178335,Other
178338,Declined
178341,Declined
178344,Declined
178347,Cancelled
178350,Declined
178353,Declined
178356,Cancelled
178359,Declined
178362,Declined
178365,Cancelled
178368,Cancelled
178371,Cancelled
178374,Declined
178377,Declined
178380,Declined
178383,Declined
178386,Approved
178389,Cancelled
178392,Cancelled
178395,Cancelled
178398,Declined
178401,Declined
178404,Declined
178407,Cancelled
178410,Declined
178413,Declined
178416,Declined
178419,Declined
178422,Declined
178425,Declined
178428,Declined
178431,Declined
178434,Declined
178437,Declined
178459,Declined
178462,Other
178465,Cancelled
178468,Declined
178471,Declined
178474,Other
178479,Declined
178482,Declined
178485,Declined
178488,Declined
178491,Declined
178494,Declined
178497,Cancelled
178500,Declined
178503,Declined
178506,Declined
178509,Declined
178512,Declined
178515,Declined
178518,Other
178521,Other
178524,Other
178527,Declined
178530,Declined
178533,Declined
178536,Declined
178539,Other
178542,Declined
178545,Cancelled
178548,Declined
178551,Declined
178554,Declined
178557,Approved
178560,Declined
178563,Declined
178566,Cancelled
178569,Cancelled
178572,Cancelled
178575,Other
178578,Declined
178581,Cancelled
178584,Declined
178587,Declined
178590,Declined
178593,Declined
178596,Other
178599,Declined
178602,Declined
178605,Declined
178608,Declined
178611,Declined
178614,Declined
178617,Declined
178620,Approved
178623,Declined
178626,Cancelled
178629,Declined
178632,Declined
178635,Declined
178638,Other
178641,Declined
178644,Other
178647,Declined
178650,Cancelled
178653,Declined
178656,Other
178659,Other
178662,Declined
178665,Declined
178668,Declined
178671,Declined
178674,Declined
178677,Approved
178680,Other
178683,Declined
178686,Cancelled
178689,Declined
178692,Other
178695,Declined
178698,Cancelled
178701,Declined
178704,Declined
178707,Cancelled
178710,Other
178713,Declined
178716,Other
178719,Other
178722,Other
178739,Other
178742,Declined
178745,Cancelled
178748,Declined
178759,Cancelled
178762,Other
178765,Declined
178768,Cancelled
178771,Cancelled
178774,Approved
178777,Other
178780,Other
178783,Approved
178786,Declined
178789,Declined
178792,Declined
178795,Declined
178798,Declined
178801,Declined
178804,Other
178807,Other
178810,Cancelled
178813,Declined
178816,Other
178819,Declined
178822,Declined
178825,Declined
178828,Cancelled
178831,Declined
178834,Cancelled
178837,Other
178840,Cancelled
178843,Other
178846,Other
178849,Cancelled
178852,Declined
178855,Other
178858,Declined
178861,Other
178864,Declined
178867,Declined
178870,Cancelled
178873,Cancelled
178876,Declined
178879,Declined
178882,Declined
178885,Approved
178888,Declined
178891,Declined
178894,Other
178897,Cancelled
178900,Declined
178903,Declined
178906,Other
178909,Declined
178912,Cancelled
178915,Cancelled
178918,Declined
178921,Declined
178924,Declined
178927,Other
178930,Other
178933,Cancelled
178936,Cancelled
178939,Declined
178942,Other
178945,Declined
178948,Declined
178951,Declined
178954,Other
178957,Cancelled
178960,Declined
178963,Cancelled
178966,Other
178969,Cancelled
178979,Declined
178982,Cancelled
178985,Declined
178999,Declined
179002,Declined
179005,Other
179008,Declined
179011,Cancelled
179014,Declined
179017,Cancelled
179020,Other
179023,Approved
179026,Declined
179029,Cancelled
179032,Approved
179035,Declined
179038,Declined
179041,Cancelled
179044,Declined
179047,Declined
179050,Declined
179053,Approved
179056,Cancelled
179059,Declined
179062,Cancelled
179065,Other
179068,Cancelled
179071,Cancelled
179074,Declined
179077,Other
179080,Cancelled
179083,Declined
179086,Declined
179089,Declined
179092,Declined
179095,Other
179098,Declined
179101,Declined
179104,Declined
179107,Cancelled
179110,Cancelled
179113,Declined
179116,Declined
179119,Declined
179122,Declined
179125,Declined
179128,Declined
179131,Declined
179134,Cancelled
179137,Other
179140,Declined
179143,Declined
179146,Declined
179149,Other
179152,Approved
179155,Declined
179158,Cancelled
179161,Declined
179164,Declined
179167,Declined
179170,Cancelled
179173,Declined
179176,Declined
179179,Other
179182,Declined
179185,Declined
179188,Other
179191,Declined
179194,Other
179197,Declined
179200,Other
179203,Other
179206,Declined
179209,Declined
179212,Declined
179215,Cancelled
179218,Other
179221,Cancelled
179224,Declined
179227,Declined
179230,Declined
179233,Cancelled
179236,Declined
179239,Cancelled
179242,Cancelled
179245,Cancelled
179248,Declined
179251,Declined
179254,Other
179257,Declined
179260,Declined
179263,Declined
179266,Declined
179269,Declined
179272,Other
179275,Declined
179278,Cancelled
179281,Cancelled
179284,Declined
179287,Declined
179290,Declined
179293,Other
179296,Declined
179299,Cancelled
179302,Approved
179305,Other
179308,Declined
179311,Other
179314,Cancelled
179317,Cancelled
179320,Declined
179323,Declined
179326,Other
179329,Declined
179332,Declined
179339,Declined
179342,Other
179345,Approved
179348,Declined
179351,Other
179354,Other
179357,Declined
179360,Declined
179363,Cancelled
179366,Declined
179369,Declined
179372,Other
179375,Other
179378,Declined
179381,Declined
179384,Other
179387,Approved
179390,Declined
179393,Cancelled
179396,Cancelled
179399,Other
179402,Declined
179405,Cancelled
179408,Declined
179411,Cancelled
179414,Declined
179417,Declined
179420,Cancelled
179423,Other
179426,Cancelled
179429,Other
179432,Declined
179435,Declined
179438,Cancelled
179441,Declined
179444,Declined
179447,Other
179450,Other
179453,Declined
179456,Other
179459,Declined
179462,Cancelled
179465,Other
179468,Declined
179471,Declined
179474,Other
179477,Cancelled
179480,Cancelled
179483,Cancelled
179486,Cancelled
179489,Other
179492,Declined
179495,Cancelled
179498,Declined
179501,Cancelled
179504,Other
179507,Declined
179510,Declined
179513,Declined
179516,Cancelled
179519,Other
179522,Cancelled
179525,Declined
179528,Declined
179531,Cancelled
179534,Other
179537,Other
179540,Cancelled
179543,Other
179546,Other
179549,Declined
179552,Declined
179555,Declined
179558,Approved
179561,Declined
179564,Cancelled
179567,Cancelled
179570,Declined
179573,Other
179576,Cancelled
179579,Other
179582,Declined
179585,Cancelled
179588,Declined
179591,Cancelled
179594,Other
179597,Declined
179600,Declined
179603,Declined
179619,Declined
179622,Declined
179625,Cancelled
179628,Cancelled
179631,Declined
179634,Declined
179637,Other
179640,Cancelled
179643,Approved
179646,Other
179649,Declined
179652,Other
179655,Declined
179658,Declined
179661,Declined
179664,Declined
179667,Cancelled
179670,Cancelled
179673,Declined
179676,Other
179679,Declined
179682,Declined
179685,Declined
179688,Cancelled
179691,Approved
179694,Other
179697,Cancelled
179700,Declined
179703,Cancelled
179706,Declined
179709,Cancelled
179712,Cancelled
179715,Declined
179718,Declined
179721,Declined
179724,Cancelled
179727,Cancelled
179730,Other
179733,Declined
179736,Other
179739,Declined
179742,Declined
179745,Declined
179748,Declined
179751,Declined
179754,Declined
179757,Cancelled
179760,Cancelled
179763,Approved
179766,Cancelled
179769,Approved
179772,Declined
179775,Declined
179778,Declined
179781,Declined
179784,Declined
179787,Declined
179790,Declined
179793,Declined
179796,Approved
179799,Declined
179802,Declined
179805,Declined
179808,Cancelled
179811,Approved
179814,Declined
179817,Other
179820,Declined
179823,Other
179826,Declined
179829,Other
179832,Other
179835,Declined
179838,Declined
179841,Approved
179844,Declined
179847,Other
179850,Declined
179853,Declined
179856,Other
179859,Other
179862,Other
179865,Declined
179868,Declined
179871,Approved
179879,Cancelled
179882,Declined
179885,Other
179888,Declined
179899,Approved
179902,Other
179905,Declined
179908,Declined
179911,Declined
179914,Declined
179917,Cancelled
179920,Declined
179923,Declined
179926,Cancelled
179929,Other
179932,Other
179935,Other
179938,Declined
179941,Declined
179944,Cancelled
179947,Declined
179950,Declined
179953,Declined
179956,Declined
179959,Declined
179962,Other
179965,Declined
179968,Cancelled
179971,Declined
179974,Declined
179977,Cancelled
179980,Declined
179983,Declined
179986,Other
179989,Declined
179992,Declined
179995,Declined
179998,Other
180001,Declined
180004,Cancelled
180007,Declined
180010,Declined
180013,Other
180016,Cancelled
180019,Declined
180022,Cancelled
180025,Approved
180028,Declined
180031,Declined
180034,Cancelled
180037,Other
180040,Cancelled
180043,Cancelled
180046,Cancelled
180049,Declined
180052,Cancelled
180055,Declined
180058,Declined
180061,Declined
180064,Other
180067,Declined
180070,Cancelled
180073,Declined
180076,Declined
180079,Other
180082,Declined
180085,Declined
180088,Declined
180091,Approved
180094,Declined
180097,Declined
180100,Declined
180103,Cancelled
180119,Declined
180122,Declined
180125,Cancelled
180139,Cancelled
180142,Declined
180145,Other
180148,Declined
180151,Declined
180154,Declined
180157,Declined
180160,Cancelled
180163,Declined
180166,Approved
180169,Declined
180172,Declined
180175,Other
180178,Declined
180181,Other
180184,Declined
180187,Declined
180190,Declined
180193,Other
180196,Other
180199,Declined
180202,Declined
180205,Declined
180208,Other
180211,Declined
180214,Declined
180217,Cancelled
180220,Other
180223,Declined
180226,Declined
180229,Cancelled
180232,Declined
180235,Declined
180238,Declined
180241,Cancelled
180244,Declined
180247,Declined
180250,Declined
180253,Cancelled
180256,Declined
180259,Declined
180262,Cancelled
180265,Other
180268,Declined
180271,Declined
180274,Declined
180277,Declined
180280,Declined
180283,Declined
180286,Declined
180289,Other
180292,Declined
180295,Other
180298,Approved
180301,Declined
180304,Declined
180307,Declined
180310,Other
180313,Approved
180316,Declined
180319,Other
180322,Other
180325,Declined
180328,Approved
180331,Other
180334,Other
180337,Declined
180340,Cancelled
180343,Declined
180346,Other
180349,Other
180352,Declined
180355,Declined
180358,Other
180361,Declined
180364,Cancelled
180367,Approved
180370,Declined
180373,Cancelled
180376,Cancelled
180379,Declined
180382,Cancelled
180385,Declined
180388,Approved
180391,Other
180394,Declined
180397,Declined
180400,Declined
180403,Other
180406,Declined
180409,Cancelled
180412,Declined
180415,Cancelled
180418,Cancelled
180421,Other
180424,Declined
180427,Declined
180439,Other
180442,Declined
180445,Other
180448,Declined
180451,Declined
180454,Cancelled
180457,Other
180460,Cancelled
180463,Other
180466,Declined
180469,Declined
180472,Declined
180475,Declined
180478,Declined
180481,Cancelled
180484,Declined
180487,Cancelled
180490,Declined
180493,Declined
180496,Declined
180499,Declined
180502,Declined
180505,Declined
180508,Declined
180511,Declined
180514,Declined
180517,Cancelled
180520,Declined
180523,Cancelled
180526,Cancelled
180529,Declined
180532,Other
180535,Cancelled
180538,Declined
180541,Cancelled
180544,Declined
180547,Approved
180550,Declined
180553,Cancelled
180556,Cancelled
180559,Declined
180562,Declined
180565,Declined
180568,Declined
180571,Declined
180574,Other
180577,Other
180580,Cancelled
180583,Declined
180586,Declined
180589,Cancelled
180592,Declined
180595,Cancelled
180598,Declined
180601,Declined
180604,Cancelled
180607,Declined
180610,Declined
180613,Other
180616,Declined
180619,Declined
180622,Other
180625,Cancelled
180628,Cancelled
180631,Declined
180634,Cancelled
180637,Cancelled
180640,Cancelled
180643,Declined
180646,Declined
180649,Declined
180652,Cancelled
180655,Declined
180658,Approved
180661,Declined
180664,Declined
180667,Declined
180670,Declined
180673,Other
180676,Declined
180679,Other
180682,Cancelled
180685,Cancelled
180688,Declined
180691,Cancelled
180694,Declined
180697,Declined
180700,Declined
180703,Other
180706,Declined
180709,Declined
180712,Cancelled
180715,Declined
180718,Other
180721,Cancelled
180724,Other
180727,Declined
180730,Declined
180733,Cancelled
180736,Declined
180739,Other
180742,Declined
180745,Cancelled
180748,Declined
180751,Declined
180754,Declined
180757,Declined
180760,Other
180763,Cancelled
180766,Declined
180769,Other
180772,Other
180775,Cancelled
180778,Declined
180781,Cancelled
180784,Cancelled
180787,Declined
180790,Other
180793,Declined
180796,Cancelled
180799,Declined
180802,Cancelled
180805,Cancelled
180808,Cancelled
180811,Declined
180814,Declined
180817,Declined
180820,Declined
180823,Declined
180826,Cancelled
180829,Cancelled
180832,Cancelled
180835,Declined
180838,Declined
180841,Declined
180844,Declined
180847,Cancelled
180850,Declined
180853,Declined
180856,Declined
180859,Cancelled
180862,Declined
180865,Declined
180868,Cancelled
180871,Other
180874,Cancelled
180877,Declined
180880,Declined
180883,Declined
180886,Cancelled
180889,Other
180892,Declined
180899,Cancelled
180902,Declined
180905,Declined
180908,Declined
180911,Declined
180914,Approved
180917,Other
180920,Declined
180923,Declined
180926,Declined
180929,Cancelled
180932,Declined
180935,Cancelled
180938,Cancelled
180941,Declined
180944,Declined
180947,Declined
180950,Cancelled
180953,Other
180956,Declined
180959,Declined
180962,Cancelled
180965,Declined
180968,Cancelled
180971,Cancelled
180974,Other
180977,Cancelled
180980,Declined
180983,Declined
180986,Declined
180989,Declined
180992,Cancelled
180995,Cancelled
180998,Cancelled
181001,Cancelled
181004,Declined
181007,Declined
181010,Declined
181013,Cancelled
181016,Cancelled
181019,Declined
181022,Declined
181025,Cancelled
181028,Declined
181031,Declined
181034,Declined
181037,Declined
181040,Declined
181043,Declined
181046,Declined
181049,Declined
181052,Other
181055,Approved
181058,Declined
181061,Declined
181064,Declined
181067,Other
181070,Declined
181073,Other
181076,Approved
181079,Other
181082,Declined
181085,Cancelled
181088,Declined
181091,Other
181094,Cancelled
181097,Declined
181100,Cancelled
181103,Declined
181106,Cancelled
181109,Declined
181112,Declined
181115,Other
181118,Declined
181121,Declined
181124,Declined
181127,Cancelled
181130,Cancelled
181133,Cancelled
181136,Declined
181139,Cancelled
181142,Other
181145,Cancelled
181148,Declined
181151,Cancelled
181154,Cancelled
181157,Declined
181160,Cancelled
181163,Other
181166,Declined
181169,Declined
181172,Declined
181175,Cancelled
181178,Declined
181181,Cancelled
181184,Declined
181187,Declined
181190,Declined
181193,Declined
181196,Declined
181199,Declined
181202,Declined
181205,Declined
181208,Declined
181211,Other
181219,Declined
181222,Other
181225,Declined
181228,Other
181231,Cancelled
181234,Approved
181237,Cancelled
181240,Other
181243,Declined
181246,Other
181249,Cancelled
181252,Declined
181255,Declined
181258,Other
181261,Cancelled
181264,Declined
181267,Other
181270,Declined
181273,Declined
181276,Approved
181279,Declined
181282,Declined
181285,Cancelled
181288,Declined
181291,Cancelled
181294,Declined
181297,Other
181300,Declined
181303,Declined
181306,Other
181309,Declined
181312,Declined
181315,Declined
181318,Declined
181321,Declined
181324,Cancelled
181327,Declined
181330,Cancelled
181333,Cancelled
181336,Declined
181339,Cancelled
181342,Declined
181345,Declined
181348,Cancelled
181351,Declined
181354,Declined
181357,Declined
181360,Declined
181363,Declined
181366,Declined
181369,Declined
181372,Cancelled
181375,Declined
181378,Declined
181381,Cancelled
181384,Declined
181387,Declined
181390,Cancelled
181393,Declined
181396,Other
181399,Declined
181402,Declined
181405,Cancelled
181408,Declined
181411,Declined
181414,Declined
181417,Declined
181420,Cancelled
181423,Other
181426,Declined
181429,Declined
181432,Declined
181435,Other
181438,Declined
181441,Declined
181444,Cancelled
181447,Other
181450,Cancelled
181453,Declined
181456,Declined
181459,Cancelled
181462,Cancelled
181465,Declined
181468,Declined
181471,Cancelled
181474,Declined
181477,Declined
181480,Declined
181483,Other
181486,Declined
181489,Declined
181499,Declined
181502,Cancelled
181505,Cancelled
181508,Declined
181511,Other
181514,Declined
181517,Other
181520,Approved
181523,Other
181526,Declined
181529,Cancelled
181532,Cancelled
181535,Approved
181538,Cancelled
181541,Declined
181544,Declined
181547,Declined
181550,Declined
181553,Declined
181556,Other
181559,Declined
181562,Declined
181565,Other
181568,Cancelled
181571,Other
181574,Declined
181577,Declined
181580,Declined
181583,Cancelled
181586,Cancelled
181589,Other
181592,Declined
181595,Declined
181598,Other
181601,Declined
181604,Cancelled
181607,Cancelled
181610,Declined
181613,Cancelled
181616,Declined
181619,Declined
181622,Declined
181625,Declined
181628,Declined
181631,Cancelled
181634,Declined
181637,Cancelled
181640,Declined
181643,Declined
181646,Declined
181649,Cancelled
181652,Cancelled
181655,Other
181658,Cancelled
181661,Other
181664,Other
181667,Other
181670,Declined
181673,Declined
181676,Declined
181679,Other
181682,Cancelled
181685,Declined
181688,Other
181691,Approved
181694,Declined
181697,Declined
181700,Declined
181703,Declined
181706,Declined
181709,Declined
181712,Other
181715,Declined
181718,Cancelled
181721,Declined
181724,Cancelled
181727,Declined
181730,Other
181733,Declined
181736,Declined
181739,Declined
181742,Declined
181745,Declined
181748,Cancelled
181751,Declined
181754,Other
181757,Cancelled
181760,Cancelled
181763,Declined
181766,Cancelled
181769,Declined
181772,Declined
181775,Cancelled
181778,Cancelled
181781,Declined
181784,Approved
181787,Declined
181790,Declined
181793,Other
181796,Declined
181799,Other
181802,Declined
181805,Declined
181808,Cancelled
181811,Declined
181814,Declined
181817,Declined
181820,Declined
181823,Declined
181826,Declined
181829,Cancelled
181832,Declined
181835,Declined
181838,Declined
181841,Cancelled
181844,Declined
181847,Cancelled
181850,Declined
181853,Declined
181856,Declined
181859,Declined
181862,Declined
181879,Declined
181882,Declined
181885,Cancelled
181888,Declined
181891,Declined
181894,Other
181897,Declined
181900,Declined
181903,Declined
181906,Declined
181909,Declined
181912,Declined
181915,Other
181918,Cancelled
181921,Other
181924,Cancelled
181927,Declined
181930,Declined
181933,Declined
181936,Declined
181939,Declined
181942,Declined
181945,Declined
181948,Declined
181951,Other
181954,Declined
181957,Declined
181960,Cancelled
181963,Other
181966,Other
181969,Declined
181972,Cancelled
181975,Cancelled
181978,Declined
181981,Cancelled
181984,Cancelled
181987,Other
181990,Declined
181993,Other
181996,Cancelled
181999,Cancelled
182002,Declined
182005,Declined
182008,Declined
182011,Declined
182014,Declined
182017,Cancelled
182020,Other
182023,Other
182026,Other
182029,Cancelled
182032,Declined
182035,Cancelled
182038,Declined
182041,Declined
182044,Declined
182047,Declined
182050,Declined
182053,Declined
182056,Other
182059,Declined
182062,Declined
182065,Other
182068,Declined
182071,Approved
182074,Other
182077,Declined
182080,Declined
182083,Cancelled
182086,Other
182089,Declined
182092,Cancelled
182095,Approved
182098,Cancelled
182101,Other
182104,Declined
182107,Cancelled
182110,Declined
182113,Declined
182119,Declined
182122,Other
182125,Declined
182128,Cancelled
182131,Declined
182134,Other
182137,Cancelled
182140,Other
182143,Declined
182146,Declined
182149,Other
182152,Declined
182155,Other
182158,Declined
182161,Cancelled
182164,Cancelled
182167,Declined
182170,Declined
182173,Declined
182176,Declined
182179,Declined
182182,Declined
182185,Declined
182188,Declined
182191,Declined
182194,Cancelled
182197,Declined
182200,Declined
182203,Other
182206,Declined
182209,Other
182212,Declined
182215,Declined
182218,Cancelled
182221,Cancelled
182224,Declined
182227,Declined
182230,Other
182233,Declined
182236,Declined
182239,Other
182242,Declined
182245,Other
182248,Declined
182251,Cancelled
182254,Other
182257,Declined
182260,Cancelled
182263,Other
182266,Declined
182269,Cancelled
182272,Declined
182275,Cancelled
182278,Other
182281,Approved
182284,Declined
182287,Declined
182290,Cancelled
182293,Other
182296,Other
182299,Cancelled
182302,Declined
182305,Declined
182308,Declined
182311,Declined
182314,Declined
182317,Other
182320,Cancelled
182323,Declined
182326,Declined
182329,Declined
182332,Declined
182335,Cancelled
182338,Cancelled
182341,Declined
182344,Cancelled
182347,Declined
182350,Declined
182353,Declined
182356,Declined
182359,Declined
182362,Cancelled
182365,Other
182368,Declined
182371,Declined
182374,Cancelled
182377,Declined
182380,Declined
182383,Cancelled
182386,Declined
182389,Declined
182392,Cancelled
182395,Declined
182398,Declined
182401,Other
182404,Other
182407,Cancelled
182410,Other
182413,Cancelled
182416,Declined
182419,Cancelled
182422,Cancelled
182425,Cancelled
182428,Declined
182431,Other
182434,Cancelled
182437,Declined
182440,Declined
182443,Other
182446,Declined
182449,Declined
182452,Other
182455,Other
182458,Declined
182461,Cancelled
182464,Declined
182467,Declined
182470,Declined
182473,Declined
182476,Cancelled
182479,Declined
182482,Cancelled
182485,Other
182488,Declined
182491,Other
182494,Declined
182497,Declined
182500,Cancelled
182503,Declined
182506,Declined
182509,Other
182512,Cancelled
182515,Declined
182518,Declined
182521,Declined
182524,Cancelled
182527,Declined
182530,Cancelled
182533,Cancelled
182536,Cancelled
182539,Declined
182542,Cancelled
182545,Cancelled
182548,Other
182551,Other
182554,Cancelled
182557,Declined
182560,Other
182563,Other
182566,Cancelled
182569,Declined
182572,Declined
182575,Other
182578,Cancelled
182581,Other
182584,Declined
182587,Other
182590,Cancelled
182593,Other
182596,Cancelled
182599,Declined
182602,Cancelled
182605,Declined
182608,Cancelled
182611,Declined
182614,Declined
182617,Declined
182620,Declined
182623,Declined
182626,Other
182629,Declined
182632,Cancelled
182635,Cancelled
182638,Declined
182641,Cancelled
182644,Cancelled
182647,Declined
182650,Declined
182653,Declined
182656,Declined
182659,Declined
182662,Declined
182665,Cancelled
182668,Approved
182671,Declined
182674,Cancelled
182677,Declined
182680,Other
182683,Declined
182686,Cancelled
182689,Other
182699,Cancelled
182702,Declined
182705,Declined
182708,Cancelled
182711,Cancelled
182714,Cancelled
182717,Declined
182720,Cancelled
182723,Other
182726,Other
182729,Cancelled
182732,Declined
182735,Other
182738,Declined
182741,Other
182744,Declined
182747,Cancelled
182750,Declined
182753,Declined
182756,Cancelled
182759,Declined
182762,Declined
182765,Declined
182768,Cancelled
182771,Declined
182774,Cancelled
182777,Other
182780,Other
182783,Declined
182786,Declined
182789,Other
182792,Declined
182795,Declined
182798,Declined
182801,Declined
182804,Declined
182807,Cancelled
182810,Declined
182813,Declined
182816,Declined
182819,Cancelled
182822,Declined
182825,Other
182828,Other
182831,Cancelled
182834,Other
182837,Declined
182840,Declined
182843,Cancelled
182846,Declined
182849,Declined
182852,Declined
182855,Cancelled
182858,Declined
182861,Cancelled
182864,Cancelled
182867,Declined
182870,Declined
182873,Cancelled
182876,Declined
182879,Approved
182882,Cancelled
182885,Declined
182888,Declined
182891,Declined
182894,Other
182897,Other
182900,Declined
182903,Other
182906,Other
182909,Declined
182912,Cancelled
182915,Declined
182918,Cancelled
182921,Cancelled
182924,Cancelled
182927,Other
182930,Declined
182933,Declined
182936,Cancelled
182939,Cancelled
182942,Other
182945,Cancelled
182948,Cancelled
182951,Cancelled
182954,Cancelled
182957,Declined
182960,Other
182963,Other
182966,Declined
182969,Cancelled
182972,Declined
182975,Declined
182978,Declined
182981,Declined
182984,Declined
182987,Declined
182990,Cancelled
182993,Cancelled
182996,Declined
182999,Declined
183002,Declined
183005,Approved
183008,Declined
183011,Declined
183019,Declined
183022,Declined
183025,Declined
183028,Declined
183031,Declined
183034,Declined
183037,Cancelled
183040,Cancelled
183043,Declined
183046,Cancelled
183049,Cancelled
183052,Declined
183055,Declined
183058,Declined
183061,Declined
183064,Cancelled
183067,Declined
183070,Declined
183073,Declined
183076,Declined
183079,Declined
183082,Cancelled
183085,Declined
183088,Other
183091,Declined
183094,Other
183097,Other
183100,Cancelled
183103,Declined
183106,Declined
183109,Declined
183112,Declined
183115,Cancelled
183118,Declined
183121,Cancelled
183124,Other
183127,Declined
183130,Declined
183133,Cancelled
183136,Declined
183139,Cancelled
183142,Other
183145,Cancelled
183148,Declined
183151,Declined
183154,Cancelled
183157,Declined
183160,Other
183163,Declined
183166,Declined
183169,Declined
183172,Declined
183175,Cancelled
183178,Declined
183181,Cancelled
183184,Declined
183187,Cancelled
183190,Declined
183193,Declined
183196,Declined
183199,Declined
183202,Declined
183205,Other
183208,Declined
183211,Other
183214,Cancelled
183217,Other
183220,Other
183223,Declined
183226,Cancelled
183229,Declined
183232,Cancelled
183235,Other
183238,Other
183241,Other
183244,Declined
183247,Cancelled
183250,Declined
183253,Cancelled
183256,Cancelled
183259,Other
183262,Declined
183265,Declined
183268,Declined
183271,Cancelled
183274,Other
183277,Cancelled
183280,Approved
183283,Declined
183286,Declined
183289,Cancelled
183292,Cancelled
183299,Declined
183302,Declined
183305,Declined
183308,Other
183311,Cancelled
183314,Declined
183317,Approved
183320,Declined
183339,Declined
183342,Other
183345,Other
183348,Cancelled
183351,Declined
183354,Declined
183357,Declined
183360,Declined
183363,Declined
183366,Other
183369,Declined
183372,Cancelled
183375,Declined
183378,Declined
183381,Declined
183384,Cancelled
183387,Declined
183390,Declined
183393,Declined
183396,Declined
183399,Declined
183402,Declined
183405,Cancelled
183408,Other
183411,Declined
183414,Declined
183417,Declined
183420,Declined
183423,Declined
183426,Declined
183429,Declined
183432,Approved
183435,Cancelled
183438,Other
183441,Cancelled
183444,Declined
183447,Declined
183450,Declined
183453,Declined
183456,Cancelled
183459,Other
183462,Declined
183465,Declined
183468,Declined
183471,Other
183474,Cancelled
183477,Declined
183480,Declined
183483,Other
183486,Other
183489,Other
183492,Declined
183495,Other
183498,Declined
183501,Declined
183504,Other
183507,Cancelled
183510,Other
183513,Declined
183516,Cancelled
183519,Declined
183522,Declined
183525,Declined
183528,Approved
183531,Cancelled
183534,Declined
183537,Declined
183540,Declined
183543,Declined
183546,Declined
183549,Declined
183552,Declined
183555,Other
183558,Other
183561,Cancelled
183564,Cancelled
183567,Declined
183570,Cancelled
183573,Declined
183576,Declined
183579,Other
183582,Declined
183585,Cancelled
183588,Cancelled
183591,Declined
183594,Other
183597,Declined
183600,Declined
183603,Cancelled
183606,Approved
183609,Other
183612,Declined
183619,Cancelled
183622,Other
183625,Declined
183628,Declined
183631,Cancelled
183634,Declined
183637,Declined
183640,Declined
183643,Other
183646,Declined
183649,Declined
183652,Declined
183655,Cancelled
183658,Declined
183661,Declined
183679,Other
183682,Cancelled
183685,Declined
183688,Cancelled
183691,Cancelled
183694,Declined
183697,Cancelled
183700,Cancelled
183703,Other
183706,Declined
183709,Cancelled
183712,Declined
183715,Declined
183718,Cancelled
183721,Other
183724,Declined
183727,Declined
183730,Other
183733,Other
183736,Other
183739,Declined
183742,Declined
183745,Declined
183748,Declined
183751,Declined
183754,Cancelled
183757,Cancelled
183760,Declined
183763,Declined
183766,Declined
183769,Declined
183772,Declined
183775,Declined
183778,Declined
183781,Declined
183784,Other
183787,Declined
183790,Declined
183793,Declined
183796,Declined
183799,Declined
183802,Declined
183805,Cancelled
183808,Declined
183811,Declined
183814,Declined
183817,Declined
183820,Cancelled
183823,Declined
183826,Declined
183829,Declined
183832,Declined
183835,Declined
183838,Declined
183841,Declined
183844,Approved
183847,Declined
183850,Declined
183853,Other
183856,Declined
183859,Declined
183862,Declined
183865,Declined
183868,Declined
183871,Declined
183874,Declined
183877,Declined
183880,Declined
183883,Declined
183886,Declined
183889,Declined
183892,Declined
183895,Declined
183898,Declined
183901,Declined
183904,Declined
183907,Declined
183910,Declined
183913,Declined
183916,Cancelled
183919,Declined
183922,Declined
183925,Declined
183928,Declined
183931,Declined
183934,Declined
183937,Declined
183940,Declined
183943,Declined
183946,Declined
183949,Declined
183952,Declined
183955,Declined
183958,Declined
183961,Declined
183964,Declined
183967,Declined
183970,Declined
183973,Declined
183976,Declined
183979,Cancelled
183982,Declined
183985,Cancelled
183988,Declined
183991,Declined
183994,Other
183997,Declined
184000,Declined
184003,Cancelled
184006,Declined
184009,Declined
184012,Declined
184015,Declined
184018,Declined
184021,Declined
184024,Declined
184027,Cancelled
184030,Declined
184033,Cancelled
184036,Declined
184039,Declined
184042,Declined
184045,Declined
184048,Declined
184051,Other
184054,Declined
184057,Declined
184060,Declined
184063,Declined
184066,Declined
184069,Declined
184072,Declined
184075,Declined
184078,Approved
184081,Declined
184084,Declined
184087,Other
184090,Declined
184093,Declined
184096,Declined
184099,Other
184102,Declined
184105,Declined
184108,Declined
184111,Declined
184114,Other
184117,Declined
184120,Declined
184123,Declined
184126,Cancelled
184129,Declined
184132,Cancelled
184135,Declined
184138,Cancelled
184141,Declined
184144,Declined
184147,Declined
184150,Declined
184153,Cancelled
184156,Declined
184159,Cancelled
184162,Declined
184165,Other
184168,Declined
184171,Declined
184174,Declined
184177,Declined
184180,Approved
184183,Declined
184186,Declined
184189,Approved
184192,Declined
184195,Declined
184198,Declined
184201,Declined
184204,Declined
184207,Declined
184210,Declined
184213,Declined
184216,Cancelled
184219,Declined
184222,Declined
184225,Declined
184228,Declined
184231,Declined
184234,Declined
184237,Declined
184240,Declined
184243,Declined
184246,Declined
184249,Declined
184252,Declined
184255,Declined
184258,Cancelled
184261,Declined
184264,Cancelled
184267,Approved
184270,Cancelled
184273,Approved
184276,Declined
184279,Declined
184282,Declined
184285,Declined
184288,Declined
184291,Cancelled
184294,Declined
184297,Declined
184300,Declined
184303,Declined
184306,Declined
184309,Declined
184312,Declined
184315,Declined
184318,Declined
184321,Declined
184324,Cancelled
184327,Other
184330,Approved
184333,Declined
184336,Declined
184339,Declined
184342,Declined
184345,Declined
184348,Declined
184351,Declined
184354,Declined
184357,Cancelled
184360,Declined
184363,Declined
184366,Declined
184369,Declined
184372,Declined
184379,Declined
184382,Declined
184385,Cancelled
184388,Declined
184391,Declined
184394,Cancelled
184397,Declined
184400,Declined
184403,Declined
184406,Cancelled
184409,Declined
184412,Declined
184415,Other
184418,Cancelled
184421,Other
184424,Declined
184427,Declined
184430,Cancelled
184433,Cancelled
184436,Other
184439,Other
184442,Declined
184445,Cancelled
184448,Declined
184451,Declined
184454,Declined
184457,Cancelled
184460,Cancelled
184463,Declined
184466,Declined
184469,Other
184472,Declined
184475,Declined
184478,Declined
184481,Declined
184484,Approved
184487,Cancelled
184490,Cancelled
184493,Declined
184496,Declined
184499,Other
184502,Declined
184505,Declined
184508,Declined
184511,Declined
184514,Declined
184517,Declined
184520,Declined
184523,Declined
184526,Declined
184529,Declined
184532,Declined
184535,Declined
184538,Declined
184541,Declined
184544,Other
184547,Declined
184550,Declined
184553,Declined
184556,Declined
184559,Declined
184562,Declined
184565,Declined
184568,Cancelled
184571,Declined
184574,Declined
184577,Declined
184580,Declined
184583,Declined
184586,Declined
184589,Cancelled
184592,Other
184595,Other
184598,Approved
184601,Cancelled
184604,Other
184607,Declined
184610,Cancelled
184613,Declined
184616,Declined
184619,Cancelled
184622,Cancelled
184625,Cancelled
184628,Declined
184631,Declined
184634,Declined
184637,Other
184640,Declined
184643,Declined
184646,Cancelled
184649,Declined
184652,Cancelled
184655,Other
184658,Declined
184661,Declined
184664,Declined
184667,Other
184670,Declined
184673,Other
184676,Declined
184679,Cancelled
184682,Declined
184685,Declined
184688,Cancelled
184691,Other
184694,Declined
184697,Cancelled
184700,Declined
184703,Declined
184706,Other
184709,Declined
184712,Cancelled
184715,Declined
184718,Declined
184721,Declined
184724,Cancelled
184727,Declined
184730,Declined
184733,Cancelled
184736,Other
184739,Other
184742,Declined
184745,Declined
184748,Declined
184751,Other
184754,Declined
184757,Cancelled
184760,Other
184763,Declined
184766,Declined
184769,Declined
184772,Declined
184775,Declined
184778,Declined
184781,Approved
184784,Other
184787,Other
184790,Cancelled
184793,Declined
184796,Declined
184799,Other
184802,Declined
184805,Declined
184808,Declined
184811,Declined
184814,Other
184817,Declined
184820,Other
184823,Declined
184826,Cancelled
184829,Cancelled
184832,Other
184835,Declined
184838,Cancelled
184841,Declined
184844,Declined
184847,Declined
184850,Cancelled
184853,Other
184856,Declined
184859,Declined
184862,Declined
184865,Other
184868,Cancelled
184871,Declined
184874,Declined
184877,Declined
184880,Declined
184883,Declined
184886,Declined
184889,Cancelled
184892,Declined
184895,Cancelled
184898,Declined
184901,Declined
184904,Declined
184907,Declined
184910,Declined
184913,Declined
184916,Declined
184919,Declined
184922,Declined
184925,Declined
184928,Cancelled
184931,Declined
184934,Declined
184937,Declined
184940,Cancelled
184943,Declined
184946,Declined
184949,Other
184952,Other
184955,Declined
184958,Declined
184961,Other
184964,Declined
184967,Cancelled
184970,Declined
184973,Declined
184976,Declined
184979,Cancelled
184982,Cancelled
184985,Declined
184988,Declined
184991,Cancelled
184994,Declined
184997,Declined
185000,Declined
185003,Cancelled
185006,Declined
185009,Declined
185012,Declined
185015,Declined
185018,Cancelled
185021,Declined
185024,Approved
185027,Cancelled
185030,Declined
185033,Cancelled
185036,Declined
185039,Other
185042,Declined
185045,Other
185048,Cancelled
185051,Other
185054,Declined
185057,Cancelled
185060,Declined
185063,Declined
185066,Declined
185069,Cancelled
185072,Declined
185075,Cancelled
185078,Declined
185099,Declined
185102,Declined
185105,Declined
185108,Declined
185111,Cancelled
185114,Other
185117,Cancelled
185120,Declined
185123,Cancelled
185126,Approved
185129,Declined
185132,Declined
185135,Declined
185138,Declined
185141,Declined
185144,Declined
185147,Declined
185150,Declined
185153,Declined
185156,Declined
185159,Approved
185162,Other
185165,Cancelled
185168,Declined
185171,Declined
185174,Cancelled
185177,Other
185180,Declined
185183,Declined
185186,Declined
185189,Declined
185192,Declined
185195,Declined
185198,Declined
185201,Declined
185204,Declined
185207,Declined
185210,Cancelled
185213,Declined
185216,Declined
185219,Approved
185222,Declined
185225,Declined
185228,Declined
185231,Declined
185234,Other
185237,Declined
185240,Declined
185243,Declined
185246,Cancelled
185249,Declined
185252,Cancelled
185255,Other
185258,Declined
185261,Other
185264,Declined
185267,Approved
185270,Other
185273,Cancelled
185276,Declined
185279,Other
185282,Declined
185285,Declined
185288,Declined
185291,Declined
185294,Declined
185297,Declined
185300,Declined
185303,Cancelled
185306,Approved
185309,Cancelled
185312,Cancelled
185315,Cancelled
185318,Declined
185321,Declined
185324,Declined
185327,Cancelled
185330,Declined
185333,Declined
185336,Declined
185339,Cancelled
185342,Declined
185345,Declined
185348,Declined
185351,Declined
185354,Cancelled
185357,Declined
185360,Cancelled
185363,Declined
185366,Declined
185369,Cancelled
185372,Other
185379,Declined
185382,Other
185385,Declined
185388,Other
185391,Declined
185394,Declined
185397,Approved
185400,Declined
185403,Cancelled
185406,Declined
185409,Declined
185419,Declined
185422,Declined
185425,Cancelled
185428,Cancelled
185431,Declined
185434,Declined
185437,Declined
185440,Cancelled
185443,Declined
185446,Declined
185449,Other
185452,Cancelled
185455,Other
185458,Cancelled
185461,Other
185464,Other
185467,Cancelled
185470,Declined
185473,Other
185476,Declined
185479,Cancelled
185482,Other
185485,Declined
185488,Cancelled
185491,Declined
185494,Cancelled
185497,Declined
185500,Declined
185503,Declined
185506,Other
185509,Declined
185512,Declined
185515,Other
185518,Cancelled
185521,Declined
185524,Other
185527,Declined
185530,Declined
185533,Declined
185536,Cancelled
185539,Cancelled
185542,Declined
185545,Declined
185548,Cancelled
185551,Declined
185554,Cancelled
185557,Other
185560,Declined
185563,Cancelled
185566,Declined
185569,Cancelled
185572,Declined
185575,Declined
185578,Declined
185581,Declined
185584,Cancelled
185587,Cancelled
185590,Declined
185593,Declined
185596,Declined
185599,Declined
185602,Declined
185605,Cancelled
185608,Declined
185611,Declined
185614,Cancelled
185617,Other
185620,Cancelled
185623,Declined
185626,Declined
185629,Declined
185632,Declined
185635,Declined
185638,Cancelled
185641,Declined
185644,Cancelled
185647,Declined
185650,Cancelled
185653,Declined
185656,Declined
185659,Declined
185662,Declined
185665,Other
185668,Other
185671,Declined
185674,Other
185677,Declined
185680,Declined
185683,Cancelled
185686,Declined
185689,Cancelled
185692,Other
185695,Declined
185698,Cancelled
185701,Cancelled
185704,Declined
185707,Declined
185710,Approved
185719,Declined
185722,Other
185725,Declined
185728,Cancelled
185731,Cancelled
185734,Declined
185737,Declined
185740,Other
185743,Declined
185746,Cancelled
185749,Cancelled
185752,Declined
185755,Cancelled
185759,Approved
185762,Other
185765,Declined
185768,Declined
185771,Declined
185774,Declined
185777,Other
185780,Other
185783,Declined
185786,Declined
185789,Other
185792,Cancelled
185795,Other
185798,Cancelled
185801,Cancelled
185804,Other
185807,Cancelled
185810,Declined
185813,Declined
185816,Declined
185819,Other
185822,Declined
185825,Declined
185828,Declined
185831,Other
185834,Declined
185837,Cancelled
185840,Declined
185843,Cancelled
185846,Cancelled
185849,Declined
185852,Cancelled
185855,Declined
185858,Declined
185861,Cancelled
185864,Declined
185867,Declined
185870,Declined
185873,Other
185876,Declined
185879,Declined
185882,Declined
185885,Cancelled
185888,Declined
185891,Declined
185894,Declined
185897,Declined
185900,Declined
185903,Other
185906,Declined
185909,Declined
185912,Declined
185915,Declined
185918,Declined
185921,Other
185924,Declined
185927,Declined
185930,Cancelled
185933,Declined
185936,Cancelled
185939,Declined
185942,Cancelled
185945,Declined
185948,Declined
185951,Declined
185954,Declined
185957,Declined
185960,Declined
185963,Declined
185966,Declined
185969,Declined
185972,Approved
185975,Declined
185978,Declined
185981,Declined
185984,Declined
185987,Declined
185990,Cancelled
185993,Declined
185996,Declined
185999,Declined
186002,Declined
186005,Declined
186008,Declined
186011,Declined
186014,Declined
186017,Declined
186020,Cancelled
186023,Other
186026,Declined
186029,Cancelled
186032,Declined
186035,Declined
186038,Declined
186041,Declined
186044,Declined
186047,Declined
186050,Declined
186053,Declined
186056,Other
186059,Other
186062,Declined
186065,Declined
186068,Approved
186079,Cancelled
186082,Declined
186085,Cancelled
186088,Cancelled
186091,Declined
186094,Declined
186097,Declined
186100,Cancelled
186103,Other
186106,Declined
186109,Declined
186112,Declined
186115,Approved
186118,Declined
186121,Cancelled
186124,Declined
186139,Cancelled
186142,Declined
186145,Cancelled
186148,Cancelled
186151,Other
186154,Other
186157,Declined
186160,Declined
186163,Declined
186166,Declined
186169,Other
186172,Declined
186175,Cancelled
186178,Declined
186181,Declined
186184,Cancelled
186187,Approved
186190,Declined
186193,Declined
186196,Approved
186199,Declined
186202,Cancelled
186205,Cancelled
186208,Declined
186211,Declined
186214,Other
186217,Declined
186220,Declined
186223,Declined
186226,Declined
186229,Other
186232,Cancelled
186235,Cancelled
186238,Other
186241,Declined
186244,Approved
186247,Approved
186250,Declined
186253,Declined
186256,Declined
186259,Declined
186262,Cancelled
186265,Declined
186268,Declined
186271,Other
186274,Cancelled
186277,Cancelled
186280,Cancelled
186283,Declined
186286,Declined
186289,Declined
186292,Declined
186295,Declined
186298,Declined
186301,Declined
186304,Declined
186307,Declined
186310,Other
186313,Declined
186316,Declined
186319,Declined
186322,Declined
186325,Declined
186328,Declined
186331,Declined
186334,Declined
186337,Declined
186340,Declined
186343,Declined
186346,Declined
186349,Declined
186352,Declined
186355,Declined
186358,Declined
186361,Declined
186364,Declined
186367,Declined
186370,Declined
186373,Declined
186376,Declined
186379,Declined
186382,Cancelled
186385,Declined
186388,Declined
186391,Cancelled
186394,Declined
186397,Declined
186400,Declined
186403,Declined
186406,Declined
186409,Declined
186412,Declined
186415,Declined
186418,Declined
186421,Declined
186424,Declined
186427,Declined
186430,Declined
186433,Declined
186436,Declined
186439,Cancelled
186442,Declined
186445,Declined
186448,Declined
186451,Declined
186454,Cancelled
186457,Declined
186460,Declined
186463,Declined
186466,Declined
186469,Cancelled
186472,Declined
186475,Declined
186478,Declined
186481,Declined
186484,Declined
186487,Declined
186490,Declined
186493,Declined
186496,Declined
186499,Declined
186502,Declined
186505,Declined
186508,Cancelled
186511,Approved
186514,Declined
186517,Declined
186520,Declined
186523,Cancelled
186526,Declined
186529,Declined
186532,Declined
186535,Cancelled
186538,Declined
186541,Cancelled
186544,Declined
186547,Declined
186550,Declined
186553,Declined
186556,Declined
186559,Declined
186562,Declined
186565,Declined
186568,Declined
186571,Declined
186574,Cancelled
186577,Cancelled
186580,Cancelled
186583,Declined
186586,Cancelled
186589,Declined
186592,Declined
186595,Declined
186598,Cancelled
186601,Declined
186604,Declined
186607,Declined
186610,Declined
186613,Declined
186616,Declined
186619,Declined
186622,Declined
186625,Declined
186628,Declined
186631,Declined
186634,Declined
186637,Cancelled
186640,Declined
186643,Cancelled
186646,Declined
186649,Declined
186652,Declined
186655,Declined
186658,Declined
186661,Declined
186664,Declined
186667,Declined
186670,Declined
186673,Other
186676,Cancelled
186679,Declined
186682,Cancelled
186685,Declined
186688,Declined
186691,Declined
186694,Declined
186697,Declined
186700,Declined
186703,Declined
186706,Cancelled
186709,Declined
186712,Cancelled
186715,Declined
186718,Cancelled
186721,Declined
186724,Declined
186727,Declined
186730,Declined
186733,Declined
186736,Declined
186739,Other
186742,Declined
186745,Declined
186748,Declined
186751,Cancelled
186754,Declined
186757,Other
186760,Declined
186763,Cancelled
186766,Declined
186769,Declined
186772,Cancelled
186775,Declined
186778,Other
186781,Declined
186784,Declined
186787,Declined
186790,Declined
186793,Declined
186796,Declined
186799,Declined
186802,Declined
186805,Declined
186808,Cancelled
186811,Declined
186814,Declined
186817,Declined
186820,Declined
186823,Declined
186839,Declined
186842,Declined
186845,Declined
186848,Cancelled
186851,Cancelled
186854,Declined
186857,Declined
186860,Declined
186863,Other
186866,Declined
186869,Declined
186872,Other
186875,Declined
186878,Cancelled
186881,Cancelled
186884,Declined
186887,Declined
186890,Declined
186893,Cancelled
186896,Cancelled
186899,Declined
186902,Cancelled
186905,Cancelled
186908,Declined
186911,Declined
186914,Other
186917,Declined
186920,Declined
186923,Declined
186926,Declined
186929,Declined
186932,Declined
186935,Declined
186938,Declined
186941,Declined
186944,Declined
186947,Declined
186950,Other
186953,Cancelled
186956,Declined
186959,Declined
186962,Declined
186965,Declined
186968,Cancelled
186971,Declined
186974,Declined
186977,Declined
186980,Declined
186983,Other
186986,Declined
186989,Declined
186992,Declined
186995,Cancelled
186998,Declined
187001,Declined
187004,Other
187007,Declined
187010,Declined
187013,Declined
187016,Declined
187019,Cancelled
187022,Declined
187025,Cancelled
187028,Declined
187031,Declined
187034,Cancelled
187037,Other
187040,Declined
187043,Cancelled
187046,Declined
187049,Cancelled
187052,Declined
187055,Declined
187058,Declined
187061,Cancelled
187064,Cancelled
187067,Declined
187070,Declined
187073,Declined
187076,Cancelled
187079,Declined
187082,Declined
187085,Declined
187088,Declined
187091,Declined
187094,Other
187097,Cancelled
187100,Cancelled
187103,Declined
187106,Declined
187109,Declined
187112,Declined
187115,Other
187118,Declined
187121,Declined
187124,Declined
187127,Declined
187130,Declined
187133,Declined
187136,Declined
187139,Declined
187142,Declined
187145,Declined
187148,Declined
187151,Declined
187154,Cancelled
187157,Other
187160,Declined
187163,Declined
187166,Declined
187169,Declined
187172,Declined
187175,Declined
187178,Cancelled
187181,Declined
187184,Cancelled
187187,Cancelled
187190,Other
187193,Declined
187196,Cancelled
187199,Declined
187202,Declined
187205,Declined
187208,Declined
187211,Cancelled
187214,Declined
187217,Cancelled
187220,Declined
187223,Declined
187226,Declined
187229,Declined
187232,Declined
187235,Declined
187238,Declined
187241,Declined
187244,Cancelled
187247,Declined
187250,Declined
187253,Declined
187256,Declined
187259,Declined
187262,Declined
187265,Declined
187268,Cancelled
187271,Declined
187274,Declined
187277,Declined
187280,Declined
187283,Declined
187286,Declined
187289,Declined
187292,Other
187295,Declined
187298,Declined
187301,Declined
187304,Approved
187307,Other
187310,Declined
187313,Approved
187316,Declined
187319,Other
187322,Declined
187325,Declined
187328,Declined
187331,Declined
187334,Declined
187337,Other
187340,Declined
187343,Declined
187346,Declined
187349,Declined
187352,Approved
187355,Cancelled
187358,Declined
187361,Declined
187364,Declined
187367,Approved
187370,Cancelled
187373,Other
187376,Declined
187379,Other
187382,Approved
187385,Other
187388,Declined
187391,Declined
187394,Declined
187397,Declined
187400,Cancelled
187403,Declined
187406,Cancelled
187409,Declined
187412,Declined
187415,Cancelled
187418,Declined
187421,Declined
187424,Declined
187427,Cancelled
187430,Declined
187433,Other
187436,Cancelled
187439,Declined
187442,Declined
187445,Declined
187448,Declined
187451,Declined
187454,Cancelled
187457,Declined
187460,Declined
187463,Other
187466,Cancelled
187469,Declined
187472,Declined
187475,Approved
187478,Declined
187481,Approved
187484,Declined
187487,Other
187490,Declined
187493,Declined
187496,Declined
187499,Declined
187502,Declined
187505,Cancelled
187508,Declined
187511,Cancelled
187514,Declined
187517,Declined
187520,Declined
187523,Declined
187526,Declined
187529,Cancelled
187532,Cancelled
187535,Declined
187538,Declined
187541,Declined
187544,Declined
187547,Cancelled
187550,Declined
187553,Approved
187556,Cancelled
187559,Declined
187562,Cancelled
187565,Cancelled
187568,Declined
187571,Cancelled
187574,Other
187577,Declined
187580,Declined
187583,Declined
187586,Declined
187589,Declined
187592,Declined
187595,Approved
187598,Declined
187601,Declined
187604,Declined
187607,Declined
187610,Declined
187613,Declined
187616,Declined
187619,Declined
187622,Declined
187625,Declined
187639,Declined
187642,Approved
187645,Declined
187648,Declined
187651,Declined
187654,Cancelled
187657,Declined
187660,Declined
187663,Other
187666,Declined
187669,Cancelled
187672,Declined
187675,Declined
187678,Approved
187681,Declined
187684,Declined
187687,Declined
187690,Declined
187693,Declined
187696,Declined
187699,Declined
187702,Declined
187705,Declined
187708,Declined
187711,Declined
187714,Declined
187717,Declined
187720,Declined
187723,Declined
187726,Declined
187729,Other
187732,Declined
187735,Cancelled
187738,Other
187741,Declined
187744,Cancelled
187747,Declined
187750,Declined
187753,Declined
187756,Declined
187759,Declined
187762,Declined
187765,Declined
187768,Declined
187771,Declined
187774,Declined
187777,Declined
187780,Declined
187783,Declined
187786,Cancelled
187789,Cancelled
187792,Declined
187795,Approved
187798,Declined
187801,Declined
187804,Declined
187807,Cancelled
187810,Declined
187813,Declined
187816,Declined
187819,Declined
187822,Declined
187825,Cancelled
187828,Declined
187831,Declined
187834,Declined
187837,Declined
187840,Cancelled
187843,Cancelled
187846,Other
187849,Other
187852,Declined
187855,Declined
187858,Declined
187861,Declined
187864,Declined
187867,Declined
187870,Declined
187873,Declined
187876,Declined
187879,Declined
187882,Other
187885,Cancelled
187888,Cancelled
187891,Other
187894,Declined
187897,Declined
187900,Declined
187903,Declined
187906,Cancelled
187909,Declined
187912,Declined
187915,Declined
187918,Declined
187921,Other
187924,Cancelled
187927,Declined
187930,Other
187933,Cancelled
187936,Cancelled
187939,Cancelled
187942,Other
187945,Cancelled
187948,Declined
187951,Declined
187954,Approved
187957,Other
187960,Cancelled
187963,Declined
187966,Declined
187969,Declined
187972,Declined
187975,Cancelled
187978,Declined
187981,Declined
187984,Declined
187999,Cancelled
188002,Declined
188005,Declined
188008,Other
188011,Declined
188014,Declined
188017,Cancelled
188020,Cancelled
188023,Other
188026,Declined
188029,Cancelled
188032,Declined
188035,Cancelled
188038,Declined
188041,Declined
188044,Declined
188047,Declined
188050,Declined
188053,Cancelled
188056,Declined
188059,Approved
188062,Declined
188065,Other
188068,Declined
188071,Declined
188074,Declined
188077,Cancelled
188080,Declined
188083,Declined
188086,Declined
188089,Declined
188092,Declined
188095,Declined
188098,Declined
188101,Declined
188104,Declined
188107,Declined
188110,Declined
188113,Declined
188116,Declined
188119,Declined
188122,Declined
188125,Declined
188128,Cancelled
188131,Cancelled
188134,Declined
188137,Declined
188140,Other
188143,Declined
188146,Other
188149,Declined
188152,Declined
188155,Declined
188158,Declined
188161,Declined
188164,Cancelled
188167,Declined
188170,Cancelled
188173,Declined
188176,Other
188179,Other
188182,Declined
188185,Declined
188188,Declined
188191,Declined
188194,Approved
188197,Declined
188200,Declined
188203,Declined
188206,Declined
188209,Declined
188212,Declined
188215,Other
188218,Cancelled
188221,Declined
188224,Cancelled
188227,Declined
188230,Declined
188233,Declined
188236,Cancelled
188239,Declined
188259,Declined
188262,Declined
188265,Declined
188268,Declined
188271,Other
188274,Other
188277,Declined
188280,Declined
188283,Declined
188286,Cancelled
188289,Declined
188292,Declined
188295,Declined
188299,Declined
188302,Declined
188305,Cancelled
188308,Cancelled
188311,Declined
188314,Declined
188317,Other
188320,Declined
188323,Declined
188326,Cancelled
188329,Declined
188332,Other
188335,Declined
188338,Declined
188341,Declined
188344,Declined
188347,Declined
188350,Cancelled
188353,Declined
188356,Cancelled
188359,Other
188362,Declined
188365,Declined
188368,Other
188371,Cancelled
188374,Declined
188377,Declined
188380,Approved
188383,Declined
188386,Other
188389,Other
188392,Declined
188395,Declined
188398,Declined
188401,Other
188404,Declined
188407,Other
188410,Declined
188413,Other
188416,Declined
188419,Declined
188422,Declined
188425,Declined
188428,Declined
188431,Declined
188434,Declined
188437,Declined
188440,Cancelled
188443,Declined
188446,Declined
188449,Declined
188452,Cancelled
188455,Declined
188458,Declined
188461,Declined
188464,Other
188467,Cancelled
188470,Declined
188473,Declined
188476,Declined
188479,Cancelled
188482,Declined
188485,Cancelled
188488,Declined
188491,Cancelled
188494,Declined
188497,Other
188500,Cancelled
188503,Approved
188506,Other
188509,Other
188512,Approved
188515,Other
188518,Declined
188521,Cancelled
188524,Cancelled
188527,Declined
188530,Other
188533,Other
188536,Declined
188539,Declined
188542,Declined
188545,Cancelled
188548,Cancelled
188551,Cancelled
188554,Declined
188557,Declined
188560,Declined
188563,Declined
188566,Other
188569,Declined
188572,Cancelled
188575,Declined
188578,Other
188581,Other
188584,Other
188587,Declined
188590,Other
188593,Declined
188596,Declined
188599,Other
188602,Declined
188605,Declined
188608,Declined
188619,Declined
188622,Cancelled
188625,Declined
188639,Other
188642,Declined
188645,Cancelled
188648,Cancelled
188651,Declined
188654,Declined
188657,Declined
188660,Declined
188663,Other
188666,Cancelled
188669,Declined
188672,Declined
188675,Cancelled
188678,Cancelled
188681,Cancelled
188684,Declined
188687,Declined
188690,Declined
188693,Declined
188696,Declined
188699,Declined
188702,Cancelled
188705,Declined
188708,Cancelled
188711,Other
188714,Declined
188717,Declined
188720,Cancelled
188723,Declined
188726,Declined
188729,Declined
188732,Declined
188735,Declined
188738,Declined
188741,Cancelled
188744,Cancelled
188747,Declined
188750,Declined
188753,Declined
188756,Declined
188759,Declined
188762,Declined
188765,Other
188768,Cancelled
188771,Declined
188774,Declined
188777,Declined
188780,Declined
188783,Cancelled
188786,Other
188789,Declined
188792,Declined
188795,Declined
188798,Declined
188801,Declined
188804,Cancelled
188807,Declined
188810,Declined
188813,Declined
188816,Declined
188819,Declined
188822,Cancelled
188825,Declined
188828,Declined
188831,Declined
188834,Cancelled
188837,Cancelled
188859,Declined
188862,Other
188865,Declined
188868,Declined
188871,Declined
188874,Declined
188877,Declined
188880,Declined
188883,Declined
188899,Declined
188902,Other
188905,Declined
188908,Other
188911,Declined
188914,Cancelled
188917,Declined
188920,Declined
188923,Declined
188926,Declined
188929,Declined
188932,Declined
188935,Declined
188938,Cancelled
188941,Other
188944,Cancelled
188947,Cancelled
188950,Cancelled
188953,Other
188956,Declined
188959,Other
188962,Other
188965,Cancelled
188968,Other
188971,Cancelled
188974,Declined
188977,Other
188980,Declined
188983,Cancelled
188986,Declined
188989,Declined
188992,Declined
188995,Other
188998,Other
189001,Declined
189004,Cancelled
189007,Declined
189010,Cancelled
189013,Declined
189016,Approved
189019,Declined
189022,Cancelled
189025,Other
189028,Other
189031,Declined
189034,Declined
189037,Declined
189040,Declined
189043,Other
189046,Declined
189049,Declined
189052,Other
189055,Other
189058,Declined
189061,Cancelled
189064,Declined
189067,Declined
189070,Declined
189073,Approved
189076,Declined
189079,Cancelled
189082,Approved
189085,Declined
189088,Declined
189091,Cancelled
189094,Declined
189097,Declined
189100,Declined
189103,Declined
189106,Other
189109,Other
189112,Declined
189115,Cancelled
189118,Declined
189121,Declined
189124,Declined
189127,Declined
189130,Declined
189133,Declined
189136,Declined
189139,Declined
189142,Cancelled
189145,Declined
189148,Other
189151,Declined
189154,Declined
189157,Declined
189160,Approved
189163,Declined
189166,Declined
189169,Other
189172,Declined
189175,Declined
189178,Cancelled
189181,Cancelled
189184,Declined
189187,Declined
189190,Declined
189193,Cancelled
189196,Declined
189199,Declined
189202,Other
189205,Other
189208,Cancelled
189211,Declined
189214,Cancelled
189217,Cancelled
189220,Declined
189223,Declined
189226,Declined
189229,Cancelled
189232,Cancelled
189235,Declined
189238,Declined
189241,Declined
189244,Other
189247,Declined
189250,Declined
189253,Declined
189256,Declined
189259,Declined
189262,Other
189265,Declined
189268,Declined
189271,Declined
189274,Declined
189277,Cancelled
189280,Cancelled
189283,Declined
189286,Other
189289,Declined
189292,Cancelled
189295,Declined
189298,Cancelled
189301,Cancelled
189304,Declined
189307,Declined
189310,Declined
189313,Declined
189316,Approved
189319,Declined
189322,Declined
189325,Cancelled
189328,Declined
189331,Declined
189334,Declined
189337,Declined
189340,Declined
189343,Cancelled
189346,Declined
189349,Cancelled
189352,Declined
189355,Declined
189358,Declined
189361,Other
189364,Declined
189367,Declined
189370,Declined
189373,Declined
189376,Other
189379,Declined
189382,Declined
189385,Declined
189388,Declined
189391,Other
189394,Cancelled
189397,Declined
189400,Declined
189403,Cancelled
189406,Cancelled
189409,Declined
189412,Declined
189415,Declined
189418,Declined
189421,Declined
189424,Declined
189427,Cancelled
189430,Cancelled
189433,Declined
189439,Declined
189442,Other
189445,Cancelled
189448,Declined
189451,Declined
189454,Declined
189457,Declined
189460,Declined
189463,Declined
189466,Other
189469,Declined
189472,Declined
189475,Cancelled
189478,Cancelled
189481,Cancelled
189484,Declined
189487,Declined
189490,Cancelled
189493,Declined
189496,Other
189499,Declined
189502,Declined
189505,Declined
189508,Declined
189511,Cancelled
189514,Cancelled
189517,Declined
189520,Declined
189523,Declined
189526,Declined
189529,Cancelled
189532,Declined
189535,Declined
189538,Declined
189541,Other
189544,Other
189547,Other
189550,Declined
189553,Other
189556,Declined
189559,Cancelled
189562,Other
189565,Cancelled
189568,Declined
189571,Other
189574,Declined
189577,Declined
189580,Declined
189583,Declined
189586,Cancelled
189589,Other
189592,Declined
189595,Declined
189598,Declined
189601,Other
189604,Declined
189607,Declined
189610,Declined
189613,Declined
189616,Declined
189619,Declined
189622,Cancelled
189625,Cancelled
189628,Declined
189631,Declined
189634,Cancelled
189637,Cancelled
189640,Declined
189643,Declined
189646,Declined
189649,Other
189652,Cancelled
189655,Cancelled
189658,Declined
189661,Declined
189664,Declined
189667,Cancelled
189670,Declined
189673,Other
189676,Declined
189679,Declined
189682,Cancelled
189685,Declined
189688,Cancelled
189691,Approved
189694,Declined
189697,Cancelled
189700,Cancelled
189703,Declined
189706,Declined
189709,Cancelled
189712,Declined
189715,Approved
189718,Other
189721,Declined
189724,Cancelled
189727,Declined
189739,Cancelled
189742,Cancelled
189745,Cancelled
189748,Declined
189751,Declined
189754,Cancelled
189757,Declined
189760,Cancelled
189763,Cancelled
189766,Cancelled
189769,Other
189772,Other
189775,Declined
189778,Cancelled
189781,Other
189784,Cancelled
189787,Declined
189790,Declined
189793,Declined
189796,Other
189799,Cancelled
189802,Declined
189805,Other
189808,Declined
189811,Cancelled
189814,Declined
189817,Declined
189820,Other
189823,Declined
189826,Cancelled
189829,Approved
189832,Declined
189835,Declined
189838,Declined
189841,Cancelled
189844,Declined
189847,Declined
189850,Declined
189853,Cancelled
189856,Declined
189859,Cancelled
189862,Other
189865,Cancelled
189868,Declined
189871,Cancelled
189874,Declined
189877,Declined
189880,Cancelled
189883,Cancelled
189886,Cancelled
189889,Declined
189892,Declined
189895,Cancelled
189898,Declined
189901,Cancelled
189904,Other
189907,Declined
189910,Other
189913,Other
189916,Approved
189919,Declined
189922,Declined
189925,Declined
189928,Declined
189931,Cancelled
189934,Declined
189937,Cancelled
189940,Declined
189943,Declined
189946,Declined
189949,Cancelled
189952,Cancelled
189955,Declined
189958,Approved
189961,Other
189964,Declined
189967,Declined
189970,Cancelled
189973,Cancelled
189976,Declined
189979,Cancelled
189982,Declined
189985,Declined
189988,Cancelled
189991,Declined
189999,Declined
190002,Cancelled
190005,Declined
190008,Other
190011,Other
190014,Declined
190017,Cancelled
190020,Declined
190039,Declined
190042,Declined
190045,Other
190048,Cancelled
190051,Declined
190054,Declined
190057,Declined
190060,Other
190063,Declined
190066,Declined
190069,Declined
190072,Declined
190075,Other
190078,Declined
190081,Cancelled
190084,Declined
190087,Declined
190090,Declined
190093,Declined
190096,Cancelled
190099,Cancelled
190102,Cancelled
190105,Declined
190108,Other
190111,Cancelled
190114,Declined
190117,Cancelled
190120,Cancelled
190123,Declined
190126,Cancelled
190129,Other
190132,Approved
190135,Declined
190138,Declined
190141,Declined
190144,Declined
190147,Declined
190150,Declined
190153,Other
190156,Declined
190159,Declined
190162,Cancelled
190165,Cancelled
190168,Declined
190171,Approved
190174,Declined
190177,Declined
190180,Declined
190183,Cancelled
190186,Other
190189,Other
190192,Declined
190195,Cancelled
190198,Declined
190201,Declined
190204,Declined
190207,Cancelled
190210,Other
190213,Other
190216,Approved
190219,Declined
190222,Declined
190225,Declined
190228,Declined
190231,Declined
190234,Declined
190237,Declined
190240,Other
190243,Declined
190246,Cancelled
190249,Declined
190252,Declined
190255,Cancelled
190258,Cancelled
190261,Cancelled
190264,Cancelled
190267,Declined
190270,Declined
190273,Declined
190276,Declined
190279,Declined
190282,Declined
190285,Other
190288,Other
190299,Other
190302,Cancelled
190305,Other
190308,Declined
190311,Declined
190314,Declined
190317,Declined
190320,Declined
190339,Declined
190342,Declined
190345,Cancelled
190348,Declined
190351,Declined
190354,Other
190357,Cancelled
190360,Declined
190363,Declined
190366,Declined
190369,Cancelled
190372,Declined
190375,Declined
190378,Declined
190381,Cancelled
190384,Cancelled
190387,Other
190390,Declined
190393,Declined
190396,Other
190399,Declined
190402,Other
190405,Cancelled
190408,Declined
190411,Other
190414,Cancelled
190417,Declined
190420,Declined
190423,Cancelled
190426,Declined
190429,Declined
190432,Other
190435,Declined
190438,Declined
190441,Cancelled
190444,Declined
190447,Declined
190450,Declined
190453,Declined
190456,Declined
190459,Declined
190462,Other
190465,Declined
190468,Declined
190471,Declined
190474,Declined
190477,Cancelled
190480,Declined
190483,Cancelled
190486,Declined
190489,Declined
190492,Declined
190495,Cancelled
190498,Declined
190501,Declined
190504,Cancelled
190507,Declined
190510,Declined
190513,Declined
190516,Declined
190519,Declined
190522,Other
190525,Cancelled
190528,Other
190531,Declined
190534,Cancelled
190537,Declined
190540,Cancelled
190543,Cancelled
190546,Cancelled
190549,Declined
190552,Declined
190555,Declined
190558,Declined
190561,Declined
190564,Declined
190567,Other
190570,Cancelled
190573,Declined
190576,Other
190579,Cancelled
190582,Declined
190585,Other
190588,Declined
190591,Declined
190594,Declined
190597,Cancelled
190600,Other
190603,Declined
190606,Cancelled
190609,Declined
190612,Cancelled
190615,Cancelled
190618,Declined
190621,Declined
190624,Other
190627,Cancelled
190630,Declined
190633,Declined
190636,Declined
190639,Declined
190642,Declined
190645,Other
190648,Declined
190659,Cancelled
190662,Declined
190665,Declined
190668,Declined
190671,Declined
190674,Declined
190677,Declined
190680,Declined
190683,Declined
190686,Declined
190689,Declined
190692,Cancelled
190695,Declined
190698,Declined
190701,Declined
190704,Declined
190707,Declined
190710,Other
190713,Declined
190716,Declined
190719,Other
190722,Other
190725,Declined
190728,Declined
190731,Other
190734,Declined
190737,Declined
190740,Declined
190743,Cancelled
190746,Declined
190749,Other
190752,Other
190755,Declined
190758,Other
190761,Declined
190764,Declined
190767,Declined
190770,Declined
190773,Cancelled
190776,Declined
190779,Declined
190782,Other
190785,Other
190788,Other
190791,Declined
190794,Declined
190797,Declined
190800,Declined
190803,Declined
190806,Declined
190809,Cancelled
190812,Declined
190815,Declined
190818,Declined
190821,Declined
190824,Declined
190827,Other
190830,Declined
190833,Cancelled
190836,Cancelled
190839,Declined
190842,Cancelled
190845,Declined
190848,Cancelled
190851,Other
190854,Declined
190857,Cancelled
190860,Declined
190863,Other
190866,Cancelled
190869,Cancelled
190872,Declined
190875,Declined
190878,Other
190881,Declined
190884,Other
190887,Cancelled
190890,Declined
190893,Declined
190896,Approved
190899,Other
190902,Declined
190905,Cancelled
190908,Declined
190911,Cancelled
190914,Other
190917,Declined
190920,Declined
190923,Other
190926,Declined
190929,Declined
190932,Declined
190935,Declined
190938,Other
190941,Declined
190944,Other
190947,Declined
190950,Other
190953,Cancelled
190956,Other
190959,Cancelled
190962,Cancelled
190965,Declined
190968,Other
190971,Declined
190974,Cancelled
190977,Other
190980,Declined
190983,Cancelled
190986,Declined
190989,Declined
190992,Other
190995,Declined
190998,Declined
191001,Cancelled
191004,Declined
191007,Declined
191010,Declined
191013,Declined
191016,Declined
191019,Declined
191022,Declined
191025,Declined
191028,Cancelled
191031,Declined
191034,Declined
191037,Declined
191040,Cancelled
191043,Cancelled
191046,Declined
191049,Other
191052,Other
191055,Declined
191058,Cancelled
191061,Declined
191064,Other
191067,Declined
191070,Declined
191073,Declined
191076,Other
191079,Declined
191082,Declined
191085,Other
191088,Declined
191091,Declined
191094,Declined
191097,Other
191100,Cancelled
191103,Declined
191106,Declined
191109,Declined
191112,Declined
191115,Declined
191118,Declined
191121,Declined
191124,Declined
191127,Declined
191130,Cancelled
191133,Declined
191136,Declined
191139,Declined
191142,Other
191145,Declined
191148,Cancelled
191151,Declined
191154,Declined
191157,Declined
191160,Declined
191163,Declined
191166,Declined
191169,Declined
191172,Declined
191175,Declined
191178,Declined
191181,Declined
191184,Declined
191187,Other
191190,Declined
191193,Cancelled
191196,Cancelled
191199,Declined
191202,Declined
191205,Cancelled
191208,Declined
191211,Other
191214,Declined
191217,Declined
191220,Cancelled
191223,Declined
191226,Declined
191239,Other
191242,Declined
191245,Cancelled
191248,Cancelled
191251,Declined
191254,Cancelled
191257,Declined
191260,Declined
191263,Cancelled
191266,Other
191269,Declined
191272,Declined
191275,Declined
191278,Other
191281,Declined
191284,Other
191287,Cancelled
191290,Cancelled
191293,Declined
191296,Other
191299,Declined
191302,Declined
191305,Cancelled
191308,Cancelled
191311,Cancelled
191314,Declined
191317,Cancelled
191320,Declined
191323,Declined
191326,Other
191329,Declined
191332,Cancelled
191335,Cancelled
191338,Declined
191341,Declined
191344,Declined
191347,Declined
191350,Declined
191353,Declined
191356,Declined
191359,Declined
191362,Other
191365,Declined
191368,Declined
191371,Declined
191374,Other
191377,Other
191380,Cancelled
191383,Cancelled
191386,Declined
191389,Declined
191392,Other
191395,Cancelled
191398,Declined
191401,Cancelled
191404,Declined
191407,Declined
191410,Declined
191413,Other
191416,Other
191419,Declined
191422,Declined
191425,Declined
191428,Declined
191431,Declined
191434,Declined
191437,Declined
191440,Declined
191443,Declined
191446,Declined
191449,Cancelled
191452,Cancelled
191455,Declined
191458,Cancelled
191461,Declined
191464,Other
191467,Cancelled
191470,Declined
191473,Declined
191476,Other
191479,Other
191482,Other
191485,Other
191488,Declined
191491,Cancelled
191494,Other
191497,Other
191500,Declined
191503,Declined
191506,Declined
191509,Declined
191512,Other
191515,Declined
191518,Declined
191521,Declined
191524,Other
191527,Declined
191530,Declined
191533,Declined
191536,Cancelled
191539,Declined
191542,Declined
191545,Declined
191548,Cancelled
191551,Declined
191554,Declined
191557,Declined
191560,Declined
191563,Declined
191566,Other
191569,Declined
191572,Cancelled
191575,Declined
191578,Declined
191581,Declined
191584,Declined
191587,Declined
191599,Declined
191602,Declined
191605,Declined
191608,Declined
191611,Cancelled
191614,Declined
191617,Cancelled
191620,Cancelled
191623,Declined
191626,Declined
191629,Declined
191632,Cancelled
191635,Declined
191638,Declined
191641,Declined
191644,Other
191647,Declined
191650,Declined
191653,Declined
191656,Declined
191659,Declined
191662,Declined
191665,Declined
191668,Declined
191671,Declined
191674,Declined
191677,Declined
191680,Other
191683,Cancelled
191686,Declined
191689,Declined
191692,Declined
191695,Declined
191698,Declined
191701,Declined
191704,Cancelled
191707,Declined
191710,Declined
191713,Cancelled
191716,Other
191719,Other
191722,Declined
191725,Declined
191728,Declined
191731,Cancelled
191734,Declined
191737,Other
191740,Declined
191743,Declined
191746,Cancelled
191749,Other
191752,Declined
191755,Cancelled
191758,Cancelled
191761,Cancelled
191764,Declined
191767,Other
191770,Other
191773,Declined
191776,Declined
191779,Declined
191782,Cancelled
191785,Cancelled
191788,Other
191791,Declined
191794,Declined
191797,Cancelled
191798,Declined
191803,Declined
191806,Cancelled
191809,Cancelled
191812,Other
191815,Declined
191818,Declined
191821,Other
191839,Declined
191842,Cancelled
191845,Approved
191848,Approved
191851,Declined
191854,Cancelled
191857,Cancelled
191860,Declined
191863,Declined
191866,Declined
191869,Declined
191872,Other
191875,Declined
191878,Declined
191881,Other
191884,Declined
191887,Cancelled
191890,Cancelled
191893,Declined
191896,Cancelled
191899,Declined
191902,Declined
191905,Declined
191908,Declined
191911,Declined
191914,Declined
191917,Declined
191920,Declined
191923,Other
191926,Declined
191929,Declined
191932,Declined
191935,Declined
191938,Approved
191941,Declined
191944,Declined
191947,Declined
191950,Declined
191953,Declined
191956,Declined
191959,Declined
191962,Declined
191965,Other
191968,Declined
191971,Declined
191974,Declined
191977,Declined
191980,Declined
191983,Declined
191986,Declined
191989,Declined
191992,Declined
191995,Cancelled
191998,Declined
192001,Declined
192004,Declined
192007,Cancelled
192010,Declined
192013,Declined
192016,Declined
192019,Other
192022,Declined
192025,Cancelled
192028,Declined
192031,Declined
192034,Declined
192037,Other
192040,Cancelled
192043,Cancelled
192046,Cancelled
192049,Declined
192052,Declined
192055,Declined
192058,Cancelled
192061,Cancelled
192064,Cancelled
192067,Declined
192070,Cancelled
192073,Other
192076,Declined
192079,Cancelled
192082,Declined
192085,Declined
192088,Cancelled
192091,Declined
192094,Declined
192097,Cancelled
192100,Declined
192103,Declined
192106,Declined
192109,Declined
192112,Approved
192115,Approved
192118,Declined
192121,Declined
192124,Declined
192139,Declined
192142,Cancelled
192145,Declined
192148,Cancelled
192151,Other
192154,Declined
192157,Declined
192160,Cancelled
192163,Declined
192166,Declined
192169,Declined
192172,Cancelled
192175,Declined
192178,Cancelled
192181,Other
192184,Declined
192187,Declined
192190,Declined
192193,Declined
192196,Declined
192199,Declined
192202,Declined
192205,Declined
192208,Declined
192211,Cancelled
192214,Cancelled
192217,Declined
192220,Declined
192223,Declined
192226,Declined
192229,Cancelled
192232,Other
192235,Declined
192238,Declined
192241,Declined
192244,Cancelled
192247,Cancelled
192250,Approved
192253,Cancelled
192256,Other
192259,Declined
192262,Declined
192265,Declined
192268,Cancelled
192271,Declined
192274,Other
192277,Declined
192280,Declined
192283,Declined
192286,Declined
192289,Cancelled
192292,Cancelled
192295,Declined
192298,Declined
192301,Declined
192304,Declined
192307,Other
192310,Cancelled
192313,Declined
192316,Declined
192319,Declined
192322,Cancelled
192325,Cancelled
192328,Declined
192331,Declined
192334,Cancelled
192337,Cancelled
192340,Cancelled
192343,Declined
192346,Declined
192349,Declined
192359,Declined
192362,Declined
192365,Cancelled
192368,Declined
192371,Other
192374,Declined
192377,Cancelled
192380,Declined
192383,Other
192386,Declined
192389,Declined
192392,Other
192395,Cancelled
192398,Declined
192401,Other
192404,Declined
192407,Declined
192410,Cancelled
192413,Other
192416,Declined
192419,Declined
192422,Cancelled
192425,Declined
192428,Declined
192431,Declined
192434,Declined
192437,Declined
192440,Declined
192443,Declined
192446,Declined
192449,Cancelled
192452,Cancelled
192455,Cancelled
192458,Declined
192461,Declined
192464,Declined
192467,Cancelled
192470,Declined
192473,Declined
192476,Declined
192479,Other
192482,Declined
192485,Declined
192488,Declined
192491,Other
192494,Cancelled
192497,Other
192500,Declined
192503,Declined
192506,Declined
192509,Declined
192512,Cancelled
192515,Declined
192518,Cancelled
192521,Cancelled
192524,Cancelled
192527,Cancelled
192530,Cancelled
192533,Cancelled
192536,Cancelled
192539,Declined
192542,Cancelled
192545,Declined
192548,Declined
192551,Other
192554,Other
192557,Declined
192560,Cancelled
192563,Declined
192566,Other
192569,Declined
192572,Declined
192575,Declined
192578,Other
192581,Declined
192584,Other
192587,Approved
192590,Other
192593,Declined
192596,Cancelled
192599,Declined
192602,Declined
192605,Other
192608,Cancelled
192611,Cancelled
192614,Other
192617,Declined
192620,Cancelled
192623,Declined
192626,Declined
192629,Cancelled
192632,Declined
192635,Other
192638,Cancelled
192641,Declined
192644,Cancelled
192647,Declined
192650,Cancelled
192653,Declined
192656,Declined
192659,Approved
192662,Declined
192665,Cancelled
192668,Other
192671,Declined
192674,Cancelled
192677,Declined
192680,Declined
192683,Cancelled
192686,Declined
192689,Cancelled
192692,Other
192695,Cancelled
192698,Declined
192701,Cancelled
192704,Other
192707,Approved
192710,Other
192713,Declined
192716,Declined
192719,Cancelled
192722,Cancelled
192725,Declined
192728,Cancelled
192731,Other
192734,Other
192737,Declined
192740,Other
192743,Declined
192746,Other
192749,Declined
192752,Cancelled
192755,Declined
192758,Declined
192761,Cancelled
192764,Declined
192767,Declined
192770,Declined
192773,Cancelled
192776,Declined
192779,Declined
192782,Declined
192785,Declined
192788,Other
192791,Cancelled
192794,Declined
192797,Declined
192800,Declined
192803,Declined
192806,Declined
192809,Declined
192812,Declined
192815,Declined
192819,Declined
192822,Declined
192825,Cancelled
192828,Declined
192831,Declined
192834,Declined
192837,Declined
192840,Declined
192843,Cancelled
192846,Cancelled
192849,Cancelled
192852,Cancelled
192855,Declined
192858,Cancelled
192861,Declined
192864,Declined
192867,Declined
192870,Cancelled
192873,Declined
192876,Declined
192879,Cancelled
192882,Declined
192885,Declined
192888,Cancelled
192891,Cancelled
192894,Cancelled
192897,Declined
192900,Other
192903,Declined
192906,Cancelled
192909,Declined
192912,Cancelled
192915,Declined
192918,Declined
192921,Declined
192924,Declined
192927,Other
192930,Other
192933,Declined
192936,Declined
192939,Declined
192942,Other
192945,Cancelled
192948,Declined
192951,Cancelled
192954,Declined
192957,Declined
192960,Other
192963,Cancelled
192966,Declined
192969,Other
192972,Declined
192975,Declined
192978,Cancelled
192981,Declined
192984,Declined
192987,Declined
192990,Declined
192993,Declined
192996,Cancelled
192999,Other
193002,Cancelled
193005,Declined
193008,Cancelled
193011,Declined
193014,Declined
193017,Cancelled
193020,Other
193023,Cancelled
193026,Declined
193029,Cancelled
193032,Cancelled
193035,Other
193038,Declined
193041,Other
193044,Cancelled
193047,Cancelled
193050,Cancelled
193053,Declined
193056,Cancelled
193059,Declined
193062,Cancelled
193065,Declined
193068,Declined
193071,Declined
193074,Declined
193077,Declined
193080,Declined
193083,Declined
193086,Declined
193089,Declined
193092,Declined
193095,Cancelled
193098,Cancelled
193101,Declined
193104,Declined
193107,Declined
193110,Approved
193113,Cancelled
193116,Declined
193119,Declined
193122,Declined
193125,Other
193128,Cancelled
193131,Cancelled
193134,Declined
193137,Cancelled
193140,Declined
193159,Cancelled
193162,Cancelled
193165,Declined
193168,Cancelled
193171,Declined
193174,Other
193177,Cancelled
193180,Cancelled
193183,Declined
193186,Cancelled
193189,Declined
193192,Declined
193195,Other
193198,Declined
193201,Cancelled
193204,Other
193207,Cancelled
193210,Cancelled
193213,Declined
193216,Declined
193219,Declined
193222,Other
193225,Declined
193228,Declined
193231,Other
193234,Declined
193237,Declined
193240,Declined
193243,Other
193246,Declined
193249,Declined
193252,Cancelled
193255,Cancelled
193258,Declined
193261,Declined
193264,Cancelled
193267,Cancelled
193270,Cancelled
193273,Declined
193276,Cancelled
193279,Declined
193282,Declined
193285,Cancelled
193288,Cancelled
193291,Declined
193294,Declined
193297,Declined
193300,Declined
193303,Declined
193306,Declined
193309,Other
193312,Declined
193315,Other
193318,Declined
193321,Declined
193324,Declined
193327,Declined
193330,Declined
193333,Other
193336,Declined
193339,Cancelled
193342,Declined
193345,Other
193348,Cancelled
193351,Declined
193354,Declined
193357,Other
193360,Cancelled
193363,Declined
193366,Declined
193369,Other
193372,Declined
193375,Declined
193378,Cancelled
193381,Approved
193384,Declined
193387,Other
193390,Declined
193393,Cancelled
193396,Declined
193399,Declined
193402,Declined
193405,Declined
193408,Cancelled
193411,Cancelled
193414,Declined
193419,Other
193422,Cancelled
193425,Declined
193428,Declined
193431,Other
193434,Declined
193437,Declined
193440,Declined
193443,Declined
193446,Declined
193449,Cancelled
193452,Other
193455,Other
193458,Declined
193461,Declined
193464,Cancelled
193467,Other
193470,Other
193473,Other
193476,Cancelled
193479,Other
193482,Approved
193485,Declined
193488,Declined
193491,Declined
193494,Declined
193497,Other
193500,Declined
193503,Declined
193506,Cancelled
193509,Declined
193512,Declined
193515,Declined
193518,Declined
193521,Declined
193524,Cancelled
193527,Declined
193530,Cancelled
193533,Declined
193536,Cancelled
193539,Declined
193542,Cancelled
193545,Declined
193548,Declined
193551,Declined
193554,Cancelled
193557,Declined
193560,Declined
193563,Cancelled
193566,Declined
193569,Declined
193572,Declined
193575,Declined
193578,Declined
193581,Declined
193584,Declined
193587,Cancelled
193590,Declined
193593,Declined
193596,Declined
193599,Other
193602,Declined
193605,Declined
193608,Cancelled
193611,Declined
193614,Declined
193617,Declined
193620,Cancelled
193623,Declined
193626,Declined
193629,Cancelled
193632,Declined
193635,Declined
193638,Declined
193641,Declined
193644,Declined
193647,Other
193650,Cancelled
193653,Cancelled
193656,Cancelled
193659,Cancelled
193662,Declined
193665,Declined
193668,Declined
193671,Declined
193674,Other
193677,Declined
193680,Cancelled
193683,Declined
193686,Declined
193689,Cancelled
193692,Declined
193695,Cancelled
193699,Declined
193702,Cancelled
193705,Declined
193708,Declined
193711,Cancelled
193714,Other
193717,Cancelled
193720,Declined
193723,Cancelled
193726,Cancelled
193729,Declined
193732,Cancelled
193735,Declined
193738,Other
193741,Declined
193744,Other
193747,Declined
193750,Declined
193753,Declined
193756,Declined
193759,Declined
193762,Other
193765,Declined
193768,Approved
193771,Declined
193774,Other
193777,Cancelled
193780,Declined
193783,Declined
193786,Declined
193789,Declined
193792,Declined
193795,Declined
193798,Cancelled
193801,Declined
193804,Declined
193807,Other
193810,Declined
193813,Declined
193816,Declined
193819,Other
193822,Cancelled
193825,Cancelled
193828,Approved
193831,Cancelled
193834,Declined
193837,Cancelled
193840,Cancelled
193843,Other
193846,Other
193849,Other
193852,Cancelled
193855,Declined
193858,Declined
193861,Declined
193864,Cancelled
193867,Cancelled
193870,Other
193873,Approved
193876,Cancelled
193879,Declined
193882,Cancelled
193885,Other
193888,Declined
193891,Cancelled
193894,Declined
193897,Declined
193900,Declined
193903,Cancelled
193906,Cancelled
193909,Declined
193912,Cancelled
193915,Declined
193918,Declined
193921,Declined
193924,Cancelled
193927,Declined
193930,Declined
193933,Declined
193936,Declined
193939,Declined
193959,Declined
193962,Other
193965,Other
193968,Declined
193971,Other
193974,Cancelled
193977,Declined
193980,Declined
193983,Declined
193986,Declined
193989,Declined
193992,Declined
193995,Declined
193998,Cancelled
194001,Declined
194004,Declined
194007,Declined
194010,Other
194013,Declined
194016,Approved
194019,Declined
194022,Other
194025,Declined
194028,Declined
194031,Other
194034,Cancelled
194037,Cancelled
194040,Declined
194043,Cancelled
194046,Declined
194049,Declined
194052,Cancelled
194055,Declined
194058,Declined
194061,Cancelled
194064,Declined
194067,Other
194070,Declined
194073,Declined
194076,Declined
194079,Other
194082,Declined
194085,Declined
194088,Declined
194091,Approved
194094,Declined
194097,Declined
194100,Cancelled
194103,Other
194106,Declined
194109,Declined
194112,Other
194115,Cancelled
194118,Declined
194121,Declined
194124,Cancelled
194127,Declined
194130,Cancelled
194133,Declined
194136,Approved
194139,Cancelled
194142,Declined
194145,Approved
194148,Declined
194151,Cancelled
194154,Other
194157,Declined
194160,Declined
194163,Declined
194166,Declined
194169,Cancelled
194179,Declined
194182,Declined
194185,Declined
194188,Cancelled
194191,Cancelled
194194,Declined
194197,Declined
194200,Declined
194203,Declined
194206,Other
194209,Declined
194212,Cancelled
194215,Declined
194218,Other
194221,Other
194224,Cancelled
194227,Approved
194230,Declined
194233,Cancelled
194236,Cancelled
194239,Other
194242,Cancelled
194245,Other
194248,Declined
194251,Declined
194254,Declined
194257,Declined
194260,Cancelled
194263,Declined
194266,Cancelled
194269,Cancelled
194272,Declined
194275,Declined
194278,Cancelled
194281,Cancelled
194284,Declined
194287,Other
194290,Declined
194293,Other
194296,Declined
194299,Declined
194302,Declined
194305,Cancelled
194308,Declined
194311,Other
194314,Declined
194317,Declined
194320,Declined
194323,Other
194326,Declined
194329,Declined
194332,Declined
194335,Other
194338,Declined
194341,Other
194344,Cancelled
194347,Cancelled
194350,Declined
194353,Approved
194356,Declined
194359,Declined
194362,Cancelled
194365,Declined
194368,Declined
194379,Declined
194382,Declined
194385,Declined
194388,Declined
194391,Declined
194394,Declined
194397,Other
194400,Cancelled
194403,Cancelled
194406,Cancelled
194409,Other
194412,Cancelled
194415,Declined
194418,Other
194421,Declined
194424,Cancelled
194427,Cancelled
194430,Cancelled
194433,Declined
194436,Declined
194439,Declined
194442,Cancelled
194445,Declined
194448,Declined
194451,Declined
194454,Other
194457,Declined
194460,Other
194463,Declined
194466,Declined
194469,Declined
194472,Other
194475,Declined
194478,Other
194481,Declined
194484,Declined
194487,Declined
194490,Declined
194493,Approved
194496,Cancelled
194499,Approved
194502,Cancelled
194505,Declined
194508,Approved
194511,Declined
194514,Cancelled
194517,Cancelled
194520,Declined
194523,Declined
194526,Other
194529,Declined
194532,Cancelled
194535,Cancelled
194538,Declined
194541,Declined
194544,Cancelled
194547,Declined
194550,Declined
194553,Declined
194556,Declined
194559,Declined
194562,Cancelled
194565,Other
194568,Other
194571,Cancelled
194574,Cancelled
194577,Cancelled
194580,Declined
194583,Other
194586,Declined
194599,Cancelled
194602,Declined
194605,Approved
194608,Declined
194611,Declined
194614,Declined
194617,Approved
194620,Declined
194623,Declined
194626,Cancelled
194629,Declined
194632,Declined
194635,Declined
194638,Declined
194641,Other
194644,Other
194647,Other
194650,Declined
194653,Approved
194656,Cancelled
194659,Declined
194662,Declined
194665,Cancelled
194668,Declined
194671,Declined
194674,Cancelled
194677,Cancelled
194680,Declined
194683,Declined
194686,Cancelled
194689,Declined
194692,Cancelled
194695,Cancelled
194698,Declined
194701,Declined
194704,Declined
194707,Declined
194710,Declined
194713,Declined
194716,Cancelled
194719,Cancelled
194722,Cancelled
194725,Declined
194728,Other
194731,Other
194734,Declined
194737,Other
194740,Declined
194743,Cancelled
194746,Declined
194749,Other
194752,Declined
194755,Declined
194758,Cancelled
194761,Declined
194764,Cancelled
194767,Cancelled
194770,Cancelled
194773,Declined
194776,Declined
194779,Cancelled
194782,Declined
194785,Cancelled
194788,Declined
194791,Other
194794,Declined
194797,Cancelled
194819,Declined
194822,Cancelled
194825,Declined
194828,Declined
194831,Declined
194834,Cancelled
194837,Declined
194859,Cancelled
194862,Cancelled
194865,Other
194868,Cancelled
194871,Cancelled
194874,Other
194877,Declined
194880,Declined
194883,Declined
194886,Declined
194889,Declined
194892,Cancelled
194895,Other
194898,Cancelled
194901,Cancelled
194904,Declined
194907,Cancelled
194910,Declined
194913,Declined
194916,Declined
194919,Approved
194922,Declined
194925,Declined
194928,Declined
194931,Declined
194934,Other
194937,Cancelled
194940,Declined
194943,Cancelled
194946,Declined
194949,Declined
194952,Cancelled
194955,Declined
194958,Cancelled
194961,Declined
194964,Cancelled
194967,Declined
194970,Declined
194973,Cancelled
194976,Other
194979,Other
194982,Cancelled
194985,Other
194988,Declined
194991,Other
194994,Declined
194997,Declined
195000,Declined
195003,Cancelled
195006,Declined
195009,Declined
195012,Other
195015,Cancelled
195018,Declined
195021,Other
195024,Other
195027,Declined
195030,Declined
195033,Declined
195036,Declined
195039,Cancelled
195042,Other
195045,Other
195048,Cancelled
195051,Other
195054,Other
195057,Cancelled
195060,Declined
195063,Declined
195066,Cancelled
195069,Other
195079,Cancelled
195082,Other
195085,Cancelled
195088,Cancelled
195091,Other
195094,Declined
195097,Declined
195100,Declined
195103,Declined
195106,Cancelled
195109,Declined
195112,Declined
195115,Approved
195118,Cancelled
195121,Declined
195124,Declined
195127,Other
195130,Other
195133,Cancelled
195136,Cancelled
195139,Cancelled
195142,Declined
195145,Cancelled
195148,Cancelled
195151,Declined
195154,Cancelled
195157,Other
195160,Other
195163,Declined
195166,Cancelled
195169,Declined
195172,Declined
195175,Cancelled
195178,Cancelled
195181,Declined
195184,Declined
195187,Declined
195190,Other
195193,Other
195196,Declined
195199,Declined
195202,Declined
195205,Declined
195208,Cancelled
195211,Declined
195214,Declined
195217,Declined
195220,Declined
195223,Other
195226,Other
195229,Cancelled
195232,Declined
195235,Declined
195238,Declined
195241,Declined
195244,Cancelled
195247,Cancelled
195250,Declined
195253,Declined
195256,Cancelled
195259,Cancelled
195262,Approved
195265,Approved
195268,Declined
195271,Declined
195274,Declined
195277,Cancelled
195280,Declined
195283,Declined
195299,Cancelled
195302,Cancelled
195305,Approved
195308,Declined
195311,Declined
195314,Declined
195317,Declined
195320,Declined
195323,Cancelled
195326,Other
195329,Other
195332,Cancelled
195335,Cancelled
195338,Cancelled
195341,Declined
195344,Cancelled
195347,Approved
195350,Declined
195353,Declined
195356,Declined
195359,Cancelled
195362,Declined
195365,Declined
195368,Declined
195371,Declined
195374,Approved
195377,Declined
195380,Other
195383,Other
195386,Declined
195389,Declined
195392,Declined
195395,Other
195398,Declined
195401,Cancelled
195404,Cancelled
195407,Declined
195410,Declined
195413,Declined
195416,Declined
195419,Declined
195422,Other
195425,Declined
195428,Cancelled
195431,Declined
195434,Other
195437,Cancelled
195440,Declined
195443,Cancelled
195446,Cancelled
195449,Declined
195452,Declined
195455,Cancelled
195458,Declined
195461,Declined
195464,Declined
195467,Declined
195470,Declined
195473,Declined
195476,Cancelled
195479,Cancelled
195482,Cancelled
195485,Cancelled
195488,Declined
195491,Other
195494,Cancelled
195497,Cancelled
195500,Declined
195503,Other
195506,Declined
195509,Declined
195512,Declined
195515,Declined
195518,Cancelled
195521,Cancelled
195524,Declined
195527,Declined
195530,Declined
195533,Cancelled
195536,Declined
195539,Other
195542,Cancelled
195545,Other
195548,Declined
195551,Cancelled
195554,Declined
195557,Declined
195560,Cancelled
195563,Declined
195566,Other
195569,Declined
195572,Declined
195579,Declined
195582,Declined
195585,Declined
195588,Declined
195591,Other
195594,Cancelled
195597,Declined
195600,Approved
195603,Cancelled
195606,Cancelled
195609,Cancelled
195612,Declined
195615,Cancelled
195618,Cancelled
195621,Declined
195624,Cancelled
195627,Other
195630,Declined
195633,Cancelled
195636,Declined
195639,Cancelled
195642,Cancelled
195645,Declined
195648,Cancelled
195651,Declined
195654,Cancelled
195657,Declined
195660,Declined
195663,Declined
195666,Other
195669,Cancelled
195672,Cancelled
195675,Declined
195678,Other
195681,Cancelled
195684,Declined
195687,Declined
195690,Declined
195693,Declined
195696,Declined
195699,Declined
195719,Other
195722,Declined
195725,Cancelled
195728,Declined
195731,Cancelled
195734,Other
195737,Approved
195740,Declined
195743,Declined
195746,Cancelled
195749,Declined
195752,Cancelled
195755,Declined
195758,Declined
195761,Approved
195764,Declined
195767,Declined
195770,Other
195773,Declined
195776,Declined
195779,Other
195782,Declined
195785,Declined
195788,Declined
195791,Declined
195794,Declined
195797,Approved
195800,Other
195803,Other
195806,Other
195809,Cancelled
195812,Declined
195815,Declined
195818,Declined
195821,Declined
195824,Declined
195827,Declined
195830,Cancelled
195833,Cancelled
195836,Declined
195839,Declined
195842,Other
195845,Declined
195848,Other
195851,Declined
195854,Declined
195857,Cancelled
195860,Declined
195863,Declined
195866,Declined
195869,Other
195872,Declined
195875,Declined
195878,Declined
195881,Declined
195884,Declined
195887,Declined
195890,Cancelled
195893,Declined
195896,Other
195899,Cancelled
195902,Declined
195905,Declined
195908,Declined
195911,Cancelled
195914,Cancelled
195917,Other
195920,Other
195923,Declined
195926,Declined
195929,Declined
195932,Cancelled
195935,Declined
195938,Cancelled
195941,Other
195944,Declined
195947,Declined
195950,Cancelled
195953,Declined
195956,Cancelled
195959,Declined
195962,Declined
195965,Declined
195968,Declined
195979,Other
195982,Declined
195985,Cancelled
195988,Other
195991,Cancelled
195994,Other
195997,Cancelled
196000,Cancelled
196003,Declined
196006,Cancelled
196009,Other
196012,Cancelled
196015,Other
196018,Other
196021,Declined
196024,Declined
196027,Declined
196030,Declined
196033,Declined
196036,Other
196039,Cancelled
196042,Cancelled
196045,Cancelled
196048,Declined
196051,Declined
196054,Cancelled
196057,Cancelled
196060,Cancelled
196063,Other
196066,Declined
196069,Cancelled
196072,Cancelled
196075,Cancelled
196078,Cancelled
196081,Other
196084,Other
196087,Cancelled
196090,Declined
196093,Declined
196096,Other
196099,Other
196102,Declined
196105,Declined
196108,Cancelled
196111,Declined
196114,Cancelled
196117,Cancelled
196120,Declined
196123,Declined
196126,Approved
196129,Other
196132,Declined
196135,Other
196138,Declined
196141,Declined
196144,Other
196147,Declined
196150,Cancelled
196153,Cancelled
196156,Declined
196159,Cancelled
196162,Declined
196165,Declined
196168,Cancelled
196171,Cancelled
196174,Declined
196177,Declined
196180,Declined
196183,Declined
196186,Cancelled
196189,Declined
196192,Declined
196195,Other
196198,Declined
196201,Cancelled
196204,Declined
196207,Cancelled
196210,Declined
196213,Declined
196216,Other
196219,Other
196222,Declined
196225,Other
196228,Other
196231,Declined
196234,Declined
196237,Declined
196240,Other
196243,Declined
196246,Declined
196249,Declined
196252,Declined
196255,Declined
196258,Other
196261,Declined
196264,Declined
196267,Other
196270,Declined
196273,Cancelled
196276,Declined
196279,Declined
196282,Cancelled
196285,Declined
196288,Declined
196291,Other
196294,Declined
196299,Declined
196302,Declined
196305,Cancelled
196308,Cancelled
196311,Cancelled
196314,Declined
196317,Other
196320,Declined
196323,Declined
196326,Other
196329,Declined
196332,Declined
196335,Declined
196338,Other
196341,Cancelled
196344,Declined
196347,Declined
196350,Declined
196353,Declined
196356,Declined
196359,Other
196362,Approved
196365,Cancelled
196368,Declined
196371,Declined
196374,Other
196377,Declined
196380,Cancelled
196383,Declined
196386,Declined
196389,Declined
196392,Cancelled
196395,Cancelled
196398,Other
196401,Other
196404,Cancelled
196407,Other
196410,Declined
196413,Other
196416,Cancelled
196419,Declined
196422,Other
196425,Declined
196428,Cancelled
196431,Declined
196434,Other
196437,Declined
196440,Declined
196443,Declined
196446,Cancelled
196449,Other
196452,Other
196455,Other
196458,Other
196461,Other
196464,Declined
196467,Declined
196470,Other
196473,Other
196476,Declined
196479,Cancelled
196482,Other
196485,Cancelled
196488,Other
196491,Declined
196494,Declined
196497,Declined
196500,Declined
196503,Declined
196506,Other
196509,Cancelled
196512,Cancelled
196515,Declined
196518,Declined
196521,Cancelled
196524,Other
196527,Declined
196530,Cancelled
196533,Other
196536,Declined
196539,Declined
196542,Other
196545,Cancelled
196548,Other
196551,Declined
196554,Declined
196557,Cancelled
196560,Declined
196563,Cancelled
196566,Declined
196569,Other
196572,Declined
196575,Cancelled
196578,Approved
196581,Declined
196599,Declined
196602,Other
196605,Approved
196608,Declined
196611,Declined
196614,Other
196617,Declined
196620,Cancelled
196623,Other
196626,Declined
196629,Declined
196639,Other
196642,Declined
196645,Cancelled
196648,Other
196651,Cancelled
196654,Other
196657,Declined
196660,Cancelled
196663,Declined
196666,Cancelled
196669,Other
196672,Declined
196675,Declined
196678,Cancelled
196681,Cancelled
196684,Declined
196687,Declined
196690,Declined
196693,Cancelled
196696,Declined
196699,Declined
196702,Cancelled
196705,Cancelled
196708,Cancelled
196711,Declined
196714,Declined
196717,Declined
196720,Declined
196723,Cancelled
196726,Declined
196729,Declined
196732,Declined
196735,Declined
196738,Other
196741,Cancelled
196744,Declined
196747,Declined
196750,Declined
196753,Cancelled
196756,Approved
196759,Other
196762,Cancelled
196765,Declined
196768,Other
196771,Cancelled
196774,Declined
196777,Cancelled
196780,Cancelled
196783,Declined
196786,Declined
196789,Declined
196792,Declined
196795,Cancelled
196798,Declined
196801,Declined
196804,Cancelled
196807,Declined
196810,Cancelled
196813,Declined
196816,Declined
196819,Declined
196822,Cancelled
196825,Declined
196828,Declined
196831,Cancelled
196834,Declined
196837,Declined
196840,Declined
196843,Declined
196846,Approved
196849,Declined
196852,Cancelled
196855,Cancelled
196858,Cancelled
196861,Cancelled
196864,Other
196867,Cancelled
196870,Declined
196873,Other
196876,Declined
196879,Declined
196880,Cancelled
196885,Cancelled
196888,Approved
196891,Cancelled
196894,Declined
196897,Declined
196900,Other
196903,Other
196906,Declined
196909,Declined
196912,Declined
196915,Cancelled
196918,Cancelled
196921,Cancelled
196924,Cancelled
196927,Cancelled
196930,Approved
196933,Declined
196936,Declined
196939,Other
196942,Declined
196945,Declined
196948,Cancelled
196951,Cancelled
196954,Declined
196957,Cancelled
196960,Declined
196963,Other
196966,Cancelled
196969,Declined
196972,Declined
196975,Cancelled
196978,Declined
196981,Declined
196984,Other
196987,Other
196990,Declined
196993,Declined
196996,Declined
196999,Other
197002,Declined
197005,Other
197008,Cancelled
197011,Declined
197014,Approved
197017,Declined
197020,Cancelled
197023,Cancelled
197026,Declined
197039,Declined
197042,Declined
197045,Declined
197048,Declined
197051,Cancelled
197054,Declined
197057,Declined
197060,Declined
197063,Declined
197066,Declined
197069,Declined
197072,Other
197075,Declined
197078,Declined
197081,Cancelled
197084,Approved
197087,Declined
197090,Other
197093,Cancelled
197096,Declined
197099,Declined
197102,Declined
197105,Declined
197108,Declined
197111,Declined
197114,Declined
197117,Declined
197120,Declined
197123,Cancelled
197126,Declined
197129,Declined
197132,Declined
197135,Declined
197138,Declined
197141,Declined
197144,Other
197147,Declined
197150,Declined
197153,Declined
197156,Other
197159,Declined
197162,Cancelled
197165,Declined
197168,Cancelled
197171,Declined
197174,Declined
197177,Declined
197180,Other
197183,Cancelled
197186,Declined
197189,Declined
197192,Declined
197195,Declined
197198,Cancelled
197201,Cancelled
197204,Declined
197207,Cancelled
197210,Cancelled
197213,Declined
197216,Declined
197219,Other
197222,Cancelled
197225,Cancelled
197228,Cancelled
197231,Cancelled
197234,Cancelled
197237,Declined
197240,Cancelled
197243,Other
197246,Declined
197249,Cancelled
197252,Declined
197255,Declined
197258,Declined
197261,Declined
197264,Declined
197267,Other
197270,Declined
197273,Declined
197276,Declined
197279,Declined
197282,Cancelled
197285,Other
197288,Declined
197291,Cancelled
197294,Cancelled
197297,Other
197300,Cancelled
197303,Declined
197306,Declined
197309,Approved
197312,Declined
197315,Cancelled
197318,Declined
197321,Cancelled
197324,Declined
197327,Declined
197330,Declined
197333,Declined
197336,Declined
197339,Cancelled
197342,Declined
197345,Declined
197348,Declined
197351,Cancelled
197354,Cancelled
197357,Declined
197360,Cancelled
197363,Cancelled
197366,Other
197369,Declined
197372,Cancelled
197375,Declined
197378,Declined
197381,Declined
197384,Cancelled
197387,Declined
197390,Declined
197393,Cancelled
197396,Declined
197399,Declined
197402,Declined
197405,Declined
197408,Approved
197411,Declined
197414,Declined
197419,Other
197422,Cancelled
197425,Other
197428,Cancelled
197431,Declined
197434,Cancelled
197437,Other
197440,Cancelled
197443,Declined
197446,Approved
197449,Declined
197452,Declined
197455,Other
197458,Other
197461,Declined
197464,Cancelled
197467,Other
197470,Cancelled
197473,Declined
197476,Declined
197479,Declined
197482,Declined
197485,Other
197488,Declined
197491,Cancelled
197494,Cancelled
197497,Cancelled
197500,Declined
197503,Declined
197506,Other
197509,Cancelled
197512,Other
197515,Other
197518,Cancelled
197521,Declined
197524,Declined
197527,Cancelled
197530,Declined
197533,Other
197536,Declined
197539,Declined
197542,Cancelled
197545,Declined
197548,Declined
197551,Declined
197554,Declined
197557,Cancelled
197560,Declined
197563,Cancelled
197566,Declined
197569,Declined
197572,Cancelled
197575,Declined
197578,Declined
197581,Cancelled
197584,Other
197587,Cancelled
197590,Other
197593,Declined
197596,Declined
197599,Declined
197602,Declined
197605,Cancelled
197608,Approved
197611,Declined
197614,Other
197617,Declined
197620,Cancelled
197623,Approved
197626,Cancelled
197629,Declined
197632,Other
197635,Declined
197638,Declined
197641,Declined
197644,Cancelled
197647,Other
197650,Declined
197653,Declined
197656,Declined
197659,Declined
197662,Declined
197665,Cancelled
197668,Declined
197671,Declined
197674,Other
197677,Declined
197680,Cancelled
197683,Declined
197686,Other
197689,Declined
197692,Declined
197695,Declined
197698,Declined
197701,Cancelled
197704,Other
197707,Other
197710,Declined
197713,Declined
197716,Declined
197719,Declined
197722,Declined
197725,Approved
197728,Declined
197731,Approved
197734,Declined
197737,Approved
197740,Declined
197743,Other
197746,Cancelled
197749,Declined
197752,Declined
197755,Declined
197758,Declined
197761,Cancelled
197764,Declined
197767,Declined
197770,Declined
197773,Approved
197776,Declined
197779,Declined
197782,Cancelled
197785,Declined
197788,Declined
197791,Declined
197794,Cancelled
197797,Other
197800,Cancelled
197819,Declined
197822,Declined
197825,Other
197828,Declined
197831,Declined
197834,Declined
197837,Declined
197840,Declined
197843,Declined
197846,Declined
197849,Other
197852,Declined
197855,Declined
197858,Declined
197861,Declined
197864,Declined
197867,Cancelled
197870,Declined
197873,Declined
197876,Other
197879,Cancelled
197882,Declined
197885,Declined
197888,Declined
197891,Other
197894,Cancelled
197897,Declined
197900,Other
197903,Declined
197906,Declined
197909,Cancelled
197912,Declined
197915,Declined
197918,Declined
197921,Declined
197924,Cancelled
197927,Cancelled
197930,Declined
197933,Declined
197936,Other
197939,Declined
197942,Declined
197945,Declined
197948,Other
197951,Declined
197954,Declined
197957,Cancelled
197960,Declined
197963,Cancelled
197966,Declined
197969,Cancelled
197972,Declined
197975,Declined
197978,Declined
197981,Cancelled
197984,Declined
197987,Declined
197990,Declined
197993,Other
197996,Declined
197999,Declined
198002,Declined
198005,Declined
198008,Declined
198011,Declined
198014,Cancelled
198017,Other
198020,Declined
198023,Declined
198026,Other
198029,Cancelled
198032,Declined
198035,Declined
198038,Declined
198041,Declined
198044,Cancelled
198047,Declined
198050,Declined
198053,Cancelled
198056,Declined
198059,Declined
198062,Cancelled
198065,Cancelled
198068,Declined
198071,Cancelled
198074,Declined
198077,Declined
198080,Approved
198083,Cancelled
198086,Other
198089,Declined
198092,Cancelled
198095,Declined
198098,Declined
198101,Other
198104,Declined
198107,Other
198110,Declined
198113,Other
198116,Declined
198119,Declined
198122,Other
198125,Other
198128,Declined
198131,Declined
198134,Declined
198137,Declined
198140,Cancelled
198143,Declined
198146,Declined
198149,Cancelled
198152,Declined
198155,Declined
198158,Approved
198161,Other
198164,Declined
198167,Other
198170,Approved
198173,Declined
198176,Declined
198179,Declined
198182,Cancelled
198185,Declined
198188,Declined
198191,Declined
198199,Declined
198202,Other
198205,Other
198208,Declined
198211,Declined
198214,Other
198217,Declined
198220,Cancelled
198223,Cancelled
198226,Declined
198229,Declined
198232,Other
198235,Other
198238,Declined
198241,Declined
198244,Declined
198247,Declined
198250,Other
198253,Cancelled
198256,Declined
198259,Declined
198262,Cancelled
198265,Other
198268,Declined
198271,Approved
198274,Cancelled
198277,Cancelled
198280,Cancelled
198283,Declined
198286,Other
198289,Other
198292,Declined
198295,Declined
198298,Declined
198301,Declined
198304,Declined
198307,Cancelled
198310,Approved
198313,Other
198316,Declined
198319,Declined
198322,Cancelled
198325,Declined
198328,Declined
198331,Declined
198334,Approved
198337,Declined
198340,Declined
198343,Cancelled
198346,Cancelled
198349,Declined
198352,Other
198355,Cancelled
198358,Other
198361,Declined
198364,Declined
198367,Declined
198370,Declined
198373,Declined
198376,Cancelled
198379,Declined
198382,Declined
198385,Cancelled
198388,Cancelled
198391,Cancelled
198394,Declined
198397,Cancelled
198400,Declined
198403,Declined
198406,Cancelled
198409,Declined
198412,Cancelled
198415,Cancelled
198418,Cancelled
198421,Declined
198424,Declined
198427,Cancelled
198430,Declined
198433,Declined
198436,Declined
198439,Declined
198442,Declined
198445,Cancelled
198448,Other
198451,Declined
198454,Declined
198457,Declined
198460,Cancelled
198463,Declined
198466,Other
198469,Cancelled
198472,Approved
198475,Other
198478,Cancelled
198481,Cancelled
198484,Other
198487,Declined
198490,Declined
198493,Declined
198496,Cancelled
198499,Declined
198502,Cancelled
198505,Declined
198519,Declined
198522,Declined
198525,Approved
198528,Declined
198531,Declined
198534,Declined
198537,Declined
198540,Declined
198543,Approved
198546,Declined
198549,Declined
198552,Declined
198555,Cancelled
198558,Cancelled
198561,Declined
198564,Declined
198567,Other
198570,Declined
198573,Other
198576,Declined
198579,Declined
198582,Other
198585,Declined
198588,Cancelled
198591,Declined
198594,Declined
198597,Declined
198600,Declined
198603,Declined
198606,Cancelled
198609,Other
198612,Declined
198615,Declined
198618,Other
198621,Other
198624,Other
198627,Other
198630,Cancelled
198633,Approved
198636,Declined
198639,Declined
198642,Other
198645,Declined
198648,Declined
198651,Declined
198654,Declined
198657,Other
198660,Declined
198663,Declined
198666,Declined
198669,Cancelled
198672,Other
198675,Other
198678,Other
198681,Cancelled
198684,Declined
198687,Declined
198690,Declined
198693,Declined
198696,Declined
198699,Cancelled
198702,Declined
198705,Approved
198708,Cancelled
198711,Approved
198714,Declined
198717,Cancelled
198720,Cancelled
198723,Declined
198726,Cancelled
198729,Declined
198732,Cancelled
198735,Other
198738,Declined
198741,Declined
198744,Other
198747,Declined
198750,Declined
198753,Cancelled
198756,Declined
198759,Declined
198762,Declined
198765,Other
198768,Cancelled
198771,Other
198774,Declined
198777,Declined
198780,Cancelled
198783,Declined
198786,Declined
198789,Other
198792,Cancelled
198795,Declined
198798,Declined
198801,Declined
198804,Declined
198807,Declined
198810,Declined
198813,Declined
198816,Cancelled
198819,Declined
198822,Declined
198825,Declined
198828,Other
198831,Declined
198834,Cancelled
198837,Cancelled
198840,Declined
198843,Declined
198846,Declined
198849,Cancelled
198852,Cancelled
198855,Declined
198858,Declined
198861,Declined
198864,Declined
198867,Other
198870,Cancelled
198873,Declined
198876,Cancelled
198879,Declined
198882,Other
198885,Declined
198888,Declined
198891,Declined
198894,Cancelled
198897,Cancelled
198900,Declined
198903,Other
198906,Other
198909,Declined
198912,Declined
198915,Other
198918,Declined
198921,Declined
198924,Declined
198927,Declined
198930,Declined
198933,Declined
198936,Cancelled
198939,Declined
198942,Declined
198945,Other
198948,Cancelled
198951,Cancelled
198954,Cancelled
198957,Cancelled
198960,Declined
198963,Declined
198966,Other
198969,Declined
198972,Declined
198975,Declined
198978,Other
198981,Cancelled
198984,Declined
198987,Declined
198990,Declined
198993,Declined
198996,Other
198999,Declined
199002,Other
199005,Declined
199008,Declined
199011,Declined
199014,Other
199017,Declined
199020,Declined
199023,Declined
199026,Declined
199029,Declined
199032,Declined
199035,Other
199038,Other
199041,Cancelled
199044,Cancelled
199047,Declined
199050,Declined
199053,Declined
199056,Other
199059,Declined
199062,Declined
199065,Declined
199068,Approved
199071,Other
199074,Declined
199077,Declined
199080,Declined
199083,Declined
199086,Other
199089,Declined
199092,Cancelled
199095,Declined
199098,Declined
199101,Approved
199104,Other
199107,Other
199110,Cancelled
199113,Other
199116,Declined
199119,Declined
199122,Declined
199125,Declined
199128,Declined
199131,Declined
199134,Declined
199137,Declined
199140,Other
199143,Declined
199146,Declined
199149,Declined
199159,Declined
199162,Cancelled
199165,Other
199168,Declined
199171,Declined
199174,Declined
199177,Other
199180,Declined
199183,Cancelled
199186,Other
199189,Cancelled
199192,Declined
199195,Declined
199198,Declined
199201,Declined
199204,Cancelled
199207,Approved
199210,Cancelled
199213,Approved
199216,Declined
199219,Declined
199222,Other
199225,Declined
199228,Cancelled
199231,Declined
199234,Declined
199237,Declined
199240,Declined
199243,Declined
199246,Declined
199249,Declined
199252,Declined
199255,Declined
199258,Cancelled
199261,Cancelled
199264,Declined
199267,Declined
199270,Cancelled
199273,Declined
199276,Declined
199279,Approved
199282,Declined
199285,Approved
199288,Cancelled
199291,Declined
199294,Other
199297,Cancelled
199300,Declined
199303,Other
199306,Declined
199309,Declined
199312,Declined
199315,Declined
199318,Cancelled
199321,Declined
199324,Declined
199327,Declined
199330,Cancelled
199333,Declined
199336,Declined
199339,Declined
199342,Declined
199345,Declined
199348,Other
199351,Declined
199354,Other
199357,Declined
199360,Other
199363,Cancelled
199366,Declined
199369,Declined
199372,Declined
199375,Approved
199378,Declined
199381,Other
199384,Declined
199387,Declined
199390,Declined
199393,Cancelled
199396,Declined
199399,Declined
199402,Declined
199405,Other
199408,Cancelled
199411,Declined
199414,Declined
199417,Other
199420,Declined
199423,Declined
199426,Cancelled
199429,Declined
199432,Other
199435,Declined
199438,Cancelled
199441,Other
199444,Declined
199447,Cancelled
199450,Declined
199453,Other
199456,Declined
199459,Declined
199462,Other
199465,Declined
199468,Declined
199471,Cancelled
199474,Declined
199477,Declined
199480,Cancelled
199483,Declined
199486,Declined
199489,Declined
199492,Declined
199495,Declined
199498,Other
199519,Other
199522,Declined
199525,Declined
199528,Cancelled
199531,Cancelled
199534,Declined
199537,Declined
199540,Declined
199543,Other
199546,Declined
199549,Declined
199552,Cancelled
199555,Declined
199558,Other
199561,Declined
199564,Declined
199567,Declined
199570,Declined
199573,Declined
199576,Declined
199579,Other
199582,Declined
199585,Declined
199588,Declined
199591,Cancelled
199594,Declined
199597,Declined
199600,Cancelled
199603,Cancelled
199606,Cancelled
199609,Cancelled
199612,Declined
199615,Declined
199618,Approved
199621,Declined
199624,Other
199627,Declined
199630,Declined
199633,Cancelled
199636,Declined
199639,Cancelled
199642,Declined
199645,Declined
199648,Declined
199651,Declined
199654,Other
199657,Declined
199660,Cancelled
199663,Declined
199666,Declined
199669,Declined
199672,Declined
199675,Cancelled
199678,Other
199681,Other
199684,Declined
199687,Declined
199690,Declined
199693,Declined
199696,Declined
199699,Declined
199702,Approved
199705,Declined
199708,Declined
199711,Declined
199714,Other
199717,Declined
199720,Declined
199723,Declined
199726,Declined
199729,Other
199732,Cancelled
199735,Other
199738,Other
199741,Declined
199744,Cancelled
199747,Declined
199750,Declined
199753,Declined
199756,Declined
199759,Declined
199762,Other
199765,Other
199768,Approved
199771,Cancelled
199779,Cancelled
199782,Declined
199785,Declined
199788,Other
199791,Cancelled
199794,Cancelled
199797,Declined
199800,Cancelled
199803,Cancelled
199806,Declined
199809,Declined
199812,Declined
199815,Cancelled
199818,Other
199821,Declined
199824,Cancelled
199827,Declined
199830,Declined
199833,Declined
199836,Declined
199839,Declined
199842,Declined
199845,Cancelled
199848,Cancelled
199851,Declined
199854,Cancelled
199857,Cancelled
199860,Declined
199863,Declined
199866,Cancelled
199869,Declined
199872,Declined
199875,Other
199878,Declined
199881,Declined
199884,Cancelled
199887,Declined
199890,Declined
199893,Cancelled
199896,Declined
199899,Declined
199902,Declined
199905,Cancelled
199908,Cancelled
199911,Declined
199914,Declined
199917,Declined
199920,Declined
199923,Cancelled
199926,Other
199929,Declined
199932,Declined
199935,Declined
199938,Declined
199941,Declined
199944,Declined
199947,Declined
199950,Declined
199953,Declined
199956,Declined
199959,Declined
199962,Declined
199965,Cancelled
199968,Declined
199971,Declined
199974,Cancelled
199977,Other
199980,Declined
199983,Other
199986,Declined
199989,Declined
199992,Declined
199995,Declined
199998,Declined
200001,Cancelled
200004,Other
200007,Declined
200010,Cancelled
200013,Declined
200016,Declined
200019,Declined
200022,Approved
200025,Declined
200028,Declined
200031,Cancelled
200034,Declined
200037,Declined
200040,Other
200043,Declined
200046,Declined
200049,Declined
200052,Other
200055,Cancelled
200058,Declined
200061,Cancelled
200079,Cancelled
200082,Other
200085,Cancelled
200088,Cancelled
200091,Declined
200094,Declined
200097,Cancelled
200100,Other
200103,Cancelled
200106,Declined
200109,Cancelled
200112,Declined
200119,Cancelled
200122,Declined
200125,Declined
200128,Declined
200131,Other
200134,Other
200137,Declined
200140,Cancelled
200143,Cancelled
200146,Cancelled
200149,Cancelled
200152,Cancelled
200155,Declined
200158,Declined
200161,Cancelled
200164,Cancelled
200167,Cancelled
200170,Cancelled
200173,Other
200176,Cancelled
200179,Declined
200182,Cancelled
200185,Declined
200188,Declined
200191,Other
200194,Declined
200197,Declined
200200,Cancelled
200203,Declined
200206,Declined
200209,Cancelled
200212,Declined
200215,Declined
200218,Declined
200221,Declined
200224,Cancelled
200227,Declined
200230,Declined
200233,Cancelled
200236,Declined
200239,Declined
200242,Declined
200245,Declined
200248,Declined
200251,Declined
200254,Declined
200257,Declined
200260,Cancelled
200263,Declined
200266,Other
200269,Other
200272,Declined
200275,Declined
200278,Declined
200281,Declined
200284,Declined
200287,Declined
200290,Other
200293,Declined
200296,Declined
200299,Declined
200302,Cancelled
200305,Cancelled
200308,Declined
200311,Other
200314,Declined
200317,Declined
200320,Cancelled
200323,Declined
200326,Declined
200329,Declined
200332,Declined
200335,Declined
200338,Declined
200341,Cancelled
200344,Declined
200347,Declined
200350,Declined
200353,Declined
200356,Declined
200359,Cancelled
200362,Other
200365,Cancelled
200368,Cancelled
200371,Declined
200374,Other
200377,Cancelled
200380,Approved
200383,Cancelled
200386,Other
200389,Other
200392,Declined
200395,Approved
200398,Declined
200401,Declined
200404,Declined
200407,Declined
200410,Declined
200413,Declined
200416,Declined
200419,Declined
200422,Declined
200439,Declined
200442,Other
200445,Declined
200448,Declined
200451,Declined
200454,Cancelled
200457,Declined
200460,Cancelled
200463,Declined
200479,Declined
200482,Cancelled
200485,Cancelled
200488,Declined
200491,Declined
200494,Declined
200497,Declined
200500,Declined
200503,Other
200506,Declined
200509,Cancelled
200512,Declined
200515,Declined
200518,Declined
200521,Other
200524,Declined
200527,Declined
200530,Other
200533,Declined
200536,Declined
200539,Declined
200542,Declined
200545,Declined
200548,Declined
200551,Other
200554,Declined
200557,Declined
200560,Declined
200563,Declined
200566,Other
200569,Other
200572,Cancelled
200575,Declined
200578,Cancelled
200581,Declined
200584,Declined
200587,Cancelled
200590,Declined
200593,Other
200596,Other
200599,Declined
200602,Declined
200605,Other
200608,Cancelled
200611,Declined
200614,Cancelled
200617,Cancelled
200620,Declined
200623,Other
200626,Declined
200629,Declined
200632,Declined
200635,Cancelled
200638,Declined
200641,Cancelled
200644,Declined
200647,Declined
200650,Declined
200653,Declined
200656,Other
200659,Declined
200662,Cancelled
200665,Declined
200668,Declined
200671,Declined
200674,Approved
200677,Declined
200680,Declined
200683,Declined
200686,Other
200689,Cancelled
200692,Declined
200695,Declined
200698,Declined
200701,Cancelled
200704,Declined
200707,Other
200710,Cancelled
200713,Declined
200716,Approved
200719,Cancelled
200722,Declined
200725,Other
200728,Declined
200731,Declined
200734,Declined
200737,Declined
200740,Declined
200743,Declined
200746,Declined
200749,Declined
200752,Declined
200755,Declined
200758,Declined
200761,Declined
200764,Cancelled
200767,Declined
200770,Cancelled
200773,Declined
200775,Cancelled
200779,Declined
200782,Declined
200785,Declined
200799,Declined
200802,Other
200805,Declined
200808,Declined
200811,Cancelled
200814,Other
200817,Declined
200820,Declined
200823,Declined
200826,Declined
200829,Declined
200832,Other
200835,Declined
200838,Declined
200841,Declined
200844,Declined
200847,Declined
200850,Other
200853,Declined
200856,Declined
200859,Cancelled
200862,Declined
200865,Cancelled
200868,Declined
200871,Other
200874,Declined
200877,Cancelled
200880,Cancelled
200883,Declined
200886,Declined
200889,Declined
200892,Declined
200895,Other
200898,Declined
200901,Declined
200904,Declined
200907,Cancelled
200910,Declined
200913,Declined
200916,Declined
200919,Approved
200922,Other
200925,Cancelled
200928,Declined
200931,Cancelled
200934,Declined
200937,Cancelled
200940,Declined
200943,Declined
200946,Declined
200949,Declined
200952,Cancelled
200955,Declined
200958,Other
200961,Declined
200964,Cancelled
200967,Declined
200970,Cancelled
200973,Cancelled
200976,Approved
200979,Cancelled
200982,Other
200985,Declined
200988,Declined
200991,Declined
200994,Declined
200997,Declined
201000,Other
201003,Declined
201006,Cancelled
201009,Other
201012,Declined
201015,Other
201018,Declined
201021,Declined
201024,Declined
201027,Cancelled
201030,Cancelled
201033,Declined
201036,Cancelled
201039,Cancelled
201042,Other
201045,Declined
201048,Declined
201051,Declined
201054,Declined
201057,Cancelled
201060,Other
201063,Declined
201066,Declined
201069,Declined
201072,Other
201075,Cancelled
201078,Cancelled
201081,Cancelled
201084,Cancelled
201087,Other
201090,Declined
201093,Other
201096,Other
201099,Approved
201102,Declined
201105,Declined
201108,Declined
201111,Cancelled
201114,Other
201117,Declined
201120,Approved
201123,Cancelled
201126,Declined
201129,Other
201132,Declined
201135,Declined
201138,Cancelled
201141,Cancelled
201144,Cancelled
201147,Cancelled
201150,Other
201153,Other
201156,Declined
201159,Declined
201162,Declined
201165,Declined
201168,Cancelled
201171,Declined
201174,Declined
201177,Cancelled
201199,Declined
201202,Declined
201205,Cancelled
201208,Cancelled
201211,Declined
201214,Cancelled
201217,Declined
201220,Declined
201223,Declined
201226,Other
201229,Declined
201232,Approved
201235,Cancelled
201238,Declined
201241,Cancelled
201244,Cancelled
201247,Declined
201250,Cancelled
201253,Declined
201256,Other
201259,Cancelled
201262,Declined
201265,Cancelled
201268,Declined
201271,Other
201274,Declined
201277,Declined
201280,Declined
201283,Declined
201286,Declined
201289,Declined
201292,Declined
201295,Cancelled
201298,Declined
201301,Declined
201304,Other
201307,Other
201310,Cancelled
201313,Declined
201316,Declined
201319,Other
201322,Other
201325,Cancelled
201328,Cancelled
201331,Declined
201334,Declined
201337,Other
201340,Declined
201343,Declined
201346,Declined
201349,Declined
201352,Declined
201355,Declined
201358,Declined
201361,Declined
201364,Declined
201367,Declined
201370,Declined
201373,Cancelled
201376,Cancelled
201379,Cancelled
201382,Declined
201385,Other
201388,Declined
201391,Declined
201394,Other
201397,Other
201400,Declined
201403,Declined
201406,Declined
201409,Declined
201412,Declined
201415,Declined
201418,Cancelled
201421,Declined
201424,Other
201427,Cancelled
201430,Cancelled
201433,Cancelled
201436,Declined
201439,Cancelled
201442,Cancelled
201445,Other
201448,Declined
201451,Cancelled
201454,Other
201457,Other
201460,Declined
201461,Declined
201466,Declined
201469,Declined
201472,Cancelled
201475,Declined
201478,Declined
201481,Declined
201484,Other
201487,Cancelled
201490,Cancelled
201493,Declined
201496,Declined
201499,Declined
201502,Declined
201505,Declined
201508,Cancelled
201511,Declined
201514,Declined
201517,Declined
201520,Declined
201523,Cancelled
201526,Cancelled
201529,Declined
201532,Other
201535,Declined
201538,Other
201541,Cancelled
201544,Other
201547,Declined
201550,Declined
201553,Declined
201556,Declined
201559,Cancelled
201562,Cancelled
201565,Declined
201568,Other
201571,Declined
201574,Declined
201577,Declined
201580,Declined
201599,Declined
201602,Declined
201605,Cancelled
201608,Declined
201611,Other
201614,Declined
201617,Cancelled
201620,Declined
201623,Declined
201626,Cancelled
201629,Cancelled
201632,Declined
201635,Other
201638,Declined
201641,Declined
201644,Approved
201647,Declined
201650,Declined
201653,Declined
201656,Declined
201659,Declined
201662,Other
201665,Declined
201668,Other
201671,Declined
201674,Cancelled
201677,Cancelled
201680,Other
201683,Cancelled
201686,Declined
201689,Declined
201692,Approved
201695,Other
201698,Declined
201701,Cancelled
201704,Declined
201707,Declined
201710,Declined
201713,Declined
201716,Other
201719,Declined
201722,Other
201725,Declined
201728,Declined
201731,Declined
201734,Declined
201737,Declined
201740,Declined
201743,Cancelled
201746,Declined
201749,Declined
201752,Other
201755,Cancelled
201758,Other
201761,Other
201764,Declined
201767,Declined
201770,Other
201773,Declined
201776,Declined
201779,Declined
201782,Other
201785,Declined
201788,Declined
201791,Declined
201794,Declined
201797,Cancelled
201800,Cancelled
201803,Cancelled
201806,Declined
201809,Declined
201812,Declined
201815,Declined
201818,Declined
201821,Cancelled
201824,Cancelled
201827,Declined
201830,Declined
201833,Approved
201836,Declined
201839,Declined
201842,Cancelled
201845,Declined
201848,Cancelled
201851,Declined
201854,Cancelled
201857,Declined
201879,Approved
201882,Cancelled
201885,Cancelled
201888,Other
201891,Cancelled
201894,Cancelled
201895,Other
201900,Cancelled
201903,Cancelled
201906,Declined
201909,Other
201912,Other
201915,Cancelled
201918,Other
201921,Cancelled
201924,Declined
201927,Cancelled
201930,Cancelled
201933,Declined
201936,Cancelled
201939,Declined
201942,Cancelled
201945,Declined
201948,Cancelled
201951,Other
201954,Cancelled
201957,Declined
201960,Cancelled
201963,Declined
201966,Cancelled
201969,Declined
201972,Cancelled
201975,Cancelled
201978,Cancelled
201981,Cancelled
201984,Cancelled
201987,Declined
201990,Cancelled
201993,Declined
201996,Declined
201999,Declined
202002,Cancelled
202005,Declined
202008,Declined
202011,Declined
202014,Declined
202017,Declined
202020,Cancelled
202023,Declined
202026,Cancelled
202029,Approved
202032,Declined
202035,Other
202038,Other
202039,Cancelled
202044,Other
202047,Cancelled
202050,Cancelled
202053,Declined
202056,Cancelled
202059,Cancelled
202062,Other
202065,Declined
202068,Cancelled
202071,Cancelled
202074,Other
202077,Declined
202080,Cancelled
202083,Declined
202086,Other
202089,Other
202092,Declined
202095,Other
202098,Declined
202101,Cancelled
202104,Declined
202107,Other
202110,Declined
202113,Other
202116,Declined
202119,Other
202122,Cancelled
202125,Declined
202128,Cancelled
202131,Declined
202134,Declined
202137,Declined
202140,Declined
202143,Cancelled
202146,Declined
202149,Cancelled
202152,Cancelled
202155,Cancelled
202158,Declined
202159,Declined
202164,Declined
202167,Declined
202170,Declined
202173,Declined
202176,Declined
202179,Cancelled
202182,Other
202185,Other
202188,Declined
202191,Declined
202199,Declined
202202,Declined
202205,Other
202208,Declined
202211,Declined
202214,Declined
202217,Declined
202220,Declined
202223,Cancelled
202226,Declined
202229,Declined
202232,Declined
202235,Declined
202238,Declined
202241,Declined
202244,Declined
202247,Declined
202250,Declined
202253,Cancelled
202256,Other
202259,Cancelled
202262,Declined
202265,Declined
202268,Declined
202271,Other
202274,Declined
202277,Declined
202280,Declined
202283,Declined
202286,Declined
202289,Cancelled
202292,Other
202295,Declined
202298,Approved
202301,Declined
202304,Declined
202307,Other
202310,Other
202313,Declined
202316,Declined
202319,Declined
202322,Declined
202325,Other
202328,Declined
202331,Declined
202334,Declined
202337,Declined
202340,Cancelled
202343,Cancelled
202346,Cancelled
202349,Declined
202352,Declined
202355,Declined
202358,Other
202361,Cancelled
202364,Declined
202367,Declined
202370,Declined
202373,Cancelled
202376,Declined
202379,Cancelled
202382,Declined
202385,Cancelled
202388,Cancelled
202391,Declined
202394,Declined
202397,Other
202400,Declined
202403,Declined
202406,Declined
202409,Declined
202412,Declined
202415,Declined
202418,Cancelled
202421,Cancelled
202424,Cancelled
202427,Declined
202439,Declined
202442,Cancelled
202445,Declined
202448,Declined
202451,Declined
202454,Declined
202457,Cancelled
202479,Cancelled
202482,Declined
202485,Other
202488,Declined
202491,Declined
202494,Cancelled
202497,Declined
202500,Declined
202503,Declined
202506,Declined
202509,Declined
202512,Declined
202515,Declined
202518,Approved
202521,Other
202524,Other
202527,Declined
202530,Cancelled
202533,Cancelled
202536,Other
202539,Other
202542,Cancelled
202545,Approved
202548,Cancelled
202551,Cancelled
202554,Declined
202557,Declined
202560,Declined
202563,Other
202566,Declined
202569,Cancelled
202572,Declined
202575,Other
202578,Declined
202581,Declined
202584,Declined
202587,Declined
202590,Declined
202593,Other
202596,Cancelled
202599,Other
202602,Other
202605,Cancelled
202608,Declined
202611,Declined
202614,Declined
202617,Cancelled
202620,Cancelled
202623,Declined
202626,Declined
202629,Declined
202632,Approved
202635,Declined
202638,Other
202641,Cancelled
202644,Declined
202647,Declined
202650,Cancelled
202653,Declined
202656,Cancelled
202659,Cancelled
202662,Declined
202665,Declined
202668,Declined
202671,Declined
202674,Declined
202677,Declined
202680,Declined
202683,Declined
202686,Declined
202689,Declined
202692,Declined
202695,Declined
202698,Declined
202701,Other
202704,Declined
202707,Declined
202710,Other
202713,Declined
202716,Other
202719,Cancelled
202722,Declined
202725,Declined
202728,Declined
202731,Other
202734,Declined
202737,Cancelled
202740,Other
202743,Declined
202746,Declined
202749,Declined
202752,Declined
202755,Approved
202758,Declined
202761,Declined
202764,Declined
202767,Declined
202770,Declined
202773,Declined
202776,Declined
202779,Declined
202782,Declined
202785,Other
202788,Declined
202791,Declined
202794,Declined
202797,Other
202800,Declined
202803,Declined
202806,Declined
202809,Cancelled
202812,Cancelled
202815,Declined
202818,Cancelled
202821,Other
202824,Other
202827,Declined
202830,Cancelled
202833,Declined
202836,Other
202839,Declined
202842,Other
202845,Cancelled
202848,Declined
202851,Declined
202854,Other
202857,Declined
202860,Declined
202863,Declined
202866,Cancelled
202869,Other
202872,Declined
202875,Declined
202878,Cancelled
202881,Cancelled
202884,Declined
202887,Cancelled
202890,Declined
202893,Cancelled
202896,Cancelled
202899,Cancelled
202902,Cancelled
202905,Other
202908,Declined
202911,Declined
202914,Declined
202917,Declined
202920,Declined
202923,Declined
202926,Approved
202929,Declined
202932,Declined
202935,Cancelled
202938,Cancelled
202941,Declined
202944,Other
202947,Other
202950,Declined
202953,Declined
202956,Approved
202959,Declined
202962,Declined
202965,Declined
202968,Other
202971,Cancelled
202974,Declined
202977,Cancelled
202980,Declined
202983,Cancelled
202986,Declined
202989,Cancelled
202992,Declined
202995,Declined
202998,Cancelled
203001,Cancelled
203004,Declined
203007,Declined
203010,Cancelled
203013,Cancelled
203016,Other
203019,Cancelled
203022,Declined
203025,Cancelled
203028,Declined
203031,Declined
203034,Other
203037,Other
203040,Declined
203043,Declined
203046,Declined
203049,Declined
203052,Declined
203055,Declined
203058,Cancelled
203061,Other
203064,Declined
203067,Other
203070,Approved
203073,Declined
203076,Declined
203079,Cancelled
203082,Other
203085,Declined
203088,Declined
203091,Declined
203094,Declined
203097,Declined
203100,Declined
203119,Declined
203122,Approved
203125,Declined
203128,Cancelled
203131,Declined
203134,Declined
203137,Declined
203140,Declined
203143,Other
203146,Cancelled
203149,Cancelled
203152,Other
203155,Other
203158,Other
203161,Declined
203164,Declined
203167,Declined
203170,Declined
203173,Cancelled
203176,Other
203179,Cancelled
203182,Declined
203185,Declined
203188,Declined
203191,Declined
203194,Declined
203197,Declined
203200,Declined
203203,Other
203206,Other
203209,Cancelled
203212,Declined
203215,Declined
203218,Cancelled
203221,Other
203224,Declined
203227,Declined
203230,Cancelled
203233,Declined
203236,Declined
203239,Declined
203242,Declined
203245,Cancelled
203248,Other
203251,Cancelled
203254,Other
203257,Cancelled
203260,Other
203263,Declined
203266,Declined
203269,Declined
203272,Declined
203275,Declined
203278,Declined
203281,Other
203284,Declined
203287,Cancelled
203290,Declined
203293,Approved
203296,Other
203299,Declined
203302,Declined
203305,Cancelled
203308,Declined
203311,Other
203314,Cancelled
203317,Declined
203320,Other
203323,Declined
203326,Declined
203329,Cancelled
203332,Other
203335,Declined
203338,Cancelled
203341,Cancelled
203344,Declined
203347,Other
203350,Declined
203353,Cancelled
203356,Other
203359,Declined
203362,Other
203365,Other
203368,Declined
203371,Cancelled
203374,Declined
203377,Cancelled
203380,Other
203383,Declined
203386,Cancelled
203389,Declined
203392,Other
203395,Cancelled
203398,Declined
203401,Approved
203404,Other
203407,Other
203410,Cancelled
203413,Other
203419,Cancelled
203422,Declined
203425,Other
203428,Other
203431,Declined
203434,Declined
203437,Declined
203440,Cancelled
203443,Declined
203459,Declined
203462,Other
203465,Approved
203468,Other
203471,Other
203474,Cancelled
203477,Other
203480,Cancelled
203483,Declined
203486,Declined
203489,Cancelled
203492,Other
203495,Approved
203498,Declined
203501,Other
203504,Other
203507,Declined
203510,Declined
203513,Declined
203516,Cancelled
203519,Cancelled
203522,Declined
203525,Cancelled
203528,Cancelled
203531,Other
203534,Declined
203537,Approved
203540,Declined
203543,Other
203546,Cancelled
203549,Cancelled
203552,Declined
203555,Declined
203558,Declined
203561,Declined
203564,Declined
203567,Declined
203570,Declined
203573,Declined
203576,Declined
203579,Declined
203582,Declined
203585,Other
203588,Declined
203591,Declined
203594,Approved
203597,Declined
203600,Declined
203603,Declined
203606,Cancelled
203609,Declined
203612,Declined
203615,Declined
203618,Declined
203621,Cancelled
203624,Other
203627,Declined
203630,Other
203633,Declined
203636,Cancelled
203639,Declined
203642,Other
203645,Declined
203648,Declined
203651,Cancelled
203654,Declined
203657,Declined
203660,Declined
203663,Cancelled
203666,Cancelled
203669,Declined
203672,Other
203675,Declined
203678,Declined
203681,Declined
203684,Declined
203687,Declined
203690,Declined
203693,Declined
203696,Declined
203699,Other
203702,Other
203705,Declined
203708,Declined
203711,Other
203714,Declined
203717,Other
203720,Other
203723,Declined
203726,Other
203729,Declined
203732,Declined
203735,Cancelled
203738,Cancelled
203741,Other
203744,Cancelled
203747,Declined
203750,Declined
203753,Declined
203756,Declined
203759,Cancelled
203762,Cancelled
203765,Cancelled
203768,Cancelled
203771,Declined
203774,Cancelled
203777,Cancelled
203780,Cancelled
203783,Declined
203786,Declined
203799,Other
203802,Other
203805,Declined
203808,Cancelled
203811,Declined
203814,Cancelled
203817,Declined
203820,Approved
203823,Other
203826,Declined
203829,Cancelled
203832,Other
203835,Other
203838,Declined
203841,Cancelled
203844,Other
203847,Cancelled
203850,Other
203853,Declined
203856,Declined
203859,Declined
203862,Declined
203865,Cancelled
203868,Declined
203871,Declined
203874,Declined
203877,Declined
203880,Declined
203883,Cancelled
203886,Other
203889,Declined
203892,Other
203895,Declined
203898,Declined
203901,Cancelled
203904,Declined
203907,Declined
203910,Declined
203913,Declined
203916,Cancelled
203919,Declined
203922,Declined
203925,Declined
203928,Cancelled
203931,Declined
203934,Declined
203937,Declined
203940,Declined
203943,Declined
203946,Declined
203949,Declined
203952,Declined
203955,Declined
203958,Cancelled
203961,Declined
203964,Other
203967,Cancelled
203970,Declined
203973,Cancelled
203976,Declined
203979,Cancelled
203982,Declined
203985,Declined
203988,Cancelled
203991,Other
203994,Cancelled
203997,Declined
204000,Cancelled
204003,Declined
204006,Cancelled
204009,Declined
204012,Declined
204015,Declined
204018,Cancelled
204021,Declined
204024,Declined
204027,Declined
204030,Cancelled
204033,Declined
204036,Cancelled
204039,Declined
204042,Other
204045,Cancelled
204048,Approved
204051,Cancelled
204054,Cancelled
204057,Declined
204060,Other
204063,Other
204066,Declined
204069,Declined
204072,Declined
204075,Cancelled
204078,Declined
204081,Declined
204084,Declined
204087,Declined
204090,Declined
204093,Declined
204096,Cancelled
204099,Declined
204102,Declined
204105,Declined
204108,Declined
204111,Declined
204119,Cancelled
204122,Declined
204125,Declined
204128,Declined
204131,Other
204134,Cancelled
204137,Other
204140,Other
204143,Declined
204146,Cancelled
204149,Other
204152,Declined
204155,Declined
204158,Approved
204161,Cancelled
204164,Declined
204167,Declined
204170,Declined
204173,Declined
204176,Declined
204179,Declined
204182,Declined
204185,Other
204188,Declined
204191,Declined
204194,Declined
204197,Declined
204200,Declined
204203,Approved
204206,Declined
204209,Declined
204212,Declined
204215,Declined
204218,Cancelled
204221,Cancelled
204224,Declined
204227,Declined
204230,Declined
204233,Declined
204236,Declined
204239,Declined
204242,Declined
204245,Declined
204248,Declined
204251,Declined
204254,Declined
204257,Other
204260,Declined
204263,Declined
204266,Declined
204269,Declined
204272,Other
204275,Declined
204278,Cancelled
204281,Cancelled
204284,Approved
204287,Declined
204290,Declined
204293,Declined
204296,Other
204299,Approved
204302,Other
204305,Declined
204308,Other
204311,Declined
204314,Other
204317,Declined
204320,Cancelled
204323,Declined
204326,Cancelled
204329,Cancelled
204332,Cancelled
204335,Declined
204338,Declined
204341,Cancelled
204344,Cancelled
204347,Cancelled
204350,Declined
204353,Cancelled
204356,Declined
204359,Declined
204379,Declined
204382,Other
204385,Declined
204388,Declined
204391,Declined
204394,Cancelled
204397,Declined
204400,Cancelled
204403,Declined
204406,Declined
204409,Other
204412,Cancelled
204415,Declined
204418,Cancelled
204421,Declined
204424,Declined
204427,Declined
204430,Declined
204433,Declined
204436,Declined
204439,Declined
204442,Other
204445,Declined
204448,Declined
204451,Declined
204454,Other
204457,Declined
204460,Cancelled
204463,Declined
204466,Cancelled
204469,Declined
204472,Declined
204475,Other
204478,Cancelled
204481,Declined
204484,Cancelled
204487,Declined
204490,Declined
204493,Declined
204496,Other
204499,Cancelled
204502,Declined
204505,Declined
204508,Cancelled
204511,Declined
204514,Cancelled
204517,Declined
204520,Cancelled
204523,Other
204526,Cancelled
204529,Declined
204532,Declined
204535,Cancelled
204538,Declined
204541,Other
204544,Cancelled
204547,Declined
204550,Declined
204553,Cancelled
204556,Declined
204559,Declined
204562,Approved
204565,Cancelled
204568,Cancelled
204571,Declined
204574,Cancelled
204577,Declined
204580,Cancelled
204583,Other
204586,Declined
204589,Cancelled
204592,Other
204595,Approved
204598,Declined
204601,Declined
204604,Declined
204607,Other
204610,Declined
204613,Cancelled
204616,Cancelled
204619,Declined
204622,Cancelled
204625,Declined
204628,Other
204631,Declined
204634,Declined
204637,Declined
204640,Cancelled
204643,Declined
204646,Other
204649,Cancelled
204652,Declined
204655,Cancelled
204658,Declined
204661,Other
204664,Declined
204667,Other
204670,Approved
204673,Declined
204676,Cancelled
204679,Cancelled
204682,Cancelled
204685,Cancelled
204688,Declined
204691,Other
204694,Declined
204697,Declined
204700,Cancelled
204703,Other
204706,Declined
204709,Other
204712,Declined
204715,Cancelled
204718,Other
204721,Cancelled
204724,Cancelled
204727,Cancelled
204730,Declined
204733,Declined
204736,Declined
204739,Declined
204742,Other
204745,Declined
204748,Declined
204751,Other
204754,Declined
204757,Declined
204760,Cancelled
204763,Cancelled
204766,Approved
204769,Declined
204772,Declined
204775,Cancelled
204778,Cancelled
204781,Declined
204784,Declined
204787,Declined
204790,Declined
204793,Cancelled
204796,Declined
204799,Cancelled
204802,Declined
204805,Declined
204808,Cancelled
204811,Cancelled
204814,Declined
204817,Declined
204820,Declined
204823,Declined
204826,Declined
204829,Cancelled
204832,Declined
204835,Declined
204838,Cancelled
204841,Other
204844,Declined
204847,Cancelled
204850,Declined
204853,Declined
204856,Declined
204859,Other
204862,Other
204865,Declined
204868,Declined
204879,Declined
204882,Declined
204885,Other
204888,Declined
204891,Declined
204894,Cancelled
204897,Cancelled
204900,Declined
204903,Declined
204906,Cancelled
204909,Cancelled
204912,Declined
204915,Declined
204918,Declined
204921,Declined
204924,Other
204927,Declined
204930,Declined
204933,Declined
204936,Cancelled
204939,Cancelled
204942,Declined
204945,Declined
204948,Declined
204951,Declined
204954,Declined
204957,Declined
204960,Declined
204963,Other
204966,Declined
204969,Declined
204972,Declined
204975,Declined
204978,Declined
204981,Declined
204984,Declined
204987,Other
204990,Declined
204993,Declined
204996,Declined
204999,Declined
205002,Other
205005,Other
205008,Declined
205011,Declined
205014,Declined
205017,Declined
205020,Declined
205023,Declined
205026,Cancelled
205029,Cancelled
205032,Declined
205035,Cancelled
205038,Declined
205041,Approved
205044,Cancelled
205047,Declined
205050,Cancelled
205053,Declined
205056,Declined
205059,Other
205062,Declined
205065,Other
205068,Declined
205071,Declined
205074,Declined
205077,Declined
205080,Other
205083,Cancelled
205086,Cancelled
205089,Declined
205092,Declined
205095,Declined
205098,Cancelled
205101,Declined
205104,Cancelled
205107,Declined
205110,Cancelled
205113,Declined
205116,Declined
205119,Cancelled
205122,Other
205125,Approved
205128,Declined
205131,Other
205134,Declined
205137,Declined
205140,Declined
205143,Cancelled
205146,Declined
205149,Approved
205152,Declined
205155,Declined
205158,Declined
205161,Declined
205164,Cancelled
205167,Approved
205170,Other
205173,Cancelled
205176,Declined
205179,Declined
205182,Declined
205199,Other
205202,Other
205205,Cancelled
205208,Declined
205211,Cancelled
205214,Declined
205217,Other
205220,Other
205223,Declined
205226,Other
205229,Other
205232,Declined
205235,Declined
205238,Cancelled
205241,Declined
205244,Cancelled
205247,Cancelled
205250,Declined
205253,Declined
205256,Cancelled
205259,Declined
205262,Other
205265,Declined
205268,Other
205271,Declined
205274,Cancelled
205277,Declined
205280,Declined
205283,Declined
205286,Declined
205289,Cancelled
205292,Declined
205295,Cancelled
205298,Declined
205301,Cancelled
205304,Declined
205307,Declined
205310,Cancelled
205313,Approved
205316,Other
205319,Cancelled
205322,Other
205325,Declined
205328,Declined
205331,Declined
205334,Other
205337,Declined
205340,Cancelled
205343,Cancelled
205346,Cancelled
205349,Cancelled
205352,Declined
205355,Declined
205358,Declined
205361,Other
205364,Other
205367,Declined
205370,Declined
205373,Declined
205376,Declined
205379,Cancelled
205382,Cancelled
205385,Other
205388,Cancelled
205391,Declined
205394,Declined
205397,Other
205400,Cancelled
205403,Other
205406,Declined
205409,Other
205412,Cancelled
205415,Other
205418,Cancelled
205421,Other
205424,Approved
205427,Declined
205430,Declined
205433,Cancelled
205436,Declined
205439,Declined
205442,Declined
205445,Declined
205448,Declined
205451,Declined
205459,Cancelled
205462,Declined
205465,Cancelled
205468,Approved
205471,Declined
205474,Cancelled
205477,Declined
205480,Cancelled
205499,Declined
205502,Declined
205505,Declined
205508,Other
205511,Other
205514,Cancelled
205517,Cancelled
205520,Declined
205523,Declined
205526,Declined
205529,Declined
205532,Other
205535,Other
205538,Cancelled
205541,Declined
205544,Declined
205547,Declined
205550,Cancelled
205553,Other
205556,Cancelled
205559,Cancelled
205562,Other
205565,Other
205568,Declined
205571,Declined
205574,Declined
205577,Declined
205580,Declined
205583,Cancelled
205586,Cancelled
205589,Cancelled
205592,Declined
205595,Cancelled
205598,Other
205601,Declined
205604,Other
205607,Declined
205610,Declined
205613,Declined
205616,Declined
205619,Declined
205622,Declined
205625,Declined
205628,Declined
205631,Declined
205634,Declined
205637,Declined
205640,Other
205643,Cancelled
205646,Declined
205649,Declined
205652,Declined
205655,Other
205658,Declined
205661,Other
205664,Declined
205667,Declined
205670,Declined
205673,Declined
205676,Cancelled
205679,Other
205682,Declined
205685,Declined
205688,Declined
205691,Declined
205694,Other
205697,Declined
205700,Declined
205703,Declined
205706,Declined
205709,Declined
205712,Declined
205715,Declined
205718,Declined
205721,Other
205724,Declined
205727,Cancelled
205730,Declined
205733,Approved
205736,Declined
205739,Cancelled
205742,Other
205745,Approved
205748,Cancelled
205751,Declined
205754,Cancelled
205757,Declined
205760,Other
205763,Declined
205766,Other
205779,Other
205782,Other
205785,Declined
205788,Declined
205791,Cancelled
205794,Cancelled
205797,Declined
205800,Declined
205803,Declined
205806,Cancelled
205819,Declined
205822,Declined
205825,Declined
205828,Declined
205831,Approved
205834,Declined
205837,Other
205840,Declined
205843,Cancelled
205846,Declined
205849,Cancelled
205852,Declined
205855,Declined
205858,Declined
205861,Cancelled
205864,Cancelled
205867,Other
205870,Declined
205873,Other
205876,Cancelled
205879,Declined
205882,Other
205885,Cancelled
205888,Declined
205891,Declined
205894,Declined
205897,Cancelled
205900,Declined
205903,Declined
205906,Declined
205909,Declined
205912,Cancelled
205915,Declined
205918,Other
205921,Cancelled
205924,Declined
205927,Declined
205930,Declined
205933,Declined
205936,Declined
205939,Declined
205942,Declined
205945,Declined
205948,Declined
205951,Declined
205954,Other
205957,Declined
205960,Declined
205963,Declined
205966,Declined
205969,Cancelled
205972,Declined
205975,Declined
205978,Approved
205981,Declined
205984,Declined
205987,Declined
205990,Other
205993,Declined
205996,Declined
205999,Cancelled
206002,Other
206005,Declined
206008,Cancelled
206011,Declined
206014,Declined
206017,Declined
206020,Declined
206023,Declined
206026,Other
206029,Declined
206032,Declined
206035,Declined
206038,Cancelled
206041,Declined
206044,Declined
206047,Other
206050,Cancelled
206053,Other
206056,Declined
206059,Cancelled
206062,Declined
206065,Cancelled
206068,Declined
206071,Other
206074,Declined
206077,Declined
206080,Declined
206083,Declined
206086,Declined
206089,Declined
206092,Declined
206099,Declined
206102,Declined
206105,Declined
206108,Approved
206111,Cancelled
206114,Other
206117,Cancelled
206120,Declined
206123,Other
206126,Cancelled
206129,Declined
206132,Cancelled
206135,Other
206138,Cancelled
206141,Cancelled
206144,Declined
206147,Cancelled
206150,Declined
206159,Cancelled
206162,Approved
206165,Declined
206168,Declined
206171,Declined
206174,Declined
206177,Other
206180,Declined
206183,Cancelled
206186,Declined
206189,Cancelled
206192,Other
206195,Declined
206198,Other
206201,Cancelled
206204,Declined
206207,Declined
206210,Other
206213,Cancelled
206216,Cancelled
206219,Declined
206222,Declined
206225,Declined
206228,Declined
206231,Cancelled
206234,Cancelled
206237,Declined
206240,Cancelled
206243,Declined
206246,Declined
206249,Cancelled
206252,Declined
206255,Declined
206258,Other
206261,Other
206264,Other
206267,Other
206270,Other
206273,Declined
206276,Declined
206279,Other
206282,Cancelled
206285,Other
206288,Cancelled
206291,Other
206294,Cancelled
206297,Cancelled
206300,Other
206303,Cancelled
206306,Cancelled
206309,Other
206312,Declined
206315,Cancelled
206318,Declined
206321,Declined
206324,Declined
206327,Declined
206330,Declined
206333,Cancelled
206336,Cancelled
206339,Other
206342,Declined
206345,Declined
206348,Declined
206351,Other
206354,Declined
206357,Cancelled
206360,Other
206363,Declined
206366,Cancelled
206369,Cancelled
206372,Cancelled
206375,Declined
206378,Declined
206381,Cancelled
206384,Cancelled
206387,Declined
206390,Declined
206393,Declined
206396,Declined
206399,Cancelled
206402,Declined
206405,Cancelled
206408,Approved
206411,Cancelled
206414,Cancelled
206417,Cancelled
206420,Approved
206423,Cancelled
206426,Declined
206429,Declined
206432,Cancelled
206435,Declined
206438,Approved
206441,Declined
206444,Other
206447,Declined
206450,Cancelled
206453,Other
206456,Other
206459,Declined
206462,Declined
206465,Declined
206468,Cancelled
206471,Other
206474,Declined
206477,Cancelled
206480,Other
206483,Other
206486,Declined
206489,Approved
206492,Declined
206495,Declined
206498,Declined
206501,Declined
206504,Cancelled
206507,Cancelled
206510,Other
206513,Other
206516,Declined
206519,Other
206522,Cancelled
206525,Declined
206528,Cancelled
206531,Cancelled
206534,Cancelled
206537,Declined
206540,Declined
206543,Other
206546,Other
206549,Declined
206552,Declined
206555,Cancelled
206558,Other
206561,Cancelled
206564,Other
206567,Cancelled
206570,Declined
206573,Declined
206576,Cancelled
206579,Cancelled
206582,Cancelled
206585,Declined
206588,Cancelled
206591,Declined
206594,Other
206597,Declined
206600,Other
206603,Declined
206606,Cancelled
206609,Approved
206612,Declined
206615,Other
206618,Declined
206621,Declined
206624,Other
206627,Other
206630,Declined
206633,Other
206636,Other
206639,Declined
206642,Cancelled
206645,Other
206648,Cancelled
206651,Declined
206654,Declined
206657,Declined
206660,Other
206663,Declined
206666,Declined
206669,Cancelled
206672,Cancelled
206679,Declined
206682,Declined
206685,Cancelled
206688,Declined
206691,Cancelled
206694,Declined
206697,Declined
206700,Cancelled
206703,Declined
206706,Cancelled
206709,Cancelled
206712,Declined
206715,Declined
206718,Other
206721,Other
206724,Declined
206727,Declined
206730,Declined
206733,Other
206736,Cancelled
206739,Cancelled
206742,Declined
206745,Cancelled
206748,Cancelled
206751,Cancelled
206754,Declined
206757,Declined
206760,Declined
206763,Declined
206766,Declined
206769,Declined
206772,Declined
206775,Cancelled
206778,Declined
206781,Declined
206784,Declined
206787,Cancelled
206790,Declined
206793,Other
206796,Cancelled
206799,Declined
206802,Declined
206805,Declined
206808,Declined
206811,Approved
206814,Declined
206817,Declined
206820,Declined
206823,Declined
206826,Declined
206829,Declined
206832,Declined
206835,Declined
206838,Cancelled
206841,Cancelled
206844,Declined
206847,Declined
206850,Declined
206853,Cancelled
206856,Cancelled
206859,Declined
206862,Cancelled
206865,Approved
206868,Declined
206871,Declined
206874,Declined
206877,Declined
206880,Declined
206883,Other
206886,Other
206889,Declined
206892,Declined
206895,Declined
206898,Other
206901,Other
206904,Other
206907,Other
206910,Other
206913,Cancelled
206916,Cancelled
206919,Declined
206922,Cancelled
206925,Declined
206928,Other
206931,Declined
206934,Declined
206937,Other
206940,Declined
206943,Declined
206946,Declined
206949,Declined
206952,Declined
206955,Declined
206958,Other
206961,Declined
206964,Cancelled
206967,Declined
206970,Cancelled
206973,Declined
206976,Declined
206979,Declined
206999,Other
207002,Declined
207005,Other
207008,Declined
207011,Other
207014,Other
207017,Declined
207020,Other
207023,Other
207026,Other
207029,Other
207032,Other
207035,Cancelled
207038,Declined
207041,Cancelled
207044,Cancelled
207047,Other
207050,Other
207053,Other
207056,Declined
207059,Declined
207062,Declined
207065,Declined
207068,Declined
207071,Cancelled
207074,Declined
207077,Cancelled
207080,Declined
207083,Declined
207086,Cancelled
207089,Declined
207092,Declined
207095,Declined
207098,Declined
207101,Declined
207104,Declined
207107,Other
207110,Declined
207113,Declined
207116,Declined
207119,Cancelled
207122,Declined
207125,Declined
207128,Other
207131,Declined
207134,Declined
207137,Declined
207140,Other
207143,Declined
207146,Declined
207149,Declined
207152,Cancelled
207155,Declined
207158,Declined
207161,Declined
207164,Declined
207167,Declined
207170,Cancelled
207173,Declined
207176,Declined
207179,Cancelled
207182,Declined
207185,Declined
207188,Declined
207191,Declined
207194,Cancelled
207197,Declined
207200,Other
207203,Declined
207206,Declined
207209,Declined
207212,Cancelled
207215,Other
207218,Cancelled
207221,Declined
207224,Declined
207227,Declined
207230,Declined
207233,Cancelled
207236,Declined
207239,Declined
207242,Declined
207245,Cancelled
207248,Other
207251,Cancelled
207254,Declined
207257,Declined
207260,Other
207263,Declined
207266,Cancelled
207269,Declined
207272,Declined
207275,Other
207278,Other
207281,Other
207284,Approved
207287,Declined
207290,Declined
207293,Declined
207296,Declined
207299,Declined
207302,Approved
207319,Cancelled
207322,Declined
207325,Declined
207328,Approved
207331,Declined
207334,Cancelled
207337,Declined
207340,Cancelled
207359,Declined
207362,Declined
207365,Declined
207368,Declined
207371,Declined
207374,Declined
207377,Other
207380,Cancelled
207383,Declined
207386,Cancelled
207389,Other
207392,Other
207395,Cancelled
207398,Declined
207401,Declined
207404,Declined
207407,Declined
207410,Declined
207413,Other
207416,Declined
207419,Declined
207422,Declined
207425,Declined
207428,Declined
207431,Declined
207434,Other
207437,Declined
207440,Other
207443,Declined
207446,Declined
207449,Other
207452,Declined
207455,Declined
207458,Declined
207461,Other
207464,Cancelled
207467,Cancelled
207470,Declined
207473,Cancelled
207476,Cancelled
207479,Declined
207482,Other
207485,Cancelled
207488,Cancelled
207491,Declined
207494,Declined
207497,Declined
207500,Declined
207503,Cancelled
207506,Other
207509,Declined
207512,Declined
207515,Approved
207518,Cancelled
207521,Cancelled
207524,Declined
207527,Cancelled
207530,Declined
207533,Declined
207536,Cancelled
207539,Declined
207542,Cancelled
207545,Declined
207548,Declined
207551,Declined
207554,Cancelled
207557,Declined
207560,Cancelled
207563,Declined
207566,Declined
207569,Cancelled
207572,Cancelled
207575,Declined
207578,Declined
207581,Declined
207584,Declined
207587,Declined
207590,Declined
207593,Declined
207596,Cancelled
207599,Other
207602,Declined
207605,Other
207608,Declined
207611,Other
207614,Other
207617,Declined
207620,Cancelled
207623,Declined
207626,Declined
207629,Declined
207632,Cancelled
207635,Declined
207638,Declined
207641,Cancelled
207644,Declined
207647,Declined
207650,Declined
207653,Declined
207656,Declined
207659,Declined
207662,Declined
207665,Declined
207668,Declined
207671,Declined
207674,Cancelled
207677,Declined
207680,Declined
207683,Declined
207686,Declined
207689,Cancelled
207699,Declined
207702,Declined
207705,Cancelled
207708,Cancelled
207711,Declined
207714,Declined
207717,Declined
207720,Declined
207723,Declined
207726,Cancelled
207729,Declined
207732,Cancelled
207735,Cancelled
207738,Declined
207741,Cancelled
207744,Cancelled
207747,Declined
207750,Declined
207753,Cancelled
207756,Declined
207759,Declined
207762,Declined
207765,Declined
207768,Cancelled
207771,Declined
207774,Cancelled
207777,Other
207780,Other
207783,Other
207786,Declined
207789,Declined
207792,Cancelled
207795,Cancelled
207798,Cancelled
207801,Declined
207804,Cancelled
207807,Declined
207810,Declined
207813,Declined
207816,Declined
207819,Declined
207822,Declined
207825,Other
207828,Declined
207831,Cancelled
207834,Cancelled
207837,Declined
207840,Cancelled
207843,Other
207846,Declined
207849,Declined
207852,Other
207855,Declined
207858,Declined
207861,Declined
207864,Cancelled
207867,Declined
207870,Declined
207873,Cancelled
207876,Declined
207879,Cancelled
207882,Declined
207885,Declined
207888,Cancelled
207891,Declined
207894,Approved
207897,Declined
207900,Declined
207903,Declined
207906,Declined
207909,Cancelled
207912,Other
207915,Declined
207918,Declined
207921,Declined
207924,Declined
207927,Declined
207930,Declined
207933,Declined
207936,Declined
207939,Other
207942,Declined
207945,Cancelled
207948,Declined
207951,Declined
207954,Declined
207957,Declined
207960,Cancelled
207963,Declined
207966,Cancelled
207969,Cancelled
207972,Declined
207975,Cancelled
207978,Cancelled
207981,Declined
207984,Cancelled
207987,Cancelled
207990,Declined
207993,Declined
207996,Declined
207999,Declined
208002,Cancelled
208019,Declined
208022,Cancelled
208025,Cancelled
208028,Approved
208031,Cancelled
208034,Declined
208037,Declined
208040,Declined
208043,Declined
208046,Declined
208049,Cancelled
208052,Other
208055,Declined
208058,Cancelled
208061,Declined
208064,Cancelled
208067,Other
208070,Cancelled
208073,Declined
208076,Declined
208079,Cancelled
208082,Declined
208085,Declined
208088,Declined
208091,Declined
208094,Declined
208097,Other
208100,Other
208103,Other
208106,Declined
208109,Declined
208112,Declined
208115,Declined
208118,Other
208121,Declined
208124,Other
208127,Other
208130,Declined
208133,Declined
208136,Declined
208139,Other
208142,Declined
208145,Declined
208148,Declined
208151,Declined
208154,Declined
208157,Approved
208160,Declined
208163,Declined
208166,Declined
208169,Other
208172,Other
208175,Declined
208178,Declined
208181,Approved
208184,Approved
208187,Cancelled
208190,Other
208193,Declined
208196,Other
208199,Declined
208202,Declined
208205,Declined
208208,Declined
208211,Declined
208214,Cancelled
208217,Declined
208220,Declined
208223,Declined
208226,Declined
208229,Approved
208232,Declined
208235,Cancelled
208238,Declined
208241,Declined
208244,Other
208247,Other
208250,Declined
208253,Declined
208256,Declined
208259,Other
208262,Declined
208265,Declined
208268,Declined
208271,Declined
208274,Declined
208277,Other
208280,Cancelled
208283,Cancelled
208286,Cancelled
208289,Declined
208292,Declined
208295,Declined
208298,Declined
208301,Declined
208304,Declined
208307,Declined
208310,Cancelled
208313,Cancelled
208316,Cancelled
208319,Declined
208322,Declined
208325,Declined
208328,Declined
208331,Declined
208334,Declined
208337,Approved
208340,Declined
208343,Declined
208346,Declined
208349,Other
208352,Cancelled
208355,Declined
208358,Declined
208361,Declined
208364,Declined
208367,Declined
208370,Declined
208373,Cancelled
208376,Declined
208379,Cancelled
208382,Cancelled
208385,Cancelled
208388,Cancelled
208391,Declined
208394,Declined
208397,Cancelled
208400,Declined
208403,Declined
208406,Declined
208409,Declined
208412,Other
208415,Declined
208418,Declined
208421,Approved
208424,Declined
208427,Declined
208430,Cancelled
208433,Other
208436,Cancelled
208439,Declined
208442,Declined
208445,Declined
208448,Declined
208451,Other
208454,Declined
208457,Other
208460,Declined
208463,Declined
208466,Declined
208469,Declined
208472,Cancelled
208475,Declined
208478,Other
208481,Other
208484,Declined
208487,Declined
208490,Other
208493,Declined
208496,Declined
208499,Declined
208502,Cancelled
208505,Declined
208508,Declined
208511,Cancelled
208514,Cancelled
208517,Cancelled
208520,Other
208523,Declined
208526,Declined
208529,Approved
208532,Other
208535,Other
208538,Cancelled
208541,Declined
208544,Cancelled
208547,Declined
208550,Declined
208553,Other
208556,Other
208559,Declined
208562,Declined
208565,Approved
208568,Declined
208571,Declined
208574,Cancelled
208577,Approved
208580,Cancelled
208583,Declined
208586,Cancelled
208589,Other
208592,Cancelled
208595,Declined
208598,Cancelled
208601,Approved
208604,Declined
208607,Other
208610,Other
208613,Approved
208616,Declined
208619,Approved
208622,Cancelled
208625,Cancelled
208628,Other
208631,Declined
208634,Declined
208637,Declined
208640,Declined
208643,Declined
208646,Declined
208649,Declined
208652,Other
208655,Other
208658,Other
208661,Other
208664,Declined
208667,Declined
208670,Declined
208673,Declined
208676,Declined
208679,Other
208682,Declined
208685,Declined
208688,Declined
208691,Declined
208694,Declined
208697,Cancelled
208700,Declined
208703,Declined
208706,Declined
208709,Declined
208712,Declined
208715,Declined
208718,Declined
208721,Declined
208724,Declined
208727,Declined
208730,Other
208733,Declined
208736,Declined
208739,Declined
208742,Declined
208745,Cancelled
208748,Other
208751,Declined
208754,Other
208757,Declined
208760,Other
208763,Declined
208766,Cancelled
208769,Other
208772,Cancelled
208775,Declined
208778,Other
208781,Declined
208784,Declined
208787,Declined
208790,Other
208793,Approved
208796,Other
208799,Declined
208802,Declined
208805,Declined
208808,Declined
208811,Declined
208814,Cancelled
208817,Declined
208820,Declined
208823,Declined
208826,Declined
208829,Declined
208832,Approved
208835,Other
208838,Cancelled
208841,Declined
208844,Cancelled
208847,Declined
208850,Declined
208853,Declined
208856,Other
208859,Other
208862,Other
208865,Cancelled
208868,Other
208871,Declined
208874,Cancelled
208877,Declined
208880,Cancelled
208883,Declined
208886,Declined
208889,Declined
208892,Declined
208895,Declined
208898,Approved
208901,Other
208904,Cancelled
208907,Declined
208910,Declined
208913,Declined
208916,Declined
208919,Declined
208922,Declined
208925,Declined
208928,Declined
208931,Declined
208934,Declined
208937,Declined
208940,Declined
208943,Declined
208946,Declined
208949,Declined
208952,Cancelled
208955,Declined
208958,Other
208961,Declined
208964,Cancelled
208967,Approved
208970,Declined
208973,Declined
208976,Declined
208979,Declined
208982,Declined
208985,Declined
208988,Declined
208991,Cancelled
208994,Declined
208997,Other
209000,Other
209003,Declined
209006,Declined
209009,Cancelled
209012,Cancelled
209015,Declined
209018,Declined
209021,Other
209024,Declined
209027,Declined
209030,Other
209033,Declined
209036,Declined
209039,Declined
209042,Declined
209045,Declined
209048,Declined
209051,Other
209054,Declined
209057,Cancelled
209060,Other
209063,Other
209066,Other
209069,Declined
209072,Declined
209075,Cancelled
209078,Cancelled
209081,Declined
209084,Other
209087,Cancelled
209090,Cancelled
209093,Declined
209096,Declined
209099,Other
209102,Declined
209105,Other
209108,Declined
209111,Other
209114,Declined
209117,Declined
209120,Other
209123,Declined
209126,Declined
209129,Declined
209132,Declined
209135,Other
209138,Declined
209141,Declined
209144,Declined
209147,Other
209150,Declined
209153,Declined
209156,Cancelled
209159,Declined
209162,Declined
209165,Declined
209168,Declined
209171,Declined
209174,Declined
209179,Declined
209182,Declined
209185,Declined
209188,Other
209191,Declined
209194,Declined
209197,Declined
209200,Cancelled
209203,Declined
209206,Other
209209,Declined
209212,Declined
209215,Declined
209218,Declined
209221,Other
209224,Declined
209227,Other
209230,Declined
209233,Declined
209236,Declined
209239,Declined
209242,Cancelled
209245,Declined
209248,Other
209251,Other
209254,Declined
209257,Other
209260,Other
209263,Declined
209266,Cancelled
209269,Cancelled
209272,Declined
209275,Declined
209278,Cancelled
209281,Declined
209284,Other
209287,Other
209290,Declined
209293,Declined
209296,Cancelled
209299,Declined
209302,Other
209305,Declined
209308,Other
209311,Other
209314,Declined
209317,Declined
209320,Declined
209323,Other
209326,Declined
209329,Declined
209332,Declined
209335,Declined
209338,Cancelled
209341,Declined
209344,Cancelled
209347,Declined
209350,Declined
209353,Declined
209356,Declined
209359,Declined
209362,Declined
209365,Declined
209368,Declined
209371,Cancelled
209374,Approved
209377,Other
209380,Declined
209383,Declined
209386,Cancelled
209389,Declined
209392,Declined
209395,Approved
209398,Cancelled
209401,Cancelled
209404,Declined
209407,Declined
209410,Declined
209413,Declined
209416,Declined
209419,Other
209422,Other
209425,Declined
209428,Declined
209431,Cancelled
209434,Other
209437,Declined
209440,Declined
209443,Declined
209446,Declined
209449,Other
209452,Declined
209455,Other
209458,Declined
209461,Declined
209464,Declined
209467,Other
209470,Other
209473,Declined
209476,Declined
209479,Declined
209499,Other
209502,Other
209505,Approved
209508,Other
209511,Declined
209514,Declined
209517,Declined
209520,Cancelled
209523,Declined
209526,Declined
209529,Other
209532,Other
209535,Declined
209538,Declined
209541,Declined
209559,Declined
209562,Declined
209565,Declined
209568,Declined
209571,Other
209574,Declined
209577,Other
209580,Declined
209583,Declined
209586,Other
209589,Declined
209592,Other
209595,Other
209598,Declined
209601,Other
209604,Other
209607,Declined
209610,Declined
209613,Declined
209616,Declined
209619,Cancelled
209622,Declined
209625,Other
209628,Other
209631,Declined
209634,Other
209637,Cancelled
209640,Other
209643,Declined
209646,Other
209649,Declined
209652,Declined
209655,Other
209658,Declined
209661,Cancelled
209664,Declined
209667,Cancelled
209670,Other
209673,Declined
209676,Declined
209679,Other
209682,Other
209685,Declined
209688,Declined
209691,Declined
209694,Declined
209697,Cancelled
209700,Declined
209703,Declined
209706,Declined
209709,Declined
209712,Other
209715,Declined
209718,Declined
209721,Other
209724,Cancelled
209727,Declined
209730,Declined
209733,Other
209736,Declined
209739,Declined
209742,Approved
209745,Cancelled
209748,Declined
209751,Other
209754,Cancelled
209757,Declined
209760,Declined
209763,Declined
209766,Other
209769,Declined
209772,Cancelled
209775,Other
209778,Declined
209781,Cancelled
209784,Declined
209787,Declined
209790,Cancelled
209793,Declined
209796,Declined
209799,Cancelled
209802,Declined
209805,Declined
209808,Other
209811,Declined
209814,Other
209817,Declined
209820,Declined
209823,Other
209826,Declined
209829,Cancelled
209832,Other
209835,Other
209838,Other
209841,Declined
209844,Other
209847,Cancelled
209850,Declined
209853,Declined
209856,Declined
209859,Cancelled
209862,Declined
209865,Declined
209868,Declined
209871,Declined
209874,Declined
209877,Cancelled
209880,Declined
209883,Declined
209886,Declined
209889,Cancelled
209892,Declined
209895,Other
209898,Declined
209901,Other
209904,Other
209907,Declined
209910,Cancelled
209913,Other
209916,Other
209919,Declined
209939,Cancelled
209942,Declined
209945,Other
209948,Declined
209951,Cancelled
209954,Declined
209957,Declined
209960,Declined
209963,Declined
209966,Declined
209969,Declined
209972,Declined
209975,Declined
209978,Declined
209981,Declined
209984,Declined
209987,Declined
209999,Declined
210002,Declined
210005,Declined
210008,Other
210011,Declined
210014,Declined
210017,Other
210020,Declined
210023,Declined
210026,Other
210029,Declined
210032,Declined
210035,Declined
210038,Other
210041,Declined
210044,Declined
210047,Other
210050,Other
210053,Cancelled
210056,Declined
210059,Declined
210062,Declined
210065,Declined
210068,Cancelled
210071,Cancelled
210074,Other
210077,Declined
210080,Declined
210083,Declined
210086,Declined
210089,Declined
210092,Declined
210095,Other
210098,Declined
210101,Declined
210104,Other
210107,Declined
210110,Cancelled
210113,Declined
210116,Declined
210119,Other
210122,Declined
210125,Declined
210128,Other
210131,Cancelled
210134,Other
210137,Other
210140,Declined
210143,Declined
210146,Cancelled
210149,Other
210152,Other
210155,Declined
210158,Declined
210161,Other
210164,Declined
210167,Declined
210170,Declined
210173,Declined
210176,Cancelled
210179,Declined
210182,Cancelled
210185,Cancelled
210188,Cancelled
210191,Other
210194,Declined
210197,Other
210200,Approved
210203,Other
210206,Other
210209,Other
210212,Declined
210215,Declined
210218,Other
210221,Declined
210224,Cancelled
210227,Declined
210230,Declined
210233,Cancelled
210236,Cancelled
210239,Declined
210242,Declined
210245,Declined
210248,Other
210251,Other
210254,Other
210257,Other
210260,Declined
210263,Declined
210266,Cancelled
210269,Cancelled
210272,Other
210275,Declined
210278,Declined
210281,Declined
210284,Declined
210287,Other
210290,Declined
210293,Other
210296,Cancelled
210299,Cancelled
210302,Declined
210305,Other
210308,Other
210311,Declined
210314,Declined
210317,Declined
210320,Declined
210323,Declined
210326,Cancelled
210329,Other
210332,Other
210335,Declined
210338,Declined
210341,Other
210344,Declined
210347,Other
210350,Declined
210353,Declined
210356,Declined
210359,Declined
210362,Cancelled
210365,Other
210368,Declined
210371,Cancelled
210374,Declined
210377,Declined
210380,Declined
210383,Declined
210386,Approved
210389,Declined
210392,Cancelled
210395,Declined
210398,Declined
210401,Other
210404,Declined
210407,Declined
210410,Declined
210413,Declined
210416,Cancelled
210419,Declined
210422,Declined
210425,Other
210428,Declined
210431,Declined
210434,Declined
210437,Declined
210440,Declined
210443,Declined
210446,Declined
210449,Declined
210452,Accepted
210455,Declined
210458,Declined
210461,Declined
210464,Declined
210467,Other
210470,Declined
210473,Other
210476,Other
210479,Declined
210482,Declined
210485,Declined
210488,Declined
210491,Declined
210494,Cancelled
210497,Other
210500,Declined
210503,Declined
210506,Declined
210509,Other
210512,Declined
210513,Declined
210518,Other
210521,Cancelled
210524,Declined
210527,Declined
210530,Declined
210533,Declined
210536,Declined
210539,Other
210542,Declined
210545,Declined
210548,Declined
210551,Declined
210554,Other
210557,Other
210560,Declined
210563,Cancelled
210566,Other
210569,Declined
210572,Cancelled
210575,Other
210578,Cancelled
210581,Declined
210584,Other
210587,Other
210590,Other
210593,Other
210596,Cancelled
210599,Cancelled
210602,Other
210605,Cancelled
210608,Declined
210611,Other
210614,Cancelled
210617,Declined
210620,Declined
210623,Declined
210626,Other
210629,Cancelled
210632,Cancelled
210635,Declined
210638,Cancelled
210641,Declined
210644,Declined
210647,Declined
210650,Other
210653,Other
210656,Declined
210659,Approved
210662,Other
210665,Declined
210668,Declined
210671,Other
210674,Declined
210677,Declined
210680,Cancelled
210683,Other
210686,Cancelled
210689,Other
210692,Declined
210695,Declined
210698,Declined
210701,Other
210704,Other
210707,Declined
210710,Other
210713,Declined
210716,Cancelled
210719,Cancelled
210722,Other
210725,Declined
210728,Declined
210731,Declined
210734,Other
210737,Other
210740,Cancelled
210743,Declined
210746,Declined
210749,Cancelled
210752,Declined
210755,Cancelled
210758,Other
210761,Other
210764,Declined
210767,Declined
210770,Other
210773,Declined
210776,Declined
210779,Declined
210782,Cancelled
210785,Declined
210788,Declined
210791,Other
210794,Other
210797,Declined
210800,Declined
210803,Declined
210806,Other
210809,Cancelled
210812,Other
210815,Other
210818,Declined
210821,Declined
210824,Declined
210827,Other
210830,Other
210833,Other
210836,Other
210839,Declined
210842,Declined
210845,Declined
210848,Other
210851,Declined
210854,Declined
210857,Cancelled
210860,Other
210863,Declined
210866,Cancelled
210869,Declined
210872,Declined
210875,Declined
210878,Other
210881,Cancelled
210884,Declined
210887,Declined
210890,Declined
210893,Declined
210896,Declined
210899,Declined
210902,Declined
210905,Declined
210908,Declined
210911,Other
210914,Other
210917,Declined
210920,Declined
210923,Other
210926,Cancelled
210929,Declined
210932,Declined
210935,Declined
210938,Declined
210941,Declined
210944,Cancelled
210947,Declined
210950,Declined
210957,Other
210960,Declined
210963,Declined
210966,Declined
210969,Other
210972,Other
210975,Declined
210978,Declined
210981,Declined
210984,Other
210987,Other
210990,Declined
210993,Declined
210996,Declined
210999,Declined
211002,Approved
211005,Declined
211008,Other
211011,Other
211014,Declined
211017,Declined
211020,Declined
211023,Declined
211026,Declined
211029,Other
211032,Other
211035,Other
211038,Other
211041,Declined
211044,Other
211047,Declined
211050,Other
211053,Other
211056,Cancelled
211059,Cancelled
211062,Declined
211065,Declined
211068,Cancelled
211071,Other
211074,Other
211077,Declined
211080,Declined
211083,Other
211086,Cancelled
211089,Declined
211092,Declined
211095,Other
211098,Other
211101,Other
211104,Other
211107,Declined
211110,Other
211113,Other
211116,Other
211119,Declined
211122,Cancelled
211125,Other
211128,Declined
211131,Cancelled
211134,Other
211137,Cancelled
211140,Other
211143,Cancelled
211146,Cancelled
211149,Cancelled
211152,Declined
211155,Cancelled
211158,Declined
211161,Cancelled
211164,Other
211167,Declined
211170,Declined
211173,Declined
211176,Cancelled
211179,Declined
211182,Other
211185,Declined
211188,Declined
211191,Declined
211194,Declined
211197,Accepted
211200,Declined
211203,Declined
211206,Declined
211209,Declined
211212,Other
211215,Declined
211218,Declined
211221,Cancelled
211224,Approved
211227,Cancelled
211230,Declined
211233,Other
211236,Declined
211239,Declined
211242,Other
211245,Declined
211248,Declined
211251,Declined
211254,Other
211257,Other
211260,Other
211263,Other
211266,Declined
211269,Other
211272,Declined
211275,Declined
211278,Other
211281,Other
211284,Declined
211287,Other
211290,Declined
211293,Declined
211296,Declined
211299,Other
211302,Declined
211305,Declined
211308,Declined
211311,Declined
211314,Other
211317,Cancelled
211320,Declined
211323,Other
211326,Declined
211329,Other
211332,Other
211335,Other
211338,Cancelled
211341,Declined
211344,Declined
211357,Declined
211360,Declined
211363,Declined
211366,Declined
211369,Declined
211372,Cancelled
211375,Declined
211378,Declined
211381,Other
211384,Other
211387,Declined
211390,Other
211393,Other
211396,Declined
211399,Declined
211402,Other
211405,Declined
211408,Other
211411,Approved
211414,Declined
211417,Other
211420,Declined
211423,Cancelled
211426,Declined
211429,Declined
211432,Other
211435,Other
211438,Declined
211441,Declined
211444,Other
211447,Declined
211450,Declined
211453,Declined
211456,Other
211459,Other
211462,Declined
211465,Declined
211468,Declined
211471,Declined
211474,Declined
211477,Declined
211480,Declined
211483,Cancelled
211486,Declined
211489,Other
211492,Cancelled
211495,Declined
211498,Declined
211501,Cancelled
211504,Declined
211507,Other
211510,Declined
211513,Declined
211516,Declined
211519,Declined
211522,Declined
211525,Other
211528,Cancelled
211531,Declined
211534,Declined
211537,Declined
211540,Cancelled
211543,Declined
211546,Declined
211549,Other
211552,Other
211555,Other
211558,Cancelled
211561,Declined
211564,Declined
211567,Other
211570,Other
211573,Declined
211576,Cancelled
211579,Declined
211582,Cancelled
211585,Declined
211588,Other
211591,Declined
211594,Other
211597,Declined
211600,Declined
211603,Other
211606,Other
211609,Declined
211612,Declined
211615,Cancelled
211618,Declined
211621,Declined
211624,Other
211627,Declined
211630,Declined
211633,Other
211637,Declined
211640,Declined
211643,Cancelled
211646,Declined
211649,Other
211652,Other
211655,Declined
211658,Declined
211661,Cancelled
211664,Cancelled
211667,Declined
211670,Approved
211673,Declined
211676,Declined
211679,Declined
211682,Declined
211685,Declined
211688,Declined
211691,Other
211694,Declined
211697,Declined
211700,Declined
211703,Declined
211706,Other
211709,Other
211712,Other
211715,Other
211718,Declined
211721,Declined
211724,Declined
211727,Declined
211730,Declined
211733,Declined
211736,Declined
211739,Declined
211742,Other
211745,Declined
211748,Other
211751,Other
211754,Declined
211757,Declined
211760,Declined
211763,Other
211766,Declined
211769,Declined
211772,Declined
211775,Declined
211778,Other
211781,Declined
211784,Declined
211787,Declined
211790,Other
211793,Cancelled
211796,Declined
211799,Declined
211802,Declined
211805,Declined
211808,Declined
211811,Other
211814,Cancelled
211817,Cancelled
211820,Declined
211823,Declined
211826,Declined
211829,Other
211832,Declined
211835,Declined
211838,Declined
211841,Other
211844,Declined
211847,Other
211850,Other
211853,Cancelled
211856,Declined
211859,Cancelled
211862,Declined
211865,Declined
211868,Declined
211871,Other
211874,Other
211877,Declined
211880,Other
211883,Declined
211886,Declined
211889,Declined
211892,Cancelled
211895,Declined
211898,Other
211901,Other
211904,Other
211907,Declined
211910,Declined
211913,Other
211916,Declined
211919,Declined
211922,Declined
211925,Other
211928,Cancelled
211931,Declined
211934,Declined
211937,Declined
211940,Other
211943,Declined
211946,Other
211949,Other
211952,Other
211955,Other
211958,Declined
211961,Declined
211964,Other
211967,Other
211970,Other
211973,Declined
211976,Declined
211979,Cancelled
211982,Declined
211985,Declined
211988,Other
211991,Declined
211994,Cancelled
211997,Other
212000,Declined
212003,Other
212006,Declined
212009,Declined
212012,Other
212015,Cancelled
212018,Cancelled
212021,Cancelled
212037,Declined
212040,Other
212043,Other
212046,Declined
212049,Declined
212052,Other
212055,Other
212058,Cancelled
212061,Approved
212064,Declined
212067,Declined
212070,Declined
212073,Declined
212076,Declined
212079,Other
212082,Other
212085,Cancelled
212088,Declined
212091,Other
212094,Declined
212097,Declined
212100,Declined
212103,Other
212106,Declined
212109,Other
212112,Declined
212115,Other
212118,Cancelled
212121,Other
212124,Declined
212127,Declined
212130,Cancelled
212133,Declined
212136,Cancelled
212139,Other
212142,Declined
212145,Declined
212148,Declined
212151,Declined
212154,Other
212157,Other
212160,Declined
212163,Other
212166,Other
212169,Declined
212172,Other
212175,Cancelled
212178,Declined
212181,Cancelled
212184,Declined
212187,Cancelled
212190,Declined
212193,Declined
212196,Other
212199,Declined
212202,Declined
212205,Declined
212208,Declined
212211,Declined
212214,Declined
212217,Declined
212220,Declined
212223,Other
212226,Other
212229,Declined
212232,Other
212235,Cancelled
212238,Other
212241,Declined
212244,Cancelled
212247,Other
212250,Cancelled
212253,Declined
212256,Declined
212259,Declined
212262,Declined
212265,Other
212268,Other
212271,Other
212274,Approved
212277,Declined
212280,Other
212283,Other
212286,Other
212289,Other
212292,Declined
212295,Other
212298,Declined
212301,Other
212304,Declined
212307,Declined
212310,Declined
212313,Other
212316,Declined
212319,Declined
212322,Declined
212325,Declined
212328,Declined
212331,Other
212334,Declined
212337,Declined
212340,Other
212343,Declined
212346,Cancelled
212349,Other
212352,Declined
212355,Other
212358,Declined
212361,Other
212364,Declined
212367,Declined
212370,Other
212373,Declined
212377,Declined
212380,Declined
212383,Approved
212386,Declined
212389,Declined
212392,Declined
212395,Declined
212398,Approved
212401,Declined
212404,Declined
212407,Declined
212410,Declined
212413,Declined
212416,Declined
212419,Other
212422,Declined
212425,Other
212428,Declined
212431,Declined
212434,Declined
212437,Declined
212440,Other
212443,Declined
212446,Declined
212449,Other
212452,Declined
212455,Other
212458,Other
212461,Declined
212464,Other
212467,Other
212470,Declined
212473,Declined
212476,Declined
212479,Cancelled
212482,Declined
212485,Declined
212488,Cancelled
212491,Other
212494,Declined
212497,Other
212500,Declined
212503,Declined
212506,Approved
212509,Declined
212512,Cancelled
212515,Cancelled
212518,Declined
212521,Other
212524,Cancelled
212527,Declined
212530,Other
212533,Declined
212536,Declined
212539,Declined
212542,Cancelled
212545,Declined
212548,Other
212551,Declined
212554,Cancelled
212557,Declined
212560,Other
212563,Cancelled
212566,Other
212569,Other
212572,Declined
212575,Declined
212578,Cancelled
212581,Declined
212584,Declined
212587,Declined
212590,Declined
212593,Other
212596,Declined
212599,Declined
212602,Other
212605,Other
212608,Cancelled
212611,Other
212614,Other
212617,Other
212620,Declined
212623,Other
212626,Other
212629,Declined
212632,Other
212635,Other
212638,Declined
212641,Declined
212644,Other
212647,Other
212650,Declined
212653,Declined
212656,Declined
212659,Declined
212662,Cancelled
212665,Other
212668,Declined
212671,Cancelled
212674,Other
212677,Declined
212680,Cancelled
212683,Declined
212686,Declined
212689,Other
212692,Other
212695,Declined
212698,Cancelled
212701,Other
212704,Approved
212707,Declined
212710,Other
212713,Declined
212716,Declined
212719,Declined
212722,Declined
212725,Other
212728,Cancelled
212731,Declined
212734,Declined
212737,Cancelled
212740,Declined
212743,Declined
212746,Declined
212749,Declined
212752,Declined
212755,Other
212758,Declined
212761,Other
212764,Other
212767,Cancelled
212770,Cancelled
212773,Cancelled
212776,Cancelled
212779,Other
212782,Declined
212785,Declined
212788,Declined
212791,Declined
212794,Declined
212797,Declined
212800,Declined
212803,Other
212806,Other
212809,Declined
212812,Other
212815,Other
212818,Declined
212821,Declined
212824,Other
212827,Declined
212830,Cancelled
212833,Other
212836,Other
212839,Declined
212842,Other
212845,Declined
212848,Other
212851,Approved
212854,Declined
212857,Cancelled
212860,Declined
212863,Declined
212866,Declined
212869,Declined
212872,Cancelled
212875,Approved
212878,Other
212881,Declined
212884,Declined
212887,Other
212890,Declined
212893,Declined
212896,Declined
212899,Declined
212902,Declined
212905,Cancelled
212908,Other
212911,Other
212914,Other
212917,Other
212920,Cancelled
212923,Other
212926,Cancelled
212929,Other
212932,Other
212935,Declined
212938,Declined
212941,Declined
212944,Other
212947,Declined
212950,Other
212953,Other
212956,Declined
212959,Declined
212962,Declined
212965,Other
212968,Declined
212971,Declined
212974,Other
212977,Other
212980,Declined
212983,Cancelled
212986,Declined
212989,Other
212992,Declined
212995,Other
212998,Declined
213001,Other
213004,Other
213007,Other
213010,Approved
213013,Other
213016,Declined
213019,Other
213022,Declined
213025,Declined
213028,Declined
213031,Other
213034,Declined
213037,Declined
213040,Declined
213043,Declined
213046,Other
213049,Declined
213052,Approved
213055,Declined
213058,Declined
213061,Declined
213064,Other
213067,Declined
213070,Other
213073,Declined
213076,Cancelled
213079,Declined
213082,Other
213085,Cancelled
213088,Other
213091,Other
213094,Declined
213097,Cancelled
213100,Declined
213117,Declined
213120,Declined
213123,Other
213126,Approved
213129,Declined
213132,Other
213135,Other
213138,Declined
213141,Other
213144,Other
213147,Declined
213150,Other
213153,Declined
213156,Declined
213159,Cancelled
213162,Declined
213165,Declined
213168,Declined
213171,Declined
213174,Cancelled
213177,Declined
213180,Declined
213183,Declined
213186,Declined
213189,Other
213192,Other
213195,Other
213198,Other
213201,Other
213204,Declined
213207,Declined
213210,Other
213213,Declined
213216,Declined
213219,Cancelled
213222,Declined
213225,Cancelled
213228,Other
213231,Other
213234,Other
213237,Declined
213240,Cancelled
213243,Cancelled
213246,Declined
213249,Other
213252,Cancelled
213255,Declined
213258,Approved
213261,Other
213264,Other
213267,Accepted
213270,Declined
213273,Declined
213276,Other
213279,Other
213282,Other
213285,Declined
213288,Other
213291,Other
213294,Other
213297,Declined
213300,Approved
213303,Other
213306,Declined
213309,Declined
213312,Declined
213315,Declined
213318,Declined
213321,Declined
213324,Declined
213327,Declined
213330,Other
213333,Declined
213336,Declined
213339,Other
213342,Other
213345,Declined
213348,Cancelled
213351,Declined
213354,Other
213357,Declined
213360,Declined
213363,Declined
213366,Other
213369,Declined
213372,Declined
213375,Other
213378,Declined
213381,Other
213384,Approved
213387,Declined
213390,Other
213393,Other
213396,Declined
213399,Declined
213402,Other
213405,Other
213408,Declined
213411,Other
213414,Other
213417,Other
213420,Other
213423,Other
213426,Other
213429,Declined
213432,Approved
213435,Declined
213438,Other
213441,Declined
213444,Declined
213447,Declined
213450,Other
213453,Declined
213456,Other
213459,Other
213462,Declined
213465,Approved
213468,Other
213471,Declined
213474,Other
213477,Other
213480,Declined
213483,Declined
213486,Declined
213489,Cancelled
213492,Other
213495,Declined
213498,Declined
213501,Approved
213504,Declined
213507,Other
213510,Declined
213513,Other
213516,Declined
213519,Declined
213522,Declined
213525,Declined
213528,Declined
213531,Declined
213534,Other
213537,Declined
213540,Declined
213543,Other
213546,Declined
213557,Declined
213560,Declined
213563,Declined
213566,Declined
213569,Declined
213572,Other
213575,Other
213578,Declined
213581,Declined
213597,Other
213600,Other
213603,Declined
213606,Declined
213609,Other
213612,Declined
213615,Other
213618,Declined
213621,Other
213624,Other
213627,Declined
213630,Other
213633,Declined
213636,Cancelled
213639,Other
213642,Declined
213645,Declined
213648,Declined
213651,Other
213654,Declined
213657,Declined
213660,Other
213663,Declined
213666,Declined
213669,Other
213672,Other
213675,Other
213678,Declined
213681,Declined
213684,Declined
213687,Declined
213690,Other
213693,Other
213696,Other
213699,Other
213702,Declined
213705,Cancelled
213708,Declined
213711,Declined
213714,Other
213717,Declined
213720,Other
213723,Declined
213726,Cancelled
213729,Other
213732,Declined
213735,Declined
213738,Other
213741,Declined
213744,Declined
213747,Declined
213750,Other
213753,Cancelled
213756,Declined
213759,Declined
213762,Declined
213765,Declined
213768,Other
213771,Other
213774,Declined
213777,Declined
213780,Declined
213783,Other
213786,Declined
213789,Other
213792,Declined
213795,Other
213798,Declined
213801,Declined
213804,Declined
213807,Other
213810,Declined
213813,Other
213816,Declined
213819,Declined
213822,Other
213825,Other
213828,Declined
213831,Declined
213834,Declined
213837,Other
213840,Cancelled
213843,Declined
213846,Declined
213849,Other
213852,Declined
213855,Other
213858,Other
213861,Cancelled
213864,Declined
213867,Declined
213870,Other
213873,Other
213876,Declined
213879,Other
213882,Declined
213885,Declined
213888,Other
213891,Other
213894,Other
213897,Declined
213900,Declined
213903,Declined
213906,Other
213909,Declined
213912,Declined
213915,Declined
213918,Other
213921,Other
213924,Declined
213927,Other
213930,Other
213933,Declined
213936,Declined
213939,Other
213942,Other
213945,Declined
213948,Other
213951,Declined
213954,Declined
213957,Other
213960,Other
213963,Other
213966,Other
213969,Other
213977,Cancelled
213980,Other
213983,Declined
213986,Cancelled
213989,Declined
213992,Declined
213995,Other
213998,Other
214001,Other
214004,Declined
214007,Declined
214010,Approved
214013,Declined
214016,Declined
214019,Other
214022,Other
214025,Declined
214028,Other
214031,Other
214034,Cancelled
214037,Cancelled
214040,Other
214043,Declined
214046,Other
214049,Declined
214052,Other
214055,Other
214058,Other
214061,Declined
214064,Other
214067,Declined
214070,Other
214073,Declined
214076,Declined
214079,Declined
214082,Declined
214085,Other
214088,Other
214091,Other
214094,Declined
214097,Declined
214100,Declined
214103,Declined
214106,Other
214109,Declined
214112,Declined
214115,Declined
214118,Declined
214121,Other
214124,Declined
214127,Declined
214130,Declined
214133,Declined
214136,Declined
214139,Approved
214142,Declined
214145,Declined
214148,Cancelled
214151,Declined
214154,Declined
214157,Declined
214160,Declined
214163,Declined
214166,Declined
214169,Declined
214172,Other
214175,Other
214178,Declined
214181,Other
214184,Other
214187,Declined
214190,Declined
214193,Declined
214196,Declined
214199,Cancelled
214202,Declined
214205,Other
214208,Other
214211,Other
214214,Declined
214217,Declined
214220,Other
214223,Other
214226,Other
214229,Declined
214232,Declined
214235,Declined
214238,Other
214241,Other
214244,Declined
214247,Other
214250,Other
214253,Declined
214256,Cancelled
214259,Declined
214262,Other
214265,Declined
214268,Approved
214271,Cancelled
214274,Declined
214277,Other
214280,Declined
214283,Other
214286,Other
214289,Other
214292,Declined
214295,Declined
214298,Cancelled
214301,Declined
214304,Other
214307,Declined
214310,Other
214313,Other
214316,Declined
214319,Declined
214322,Declined
214325,Declined
214328,Declined
214331,Declined
214334,Declined
214337,Declined
214340,Declined
214343,Declined
214346,Other
214349,Declined
214352,Other
214355,Other
214358,Other
214361,Declined
214364,Other
214367,Declined
214370,Declined
214373,Other
214376,Declined
