case_id,outcome
1-364285768,Resolved
1-467153946,Resolved
1-503573772,Resolved
1-504538555,Resolved
1-506071646,Resolved
1-512795200,Resolved
1-516553982,Resolved
1-522528740,Resolved
1-523391859,Resolved
1-529067006,Resolved
1-529096847,Resolved
1-530458987,Resolved
1-530772502,Resolved
1-530838254,Resolved
1-532109338,Resolved
1-536444735,Resolved
1-536481337,Resolved
1-537219938,Resolved
1-540390551,Resolved
1-541468268,Resolved
1-543317665,Resolved
1-543979253,Resolved
1-544969832,Resolved
1-544976636,Resolved
1-550213097,Resolved
1-557297151,Resolved
1-559795575,Resolved
1-565045794,Resolved
1-567358917,Resolved
1-577292898,Resolved
1-578864726,Resolved
1-580893958,Resolved
1-580987781,Resolved
1-583200733,In_Call
1-587101946,Resolved
1-593737913,Resolved
1-594260021,Resolved
1-597436480,Resolved
1-601328051,Resolved
1-603556351,Resolved
1-603749197,Resolved
1-604144478,Resolved
1-605313141,Resolved
1-605956457,Resolved
1-606902814,Resolved
1-609835209,Resolved
1-611261188,Resolved
1-613379581,Resolved
1-614948909,Resolved
1-617858557,Resolved
1-618854217,Resolved
1-619069761,Resolved
1-620611187,Resolved
1-620858291,Resolved
1-621825480,Resolved
1-623778166,Resolved
1-626766981,Resolved
1-627819166,Resolved
1-627973205,Resolved
1-629364071,Resolved
1-629883996,Resolved
1-630181491,Resolved
1-632620937,Resolved
1-634340171,Resolved
1-634738521,Resolved
1-635268712,Resolved
1-635375181,Resolved
1-636928149,Resolved
1-637842042,Resolved
1-638018481,Resolved
1-638289351,Resolved
1-638742591,Resolved
1-638841644,Resolved
1-638945511,Resolved
1-642373523,Resolved
1-642402641,Resolved
1-642411971,Resolved
1-642714990,Resolved
1-642761396,Resolved
1-642781041,Resolved
1-643338463,Resolved
1-643546500,Resolved
1-643684191,Resolved
1-643733486,Resolved
1-644761840,Resolved
1-647788578,Resolved
1-647953636,Resolved
1-648471635,Resolved
1-648654669,Resolved
1-649830550,Resolved
1-649950870,Resolved
1-650013051,Resolved
1-651196130,Resolved
1-651324866,Resolved
1-652256138,Resolved
1-652468131,Resolved
1-652924814,Resolved
1-652947231,Resolved
1-653391886,Resolved
1-654423931,Resolved
1-655021441,Resolved
1-655281402,Resolved
1-656241183,Resolved
1-656373348,Resolved
1-656450664,Resolved
1-657323705,Resolved
1-657893589,Resolved
1-657900377,Resolved
1-658045761,Resolved
1-658345511,Resolved
1-658515933,Resolved
1-658538636,Resolved
1-659129745,Resolved
1-659713703,Resolved
1-660051308,Resolved
1-660218981,Resolved
1-660730501,Resolved
1-660865454,Resolved
1-660915327,Resolved
1-665922195,Resolved
1-673825643,Resolved
1-682281772,Resolved
1-683319231,Resolved
1-683762637,Resolved
1-684012815,Resolved
1-684695843,Resolved
1-685098751,Resolved
1-685155470,Resolved
1-686398767,Resolved
1-686497432,Resolved
1-686580161,Resolved
1-686609791,Resolved
1-686885675,Resolved
1-687082195,Resolved
1-687085471,Resolved
1-687329729,Resolved
1-687521104,Resolved
1-687544011,Resolved
1-687638428,Resolved
1-687647619,Resolved
1-687710013,Resolved
1-688278051,Resolved
1-688624453,Resolved
1-688689511,Resolved
1-688696731,Resolved
1-689206959,Resolved
1-689461262,Resolved
1-689501709,Resolved
1-690238688,Resolved
1-690422411,Resolved
1-690436171,Resolved
1-690839783,Resolved
1-691049627,Resolved
1-691129791,Resolved
1-691759626,Resolved
1-691782323,Resolved
1-691794481,Resolved
1-691811604,Resolved
1-691832279,Resolved
1-691950241,Resolved
1-691971107,Resolved
1-692009261,Resolved
1-692067345,Resolved
1-692755228,Resolved
1-692758611,Resolved
1-692758994,Resolved
1-692918254,Resolved
1-693021183,Resolved
1-693200675,Resolved
1-693253181,Resolved
1-693258975,Resolved
1-693300691,Resolved
1-693352046,Resolved
1-693412654,Resolved
1-693587250,Resolved
1-693822171,Resolved
1-693837467,Resolved
1-694035053,Resolved
1-694236018,Resolved
1-694266600,Resolved
1-694274811,Resolved
1-694300980,Resolved
1-694339964,Resolved
1-694346169,Resolved
1-694375168,Resolved
1-694457714,Resolved
1-694782353,Resolved
1-694796871,Resolved
1-694844381,Resolved
1-694845331,Resolved
1-694868667,Resolved
1-694899341,Resolved
1-694975897,Resolved
1-695147297,Resolved
1-695221831,Resolved
1-695298616,Resolved
1-695360832,Resolved
1-695452478,Resolved
1-695486451,Resolved
1-695870591,Resolved
1-695872361,Resolved
1-696080795,Resolved
1-696101645,Resolved
1-696163170,Resolved
1-696361691,Resolved
1-696484951,Resolved
1-696831586,Resolved
1-696861441,Resolved
1-696882469,Resolved
1-696894381,Resolved
1-696911694,Resolved
1-696915401,Resolved
1-696981592,Resolved
1-697462851,Resolved
1-697478298,Resolved
1-697528961,Resolved
1-697746161,Resolved
1-697751037,Resolved
1-697774726,Resolved
1-697777158,Resolved
1-697896972,Resolved
1-697955020,Resolved
1-698029651,Resolved
1-698029851,Resolved
1-698036851,Resolved
1-698065363,Resolved
1-698350971,Resolved
1-698400941,Resolved
1-698487635,Resolved
1-698555281,Resolved
1-698572466,Resolved
1-698843072,Resolved
1-698990450,Resolved
1-699016718,Resolved
1-699103686,Resolved
1-699262145,Resolved
1-699297808,Resolved
1-699344291,Resolved
1-699545679,Resolved
1-699557832,Resolved
1-699617036,Resolved
1-699655497,Resolved
1-699703931,Resolved
1-699719677,Resolved
1-699750568,Resolved
1-699989926,Resolved
1-700135371,Resolved
1-700161985,Resolved
1-700205396,Resolved
1-700245581,Resolved
1-700300604,Resolved
1-700356558,Resolved
1-700370143,Resolved
1-700427997,Resolved
1-700431220,Resolved
1-700466198,Resolved
1-700466740,Resolved
1-700563427,Resolved
1-700591261,Resolved
1-700822736,Resolved
1-700826141,Resolved
1-700955144,Resolved
1-701147913,Resolved
1-701284355,Resolved
1-701412801,Resolved
1-701488609,Resolved
1-701567557,Resolved
1-701687914,Resolved
1-701688007,Resolved
1-701799752,Resolved
1-701820421,Resolved
1-702316147,Resolved
1-702542377,Resolved
1-702551585,Resolved
1-702586831,Resolved
1-702667331,Resolved
1-703146498,Resolved
1-703263656,Resolved
1-703279569,Resolved
1-703368981,Resolved
1-703430111,Resolved
1-703433841,Resolved
1-703547921,Resolved
1-703888972,Resolved
1-703940589,Resolved
1-703995711,Resolved
1-703999194,Resolved
1-704030543,Resolved
1-704051851,Resolved
1-704096711,Resolved
1-704155821,Resolved
1-704163965,Resolved
1-704194471,Resolved
1-704218008,Resolved
1-704223291,Resolved
1-704275949,Resolved
1-704682611,Resolved
1-704747578,Resolved
1-704804641,Resolved
1-704849848,Resolved
1-704868231,Resolved
1-704940021,Resolved
1-704946941,Resolved
1-704985732,Resolved
1-705039067,Resolved
1-705039821,Resolved
1-705050337,Resolved
1-705084201,Resolved
1-705164933,Resolved
1-705201889,Resolved
1-705739949,Resolved
1-705770183,Resolved
1-705791051,Resolved
1-705791341,Resolved
1-705845431,Resolved
1-705847078,Resolved
1-705847232,Resolved
1-705895959,Resolved
1-705901284,Resolved
1-705937016,Resolved
1-705976449,Resolved
1-705991296,Resolved
1-706022221,Resolved
1-706095828,Resolved
1-706148201,Resolved
1-706158289,Resolved
1-706221211,Resolved
1-706221681,Resolved
1-706532382,Resolved
1-706532431,Resolved
1-706675514,Resolved
1-706700376,Resolved
1-706844801,Resolved
1-706845546,Resolved
1-706880563,Resolved
1-706983808,Resolved
1-706996552,Resolved
1-707167142,Resolved
1-707196413,Resolved
1-707214451,Resolved
1-707231563,Resolved
1-707253770,Resolved
1-707295006,Resolved
1-707613853,Resolved
1-707644921,Resolved
1-707689061,Resolved
1-707771775,Resolved
1-707802351,Resolved
1-707807221,Resolved
1-707854303,Resolved
1-707933295,Resolved
1-707939234,Resolved
1-707991342,Resolved
1-708029447,Resolved
1-708059841,Resolved
1-708116781,Resolved
1-708116786,Resolved
1-708177338,Resolved
1-708505881,Resolved
1-708524564,Resolved
1-708526701,Resolved
1-708529881,Resolved
1-708573022,Resolved
1-708577179,Resolved
1-708587941,Resolved
1-708588651,Resolved
1-708605704,Resolved
1-708618611,Resolved
1-708621071,Resolved
1-708621211,Resolved
1-708621216,Resolved
1-708625573,Resolved
1-708654057,Resolved
1-708654206,Resolved
1-708654452,Resolved
1-708674093,Resolved
1-708824660,Resolved
1-708840091,Resolved
1-708840281,Resolved
1-708840891,Resolved
1-708879965,Resolved
1-708954745,Resolved
1-709023396,Resolved
1-709033790,Resolved
1-709073301,Resolved
1-709073651,Resolved
1-709167822,Resolved
1-709437564,Resolved
1-709456716,Resolved
1-709465778,Resolved
1-709477967,Resolved
1-709496690,Resolved
1-709502283,Resolved
1-709504717,Resolved
1-709505128,Resolved
1-709542591,Resolved
1-709544188,Resolved
1-709557170,Resolved
1-709563207,Resolved
1-709563537,Resolved
1-709663406,Resolved
1-709707903,Resolved
1-709715968,Resolved
1-709758563,Resolved
1-709769982,Resolved
1-709804068,Resolved
1-709831036,Resolved
1-709844441,Resolved
1-710083211,Resolved
1-710083501,Resolved
1-710083691,Resolved
1-710083831,Resolved
1-710133933,Resolved
1-710177495,Resolved
1-710211491,Resolved
1-710248131,Resolved
1-712880822,Resolved
1-712891909,Resolved
1-712901719,Resolved
1-712908376,Resolved
1-712916847,Resolved
1-712916876,Resolved
1-712942400,Resolved
1-712950734,Resolved
1-712979761,Resolved
1-713046754,Resolved
1-713472354,Resolved
1-713472661,Resolved
1-713520241,Resolved
1-715404545,Resolved
1-715416221,Resolved
1-715416771,Resolved
1-715437063,Resolved
1-715439170,Resolved
1-715505142,Resolved
1-715505758,Resolved
1-715628657,Resolved
1-715641871,Resolved
1-715642734,Resolved
1-715658220,Resolved
1-715673631,Resolved
1-715677131,Resolved
1-715689451,Resolved
1-715704641,Resolved
1-715713221,Resolved
1-715724341,Resolved
1-715731471,Resolved
1-715739627,Resolved
1-715753705,Resolved
1-715780861,Resolved
1-715819222,Resolved
1-715860853,Resolved
1-715927090,Resolved
1-715977583,Resolved
1-716035538,Resolved
1-716092458,Resolved
1-716114500,Resolved
1-716164282,Resolved
1-716195100,Resolved
1-716202992,Resolved
1-716215673,Resolved
1-716219287,Resolved
1-716221928,Resolved
1-716224739,Resolved
1-716234193,Resolved
1-716234358,Resolved
1-716289998,Resolved
1-716290816,Resolved
1-716294642,Resolved
1-716331563,Resolved
1-716381288,Resolved
1-716409968,Resolved
1-716410137,Resolved
1-716410529,Resolved
1-716425334,Resolved
1-716445231,Resolved
1-716466808,Resolved
1-716467704,Resolved
1-716473461,Resolved
1-716510112,Resolved
1-716530349,Resolved
1-716547687,Resolved
1-716584541,Resolved
1-716584881,Resolved
1-716587209,Resolved
1-716629872,Resolved
1-716650567,Resolved
1-716650593,Resolved
1-716688713,Resolved
1-716689691,Resolved
1-716949717,Resolved
1-716962496,Resolved
1-716981483,Resolved
1-716989377,Resolved
1-717021893,Resolved
1-717027282,Resolved
1-717067711,Resolved
1-717113861,Resolved
1-717126508,Resolved
1-717137957,Resolved
1-717173812,Resolved
1-717197709,Resolved
1-717207263,Resolved
1-717210101,Resolved
1-717227518,Resolved
1-717228961,Resolved
1-717275031,Resolved
1-717283611,Resolved
1-717331011,Resolved
1-717333026,Resolved
1-717397801,Resolved
1-717413361,Resolved
1-717419109,Resolved
1-717431477,Resolved
1-717446378,Resolved
1-717491930,Resolved
1-717684213,Resolved
1-717714208,Resolved
1-717717559,Resolved
1-717720404,Resolved
1-717726137,Resolved
1-717764374,Resolved
1-717770354,Resolved
1-717795233,Resolved
1-717799091,Resolved
1-717837851,Resolved
1-717843904,Resolved
1-717845096,Resolved
1-717854005,Resolved
1-717901005,Resolved
1-717914963,Resolved
1-717915624,Resolved
1-717918204,Resolved
1-717918214,Resolved
1-717954369,Resolved
1-717971591,Resolved
1-717977915,Resolved
1-717979241,Resolved
1-718004998,Resolved
1-718005400,Resolved
1-718021221,Resolved
1-718028943,Resolved
1-718032180,Resolved
1-718038855,In_Call
1-718043945,Resolved
1-718089090,Resolved
1-718100518,Resolved
1-718132991,Resolved
1-718133341,Resolved
1-718151332,Resolved
1-718162127,Resolved
1-718915746,Resolved
1-718965291,Resolved
1-718977997,Resolved
1-718997398,Resolved
1-719009547,Resolved
1-719035508,Resolved
1-719042888,Resolved
1-719069585,Resolved
1-719110506,Resolved
1-719114721,Resolved
1-719156663,Resolved
1-719171201,Resolved
1-719171221,Resolved
1-719171831,Resolved
1-719199551,Resolved
1-719204935,Resolved
1-719232179,Resolved
1-719232890,Resolved
1-719240042,Resolved
1-719251456,Resolved
1-719257516,Resolved
1-719272244,Resolved
1-719278453,Resolved
1-719278949,Resolved
1-719283506,Resolved
1-719317155,Resolved
1-719343054,Resolved
1-719365340,Resolved
1-719368467,Resolved
1-719376891,Resolved
1-719396793,Resolved
1-719401266,Resolved
1-719410841,Resolved
1-719417071,Resolved
1-719418321,Resolved
1-719427538,Resolved
1-719457882,Resolved
1-719494184,Resolved
1-719527281,Resolved
1-719527701,Resolved
1-719545691,Resolved
1-719557568,Resolved
1-719557848,Resolved
1-719562894,Resolved
1-719564142,Resolved
1-719570805,Resolved
1-719604235,Resolved
1-719999107,Resolved
1-719999555,Resolved
1-720001688,Resolved
1-720016461,Resolved
1-720020557,Resolved
1-720038450,Resolved
1-720050050,Resolved
1-720058448,Resolved
1-720069769,Resolved
1-720106082,Resolved
1-720110782,Resolved
1-720113580,Resolved
1-720120744,Resolved
1-720121244,Resolved
1-720123132,Resolved
1-720132322,Resolved
1-720136396,Resolved
1-720136845,Resolved
1-720139895,Resolved
1-720148628,Resolved
1-720162489,Resolved
1-720183338,Resolved
1-720204222,Resolved
1-720205701,Resolved
1-720206203,Resolved
1-720210419,Resolved
1-720236091,Resolved
1-720236793,Resolved
1-720238081,Resolved
1-720238521,Resolved
1-720238611,Resolved
1-720256656,Resolved
1-720284313,Resolved
1-720284411,Resolved
1-720286653,Resolved
1-720286781,Resolved
1-720293692,Resolved
1-720303301,Resolved
1-720314291,Resolved
1-720344447,Resolved
1-720348105,Resolved
1-720382341,Resolved
1-720382501,Resolved
1-720395521,Resolved
1-720397707,Resolved
1-720399249,Resolved
1-720413010,Resolved
1-720431324,Resolved
1-720444903,Resolved
1-720467504,Resolved
1-720472166,Resolved
1-720472355,Resolved
1-720480174,Resolved
1-720521568,Resolved
1-720573655,Resolved
1-720600393,In_Call
1-720602934,Resolved
1-720625387,Resolved
1-722011393,Resolved
1-722015518,Resolved
1-722019330,Resolved
1-722031971,Resolved
1-722032861,Resolved
1-722036421,Resolved
1-722037671,Resolved
1-722043575,Resolved
1-722053011,Resolved
1-722064650,Resolved
1-722070899,Resolved
1-722082563,Resolved
1-722087493,Resolved
1-722100455,Resolved
1-722103115,Resolved
1-722103633,Resolved
1-722135071,Resolved
1-722135191,Resolved
1-722135421,Resolved
1-722180065,Resolved
1-722180141,Resolved
1-722195560,Resolved
1-722199228,Resolved
1-722201622,Resolved
1-722206475,Resolved
1-722223033,Resolved
1-722240826,Resolved
1-722242703,Resolved
1-722244560,Resolved
1-722261790,Resolved
1-722273075,Resolved
1-722293660,Resolved
1-722299587,Resolved
1-722306467,Resolved
1-722332101,Resolved
1-722362086,Resolved
1-722385327,Resolved
1-722386222,Resolved
1-722386268,Resolved
1-722388008,Resolved
1-722393548,Resolved
1-722398871,Resolved
1-722410869,Resolved
1-722410885,Resolved
1-722415150,Resolved
1-722446422,Resolved
1-722446651,Resolved
1-722456527,Resolved
1-722456790,Resolved
1-722457895,Resolved
1-722464062,Resolved
1-722485381,Resolved
1-722499503,Resolved
1-722514203,Resolved
1-722535466,Resolved
1-722551539,Resolved
1-722557526,Resolved
1-722557908,Resolved
1-722563391,Resolved
1-722563431,Resolved
1-722563671,Resolved
1-722563681,Resolved
1-722568166,Resolved
1-722576991,Resolved
1-722577251,Resolved
1-722577581,Resolved
1-722579031,Resolved
1-722579712,Resolved
1-722586342,Resolved
1-722591617,Resolved
1-722603802,Resolved
1-722633677,Resolved
1-722653227,Resolved
1-722676283,Resolved
1-722676834,Resolved
1-722682307,Resolved
1-722698931,Resolved
1-722699121,Resolved
1-722699381,Resolved
1-722751796,Resolved
1-722774781,Resolved
1-722800373,Resolved
1-722802882,Resolved
1-724993372,Resolved
1-726519362,Resolved
1-726519612,Resolved
1-726521429,Resolved
1-726528936,Resolved
1-726528943,Resolved
1-726530157,Resolved
1-726532802,Resolved
1-726532876,Resolved
1-726533201,Resolved
1-726537852,Resolved
1-726546276,Resolved
1-726546740,Resolved
1-726552311,Resolved
1-726554431,Resolved
1-726576082,Resolved
1-726614295,Resolved
1-726625483,Resolved
1-726625502,Resolved
1-726637105,Resolved
1-726667991,Resolved
1-726668161,Resolved
1-726695193,Resolved
1-726696979,Resolved
1-726712611,Resolved
1-726729135,Resolved
1-726747811,Resolved
1-726754037,Resolved
1-726769441,Resolved
1-726777605,Resolved
1-726777620,Resolved
1-726797367,Resolved
1-726829050,Resolved
1-726834518,Resolved
1-726844205,Resolved
1-726889557,Resolved
1-726893941,Resolved
1-726893951,Resolved
1-726894642,Resolved
1-726894711,Resolved
1-726894731,Resolved
1-726896681,Resolved
1-726907941,Resolved
1-726908351,Resolved
1-726908461,Resolved
1-726908881,Resolved
1-726913671,Resolved
1-726921727,Resolved
1-726923786,In_Call
1-726936962,Resolved
1-726943514,Resolved
1-726974974,Resolved
1-726977591,In_Call
1-726993271,Resolved
1-726994871,Resolved
1-727013401,Resolved
1-727021332,Resolved
1-727029406,Resolved
1-727049292,Resolved
1-727074774,Resolved
1-727104891,Resolved
1-727108464,Resolved
1-727113589,Resolved
1-727123066,Resolved
1-727152027,Resolved
1-727155202,Resolved
1-727165553,Resolved
1-727176381,Resolved
1-727217586,Resolved
1-727224498,Resolved
1-728176584,Resolved
1-728181260,Resolved
1-728186504,Resolved
1-728186672,Resolved
1-728236947,Resolved
1-728245797,Resolved
1-728256681,Resolved
1-728261550,Resolved
1-728261720,Resolved
1-728268983,Resolved
1-728269093,Resolved
1-728288484,Resolved
1-728290131,Resolved
1-728290611,Resolved
1-728292674,Resolved
1-728308361,Resolved
1-728309860,Resolved
1-728318565,Resolved
1-728326523,Resolved
1-728338521,Resolved
1-728338595,Resolved
1-728372131,Resolved
1-728375012,Resolved
1-728380041,Resolved
1-728380361,Resolved
1-728380451,Resolved
1-728380521,Resolved
1-728401991,Resolved
1-728402231,Resolved
1-728408911,Resolved
1-728409061,Resolved
1-728412968,Resolved
1-728418011,Resolved
1-728423732,Resolved
1-728429599,Resolved
1-728429698,Resolved
1-728449782,Resolved
1-728463083,Resolved
1-728466992,Resolved
1-728471269,Resolved
1-728476062,Resolved
1-728479140,Resolved
1-728479661,Resolved
1-728480859,Resolved
1-728515380,Resolved
1-728515447,Resolved
1-728516315,Resolved
1-728516690,Resolved
1-728549796,Resolved
1-728558963,Resolved
1-728564933,Resolved
1-728565252,Resolved
1-728567120,Resolved
1-728567187,Resolved
1-728567806,Resolved
1-728574390,Resolved
1-728595344,Resolved
1-728604095,In_Call
1-728604558,Resolved
1-728609400,Resolved
1-728617580,Resolved
1-728627978,Resolved
1-728628057,Resolved
1-728641783,Resolved
1-728700188,Resolved
1-728722906,Resolved
1-728728162,Resolved
1-728737339,Resolved
1-728749040,Resolved
1-728749109,Resolved
1-728768797,Resolved
1-728774979,Resolved
1-728827701,Resolved
1-729074991,Resolved
1-729075211,Resolved
1-729080926,Resolved
1-729082121,Resolved
1-729082236,Resolved
1-729082701,Resolved
1-729082871,Resolved
1-729083781,Resolved
1-729097375,Resolved
1-729244882,Resolved
1-729249186,Resolved
1-729256121,Resolved
1-729256251,Resolved
1-729256531,Resolved
1-729256831,Resolved
1-729256851,Resolved
1-729256882,Resolved
1-729275172,Resolved
1-729275419,Resolved
1-729278754,Resolved
1-729312244,In_Call
1-729312873,Resolved
1-729315061,Resolved
1-729315411,Resolved
1-729315431,Resolved
1-729317695,Resolved
1-729337282,Resolved
1-729345302,Resolved
1-729347720,Resolved
1-729349281,Resolved
1-729349739,Resolved
1-729351021,Resolved
1-729351591,Resolved
1-729351752,Resolved
1-729351761,Resolved
1-729356801,Resolved
1-729358683,Resolved
1-729358866,Resolved
1-729360965,Resolved
1-729363660,Resolved
1-729371940,Resolved
1-729381438,Resolved
1-729406081,Resolved
1-729406281,Resolved
1-729406311,Resolved
1-729406661,Resolved
1-729407452,Resolved
1-729413423,Resolved
1-729423171,Resolved
1-729423561,Resolved
1-729424427,Resolved
1-729424771,Resolved
1-729440375,Resolved
1-729441271,Resolved
1-729441801,Resolved
1-729447885,Resolved
1-729454597,Resolved
1-729455114,In_Call
1-729455355,Resolved
1-729456199,Resolved
1-729462951,Resolved
1-729463071,Resolved
1-729463251,Resolved
1-729463281,Resolved
1-729463311,Resolved
1-729463386,Resolved
1-729463401,Resolved
1-729463406,Resolved
1-729463411,Resolved
1-729463491,Resolved
1-729463651,Resolved
1-729463671,Resolved
1-729463721,Resolved
1-729463741,Resolved
1-729463771,Resolved
1-729463781,Resolved
1-729463821,Resolved
1-729463831,Resolved
1-729463861,Resolved
1-729468185,Resolved
1-729473091,Resolved
1-729473517,Resolved
1-729482553,Resolved
1-729495122,Resolved
1-729497222,Resolved
1-729510095,Resolved
1-729510194,Resolved
1-729512860,Resolved
1-729513010,Resolved
1-729519381,Resolved
1-729519781,Resolved
1-729523637,Resolved
1-729527202,Resolved
1-729536403,Resolved
1-729556366,Resolved
1-729564375,Resolved
1-729564393,Resolved
1-729580884,Resolved
1-729585074,Resolved
1-729586865,Resolved
1-729593276,Resolved
1-729598821,Resolved
1-729610251,Resolved
1-729615221,Resolved
1-729616611,Resolved
1-729639068,Resolved
1-729642101,Resolved
1-729642261,Resolved
1-729642342,Resolved
1-729650335,Resolved
1-729654566,Resolved
1-729659065,Resolved
1-729659209,Resolved
1-729659239,Resolved
1-729660704,Resolved
1-729681899,Resolved
1-729683700,Resolved
1-729692250,Resolved
1-729696910,Resolved
1-729696957,Resolved
1-729697264,Resolved
1-729697406,Resolved
1-729697514,Resolved
1-729701261,Resolved
1-729703611,Resolved
1-729707456,Resolved
1-729710911,Resolved
1-729722696,Resolved
1-729724503,Resolved
1-729724548,Resolved
1-729732469,Resolved
1-729735075,Resolved
1-729737371,Resolved
1-729748001,Resolved
1-729748027,Resolved
1-729748248,Resolved
1-729751751,Resolved
1-729753991,Resolved
1-729765503,Resolved
1-729769620,Resolved
1-729769884,Resolved
1-729770216,Resolved
1-729771165,Resolved
1-729775220,Resolved
1-729775808,Resolved
1-729781437,Resolved
1-729781697,Resolved
1-729783786,Resolved
1-729794376,Resolved
1-729799491,Resolved
1-729802083,Resolved
1-729802209,Resolved
1-729802236,Resolved
1-729806213,Resolved
1-729809195,Resolved
1-729809514,Resolved
1-729814049,Resolved
1-729820704,Resolved
1-729820770,Resolved
1-729823831,Resolved
1-729825014,Resolved
1-729826503,Resolved
1-729830322,Resolved
1-729843994,Resolved
1-729844109,Resolved
1-729857533,Resolved
1-729866114,Resolved
1-729870359,Resolved
1-729890136,Resolved
1-729893383,Resolved
1-729896421,Resolved
1-729905093,Resolved
1-729905491,Resolved
1-729910993,Resolved
1-729913537,Resolved
1-729913690,Resolved
1-729955753,Resolved
1-730005931,Resolved
1-730018116,Resolved
1-730030995,Resolved
1-730035461,Resolved
1-730040641,Resolved
1-730040885,Resolved
1-730042386,Resolved
1-730054339,Resolved
1-730065800,Resolved
1-730067183,Resolved
1-730067309,Resolved
1-730068930,Resolved
1-730069431,Resolved
1-730069683,Resolved
1-730071292,Resolved
1-730071341,Resolved
1-730071391,Resolved
1-730071581,Resolved
1-730071611,Resolved
1-730071731,Resolved
1-730071791,Resolved
1-730071831,Resolved
1-730077100,Resolved
1-730080969,Resolved
1-730081404,Resolved
1-730081514,Resolved
1-730081747,Resolved
1-730082325,Resolved
1-730084493,Resolved
1-730110101,Resolved
1-730126971,Resolved
1-730126981,Resolved
1-730127001,Resolved
1-730127111,Resolved
1-730127251,Resolved
1-730127301,Resolved
1-730127321,Resolved
1-730127381,Resolved
1-730129661,Resolved
1-730130539,Resolved
1-730177483,Resolved
1-730188780,Resolved
1-730497354,Resolved
1-730497866,Resolved
1-730502433,Resolved
1-730509302,Resolved
1-730509416,Resolved
1-730509461,Resolved
1-730509773,Resolved
1-730515189,Resolved
1-730515574,Resolved
1-730520519,Resolved
1-730522301,Resolved
1-730528304,Resolved
1-730529203,Resolved
1-730533489,Resolved
1-730540985,Resolved
1-730550464,Resolved
1-730550796,Resolved
1-730561221,Resolved
1-730561693,Resolved
1-730589165,Resolved
1-730589790,Resolved
1-730604741,Resolved
1-730607446,Resolved
1-730607592,Resolved
1-730620137,Resolved
1-730624890,Resolved
1-730628190,Resolved
1-730640484,Resolved
1-730641578,Resolved
1-730644761,In_Call
1-730655295,Resolved
1-730655355,Resolved
1-730655701,Resolved
1-730661521,Resolved
1-730661532,Resolved
1-730661976,Resolved
1-730662807,Resolved
1-730664821,Resolved
1-730683686,Resolved
1-730683794,Resolved
1-730687426,Resolved
1-730692155,Resolved
1-730692332,Resolved
1-730692683,Resolved
1-730693647,Resolved
1-730694495,Resolved
1-730697741,Resolved
1-730698085,Resolved
1-730698833,Resolved
1-730700447,Resolved
1-730736338,Resolved
1-730737297,Resolved
1-730757694,Resolved
1-730760509,Resolved
1-730760683,Resolved
1-730760715,Resolved
1-730768526,Resolved
1-730772841,Resolved
1-730780976,Resolved
1-730784738,Resolved
1-730788530,Resolved
1-730795246,Resolved
1-730802686,Resolved
1-730811397,Resolved
1-730811465,Resolved
1-730812766,Resolved
1-730829508,Resolved
1-730833007,Resolved
1-730833132,Resolved
1-730835168,Resolved
1-730835217,Resolved
1-730858110,Resolved
1-730872746,Resolved
1-730884191,Resolved
1-730887476,Resolved
1-730901191,Resolved
1-730901311,Resolved
1-730901381,Resolved
1-730901481,Resolved
1-730901831,Resolved
1-730901851,Resolved
1-730901861,Resolved
1-730901866,Resolved
1-730901884,Resolved
1-730919441,Resolved
1-730919669,Resolved
1-730952971,Resolved
1-730954381,Resolved
1-730957378,Resolved
1-730957431,Resolved
1-730957669,Resolved
1-730959490,Resolved
1-730960949,Resolved
1-730968951,Resolved
1-730969091,Resolved
1-730969141,Resolved
1-730969181,Resolved
1-730969191,Resolved
1-730969241,Resolved
1-730969281,Resolved
1-730969321,Resolved
1-730969381,Resolved
1-730969511,Resolved
1-730969611,Resolved
1-730969651,Resolved
1-730969661,Resolved
1-730969711,Resolved
1-730969751,Resolved
1-730969761,Resolved
1-730969852,Resolved
1-730975016,Resolved
1-730975807,Resolved
1-730992013,Resolved
1-730992516,In_Call
1-730997166,Resolved
1-730997865,Resolved
1-731025329,Resolved
1-731050483,Resolved
1-731050573,Resolved
1-731064118,Resolved
1-731064788,Resolved
1-731064951,Resolved
1-731065059,Resolved
1-731065133,Resolved
1-731065533,Resolved
1-731069701,Resolved
1-731073050,Resolved
1-731088011,Resolved
1-731088401,Resolved
1-731094128,Resolved
1-731094429,Resolved
1-731094556,Resolved
1-731100012,Resolved
1-731100744,Resolved
1-731102081,Resolved
1-731102310,Resolved
1-731113654,Resolved
1-731117221,Resolved
1-731123267,Resolved
1-731134946,Resolved
1-731135262,Resolved
1-731142213,Resolved
1-731142897,Resolved
1-731147913,Resolved
1-731151185,Resolved
1-731154311,Resolved
1-731154499,Resolved
1-731154856,Resolved
1-731157379,Resolved
1-731157904,Resolved
1-731170911,Resolved
1-731177370,Resolved
1-731182383,Resolved
1-731182527,Resolved
1-731188940,Resolved
1-731208499,Resolved
1-731218589,Resolved
1-731228360,Resolved
1-731233155,Resolved
1-731235386,Resolved
1-731235536,Resolved
1-731241891,Resolved
1-731266446,Resolved
1-731269853,Resolved
1-731273458,Resolved
1-731276604,Resolved
1-731276779,In_Call
1-731278533,Resolved
1-731330695,Resolved
1-731333657,Resolved
1-731333810,Resolved
1-731334678,Resolved
1-731336210,Resolved
1-731341641,Resolved
1-731342385,In_Call
1-731382356,Resolved
1-731382414,Resolved
1-731439432,Resolved
1-731439441,Resolved
1-731439460,In_Call
1-731764032,Resolved
1-731764304,Resolved
1-731766006,Resolved
1-731779343,In_Call
1-731779791,Resolved
1-731780971,Resolved
1-731792134,Resolved
1-731802464,Resolved
1-731802560,Resolved
1-731809381,Resolved
1-731814081,Resolved
1-731814945,Resolved
1-731815411,Resolved
1-731816225,Resolved
1-731818398,Resolved
1-731818521,Resolved
1-731829901,Resolved
1-731829921,Resolved
1-731829961,Resolved
1-731830011,Resolved
1-731830081,Resolved
1-731830101,Resolved
1-731830131,Resolved
1-731830141,Resolved
1-731830151,Resolved
1-731830191,Resolved
1-731830321,Resolved
1-731830361,Resolved
1-731830451,Resolved
1-731830821,Resolved
1-731830871,Resolved
1-731831585,Resolved
1-731840332,Resolved
1-731840730,Resolved
1-731849320,Resolved
1-731853306,Resolved
1-731853501,Resolved
1-731861414,Resolved
1-731868901,Resolved
1-731868931,Resolved
1-731868981,Resolved
1-731869101,Resolved
1-731869211,Resolved
1-731869271,Resolved
1-731869361,Resolved
1-731869391,Resolved
1-731869451,Resolved
1-731869491,Resolved
1-731869581,Resolved
1-731869591,Resolved
1-731869641,Resolved
1-731869661,Resolved
1-731869721,Resolved
1-731869752,Resolved
1-731871593,Resolved
1-731879687,Resolved
1-731886981,Resolved
1-731887861,Resolved
1-731888911,Resolved
1-731890914,Resolved
1-731896377,Resolved
1-731896824,Resolved
1-731897193,Resolved
1-731913720,Resolved
1-731923244,Resolved
1-731925995,Resolved
1-731926201,Resolved
1-731937914,Resolved
1-731945940,In_Call
1-731950209,Resolved
1-731965990,Resolved
1-731966140,Resolved
1-731966686,Resolved
1-731967683,Resolved
1-731970581,Resolved
1-731970710,Resolved
1-731984877,Resolved
1-731991552,Resolved
1-731996648,Resolved
1-732011816,Resolved
1-732011856,Resolved
1-732013295,Resolved
1-732017153,Resolved
1-732018081,Resolved
1-732018131,Resolved
1-732022076,Resolved
1-732024480,Resolved
1-732024939,Resolved
1-732025104,Resolved
1-732025285,Resolved
1-732026980,Resolved
1-732027653,Resolved
1-732030161,Resolved
1-732030201,Resolved
1-732030211,Resolved
1-732030331,Resolved
1-732030831,Resolved
1-732061548,Resolved
1-732061858,Resolved
1-732062676,Resolved
1-732067929,Resolved
1-732068791,Resolved
1-732073496,Resolved
1-732081952,Resolved
1-732088178,Resolved
1-732095030,Resolved
1-732095248,Resolved
1-732098363,Resolved
1-732099191,Resolved
1-732110977,Resolved
1-732111330,Resolved
1-732115634,Resolved
1-732121564,Resolved
1-732124409,Resolved
1-732137688,Resolved
1-732139419,Resolved
1-732143130,Resolved
1-732145234,Resolved
1-732157096,Resolved
1-732161757,Resolved
1-732163361,Resolved
1-732171009,Resolved
1-732173481,Resolved
1-732173541,Resolved
1-732174599,Resolved
1-732177911,Resolved
1-732179211,Resolved
1-732179268,Resolved
1-732179287,Resolved
1-732185768,Resolved
1-732193663,Resolved
1-732196939,Resolved
1-732199958,Resolved
1-732201078,Resolved
1-732202373,Resolved
1-732202511,Resolved
1-732203933,Resolved
1-732205269,Resolved
1-732211941,Resolved
1-732211961,Resolved
1-732212091,Resolved
1-732212111,Resolved
1-732212211,Resolved
1-732212231,Resolved
1-732212241,Resolved
1-732212251,Resolved
1-732212261,Resolved
1-732212661,Resolved
1-732212691,Resolved
1-732212731,Resolved
1-732212791,Resolved
1-732212891,Resolved
1-732218598,Resolved
1-732218663,Resolved
1-732219471,Resolved
1-732223113,Resolved
1-732224539,Resolved
1-732226133,Resolved
1-732228413,Resolved
1-732229387,Resolved
1-732229669,Resolved
1-732229853,Resolved
1-732240803,Resolved
1-732247638,Resolved
1-732251191,Resolved
1-732251858,Resolved
1-732254715,Resolved
1-732259171,Resolved
1-732259271,Resolved
1-732259291,Resolved
1-732259341,Resolved
1-732259491,Resolved
1-732259521,Resolved
1-732261051,Resolved
1-732261291,Resolved
1-732261411,Resolved
1-732261521,Resolved
1-732261561,Resolved
1-732261891,Resolved
1-732279953,Resolved
1-732282433,Resolved
1-732289131,Resolved
1-732289335,Resolved
1-732289939,Resolved
1-732296918,Resolved
1-732297422,Resolved
1-732297766,Resolved
1-732297859,Resolved
1-732297896,Resolved
1-732309611,Resolved
1-732316871,Resolved
1-732325815,Resolved
1-732332311,Resolved
1-732335159,Resolved
1-732335513,Resolved
1-732348420,Resolved
1-732357562,Resolved
1-732359781,Resolved
1-732361418,Resolved
1-732361737,Resolved
1-732378982,Resolved
1-732385994,Resolved
1-732391464,Resolved
1-732394151,Resolved
1-732419012,Resolved
1-732424301,Resolved
1-732425275,Resolved
1-732439433,Resolved
1-732439530,Resolved
1-732447930,Resolved
1-732451728,Resolved
1-732451794,In_Call
1-732455631,Resolved
1-732463205,Resolved
1-732469360,Resolved
1-732469478,In_Call
1-732473167,Resolved
1-732525291,Resolved
1-732526526,Resolved
1-732851321,Resolved
1-732852191,Resolved
1-732855871,Resolved
1-732862874,Resolved
1-732863332,Resolved
1-732867372,Resolved
1-732869294,Resolved
1-732869889,Resolved
1-732875748,Resolved
1-732877003,Resolved
1-732883071,Resolved
1-732884421,Resolved
1-732885906,Resolved
1-732886198,Resolved
1-732886222,Resolved
1-732886890,Resolved
1-732892174,Resolved
1-732892273,Resolved
1-732892779,Resolved
1-732893406,Resolved
1-732895470,Resolved
1-732895541,Resolved
1-732899659,Resolved
1-732899879,Resolved
1-732904675,Resolved
1-732909375,Resolved
1-732909606,Resolved
1-732923380,Resolved
1-732933421,Resolved
1-732936005,Resolved
1-732942420,Resolved
1-732942791,Resolved
1-732943705,Resolved
1-732949234,Resolved
1-732949351,Resolved
1-732958303,Resolved
1-732960195,Resolved
1-732967688,Resolved
1-732970482,Resolved
1-732970505,Resolved
1-732970553,Resolved
1-732972251,Resolved
1-732984553,Resolved
1-732987137,Resolved
1-733001687,Resolved
1-733009526,Resolved
1-733022791,Resolved
1-733033210,Resolved
1-733037955,Resolved
1-733055291,Resolved
1-733062601,Resolved
1-733072511,Resolved
1-733073241,Resolved
1-733073251,Resolved
1-733073371,Resolved
1-733073481,Resolved
1-733073501,Resolved
1-733073541,Resolved
1-733073641,Resolved
1-733073791,Resolved
1-733075475,Resolved
1-733075652,Resolved
1-733075863,Resolved
1-733076472,Resolved
1-733076551,Resolved
1-733076651,Resolved
1-733076791,Resolved
1-733076851,Resolved
1-733076861,Resolved
1-733076871,Resolved
1-733078021,Resolved
1-733078101,Resolved
1-733081574,Resolved
1-733082240,Resolved
1-733083240,Resolved
1-733083929,Resolved
1-733084555,Resolved
1-733084819,Resolved
1-733096851,Resolved
1-733111867,Resolved
1-733115300,Resolved
1-733115976,Resolved
1-733120018,Resolved
1-733120074,In_Call
1-733123088,Resolved
1-733131099,Resolved
1-733135051,Resolved
1-733135172,Resolved
1-733141096,In_Call
1-733158183,Resolved
1-733158397,Resolved
1-733161095,Resolved
1-733161610,Resolved
1-733164001,Resolved
1-733174377,Resolved
1-733177423,Resolved
1-733178699,Resolved
1-733196361,Resolved
1-733198236,Resolved
1-733199874,Resolved
1-733199887,Resolved
1-733202134,Resolved
1-733207651,Resolved
1-733208951,Resolved
1-733209061,Resolved
1-733209121,Resolved
1-733209141,Resolved
1-733209231,Resolved
1-733209291,Resolved
1-733209301,Resolved
1-733209371,Resolved
1-733209431,Resolved
1-733209481,Resolved
1-733209501,Resolved
1-733209551,Resolved
1-733209761,Resolved
1-733209881,Resolved
1-733211401,Resolved
1-733240253,Resolved
1-733240337,Resolved
1-733240459,Resolved
1-733240668,Resolved
1-733242265,Resolved
1-733242301,Resolved
1-733242367,Resolved
1-733244079,Resolved
1-733244535,Resolved
1-733249884,Resolved
1-733250511,Resolved
1-733251971,Resolved
1-733252138,Resolved
1-733252212,Resolved
1-733252314,Resolved
1-733252403,Resolved
1-733254575,Resolved
1-733265984,Resolved
1-733266204,Resolved
1-733266236,Resolved
1-733271357,Resolved
1-733272407,Resolved
1-733272495,Resolved
1-733279756,Resolved
1-733286591,Resolved
1-733290992,Resolved
1-733293251,Resolved
1-733301711,Resolved
1-733302363,Resolved
1-733302878,Resolved
1-733302992,Resolved
1-733318093,Resolved
1-733319481,Resolved
1-733325188,Resolved
1-733336652,Resolved
1-733337683,Resolved
1-733338481,Resolved
1-733338744,Resolved
1-733341857,Resolved
1-733345605,Resolved
1-733348356,Resolved
1-733348462,Resolved
1-733348917,Resolved
1-733348922,Resolved
1-733350311,Resolved
1-733350721,Resolved
1-733357099,Resolved
1-733360125,Resolved
1-733360682,Resolved
1-733362771,Resolved
1-733364740,Resolved
1-733368557,Resolved
1-733368900,Resolved
1-733372160,Resolved
1-733372382,Resolved
1-733381485,Resolved
1-733389423,Resolved
1-733393162,Resolved
1-733405424,Resolved
1-733408351,Resolved
1-733413965,Resolved
1-733414248,Resolved
1-733418076,Resolved
1-733420258,Resolved
1-733424129,Resolved
1-733442303,Resolved
1-733443560,Resolved
1-733449199,Resolved
1-733449471,Resolved
1-733456610,Resolved
1-733469984,Resolved
1-733471771,Resolved
1-733471834,Resolved
1-733474451,Resolved
1-733478032,Resolved
1-733478789,Resolved
1-733482215,Resolved
1-733482558,Resolved
1-733485051,Resolved
1-733485346,Resolved
1-733498926,Resolved
1-733511386,Resolved
1-733527715,Resolved
1-733527806,Resolved
1-733536755,Resolved
1-733539596,Resolved
1-733547550,Resolved
1-733549283,Resolved
1-733552642,Resolved
1-733556566,Resolved
1-733556791,Resolved
1-733561308,Resolved
1-733561499,Resolved
1-733561635,Resolved
1-733561927,Resolved
1-733561941,Resolved
1-733563537,Resolved
1-733565953,Resolved
1-733566832,In_Call
1-733613370,Resolved
1-733614122,Resolved
1-733648964,Resolved
1-733649307,In_Call
1-734030508,Resolved
1-734658425,Resolved
1-734659103,Resolved
1-734659114,Resolved
1-734659175,Resolved
1-734664925,Resolved
1-734665561,Resolved
1-734666685,Resolved
1-734666802,Resolved
1-734668082,Resolved
1-734668261,Resolved
1-734671867,Resolved
1-734672911,Resolved
1-734672931,Resolved
1-734673191,Resolved
1-734673221,Resolved
1-734673251,Resolved
1-734673331,Resolved
1-734673351,Resolved
1-734673391,Resolved
1-734673421,Resolved
1-734673431,Resolved
1-734673451,Resolved
1-734673481,Resolved
1-734673532,Resolved
1-734673561,Resolved
1-734673591,Resolved
1-734673821,Resolved
1-734676637,Resolved
1-734678001,Resolved
1-734678351,Resolved
1-734680961,Resolved
1-734681311,Resolved
1-734682252,Resolved
1-734682341,Resolved
1-734688312,Resolved
1-734688751,Resolved
1-734691225,Resolved
1-734693728,In_Call
1-734697082,Resolved
1-734697476,Resolved
1-734701966,Resolved
1-734702136,Resolved
1-734705951,Resolved
1-734706293,Resolved
1-734706379,Resolved
1-734706495,Resolved
1-734710056,Resolved
1-734710118,Resolved
1-734712541,Resolved
1-734712837,Resolved
1-734721812,Resolved
1-734722000,Resolved
1-734722370,Resolved
1-734723881,Resolved
1-734725890,Resolved
1-734732031,Resolved
1-734732196,Resolved
1-734733981,Resolved
1-734734063,Resolved
1-734734357,Resolved
1-734734749,Resolved
1-734734751,Resolved
1-734735344,Resolved
1-734744358,Resolved
1-734750143,Resolved
1-734750582,Resolved
1-734751876,Resolved
1-734753125,Resolved
1-734756057,Resolved
1-734765792,Resolved
1-734766481,Resolved
1-734770187,Resolved
1-734775455,Resolved
1-734775492,Resolved
1-734776701,Resolved
1-734778898,Resolved
1-734790225,Resolved
1-734790231,Resolved
1-734790466,Resolved
1-734792384,Resolved
1-734792611,Resolved
1-734792765,Resolved
1-734795962,Resolved
1-734796269,Resolved
1-734796430,Resolved
1-734796496,Resolved
1-734796699,Resolved
1-734796707,Resolved
1-734796736,Resolved
1-734796835,Resolved
1-734796892,Resolved
1-734799380,In_Call
1-734799720,Resolved
1-734801676,In_Call
1-734802189,Resolved
1-734802399,Resolved
1-734802554,Resolved
1-734805308,Resolved
1-734805695,Resolved
1-734805854,Resolved
1-734805950,Resolved
1-734805965,Resolved
1-734806283,Resolved
1-734806457,Resolved
1-734806484,Resolved
1-734807244,Resolved
1-734807317,Resolved
1-734807750,Resolved
1-734807792,Resolved
1-734811377,Resolved
1-734811981,Resolved
1-734812011,Resolved
1-734812081,Resolved
1-734812111,Resolved
1-734812121,Resolved
1-734812131,Resolved
1-734812231,Resolved
1-734812351,Resolved
1-734812361,Resolved
1-734812391,Resolved
1-734812441,Resolved
1-734812451,Resolved
1-734812471,Resolved
1-734812571,Resolved
1-734812591,Resolved
1-734812621,Resolved
1-734812751,Resolved
1-734812811,Resolved
1-734812831,Resolved
1-734812881,Resolved
1-734812891,Resolved
1-734815385,Resolved
1-734826334,Resolved
1-734836356,Resolved
1-734838388,Resolved
1-734842204,Resolved
1-734842516,Resolved
1-734842588,Resolved
1-734846994,Resolved
1-734847613,Resolved
1-734847634,Resolved
1-734847663,Resolved
1-734847833,Resolved
1-734848931,Resolved
1-734849391,Resolved
1-734849461,Resolved
1-734849621,Resolved
1-734849721,Resolved
1-734849791,Resolved
1-734862971,Resolved
1-734863171,Resolved
1-734863265,Resolved
1-734867951,Resolved
1-734867990,Resolved
1-734868961,Resolved
1-734870053,In_Call
1-734870379,Resolved
1-734873980,Resolved
1-734879331,Resolved
1-734879581,Resolved
1-734883036,Resolved
1-734894086,Resolved
1-734894104,Resolved
1-734894572,Resolved
1-734894748,Resolved
1-734895721,Resolved
1-734902541,Resolved
1-734902909,Resolved
1-734903069,Resolved
1-734903261,Resolved
1-734904368,Resolved
1-734904561,Resolved
1-734908221,Resolved
1-734908327,Resolved
1-734908392,Resolved
1-734910992,Resolved
1-734911386,Resolved
1-734911670,Resolved
1-734911690,Resolved
1-734911719,Resolved
1-734911770,Resolved
1-734915939,Resolved
1-734916461,Resolved
1-734916681,Resolved
1-734916721,Resolved
1-734916886,Resolved
1-734922854,Resolved
1-734922986,Resolved
1-734923398,Resolved
1-734926010,Resolved
1-734930461,Resolved
1-734931154,Resolved
1-734940237,Resolved
1-734941798,Resolved
1-734954390,Resolved
1-734954755,Resolved
1-734955311,Resolved
1-734955675,Resolved
1-734961624,Resolved
1-734964829,Resolved
1-734966754,Resolved
1-734968198,Resolved
1-734968410,Resolved
1-734968511,Resolved
1-734968581,Resolved
1-734968637,Resolved
1-734968773,Resolved
1-734969777,Resolved
1-734969939,Resolved
1-734971186,In_Call
1-734973156,Resolved
1-734973304,Resolved
1-734973777,Resolved
1-734979224,Resolved
1-734979301,Resolved
1-734984362,Resolved
1-734985477,Resolved
1-734987071,Resolved
1-734994398,Resolved
1-734994401,Resolved
1-734995151,Resolved
1-735000101,Resolved
1-735000225,Resolved
1-735006276,Resolved
1-735006290,Resolved
1-735010686,Resolved
1-735010701,Resolved
1-735013174,Resolved
1-735013701,Resolved
1-735013888,Resolved
1-735015156,Resolved
1-735015171,Resolved
1-735015899,Resolved
1-735025653,Resolved
1-735029367,Resolved
1-735029711,Resolved
1-735029972,Resolved
1-735030751,Resolved
1-735030780,Resolved
1-735037637,Resolved
1-735037660,Resolved
1-735037874,Resolved
1-735039301,Resolved
1-735040184,Resolved
1-735045971,Resolved
1-735046533,Resolved
1-735053067,Resolved
1-735058984,Resolved
1-735063324,Resolved
1-735063522,In_Call
1-735064179,Resolved
1-735064620,Resolved
1-735066131,Resolved
1-735066539,Resolved
1-735069481,Resolved
1-735071006,Resolved
1-735071172,Resolved
1-735071603,Resolved
1-735071961,Resolved
1-735072598,Resolved
1-735073011,Resolved
1-735076931,Resolved
1-735077126,Resolved
1-735077411,Resolved
1-735077470,Resolved
1-735077492,Resolved
1-735077804,Resolved
1-735077889,Resolved
1-735077961,Resolved
1-735078041,Resolved
1-735078091,Resolved
1-735078291,Resolved
1-735078433,Resolved
1-735078481,Resolved
1-735078531,Resolved
1-735078551,Resolved
1-735078581,Resolved
1-735078641,Resolved
1-735078711,Resolved
1-735082484,Resolved
1-735083647,Resolved
1-735084802,Resolved
1-735086187,Resolved
1-735086266,Resolved
1-735086920,Resolved
1-735087312,Resolved
1-735087406,Resolved
1-735087438,Resolved
1-735087704,Resolved
1-735088988,Resolved
1-735089153,Resolved
1-735089696,Resolved
1-735093723,Resolved
1-735093880,Resolved
1-735101563,Resolved
1-735101862,Resolved
1-735104477,Resolved
1-735104663,Resolved
1-735104703,Resolved
1-735104855,Resolved
1-735112291,Resolved
1-735117242,Resolved
1-735117256,Resolved
1-735117603,Resolved
1-735119457,Resolved
1-735123821,Resolved
1-735126180,Resolved
1-735126898,Resolved
1-735128441,Resolved
1-735129927,Resolved
1-735133142,Resolved
1-735133407,Resolved
1-735133580,Resolved
1-735136971,Resolved
1-735137073,Resolved
1-735145409,Resolved
1-735145461,Resolved
1-735145804,Resolved
1-735147842,Resolved
1-735162254,Resolved
1-735162430,Resolved
1-735164265,Resolved
1-735167951,Resolved
1-735167961,Resolved
1-735168001,Resolved
1-735168161,Resolved
1-735168231,Resolved
1-735168341,Resolved
1-735168351,Resolved
1-735168371,Resolved
1-735168571,Resolved
1-735168591,Resolved
1-735168641,Resolved
1-735168701,Resolved
1-735168711,Resolved
1-735168771,Resolved
1-735168831,Resolved
1-735170395,Resolved
1-735170801,Resolved
1-735171464,Resolved
1-735171475,Resolved
1-735171573,Resolved
1-735173406,Resolved
1-735176830,Resolved
1-735177718,Resolved
1-735177737,Resolved
1-735177767,Resolved
1-735177798,Resolved
1-735177829,Resolved
1-735180913,Resolved
1-735180983,Resolved
1-735181447,Resolved
1-735181620,Resolved
1-735181678,Resolved
1-735181724,Resolved
1-735181741,Resolved
1-735181822,Resolved
1-735182303,Resolved
1-735184231,Resolved
1-735188058,Resolved
1-735189320,Resolved
1-735189521,Resolved
1-735194105,Resolved
1-735194386,Resolved
1-735203157,Resolved
1-735224038,Resolved
1-735224085,In_Call
1-735226302,Resolved
1-735231580,Resolved
1-735231781,Resolved
1-735237150,Resolved
1-735262281,Resolved
1-735262468,Resolved
1-735262744,Resolved
1-735262773,Resolved
1-735266029,Resolved
1-735267733,Resolved
1-735315389,Resolved
1-735315426,Resolved
1-735318750,Resolved
1-735318871,Resolved
1-735877791,Resolved
1-735877837,Resolved
1-735881168,In_Call
1-735881257,Resolved
1-735881383,Resolved
1-735882481,Resolved
1-735894939,Resolved
1-735894967,Resolved
1-735895007,Resolved
1-735895054,Resolved
1-735896953,Resolved
1-735897079,Resolved
1-735897176,Resolved
1-735897883,Resolved
1-735909135,Resolved
1-735916798,Resolved
1-735917961,Resolved
1-735918111,Resolved
1-735918121,Resolved
1-735918241,Resolved
1-735918251,Resolved
1-735918271,Resolved
1-735918281,Resolved
1-735918311,Resolved
1-735918512,Resolved
1-735918621,Resolved
1-735918631,Resolved
1-735918741,Resolved
1-735918771,Resolved
1-735918801,Resolved
1-735918842,Resolved
1-735918851,Resolved
1-735930604,In_Call
1-735930868,Resolved
1-735931819,Resolved
1-735931831,Resolved
1-735996831,Resolved
1-735996872,Resolved
1-736285839,Resolved
1-736285917,Resolved
1-736286546,Resolved
1-736289931,Resolved
1-736290060,Resolved
1-736298288,Resolved
1-736304161,Resolved
1-736308281,Resolved
1-736308801,Resolved
1-736319032,Resolved
1-736319671,Resolved
1-736319805,Resolved
1-736320198,Resolved
1-736320529,Resolved
1-736346269,Resolved
1-736346321,Resolved
1-736346711,Resolved
1-736346729,Resolved
1-736346791,Resolved
1-736349585,Resolved
1-736349598,Resolved
1-736351431,Resolved
1-736353195,Resolved
1-736369244,Resolved
1-736369451,Resolved
1-736369947,Resolved
1-736370015,Resolved
1-736374128,Resolved
1-736374396,Resolved
1-736374601,Resolved
1-736374689,In_Call
1-736379048,Resolved
1-736379984,In_Call
1-736380358,Resolved
1-736381993,Resolved
1-736382563,Resolved
1-736384598,Resolved
1-736384831,Resolved
1-736384921,Resolved
1-736391598,Resolved
1-736391805,Resolved
1-736393906,Resolved
1-736395019,Resolved
1-736396055,Resolved
1-736396122,Resolved
1-736399475,Resolved
1-736401071,Resolved
1-736403381,Resolved
1-736403573,Resolved
1-736403645,Resolved
1-736403778,Resolved
1-736412923,Resolved
1-736413598,Resolved
1-736413602,Resolved
1-736433201,Resolved
1-736433217,Resolved
1-736433375,Resolved
1-736433692,Resolved
1-736440431,Resolved
1-736440526,Resolved
1-736440596,Resolved
1-736444712,Resolved
1-736445070,Resolved
1-736445691,Resolved
1-736447903,Resolved
1-736453547,Resolved
1-736460590,Resolved
1-736464674,Resolved
1-736465953,Resolved
1-736466076,Resolved
1-736468118,Resolved
1-736468784,Resolved
1-736474965,Resolved
1-736475571,Resolved
1-736478979,Resolved
1-736478998,Resolved
1-736484525,Resolved
1-736488248,Resolved
1-736488545,Resolved
1-736488559,Resolved
1-736491238,Resolved
1-736496737,Resolved
1-736499051,Resolved
1-736499071,Resolved
1-736499081,Resolved
1-736499091,Resolved
1-736499191,Resolved
1-736499271,Resolved
1-736499291,Resolved
1-736499351,Resolved
1-736499661,Resolved
1-736499691,Resolved
1-736500136,Resolved
1-736500455,Resolved
1-736500677,Resolved
1-736502399,Resolved
1-736502789,Resolved
1-736503159,Resolved
1-736503218,Resolved
1-736503759,Resolved
1-736504398,Resolved
1-736504461,Resolved
1-736506067,Resolved
1-736506257,Resolved
1-736506261,Resolved
1-736507009,Resolved
1-736507421,Resolved
1-736507449,Resolved
1-736507520,Resolved
1-736517053,Resolved
1-736517752,Resolved
1-736519419,Resolved
1-736525391,Resolved
1-736525440,Resolved
1-736528890,Resolved
1-736534836,Resolved
1-736536174,Resolved
1-736536234,Resolved
1-736536471,Resolved
1-736536834,Resolved
1-736541192,Resolved
1-736541294,Resolved
1-736541381,Resolved
1-736541581,Resolved
1-736544364,Resolved
1-736544975,Resolved
1-736547357,Resolved
1-736547971,Resolved
1-736548243,Resolved
1-736549060,Resolved
1-736549174,Resolved
1-736549233,Resolved
1-736552272,Resolved
1-736558216,Resolved
1-736558541,Resolved
1-736560221,Resolved
1-736560336,Resolved
1-736560635,Resolved
1-736561525,Resolved
1-736561851,Resolved
1-736561885,Resolved
1-736562142,Resolved
1-736567223,Resolved
1-736567811,Resolved
1-736568631,Resolved
1-736570196,Resolved
1-736577384,Resolved
1-736584141,Resolved
1-736584672,Resolved
1-736587801,In_Call
1-736590341,Resolved
1-736593529,Resolved
1-736593793,Resolved
1-736593831,Resolved
1-736593880,Resolved
1-736594108,Resolved
1-736595139,Resolved
1-736595197,Resolved
1-736595605,Resolved
1-736598835,Resolved
1-736598875,Resolved
1-736598916,Resolved
1-736599009,Resolved
1-736602025,Resolved
1-736602136,Resolved
1-736602144,Resolved
1-736602185,Resolved
1-736602248,Resolved
1-736602448,Resolved
1-736606770,Resolved
1-736609218,Resolved
1-736610908,Resolved
1-736611005,Resolved
1-736611139,Resolved
1-736611175,Resolved
1-736611829,Resolved
1-736611878,Resolved
1-736615338,Resolved
1-736615794,Resolved
1-736621227,Resolved
1-736621296,Resolved
1-736622868,In_Call
1-736628091,Resolved
1-736628139,Resolved
1-736628141,Resolved
1-736628871,Resolved
1-736629596,Resolved
1-736633842,Resolved
1-736633861,Resolved
1-736633879,In_Call
1-736635521,Resolved
1-736640460,Resolved
1-736640564,Resolved
1-736640600,Resolved
1-736641065,Resolved
1-736641250,Resolved
1-736643966,Resolved
1-736645764,Resolved
1-736646274,Resolved
1-736646937,Resolved
1-736649178,Resolved
1-736649264,Resolved
1-736649612,Resolved
1-736651898,Resolved
1-736658394,In_Call
1-736658581,Resolved
1-736658606,Resolved
1-736658611,Resolved
1-736665050,Resolved
1-736665800,Resolved
1-736667581,Resolved
1-736667947,Resolved
1-736668641,Resolved
1-736669131,Resolved
1-736669150,Resolved
1-736673112,Resolved
1-736673281,Resolved
1-736673356,Resolved
1-736673532,Resolved
1-736673911,Resolved
1-736674001,Resolved
1-736674041,Resolved
1-736674091,Resolved
1-736674151,Resolved
1-736674162,Resolved
1-736674181,Resolved
1-736674221,Resolved
1-736674251,Resolved
1-736674321,Resolved
1-736674351,Resolved
1-736674371,Resolved
1-736674381,Resolved
1-736674391,Resolved
1-736674421,Resolved
1-736674491,Resolved
1-736674501,Resolved
1-736674511,Resolved
1-736674516,Resolved
1-736674591,Resolved
1-736674641,Resolved
1-736674661,Resolved
1-736674681,Resolved
1-736674731,Resolved
1-736674741,Resolved
1-736674751,Resolved
1-736674761,Resolved
1-736674791,Resolved
1-736674811,Resolved
1-736674841,Resolved
1-736674861,Resolved
1-736676085,Resolved
1-736676173,Resolved
1-736676599,Resolved
1-736681141,Resolved
1-736681336,Resolved
1-736681845,Resolved
1-736684347,Resolved
1-736685322,Resolved
1-736685339,Resolved
1-736685369,Resolved
1-736685723,Resolved
1-736687529,Resolved
1-736688124,Resolved
1-736688222,Resolved
1-736688416,Resolved
1-736688781,Resolved
1-736688851,Resolved
1-736690181,Resolved
1-736690605,Resolved
1-736693302,Resolved
1-736696073,Resolved
1-736696291,Resolved
1-736696301,Resolved
1-736699903,Resolved
1-736700628,Resolved
1-736700716,Resolved
1-736700782,Resolved
1-736700820,Resolved
1-736700836,Resolved
1-736700852,Resolved
1-736700966,Resolved
1-736701201,Resolved
1-736701427,Resolved
1-736701710,In_Call
1-736701726,Resolved
1-736701740,In_Call
1-736704849,Resolved
1-736704900,In_Call
1-736705406,Resolved
1-736707954,Resolved
1-736707986,Resolved
1-736708648,Resolved
1-736708670,Resolved
1-736708691,Resolved
1-736708715,Resolved
1-736708926,Resolved
1-736709113,Resolved
1-736709151,Resolved
1-736709170,Resolved
1-736709298,Resolved
1-736709433,Resolved
1-736717361,In_Call
1-736717378,Resolved
1-736717412,Resolved
1-736717829,Resolved
1-736718054,In_Call
1-736718548,In_Call
1-736719999,Resolved
1-736720019,Resolved
1-736720411,Resolved
1-736720429,Resolved
1-736720459,Resolved
1-736720489,Resolved
1-736720519,Resolved
1-736720549,Resolved
1-736720567,Resolved
1-736720598,Resolved
1-736720628,Resolved
1-736720658,Resolved
1-736720688,Resolved
1-736720718,Resolved
1-736722133,In_Call
1-736722204,Resolved
1-736722622,In_Call
1-736725501,Resolved
1-736725878,Resolved
1-736726039,Resolved
1-736726143,In_Call
1-736726506,In_Call
1-736726511,Resolved
1-736726561,Resolved
1-736726607,In_Call
1-736726624,Resolved
1-736726674,Resolved
1-736726701,Resolved
1-736726720,In_Call
1-736726776,In_Call
1-736726861,Resolved
1-736726945,Resolved
1-736727128,Resolved
1-736727305,Resolved
1-736727351,Resolved
1-736727363,Resolved
1-736727386,Resolved
1-736727467,Resolved
1-736727538,Resolved
1-736727550,Resolved
1-736727562,Resolved
1-736727574,Resolved
1-736727608,Resolved
1-736727723,Resolved
1-736727792,Resolved
1-736769171,Resolved
1-736771013,In_Call
1-736771047,In_Call
1-736771094,In_Call
1-736771147,In_Call
1-736771164,In_Call
1-736771176,Resolved
1-736771304,In_Call
1-736771321,In_Call
1-736771431,In_Call
1-736771448,In_Call
1-736771694,In_Call
1-736772060,In_Call
1-736772341,Resolved
1-736772609,In_Call
1-736772621,Resolved
1-736772671,Resolved
1-736772729,Resolved
1-736772745,Resolved
1-736773011,Resolved
1-736773080,Resolved
1-736773092,Resolved
1-736773216,Resolved
1-736773340,Resolved
1-736773444,Resolved
1-736773501,Resolved
1-736773548,Resolved
1-736773721,Resolved
1-736773732,Resolved
1-736773744,Resolved
1-736773836,Resolved
1-736773847,Resolved
1-737307651,Resolved
1-737307671,Resolved
1-737308943,Resolved
1-737309015,Resolved
1-737309210,In_Call
1-737309288,In_Call
1-737309366,In_Call
1-737309400,In_Call
1-737309490,Resolved
1-737309611,In_Call
1-737309706,Resolved
1-737309768,In_Call
1-737309881,Resolved
1-737309970,Resolved
1-737310005,Resolved
1-737310100,Resolved
1-737310123,Resolved
1-737310135,Resolved
1-737310146,Resolved
1-737310284,Resolved
1-737310306,Resolved
1-737310408,Resolved
1-737310431,Resolved
1-737310443,Resolved
1-737310533,Resolved
1-737310568,Resolved
1-737310659,Resolved
1-737310671,Resolved
1-737310761,Resolved
1-737310796,Resolved
1-737312961,Resolved
1-737313112,Resolved
1-737313492,Resolved
1-737313674,Resolved
1-737313765,Resolved
1-737314763,In_Call
1-737320974,In_Call
1-737321059,Resolved
1-737321146,Resolved
1-737321171,In_Call
1-737321297,Resolved
1-737322461,Resolved
1-737322701,Resolved
1-737322740,Resolved
1-737324936,Resolved
1-737325535,Resolved
1-737325626,Resolved
1-737325704,Resolved
1-737325728,Resolved
1-737325748,Resolved
1-737325771,Resolved
1-737325828,Resolved
1-737325862,Resolved
1-737327349,Resolved
1-737328585,Resolved
1-737328743,Resolved
1-737328948,Resolved
1-737329733,Resolved
1-737329817,Resolved
1-737329865,Resolved
1-737332116,Resolved
1-737332136,Resolved
1-737332275,Resolved
1-737332328,Resolved
1-737332421,In_Call
1-737332540,Resolved
1-737333278,Resolved
1-737333490,Resolved
1-737333497,In_Call
1-737333585,In_Call
1-737333661,In_Call
1-737333735,In_Call
1-737333801,In_Call
1-737333811,Resolved
1-737333851,Resolved
1-737333888,In_Call
1-737334634,Resolved
1-737336261,Resolved
1-737336461,Resolved
1-737336494,In_Call
1-737336519,In_Call
1-737336647,In_Call
1-737336773,Resolved
1-737336823,Resolved
1-737337973,In_Call
1-737338031,In_Call
1-737338048,In_Call
1-737338092,Resolved
1-737338118,Resolved
1-737338219,Resolved
1-737338361,In_Call
1-737338372,Resolved
1-737338397,Resolved
1-737338414,Resolved
1-737338726,Resolved
1-737340955,Resolved
1-737343221,Resolved
1-737343431,Resolved
1-737343470,Resolved
1-737344433,Resolved
1-737344518,In_Call
1-737344545,Resolved
1-737344589,Resolved
1-737345032,Resolved
1-737345159,Resolved
1-737345168,Resolved
1-737345178,Resolved
1-737345189,Resolved
1-737345200,Resolved
1-737345338,Resolved
1-737345500,Resolved
1-737345522,Resolved
1-737345531,Resolved
1-737345657,Resolved
1-737346058,Resolved
1-737346077,Resolved
1-737346121,In_Call
1-737346151,Resolved
1-737346265,Resolved
1-737346282,Resolved
1-737346346,In_Call
1-737346409,In_Call
1-737346491,In_Call
1-737346525,Resolved
1-737346628,In_Call
1-737346684,Resolved
1-737346787,Resolved
1-737346875,Resolved
1-737349543,Resolved
1-737349941,Resolved
1-737349994,Resolved
1-737350346,In_Call
1-737350492,In_Call
1-737350613,In_Call
1-737350653,Resolved
1-737351901,Resolved
1-737352031,Resolved
1-737352098,In_Call
1-737352342,In_Call
1-737352513,Resolved
1-737352581,Resolved
1-737352798,Resolved
1-737352825,Resolved
1-737353965,In_Call
1-737354015,Resolved
1-737354174,Resolved
1-737354231,Resolved
1-737354325,Resolved
1-737354352,In_Call
1-737354703,Resolved
1-737354735,In_Call
1-737355932,Resolved
1-737356021,In_Call
1-737356151,Resolved
1-737356205,Resolved
1-737356218,In_Call
1-737356353,Resolved
1-737356371,In_Call
1-737356406,Resolved
1-737356417,Resolved
1-737356491,In_Call
1-737356801,Resolved
1-737356826,Resolved
1-737356862,Resolved
1-737356888,Resolved
1-737356901,Resolved
1-737356951,In_Call
1-737357037,In_Call
1-737357164,Resolved
1-737357234,In_Call
1-737357241,Resolved
1-737357281,In_Call
1-737357313,In_Call
1-737357355,Resolved
1-737357381,In_Call
1-737357433,In_Call
1-737357480,In_Call
1-737357517,In_Call
1-737357723,In_Call
1-737357973,Resolved
1-737358173,In_Call
1-737358239,Resolved
1-737358255,In_Call
1-737358270,In_Call
1-737358292,In_Call
1-737358415,In_Call
1-737358591,In_Call
1-737358628,Resolved
1-737358636,In_Call
1-737358668,Resolved
1-737358716,In_Call
1-737358802,In_Call
1-737358867,Resolved
1-737362708,In_Call
1-737362805,Resolved
1-737362863,In_Call
1-737362880,In_Call
1-737362903,In_Call
1-737362993,Resolved
1-737363021,In_Call
1-737363086,In_Call
1-737363112,In_Call
1-737363131,Resolved
1-737363211,Resolved
1-737363255,Resolved
1-737363281,Resolved
1-737363375,Resolved
1-737363788,Resolved
1-737366051,Resolved
1-737366115,Resolved
1-737366981,Resolved
1-737367003,Resolved
1-737367061,Resolved
1-737367073,Resolved
1-737367162,Resolved
1-737367369,Resolved
1-737367809,Resolved
1-737369009,In_Call
1-737369081,Resolved
1-737369385,In_Call
1-737369441,In_Call
1-737369560,In_Call
1-737369745,In_Call
1-737369759,In_Call
1-737369943,Resolved
1-737370099,In_Call
1-737370121,Resolved
1-737370197,Resolved
1-737370205,Resolved
1-737370531,Resolved
1-737370616,In_Call
1-737370789,In_Call
1-737370895,Resolved
1-737370961,In_Call
1-737370993,In_Call
1-737371021,Resolved
1-737371071,Resolved
1-737371228,In_Call
1-737371235,Resolved
1-737371245,Resolved
1-737372051,Resolved
1-737372105,Resolved
1-737372793,Resolved
1-737373550,Resolved
1-737373821,Resolved
1-737374965,In_Call
1-737375001,In_Call
1-737375055,In_Call
1-737375093,Resolved
1-737375185,In_Call
1-737375232,Resolved
1-737375310,Resolved
1-737375452,Resolved
1-737375500,Resolved
1-737378014,Resolved
1-737378070,Resolved
1-737378718,Resolved
1-737378789,Resolved
1-737378794,Resolved
1-737378916,In_Call
1-737378924,In_Call
1-737378939,Resolved
1-737378992,In_Call
1-737379081,Resolved
1-737379124,In_Call
1-737379287,In_Call
1-737379308,Resolved
1-737379413,In_Call
1-737379459,Resolved
1-737379521,In_Call
1-737379631,Resolved
1-737379665,In_Call
1-737379684,Cancelled
1-737379713,Resolved
1-737379744,In_Call
1-737379911,Resolved
1-737379931,Resolved
1-737379961,Resolved
1-737379981,Resolved
1-737380041,Resolved
1-737380051,Resolved
1-737380081,Resolved
1-737380122,Resolved
1-737380131,Resolved
1-737380151,Resolved
1-737380171,Resolved
1-737380211,Resolved
1-737380231,Resolved
1-737380241,Resolved
1-737380261,Resolved
1-737380311,Resolved
1-737380421,Resolved
1-737380431,Resolved
1-737380481,Resolved
1-737380491,Resolved
1-737380531,Resolved
1-737380551,Resolved
1-737380561,Resolved
1-737380591,Resolved
1-737380711,Resolved
1-737380741,Resolved
1-737380791,Resolved
1-737380876,Resolved
1-737380955,Resolved
1-737380965,Resolved
1-737380978,In_Call
1-737381168,In_Call
1-737381224,In_Call
1-737381323,In_Call
1-737381379,Resolved
1-737381411,Resolved
1-737383931,Resolved
1-737383962,Resolved
1-737384056,Resolved
1-737384185,In_Call
1-737384312,Resolved
1-737384431,In_Call
1-737384458,In_Call
1-737384512,In_Call
1-737384546,In_Call
1-737384583,In_Call
1-737385121,In_Call
1-737385150,In_Call
1-737385451,Resolved
1-737385490,In_Call
1-737385691,Resolved
1-737385815,Resolved
1-737390026,Resolved
1-737390124,Resolved
1-737390433,In_Call
1-737390537,In_Call
1-737390628,Resolved
1-737390673,In_Call
1-737390796,Resolved
1-737390851,Resolved
1-737391938,Resolved
1-737392312,In_Call
1-737392571,Resolved
1-737392604,Resolved
1-737392642,In_Call
1-737392781,Resolved
1-737392833,Resolved
1-737392861,Resolved
1-737392878,Resolved
1-737393064,In_Call
1-737393224,In_Call
1-737393285,Resolved
1-737393322,Resolved
1-737393337,In_Call
1-737393399,Resolved
1-737393455,In_Call
1-737393684,Resolved
1-737393829,In_Call
1-737393959,In_Call
1-737394052,Resolved
1-737394100,In_Call
1-737394237,Resolved
1-737394262,Resolved
1-737394271,In_Call
1-737394555,Resolved
1-737394729,Resolved
1-737397468,Resolved
1-737397645,In_Call
1-737397678,In_Call
1-737397715,In_Call
1-737397968,In_Call
1-737398038,Resolved
1-737398331,In_Call
1-737400919,In_Call
1-737400987,In_Call
1-737401348,In_Call
1-737401602,In_Call
1-737405175,Resolved
1-737405220,Resolved
1-737405232,Resolved
1-737405380,Resolved
1-737405425,Resolved
1-737405436,Resolved
1-737405484,Resolved
1-737405529,Resolved
1-737406009,Resolved
1-737406075,Resolved
1-737406119,In_Call
1-737406217,Resolved
1-737406631,Resolved
1-737406681,Resolved
1-737406804,Resolved
1-737406827,Resolved
1-737406980,In_Call
1-737407064,Resolved
1-737407112,In_Call
1-737407432,In_Call
1-737410701,Resolved
1-737410768,Resolved
1-737410973,Resolved
1-737411791,Resolved
1-737411804,Resolved
1-737411821,Resolved
1-737411861,Resolved
1-737413954,In_Call
1-737413975,Resolved
1-737414064,In_Call
1-737414124,Resolved
1-737414139,In_Call
1-737414501,In_Call
1-737414611,In_Call
1-737414629,Resolved
1-737420251,In_Call
1-737421238,Resolved
1-737421303,Resolved
1-737421653,Resolved
1-737421721,Resolved
1-737421911,Resolved
1-737422271,Resolved
1-737422282,Resolved
1-737422294,Resolved
1-737422306,Resolved
1-737422318,Resolved
1-737422330,Resolved
1-737422341,Resolved
1-737422353,Resolved
1-737422400,Resolved
1-737422447,Resolved
1-737422470,Resolved
1-737422481,Resolved
1-737422559,Resolved
1-737422583,Resolved
1-737422607,Resolved
1-737422629,Resolved
1-737422662,Resolved
1-737422696,Resolved
1-737422718,Resolved
1-737422740,Resolved
1-737422751,Resolved
1-737422774,Resolved
1-737422808,Resolved
1-737422819,Resolved
1-737422898,Resolved
1-737425019,In_Call
1-737425034,In_Call
1-737425061,In_Call
1-737425122,In_Call
1-737425231,Resolved
1-737425713,Resolved
1-737425721,In_Call
1-737425758,In_Call
1-737460077,Resolved
1-737460186,Resolved
1-737460240,Resolved
1-737460260,Resolved
1-737460300,In_Call
1-737460373,Resolved
1-737460391,In_Call
1-737460436,Resolved
1-737460454,In_Call
1-737460481,In_Call
1-737460727,In_Call
1-737460731,Resolved
1-737460749,Resolved
1-737460767,Resolved
1-737460825,Resolved
1-737461013,In_Call
1-737461154,In_Call
1-737461181,In_Call
1-737461285,Resolved
1-737461417,In_Call
1-737461433,In_Call
1-737461668,In_Call
1-737461703,In_Call
1-737461747,In_Call
1-737461887,Resolved
1-737461955,Resolved
1-737462301,Resolved
1-737462313,Resolved
1-737462429,Resolved
1-737462440,Resolved
1-737462500,Resolved
1-737462627,Resolved
1-737462837,Resolved
1-737463991,Resolved
1-737464026,Resolved
1-737464075,In_Call
1-737464121,Resolved
1-737464558,Resolved
1-737464591,In_Call
1-737464711,Resolved
1-737464766,Resolved
1-738144182,Resolved
1-738144221,In_Call
1-738144305,Resolved
1-738144401,In_Call
1-738144468,Resolved
1-738144561,In_Call
1-738144681,In_Call
1-738144751,Resolved
1-738145903,In_Call
1-738145940,Resolved
1-738145941,Resolved
1-738145960,In_Call
1-738146007,Resolved
1-738146155,Resolved
1-738146201,Resolved
1-738146219,Resolved
1-738146249,Resolved
1-738146321,Resolved
1-738146352,Resolved
1-738146430,Resolved
1-738146459,Resolved
1-738146517,Resolved
1-738146539,Resolved
1-738146571,Resolved
1-738146601,Resolved
1-738146751,Resolved
1-738146770,Resolved
1-738146911,Resolved
1-738146991,Resolved
1-738147151,Resolved
1-738147262,Resolved
1-738147271,Resolved
1-738147414,Resolved
1-738148003,Resolved
1-738148163,In_Call
1-738148271,In_Call
1-738148291,Resolved
1-738148308,In_Call
1-738148832,In_Call
1-738149109,Resolved
1-738149111,Resolved
1-738149182,In_Call
1-738149231,In_Call
1-738149241,In_Call
1-738149268,Resolved
1-738149466,Resolved
1-738149596,Resolved
1-738149711,Resolved
1-738149767,Resolved
1-738149917,Resolved
1-738149941,Resolved
1-738150125,Resolved
1-738150136,Resolved
1-738150263,Resolved
1-738150285,Resolved
1-738150318,Resolved
1-738150329,Resolved
1-738150471,Resolved
1-738150482,Resolved
1-738150529,Resolved
1-738150611,Resolved
1-738150646,Resolved
1-738150716,Resolved
1-738150892,Resolved
1-738151913,Resolved
1-738151944,Resolved
1-738152084,Resolved
1-738153171,In_Call
1-738153300,In_Call
1-738153345,Resolved
1-738153421,In_Call
1-738153473,In_Call
1-738153659,In_Call
1-738153732,Resolved
1-738153815,Resolved
1-738154923,Resolved
1-738154971,Resolved
1-738154981,Resolved
1-738155009,Resolved
1-738155134,Resolved
1-738155192,Resolved
1-738155318,Resolved
1-738155344,Resolved
1-738155391,Resolved
1-738155674,Resolved
1-738155853,In_Call
1-738155863,Resolved
1-738156022,In_Call
1-738156121,Resolved
1-738156181,In_Call
1-738156214,Resolved
1-738156251,Resolved
1-738156263,In_Call
1-738156273,Resolved
1-738156462,In_Call
1-738156552,In_Call
1-738156752,Resolved
1-738156778,Resolved
1-738156937,Resolved
1-738156956,Resolved
1-738157101,Resolved
1-738157275,Resolved
1-738157291,Resolved
1-738157396,Resolved
1-738157446,Resolved
1-738157747,In_Call
1-738157834,Resolved
1-738157901,Resolved
1-738157925,Resolved
1-738157938,Resolved
1-738157999,Resolved
1-738158129,In_Call
1-738161973,Resolved
1-738162028,In_Call
1-738162073,Resolved
1-738162101,Resolved
1-738162118,Resolved
1-738162150,Resolved
1-738162172,In_Call
1-738162209,Resolved
1-738162310,Resolved
1-738162461,Resolved
1-738162558,In_Call
1-738162699,Resolved
1-738162756,In_Call
1-738162803,In_Call
1-738162969,Resolved
1-738163053,Resolved
1-738163074,Resolved
1-738163099,In_Call
1-738163127,In_Call
1-738163145,In_Call
1-738163259,In_Call
1-738163385,Resolved
1-738163420,In_Call
1-738163451,In_Call
1-738163471,In_Call
1-738163587,Resolved
1-738163862,Resolved
1-738163892,Resolved
1-738165006,In_Call
1-738165149,In_Call
1-738165181,Resolved
1-738165279,Resolved
1-738165770,In_Call
1-738165808,In_Call
1-738165888,Resolved
1-738166908,Resolved
1-738166922,In_Call
1-738167039,Resolved
1-738167133,In_Call
1-738167144,In_Call
1-738167238,Resolved
1-738167341,In_Call
1-738167409,In_Call
1-738167475,Resolved
1-738167938,Resolved
1-738167982,In_Call
1-738168011,Resolved
1-738168038,In_Call
1-738168201,In_Call
1-738168238,In_Call
1-738168248,Resolved
1-738168482,Resolved
1-738168816,Resolved
1-738168878,Resolved
1-738177292,Resolved
1-738177301,Resolved
1-738177380,Resolved
1-738177411,Resolved
1-738177479,Resolved
1-738177601,Resolved
1-738177789,Resolved
1-738177817,Resolved
1-738182658,In_Call
1-738183141,In_Call
1-738183625,Resolved
1-738183837,Resolved
1-738187963,In_Call
1-738188019,In_Call
1-738188156,In_Call
1-738188182,Resolved
1-738188290,In_Call
1-738188295,Resolved
1-738188579,In_Call
1-738188612,Resolved
1-738188635,Resolved
1-738188675,In_Call
1-738188705,Resolved
1-738188867,Resolved
1-738188890,Resolved
1-738188979,In_Call
1-738189060,Resolved
1-738189425,Resolved
1-738189512,Resolved
1-738189611,Resolved
1-738189761,In_Call
1-738189892,In_Call
1-738189961,Resolved
1-738190091,Resolved
1-738190131,Resolved
1-738190181,Resolved
1-738190261,Resolved
1-738190361,Resolved
1-738190381,Resolved
1-738190473,Resolved
1-738190531,Resolved
1-738190601,Resolved
1-738190621,Resolved
1-738190671,Resolved
1-738190701,Resolved
1-738190721,Resolved
1-738193198,Resolved
1-738194008,In_Call
1-738194051,Resolved
1-738194126,In_Call
1-738194155,Resolved
1-738194191,Resolved
1-738194345,In_Call
1-738194668,In_Call
1-738194676,Resolved
1-738194745,In_Call
1-738196916,Resolved
1-738196951,Resolved
1-738197008,Resolved
1-738197348,Resolved
1-738197394,Resolved
1-738197405,Resolved
1-738197417,Resolved
1-738197497,Resolved
1-738197819,Resolved
1-738197898,Resolved
1-738199908,Resolved
1-738199964,In_Call
1-738200005,Resolved
1-738200128,In_Call
1-738200953,Resolved
1-738200987,Resolved
1-738201171,Resolved
1-738201184,In_Call
1-738201205,Resolved
1-738201299,Resolved
1-738201343,Resolved
1-738201417,Resolved
1-738201451,Resolved
1-738201468,Resolved
1-738201516,Resolved
1-738201631,In_Call
1-738201641,In_Call
1-738201705,In_Call
1-738201883,In_Call
1-738201900,Resolved
1-738203288,Resolved
1-738203329,Resolved
1-738203435,In_Call
1-738203467,In_Call
1-738203480,Resolved
1-738203507,In_Call
1-738203539,Resolved
1-738203600,Resolved
1-738206434,Resolved
1-738212654,In_Call
1-738212687,In_Call
1-738212849,Resolved
1-738218067,Resolved
1-738218136,Resolved
1-738218272,Resolved
1-738218334,In_Call
1-738218359,In_Call
1-738218368,In_Call
1-738218371,In_Call
1-738218526,In_Call
1-738218723,In_Call
1-738218731,Resolved
1-738218789,Resolved
1-738220295,Resolved
1-738220469,In_Call
1-738220592,Resolved
1-738220637,Resolved
1-738220825,In_Call
1-738220844,Resolved
1-738221024,Resolved
1-738221075,Resolved
1-738221393,In_Call
1-738221446,Resolved
1-738222760,Resolved
1-738226136,In_Call
1-738226230,In_Call
1-738226896,In_Call
1-738227826,Resolved
1-738229085,In_Call
1-738229368,Resolved
1-738229405,Resolved
1-738229421,Resolved
1-738229444,Resolved
1-738229673,Resolved
1-738229763,In_Call
1-738229835,In_Call
1-738229861,In_Call
1-738230273,In_Call
1-738230651,Resolved
1-738230919,Resolved
1-738231351,Resolved
1-738231394,Resolved
1-738232764,Resolved
1-738233069,In_Call
1-738233197,In_Call
1-738233306,In_Call
1-738233324,In_Call
1-738233339,Resolved
1-738233372,Resolved
1-738233605,Resolved
1-738233715,In_Call
1-738233795,Resolved
1-738233841,Resolved
1-738233861,Resolved
1-738235971,Resolved
1-738236279,Resolved
1-738236347,In_Call
1-738236648,In_Call
1-738238024,Resolved
1-738238059,Resolved
1-738238077,In_Call
1-738238217,Resolved
1-738238261,Resolved
1-738238611,Resolved
1-738238752,Resolved
1-738240004,In_Call
1-738240060,Resolved
1-738240125,In_Call
1-738240312,Resolved
1-738240332,In_Call
1-738240511,In_Call
1-738240917,Resolved
1-738240944,Resolved
1-738241278,Resolved
1-738241575,Resolved
1-738241583,In_Call
1-738241650,Resolved
1-738241691,Resolved
1-738241729,Resolved
1-738241731,Resolved
1-738241761,In_Call
1-738241829,Resolved
1-738241838,Resolved
1-738241883,Resolved
1-738241899,Resolved
1-738242083,Resolved
1-738242199,Resolved
1-738242256,In_Call
1-738242392,Resolved
1-738242472,Resolved
1-738242503,Resolved
1-738242595,Resolved
1-738242639,Resolved
1-738243931,In_Call
1-738244261,Resolved
1-738244277,In_Call
1-738244298,Resolved
1-738244385,Resolved
1-738244419,Resolved
1-738244421,Resolved
1-738244623,Resolved
1-738244679,Resolved
1-738244697,Resolved
1-738244755,Resolved
1-738244815,Resolved
1-738244841,Resolved
1-738246906,Resolved
1-738247053,Resolved
1-738247080,Resolved
1-738247231,Resolved
1-738247307,In_Call
1-738247330,In_Call
1-738247423,Resolved
1-738247447,In_Call
1-738247470,In_Call
1-738247599,Resolved
1-738247666,In_Call
1-738247683,In_Call
1-738259959,Resolved
1-738259978,In_Call
1-738260024,In_Call
1-738260156,Resolved
1-738260355,Resolved
1-738260464,Resolved
1-738260747,Resolved
1-738263063,In_Call
1-738263193,Resolved
1-738263211,Resolved
1-738263240,In_Call
1-738263316,In_Call
1-738263369,Resolved
1-738263443,In_Call
1-738263602,Resolved
1-738263657,Resolved
1-738263764,In_Call
1-738269922,In_Call
1-738270450,In_Call
1-738270463,Resolved
1-738270547,In_Call
1-738270724,Resolved
1-738270755,Resolved
1-738270842,Resolved
1-738270991,Resolved
1-738271038,In_Call
1-738271042,Resolved
1-738271115,Resolved
1-738271151,Resolved
1-738271236,In_Call
1-738271384,In_Call
1-738271571,Resolved
1-738273162,In_Call
1-738273222,In_Call
1-738273309,Resolved
1-738273514,Resolved
1-738273547,In_Call
1-738273623,In_Call
1-738273642,Resolved
1-738273698,Resolved
1-738274210,Resolved
1-738274290,In_Call
1-738274604,Resolved
1-738274663,Resolved
1-738274795,Resolved
1-738275938,In_Call
1-738276099,Resolved
1-738276140,In_Call
1-738276201,Resolved
1-738276431,In_Call
1-738276591,In_Call
1-738276726,Resolved
1-738276848,In_Call
1-738276931,In_Call
1-738277030,In_Call
1-738277054,In_Call
1-738277270,In_Call
1-738277328,In_Call
1-738277334,Resolved
1-738277365,Resolved
1-738277423,Resolved
1-738277557,In_Call
1-738279071,In_Call
1-738279577,In_Call
1-738279641,Resolved
1-738279718,Resolved
1-738279833,Resolved
1-738280961,Resolved
1-738280993,Resolved
1-738281011,Resolved
1-738281145,Resolved
1-738281185,In_Call
1-738281200,Resolved
1-738281209,Resolved
1-738281244,Resolved
1-738281268,Resolved
1-738281551,In_Call
1-738281628,Resolved
1-738281641,In_Call
1-738281721,In_Call
1-738281736,In_Call
1-738281901,Resolved
1-738282694,In_Call
1-738282725,Resolved
1-738286674,Resolved
1-738286832,Resolved
1-738288901,Resolved
1-738288927,Resolved
1-738288963,In_Call
1-738288983,Resolved
1-738289069,Resolved
1-738289102,Resolved
1-738289120,Resolved
1-738289124,Resolved
1-738289146,In_Call
1-738290009,Resolved
1-738290130,In_Call
1-738290791,In_Call
1-738291508,In_Call
1-738291525,Resolved
1-738291533,Resolved
1-738291568,Resolved
1-738294050,In_Call
1-738297251,Resolved
1-738297276,Resolved
1-738297361,Resolved
1-738297782,In_Call
1-738303018,In_Call
1-738303130,In_Call
1-738303139,Resolved
1-738303541,In_Call
1-738303559,In_Call
1-738303563,Resolved
1-738303608,In_Call
1-738303819,In_Call
1-738303992,Resolved
1-738304345,Resolved
1-738304421,In_Call
1-738304751,Resolved
1-738304796,Resolved
1-738304908,Resolved
1-738304940,In_Call
1-738314138,Resolved
1-738314403,Resolved
1-738314450,Resolved
1-738314480,Resolved
1-738314828,Resolved
1-738316958,Resolved
1-738316981,Resolved
1-738316993,Resolved
1-738317005,Resolved
1-738317017,Resolved
1-738317029,Resolved
1-738317040,Resolved
1-738317052,Resolved
1-738317157,Resolved
1-738317181,Resolved
1-738317240,Resolved
1-738317252,Resolved
1-738317366,Resolved
1-738317421,Resolved
1-738317432,Resolved
1-738317444,Resolved
1-738317535,Resolved
1-738317569,Resolved
1-738317581,Resolved
1-738317604,Resolved
1-738317813,Resolved
1-738317999,Resolved
1-738318027,Resolved
1-738318041,Resolved
1-738318143,Resolved
1-738318151,In_Call
1-738318221,Resolved
1-738318237,Resolved
1-738318345,In_Call
1-738318366,Resolved
1-738318421,Resolved
1-738318453,Resolved
1-738318481,Resolved
1-738318564,In_Call
1-738318582,In_Call
1-738318624,Resolved
1-738318665,Resolved
1-738321106,In_Call
1-738321117,Resolved
1-738321212,Resolved
1-738321284,In_Call
1-738321308,In_Call
1-738321387,In_Call
1-738321474,In_Call
1-738321581,In_Call
1-738321608,Resolved
1-738321806,Resolved
1-738322066,In_Call
1-738322173,In_Call
1-738324958,In_Call
1-738325101,In_Call
1-738325415,Resolved
1-738325561,In_Call
1-738327571,In_Call
1-738327923,Resolved
1-738328020,Resolved
1-738328062,In_Call
1-738328175,Resolved
1-738328254,Resolved
1-738328837,In_Call
1-738330925,In_Call
1-738330933,In_Call
1-738330946,In_Call
1-738331277,Resolved
1-738331340,Resolved
1-738331385,Resolved
1-738331495,Resolved
1-738331603,Resolved
1-738331657,Resolved
1-738331831,Resolved
1-738331898,Resolved
1-738333085,In_Call
1-738333460,Resolved
1-738333473,Resolved
1-738333580,In_Call
1-738333641,Resolved
1-738333682,Resolved
1-738333818,Resolved
1-738336918,Resolved
1-738336951,In_Call
1-738337103,Resolved
1-738337231,In_Call
1-738337461,In_Call
1-738337500,Resolved
1-738337705,In_Call
1-738337819,In_Call
1-738339971,Resolved
1-738339986,Resolved
1-738340062,Resolved
1-738340115,Resolved
1-738340150,Resolved
1-738340190,In_Call
1-738340259,Resolved
1-738340653,Resolved
1-738340812,Resolved
1-738340840,Resolved
1-738342943,Resolved
1-738343331,Resolved
1-738343349,In_Call
1-738343461,Resolved
1-738343568,Resolved
1-738343995,In_Call
1-738344160,Resolved
1-738344321,Resolved
1-738344529,In_Call
1-738344579,In_Call
1-738344675,In_Call
1-738344686,In_Call
1-738345051,In_Call
1-738345086,Resolved
1-738345132,In_Call
1-738345399,In_Call
1-738345409,Resolved
1-738345811,In_Call
1-738345878,In_Call
1-738346954,Resolved
1-738347104,Resolved
1-738347135,In_Call
1-738347205,Resolved
1-738347323,Resolved
1-738347413,In_Call
1-738347793,Resolved
1-738350081,Resolved
1-738350179,In_Call
1-738350213,In_Call
1-738350227,In_Call
1-738350372,Resolved
1-738350692,Resolved
1-738350732,In_Call
1-738352959,Resolved
1-738353084,Resolved
1-738353826,Resolved
1-738353947,Resolved
1-738354093,Resolved
1-738354264,In_Call
1-738354315,Resolved
1-738354431,Resolved
1-738354877,Resolved
1-738355054,In_Call
1-738355422,In_Call
1-738366048,In_Call
1-738366108,Resolved
1-738366262,In_Call
1-738366911,Resolved
1-738366921,Resolved
1-738366951,Resolved
1-738366991,Resolved
1-738367001,Resolved
1-738367041,Resolved
1-738367052,Resolved
1-738367061,Resolved
1-738367111,Resolved
1-738367116,Resolved
1-738367121,Resolved
1-738367141,Resolved
1-738367221,Resolved
1-738367261,Resolved
1-738367281,Resolved
1-738367331,Resolved
1-738367341,Resolved
1-738367351,Resolved
1-738367361,Resolved
1-738367411,Resolved
1-738367441,Resolved
1-738367451,Resolved
1-738367501,Resolved
1-738367541,Resolved
1-738367611,Resolved
1-738367681,Resolved
1-738367701,Resolved
1-738367721,Resolved
1-738367761,Resolved
1-738367831,Resolved
1-738367861,Resolved
1-738370022,In_Call
1-738370200,In_Call
1-738370239,In_Call
1-738370362,Resolved
1-738370427,In_Call
1-738370559,Resolved
1-738372798,Resolved
1-738372902,In_Call
1-738372919,Resolved
1-738372944,Resolved
1-738373032,In_Call
1-738373106,In_Call
1-738373131,In_Call
1-738373229,Resolved
1-738373275,In_Call
1-738374940,Resolved
1-738374965,In_Call
1-738375076,In_Call
1-738375106,In_Call
1-738375446,Resolved
1-738375594,In_Call
1-738378686,Resolved
1-738378721,In_Call
1-738378749,In_Call
1-738383119,In_Call
1-738383986,Resolved
1-738384002,Resolved
1-738384158,Resolved
1-738384552,Resolved
1-738384770,Resolved
1-738384944,In_Call
1-738385370,Resolved
1-738385539,Resolved
1-738385710,Resolved
1-738387396,In_Call
1-738387460,In_Call
1-738387528,Resolved
1-738387566,Resolved
1-738387796,Resolved
1-738387927,Resolved
1-738387944,Resolved
1-738388032,Resolved
1-738388114,Resolved
1-738388171,Resolved
1-738388294,In_Call
1-738388361,Resolved
1-738388399,Resolved
1-738388904,Resolved
1-738389177,In_Call
1-738389218,Resolved
1-738389223,In_Call
1-738391905,Resolved
1-738392288,In_Call
1-738392345,In_Call
1-738392479,Resolved
1-738392825,Resolved
1-738397375,In_Call
1-738397729,In_Call
1-738397839,Resolved
1-738397843,Resolved
1-738400142,Resolved
1-738400168,Resolved
1-738400208,Resolved
1-738400346,In_Call
1-738400398,Resolved
1-738400662,In_Call
1-738400677,In_Call
1-738400723,Resolved
1-738408165,Resolved
1-738408245,In_Call
1-738408281,Resolved
1-738408332,Resolved
1-738408461,Resolved
1-738408481,In_Call
1-738408509,Resolved
1-738408525,In_Call
1-738408533,Resolved
1-738408550,In_Call
1-738408693,Resolved
1-738408834,Resolved
1-738410356,In_Call
1-738410373,Resolved
1-738410392,Resolved
1-738414906,In_Call
1-738414941,Resolved
1-738414999,Resolved
1-738415019,Resolved
1-738415093,In_Call
1-738415271,Resolved
1-738415443,Resolved
1-738415562,In_Call
1-738415648,Resolved
1-738415716,Resolved
1-738415774,Resolved
1-738415799,In_Call
1-738417596,In_Call
1-738417681,In_Call
1-738419176,Resolved
1-738419847,In_Call
1-738422787,Resolved
1-738424734,Resolved
1-738424868,Resolved
1-738427970,Resolved
1-738428026,Resolved
1-738428069,In_Call
1-738428588,Resolved
1-738428797,Resolved
1-738431011,Resolved
1-738433503,Resolved
1-738433574,In_Call
1-738434873,In_Call
1-738435955,Resolved
1-738436118,In_Call
1-738436127,In_Call
1-738436239,Resolved
1-738436301,Resolved
1-738436463,Resolved
1-738436485,Resolved
1-738436494,Resolved
1-738436701,In_Call
1-738436890,In_Call
1-738436894,Resolved
1-738438917,Resolved
1-738438929,Resolved
1-738438941,Resolved
1-738439012,Resolved
1-738439047,Resolved
1-738439059,Resolved
1-738439164,Resolved
1-738439348,Resolved
1-738439370,Resolved
1-738439380,Resolved
1-738439436,Resolved
1-738439447,Resolved
1-738439587,Resolved
1-738439635,Resolved
1-738444926,Resolved
1-738444996,Resolved
1-738445081,Resolved
1-738445248,In_Call
1-738445269,In_Call
1-738445871,In_Call
1-738447951,In_Call
1-738448252,In_Call
1-738448428,In_Call
1-738448599,In_Call
1-738448651,In_Call
1-738448741,Resolved
1-738448756,In_Call
1-738448778,Resolved
1-738448836,Resolved
1-738448875,Resolved
1-738448897,Resolved
1-738452111,Resolved
1-738452363,In_Call
1-738452423,Resolved
1-738452440,Resolved
1-738452469,Resolved
1-738453955,In_Call
1-738454035,In_Call
1-738454193,Resolved
1-738454452,Resolved
1-738454500,In_Call
1-738454506,Resolved
1-738454571,Resolved
1-738454698,In_Call
1-738454955,Resolved
1-738455113,In_Call
1-738455392,In_Call
1-738455497,Resolved
1-738455599,Resolved
1-738455603,Resolved
1-738455727,Resolved
1-738455929,Resolved
1-738455965,Resolved
1-738456001,In_Call
1-738456301,In_Call
1-738456418,Resolved
1-738456506,Resolved
1-738456564,In_Call
1-738456881,Resolved
1-738456928,In_Call
1-738457041,Resolved
1-738457068,In_Call
1-738457242,Resolved
1-738457257,In_Call
1-738457311,Resolved
1-738457346,Resolved
1-738457370,Resolved
1-738457409,In_Call
1-738457431,Resolved
1-738457541,In_Call
1-738457621,Resolved
1-738457675,Resolved
1-738457695,Resolved
1-738457804,Resolved
1-738458013,Resolved
1-738458072,In_Call
1-738458221,Resolved
1-738458277,In_Call
1-738458373,Resolved
1-738458595,Resolved
1-738458633,In_Call
1-738458649,In_Call
1-738458851,In_Call
1-738462592,Resolved
1-738462631,In_Call
1-738462681,Resolved
1-738464905,Resolved
1-738464941,Resolved
1-738464951,Resolved
1-738465191,Resolved
1-738465221,Resolved
1-738465511,Resolved
1-738465732,Resolved
1-738466077,In_Call
1-738466191,Resolved
1-738466335,In_Call
1-738467927,Resolved
1-738467942,In_Call
1-738467971,Resolved
1-738468025,Resolved
1-738468352,Resolved
1-738468664,Resolved
1-738473142,Resolved
1-738473169,Resolved
1-738473411,Resolved
1-738473477,Resolved
1-738475029,In_Call
1-738475038,In_Call
1-738475066,In_Call
1-738475191,Resolved
1-738475201,Resolved
1-738475211,Resolved
1-738475268,Resolved
1-738475287,Resolved
1-738475333,Resolved
1-738475483,In_Call
1-738475528,In_Call
1-738475749,In_Call
1-738475757,Resolved
1-738475810,In_Call
1-738475827,Resolved
1-738475887,In_Call
1-738476327,In_Call
1-738476955,Resolved
1-738477002,In_Call
1-738477121,Resolved
1-738477325,Resolved
1-738477417,Resolved
1-738477454,In_Call
1-738477484,Resolved
1-738477691,Resolved
1-738477741,In_Call
1-738479079,Resolved
1-738479208,Resolved
1-738479350,Resolved
1-738479512,In_Call
1-738479589,In_Call
1-738479640,In_Call
1-738481907,Resolved
1-738481991,Resolved
1-738482041,Resolved
1-738482411,In_Call
1-738482471,Resolved
1-738482493,Resolved
1-738482543,Resolved
1-738482595,In_Call
1-738482680,In_Call
1-738482729,Resolved
1-738482828,In_Call
1-738482846,Resolved
1-738490180,Resolved
1-738490269,Resolved
1-738490593,In_Call
1-738490731,Resolved
1-738490777,Resolved
1-738490989,In_Call
1-738491046,In_Call
1-738491081,Resolved
1-738491229,Resolved
1-738491243,Resolved
1-738491308,Resolved
1-738491604,In_Call
1-738491844,Resolved
1-738491981,Resolved
1-738492000,Resolved
1-738492077,In_Call
1-738494976,Resolved
1-738495152,In_Call
1-738495597,In_Call
1-738495608,Resolved
1-738495737,In_Call
1-738495771,Resolved
1-738495814,Resolved
1-738495845,Resolved
1-738495954,Resolved
1-738496002,Resolved
1-738496443,Resolved
1-738496476,In_Call
1-738496584,Resolved
1-738496653,Resolved
1-738496931,Resolved
1-738496977,Resolved
1-738497067,Resolved
1-738498947,In_Call
1-738499032,In_Call
1-738499184,Resolved
1-738499191,In_Call
1-738499306,Resolved
1-738499316,In_Call
1-738499421,Resolved
1-738499557,In_Call
1-738499574,In_Call
1-738499841,In_Call
1-738499893,Resolved
1-738501549,Resolved
1-738501642,Resolved
1-738503076,In_Call
1-738503221,Resolved
1-738503291,Resolved
1-738503382,Resolved
1-738503397,Resolved
1-738503745,In_Call
1-738505928,In_Call
1-738505947,Resolved
1-738506442,Resolved
1-738506787,In_Call
1-738508411,In_Call
1-738508437,Resolved
1-738508441,In_Call
1-738509914,Resolved
1-738510011,In_Call
1-738510087,In_Call
1-738510133,In_Call
1-738510149,In_Call
1-738510174,In_Call
1-738510181,In_Call
1-738510411,Resolved
1-738510455,In_Call
1-738510564,In_Call
1-738512384,In_Call
1-738512606,Resolved
1-738515627,Resolved
1-738515906,In_Call
1-738515915,Resolved
1-738516134,Resolved
1-738516353,Resolved
1-738516564,In_Call
1-738516847,In_Call
1-738516871,In_Call
1-738516914,In_Call
1-738516968,Resolved
1-738516996,Resolved
1-738517178,Resolved
1-738517299,In_Call
1-738517465,Resolved
1-738517684,In_Call
1-738517788,In_Call
1-738517834,Resolved
1-738517873,Resolved
1-738519918,In_Call
1-738519974,Resolved
1-738520011,Resolved
1-738520313,Resolved
1-738520406,Resolved
1-738520439,In_Call
1-738520583,In_Call
1-738520660,In_Call
1-738520958,In_Call
1-738521074,In_Call
1-738521200,Resolved
1-738521237,In_Call
1-738521302,Resolved
1-738521380,Resolved
1-738521720,In_Call
1-738521781,Resolved
1-738521911,Resolved
1-738521931,Resolved
1-738521961,Resolved
1-738521971,Resolved
1-738522001,Resolved
1-738522011,Resolved
1-738522021,Resolved
1-738522031,Resolved
1-738522041,Resolved
1-738522051,Resolved
1-738522061,Resolved
1-738522071,Resolved
1-738522111,Resolved
1-738522191,Resolved
1-738526946,Resolved
1-738527048,Resolved
1-738527073,Resolved
1-738527133,In_Call
1-738527216,Resolved
1-738527224,Resolved
1-738527296,Resolved
1-738527413,In_Call
1-738527447,Resolved
1-738527476,In_Call
1-738527582,Resolved
1-738527646,In_Call
1-738527659,In_Call
1-738527777,In_Call
1-738527817,Resolved
1-738527854,In_Call
1-738527884,In_Call
1-738527926,Resolved
1-738527937,Resolved
1-738527949,Resolved
1-738527972,Resolved
1-738528005,Resolved
1-738528086,Resolved
1-738528122,Resolved
1-738528145,Resolved
1-738528156,Resolved
1-738528238,Resolved
1-738528250,Resolved
1-738528261,Resolved
1-738528273,Resolved
1-738528285,Resolved
1-738528364,Resolved
1-738528711,Resolved
1-738530454,Resolved
1-738530474,Resolved
1-738530625,Resolved
1-738530767,Resolved
1-738530967,Resolved
1-738531008,Resolved
1-738531119,Resolved
1-738531149,In_Call
1-738531189,Resolved
1-738531308,In_Call
1-738531727,Resolved
1-738532339,Resolved
1-738535760,Resolved
1-738536614,In_Call
1-738536943,Resolved
1-738536998,Resolved
1-738537099,Resolved
1-738537180,In_Call
1-738537252,Resolved
1-738537278,In_Call
1-738537309,In_Call
1-738537355,In_Call
1-738537438,Resolved
1-738537727,Resolved
1-738537776,Resolved
1-738537801,Resolved
1-738538092,In_Call
1-738538265,In_Call
1-738538378,In_Call
1-738538552,Resolved
1-738538732,Resolved
1-738538961,In_Call
1-738539084,In_Call
1-738539178,Resolved
1-738539195,Resolved
1-738539201,Resolved
1-738539226,In_Call
1-738539305,Resolved
1-738539429,Resolved
1-738539437,In_Call
1-738539534,Resolved
1-738539569,Resolved
1-738539574,Resolved
1-738539604,Resolved
1-738539654,Resolved
1-738539862,Resolved
1-738540584,Resolved
1-738543481,Resolved
1-738543528,In_Call
1-738543543,Resolved
1-738545008,Resolved
1-738545884,In_Call
1-738550941,Resolved
1-738550991,Resolved
1-738551061,Resolved
1-738551071,Resolved
1-738551101,Resolved
1-738551361,Resolved
1-738551371,Resolved
1-738551391,Resolved
1-738551401,Resolved
1-738551471,Resolved
1-738551481,Resolved
1-738551511,Resolved
1-738551541,Resolved
1-738551591,Resolved
1-738551651,Resolved
1-738551671,Resolved
1-738551731,Resolved
1-738551761,Resolved
1-738551821,Resolved
1-738551826,Resolved
1-738552941,Resolved
1-738553017,In_Call
1-738553029,Resolved
1-738553104,Resolved
1-738553123,Resolved
1-738553174,Resolved
1-738553347,Resolved
1-738554264,Resolved
1-738554303,Resolved
1-738554633,In_Call
1-738554818,In_Call
1-738557956,In_Call
1-738557962,In_Call
1-738558081,Resolved
1-738558134,In_Call
1-738558435,In_Call
1-738558779,Resolved
1-738558802,In_Call
1-738558868,Resolved
1-738565236,In_Call
1-738565786,Resolved
1-738568055,In_Call
1-738568317,In_Call
1-738568376,Resolved
1-738568447,In_Call
1-738568465,Resolved
1-738568530,Resolved
1-738568861,Resolved
1-738568875,Resolved
1-738568885,In_Call
1-738569907,Resolved
1-738570071,In_Call
1-738570563,Resolved
1-738570957,Resolved
1-738571077,In_Call
1-738575365,Resolved
1-738576289,In_Call
1-738576399,Resolved
1-738576920,Resolved
1-738576928,Resolved
1-738576931,Resolved
1-738576968,In_Call
1-738577049,Resolved
1-738577312,In_Call
1-738577532,Resolved
1-738577568,In_Call
1-738577571,Resolved
1-738577621,Resolved
1-738577635,In_Call
1-738577732,In_Call
1-738582911,Resolved
1-738583102,In_Call
1-738583226,Resolved
1-738583295,In_Call
1-738583478,In_Call
1-738583930,In_Call
1-738584361,In_Call
1-738587008,In_Call
1-738587730,In_Call
1-738587921,Resolved
1-738587989,Resolved
1-738588056,Resolved
1-738588153,In_Call
1-738588161,In_Call
1-738588177,In_Call
1-738588551,Resolved
1-738588615,In_Call
1-738588665,In_Call
1-738590073,Resolved
1-738590475,Resolved
1-738590664,Resolved
1-738590753,Resolved
1-738590784,In_Call
1-738594204,Resolved
1-738594223,Resolved
1-738594676,Resolved
1-738596051,Resolved
1-738596195,In_Call
1-738596423,In_Call
1-738596480,Resolved
1-738597045,In_Call
1-738597140,Resolved
1-738597213,Resolved
1-738597351,In_Call
1-738597366,In_Call
1-738597569,In_Call
1-738597762,In_Call
1-738598943,Resolved
1-738599007,Resolved
1-738599683,Resolved
1-738599737,Resolved
1-738599761,In_Call
1-738599835,Resolved
1-738600116,In_Call
1-738601809,Resolved
1-738603537,Resolved
1-738603541,In_Call
1-738603610,Resolved
1-738603694,Resolved
1-738603751,In_Call
1-738609992,In_Call
1-738610041,In_Call
1-738610057,Resolved
1-738610198,In_Call
1-738610389,In_Call
1-738611143,Resolved
1-738611248,In_Call
1-738611382,Resolved
1-738611675,In_Call
1-738611833,Resolved
1-738612035,In_Call
1-738612228,In_Call
1-738612308,In_Call
1-738612704,Resolved
1-738612793,In_Call
1-738612826,Resolved
1-738614001,In_Call
1-738614545,Resolved
1-738619065,Resolved
1-738619146,In_Call
1-738619400,In_Call
1-738619537,In_Call
1-738619615,In_Call
1-738619634,Resolved
1-738619754,In_Call
1-738619793,In_Call
1-738621341,In_Call
1-738621675,Resolved
1-738624240,Resolved
1-738624331,In_Call
1-738624443,In_Call
1-738624684,Resolved
1-738626037,In_Call
1-738626064,In_Call
1-738628042,Resolved
1-738630916,In_Call
1-738631077,Resolved
1-738631187,In_Call
1-738631210,In_Call
1-738631255,In_Call
1-738631271,Resolved
1-738631554,Resolved
1-738631642,In_Call
1-738631826,In_Call
1-738646244,In_Call
1-738646441,In_Call
1-738646521,In_Call
1-738646556,Resolved
1-738646578,In_Call
1-738646617,Resolved
1-738647875,Resolved
1-738648912,Resolved
1-738649027,Resolved
1-738649042,In_Call
1-738649094,Resolved
1-738649186,In_Call
1-738649250,Resolved
1-738649569,In_Call
1-738649666,Resolved
1-738649700,Resolved
1-738650039,In_Call
1-738650106,Resolved
1-738650216,Resolved
1-738650274,Resolved
1-738650407,In_Call
1-738650485,In_Call
1-738650551,In_Call
1-738650581,In_Call
1-738650637,In_Call
1-738650764,In_Call
1-738650793,Resolved
1-738651085,Resolved
1-738651324,Resolved
1-738651383,Resolved
1-738651455,Resolved
1-738651672,In_Call
1-738651744,In_Call
1-738651887,Resolved
1-738656421,Resolved
1-738657434,Resolved
1-738657687,In_Call
1-738657943,Resolved
1-738657977,Resolved
1-738658163,Resolved
1-738658943,In_Call
1-738659033,In_Call
1-738660907,Resolved
1-738662221,In_Call
1-738662281,Resolved
1-738662715,Resolved
1-738662868,Resolved
1-738662979,Resolved
1-738663022,In_Call
1-738663482,Resolved
1-738663491,Resolved
1-738663505,In_Call
1-738663628,In_Call
1-738663708,In_Call
1-738663899,Resolved
1-738667377,Resolved
1-738667704,Resolved
1-738667880,Resolved
1-738670491,In_Call
1-738670859,In_Call
1-738673059,In_Call
1-738673089,Resolved
1-738679046,Resolved
1-738679396,Resolved
1-738679561,Resolved
1-738679620,In_Call
1-738679810,In_Call
1-738680901,Resolved
1-738680951,Resolved
1-738681010,Resolved
1-738681053,Resolved
1-738681116,In_Call
1-738681199,Resolved
1-738681272,Resolved
1-738681295,Resolved
1-738681401,Resolved
1-738681449,Resolved
1-738681660,In_Call
1-738681670,Resolved
1-738681771,Resolved
1-738684449,In_Call
1-738684740,In_Call
1-738685932,In_Call
1-738686485,Resolved
1-738686730,Resolved
1-738689431,Resolved
1-738690961,Resolved
1-738691002,In_Call
1-738691082,Resolved
1-738691218,Resolved
1-738691316,Resolved
1-738693957,In_Call
1-738693992,In_Call
1-738694049,In_Call
1-738694070,Resolved
1-738694284,Resolved
1-738694525,Resolved
1-738694722,In_Call
1-738698915,Resolved
1-738698998,In_Call
1-738699103,In_Call
1-738699380,In_Call
1-738699397,In_Call
1-738699512,Resolved
1-738699555,In_Call
1-738699585,Resolved
1-738702051,Resolved
1-738702164,Resolved
1-738706006,Resolved
1-738706340,In_Call
1-738706420,Resolved
1-738706476,Resolved
1-738707985,Resolved
1-738708113,Resolved
1-738708751,Resolved
1-738710058,In_Call
1-738710108,Resolved
1-738710252,Resolved
1-738710468,In_Call
1-738710624,Resolved
1-738710671,In_Call
1-738710885,Resolved
1-738710898,Resolved
1-738710921,In_Call
1-738711202,In_Call
1-738711949,In_Call
1-738712032,Resolved
1-738712122,In_Call
1-738712217,In_Call
1-738712252,In_Call
1-738712286,Resolved
1-738712368,Resolved
1-738712420,Resolved
1-738712653,Resolved
1-738712831,Resolved
1-738713947,In_Call
1-738714001,In_Call
1-738714163,In_Call
1-738714200,In_Call
1-738714351,Resolved
1-738714382,Resolved
1-738714423,Resolved
1-738714499,In_Call
1-738714576,In_Call
1-738714775,In_Call
1-738714893,In_Call
1-738715158,Resolved
1-738715700,In_Call
1-738716114,Resolved
1-738716356,In_Call
1-738716371,Resolved
1-738716399,Resolved
1-738716505,Resolved
1-738716521,Resolved
1-738717221,Resolved
1-738717615,Resolved
1-738720324,Resolved
1-738720676,Resolved
1-738720868,Resolved
1-738720879,Resolved
1-738722955,Resolved
1-738723039,Resolved
1-738723146,Resolved
1-738723315,Resolved
1-738723584,Resolved
1-738723725,Resolved
1-738725061,Resolved
1-738725092,Resolved
1-738725150,Resolved
1-738725241,Resolved
1-738725300,Resolved
1-738731009,Resolved
1-738731060,In_Call
1-738731061,Resolved
1-738731160,In_Call
1-738731246,Resolved
1-738731259,In_Call
1-738731297,In_Call
1-738731421,In_Call
1-738731470,In_Call
1-738731656,Resolved
1-738731742,Resolved
1-738731809,In_Call
1-738731827,Resolved
1-738731849,In_Call
1-738746261,Resolved
1-738752056,Resolved
1-738752205,In_Call
1-738752421,Resolved
1-738753886,Resolved
1-738756001,Resolved
1-738760754,In_Call
1-738761987,Resolved
1-738762049,In_Call
1-738762065,Resolved
1-738762205,Resolved
1-738762222,Resolved
1-738762261,In_Call
1-738762332,In_Call
1-738762394,In_Call
1-738762640,Resolved
1-738762657,Resolved
1-738762697,In_Call
1-738762719,Resolved
1-738762760,In_Call
1-738762851,Resolved
1-738763461,Resolved
1-738763507,In_Call
1-738763605,Resolved
1-738763744,In_Call
1-738763827,In_Call
1-738763853,Resolved
1-738764361,In_Call
1-738764410,Resolved
1-738764449,In_Call
1-738764488,In_Call
1-738764771,Resolved
1-738764985,In_Call
1-738765421,Resolved
1-738765606,Resolved
1-738767258,Resolved
1-738767478,Resolved
1-738767821,Resolved
1-738767889,Resolved
1-738768673,Resolved
1-738768721,Resolved
1-738768747,Resolved
1-738768810,Resolved
1-738768835,Resolved
1-738771023,In_Call
1-738776109,Resolved
1-738776153,Resolved
1-738776164,Resolved
1-738776205,Resolved
1-738776219,Resolved
1-738776281,In_Call
1-738776349,Resolved
1-738776358,Resolved
1-738776387,In_Call
1-738776505,In_Call
1-738776597,Resolved
1-738776601,Resolved
1-738776892,Resolved
1-738778040,In_Call
1-738778156,In_Call
1-738778171,In_Call
1-738778208,Resolved
1-738778232,In_Call
1-738778268,In_Call
1-738778294,Resolved
1-738778320,In_Call
1-738778441,In_Call
1-738778477,In_Call
1-738779507,Resolved
1-738779566,Resolved
1-738779582,Resolved
1-738779776,Resolved
1-738779783,Resolved
1-738779865,Resolved
1-738780927,In_Call
1-738780975,In_Call
1-738781037,In_Call
1-738781116,In_Call
1-738781723,Resolved
1-738781825,In_Call
1-738786926,In_Call
1-738786961,In_Call
1-738786983,Resolved
1-738787035,In_Call
1-738787123,In_Call
1-738787239,In_Call
1-738787282,In_Call
1-738787531,In_Call
1-738787575,In_Call
1-738787635,In_Call
1-738787672,Resolved
1-738787748,In_Call
1-738787828,Resolved
1-738787884,In_Call
1-738794053,In_Call
1-738794823,Resolved
1-738795985,Resolved
1-738796046,Resolved
1-738796063,Resolved
1-738796436,Resolved
1-738799041,In_Call
1-738799172,In_Call
1-738799394,In_Call
1-738799869,Resolved
1-738799904,In_Call
1-738800181,Resolved
1-738800519,Resolved
1-738800563,In_Call
1-738800583,Resolved
1-738800627,Resolved
1-738800919,In_Call
1-738801025,In_Call
1-738801152,Resolved
1-738801212,Resolved
1-738801328,In_Call
1-738801332,Resolved
1-738801412,Resolved
1-738801466,Resolved
1-738801502,Resolved
1-738801530,Resolved
1-738801578,Resolved
1-738801714,In_Call
1-738801740,Resolved
1-738801791,In_Call
1-738801992,Resolved
1-738803735,Resolved
1-738805035,Resolved
1-738805966,Resolved
1-738806096,Resolved
1-738806253,In_Call
1-738806528,In_Call
1-738806761,In_Call
1-738806780,In_Call
1-738806867,Resolved
1-738808026,Resolved
1-738808591,Resolved
1-738808715,Resolved
1-738808785,Resolved
1-738809521,Resolved
1-738809719,In_Call
1-738809757,Resolved
1-738809786,Resolved
1-738809852,Resolved
1-738811935,Resolved
1-738811957,Resolved
1-738811969,Resolved
1-738812107,Resolved
1-738812140,Resolved
1-738812196,Resolved
1-738812220,Resolved
1-738812232,Resolved
1-738812266,Resolved
1-738812312,Resolved
1-738812459,Resolved
1-738812504,Resolved
1-738812756,Resolved
1-738812824,Resolved
1-738812858,Resolved
1-738816932,Resolved
1-738816960,In_Call
1-738816977,Resolved
1-738817691,Resolved
1-738817708,Resolved
1-738817711,Resolved
1-738817790,Resolved
1-738817868,In_Call
1-738819441,Resolved
1-738819511,Resolved
1-738819542,Resolved
1-738819609,Resolved
1-738819647,Resolved
1-738819777,Resolved
1-738819828,Resolved
1-738819885,Resolved
1-738820217,Resolved
1-738820251,Resolved
1-738820394,Resolved
1-738820427,Resolved
1-738820481,Resolved
1-738820565,Resolved
1-738821115,In_Call
1-738821202,Resolved
1-738821245,Resolved
1-738821280,In_Call
1-738821282,Resolved
1-738821291,In_Call
1-738821433,Resolved
1-738821480,Resolved
1-738821506,In_Call
1-738821511,In_Call
1-738821529,In_Call
1-738821573,Resolved
1-738821610,In_Call
1-738821640,In_Call
1-738821692,In_Call
1-738821716,In_Call
1-738821771,In_Call
1-738821862,Resolved
1-738827056,In_Call
1-738827072,In_Call
1-738827666,Resolved
1-738827706,In_Call
1-738827841,In_Call
1-738827857,Resolved
1-738827876,Resolved
1-738827939,In_Call
1-738827966,In_Call
1-738828056,In_Call
1-738828122,Resolved
1-738828162,In_Call
1-738828195,In_Call
1-738828207,In_Call
1-738828229,In_Call
1-738828335,Resolved
1-738828399,In_Call
1-738845143,Resolved
1-738847028,Resolved
1-738847039,Resolved
1-738847050,Resolved
1-738847273,Resolved
1-738847319,Resolved
1-738847354,Resolved
1-738847366,Resolved
1-738847446,Resolved
1-738847469,Resolved
1-738847539,Resolved
1-738847562,Resolved
1-738847735,Resolved
1-738847803,Resolved
1-738848021,In_Call
1-738848305,Resolved
1-738848553,Resolved
1-738871007,In_Call
1-738871036,Resolved
1-738894021,Resolved
1-738894134,In_Call
1-738894209,Resolved
1-738894279,Resolved
1-738894310,Resolved
1-738894462,Resolved
1-738894540,Resolved
1-738894622,Resolved
1-738894680,Resolved
1-738894699,Resolved
1-738894740,Resolved
1-738894830,In_Call
1-738895171,Resolved
1-738895230,Resolved
1-738895240,Resolved
1-738895252,Resolved
1-738895263,Resolved
1-738895275,Resolved
1-738895298,Resolved
1-738895309,Resolved
1-738895321,Resolved
1-738895332,Resolved
1-738895446,Resolved
1-738895505,Resolved
1-738895517,Resolved
1-738895841,Resolved
1-738896121,Resolved
1-738896191,Resolved
1-738896761,In_Call
1-738896771,Resolved
1-738896811,Resolved
1-738897198,Resolved
1-738897221,Resolved
1-738897343,Resolved
1-738897371,Resolved
1-738897443,Resolved
1-738897474,Resolved
1-738897556,Resolved
1-738897597,Resolved
1-738897648,Resolved
1-738897751,In_Call
1-738897791,In_Call
1-739162983,Resolved
1-739163093,Resolved
1-739163452,Resolved
1-739163677,Resolved
1-739163726,Resolved
1-739167541,Resolved
1-739167698,In_Call
1-739173471,Resolved
1-739173911,Resolved
1-739174153,Resolved
1-739174291,Resolved
1-739174396,Resolved
1-739174477,Resolved
1-739174580,Resolved
1-739174798,Resolved
1-739176440,Resolved
1-739176818,In_Call
1-739176870,Resolved
1-739176875,Resolved
1-739176881,In_Call
1-739177070,Resolved
1-739177207,Resolved
1-739177224,Resolved
1-739177383,Resolved
1-739177590,Resolved
1-739177608,Resolved
1-739177611,Resolved
1-739177647,Resolved
1-739177687,Resolved
1-739177701,Resolved
1-739177724,In_Call
1-739180313,Resolved
1-739181083,In_Call
1-739181275,In_Call
1-739181320,Resolved
1-739181358,In_Call
1-739181465,In_Call
1-739181511,Resolved
1-739181558,In_Call
1-739181601,In_Call
1-739181621,In_Call
1-739181702,Resolved
1-739181713,In_Call
1-739181772,Resolved
1-739181845,In_Call
1-739181873,In_Call
1-739181888,In_Call
1-739182945,Resolved
1-739182980,Resolved
1-739183018,Resolved
1-739183035,In_Call
1-739183053,Resolved
1-739183104,Resolved
1-739183130,In_Call
1-739183150,Resolved
1-739183187,Resolved
1-739183240,Resolved
1-739183278,Resolved
1-739183315,Resolved
1-739183363,Resolved
1-739183534,Resolved
1-739183648,Resolved
1-739183657,Resolved
1-739183699,Resolved
1-739183702,In_Call
1-739183718,Resolved
1-739183768,In_Call
1-739183857,In_Call
1-739186141,In_Call
1-739186199,In_Call
1-739186611,Resolved
1-739186694,Resolved
1-739187909,Resolved
1-739187924,In_Call
1-739187980,Resolved
1-739187981,In_Call
1-739188040,Resolved
1-739188082,Resolved
1-739188103,Resolved
1-739188201,Resolved
1-739188251,In_Call
1-739188372,Resolved
1-739188427,Resolved
1-739188524,Resolved
1-739188641,Resolved
1-739194905,Resolved
1-739194931,In_Call
1-739194998,Resolved
1-739195121,Resolved
1-739195168,In_Call
1-739195237,In_Call
1-739195333,In_Call
1-739195476,Resolved
1-739195617,In_Call
1-739195932,Resolved
1-739196071,In_Call
1-739196313,In_Call
1-739196353,Resolved
1-739196391,Resolved
1-739196684,In_Call
1-739196774,Resolved
1-739196794,Resolved
1-739196881,Resolved
1-739196935,In_Call
1-739196972,Resolved
1-739197061,In_Call
1-739197153,Resolved
1-739197171,Other
1-739197225,In_Call
1-739197381,In_Call
1-739197411,Resolved
1-739197448,Resolved
1-739197487,Resolved
1-739197517,Resolved
1-739197672,Resolved
1-739197726,Resolved
1-739197764,Resolved
1-739197857,Resolved
1-739198002,Resolved
1-739198115,Resolved
1-739198127,Resolved
1-739198138,Resolved
1-739198208,Resolved
1-739198266,Resolved
1-739198301,Resolved
1-739198448,Resolved
1-739198483,Resolved
1-739198494,Resolved
1-739198505,Resolved
1-739198573,Resolved
1-739198811,Resolved
1-739198845,Resolved
1-739198891,Resolved
1-739199165,In_Call
1-739199944,In_Call
1-739199989,Resolved
1-739200157,In_Call
1-739200231,Resolved
1-739200253,In_Call
1-739200396,Resolved
1-739200411,Resolved
1-739200627,In_Call
1-739203185,Resolved
1-739203256,Resolved
1-739203288,Resolved
1-739203858,In_Call
1-739203937,Resolved
1-739204106,Resolved
1-739204273,Resolved
1-739204484,In_Call
1-739204551,In_Call
1-739204605,Resolved
1-739204640,In_Call
1-739204657,Resolved
1-739204681,Resolved
1-739204750,Resolved
1-739204785,In_Call
1-739208015,Resolved
1-739208095,In_Call
1-739208465,Resolved
1-739208580,In_Call
1-739211294,In_Call
1-739211459,Resolved
1-739211463,In_Call
1-739211706,Resolved
1-739211762,In_Call
1-739211784,In_Call
1-739211858,In_Call
1-739211891,In_Call
1-739212951,Resolved
1-739212961,Resolved
1-739213011,Resolved
1-739213171,In_Call
1-739213210,Resolved
1-739213369,Resolved
1-739213460,In_Call
1-739213499,Resolved
1-739213508,Resolved
1-739213558,In_Call
1-739213619,Resolved
1-739213621,Resolved
1-739213796,Resolved
1-739216265,Resolved
1-739216287,Resolved
1-739216382,Resolved
1-739216604,In_Call
1-739216801,In_Call
1-739216822,Resolved
1-739220124,Resolved
1-739220189,Resolved
1-739220334,Resolved
1-739220446,Resolved
1-739220491,Resolved
1-739220578,Resolved
1-739220615,Resolved
1-739220670,Resolved
1-739220741,Resolved
1-739220849,Resolved
1-739224418,Resolved
1-739224771,Resolved
1-739224951,Resolved
1-739224981,Resolved
1-739225001,Resolved
1-739225111,Resolved
1-739225152,Resolved
1-739225221,Resolved
1-739225231,Resolved
1-739225301,Resolved
1-739225321,Resolved
1-739225371,Resolved
1-739225381,Resolved
1-739225421,Resolved
1-739225471,Resolved
1-739225481,Resolved
1-739225501,Resolved
1-739225511,Resolved
1-739225521,Resolved
1-739225531,Resolved
1-739225661,Resolved
1-739225681,Resolved
1-739225691,Resolved
1-739225711,Resolved
1-739225781,Resolved
1-739225821,Resolved
1-739226916,In_Call
1-739227089,Resolved
1-739227126,In_Call
1-739227205,Resolved
1-739227368,In_Call
1-739227483,In_Call
1-739227536,Resolved
1-739227550,Resolved
1-739227685,In_Call
1-739227746,Resolved
1-739227761,Resolved
1-739227790,Resolved
1-739227828,In_Call
1-739228151,Resolved
1-739228191,Resolved
1-739228215,Resolved
1-739228360,Resolved
1-739228761,In_Call
1-739228787,In_Call
1-739228832,Resolved
1-739228898,In_Call
1-739248008,Resolved
1-739248260,Resolved
1-739248286,Resolved
1-739248306,In_Call
1-739248410,In_Call
1-739248497,Resolved
1-739248533,Resolved
1-739248856,In_Call
1-739252774,Resolved
1-739253989,Resolved
1-739254151,In_Call
1-739254192,In_Call
1-739254329,Resolved
1-739254408,In_Call
1-739254451,In_Call
1-739254541,In_Call
1-739254591,Resolved
1-739254688,Resolved
1-739254726,Resolved
1-739254765,In_Call
1-739257930,In_Call
1-739258427,In_Call
1-739258646,Resolved
1-739258929,In_Call
1-739259042,Resolved
1-739259133,Resolved
1-739259181,Resolved
1-739259283,Resolved
1-739259299,Resolved
1-739259336,Resolved
1-739259460,Resolved
1-739259476,Resolved
1-739259632,Resolved
1-739259644,In_Call
1-739259666,Resolved
1-739259772,Resolved
1-739259783,In_Call
1-739259835,In_Call
1-739259873,Resolved
1-739262291,In_Call
1-739262348,Resolved
1-739262438,In_Call
1-739262665,In_Call
1-739262701,Resolved
1-739262752,In_Call
1-739262879,In_Call
1-739264950,Resolved
1-739265006,Resolved
1-739265109,In_Call
1-739265120,In_Call
1-739265256,Resolved
1-739265351,Resolved
1-739265445,In_Call
1-739265473,In_Call
1-739265513,Resolved
1-739265528,In_Call
1-739265645,Resolved
1-739265861,Resolved
1-739269022,Resolved
1-739269204,In_Call
1-739269256,Resolved
1-739269455,Resolved
1-739269929,Resolved
1-739270964,In_Call
1-739270971,In_Call
1-739271014,Resolved
1-739271097,Resolved
1-739271101,Resolved
1-739271131,In_Call
1-739271199,Resolved
1-739271278,In_Call
1-739271360,Resolved
1-739271391,Resolved
1-739271559,Resolved
1-739271710,In_Call
1-739271728,In_Call
1-739273944,In_Call
1-739274076,In_Call
1-739274106,In_Call
1-739274179,Resolved
1-739274255,Resolved
1-739274572,In_Call
1-739275964,Resolved
1-739275992,In_Call
1-739276119,In_Call
1-739276248,In_Call
1-739276483,In_Call
1-739276565,In_Call
1-739276913,Resolved
1-739276940,In_Call
1-739277029,Resolved
1-739277139,Resolved
1-739277162,In_Call
1-739277239,Resolved
1-739277260,In_Call
1-739277436,In_Call
1-739277460,In_Call
1-739277540,Resolved
1-739278287,Resolved
1-739278981,Resolved
1-739279158,In_Call
1-739279341,Resolved
1-739279421,Resolved
1-739279515,In_Call
1-739279577,In_Call
1-739279634,In_Call
1-739279794,Resolved
1-739279860,In_Call
1-739279871,Resolved
1-739285066,Resolved
1-739285078,Resolved
1-739285090,Resolved
1-739285331,Resolved
1-739285389,Resolved
1-739285552,Resolved
1-739285714,Resolved
1-739285770,Resolved
1-739285782,Resolved
1-739285827,Resolved
1-739285850,Resolved
1-739285873,Resolved
1-739286285,In_Call
1-739288970,In_Call
1-739289054,In_Call
1-739289199,Resolved
1-739289351,In_Call
1-739289621,In_Call
1-739289678,In_Call
1-739289797,Resolved
1-739289835,In_Call
1-739289848,In_Call
1-739289870,In_Call
1-739291954,Resolved
1-739292088,Resolved
1-739292112,Resolved
1-739292191,Resolved
1-739292210,In_Call
1-739292357,Resolved
1-739292696,In_Call
1-739292738,Resolved
1-739292748,Resolved
1-739292794,In_Call
1-739292823,Resolved
1-739292845,Resolved
1-739292964,Resolved
1-739293161,In_Call
1-739293209,Resolved
1-739293482,Resolved
1-739293771,Resolved
1-739293904,Resolved
1-739293953,Resolved
1-739293969,In_Call
1-739294508,Resolved
1-739294850,In_Call
1-739300131,In_Call
1-739300338,In_Call
1-739300375,In_Call
1-739300444,Resolved
1-739300621,Resolved
1-739300655,In_Call
1-739302011,Resolved
1-739302171,In_Call
1-739302250,In_Call
1-739302322,In_Call
1-739302508,In_Call
1-739302563,Resolved
1-739302600,Resolved
1-739302606,Resolved
1-739302829,In_Call
1-739302843,Resolved
1-739302957,Resolved
1-739302963,Resolved
1-739303026,Resolved
1-739303270,Resolved
1-739303432,Resolved
1-739303561,Resolved
1-739303729,Resolved
1-739306192,Resolved
1-739306272,Resolved
1-739306552,Resolved
1-739306677,Resolved
1-739306691,Resolved
1-739306733,Resolved
1-739306815,In_Call
1-739307733,Resolved
1-739308953,Resolved
1-739308990,In_Call
1-739309009,Resolved
1-739309172,In_Call
1-739309210,In_Call
1-739309506,Resolved
1-739309800,Resolved
1-739314011,Resolved
1-739314098,In_Call
1-739314128,Resolved
1-739322124,Resolved
1-739322153,Resolved
1-739322229,In_Call
1-739322346,In_Call
1-739322475,In_Call
1-739322688,In_Call
1-739322855,Resolved
1-739323024,Resolved
1-739323051,Resolved
1-739323166,Resolved
1-739323183,In_Call
1-739323230,In_Call
1-739323263,Resolved
1-739323328,Resolved
1-739323361,In_Call
1-739323495,In_Call
1-739323632,Resolved
1-739323701,Resolved
1-739323749,In_Call
1-739323763,Resolved
1-739323780,In_Call
1-739323815,Resolved
1-739327955,Resolved
1-739328064,Resolved
1-739328288,Resolved
1-739328341,Resolved
1-739328505,In_Call
1-739328522,Resolved
1-739328665,In_Call
1-739328801,Resolved
1-739328861,Resolved
1-739330955,Resolved
1-739331050,Resolved
1-739331094,Resolved
1-739331316,In_Call
1-739331380,Resolved
1-739331431,Resolved
1-739331448,In_Call
1-739331526,In_Call
1-739331663,In_Call
1-739331778,In_Call
1-739331933,Resolved
1-739332058,Resolved
1-739332387,Resolved
1-739332421,Resolved
1-739332555,Resolved
1-739332648,Resolved
1-739332689,In_Call
1-739332905,Resolved
1-739333031,In_Call
1-739333078,In_Call
1-739333145,In_Call
1-739333180,In_Call
1-739333355,In_Call
1-739333451,Resolved
1-739333517,Resolved
1-739333570,Resolved
1-739333601,Resolved
1-739335621,Resolved
1-739335740,In_Call
1-739335750,Resolved
1-739336061,Resolved
1-739336265,Resolved
1-739336372,Resolved
1-739336702,In_Call
1-739337011,Resolved
1-739337027,Resolved
1-739337083,Resolved
1-739337097,Resolved
1-739337101,In_Call
1-739337228,Resolved
1-739337288,In_Call
1-739337454,In_Call
1-739337476,In_Call
1-739337506,Resolved
1-739337638,In_Call
1-739337655,In_Call
1-739337854,In_Call
1-739337880,Resolved
1-739337894,In_Call
1-739339913,Resolved
1-739344931,Resolved
1-739344991,Resolved
1-739345048,Resolved
1-739345104,In_Call
1-739345164,Resolved
1-739345210,Resolved
1-739345262,In_Call
1-739345318,In_Call
1-739345498,Resolved
1-739345510,Resolved
1-739345531,Resolved
1-739345555,Resolved
1-739345646,Resolved
1-739345755,In_Call
1-739345796,Resolved
1-739345877,Resolved
1-739348051,In_Call
1-739348122,In_Call
1-739348508,Resolved
1-739348953,In_Call
1-739349219,In_Call
1-739349221,Resolved
1-739349297,In_Call
1-739349379,In_Call
1-739349475,Resolved
1-739349568,In_Call
1-739349598,Resolved
1-739349711,Resolved
1-739349863,In_Call
1-739351697,In_Call
1-739353204,Resolved
1-739353641,In_Call
1-739357167,Resolved
1-739357777,Resolved
1-739357804,Resolved
1-739357879,Resolved
1-739358911,In_Call
1-739359006,In_Call
1-739359194,Resolved
1-739359233,Resolved
1-739359372,Resolved
1-739359537,In_Call
1-739359552,In_Call
1-739359673,In_Call
1-739359819,In_Call
1-739360627,In_Call
1-739362171,Resolved
1-739362198,In_Call
1-739362367,In_Call
1-739362461,Resolved
1-739362491,Resolved
1-739366616,Resolved
1-739366767,In_Call
1-739366778,Resolved
1-739366781,Resolved
1-739366817,Resolved
1-739368043,In_Call
1-739368091,Resolved
1-739368417,In_Call
1-739368865,In_Call
1-739371094,Resolved
1-739371462,In_Call
1-739371530,In_Call
1-739371600,In_Call
1-739377901,Resolved
1-739377921,Resolved
1-739378031,Resolved
1-739378061,Resolved
1-739378081,Resolved
1-739378101,Resolved
1-739383932,Resolved
1-739383951,Resolved
1-739383977,Resolved
1-739384114,In_Call
1-739384148,In_Call
1-739384172,Resolved
1-739384226,In_Call
1-739384308,Resolved
1-739384346,Resolved
1-739384871,In_Call
1-739385055,Resolved
1-739385294,Resolved
1-739385313,Resolved
1-739385334,Resolved
1-739385364,Resolved
1-739385451,Resolved
1-739385682,Resolved
1-739388907,Resolved
1-739389869,Resolved
1-739390405,Resolved
1-739390870,In_Call
1-739394269,In_Call
1-739394387,In_Call
1-739394476,Resolved
1-739399014,In_Call
1-739399169,In_Call
1-739399331,Resolved
1-739399352,Resolved
1-739399384,Resolved
1-739399485,In_Call
1-739399662,In_Call
1-739399718,In_Call
1-739399730,Resolved
1-739399747,Resolved
1-739399797,In_Call
1-739399832,In_Call
1-739400069,Resolved
1-739400227,Resolved
1-739400271,Resolved
1-739400329,Resolved
1-739400347,Resolved
1-739400416,Resolved
1-739400627,Resolved
1-739400698,Resolved
1-739401942,Resolved
1-739402047,Resolved
1-739402068,Resolved
1-739402118,In_Call
1-739402293,Resolved
1-739402656,In_Call
1-739402812,In_Call
1-739402880,Resolved
1-739402906,In_Call
1-739402947,In_Call
1-739402983,In_Call
1-739403016,Resolved
1-739403040,Resolved
1-739403163,In_Call
1-739403262,In_Call
1-739403381,Resolved
1-739403422,Resolved
1-739405925,Resolved
1-739405946,Resolved
1-739406031,Resolved
1-739406435,Resolved
1-739406770,In_Call
1-739407437,Resolved
1-739407480,In_Call
1-739408907,Resolved
1-739408930,Resolved
1-739409125,Resolved
1-739409205,Resolved
1-739409252,Resolved
1-739409424,Resolved
1-739409447,Resolved
1-739409540,Resolved
1-739409551,Resolved
1-739409573,Resolved
1-739409607,Resolved
1-739409937,In_Call
1-739410906,In_Call
1-739411011,Resolved
1-739411381,In_Call
1-739411408,Resolved
1-739411411,Resolved
1-739411723,Resolved
1-739411762,In_Call
1-739411822,Resolved
1-739412416,In_Call
1-739412435,Resolved
1-739412499,Resolved
1-739412580,Resolved
1-739412650,Resolved
1-739413109,Resolved
1-739413127,Resolved
1-739413212,Resolved
1-739413403,Resolved
1-739413428,Resolved
1-739413442,In_Call
1-739413498,In_Call
1-739413540,In_Call
1-739413646,Resolved
1-739414928,Resolved
1-739414940,Resolved
1-739415030,In_Call
1-739415092,Resolved
1-739415175,In_Call
1-739415217,Resolved
1-739415221,Resolved
1-739415374,Resolved
1-739415440,Resolved
1-739415526,Resolved
1-739415569,Resolved
1-739415839,In_Call
1-739415859,Resolved
1-739415908,Resolved
1-739415920,In_Call
1-739415952,In_Call
1-739416175,In_Call
1-739416307,In_Call
1-739416349,Resolved
1-739416485,Resolved
1-739416531,Resolved
1-739416557,Resolved
1-739416641,Resolved
1-739416700,Resolved
1-739416727,In_Call
1-739418978,Resolved
1-739419198,In_Call
1-739419216,Resolved
1-739419280,Resolved
1-739419378,In_Call
1-739419467,In_Call
1-739419541,In_Call
1-739419594,Resolved
1-739419608,In_Call
1-739419638,In_Call
1-739419900,Resolved
1-739424259,In_Call
1-739424939,Resolved
1-739424941,Resolved
1-739425131,Resolved
1-739425141,Resolved
1-739425181,Resolved
1-739425191,Resolved
1-739425201,Resolved
1-739425291,Resolved
1-739425301,Resolved
1-739425371,Resolved
1-739425411,Resolved
1-739425441,Resolved
1-739425621,Resolved
1-739425641,Resolved
1-739425662,Resolved
1-739425681,Resolved
1-739425711,Resolved
1-739425721,Resolved
1-739425731,Resolved
1-739425751,Resolved
1-739425771,Resolved
1-739425851,Resolved
1-739425881,Resolved
1-739425940,Resolved
1-739426361,Resolved
1-739426614,In_Call
1-739426850,In_Call
1-739428067,In_Call
1-739428083,In_Call
1-739428588,In_Call
1-739428694,In_Call
1-739432260,Resolved
1-739432326,Resolved
1-739432407,Resolved
1-739432421,Resolved
1-739432465,Resolved
1-739432551,Resolved
1-739432770,In_Call
1-739432886,In_Call
1-739435458,In_Call
1-739435777,Resolved
1-739435821,Resolved
1-739435897,In_Call
1-739437632,Resolved
1-739441006,Resolved
1-739441055,In_Call
1-739441216,Resolved
1-739441310,In_Call
1-739441321,Resolved
1-739441482,Resolved
1-739441534,In_Call
1-739441582,In_Call
1-739441613,Resolved
1-739441720,Resolved
1-739443383,Resolved
1-739443419,In_Call
1-739443876,Resolved
1-739444121,Resolved
1-739444481,Resolved
1-739444561,In_Call
1-739444668,Resolved
1-739444791,Resolved
1-739448341,Resolved
1-739448488,Resolved
1-739448754,Resolved
1-739449902,In_Call
1-739449951,Resolved
1-739450031,Resolved
1-739450291,Resolved
1-739450643,Resolved
1-739450735,In_Call
1-739452230,Resolved
1-739452351,Resolved
1-739452487,Resolved
1-739452822,In_Call
1-739454164,Resolved
1-739454191,Resolved
1-739454252,Resolved
1-739454302,In_Call
1-739454313,Resolved
1-739454409,In_Call
1-739454546,In_Call
1-739454713,In_Call
1-739457947,Resolved
1-739457997,Resolved
1-739458918,Resolved
1-739459005,Resolved
1-739459092,Resolved
1-739459105,Resolved
1-739459184,Resolved
1-739459635,Resolved
1-739467311,Resolved
1-739467664,In_Call
1-739467939,Resolved
1-739468022,In_Call
1-739468081,Resolved
1-739468120,Resolved
1-739468278,Resolved
1-739468881,Resolved
1-739470439,In_Call
1-739470443,Resolved
1-739470471,In_Call
1-739470667,Resolved
1-739470748,In_Call
1-739470868,Resolved
1-739471935,Resolved
1-739472317,Resolved
1-739472361,Resolved
1-739472433,Resolved
1-739474521,In_Call
1-739474661,In_Call
1-739474674,Resolved
1-739474698,Resolved
1-739476056,Resolved
1-739476187,Resolved
1-739476198,Resolved
1-739478911,In_Call
1-739479080,In_Call
1-739479240,Resolved
1-739479242,Resolved
1-739479487,In_Call
1-739479699,Resolved
1-739479711,Resolved
1-739480291,Resolved
1-739480593,Resolved
1-739480716,Resolved
1-739482563,Resolved
1-739482574,In_Call
1-739482638,Resolved
1-739482741,Resolved
1-739482751,Resolved
1-739482822,Resolved
1-739483315,In_Call
1-739483413,Resolved
1-739483599,In_Call
1-739483614,In_Call
1-739483695,Resolved
1-739485214,Resolved
1-739485243,Resolved
1-739485717,Resolved
1-739488314,Resolved
1-739489316,Resolved
1-739490488,Resolved
1-739490524,Resolved
1-739492208,Resolved
1-739492319,In_Call
1-739492887,Resolved
1-739492987,Resolved
1-739493119,In_Call
1-739493211,Resolved
1-739493262,In_Call
1-739493271,In_Call
1-739493965,In_Call
1-739494125,Resolved
1-739494148,In_Call
1-739494160,In_Call
1-739494179,Resolved
1-739494277,Resolved
1-739494419,Resolved
1-739494423,Resolved
1-739494503,Resolved
1-739494632,Resolved
1-739494693,In_Call
1-739494731,In_Call
1-739494822,Resolved
1-739497112,In_Call
1-739497125,In_Call
1-739497662,Resolved
1-739497882,In_Call
1-739505994,In_Call
1-739506305,Resolved
1-739506317,In_Call
1-739506338,Resolved
1-739506675,Resolved
1-739506683,Resolved
1-739506803,Resolved
1-739507423,Resolved
1-739507475,In_Call
1-739510056,In_Call
1-739510071,Resolved
1-739510108,Resolved
1-739510215,Resolved
1-739510233,Resolved
1-739510294,In_Call
1-739510323,Resolved
1-739510708,Resolved
1-739511909,In_Call
1-739512386,In_Call
1-739512405,In_Call
1-739512554,Resolved
1-739512617,Resolved
1-739512936,Resolved
1-739512943,In_Call
1-739512971,Resolved
1-739513026,Resolved
1-739513060,In_Call
1-739513095,In_Call
1-739513131,Resolved
1-739513240,Resolved
1-739513278,In_Call
1-739513366,Resolved
1-739513518,Resolved
1-739513615,Resolved
1-739513728,Resolved
1-739513831,Resolved
1-739513892,In_Call
1-739518367,In_Call
1-739521965,In_Call
1-739522090,In_Call
1-739522113,Resolved
1-739522121,Resolved
1-739522187,Resolved
1-739522233,Resolved
1-739523048,Resolved
1-739523198,Resolved
1-739523233,Resolved
1-739523290,Resolved
1-739523359,Resolved
1-739523826,Resolved
1-739523861,Resolved
1-739523929,In_Call
1-739523996,Resolved
1-739524121,In_Call
1-739524210,Resolved
1-739524351,Resolved
1-739524423,In_Call
1-739524515,Resolved
1-739524597,Resolved
1-739524720,Resolved
1-739524745,Resolved
1-739524848,In_Call
1-739524863,Resolved
1-739525284,In_Call
1-739525350,Resolved
1-739525375,Resolved
1-739525417,Resolved
1-739529082,In_Call
1-739529373,Resolved
1-739529384,In_Call
1-739532953,Resolved
1-739533146,In_Call
1-739533159,Resolved
1-739533495,In_Call
1-739533652,In_Call
1-739533713,Resolved
1-739540932,Resolved
1-739541123,In_Call
1-739541669,Resolved
1-739541864,Resolved
1-739543046,Resolved
1-739543267,In_Call
1-739546914,Resolved
1-739547989,Resolved
1-739548791,In_Call
1-739548838,Resolved
1-739548890,In_Call
1-739548891,Resolved
1-739551113,Resolved
1-739551166,In_Call
1-739551235,In_Call
1-739551473,Resolved
1-739551485,In_Call
1-739551491,In_Call
1-739551561,Resolved
1-739551721,In_Call
1-739551943,Resolved
1-739551967,Resolved
1-739552414,In_Call
1-739552585,Resolved
1-739552639,In_Call
1-739552759,Resolved
1-739554251,Resolved
1-739554280,In_Call
1-739554287,Resolved
1-739554352,In_Call
1-739556519,Resolved
1-739556539,Resolved
1-739556701,Resolved
1-739560011,Resolved
1-739560021,Resolved
1-739560051,Resolved
1-739560192,Resolved
1-739560251,Resolved
1-739566283,In_Call
1-739566551,Resolved
1-739566625,Resolved
1-739568230,In_Call
1-739569558,In_Call
1-739569615,In_Call
1-739569771,Resolved
1-739569803,Resolved
1-739569871,Resolved
1-739572542,Resolved
1-739572893,Resolved
1-739578542,In_Call
1-739578752,In_Call
1-739581939,In_Call
1-739581958,In_Call
1-739581976,Resolved
1-739582153,In_Call
1-739582231,Resolved
1-739582275,In_Call
1-739582553,In_Call
1-739582751,Resolved
1-739582855,In_Call
1-739587272,In_Call
1-739587319,In_Call
1-739587396,Resolved
1-739587444,In_Call
1-739587535,Resolved
1-739587728,In_Call
1-739587855,In_Call
1-739594564,Resolved
1-739594606,Resolved
1-739594962,In_Call
1-739595023,Resolved
1-739595109,In_Call
1-739595196,In_Call
1-739595223,In_Call
1-739595245,In_Call
1-739595270,In_Call
1-739595297,In_Call
1-739595324,In_Call
1-739597970,Resolved
1-739599194,In_Call
1-739599307,Resolved
1-739599386,Resolved
1-739599530,Resolved
1-739599576,Resolved
1-739599620,Resolved
1-739599651,In_Call
1-739599719,In_Call
1-739599889,In_Call
1-739600934,Resolved
1-739601103,In_Call
1-739601286,Resolved
1-739601303,In_Call
1-739601503,Resolved
1-739601828,In_Call
1-739601945,In_Call
1-739604009,Resolved
1-739604067,Resolved
1-739604078,Resolved
1-739604090,Resolved
1-739604102,Resolved
1-739604366,Resolved
1-739604401,Resolved
1-739604436,Resolved
1-739604482,Resolved
1-739604574,Resolved
1-739604586,Resolved
1-739604632,Resolved
1-739605906,Resolved
1-739605923,Resolved
1-739605993,In_Call
1-739606069,In_Call
1-739606147,Resolved
1-739606373,Resolved
1-739606472,In_Call
1-739606519,In_Call
1-739606660,Resolved
1-739606703,In_Call
1-739606762,Resolved
1-739606788,In_Call
1-739606890,In_Call
1-739606924,In_Call
1-739607150,Resolved
1-739607252,In_Call
1-739607445,In_Call
1-739609937,In_Call
1-739609945,In_Call
1-739610074,In_Call
1-739610135,Resolved
1-739610160,In_Call
1-739610172,Resolved
1-739610219,In_Call
1-739610274,Resolved
1-739610281,Resolved
1-739610377,Resolved
1-739610416,Resolved
1-739610456,In_Call
1-739610612,Resolved
1-739610663,In_Call
1-739610728,Resolved
1-739616002,Resolved
1-739616092,Resolved
1-739616211,In_Call
1-739617373,Resolved
1-739617397,In_Call
1-739617409,In_Call
1-739620881,Resolved
1-739626121,Resolved
1-739626185,Resolved
1-739626198,Resolved
1-739626420,Resolved
1-739626423,Resolved
1-739626471,In_Call
1-739626511,Resolved
1-739626589,In_Call
1-739626642,In_Call
1-739626672,Resolved
1-739626746,In_Call
1-739626771,Resolved
1-739626781,Resolved
1-739626891,Resolved
1-739627434,Resolved
1-739627646,In_Call
1-739627716,Resolved
1-739627772,In_Call
1-739627831,In_Call
1-739633012,In_Call
1-739634008,Resolved
1-739634136,Resolved
1-739635782,In_Call
1-739640031,In_Call
1-739640042,Resolved
1-739642918,Resolved
1-739643283,In_Call
1-739643385,In_Call
1-739643571,Resolved
1-739643871,In_Call
1-739646215,Resolved
1-739646504,In_Call
1-739646546,In_Call
1-739646584,Resolved
1-739658907,In_Call
1-739658951,Resolved
1-739658999,Resolved
1-739659110,Resolved
1-739659742,In_Call
1-739659841,Resolved
1-739660298,In_Call
1-739660774,Resolved
1-739660786,Resolved
1-739661200,Resolved
1-739661362,Resolved
1-739661379,Resolved
1-739661731,Resolved
1-739661815,Resolved
1-739662177,Resolved
1-739662209,In_Call
1-739663917,Resolved
1-739664750,Resolved
1-739669611,Resolved
1-739674921,Resolved
1-739675591,Resolved
1-739675883,In_Call
1-739675892,Resolved
1-739682247,Resolved
1-739682607,In_Call
1-739687618,Resolved
1-739688097,In_Call
1-739688146,In_Call
1-739688243,Resolved
1-739688343,Resolved
1-739688374,In_Call
1-739688417,In_Call
1-739688521,Resolved
1-739688614,Resolved
1-739688671,In_Call
1-739688785,In_Call
1-739688874,In_Call
1-739691501,In_Call
1-739694952,In_Call
1-739695441,Resolved
1-739695486,Resolved
1-739695491,Resolved
1-739695535,Resolved
1-739695709,Resolved
1-739695743,Resolved
1-739695971,Resolved
1-739696031,Resolved
1-739696554,Resolved
1-739696585,In_Call
1-739696604,In_Call
1-739696625,In_Call
1-739696708,Resolved
1-739696745,In_Call
1-739699409,In_Call
1-739711164,In_Call
1-739711344,Resolved
1-739711388,In_Call
1-739711400,In_Call
1-739711451,Resolved
1-739711714,Resolved
1-739711728,In_Call
1-739711805,Resolved
1-739712558,In_Call
1-739712584,Resolved
1-739712657,In_Call
1-739712794,Resolved
1-739713153,In_Call
1-739713264,In_Call
1-739713321,In_Call
1-739713354,In_Call
1-739713398,In_Call
1-739713622,Resolved
1-739715341,Resolved
1-739715562,In_Call
1-739715631,Resolved
1-739715647,Resolved
1-739715759,Resolved
1-739716264,Resolved
1-739716298,Resolved
1-739716382,In_Call
1-739716416,In_Call
1-739716422,In_Call
1-739716719,Resolved
1-739718009,Resolved
1-739718199,In_Call
1-739718341,Resolved
1-739718404,Resolved
1-739718429,In_Call
1-739718556,In_Call
1-739718592,Resolved
1-739718615,Resolved
1-739718649,In_Call
1-739718718,In_Call
1-739724947,Resolved
1-739726915,Resolved
1-739727111,In_Call
1-739727165,In_Call
1-739727237,In_Call
1-739727244,Resolved
1-739727291,Resolved
1-739727424,In_Call
1-739727450,Resolved
1-739727475,Resolved
1-739727705,In_Call
1-739727795,In_Call
1-739727821,Resolved
1-739727963,In_Call
1-739728094,Resolved
1-739728136,Resolved
1-739728191,Resolved
1-739728703,In_Call
1-739728799,Resolved
1-739730160,In_Call
1-739730594,In_Call
1-739730659,In_Call
1-739730844,Resolved
1-739732102,In_Call
1-739732142,In_Call
1-739732184,Resolved
1-739732277,Resolved
1-739732831,Resolved
1-739733074,Resolved
1-739733254,In_Call
1-739733281,Resolved
1-739733298,Resolved
1-739733319,In_Call
1-739733415,Resolved
1-739733457,Resolved
1-739733529,In_Call
1-739733771,In_Call
1-739733827,In_Call
1-739733861,Resolved
1-739734942,Resolved
1-739735986,Resolved
1-739736020,Resolved
1-739736307,Resolved
1-739736318,Resolved
1-739736468,Resolved
1-739736479,Resolved
1-739736753,Resolved
1-739747901,Resolved
1-739747981,Resolved
1-739747991,Resolved
1-739748031,Resolved
1-739748041,Resolved
1-739748061,Resolved
1-739748101,Resolved
1-739748131,Resolved
1-739748142,Resolved
1-739748201,Resolved
1-739748241,Resolved
1-739748271,Resolved
1-739748321,Resolved
1-739748381,Resolved
1-739748401,Resolved
1-739748431,Resolved
1-739748513,Resolved
1-739748521,Resolved
1-739748531,Resolved
1-739748561,Resolved
1-739748641,Resolved
1-739748711,Resolved
1-739748731,Resolved
1-739748741,Resolved
1-739748751,Resolved
1-739748781,Resolved
1-739748841,Resolved
1-739748871,Resolved
1-739749117,In_Call
1-739749248,In_Call
1-739749534,Resolved
1-739749717,In_Call
1-739749755,Resolved
1-739749802,Resolved
1-739749820,Resolved
1-739750119,In_Call
1-739750135,Resolved
1-739750816,Resolved
1-739750855,Resolved
1-739751655,Resolved
1-739752684,In_Call
1-739752851,Resolved
1-739753437,In_Call
1-739753523,Resolved
1-739753537,Resolved
1-739753548,Resolved
1-739753572,In_Call
1-739753587,Resolved
1-739753598,Resolved
1-739753718,In_Call
1-739753744,In_Call
1-739753757,Resolved
1-739753804,In_Call
1-739753830,In_Call
1-739753857,In_Call
1-739753885,In_Call
1-739755016,Resolved
1-739755182,In_Call
1-739755281,In_Call
1-739765075,In_Call
1-739765101,Resolved
1-739765722,In_Call
1-739765735,Resolved
1-739765889,Resolved
1-739766311,Resolved
1-739766431,Resolved
1-739766662,Resolved
1-739766860,In_Call
1-739768102,In_Call
1-739768221,In_Call
1-739768281,Resolved
1-739768365,In_Call
1-739768673,In_Call
1-739770021,Resolved
1-739770381,Resolved
1-739770396,Resolved
1-739770474,Resolved
1-739771031,In_Call
1-739771090,In_Call
1-739771209,In_Call
1-739771235,Resolved
1-739771285,In_Call
1-739771315,In_Call
1-739771353,In_Call
1-739771402,In_Call
1-739771425,Resolved
1-739771431,Resolved
1-739771487,In_Call
1-739771511,In_Call
1-739772962,Resolved
1-739773105,In_Call
1-739773148,Resolved
1-739773478,In_Call
1-739773587,Resolved
1-739773642,Resolved
1-739773976,Resolved
1-739774065,Resolved
1-739774122,In_Call
1-739774151,Resolved
1-739774185,Resolved
1-739774204,Resolved
1-739774220,In_Call
1-739774346,Resolved
1-739774373,Resolved
1-739774395,Resolved
1-739774484,In_Call
1-739774516,In_Call
1-739774582,In_Call
1-739774643,In_Call
1-739774660,In_Call
1-739774687,In_Call
1-739774740,In_Call
1-739774780,In_Call
1-739774964,In_Call
1-739775208,Resolved
1-739775235,In_Call
1-739775605,In_Call
1-739775753,In_Call
1-739775838,In_Call
1-739779041,Resolved
1-739779223,Resolved
1-739779771,In_Call
1-739779892,Resolved
1-739780479,In_Call
1-739780580,Resolved
1-739782082,In_Call
1-739782270,Resolved
1-739782283,Resolved
1-739782542,Resolved
1-739782743,Resolved
1-739782801,Resolved
1-739788100,Resolved
1-739788181,Resolved
1-739788228,Resolved
1-739788318,Resolved
1-739788537,Resolved
1-739790231,Resolved
1-739790868,Resolved
1-739790961,In_Call
1-739791039,In_Call
1-739791073,Resolved
1-739791103,In_Call
1-739791131,In_Call
1-739791276,Resolved
1-739791347,In_Call
1-739791388,Resolved
1-739791691,In_Call
1-739791800,Resolved
1-739793941,Resolved
1-739793961,Resolved
1-739794081,Resolved
1-739794121,Resolved
1-739795812,Resolved
1-739800101,Resolved
1-739800265,Resolved
1-739800551,In_Call
1-739800638,In_Call
1-739809072,Resolved
1-739809156,Resolved
1-739809228,Resolved
1-739809365,Resolved
1-739809691,Resolved
1-739809801,Resolved
1-739809826,In_Call
1-739813913,Resolved
1-739814053,Resolved
1-739814493,Resolved
1-739814661,Resolved
1-739814721,Resolved
1-739819390,In_Call
1-739819436,In_Call
1-739819463,In_Call
1-739820726,In_Call
1-739820766,In_Call
1-739820884,In_Call
1-739821151,In_Call
1-739821187,Resolved
1-739821347,Resolved
1-739821483,In_Call
1-739821542,Resolved
1-739821611,In_Call
1-739821679,Resolved
1-739821873,Resolved
1-739822950,In_Call
1-739823176,In_Call
1-739823295,Resolved
1-739823372,Resolved
1-739823390,Resolved
1-739823457,Resolved
1-739823544,In_Call
1-739823923,In_Call
1-739824142,In_Call
1-739824200,In_Call
1-739824377,Resolved
1-739824427,Resolved
1-739824484,Resolved
1-739824775,In_Call
1-739824792,In_Call
1-739825949,In_Call
1-739825987,Resolved
1-739826085,In_Call
1-739826218,In_Call
1-739826254,In_Call
1-739826386,In_Call
1-739826451,Resolved
1-739826661,Resolved
1-739826679,Resolved
1-739826708,Resolved
1-739826738,Resolved
1-739828769,Resolved
1-739829006,Resolved
1-739829191,Resolved
1-739829227,Resolved
1-739829238,Resolved
1-739829274,Resolved
1-739829285,Resolved
1-739829448,Resolved
1-739829623,Resolved
1-739829634,Resolved
1-739829669,Resolved
1-739829857,Resolved
1-739829881,Resolved
1-739829892,Resolved
1-739837011,Resolved
1-739837055,In_Call
1-739837348,Resolved
1-739841973,In_Call
1-739842421,Resolved
1-739842681,Resolved
1-739843086,In_Call
1-739843192,In_Call
1-739843472,Resolved
1-739843543,In_Call
1-739843770,In_Call
1-739843830,In_Call
1-739845918,Resolved
1-739846111,Resolved
1-739846146,Resolved
1-739846371,Resolved
1-739846407,In_Call
1-739846468,Resolved
1-739846729,Resolved
1-739847770,Resolved
1-739847798,In_Call
1-739850124,Resolved
1-739850206,Resolved
1-739850265,Resolved
1-739850299,Resolved
1-739850380,Resolved
1-739850482,Resolved
1-739850585,Resolved
1-739850631,Resolved
1-739850761,Resolved
1-739850951,In_Call
1-739851171,Resolved
1-739872261,Resolved
1-739872621,In_Call
1-739872651,In_Call
1-739872708,In_Call
1-739872711,In_Call
1-739872770,In_Call
1-739872825,In_Call
1-739898112,In_Call
1-739898122,In_Call
1-739898763,Resolved
1-739898902,Resolved
1-739898949,Resolved
1-739899237,Resolved
1-739899261,Resolved
1-739899391,Resolved
1-739899474,Resolved
1-739899640,Resolved
1-739899724,Resolved
1-739899771,Resolved
1-739901409,Resolved
1-739901719,In_Call
1-739901756,In_Call
1-739901781,Resolved
1-739901796,Resolved
1-739901840,In_Call
1-739902921,Resolved
1-739903001,Resolved
1-739903026,Resolved
1-739903055,Resolved
1-739903089,In_Call
1-739903149,Resolved
1-739903228,Resolved
1-739903299,In_Call
1-739903365,Resolved
1-739903526,Resolved
1-739903561,Resolved
1-739903768,In_Call
1-739903846,In_Call
1-740059721,Resolved
1-740285129,Resolved
1-740285244,Resolved
1-740285665,Resolved
1-740287562,Resolved
1-740291939,Resolved
1-740291950,Resolved
1-740291962,Resolved
1-740291974,Resolved
1-740292158,Resolved
1-740292255,Resolved
1-740292320,Resolved
1-740292465,Resolved
1-740292477,Resolved
1-740292500,Resolved
1-740292673,Resolved
1-740292729,Resolved
1-740292753,Resolved
1-740292798,Resolved
1-740293014,Resolved
1-740293061,Resolved
1-740293080,In_Call
1-740293511,In_Call
1-740293761,Resolved
1-740293857,In_Call
1-740299911,Resolved
1-740299941,Resolved
1-740300051,In_Call
1-740300138,Resolved
1-740300145,Resolved
1-740300223,In_Call
1-740300289,In_Call
1-740300366,In_Call
1-740300419,Resolved
1-740300463,Resolved
1-740300513,In_Call
1-740300619,In_Call
1-740300621,In_Call
1-740300732,In_Call
1-740300859,In_Call
1-740300861,Resolved
1-740302057,Resolved
1-740302198,Resolved
1-740302270,In_Call
1-740302762,In_Call
1-740302831,In_Call
1-740302868,In_Call
1-740303155,Resolved
1-740303502,Resolved
1-740307011,Resolved
1-740307036,Resolved
1-740307073,Resolved
1-740307161,Resolved
1-740307259,Resolved
1-740307285,Resolved
1-740307293,Resolved
1-740307381,Resolved
1-740307406,Resolved
1-740307458,In_Call
1-740307634,Resolved
1-740307677,Resolved
1-740307704,Resolved
1-740307721,In_Call
1-740307773,Resolved
1-740307782,Resolved
1-740307843,Resolved
1-740307889,Resolved
1-740308291,In_Call
1-740308384,Resolved
1-740308447,Resolved
1-740308469,In_Call
1-740308671,In_Call
1-740308721,In_Call
1-740308737,In_Call
1-740308821,Resolved
1-740308848,Resolved
1-740309261,In_Call
1-740315141,Resolved
1-740315176,In_Call
1-740315219,Resolved
1-740315341,In_Call
1-740315361,Resolved
1-740315409,In_Call
1-740315441,Resolved
1-740315461,In_Call
1-740315712,Resolved
1-740316201,Resolved
1-740316633,Resolved
1-740316641,In_Call
1-740316721,Resolved
1-740316771,Resolved
1-740322310,Resolved
1-740322426,In_Call
1-740322441,In_Call
1-740322478,In_Call
1-740322511,Resolved
1-740322551,In_Call
1-740322581,Resolved
1-740322601,In_Call
1-740322680,In_Call
1-740322831,Resolved
1-740324225,Resolved
1-740328136,Resolved
1-740328183,In_Call
1-740328352,Resolved
1-740328401,In_Call
1-740328411,Resolved
1-740328458,Resolved
1-740330013,Resolved
1-740330048,Resolved
1-740330149,Resolved
1-740330191,Resolved
1-740330313,Resolved
1-740330381,Resolved
1-740330618,Resolved
1-740330630,Resolved
1-740330720,Resolved
1-740330732,Resolved
1-740330755,Resolved
1-740330767,Resolved
1-740330778,Resolved
1-740330789,Resolved
1-740330801,Resolved
1-740330812,Resolved
1-740330824,Resolved
1-740330847,Resolved
1-740330871,Resolved
1-740330883,Resolved
1-740339015,In_Call
1-740339106,Resolved
1-740339240,In_Call
1-740339295,In_Call
1-740339637,In_Call
1-740340071,Resolved
1-740340101,In_Call
1-740340137,In_Call
1-740340526,Resolved
1-740340681,Resolved
1-740342107,In_Call
1-740342121,In_Call
1-740342178,Resolved
1-740342181,In_Call
1-740342309,In_Call
1-740342377,In_Call
1-740342406,In_Call
1-740342521,Resolved
1-740342805,Resolved
1-740342839,Resolved
1-740344932,Resolved
1-740344950,Resolved
1-740348139,Resolved
1-740348149,In_Call
1-740348202,Resolved
1-740348417,Resolved
1-740348495,Resolved
1-740348693,In_Call
1-740357018,In_Call
1-740357079,Resolved
1-740357237,In_Call
1-740357297,Resolved
1-740357428,Resolved
1-740357692,Resolved
1-740357708,Resolved
1-740357775,Resolved
1-740358972,Resolved
1-740358991,Other
1-740359121,Resolved
1-740359327,Resolved
1-740359408,In_Call
1-740359484,In_Call
1-740359508,In_Call
1-740359566,In_Call
1-740359633,In_Call
1-740363996,Resolved
1-740364105,Resolved
1-740364166,Resolved
1-740364387,Resolved
1-740364593,Resolved
1-740364658,In_Call
1-740364822,Other
1-740367985,In_Call
1-740368015,In_Call
1-740371161,Resolved
1-740371348,Resolved
1-740371771,In_Call
1-740371820,Resolved
1-740371900,Resolved
1-740380115,Resolved
1-740380830,Resolved
1-740383215,In_Call
1-740383360,Resolved
1-740383371,In_Call
1-740383399,Resolved
1-740383420,In_Call
1-740383524,Resolved
1-740383750,In_Call
1-740383860,Resolved
1-740383870,In_Call
1-740384182,Resolved
1-740384821,In_Call
1-740385762,Resolved
1-740387037,In_Call
1-740387312,Resolved
1-740387427,In_Call
1-740387481,Resolved
1-740387608,In_Call
1-740387750,Resolved
1-740387822,In_Call
1-740387864,Resolved
1-740388710,In_Call
1-740388748,Resolved
1-740388786,In_Call
1-740393498,Resolved
1-740393512,Resolved
1-740393918,In_Call
1-740393941,Resolved
1-740393958,In_Call
1-740394062,In_Call
1-740394107,In_Call
1-740394189,In_Call
1-740394347,Resolved
1-740394421,Resolved
1-740394456,In_Call
1-740394743,In_Call
1-740394754,In_Call
1-740394864,Resolved
1-740396325,In_Call
1-740396381,In_Call
1-740396492,In_Call
1-740396542,Resolved
1-740396560,Resolved
1-740396572,Resolved
1-740396710,In_Call
1-740396720,Resolved
1-740396848,In_Call
1-740398374,Resolved
1-740398415,In_Call
1-740398442,In_Call
1-740398595,In_Call
1-740398649,Resolved
1-740398780,In_Call
1-740398890,In_Call
1-740403927,Resolved
1-740404027,Resolved
1-740404051,Resolved
1-740404065,Resolved
1-740404130,Resolved
1-740404266,In_Call
1-740404280,Resolved
1-740404288,In_Call
1-740404555,In_Call
1-740404582,In_Call
1-740404649,In_Call
1-740404752,In_Call
1-740404852,In_Call
1-740404890,In_Call
1-740406065,In_Call
1-740406442,Resolved
1-740406689,Resolved
1-740406759,Resolved
1-740406890,Resolved
1-740408943,Resolved
1-740409271,Resolved
1-740413222,In_Call
1-740413739,Resolved
1-740413759,Resolved
1-740414265,Resolved
1-740421001,Resolved
1-740421014,Resolved
1-740421027,In_Call
1-740421103,Resolved
1-740421154,Resolved
1-740421206,Resolved
1-740421419,Resolved
1-740421478,Resolved
1-740421503,Resolved
1-740421552,Resolved
1-740421663,In_Call
1-740421691,Resolved
1-740423292,Resolved
1-740423500,In_Call
1-740423567,Resolved
1-740423737,Resolved
1-740423797,Resolved
1-740423830,Resolved
1-740423878,Resolved
1-740434918,In_Call
1-740434999,Resolved
1-740435031,In_Call
1-740435051,Resolved
1-740435109,Resolved
1-740435239,In_Call
1-740435261,In_Call
1-740435284,Resolved
1-740435326,Resolved
1-740435381,Resolved
1-740435626,In_Call
1-740435636,In_Call
1-740435830,In_Call
1-740435895,In_Call
1-740436985,Resolved
1-740437055,Resolved
1-740437148,Resolved
1-740437475,Resolved
1-740437487,Resolved
1-740437511,Resolved
1-740437617,Resolved
1-740437864,Resolved
1-740437897,Resolved
1-740439036,In_Call
1-740439051,Resolved
1-740439153,Resolved
1-740439355,Resolved
1-740439566,Resolved
1-740443901,Resolved
1-740443932,In_Call
1-740443984,Resolved
1-740444096,In_Call
1-740444114,In_Call
1-740444186,In_Call
1-740444312,In_Call
1-740444369,Resolved
1-740444402,Resolved
1-740444535,Resolved
1-740444700,Resolved
1-740444716,Resolved
1-740448903,In_Call
1-740449312,In_Call
1-740449562,Resolved
1-740449572,Resolved
1-740449587,Resolved
1-740449730,Resolved
1-740449736,Resolved
1-740453064,Resolved
1-740453306,Resolved
1-740453334,Resolved
1-740453371,Resolved
1-740453503,In_Call
1-740453701,Resolved
1-740453732,Resolved
1-740453793,Resolved
1-740454929,Resolved
1-740454979,In_Call
1-740455033,In_Call
1-740455245,Resolved
1-740455276,In_Call
1-740455456,In_Call
1-740455601,Resolved
1-740455650,Resolved
1-740455673,Resolved
1-740455880,In_Call
1-740459971,In_Call
1-740460019,Resolved
1-740460112,In_Call
1-740460214,In_Call
1-740460361,In_Call
1-740460458,Resolved
1-740460471,Resolved
1-740460550,In_Call
1-740460649,Resolved
1-740460855,In_Call
1-740460916,Resolved
1-740461032,Resolved
1-740461199,In_Call
1-740461411,Resolved
1-740461532,Resolved
1-740461919,In_Call
1-740462073,In_Call
1-740462148,In_Call
1-740462311,Resolved
1-740462359,Resolved
1-740462424,Resolved
1-740462506,In_Call
1-740462513,In_Call
1-740462640,In_Call
1-740462663,Resolved
1-740462699,In_Call
1-740462709,In_Call
1-740470066,In_Call
1-740470139,In_Call
1-740470141,Resolved
1-740470151,Resolved
1-740470386,Resolved
1-740470730,Resolved
1-740470790,In_Call
1-740470848,Resolved
1-740471146,In_Call
1-740471207,In_Call
1-740471311,Resolved
1-740471362,In_Call
1-740471428,Resolved
1-740471440,In_Call
1-740471621,Resolved
1-740475033,Resolved
1-740475566,Resolved
1-740475630,In_Call
1-740489901,Resolved
1-740489949,Resolved
1-740489995,Resolved
1-740490030,Resolved
1-740490061,Resolved
1-740490145,In_Call
1-740490182,Resolved
1-740490210,Resolved
1-740490360,Resolved
1-740490375,In_Call
1-740490411,Resolved
1-740490649,In_Call
1-740490668,Resolved
1-740490799,Resolved
1-740490856,Resolved
1-740492992,Resolved
1-740493021,Resolved
1-740493061,Resolved
1-740493071,Resolved
1-740493101,Resolved
1-740493131,Resolved
1-740493181,Resolved
1-740493271,Resolved
1-740493291,Resolved
1-740493362,Resolved
1-740493371,Resolved
1-740493431,Resolved
1-740493471,Resolved
1-740493521,Resolved
1-740493551,Resolved
1-740493591,Resolved
1-740493701,Resolved
1-740493741,Resolved
1-740493772,Resolved
1-740506024,In_Call
1-740506051,Resolved
1-740506268,Resolved
1-740506419,Resolved
1-740506511,Resolved
1-740516910,In_Call
1-740517185,In_Call
1-740517201,Resolved
1-740527085,Resolved
1-740527242,In_Call
1-740527287,Resolved
1-740527503,Resolved
1-740527544,Resolved
1-740527649,In_Call
1-740527771,Resolved
1-740527807,Resolved
1-740529071,Resolved
1-740529083,Resolved
1-740529221,Resolved
1-740529245,In_Call
1-740529442,In_Call
1-740529491,In_Call
1-740529525,Resolved
1-740529642,Resolved
1-740529867,In_Call
1-740532920,Resolved
1-740532923,In_Call
1-740532960,Resolved
1-740533149,In_Call
1-740533214,Resolved
1-740533246,Resolved
1-740533338,Resolved
1-740533480,In_Call
1-740533531,Resolved
1-740533550,Resolved
1-740533626,Resolved
1-740533697,In_Call
1-740533751,Resolved
1-740533853,In_Call
1-740534221,In_Call
1-740534446,Resolved
1-740534541,Resolved
1-740534568,Resolved
1-740534577,In_Call
1-740534639,Resolved
1-740534867,In_Call
1-740534878,Resolved
1-740536916,Resolved
1-740537188,In_Call
1-740537324,In_Call
1-740537367,Resolved
1-740537385,In_Call
1-740537539,Resolved
1-740537647,In_Call
1-740537705,In_Call
1-740537776,In_Call
1-740537782,In_Call
1-740537894,In_Call
1-740537914,Resolved
1-740538038,Other
1-740538062,Resolved
1-740538135,Resolved
1-740538543,Resolved
1-740538607,In_Call
1-740538636,Resolved
1-740538816,Resolved
1-740542029,Resolved
1-740542062,In_Call
1-740542105,Resolved
1-740542154,Resolved
1-740542219,Resolved
1-740542342,Resolved
1-740542356,Resolved
1-740543015,Resolved
1-740543537,Resolved
1-740543577,Resolved
1-740543610,Resolved
1-740543621,In_Call
1-740545047,In_Call
1-740545215,Resolved
1-740545224,In_Call
1-740545322,Resolved
1-740545470,Resolved
1-740545478,Resolved
1-740545598,Resolved
1-740545682,Resolved
1-740545722,Resolved
1-740550181,Resolved
1-740550239,Resolved
1-740550393,Resolved
1-740550404,Resolved
1-740550820,Resolved
1-740555906,Resolved
1-740556083,In_Call
1-740556381,In_Call
1-740556477,In_Call
1-740556533,In_Call
1-740556571,In_Call
1-740556714,In_Call
1-740556828,In_Call
1-740559958,Resolved
1-740560311,In_Call
1-740560358,In_Call
1-740560504,In_Call
1-740560551,Resolved
1-740560579,Resolved
1-740565976,In_Call
1-740566326,In_Call
1-740566576,In_Call
1-740566848,In_Call
1-740569952,In_Call
1-740570581,Resolved
1-740570608,Resolved
1-740570625,Resolved
1-740570748,Resolved
1-740570786,Resolved
1-740570791,Resolved
1-740570835,Resolved
1-740570848,Resolved
1-740570874,Resolved
1-740572175,Resolved
1-740572244,Resolved
1-740572291,Resolved
1-740572315,Resolved
1-740572361,Resolved
1-740572427,Resolved
1-740572582,In_Call
1-740572661,Resolved
1-740575579,Resolved
1-740575599,Resolved
1-740580352,Resolved
1-740580386,Resolved
1-740580599,In_Call
1-740580949,Resolved
1-740580971,In_Call
1-740580989,In_Call
1-740581372,In_Call
1-740581426,Resolved
1-740581599,Resolved
1-740581649,In_Call
1-740581724,In_Call
1-740581893,In_Call
1-740585081,In_Call
1-740585118,In_Call
1-740585221,In_Call
1-740585249,In_Call
1-740585356,In_Call
1-740585463,In_Call
1-740585765,In_Call
1-740585777,In_Call
1-740591301,In_Call
1-740591340,In_Call
1-740591353,In_Call
1-740591685,Resolved
1-740591717,Resolved
1-740591826,In_Call
1-740593930,In_Call
1-740593970,Resolved
1-740594799,In_Call
1-740594917,In_Call
1-740595137,Resolved
1-740595169,Resolved
1-740595273,In_Call
1-740595382,In_Call
1-740595511,Resolved
1-740595579,Resolved
1-740595749,Resolved
1-740595916,Resolved
1-740596194,In_Call
1-740596231,Resolved
1-740596320,Resolved
1-740596328,Resolved
1-740596763,In_Call
1-740596818,Resolved
1-740596823,Resolved
1-740596977,Resolved
1-740597333,Resolved
1-740597381,Resolved
1-740597399,Resolved
1-740597414,In_Call
1-740597468,In_Call
1-740597547,Resolved
1-740597584,In_Call
1-740597685,In_Call
1-740597735,Resolved
1-740597835,Resolved
1-740604071,Resolved
1-740604107,Resolved
1-740604212,Resolved
1-740604409,Resolved
1-740604467,Resolved
1-740604478,Resolved
1-740604514,Resolved
1-740604526,Resolved
1-740604538,Resolved
1-740604549,Resolved
1-740604573,Resolved
1-740604585,Resolved
1-740604597,Resolved
1-740604609,Resolved
1-740604620,Resolved
1-740604632,Resolved
1-740604644,Resolved
1-740604668,Resolved
1-740604680,Resolved
1-740604691,Resolved
1-740604703,Resolved
1-740604715,Resolved
1-740604727,Resolved
1-740604739,Resolved
1-740604751,Resolved
1-740604774,Resolved
1-740604786,Resolved
1-740604809,Resolved
1-740604843,Resolved
1-740607135,Resolved
1-740607229,In_Call
1-740607267,Resolved
1-740607871,Resolved
1-740609927,Resolved
1-740609951,In_Call
1-740609966,In_Call
1-740610061,In_Call
1-740610261,Resolved
1-740610271,Resolved
1-740610296,Resolved
1-740610319,In_Call
1-740610323,Resolved
1-740610543,In_Call
1-740610640,Resolved
1-740610803,Resolved
1-740616924,Resolved
1-740617030,In_Call
1-740617279,Resolved
1-740617297,Resolved
1-740617320,In_Call
1-740617545,In_Call
1-740617575,In_Call
1-740617671,In_Call
1-740617724,In_Call
1-740617747,In_Call
1-740617780,In_Call
1-740617785,In_Call
1-740617839,In_Call
1-740618111,In_Call
1-740618165,Resolved
1-740618457,Resolved
1-740618490,In_Call
1-740618637,In_Call
1-740620951,Resolved
1-740621151,In_Call
1-740621849,Resolved
1-740621880,In_Call
1-740622964,Resolved
1-740622971,In_Call
1-740622990,Resolved
1-740622995,In_Call
1-740623029,In_Call
1-740623233,Resolved
1-740626303,In_Call
1-740626771,In_Call
1-740626844,Resolved
1-740628101,Resolved
1-740628213,Resolved
1-740628318,In_Call
1-740628430,In_Call
1-740628533,In_Call
1-740628753,Resolved
1-740628896,Resolved
1-740630061,Resolved
1-740630090,Resolved
1-740630195,Resolved
1-740630351,In_Call
1-740630363,Resolved
1-740630613,Resolved
1-740630690,Resolved
1-740632224,Resolved
1-740632381,Resolved
1-740632403,Resolved
1-740632539,Resolved
1-740632587,In_Call
1-740632637,Resolved
1-740633004,In_Call
1-740633126,Resolved
1-740633433,In_Call
1-740633452,In_Call
1-740633469,In_Call
1-740633534,Resolved
1-740633553,In_Call
1-740633703,Resolved
1-740634961,Resolved
1-740635072,In_Call
1-740635131,In_Call
1-740635456,In_Call
1-740635600,Resolved
1-740635653,Resolved
1-740636981,In_Call
1-740637129,In_Call
1-740637167,In_Call
1-740637831,In_Call
1-740637842,In_Call
1-740638030,In_Call
1-740638047,Resolved
1-740638251,In_Call
1-740638407,In_Call
1-740638451,Resolved
1-740638477,In_Call
1-740638521,Resolved
1-740638571,Resolved
1-740638646,In_Call
1-740638661,In_Call
1-740638966,Resolved
1-740639015,Resolved
1-740639319,Resolved
1-740639643,In_Call
1-740639767,In_Call
1-740639788,In_Call
1-740639796,Resolved
1-740639823,In_Call
1-740639887,In_Call
1-740639892,In_Call
1-740640942,In_Call
1-740641078,Resolved
1-740641120,In_Call
1-740641294,In_Call
1-740641386,Resolved
1-740641391,In_Call
1-740641487,Resolved
1-740641679,In_Call
1-740641704,In_Call
1-740641770,In_Call
1-740641837,Resolved
1-740641916,In_Call
1-740641930,Resolved
1-740642034,In_Call
1-740642387,In_Call
1-740642429,Resolved
1-740642605,In_Call
1-740642694,In_Call
1-740648120,In_Call
1-740648385,Resolved
1-740648542,In_Call
1-740648557,Resolved
1-740648561,Resolved
1-740648620,Resolved
1-740648721,Resolved
1-740648766,Resolved
1-740648886,In_Call
1-740650963,In_Call
1-740651321,In_Call
1-740651428,Resolved
1-740651704,Resolved
1-740655421,Resolved
1-740655471,In_Call
1-740655725,In_Call
1-740661914,Resolved
1-740661991,Resolved
1-740662139,Resolved
1-740662243,Resolved
1-740662341,In_Call
1-740662381,In_Call
1-740662398,Resolved
1-740662454,Resolved
1-740662540,Resolved
1-740662560,In_Call
1-740662652,In_Call
1-740662703,Resolved
1-740662754,In_Call
1-740670770,In_Call
1-740675920,Resolved
1-740676483,Resolved
1-740676681,Resolved
1-740676845,Resolved
1-740676879,Resolved
1-740676912,Resolved
1-740676970,Resolved
1-740677096,Resolved
1-740677367,Resolved
1-740677448,Resolved
1-740677506,Resolved
1-740677598,Resolved
1-740677784,Resolved
1-740679046,Resolved
1-740679187,In_Call
1-740679321,In_Call
1-740679438,Resolved
1-740679461,In_Call
1-740679735,In_Call
1-740680072,In_Call
1-740680115,Resolved
1-740680255,Resolved
1-740680292,Resolved
1-740680403,Resolved
1-740680465,In_Call
1-740680611,Resolved
1-740680696,In_Call
1-740681032,In_Call
1-740681438,Other
1-740681625,Resolved
1-740681631,In_Call
1-740681925,In_Call
1-740682014,In_Call
1-740682051,In_Call
1-740682117,In_Call
1-740682191,Resolved
1-740682224,In_Call
1-740682250,In_Call
1-740682529,Resolved
1-740682818,In_Call
1-740682941,Resolved
1-740682961,Resolved
1-740683041,Resolved
1-740683101,Resolved
1-740683221,Resolved
1-740683251,Resolved
1-740683341,Resolved
1-740683906,Resolved
1-740683983,Resolved
1-740684121,Resolved
1-740684365,Resolved
1-740684551,Resolved
1-740684600,Resolved
1-740684682,Resolved
1-740684725,Resolved
1-740684766,Resolved
1-740686915,Resolved
1-740687864,In_Call
1-740692450,In_Call
1-740692523,Resolved
1-740692929,Resolved
1-740693037,Resolved
1-740693091,Resolved
1-740693170,Resolved
1-740693604,Resolved
1-740693774,Resolved
1-740693815,In_Call
1-740694988,Resolved
1-740695912,Resolved
1-740696062,Resolved
1-740696371,Resolved
1-740696526,In_Call
1-740698487,Resolved
1-740703014,Resolved
1-740703272,In_Call
1-740703291,Resolved
1-740703310,Resolved
1-740703451,Resolved
1-740703544,Resolved
1-740703573,Resolved
1-740703682,Resolved
1-740703747,Resolved
1-740703867,Resolved
1-740706918,Resolved
1-740706970,Resolved
1-740706986,In_Call
1-740707026,In_Call
1-740707112,In_Call
1-740707164,In_Call
1-740707326,Resolved
1-740707407,In_Call
1-740707608,Resolved
1-740707631,In_Call
1-740715079,In_Call
1-740715175,In_Call
1-740715559,In_Call
1-740715573,In_Call
1-740715676,Resolved
1-740715743,In_Call
1-740715900,In_Call
1-740723068,Resolved
1-740723138,Resolved
1-740723262,Resolved
1-740723275,In_Call
1-740723292,In_Call
1-740723400,Resolved
1-740723437,Resolved
1-740723442,Resolved
1-740723470,Resolved
1-740723593,In_Call
1-740723616,Resolved
1-740723678,Resolved
1-740726055,Resolved
1-740726083,In_Call
1-740726463,In_Call
1-740726483,Resolved
1-740726556,In_Call
1-740726591,Resolved
1-740726794,In_Call
1-740729944,In_Call
1-740730139,Resolved
1-740730409,In_Call
1-740730671,In_Call
1-740730770,In_Call
1-740731990,In_Call
1-740732022,Resolved
1-740732425,In_Call
1-740732805,Resolved
1-740736011,Resolved
1-740736929,Resolved
1-740737509,In_Call
1-740737521,In_Call
1-740737536,In_Call
1-740737718,In_Call
1-740737863,In_Call
1-740739679,Resolved
1-740739879,Resolved
1-740740907,Resolved
1-740740931,In_Call
1-740741211,In_Call
1-740741492,Resolved
1-740741561,Resolved
1-740741591,Resolved
1-740741761,Resolved
1-740741790,In_Call
1-740741891,Resolved
1-740744927,Resolved
1-740745024,In_Call
1-740745084,Resolved
1-740745971,Resolved
1-740746345,Resolved
1-740748947,Resolved
1-740749094,Resolved
1-740749185,Resolved
1-740749299,In_Call
1-740749370,In_Call
1-740749895,Resolved
1-740751001,Resolved
1-740751027,In_Call
1-740751204,Resolved
1-740751544,Resolved
1-740751561,Resolved
1-740751967,Resolved
1-740751976,Resolved
1-740752103,Resolved
1-740752178,Resolved
1-740752351,Resolved
1-740752486,Resolved
1-740752510,Resolved
1-740752893,In_Call
1-740753760,In_Call
1-740753820,In_Call
1-740753868,In_Call
1-740759961,Resolved
1-740760140,In_Call
1-740760247,In_Call
1-740760321,In_Call
1-740760575,In_Call
1-740760605,Resolved
1-740765939,Resolved
1-740766207,In_Call
1-740766308,Resolved
1-740766742,Resolved
1-740767198,Resolved
1-740771213,Resolved
1-740771761,Resolved
1-740771790,Resolved
1-740773205,In_Call
1-740773316,Resolved
1-740773383,Resolved
1-740773742,Resolved
1-740773761,Resolved
1-740779250,In_Call
1-740779636,Resolved
1-740779868,In_Call
1-740779871,In_Call
1-740780000,Resolved
1-740780080,Resolved
1-740780169,Resolved
1-740780180,Resolved
1-740780397,Resolved
1-740780617,Resolved
1-740780662,Resolved
1-740780802,Resolved
1-740780871,Resolved
1-740780926,In_Call
1-740780933,Resolved
1-740781048,Resolved
1-740781113,Resolved
1-740781165,Resolved
1-740781202,Resolved
1-740781343,Resolved
1-740781457,Resolved
1-740781471,Resolved
1-740781545,Resolved
1-740782031,Other
1-740782623,In_Call
1-740786620,In_Call
1-740791130,Resolved
1-740791340,Resolved
1-740791397,Resolved
1-740791441,Resolved
1-740791568,In_Call
1-740791585,In_Call
1-740791622,Resolved
1-740791709,In_Call
1-740791756,Resolved
1-740791787,Resolved
1-740791865,Resolved
1-740792117,Resolved
1-740792192,In_Call
1-740792353,In_Call
1-740792431,In_Call
1-740792459,Resolved
1-740792546,Resolved
1-740792688,Resolved
1-740792783,Resolved
1-740792826,In_Call
1-740801127,Resolved
1-740801390,Resolved
1-740801731,Resolved
1-740803114,In_Call
1-740803182,Resolved
1-740803202,In_Call
1-740803434,Resolved
1-740803482,Resolved
1-740803513,Resolved
1-740803667,In_Call
1-740803750,In_Call
1-740803777,In_Call
1-740804915,Resolved
1-740804949,In_Call
1-740805045,In_Call
1-740805060,In_Call
1-740805104,In_Call
1-740811102,Resolved
1-740811300,Resolved
1-740811530,In_Call
1-740811922,Resolved
1-740812001,Resolved
1-740812056,In_Call
1-740812093,In_Call
1-740812155,Resolved
1-740812490,Resolved
1-740812542,In_Call
1-740812628,In_Call
1-740812736,Resolved
1-740813912,In_Call
1-740813959,Resolved
1-740814049,Resolved
1-740814177,In_Call
1-740814205,In_Call
1-740814456,Resolved
1-740814666,Resolved
1-740814764,Resolved
1-740816078,Resolved
1-740816193,In_Call
1-740816795,In_Call
1-740816836,Resolved
1-740820090,In_Call
1-740820127,In_Call
1-740820157,In_Call
1-740820201,Resolved
1-740820286,Resolved
1-740820318,Resolved
1-740820688,In_Call
1-740821231,In_Call
1-740821802,In_Call
1-740824274,Resolved
1-740824347,Resolved
1-740824701,In_Call
1-740824718,Resolved
1-740826591,Resolved
1-740827022,Resolved
1-740827080,Resolved
1-740827441,Resolved
1-740827705,Resolved
1-740827851,Resolved
1-740829059,Resolved
1-740829472,Resolved
1-740829531,In_Call
1-740829567,Resolved
1-740833004,In_Call
1-740834992,In_Call
1-740835137,In_Call
1-740835229,In_Call
1-740835239,Resolved
1-740835335,In_Call
1-740835599,In_Call
1-740839338,In_Call
1-740839393,Resolved
1-740839404,In_Call
1-740839458,Resolved
1-740839548,Resolved
1-740841250,Resolved
1-740841271,In_Call
1-740841300,In_Call
1-740841599,Resolved
1-740842201,Resolved
1-740842422,Resolved
1-740844119,In_Call
1-740844296,In_Call
1-740844433,In_Call
1-740846470,In_Call
1-740846515,In_Call
1-740846820,In_Call
1-740847057,Resolved
1-740847124,Resolved
1-740847182,Resolved
1-740847333,Resolved
1-740847645,Resolved
1-740847830,Resolved
1-740847841,Resolved
1-740847897,Resolved
1-740847921,In_Call
1-740848036,Resolved
1-740848060,In_Call
1-740848086,In_Call
1-740849411,Resolved
1-740852906,In_Call
1-740852972,In_Call
1-740853009,Resolved
1-740853095,Resolved
1-740853331,Resolved
1-740853360,Other
1-740853391,In_Call
1-740853408,In_Call
1-740855996,In_Call
1-740856521,In_Call
1-740858155,Resolved
1-740858249,Resolved
1-740858571,Resolved
1-740858915,In_Call
1-740858975,Resolved
1-740859373,In_Call
1-740859433,In_Call
1-740859521,Resolved
1-740859565,In_Call
1-740859738,In_Call
1-740859781,Resolved
1-740861081,In_Call
1-740861351,Resolved
1-740861371,Resolved
1-740861917,In_Call
1-740862061,Resolved
1-740862080,Resolved
1-740862126,In_Call
1-740862164,In_Call
1-740865953,Resolved
1-740865969,Resolved
1-740866691,In_Call
1-740866708,In_Call
1-740866821,Other
