case_id,outcome
2760925,deviant
2771451,deviant
2782209,regular
2783345,deviant
2760925,deviant
2783345,deviant
2783345,deviant
2783345,deviant
2794023,regular
2797217,regular
2797217,regular
2782209,regular
2782209,regular
2782209,regular
2782209,regular
2799076,deviant
2794023,regular
2794023,regular
2794023,regular
2794023,regular
2794023,regular
2797217,regular
2797217,regular
2797217,regular
2797217,regular
2797217,regular
2797217,regular
2797217,regular
2797217,regular
2797217,regular
2797217,regular
2797217,regular
2797217,regular
2794023,regular
2794023,regular
2794023,regular
2794023,regular
2782209,regular
2782209,regular
2782209,regular
2782209,regular
2771451,deviant
2783345,deviant
2814003,regular
2883285,regular
2799076,deviant
2883285,regular
2817543,deviant
2830183,regular
2817543,deviant
2817543,deviant
2831567,regular
2833073,regular
2817543,deviant
2817543,deviant
2817543,deviant
2817543,deviant
2817543,deviant
2817543,deviant
2817543,deviant
2817543,deviant
2817543,deviant
2817543,deviant
2797217,regular
2797217,regular
2797217,regular
2797217,regular
2797217,regular
2797217,regular
2797217,regular
2797217,regular
2797217,regular
2797217,regular
2797217,regular
2797217,regular
2797217,regular
2797217,regular
2797217,regular
2797217,regular
2797217,regular
2797217,regular
2797217,regular
2797217,regular
2797217,regular
2797217,regular
2797217,regular
2838476,regular
2782209,regular
2794023,regular
2797217,regular
2797217,regular
2814003,regular
2814003,regular
2830183,regular
2831567,regular
2833073,regular
2839858,regular
2840219,regular
2840553,regular
2817543,deviant
2831567,regular
2831567,regular
2831567,regular
2831567,regular
2831567,regular
2831567,regular
2830183,regular
2830183,regular
2830183,regular
2830183,regular
2830183,regular
2833073,regular
2833073,regular
2833073,regular
2833073,regular
2833073,regular
2833073,regular
2830183,regular
2797217,regular
2814003,regular
2817543,deviant
2838476,regular
2839858,regular
2840219,regular
2840553,regular
2851738,regular
2852274,regular
2838476,regular
2838476,regular
2838476,regular
2838476,regular
2838476,regular
2839858,regular
2839858,regular
2839858,regular
2839858,regular
2839858,regular
2839858,regular
2839858,regular
2839858,regular
2839858,regular
2839858,regular
2838476,regular
2838476,regular
2838476,regular
2838476,regular
2840219,regular
2840219,regular
2840219,regular
2840219,regular
2840219,regular
2840219,regular
2840219,regular
2840219,regular
2840553,regular
2840553,regular
2840553,regular
2840553,regular
2840553,regular
2840553,regular
2840553,regular
2840553,regular
2854000,deviant
2814003,regular
2814003,regular
2814003,regular
2814003,regular
2814003,regular
2814003,regular
2814003,regular
2814003,regular
2814003,regular
2814003,regular
2814003,regular
2814003,regular
2814003,regular
2814003,regular
2814003,regular
2814003,regular
2814003,regular
2814003,regular
2814003,regular
2814003,regular
2814003,regular
2814003,regular
2814003,regular
2814003,regular
2814003,regular
2814003,regular
2814003,regular
2814003,regular
2814003,regular
2814003,regular
2814003,regular
2814003,regular
2851738,regular
2852274,regular
2854000,deviant
2854000,deviant
2857143,regular
2883285,regular
2851738,regular
2851738,regular
2851738,regular
2851738,regular
2851738,regular
2851738,regular
2852274,regular
2852274,regular
2852274,regular
2852274,regular
2852274,regular
2852274,regular
2854000,deviant
2854000,deviant
2854000,deviant
2854000,deviant
2854000,deviant
2854000,deviant
2830183,regular
2831567,regular
2833073,regular
2857143,regular
2866083,regular
2857143,regular
2857143,regular
2857143,regular
2857143,regular
2857143,regular
2868276,regular
2814003,regular
2868714,deviant
2883285,regular
2883285,regular
2782209,regular
2782209,regular
2782209,regular
2782209,regular
2782209,regular
2782209,regular
2782209,regular
2782209,regular
2782209,regular
2782209,regular
2782209,regular
2782209,regular
2782209,regular
2782209,regular
2782209,regular
2782209,regular
2782209,regular
2782209,regular
2782209,regular
2782209,regular
2782209,regular
2782209,regular
2871542,regular
2873491,regular
2782209,regular
2782209,regular
2782209,regular
2783345,deviant
2814003,regular
2838476,regular
2839858,regular
2840219,regular
2840553,regular
2851738,regular
2852274,regular
2854000,deviant
2872584,regular
2883285,regular
2883285,regular
2771451,deviant
2771451,deviant
2782209,regular
2866083,regular
2866083,regular
2868276,regular
2868714,deviant
2868714,deviant
2874224,deviant
2879904,regular
2891205,regular
2900428,regular
2866083,regular
2866083,regular
2866083,regular
2866083,regular
2866083,regular
2866083,regular
2868276,regular
2868276,regular
2868276,regular
2868276,regular
2868276,regular
2868714,deviant
2868714,deviant
2868714,deviant
2868714,deviant
2868714,deviant
2868714,deviant
2857143,regular
2868276,regular
2782209,regular
2875758,regular
2771451,deviant
2871542,regular
2872584,regular
2873491,regular
2873491,regular
2873491,regular
2873491,regular
2873491,regular
2873491,regular
2873491,regular
2873491,regular
2873491,regular
2873491,regular
2873491,regular
2872584,regular
2872584,regular
2872584,regular
2872584,regular
2874224,deviant
2875758,regular
2876753,regular
2876753,regular
2887729,regular
2874224,deviant
2874224,deviant
2875758,regular
2875758,regular
2876753,regular
2876753,regular
2771451,deviant
2782209,regular
2783345,deviant
2857143,regular
2874224,deviant
2874224,deviant
2874224,deviant
2874224,deviant
2874224,deviant
2874224,deviant
2874224,deviant
2874224,deviant
2771451,deviant
2875758,regular
2875758,regular
2883285,regular
2883285,regular
2883285,regular
2883285,regular
2883285,regular
2883285,regular
2883285,regular
2883285,regular
2883285,regular
2883285,regular
2883285,regular
2883285,regular
2883285,regular
2883285,regular
2883285,regular
2883285,regular
2883285,regular
2883285,regular
2883285,regular
2883285,regular
2883285,regular
2883285,regular
2840553,regular
2840553,regular
2840553,regular
2840553,regular
2840553,regular
2840553,regular
2840553,regular
2840553,regular
2840553,regular
2840553,regular
2840553,regular
2840553,regular
2840553,regular
2840553,regular
2840553,regular
2840553,regular
2840553,regular
2840553,regular
2840553,regular
2840553,regular
2840553,regular
2840553,regular
2840553,regular
2840219,regular
2840219,regular
2840219,regular
2840219,regular
2840219,regular
2840219,regular
2840219,regular
2840219,regular
2840219,regular
2840219,regular
2840219,regular
2840219,regular
2840219,regular
2840219,regular
2840219,regular
2840219,regular
2840219,regular
2840219,regular
2840219,regular
2840219,regular
2840219,regular
2840219,regular
2840219,regular
2875758,regular
2875758,regular
2875758,regular
2875758,regular
2771451,deviant
2887943,deviant
2902671,deviant
2876753,regular
2876753,regular
2794023,regular
2887729,regular
2887943,deviant
2902319,deviant
2887943,deviant
2887943,deviant
2887943,deviant
2887943,deviant
2839858,regular
2839858,regular
2839858,regular
2839858,regular
2839858,regular
2839858,regular
2839858,regular
2839858,regular
2839858,regular
2839858,regular
2839858,regular
2839858,regular
2839858,regular
2839858,regular
2839858,regular
2839858,regular
2839858,regular
2839858,regular
2839858,regular
2839858,regular
2839858,regular
2794023,regular
2794023,regular
2794023,regular
2794023,regular
2794023,regular
2794023,regular
2794023,regular
2839858,regular
2839858,regular
2840219,regular
2840553,regular
2891205,regular
2899336,deviant
2901823,regular
2891205,regular
2891205,regular
2891205,regular
2771451,deviant
2771451,deviant
2771451,deviant
2771451,deviant
2771451,deviant
2771451,deviant
2771451,deviant
2771451,deviant
2771451,deviant
2771451,deviant
2771451,deviant
2771451,deviant
2771451,deviant
2771451,deviant
2771451,deviant
2771451,deviant
2771451,deviant
2771451,deviant
2771451,deviant
2866083,regular
2868276,regular
2868714,deviant
2871542,regular
2872584,regular
2874224,deviant
2875758,regular
2891205,regular
2783345,deviant
2783345,deviant
2783345,deviant
2783345,deviant
2783345,deviant
2783345,deviant
2783345,deviant
2783345,deviant
2783345,deviant
2783345,deviant
2783345,deviant
2783345,deviant
2783345,deviant
2783345,deviant
2783345,deviant
2783345,deviant
2783345,deviant
2783345,deviant
2783345,deviant
2783345,deviant
2783345,deviant
2783345,deviant
2783345,deviant
2783345,deviant
2783345,deviant
2783345,deviant
2783345,deviant
2783345,deviant
2783345,deviant
2783345,deviant
2783345,deviant
2783345,deviant
2783345,deviant
2783345,deviant
2783345,deviant
2783345,deviant
2783345,deviant
2771451,deviant
2771451,deviant
2771451,deviant
2771451,deviant
2771451,deviant
2771451,deviant
2771451,deviant
2771451,deviant
2771451,deviant
2771451,deviant
2771451,deviant
2771451,deviant
2771451,deviant
2771451,deviant
2771451,deviant
2771451,deviant
2771451,deviant
2771451,deviant
2771451,deviant
2872584,regular
2899336,deviant
2899336,deviant
2899336,deviant
2899336,deviant
2899336,deviant
2899336,deviant
2899336,deviant
2887943,deviant
2887943,deviant
2887943,deviant
2887943,deviant
2900428,regular
2901823,regular
2902319,deviant
2902671,deviant
2904023,regular
2887943,deviant
2887943,deviant
2900428,regular
2900428,regular
2900428,regular
2900428,regular
2901823,regular
2901823,regular
2901823,regular
2901823,regular
2902319,deviant
2902319,deviant
2902319,deviant
2902319,deviant
2902671,deviant
2902671,deviant
2902671,deviant
2902671,deviant
2771451,deviant
2771451,deviant
2783345,deviant
2783345,deviant
2831567,regular
2839858,regular
2840219,regular
2840219,regular
2840553,regular
2840553,regular
2868276,regular
2868714,deviant
2868714,deviant
2872584,regular
2872584,regular
2872584,regular
2899336,deviant
2899336,deviant
2902319,deviant
2902319,deviant
2902319,deviant
2902319,deviant
2902319,deviant
2902319,deviant
2771451,deviant
2771451,deviant
2899336,deviant
2899336,deviant
2771451,deviant
2771451,deviant
2904023,regular
2904023,regular
2783345,deviant
2783345,deviant
2868714,deviant
2868714,deviant
2868714,deviant
2868714,deviant
2868714,deviant
2868714,deviant
2868714,deviant
2783345,deviant
2868714,deviant
2783345,deviant
2866083,regular
2866083,regular
2866083,regular
2866083,regular
2866083,regular
2866083,regular
2866083,regular
2854000,deviant
2854000,deviant
2854000,deviant
2854000,deviant
2854000,deviant
2854000,deviant
2854000,deviant
2854000,deviant
2872584,regular
2872584,regular
2872584,regular
2872584,regular
2872584,regular
2872584,regular
2872584,regular
2872584,regular
2872584,regular
2872584,regular
2872584,regular
2872584,regular
2872584,regular
2872584,regular
2794023,regular
2794023,regular
2794023,regular
2817543,deviant
2817543,deviant
2831567,regular
2854000,deviant
2868276,regular
2904023,regular
2868276,regular
2868276,regular
2868276,regular
2868276,regular
2868276,regular
2868276,regular
2868276,regular
2868276,regular
2868276,regular
2868276,regular
2868276,regular
2868276,regular
2868276,regular
2868276,regular
2794023,regular
2794023,regular
2794023,regular
2831567,regular
2831567,regular
2831567,regular
2831567,regular
2831567,regular
2831567,regular
2831567,regular
2831567,regular
2831567,regular
2831567,regular
2831567,regular
2831567,regular
2831567,regular
2831567,regular
2794023,regular
2794023,regular
2868276,regular
2868276,regular
2868276,regular
2868276,regular
2868276,regular
2868276,regular
2868276,regular
2868276,regular
2868276,regular
2868276,regular
2868276,regular
2831567,regular
2831567,regular
2831567,regular
2831567,regular
2831567,regular
2831567,regular
2831567,regular
2831567,regular
2831567,regular
2831567,regular
2831567,regular
2830183,regular
2833073,regular
2839858,regular
2840219,regular
2840553,regular
2857143,regular
2917203,regular
2917783,regular
2928203,regular
2851738,regular
2851738,regular
2851738,regular
2857143,regular
2857143,regular
2857143,regular
2857143,regular
2857143,regular
2857143,regular
2857143,regular
2857143,regular
2857143,regular
2857143,regular
2830183,regular
2830183,regular
2830183,regular
2830183,regular
2830183,regular
2830183,regular
2830183,regular
2830183,regular
2830183,regular
2830183,regular
2830183,regular
2830183,regular
2830183,regular
2830183,regular
2833073,regular
2833073,regular
2833073,regular
2833073,regular
2833073,regular
2833073,regular
2833073,regular
2833073,regular
2833073,regular
2833073,regular
2833073,regular
2833073,regular
2833073,regular
2833073,regular
2851738,regular
2917203,regular
2917783,regular
2931527,deviant
2917783,regular
2917783,regular
2917783,regular
2917783,regular
2917203,regular
2917203,regular
2917203,regular
2817543,deviant
2817543,deviant
2817543,deviant
2817543,deviant
2817543,deviant
2817543,deviant
2817543,deviant
2817543,deviant
2831567,regular
2868276,regular
2937163,deviant
2838476,regular
2891205,regular
2902671,deviant
2902671,deviant
2904023,regular
2904023,regular
2917203,regular
2928203,regular
2929114,regular
2891205,regular
2891205,regular
2904023,regular
2904023,regular
2904023,regular
2891205,regular
2917203,regular
2917203,regular
2904023,regular
2904023,regular
2891205,regular
2917203,regular
2917203,regular
2838476,regular
2838476,regular
2838476,regular
2838476,regular
2838476,regular
2838476,regular
2838476,regular
2838476,regular
2838476,regular
2838476,regular
2838476,regular
2838476,regular
2838476,regular
2838476,regular
2928203,regular
2928203,regular
2902671,deviant
2928203,regular
2928203,regular
2902671,deviant
2902671,deviant
2929114,regular
2929114,regular
2929114,regular
2929114,regular
2929114,regular
2830183,regular
2917203,regular
2931527,deviant
2937457,regular
2857143,regular
2857143,regular
2857143,regular
2857143,regular
2857143,regular
2857143,regular
2857143,regular
2857143,regular
2857143,regular
2857143,regular
2857143,regular
2857143,regular
2857143,regular
2857143,regular
2931527,deviant
2931527,deviant
2931527,deviant
2830183,regular
2830183,regular
2830183,regular
2830183,regular
2830183,regular
2830183,regular
2830183,regular
2830183,regular
2830183,regular
2830183,regular
2838476,regular
2838476,regular
2838476,regular
2838476,regular
2838476,regular
2838476,regular
2838476,regular
2833073,regular
2833073,regular
2833073,regular
2833073,regular
2833073,regular
2833073,regular
2833073,regular
2833073,regular
2833073,regular
2833073,regular
2771451,deviant
2783345,deviant
2831567,regular
2868276,regular
2899336,deviant
2902319,deviant
2902671,deviant
2904023,regular
2917203,regular
2931527,deviant
2931527,deviant
2931527,deviant
2833073,regular
2838476,regular
2857143,regular
2937163,deviant
2937163,deviant
2937163,deviant
2937163,deviant
2937163,deviant
2937457,regular
2938665,regular
2941603,regular
2937163,deviant
2937163,deviant
2937457,regular
2937457,regular
2937457,regular
2937457,regular
2937457,regular
2941603,regular
2941603,regular
2938665,regular
2938665,regular
2941603,regular
2941603,regular
2941603,regular
2941603,regular
2941603,regular
2941603,regular
2851738,regular
2874224,deviant
2938665,regular
2938665,regular
2953434,regular
2955625,deviant
2958289,regular
2959106,regular
2961386,regular
2966701,deviant
2874224,deviant
2874224,deviant
2851738,regular
2851738,regular
2851738,regular
2851738,regular
2851738,regular
2851738,regular
2851738,regular
2851738,regular
2917203,regular
2917203,regular
2941603,regular
2952306,regular
2966696,regular
2887943,deviant
2899336,deviant
2902319,deviant
2931527,deviant
2941603,regular
2941603,regular
2952306,regular
2952306,regular
2953434,regular
2955625,deviant
2956643,regular
2941603,regular
2941603,regular
2941603,regular
2941603,regular
2941603,regular
2941603,regular
2941603,regular
2941603,regular
2941603,regular
2941603,regular
2941603,regular
2941603,regular
2941603,regular
2941603,regular
2953434,regular
2953434,regular
2953434,regular
2953434,regular
2953434,regular
2902319,deviant
2899336,deviant
2899336,deviant
2899336,deviant
2899336,deviant
2899336,deviant
2899336,deviant
2899336,deviant
2899336,deviant
2899336,deviant
2899336,deviant
2902319,deviant
2902319,deviant
2902319,deviant
2902319,deviant
2902319,deviant
2902319,deviant
2902319,deviant
2902319,deviant
2902319,deviant
2955625,deviant
2955625,deviant
2887943,deviant
2887943,deviant
2887943,deviant
2887943,deviant
2887943,deviant
2887943,deviant
2887943,deviant
2887943,deviant
2887943,deviant
2887943,deviant
2887943,deviant
2955625,deviant
2874224,deviant
2956643,regular
2967618,deviant
2976919,deviant
2956643,regular
2956643,regular
2956643,regular
2956643,regular
2956643,regular
2958289,regular
2959106,regular
2961386,regular
2966696,regular
2968803,deviant
2958289,regular
2958289,regular
2958289,regular
2958289,regular
2959106,regular
2959106,regular
2959106,regular
2959106,regular
2874224,deviant
2874224,deviant
2874224,deviant
2874224,deviant
2874224,deviant
2874224,deviant
2874224,deviant
2874224,deviant
2961386,regular
2961386,regular
2961386,regular
2961386,regular
2817543,deviant
2868714,deviant
2941603,regular
2902671,deviant
2902671,deviant
2967994,regular
2902671,deviant
2902671,deviant
2902671,deviant
2902671,deviant
2902671,deviant
2902671,deviant
2902671,deviant
2902671,deviant
2902671,deviant
2992191,deviant
2953434,regular
2959106,regular
2966696,regular
2966701,deviant
2966701,deviant
2967618,deviant
2967994,regular
2968803,deviant
2966701,deviant
2966701,deviant
2966701,deviant
2967618,deviant
2967618,deviant
2967618,deviant
2967994,regular
2967994,regular
2967994,regular
2966696,regular
2966696,regular
2966696,regular
2966696,regular
2966696,regular
2968803,deviant
2968803,deviant
2968803,deviant
2866083,regular
2887729,regular
2952306,regular
3019065,deviant
2868714,deviant
2868714,deviant
2868714,deviant
2868714,deviant
2851738,regular
2875758,regular
2875758,regular
2875758,regular
2875758,regular
2875758,regular
2875758,regular
2875758,regular
2875758,regular
2976919,deviant
3019503,deviant
3022008,deviant
2875758,regular
2868714,deviant
2868714,deviant
2976919,deviant
2976919,deviant
2976919,deviant
2976919,deviant
2998479,regular
2883285,regular
2883285,regular
2883285,regular
2883285,regular
2883285,regular
2883285,regular
2883285,regular
2883285,regular
2883285,regular
2883285,regular
2883285,regular
2883285,regular
2814003,regular
2814003,regular
2967618,deviant
2998842,deviant
3004257,regular
2817543,deviant
2817543,deviant
2817543,deviant
2817543,deviant
2817543,deviant
2952306,regular
2952306,regular
2952306,regular
2952306,regular
2952306,regular
2952306,regular
2952306,regular
2952306,regular
2952306,regular
2952306,regular
2952306,regular
2952306,regular
2952306,regular
2952306,regular
2952306,regular
2952306,regular
2952306,regular
2952306,regular
2952306,regular
2952306,regular
2952306,regular
2952306,regular
2952306,regular
2952306,regular
2952306,regular
2952306,regular
2952306,regular
2952306,regular
2952306,regular
2952306,regular
2952306,regular
2814003,regular
2952306,regular
2958289,regular
2875758,regular
2875758,regular
2875758,regular
2875758,regular
2875758,regular
2875758,regular
2875758,regular
2875758,regular
2875758,regular
2875758,regular
2875758,regular
2875758,regular
2875758,regular
2875758,regular
2875758,regular
2875758,regular
2875758,regular
2874224,deviant
2891205,regular
2891205,regular
2966696,regular
2992191,deviant
3020566,regular
2992191,deviant
2992191,deviant
2992191,deviant
2992191,deviant
2992191,deviant
2891205,regular
2891205,regular
2891205,regular
2891205,regular
2891205,regular
2891205,regular
2874224,deviant
2874224,deviant
2874224,deviant
2874224,deviant
2874224,deviant
2874224,deviant
2874224,deviant
2874224,deviant
2874224,deviant
2874224,deviant
2874224,deviant
2874224,deviant
2874224,deviant
2875758,regular
2998479,regular
2998842,deviant
3006903,deviant
3026543,deviant
2998479,regular
2998479,regular
2998479,regular
2998842,deviant
2998842,deviant
2998842,deviant
2875758,regular
2871542,regular
2931527,deviant
2952306,regular
2953434,regular
2953434,regular
2955625,deviant
2955625,deviant
2961386,regular
2961386,regular
3004257,regular
3006903,deviant
3027880,deviant
3030743,regular
3004257,regular
3004257,regular
3004257,regular
2931527,deviant
2931527,deviant
2931527,deviant
2931527,deviant
2931527,deviant
2931527,deviant
2931527,deviant
2931527,deviant
2931527,deviant
2931527,deviant
2931527,deviant
2931527,deviant
2931527,deviant
2931527,deviant
2961386,regular
2961386,regular
2961386,regular
2955625,deviant
2955625,deviant
2955625,deviant
2953434,regular
2797217,regular
2797217,regular
2797217,regular
3006903,deviant
3006903,deviant
3006903,deviant
3006903,deviant
3006903,deviant
2902671,deviant
3024669,regular
2854000,deviant
2854000,deviant
2854000,deviant
2904023,regular
2904023,regular
2904023,regular
2904023,regular
2904023,regular
2904023,regular
2904023,regular
2904023,regular
2904023,regular
2904023,regular
2904023,regular
2904023,regular
2904023,regular
2904023,regular
2868714,deviant
2868714,deviant
2868714,deviant
2868714,deviant
2868714,deviant
2868714,deviant
2868714,deviant
2868714,deviant
2868714,deviant
2868714,deviant
2868714,deviant
2868714,deviant
2868714,deviant
2868714,deviant
2868714,deviant
2868714,deviant
2868714,deviant
2868714,deviant
2868714,deviant
2868714,deviant
2868714,deviant
2875758,regular
2879904,regular
2952306,regular
2966701,deviant
2966701,deviant
2966701,deviant
2966701,deviant
2966701,deviant
3022008,deviant
3076883,regular
3076883,regular
2879904,regular
2879904,regular
2879904,regular
2879904,regular
2879904,regular
2879904,regular
2966701,deviant
2966701,deviant
2966701,deviant
2966701,deviant
2966701,deviant
2966701,deviant
2966701,deviant
2966701,deviant
2966701,deviant
2966701,deviant
2966701,deviant
2966701,deviant
2966701,deviant
2868714,deviant
3019065,deviant
3019503,deviant
3020566,regular
3019503,deviant
3019503,deviant
3019503,deviant
3019503,deviant
3019065,deviant
3019065,deviant
3019065,deviant
3020566,regular
3020566,regular
3020566,regular
3020566,regular
3022008,deviant
3022008,deviant
2868714,deviant
3024669,regular
3087612,deviant
3088519,deviant
2840553,regular
2840553,regular
2840553,regular
2839858,regular
2839858,regular
2839858,regular
2840219,regular
2840219,regular
2840219,regular
3024669,regular
3024669,regular
3024669,regular
3024669,regular
2866083,regular
2902319,deviant
2904023,regular
2931527,deviant
2967618,deviant
2967618,deviant
2967618,deviant
2967618,deviant
3022008,deviant
3026543,deviant
3026543,deviant
3027880,deviant
3030743,regular
3085645,regular
3022008,deviant
3026543,deviant
3026543,deviant
3026543,deviant
3026543,deviant
3027880,deviant
3027880,deviant
3027880,deviant
3030743,regular
3030743,regular
3030743,regular
3030743,regular
2866083,regular
2866083,regular
2866083,regular
2931527,deviant
2931527,deviant
2931527,deviant
2931527,deviant
2931527,deviant
2931527,deviant
2931527,deviant
2931527,deviant
2931527,deviant
2931527,deviant
2931527,deviant
2931527,deviant
2931527,deviant
2931527,deviant
2931527,deviant
2931527,deviant
2931527,deviant
2931527,deviant
2931527,deviant
2931527,deviant
2931527,deviant
2967618,deviant
2967618,deviant
2967618,deviant
2967618,deviant
2967618,deviant
2967618,deviant
2967618,deviant
2967618,deviant
2967618,deviant
2967618,deviant
2967618,deviant
2967618,deviant
2967618,deviant
2967618,deviant
2967618,deviant
2967618,deviant
2967618,deviant
2902671,deviant
2866083,regular
2937163,deviant
2937163,deviant
2937163,deviant
3076883,regular
3084709,regular
3113605,deviant
3076883,regular
3076883,regular
3076883,regular
3076883,regular
3076883,regular
2917203,regular
2917203,regular
2917203,regular
2917203,regular
2917203,regular
2917203,regular
2917203,regular
2917203,regular
2917203,regular
2917203,regular
2917203,regular
2917203,regular
2917203,regular
2917203,regular
2917203,regular
2917203,regular
2917203,regular
2917203,regular
2917203,regular
2917203,regular
2902671,deviant
2902671,deviant
2902671,deviant
2902671,deviant
2902671,deviant
2902671,deviant
2902671,deviant
2902671,deviant
2902671,deviant
2902671,deviant
2902671,deviant
2902671,deviant
2902671,deviant
2902671,deviant
2902671,deviant
2902671,deviant
2902671,deviant
2902671,deviant
2902671,deviant
2902671,deviant
2902671,deviant
2904023,regular
2904023,regular
2904023,regular
2904023,regular
2904023,regular
2904023,regular
2904023,regular
2904023,regular
2904023,regular
2904023,regular
2904023,regular
2937163,deviant
2937163,deviant
2937163,deviant
2937163,deviant
2937163,deviant
2937163,deviant
2937163,deviant
2937163,deviant
2937163,deviant
2937163,deviant
2937163,deviant
2937163,deviant
2937163,deviant
2937163,deviant
2937163,deviant
2937163,deviant
2937163,deviant
2937163,deviant
2937163,deviant
2937163,deviant
2868714,deviant
2879904,regular
2887943,deviant
3086223,regular
3095793,regular
3097714,deviant
2851738,regular
2851738,regular
2851738,regular
2851738,regular
2851738,regular
2968803,deviant
2968803,deviant
2968803,deviant
2998479,regular
2998479,regular
3084709,regular
3086223,regular
3087612,deviant
3088519,deviant
3100699,deviant
3100699,deviant
3116141,deviant
3116141,deviant
3116141,deviant
2998479,regular
2998479,regular
3084709,regular
3084709,regular
2998479,regular
2998479,regular
2998479,regular
2998479,regular
2998479,regular
3084709,regular
2998479,regular
3085645,regular
3085645,regular
2968803,deviant
2968803,deviant
2968803,deviant
2968803,deviant
2968803,deviant
2968803,deviant
2968803,deviant
2968803,deviant
2968803,deviant
2968803,deviant
2968803,deviant
3086223,regular
3086223,regular
3086223,regular
3086223,regular
2968803,deviant
3087612,deviant
3087612,deviant
3087612,deviant
3087612,deviant
3087612,deviant
3087612,deviant
3087612,deviant
3087612,deviant
3087612,deviant
2904023,regular
2968803,deviant
3006903,deviant
3006903,deviant
3006903,deviant
3006903,deviant
3019503,deviant
3019503,deviant
3019503,deviant
3101255,regular
3006903,deviant
3006903,deviant
3006903,deviant
3006903,deviant
3006903,deviant
3006903,deviant
3006903,deviant
3006903,deviant
3006903,deviant
3006903,deviant
3019503,deviant
3019503,deviant
3019503,deviant
3019503,deviant
3019503,deviant
3019503,deviant
3019503,deviant
3019503,deviant
3019503,deviant
3019503,deviant
2917783,regular
2917783,regular
2937163,deviant
2955625,deviant
3095793,regular
3097714,deviant
3103213,deviant
3115575,regular
2953434,regular
2953434,regular
2953434,regular
2953434,regular
2955625,deviant
2955625,deviant
2955625,deviant
2955625,deviant
2955625,deviant
2955625,deviant
2955625,deviant
2955625,deviant
2955625,deviant
2961386,regular
2961386,regular
2961386,regular
2961386,regular
2961386,regular
2961386,regular
2961386,regular
2961386,regular
2961386,regular
2961386,regular
2961386,regular
2961386,regular
2961386,regular
2961386,regular
2961386,regular
2961386,regular
2961386,regular
2961386,regular
2961386,regular
2961386,regular
2961386,regular
2961386,regular
2917783,regular
2917783,regular
2917783,regular
2917783,regular
2917783,regular
2917783,regular
2917783,regular
2917783,regular
2917783,regular
2917783,regular
2917783,regular
2917783,regular
2917783,regular
3095793,regular
3095793,regular
3095793,regular
3095793,regular
3095793,regular
3097714,deviant
3097714,deviant
3097714,deviant
3097714,deviant
3097714,deviant
3097714,deviant
2902671,deviant
2931527,deviant
2931527,deviant
2958289,regular
2958289,regular
2959106,regular
2959106,regular
2967618,deviant
3100699,deviant
3119614,regular
3124011,regular
3167203,regular
3500950,regular
2959106,regular
2959106,regular
2959106,regular
2959106,regular
2959106,regular
2959106,regular
2959106,regular
2959106,regular
2959106,regular
2959106,regular
2959106,regular
2959106,regular
2959106,regular
2959106,regular
2959106,regular
2959106,regular
2959106,regular
2959106,regular
2931527,deviant
2931527,deviant
2931527,deviant
2931527,deviant
2959106,regular
2959106,regular
2959106,regular
3101255,regular
3101255,regular
2953434,regular
2953434,regular
2953434,regular
2953434,regular
2953434,regular
2953434,regular
2953434,regular
2953434,regular
2953434,regular
2953434,regular
2953434,regular
2902671,deviant
2902671,deviant
2902671,deviant
2902671,deviant
2958289,regular
2966701,deviant
2958289,regular
2958289,regular
2958289,regular
2958289,regular
2958289,regular
2958289,regular
2958289,regular
2958289,regular
2958289,regular
2958289,regular
2958289,regular
2958289,regular
2958289,regular
2958289,regular
2958289,regular
2958289,regular
2958289,regular
2902671,deviant
2904023,regular
3123689,deviant
3130787,deviant
3151204,regular
2966701,deviant
2966701,deviant
2966701,deviant
2966701,deviant
2966701,deviant
2966701,deviant
2966701,deviant
2966701,deviant
2966701,deviant
2966701,deviant
2966701,deviant
2966701,deviant
2966701,deviant
2966701,deviant
2966701,deviant
2966701,deviant
3027880,deviant
3101255,regular
3103213,deviant
3113605,deviant
3115575,regular
3116141,deviant
3135870,regular
3101255,regular
3103213,deviant
3103213,deviant
3103213,deviant
3113605,deviant
3113605,deviant
2953434,regular
2953434,regular
2953434,regular
2953434,regular
3115575,regular
3115575,regular
3115575,regular
3116141,deviant
3116141,deviant
3116141,deviant
3119614,regular
3119614,regular
3119614,regular
3119614,regular
3119614,regular
2884070,regular
2871542,regular
2891205,regular
2956643,regular
2998479,regular
3123689,deviant
3124011,regular
3142055,regular
3142055,regular
3143683,regular
2937163,deviant
2937163,deviant
2937163,deviant
2937163,deviant
2937163,deviant
3123689,deviant
3123689,deviant
3123689,deviant
3124011,regular
3124011,regular
2958289,regular
2958289,regular
2958289,regular
2958289,regular
2958289,regular
2958289,regular
2938665,regular
2938665,regular
2938665,regular
2938665,regular
2958289,regular
3095793,regular
3095793,regular
3095793,regular
3103213,deviant
3130787,deviant
3149735,regular
3197502,regular
2902319,deviant
2902319,deviant
2902319,deviant
2902319,deviant
2902319,deviant
2902319,deviant
2902319,deviant
2902319,deviant
2902319,deviant
2902319,deviant
2902319,deviant
2902319,deviant
2902319,deviant
2902319,deviant
2902319,deviant
2902319,deviant
2902319,deviant
2902319,deviant
2902319,deviant
2902319,deviant
2902319,deviant
3095793,regular
3095793,regular
3095793,regular
3095793,regular
3095793,regular
3095793,regular
3095793,regular
3095793,regular
3095793,regular
3095793,regular
3095793,regular
3095793,regular
3095793,regular
3095793,regular
3095793,regular
3095793,regular
3095793,regular
3095793,regular
3095793,regular
3095793,regular
3095793,regular
3095793,regular
3095793,regular
3095793,regular
3095793,regular
3130787,deviant
3130787,deviant
3130787,deviant
2938665,regular
2938665,regular
2938665,regular
3095793,regular
3095793,regular
3095793,regular
2958289,regular
2958289,regular
2958289,regular
2958289,regular
2938665,regular
2938665,regular
2938665,regular
2938665,regular
2938665,regular
2938665,regular
2938665,regular
2938665,regular
2938665,regular
2938665,regular
2938665,regular
2938665,regular
2938665,regular
2938665,regular
2938665,regular
2938665,regular
2938665,regular
2938665,regular
2938665,regular
2938665,regular
2938665,regular
2938665,regular
2902671,deviant
2931527,deviant
2937457,regular
2937457,regular
2958289,regular
2966696,regular
3086223,regular
3095793,regular
3101255,regular
3153211,regular
3153211,regular
2937457,regular
2937457,regular
2937457,regular
2937457,regular
2937457,regular
2937457,regular
2937457,regular
2937457,regular
2937457,regular
2937457,regular
2937457,regular
2937457,regular
2937457,regular
2937457,regular
2937457,regular
2937457,regular
2937457,regular
2937457,regular
2937457,regular
2937457,regular
2937457,regular
2937457,regular
2937457,regular
2937457,regular
2899336,deviant
3022008,deviant
3022008,deviant
3022008,deviant
3027880,deviant
3027880,deviant
3142055,regular
3142055,regular
3168727,regular
2929114,regular
2929114,regular
2929114,regular
2929114,regular
2929114,regular
2929114,regular
2929114,regular
3022008,deviant
3022008,deviant
3022008,deviant
3022008,deviant
3022008,deviant
3022008,deviant
3022008,deviant
3022008,deviant
3022008,deviant
3022008,deviant
2929114,regular
2929114,regular
2929114,regular
2929114,regular
2929114,regular
2929114,regular
3022008,deviant
2967618,deviant
3027880,deviant
3027880,deviant
3027880,deviant
3027880,deviant
3027880,deviant
3027880,deviant
3027880,deviant
3027880,deviant
3027880,deviant
3027880,deviant
3027880,deviant
3026543,deviant
3026543,deviant
3026543,deviant
3026543,deviant
3026543,deviant
3142055,regular
3142055,regular
3142055,regular
3097714,deviant
3097714,deviant
3097714,deviant
3097714,deviant
3097714,deviant
2976919,deviant
3027880,deviant
3030743,regular
3030743,regular
3030743,regular
3027880,deviant
3030743,regular
3030743,regular
3030743,regular
3030743,regular
3030743,regular
3030743,regular
3030743,regular
3030743,regular
3030743,regular
3030743,regular
3030743,regular
3030743,regular
3030743,regular
2953434,regular
2953434,regular
2961386,regular
2961386,regular
2966701,deviant
2966701,deviant
3019065,deviant
3019065,deviant
3019065,deviant
3019065,deviant
3019065,deviant
3100699,deviant
3149735,regular
3149735,regular
3151204,regular
3169120,regular
3169326,regular
3172017,regular
3200492,regular
2961386,regular
2961386,regular
2961386,regular
2961386,regular
3149735,regular
3149735,regular
3149735,regular
2953434,regular
2953434,regular
2953434,regular
2953434,regular
2953434,regular
2953434,regular
2953434,regular
3151204,regular
3151204,regular
2966696,regular
2966696,regular
2966696,regular
3151204,regular
3151204,regular
3151204,regular
2966701,deviant
2966701,deviant
2966701,deviant
2966701,deviant
2966701,deviant
2966701,deviant
2966701,deviant
2966701,deviant
2966701,deviant
3019065,deviant
3019065,deviant
3019065,deviant
3019065,deviant
3019065,deviant
3019065,deviant
3019065,deviant
3019065,deviant
3019065,deviant
3019065,deviant
3019065,deviant
3019065,deviant
3019065,deviant
2884070,regular
2902319,deviant
2902319,deviant
2929114,regular
2929114,regular
3100699,deviant
3143683,regular
3174008,regular
3178187,regular
2902319,deviant
2902319,deviant
2902319,deviant
2902319,deviant
2967618,deviant
2967618,deviant
2884070,regular
2884070,regular
2884070,regular
2884070,regular
2884070,regular
2887943,deviant
2887943,deviant
2887943,deviant
2887943,deviant
2887943,deviant
2887943,deviant
2887943,deviant
2887943,deviant
2887943,deviant
2887943,deviant
2887943,deviant
2887943,deviant
2887943,deviant
2887943,deviant
2887943,deviant
3143683,regular
3143683,regular
3143683,regular
2958289,regular
3095793,regular
3179947,regular
2966696,regular
2959106,regular
2959106,regular
2959106,regular
2959106,regular
2959106,regular
2959106,regular
2887943,deviant
2887943,deviant
2887943,deviant
2887943,deviant
2887943,deviant
2887943,deviant
2976919,deviant
2976919,deviant
3019065,deviant
3116141,deviant
3167203,regular
3168727,regular
3168727,regular
3169120,regular
2976919,deviant
2976919,deviant
2976919,deviant
2976919,deviant
2976919,deviant
2976919,deviant
2976919,deviant
2976919,deviant
2976919,deviant
2976919,deviant
3167203,regular
3167203,regular
3167203,regular
3168727,regular
3168727,regular
3168727,regular
3168727,regular
3168727,regular
3169120,regular
3169120,regular
3169120,regular
3169120,regular
3169120,regular
2976919,deviant
3116141,deviant
3116141,deviant
3116141,deviant
3116141,deviant
3116141,deviant
3116141,deviant
3116141,deviant
3116141,deviant
3116141,deviant
3116141,deviant
3169326,regular
3169326,regular
3169326,regular
3116141,deviant
3169326,regular
3172017,regular
3174008,regular
3184036,deviant
3225456,regular
3172017,regular
3172017,regular
3172017,regular
3172017,regular
3174008,regular
3174008,regular
3174008,regular
3174008,regular
3174008,regular
3086223,regular
3086223,regular
3086223,regular
3086223,regular
3086223,regular
3086223,regular
3086223,regular
3086223,regular
3086223,regular
3086223,regular
3086223,regular
3086223,regular
3086223,regular
3086223,regular
3086223,regular
3086223,regular
3086223,regular
3086223,regular
3086223,regular
3086223,regular
3086223,regular
3086223,regular
3086223,regular
3086223,regular
3086223,regular
3086223,regular
3086223,regular
3086223,regular
3086223,regular
3178187,regular
3179947,regular
2967618,deviant
2967618,deviant
2967618,deviant
2967618,deviant
2967618,deviant
2967618,deviant
2967618,deviant
2967618,deviant
2967618,deviant
2967618,deviant
2967618,deviant
2967618,deviant
2967618,deviant
2967618,deviant
2967618,deviant
2967618,deviant
2967618,deviant
3178187,regular
3178187,regular
3178187,regular
3178187,regular
3178187,regular
3179947,regular
3179947,regular
3179947,regular
3179947,regular
3179947,regular
2899336,deviant
2899336,deviant
2899336,deviant
2899336,deviant
2899336,deviant
2899336,deviant
2899336,deviant
2899336,deviant
2899336,deviant
2899336,deviant
2899336,deviant
2899336,deviant
2899336,deviant
2899336,deviant
2899336,deviant
2899336,deviant
2899336,deviant
2899336,deviant
2899336,deviant
2899336,deviant
2899336,deviant
2851738,regular
2956643,regular
2956643,regular
2992191,deviant
2992191,deviant
2992191,deviant
3086223,regular
3113605,deviant
3113605,deviant
3113605,deviant
3124011,regular
3124011,regular
3124011,regular
3130787,deviant
3130787,deviant
3184036,deviant
3232189,regular
2851738,regular
2851738,regular
2851738,regular
2851738,regular
2851738,regular
2851738,regular
2851738,regular
2851738,regular
2851738,regular
2851738,regular
2851738,regular
2992191,deviant
2992191,deviant
2992191,deviant
2992191,deviant
2992191,deviant
2992191,deviant
2992191,deviant
3113605,deviant
3113605,deviant
3113605,deviant
3113605,deviant
3113605,deviant
3113605,deviant
3113605,deviant
3113605,deviant
3113605,deviant
3113605,deviant
3113605,deviant
3113605,deviant
3113605,deviant
3113605,deviant
3124011,regular
3124011,regular
3124011,regular
3124011,regular
3124011,regular
3124011,regular
3124011,regular
3124011,regular
3124011,regular
3124011,regular
3124011,regular
3124011,regular
3124011,regular
3124011,regular
3124011,regular
3124011,regular
3124011,regular
3124011,regular
3124011,regular
3124011,regular
3124011,regular
3124011,regular
3124011,regular
2887943,deviant
2887943,deviant
2899336,deviant
2899336,deviant
2902319,deviant
2953434,regular
2961386,regular
2966701,deviant
2967618,deviant
2967618,deviant
3084709,regular
3084709,regular
3084709,regular
3084709,regular
3123689,deviant
3143683,regular
3143683,regular
3153211,regular
3174008,regular
2887943,deviant
2887943,deviant
2887943,deviant
2887943,deviant
3143683,regular
3143683,regular
3143683,regular
3143683,regular
3143683,regular
3143683,regular
3143683,regular
3143683,regular
3143683,regular
3143683,regular
3143683,regular
3143683,regular
3143683,regular
3143683,regular
3143683,regular
3143683,regular
3143683,regular
3143683,regular
3143683,regular
3143683,regular
3143683,regular
3143683,regular
3143683,regular
3143683,regular
3143683,regular
3143683,regular
3143683,regular
3084709,regular
3084709,regular
3084709,regular
3084709,regular
3084709,regular
3084709,regular
3084709,regular
3084709,regular
3084709,regular
3084709,regular
3084709,regular
3084709,regular
3084709,regular
3084709,regular
3084709,regular
3084709,regular
3084709,regular
3084709,regular
3084709,regular
3084709,regular
3084709,regular
3084709,regular
3084709,regular
3084709,regular
3084709,regular
3084709,regular
3084709,regular
2899336,deviant
2899336,deviant
2899336,deviant
2899336,deviant
2967618,deviant
2967618,deviant
2967618,deviant
2967618,deviant
3084709,regular
3084709,regular
3084709,regular
3113605,deviant
3143683,regular
3197502,regular
3197502,regular
3197502,regular
3197502,regular
3143683,regular
3238727,deviant
2956643,regular
2956643,regular
2998842,deviant
3027880,deviant
3086223,regular
3086223,regular
3200492,regular
3200492,regular
3019065,deviant
3019065,deviant
3019065,deviant
3019065,deviant
3019065,deviant
3019065,deviant
3019065,deviant
3019065,deviant
3019065,deviant
3019065,deviant
3019065,deviant
3019065,deviant
3019065,deviant
3019065,deviant
3019065,deviant
3019065,deviant
3019065,deviant
3019065,deviant
3019065,deviant
3019065,deviant
3019065,deviant
3019065,deviant
2956643,regular
2956643,regular
2956643,regular
2956643,regular
2956643,regular
2956643,regular
2956643,regular
2956643,regular
2956643,regular
2956643,regular
2956643,regular
2956643,regular
2956643,regular
2956643,regular
2956643,regular
2956643,regular
2956643,regular
2956643,regular
2956643,regular
2956643,regular
2956643,regular
2956643,regular
2956643,regular
2959106,regular
2992191,deviant
2992191,deviant
2992191,deviant
2998842,deviant
2998842,deviant
2998842,deviant
3019065,deviant
3130787,deviant
3218827,deviant
3234466,regular
3019065,deviant
3019065,deviant
3019065,deviant
3019065,deviant
2998842,deviant
2998842,deviant
2998842,deviant
2998842,deviant
2998842,deviant
2998842,deviant
2998842,deviant
2998842,deviant
2998842,deviant
2998842,deviant
2998842,deviant
2998842,deviant
2998842,deviant
2998842,deviant
2998842,deviant
2998842,deviant
2998842,deviant
2998842,deviant
2998842,deviant
2959106,regular
2959106,regular
2959106,regular
2959106,regular
2992191,deviant
2992191,deviant
2992191,deviant
2992191,deviant
2992191,deviant
2992191,deviant
2992191,deviant
2992191,deviant
2992191,deviant
2992191,deviant
2887943,deviant
2899336,deviant
2955625,deviant
2959106,regular
2967618,deviant
3019065,deviant
3084709,regular
3086223,regular
3167203,regular
3168727,regular
3169120,regular
3184036,deviant
3225456,regular
3258671,regular
3258671,regular
3218827,deviant
3248466,regular
3218827,deviant
3218827,deviant
3218827,deviant
3218827,deviant
3167203,regular
3167203,regular
3167203,regular
3167203,regular
3167203,regular
3167203,regular
3167203,regular
3167203,regular
3167203,regular
3167203,regular
3167203,regular
3167203,regular
3167203,regular
3167203,regular
3167203,regular
3167203,regular
3167203,regular
3167203,regular
3167203,regular
3167203,regular
3167203,regular
3167203,regular
3167203,regular
3167203,regular
3167203,regular
3167203,regular
3167203,regular
3167203,regular
3167203,regular
3167203,regular
3153211,regular
3153211,regular
3153211,regular
3153211,regular
3153211,regular
3153211,regular
3153211,regular
3153211,regular
3153211,regular
3153211,regular
3153211,regular
3153211,regular
3153211,regular
3153211,regular
3153211,regular
3153211,regular
3153211,regular
3153211,regular
3153211,regular
3153211,regular
3153211,regular
3153211,regular
3153211,regular
3153211,regular
3153211,regular
3153211,regular
3153211,regular
3153211,regular
3153211,regular
3153211,regular
2817543,deviant
3153211,regular
3153211,regular
2817543,deviant
2817543,deviant
2817543,deviant
2817543,deviant
2817543,deviant
2817543,deviant
2817543,deviant
2817543,deviant
2817543,deviant
2817543,deviant
2817543,deviant
2817543,deviant
2817543,deviant
2817543,deviant
2817543,deviant
2817543,deviant
2817543,deviant
2817543,deviant
2817543,deviant
2817543,deviant
2817543,deviant
2817543,deviant
2817543,deviant
2817543,deviant
3225456,regular
3225456,regular
3225456,regular
2998842,deviant
2998842,deviant
3142055,regular
3225456,regular
3225456,regular
2871542,regular
2871542,regular
2871542,regular
2871542,regular
2871542,regular
2871542,regular
2871542,regular
2871542,regular
2871542,regular
2871542,regular
2871542,regular
2871542,regular
2871542,regular
2871542,regular
2871542,regular
2871542,regular
2871542,regular
2871542,regular
2871542,regular
2871542,regular
2871542,regular
2871542,regular
2871542,regular
2871542,regular
2871542,regular
2871542,regular
2871542,regular
2871542,regular
2871542,regular
2871542,regular
2871542,regular
2871542,regular
2871542,regular
2871542,regular
2871542,regular
2871542,regular
2871542,regular
2871542,regular
2871542,regular
2871542,regular
2871542,regular
3225456,regular
3030743,regular
3030743,regular
3030743,regular
3030743,regular
3030743,regular
3030743,regular
3030743,regular
3030743,regular
3030743,regular
3030743,regular
3030743,regular
2998479,regular
2998479,regular
2998479,regular
2998479,regular
2998479,regular
2998479,regular
2998479,regular
2998479,regular
2998479,regular
2998479,regular
2998479,regular
2998479,regular
2998479,regular
2998479,regular
2998479,regular
2937163,deviant
2937163,deviant
2937163,deviant
2937163,deviant
2937163,deviant
2937163,deviant
2937163,deviant
2937163,deviant
2937163,deviant
2937163,deviant
2937163,deviant
2937163,deviant
2937163,deviant
2937163,deviant
2937163,deviant
2937163,deviant
2937163,deviant
2937163,deviant
3232189,regular
3232189,regular
3232189,regular
3232189,regular
2817543,deviant
2817543,deviant
2851738,regular
2871542,regular
2871542,regular
2998479,regular
3030743,regular
3076883,regular
3076883,regular
3123689,deviant
3123689,deviant
3153211,regular
3167203,regular
3232189,regular
3264192,deviant
3265011,regular
3076883,regular
3076883,regular
3076883,regular
3076883,regular
3076883,regular
3076883,regular
3076883,regular
3076883,regular
3076883,regular
3076883,regular
3076883,regular
3076883,regular
3076883,regular
3076883,regular
3076883,regular
3076883,regular
3076883,regular
3076883,regular
3076883,regular
3076883,regular
3076883,regular
3076883,regular
3076883,regular
3076883,regular
3076883,regular
3234466,regular
3234466,regular
2998479,regular
2998479,regular
2998479,regular
2998479,regular
2998479,regular
2998479,regular
3030743,regular
3030743,regular
3030743,regular
3030743,regular
3123689,deviant
3123689,deviant
3123689,deviant
3123689,deviant
3123689,deviant
3123689,deviant
3123689,deviant
3123689,deviant
3123689,deviant
3123689,deviant
3123689,deviant
3123689,deviant
3238727,deviant
3238727,deviant
3238727,deviant
2851738,regular
2851738,regular
2851738,regular
2851738,regular
3076883,regular
3076883,regular
3076883,regular
2851738,regular
2959106,regular
2998479,regular
3019065,deviant
3030743,regular
3076883,regular
3143683,regular
3200492,regular
3238727,deviant
3280093,regular
3262171,regular
3282104,regular
2817543,deviant
3103213,deviant
3153211,regular
3167203,regular
3286102,regular
3288710,regular
3289530,regular
3298841,regular
3248466,regular
3248466,regular
3248466,regular
3248466,regular
2917203,regular
2937457,regular
2968803,deviant
3248466,regular
3248466,regular
2937457,regular
2937457,regular
2937457,regular
2937457,regular
2917203,regular
2917203,regular
2917203,regular
2917203,regular
2917203,regular
2917203,regular
2917203,regular
2917203,regular
2917203,regular
2917203,regular
2917203,regular
2917203,regular
2851738,regular
2871542,regular
2871542,regular
2917203,regular
2937457,regular
2955625,deviant
2955625,deviant
2998479,regular
3030743,regular
3076883,regular
3130787,deviant
3151204,regular
3151204,regular
3153211,regular
3167203,regular
3168727,regular
3286102,regular
3151204,regular
3151204,regular
3151204,regular
3151204,regular
3151204,regular
3151204,regular
3151204,regular
3151204,regular
3151204,regular
3151204,regular
3151204,regular
3151204,regular
3151204,regular
3151204,regular
3151204,regular
3151204,regular
3151204,regular
3151204,regular
3151204,regular
3151204,regular
3151204,regular
3151204,regular
3151204,regular
3151204,regular
3151204,regular
3151204,regular
3151204,regular
3151204,regular
3151204,regular
3124011,regular
3124011,regular
3124011,regular
3124011,regular
3124011,regular
3124011,regular
3130787,deviant
3130787,deviant
3130787,deviant
3130787,deviant
3130787,deviant
3130787,deviant
3130787,deviant
3130787,deviant
3130787,deviant
3130787,deviant
3130787,deviant
3130787,deviant
3130787,deviant
3130787,deviant
3130787,deviant
3130787,deviant
3130787,deviant
3130787,deviant
3130787,deviant
3130787,deviant
3130787,deviant
3130787,deviant
3130787,deviant
3130787,deviant
3130787,deviant
3130787,deviant
3130787,deviant
3130787,deviant
3130787,deviant
3130787,deviant
3130787,deviant
3130787,deviant
3130787,deviant
3130787,deviant
3130787,deviant
3130787,deviant
3113605,deviant
3113605,deviant
3113605,deviant
3113605,deviant
3113605,deviant
3113605,deviant
3113605,deviant
3113605,deviant
3113605,deviant
3113605,deviant
3113605,deviant
3113605,deviant
3113605,deviant
3113605,deviant
3113605,deviant
3113605,deviant
3113605,deviant
3113605,deviant
3113605,deviant
3113605,deviant
3113605,deviant
3113605,deviant
3113605,deviant
2956643,regular
2956643,regular
2956643,regular
2956643,regular
2956643,regular
2956643,regular
2956643,regular
3168727,regular
3168727,regular
3168727,regular
3168727,regular
3168727,regular
3168727,regular
3168727,regular
3168727,regular
3168727,regular
3168727,regular
3168727,regular
3168727,regular
3168727,regular
3168727,regular
3168727,regular
3168727,regular
3168727,regular
3168727,regular
3168727,regular
3168727,regular
3168727,regular
3168727,regular
3168727,regular
3168727,regular
3168727,regular
3168727,regular
2817543,deviant
3167203,regular
3258671,regular
3290567,regular
3258671,regular
3258671,regular
3258671,regular
3258671,regular
3026543,deviant
3026543,deviant
3026543,deviant
3026543,deviant
3087612,deviant
3087612,deviant
3087612,deviant
3087612,deviant
3087612,deviant
3087612,deviant
3087612,deviant
3087612,deviant
3087612,deviant
3087612,deviant
3087612,deviant
3087612,deviant
3087612,deviant
3022008,deviant
3026543,deviant
3026543,deviant
3087612,deviant
3262171,regular
3262171,regular
3262171,regular
3262171,regular
3262171,regular
3087612,deviant
3113605,deviant
3264192,deviant
3265011,regular
3264192,deviant
3264192,deviant
3264192,deviant
3113605,deviant
3113605,deviant
3113605,deviant
3265011,regular
3265011,regular
3265011,regular
2938665,regular
2938665,regular
2938665,regular
2938665,regular
2938665,regular
2938665,regular
2938665,regular
2938665,regular
3027880,deviant
2871542,regular
2938665,regular
2938665,regular
2956643,regular
3022008,deviant
3022008,deviant
3022008,deviant
3113605,deviant
3116141,deviant
3119614,regular
3124011,regular
3124011,regular
3130787,deviant
3130787,deviant
3168727,regular
3168727,regular
3292122,regular
3124011,regular
3124011,regular
3124011,regular
3130787,deviant
3130787,deviant
3130787,deviant
3168727,regular
3168727,regular
3168727,regular
2938665,regular
2938665,regular
2938665,regular
2938665,regular
3101255,regular
3101255,regular
3022008,deviant
3022008,deviant
3022008,deviant
3022008,deviant
3022008,deviant
3022008,deviant
3022008,deviant
3022008,deviant
3022008,deviant
3022008,deviant
3022008,deviant
3022008,deviant
3022008,deviant
3022008,deviant
3022008,deviant
3022008,deviant
3022008,deviant
3022008,deviant
3022008,deviant
3022008,deviant
3022008,deviant
3022008,deviant
3022008,deviant
3022008,deviant
3022008,deviant
3022008,deviant
3022008,deviant
3022008,deviant
2968803,deviant
2968803,deviant
2968803,deviant
2956643,regular
2956643,regular
2956643,regular
2956643,regular
2917203,regular
2937457,regular
2956643,regular
3027880,deviant
3027880,deviant
3101255,regular
3101255,regular
3115575,regular
3115575,regular
3115575,regular
3115575,regular
3119614,regular
3119614,regular
3119614,regular
3135870,regular
3135870,regular
3135870,regular
3135870,regular
3248466,regular
3282104,regular
3303053,regular
3027880,deviant
3027880,deviant
3027880,deviant
3027880,deviant
3027880,deviant
3027880,deviant
3119614,regular
3119614,regular
3119614,regular
3119614,regular
3119614,regular
3119614,regular
3119614,regular
3119614,regular
3119614,regular
3119614,regular
3119614,regular
3135870,regular
3135870,regular
3135870,regular
3135870,regular
3135870,regular
3135870,regular
3135870,regular
3135870,regular
3135870,regular
3135870,regular
3135870,regular
3135870,regular
3135870,regular
3115575,regular
3115575,regular
3115575,regular
3115575,regular
3115575,regular
3115575,regular
3115575,regular
3115575,regular
3115575,regular
3115575,regular
3115575,regular
3115575,regular
3115575,regular
3088519,deviant
3292457,regular
3311607,regular
2929114,regular
3026543,deviant
3026543,deviant
3026543,deviant
3026543,deviant
3026543,deviant
3026543,deviant
3026543,deviant
2955625,deviant
3280093,regular
3280093,regular
3282104,regular
3282104,regular
3218827,deviant
3280093,regular
3282104,regular
3282104,regular
3305073,regular
3306586,deviant
3142055,regular
3142055,regular
3142055,regular
3142055,regular
3142055,regular
3142055,regular
3142055,regular
3142055,regular
2871542,regular
3288710,regular
3289530,regular
3309306,regular
3286102,regular
3286102,regular
2871542,regular
2871542,regular
2871542,regular
2871542,regular
2871542,regular
2871542,regular
2871542,regular
3288710,regular
3288710,regular
3288710,regular
3288710,regular
3288710,regular
2871542,regular
2871542,regular
2871542,regular
3289530,regular
3289530,regular
3289530,regular
3289530,regular
2884070,regular
2884070,regular
2884070,regular
2955625,deviant
2998842,deviant
3100699,deviant
3116141,deviant
3116141,deviant
3116141,deviant
3151204,regular
3169326,regular
3169326,regular
3197502,regular
3197502,regular
3197502,regular
3197502,regular
3290567,regular
3292122,regular
3292122,regular
3292457,regular
3116141,deviant
3116141,deviant
3116141,deviant
3116141,deviant
3116141,deviant
3292122,regular
3292122,regular
3292122,regular
3290567,regular
3290567,regular
3290567,regular
3292457,regular
3292457,regular
3292457,regular
3169326,regular
3169326,regular
3169326,regular
3169326,regular
3169326,regular
3169326,regular
3169326,regular
3169326,regular
3169326,regular
3169326,regular
3169326,regular
3169326,regular
3169326,regular
3169326,regular
3169326,regular
3169326,regular
3169326,regular
3169326,regular
3169326,regular
3169326,regular
3169326,regular
3169326,regular
3169326,regular
3169326,regular
3169326,regular
3169326,regular
3169326,regular
3197502,regular
3197502,regular
3197502,regular
3197502,regular
3197502,regular
3197502,regular
3197502,regular
3197502,regular
3197502,regular
3197502,regular
3197502,regular
3197502,regular
3197502,regular
3197502,regular
3197502,regular
3197502,regular
3197502,regular
3197502,regular
3197502,regular
3197502,regular
3197502,regular
3197502,regular
3197502,regular
3197502,regular
3197502,regular
3197502,regular
3197502,regular
2884070,regular
2884070,regular
2884070,regular
2884070,regular
2884070,regular
2884070,regular
2871542,regular
2938665,regular
2956643,regular
3022008,deviant
3101255,regular
3113605,deviant
3124011,regular
3130787,deviant
3149735,regular
3151204,regular
3168727,regular
3197502,regular
3218827,deviant
3238727,deviant
3238727,deviant
3265011,regular
3265011,regular
3298841,regular
3322058,regular
3197502,regular
3197502,regular
3197502,regular
3151204,regular
3151204,regular
3151204,regular
3265011,regular
3265011,regular
3265011,regular
3265011,regular
3265011,regular
3265011,regular
3265011,regular
3265011,regular
3265011,regular
3265011,regular
3265011,regular
3265011,regular
3265011,regular
3265011,regular
3265011,regular
3265011,regular
3265011,regular
3265011,regular
3265011,regular
3265011,regular
3265011,regular
3265011,regular
3265011,regular
3265011,regular
3265011,regular
3265011,regular
3265011,regular
3238727,deviant
3238727,deviant
3298841,regular
3298841,regular
3298841,regular
3298841,regular
3298841,regular
3238727,deviant
3238727,deviant
3238727,deviant
3238727,deviant
3238727,deviant
3238727,deviant
3238727,deviant
3238727,deviant
3238727,deviant
3142055,regular
3142055,regular
3142055,regular
3142055,regular
3142055,regular
3142055,regular
3142055,regular
3142055,regular
3142055,regular
3142055,regular
3142055,regular
3142055,regular
3142055,regular
3142055,regular
3142055,regular
3142055,regular
3142055,regular
3142055,regular
3142055,regular
3142055,regular
3142055,regular
2968803,deviant
2968803,deviant
2976919,deviant
3149735,regular
3303053,regular
3307452,deviant
3320493,deviant
3303053,regular
3303053,regular
3303053,regular
2968803,deviant
2968803,deviant
2968803,deviant
2968803,deviant
2968803,deviant
2968803,deviant
2968803,deviant
3149735,regular
3149735,regular
3238727,deviant
3305073,regular
3306586,deviant
3319822,regular
3326569,deviant
3305073,regular
3305073,regular
3305073,regular
3305073,regular
3258671,regular
3258671,regular
3306586,deviant
3306586,deviant
3306586,deviant
3306586,deviant
3307452,deviant
3307452,deviant
3307452,deviant
3027880,deviant
3101255,regular
3103213,deviant
3142055,regular
3174008,regular
3174008,regular
3179947,regular
3238727,deviant
3258671,regular
3307452,deviant
3309306,regular
3149735,regular
3149735,regular
3149735,regular
3149735,regular
3149735,regular
3149735,regular
3149735,regular
3143683,regular
3143683,regular
3143683,regular
3309306,regular
3309306,regular
3309306,regular
3309306,regular
3248466,regular
3248466,regular
3248466,regular
3248466,regular
3248466,regular
3248466,regular
3248466,regular
3248466,regular
3248466,regular
3248466,regular
3248466,regular
3248466,regular
3248466,regular
3248466,regular
3248466,regular
3248466,regular
3248466,regular
3248466,regular
3248466,regular
3248466,regular
3248466,regular
3248466,regular
3248466,regular
3248466,regular
3248466,regular
3248466,regular
3174008,regular
3174008,regular
3174008,regular
3174008,regular
3174008,regular
3174008,regular
3174008,regular
3174008,regular
3174008,regular
3174008,regular
3174008,regular
3174008,regular
3248466,regular
3248466,regular
3248466,regular
3238727,deviant
3238727,deviant
3238727,deviant
3238727,deviant
3238727,deviant
3238727,deviant
3238727,deviant
3238727,deviant
3238727,deviant
3238727,deviant
3238727,deviant
3238727,deviant
3238727,deviant
3238727,deviant
3238727,deviant
3238727,deviant
3238727,deviant
3238727,deviant
3238727,deviant
3238727,deviant
3238727,deviant
3238727,deviant
3238727,deviant
3238727,deviant
3238727,deviant
3115575,regular
3115575,regular
3142055,regular
3169120,regular
3169120,regular
3169120,regular
3169326,regular
3169326,regular
3174008,regular
3184036,deviant
3184036,deviant
3184036,deviant
3200492,regular
3200492,regular
3238727,deviant
3238727,deviant
3248466,regular
3265011,regular
3265011,regular
3142055,regular
3142055,regular
3169120,regular
3169120,regular
3169120,regular
3169120,regular
3169120,regular
3169120,regular
3169120,regular
3169120,regular
3169120,regular
3169120,regular
3169120,regular
3115575,regular
3115575,regular
3115575,regular
3115575,regular
3115575,regular
3115575,regular
3115575,regular
3115575,regular
3115575,regular
3115575,regular
3115575,regular
3115575,regular
3115575,regular
3115575,regular
3115575,regular
3115575,regular
3115575,regular
3115575,regular
3115575,regular
3115575,regular
3115575,regular
3169326,regular
3169326,regular
3169326,regular
3265011,regular
3265011,regular
3265011,regular
3238727,deviant
3238727,deviant
3238727,deviant
3151204,regular
3197502,regular
3289530,regular
3292122,regular
3303053,regular
3327777,deviant
3097714,deviant
3319822,regular
3319822,regular
3320493,deviant
3322058,regular
3319822,regular
3319822,regular
3319822,regular
3319822,regular
3320493,deviant
3320493,deviant
3320493,deviant
3320493,deviant
3320493,deviant
3320493,deviant
3320493,deviant
3320493,deviant
3320493,deviant
3322058,regular
3322058,regular
3322058,regular
3322058,regular
3088519,deviant
3564895,regular
2976919,deviant
3097714,deviant
3179947,regular
3179947,regular
3179947,regular
3234466,regular
3234466,regular
3234466,regular
3234466,regular
3248466,regular
3311607,regular
3311607,regular
2976919,deviant
2976919,deviant
2976919,deviant
2976919,deviant
2976919,deviant
2976919,deviant
2976919,deviant
2976919,deviant
3311607,regular
3311607,regular
3311607,regular
3234466,regular
3234466,regular
3234466,regular
3234466,regular
3234466,regular
3234466,regular
3234466,regular
3234466,regular
3234466,regular
3234466,regular
3234466,regular
3234466,regular
3234466,regular
3234466,regular
3234466,regular
3234466,regular
3234466,regular
3234466,regular
3234466,regular
3234466,regular
3234466,regular
3234466,regular
3234466,regular
3234466,regular
3234466,regular
3234466,regular
3234466,regular
3234466,regular
3234466,regular
3234466,regular
3326569,deviant
3326569,deviant
3326569,deviant
3326569,deviant
3326569,deviant
2976919,deviant
2976919,deviant
3103213,deviant
3234466,regular
3234466,regular
3326569,deviant
3327777,deviant
3327777,deviant
3234466,regular
3234466,regular
3097714,deviant
3097714,deviant
3097714,deviant
3097714,deviant
3097714,deviant
3097714,deviant
3097714,deviant
3097714,deviant
3097714,deviant
3097714,deviant
3097714,deviant
3097714,deviant
3097714,deviant
3097714,deviant
3097714,deviant
3097714,deviant
3086223,regular
3103213,deviant
3115575,regular
3142055,regular
3169120,regular
3169326,regular
3174008,regular
3238727,deviant
3248466,regular
3265011,regular
3306586,deviant
3319822,regular
3100699,deviant
3100699,deviant
3100699,deviant
3100699,deviant
3100699,deviant
3100699,deviant
3100699,deviant
3100699,deviant
3100699,deviant
3100699,deviant
3100699,deviant
3100699,deviant
3100699,deviant
3100699,deviant
3100699,deviant
3174008,regular
3174008,regular
3174008,regular
3174008,regular
3174008,regular
3174008,regular
3174008,regular
3174008,regular
3174008,regular
3174008,regular
3174008,regular
3174008,regular
3174008,regular
3174008,regular
3174008,regular
3174008,regular
3174008,regular
3174008,regular
3174008,regular
3123689,deviant
3258671,regular
3258671,regular
3258671,regular
3258671,regular
3258671,regular
3258671,regular
3258671,regular
3258671,regular
3258671,regular
3258671,regular
3258671,regular
3258671,regular
3258671,regular
3258671,regular
3258671,regular
3258671,regular
3258671,regular
3258671,regular
3258671,regular
3258671,regular
3258671,regular
3258671,regular
3258671,regular
3258671,regular
3258671,regular
3258671,regular
3258671,regular
3218827,deviant
3264192,deviant
3264192,deviant
3264192,deviant
3264192,deviant
3286102,regular
3359665,deviant
3264192,deviant
3264192,deviant
3264192,deviant
3264192,deviant
3264192,deviant
3264192,deviant
3264192,deviant
3264192,deviant
3264192,deviant
3264192,deviant
3264192,deviant
3264192,deviant
3218827,deviant
3218827,deviant
3218827,deviant
3218827,deviant
3218827,deviant
3218827,deviant
3218827,deviant
3218827,deviant
3218827,deviant
3218827,deviant
3218827,deviant
3218827,deviant
3218827,deviant
3218827,deviant
3218827,deviant
3218827,deviant
3218827,deviant
3218827,deviant
3218827,deviant
3218827,deviant
3218827,deviant
3218827,deviant
3218827,deviant
3218827,deviant
3218827,deviant
3218827,deviant
3218827,deviant
3218827,deviant
3218827,deviant
3218827,deviant
3218827,deviant
3218827,deviant
3218827,deviant
3218827,deviant
3218827,deviant
3174008,regular
3174008,regular
3027880,deviant
3027880,deviant
3027880,deviant
3027880,deviant
3027880,deviant
3027880,deviant
3027880,deviant
3027880,deviant
3027880,deviant
3027880,deviant
3027880,deviant
3027880,deviant
3027880,deviant
3027880,deviant
3027880,deviant
3027880,deviant
3027880,deviant
3027880,deviant
3027880,deviant
3027880,deviant
3027880,deviant
3027880,deviant
3027880,deviant
3258671,regular
3258671,regular
3027880,deviant
3179947,regular
3179947,regular
3179947,regular
3179947,regular
3179947,regular
3179947,regular
3179947,regular
3179947,regular
3179947,regular
3179947,regular
3179947,regular
3179947,regular
3179947,regular
3179947,regular
3179947,regular
3179947,regular
3179947,regular
3179947,regular
3179947,regular
3179947,regular
3179947,regular
3179947,regular
3179947,regular
3356696,regular
3311607,regular
3311607,regular
3311607,regular
3311607,regular
3311607,regular
3311607,regular
3311607,regular
3311607,regular
3311607,regular
3311607,regular
3311607,regular
3311607,regular
3311607,regular
3311607,regular
3123689,deviant
3027880,deviant
3027880,deviant
3027880,deviant
3292122,regular
3292122,regular
3292122,regular
3292122,regular
3292122,regular
3292122,regular
3292122,regular
3292122,regular
3292122,regular
3292122,regular
3292122,regular
3292122,regular
3292122,regular
3292122,regular
3311607,regular
3311607,regular
3311607,regular
3311607,regular
3311607,regular
3311607,regular
3311607,regular
3311607,regular
3311607,regular
3311607,regular
3311607,regular
3311607,regular
3311607,regular
3311607,regular
3311607,regular
3311607,regular
3311607,regular
3311607,regular
3311607,regular
3311607,regular
3282104,regular
3282104,regular
3282104,regular
3282104,regular
3282104,regular
3282104,regular
3282104,regular
3282104,regular
3292122,regular
3292122,regular
3292122,regular
3292122,regular
3292122,regular
3292122,regular
3292122,regular
3292122,regular
3292122,regular
3292122,regular
3292122,regular
3292122,regular
3292122,regular
3292122,regular
3292122,regular
3292122,regular
3292122,regular
3292122,regular
3292122,regular
3292122,regular
3234466,regular
3286102,regular
3311607,regular
3320493,deviant
3101255,regular
3101255,regular
3101255,regular
3101255,regular
3101255,regular
3101255,regular
3101255,regular
3101255,regular
3101255,regular
3101255,regular
3101255,regular
3101255,regular
3101255,regular
3101255,regular
3101255,regular
3101255,regular
3101255,regular
3101255,regular
3101255,regular
3101255,regular
3101255,regular
3101255,regular
3101255,regular
3101255,regular
3101255,regular
3101255,regular
3101255,regular
3101255,regular
3101255,regular
3101255,regular
3101255,regular
2992191,deviant
2992191,deviant
3027880,deviant
3027880,deviant
3174008,regular
3174008,regular
3258671,regular
3258671,regular
3292122,regular
3292122,regular
3311607,regular
3311607,regular
3356696,regular
3356696,regular
3356696,regular
3356696,regular
3356696,regular
2992191,deviant
2992191,deviant
2992191,deviant
2992191,deviant
2992191,deviant
2992191,deviant
2992191,deviant
2992191,deviant
3359665,deviant
3359665,deviant
3359665,deviant
3359665,deviant
2998842,deviant
2998842,deviant
2998842,deviant
2998842,deviant
2998842,deviant
2998842,deviant
2998842,deviant
2998842,deviant
3218827,deviant
3359665,deviant
3123689,deviant
3123689,deviant
3123689,deviant
3123689,deviant
3123689,deviant
3123689,deviant
3123689,deviant
3123689,deviant
3123689,deviant
3123689,deviant
3123689,deviant
3123689,deviant
3123689,deviant
3123689,deviant
3123689,deviant
3123689,deviant
3123689,deviant
3123689,deviant
3123689,deviant
3123689,deviant
3123689,deviant
3123689,deviant
3123689,deviant
3218827,deviant
3218827,deviant
3218827,deviant
3290567,regular
3290567,regular
3326569,deviant
3326569,deviant
3371671,regular
3371671,regular
3371671,regular
3371671,regular
3326569,deviant
3326569,deviant
3326569,deviant
3326569,deviant
3326569,deviant
3326569,deviant
3326569,deviant
3326569,deviant
3326569,deviant
3371671,regular
3371671,regular
3371671,regular
3371671,regular
3371671,regular
3371671,regular
3371671,regular
3371671,regular
3371671,regular
3371671,regular
3371671,regular
3371671,regular
3371671,regular
3371671,regular
3371671,regular
3371671,regular
3371671,regular
3371671,regular
3371671,regular
3371671,regular
3371671,regular
3371671,regular
3371671,regular
3371671,regular
3371671,regular
3371671,regular
3371671,regular
3371671,regular
3371671,regular
3371671,regular
3371671,regular
3371671,regular
3371671,regular
3371671,regular
3282104,regular
3282104,regular
3282104,regular
3282104,regular
3282104,regular
3282104,regular
3282104,regular
3282104,regular
3282104,regular
3282104,regular
3282104,regular
3282104,regular
3282104,regular
3282104,regular
3282104,regular
3282104,regular
3282104,regular
3282104,regular
3282104,regular
3282104,regular
3282104,regular
3282104,regular
3282104,regular
3027880,deviant
3167203,regular
3174008,regular
3258671,regular
3292122,regular
3311607,regular
3415302,regular
3415876,regular
3101255,regular
3103213,deviant
3123689,deviant
3153211,regular
3264192,deviant
3282104,regular
3286102,regular
3378302,regular
3378302,regular
3383684,deviant
3387527,regular
3388444,regular
3179947,regular
3179947,regular
3179947,regular
3179947,regular
3179947,regular
3179947,regular
3378302,regular
3378302,regular
3378302,regular
3378302,regular
3378302,regular
3378302,regular
3378302,regular
3378302,regular
3378302,regular
3167203,regular
3167203,regular
3167203,regular
3103213,deviant
3103213,deviant
3103213,deviant
3103213,deviant
3103213,deviant
3103213,deviant
3103213,deviant
3103213,deviant
3103213,deviant
3103213,deviant
3103213,deviant
3103213,deviant
3103213,deviant
3103213,deviant
3103213,deviant
3103213,deviant
3103213,deviant
3103213,deviant
3103213,deviant
3103213,deviant
3103213,deviant
3103213,deviant
3103213,deviant
3103213,deviant
3103213,deviant
3103213,deviant
3103213,deviant
3103213,deviant
3103213,deviant
2937163,deviant
2937163,deviant
3026543,deviant
3101255,regular
3103213,deviant
3123689,deviant
3282104,regular
3286102,regular
3383684,deviant
3388781,deviant
3396537,regular
3153211,regular
3153211,regular
3153211,regular
3103213,deviant
3103213,deviant
3101255,regular
3101255,regular
3286102,regular
3286102,regular
3286102,regular
3286102,regular
3286102,regular
3286102,regular
3286102,regular
3286102,regular
3286102,regular
3286102,regular
3286102,regular
3286102,regular
3286102,regular
3286102,regular
3286102,regular
3286102,regular
3286102,regular
3286102,regular
3286102,regular
3286102,regular
3286102,regular
3286102,regular
3286102,regular
3286102,regular
3286102,regular
3286102,regular
3286102,regular
3286102,regular
3286102,regular
3286102,regular
3286102,regular
3123689,deviant
3123689,deviant
3123689,deviant
2937163,deviant
2937163,deviant
2937163,deviant
2937163,deviant
3264192,deviant
3264192,deviant
3264192,deviant
3264192,deviant
3264192,deviant
3264192,deviant
3264192,deviant
3264192,deviant
3264192,deviant
3383684,deviant
3383684,deviant
3264192,deviant
3264192,deviant
3264192,deviant
3264192,deviant
3383684,deviant
3383684,deviant
3383684,deviant
3387527,regular
3388444,regular
3388781,deviant
3399381,regular
3387527,regular
3387527,regular
3387527,regular
3387527,regular
3387527,regular
3388444,regular
3388444,regular
3388444,regular
3388444,regular
3388444,regular
3388781,deviant
3388781,deviant
3388781,deviant
3388781,deviant
3388781,deviant
3388781,deviant
3388781,deviant
3388781,deviant
3388781,deviant
3100699,deviant
3100699,deviant
3100699,deviant
3119614,regular
3262171,regular
3262171,regular
3262171,regular
3280093,regular
3280093,regular
3280093,regular
3290567,regular
3290567,regular
3298841,regular
3298841,regular
3359665,deviant
3359665,deviant
3359665,deviant
3371671,regular
3371671,regular
3401947,regular
3407887,regular
3410972,regular
3262171,regular
3262171,regular
3262171,regular
3262171,regular
3262171,regular
3262171,regular
3262171,regular
3119614,regular
3119614,regular
3119614,regular
3119614,regular
3119614,regular
3119614,regular
3119614,regular
3119614,regular
3119614,regular
3119614,regular
3119614,regular
3119614,regular
3119614,regular
3119614,regular
3119614,regular
3119614,regular
3119614,regular
3119614,regular
3119614,regular
3119614,regular
3359665,deviant
3359665,deviant
3359665,deviant
3359665,deviant
3359665,deviant
3359665,deviant
3359665,deviant
3359665,deviant
3359665,deviant
3359665,deviant
3359665,deviant
3298841,regular
3298841,regular
3298841,regular
3298841,regular
3298841,regular
3298841,regular
3298841,regular
3298841,regular
3298841,regular
3298841,regular
3298841,regular
3298841,regular
3298841,regular
3298841,regular
3298841,regular
3298841,regular
3298841,regular
3298841,regular
3298841,regular
3298841,regular
3298841,regular
3298841,regular
3298841,regular
3298841,regular
3298841,regular
3119614,regular
3280093,regular
3280093,regular
3280093,regular
3280093,regular
3280093,regular
3280093,regular
3280093,regular
3280093,regular
3280093,regular
3280093,regular
3280093,regular
3280093,regular
2937163,deviant
3019503,deviant
3019503,deviant
3101255,regular
3123689,deviant
3280093,regular
3282104,regular
3286102,regular
3289530,regular
3289530,regular
3289530,regular
3399416,regular
3289530,regular
3289530,regular
3289530,regular
3289530,regular
3289530,regular
3289530,regular
3289530,regular
3289530,regular
3289530,regular
3289530,regular
3289530,regular
3019503,deviant
3019503,deviant
3019503,deviant
3019503,deviant
3019503,deviant
3019503,deviant
3429163,regular
3095793,regular
3130787,deviant
3298841,regular
3307452,deviant
3307452,deviant
3383684,deviant
3383684,deviant
3396537,regular
3399381,regular
3399416,regular
3095793,regular
3095793,regular
3095793,regular
3396537,regular
3396537,regular
3396537,regular
3399381,regular
3399381,regular
3399381,regular
3399381,regular
3399416,regular
3399416,regular
3399416,regular
3130787,deviant
3130787,deviant
3130787,deviant
3100699,deviant
3100699,deviant
3100699,deviant
3100699,deviant
3100699,deviant
3100699,deviant
3100699,deviant
3100699,deviant
3100699,deviant
3100699,deviant
3100699,deviant
3100699,deviant
3100699,deviant
3100699,deviant
3100699,deviant
3100699,deviant
3100699,deviant
3100699,deviant
3100699,deviant
3100699,deviant
3100699,deviant
3100699,deviant
3100699,deviant
3100699,deviant
3100699,deviant
3100699,deviant
3100699,deviant
3100699,deviant
3100699,deviant
3307452,deviant
3307452,deviant
3307452,deviant
3307452,deviant
3307452,deviant
3307452,deviant
3307452,deviant
3307452,deviant
3307452,deviant
3307452,deviant
3383684,deviant
3383684,deviant
3383684,deviant
3383684,deviant
3383684,deviant
3383684,deviant
3383684,deviant
3383684,deviant
3100699,deviant
2817543,deviant
2968803,deviant
3119614,regular
3119614,regular
3298841,regular
3322058,regular
3322058,regular
3396537,regular
3396537,regular
3401947,regular
3429524,regular
3430762,regular
3119614,regular
3119614,regular
3298841,regular
3298841,regular
3298841,regular
2968803,deviant
2968803,deviant
2968803,deviant
2968803,deviant
2968803,deviant
2968803,deviant
2968803,deviant
2968803,deviant
2968803,deviant
2968803,deviant
2968803,deviant
2968803,deviant
2968803,deviant
2968803,deviant
2968803,deviant
2968803,deviant
2968803,deviant
2968803,deviant
2968803,deviant
2968803,deviant
3401947,regular
3401947,regular
3401947,regular
3322058,regular
3322058,regular
3322058,regular
3322058,regular
3322058,regular
3322058,regular
3322058,regular
3322058,regular
3322058,regular
3322058,regular
3322058,regular
3322058,regular
3322058,regular
3322058,regular
3322058,regular
3322058,regular
3322058,regular
3322058,regular
2976919,deviant
2976919,deviant
2976919,deviant
2976919,deviant
2976919,deviant
2976919,deviant
2976919,deviant
2976919,deviant
2976919,deviant
2976919,deviant
2976919,deviant
2976919,deviant
2976919,deviant
2976919,deviant
2976919,deviant
2976919,deviant
2976919,deviant
2976919,deviant
2976919,deviant
2976919,deviant
2976919,deviant
2976919,deviant
2976919,deviant
3396537,regular
3396537,regular
3396537,regular
3396537,regular
3396537,regular
3396537,regular
3396537,regular
3396537,regular
3396537,regular
3396537,regular
3396537,regular
3396537,regular
3396537,regular
3396537,regular
3396537,regular
3396537,regular
3396537,regular
3396537,regular
3396537,regular
3396537,regular
3396537,regular
3396537,regular
3396537,regular
3396537,regular
3396537,regular
3396537,regular
3396537,regular
3113605,deviant
3407887,regular
3438592,regular
3439233,regular
3407887,regular
3407887,regular
3407887,regular
3407887,regular
3407887,regular
2884070,regular
2998842,deviant
3087612,deviant
3303053,regular
3307452,deviant
3415302,regular
2998842,deviant
2998842,deviant
2998842,deviant
2998842,deviant
2998842,deviant
2998842,deviant
2998842,deviant
2998842,deviant
2998842,deviant
2998842,deviant
2998842,deviant
2998842,deviant
2998842,deviant
2998842,deviant
2998842,deviant
2884070,regular
2884070,regular
2884070,regular
2884070,regular
2884070,regular
2884070,regular
2884070,regular
2884070,regular
2884070,regular
2884070,regular
2884070,regular
2884070,regular
2884070,regular
2884070,regular
2884070,regular
2884070,regular
2884070,regular
2884070,regular
2884070,regular
2884070,regular
2884070,regular
2884070,regular
2884070,regular
2817543,deviant
2817543,deviant
2817543,deviant
2817543,deviant
2817543,deviant
2817543,deviant
3415302,regular
3415302,regular
3415302,regular
3415302,regular
2817543,deviant
2817543,deviant
3415876,regular
3415876,regular
3415876,regular
3415876,regular
2871542,regular
2884070,regular
2884070,regular
2968803,deviant
2998842,deviant
2998842,deviant
3264192,deviant
3264192,deviant
3306586,deviant
3415876,regular
3264192,deviant
3264192,deviant
3264192,deviant
3264192,deviant
3264192,deviant
3264192,deviant
3264192,deviant
3264192,deviant
3264192,deviant
3264192,deviant
2884070,regular
2884070,regular
2884070,regular
3264192,deviant
3264192,deviant
3087612,deviant
3087612,deviant
2998842,deviant
2998842,deviant
2998842,deviant
2998842,deviant
3264192,deviant
3264192,deviant
3264192,deviant
2871542,regular
2871542,regular
2871542,regular
2871542,regular
3322058,regular
3322058,regular
3322058,regular
3322058,regular
3322058,regular
3322058,regular
3322058,regular
3322058,regular
3306586,deviant
3306586,deviant
2968803,deviant
2968803,deviant
2968803,deviant
2968803,deviant
3388781,deviant
3388781,deviant
3225456,regular
3225456,regular
3225456,regular
3225456,regular
3225456,regular
3225456,regular
3225456,regular
3225456,regular
3225456,regular
3225456,regular
3225456,regular
3225456,regular
3225456,regular
3225456,regular
3225456,regular
3225456,regular
3225456,regular
3225456,regular
3225456,regular
3225456,regular
3225456,regular
3225456,regular
3225456,regular
3225456,regular
3225456,regular
3225456,regular
3396537,regular
3396537,regular
3396537,regular
3322058,regular
3322058,regular
3322058,regular
2817543,deviant
2968803,deviant
3303053,regular
3303053,regular
3303053,regular
3303053,regular
3306586,deviant
3307452,deviant
3309306,regular
3309306,regular
3309306,regular
3309306,regular
3309306,regular
3387527,regular
3387527,regular
3388444,regular
3388444,regular
3399416,regular
3399416,regular
3443689,regular
3456494,regular
3179947,regular
3179947,regular
3179947,regular
3388444,regular
3388444,regular
3388444,regular
3388444,regular
3388444,regular
3388444,regular
3388444,regular
3388444,regular
3388444,regular
3388444,regular
3388444,regular
3388444,regular
3388444,regular
3388444,regular
3388444,regular
3388444,regular
3388444,regular
3388444,regular
3388444,regular
3388444,regular
3388444,regular
3388444,regular
3388444,regular
3388444,regular
3388444,regular
3387527,regular
3387527,regular
3387527,regular
3387527,regular
3387527,regular
3387527,regular
3387527,regular
3387527,regular
3387527,regular
3387527,regular
3387527,regular
3387527,regular
3387527,regular
3387527,regular
3387527,regular
3387527,regular
3387527,regular
3387527,regular
3387527,regular
3387527,regular
3387527,regular
3387527,regular
3387527,regular
3387527,regular
3387527,regular
3303053,regular
3303053,regular
3303053,regular
3303053,regular
3303053,regular
3303053,regular
3303053,regular
3303053,regular
3303053,regular
3303053,regular
3307452,deviant
3307452,deviant
3307452,deviant
3307452,deviant
3307452,deviant
3307452,deviant
3307452,deviant
3307452,deviant
3307452,deviant
3307452,deviant
3307452,deviant
3307452,deviant
3307452,deviant
3307452,deviant
3307452,deviant
3307452,deviant
3307452,deviant
3307452,deviant
3307452,deviant
3306586,deviant
3306586,deviant
3306586,deviant
3306586,deviant
3306586,deviant
3306586,deviant
3306586,deviant
3306586,deviant
3306586,deviant
3306586,deviant
3306586,deviant
3306586,deviant
3306586,deviant
3399416,regular
3399416,regular
3399416,regular
3399416,regular
3399416,regular
3399416,regular
3399416,regular
3399416,regular
3399416,regular
3399416,regular
3399416,regular
3399416,regular
3399416,regular
3399416,regular
3399416,regular
3399416,regular
3399416,regular
3399416,regular
3399416,regular
3399416,regular
3399416,regular
3399416,regular
3399416,regular
3399416,regular
3399416,regular
3399416,regular
3399416,regular
3100699,deviant
3179947,regular
3179947,regular
3322058,regular
3322058,regular
3322058,regular
3378302,regular
3378302,regular
3396537,regular
3396537,regular
3410972,regular
3429163,regular
3429524,regular
3430762,regular
3451503,regular
3457452,regular
3458528,regular
3100699,deviant
3100699,deviant
3429524,regular
3429524,regular
3429524,regular
3429524,regular
3429524,regular
3378302,regular
3378302,regular
3430762,regular
3430762,regular
3378302,regular
3378302,regular
3378302,regular
3378302,regular
3378302,regular
3378302,regular
3378302,regular
3378302,regular
3378302,regular
3378302,regular
3378302,regular
3378302,regular
3378302,regular
3378302,regular
3378302,regular
3378302,regular
3378302,regular
3378302,regular
3430762,regular
3378302,regular
3378302,regular
3430762,regular
3378302,regular
3378302,regular
3430762,regular
3378302,regular
3378302,regular
3378302,regular
3378302,regular
2817543,deviant
2955625,deviant
3100699,deviant
3119614,regular
3290567,regular
3292457,regular
3298841,regular
3378302,regular
3452584,regular
3462821,regular
3415876,regular
3415876,regular
3438592,regular
3378302,regular
3378302,regular
3438592,regular
3438592,regular
3438592,regular
3438592,regular
3438592,regular
3415876,regular
3415876,regular
3415876,regular
3415876,regular
3415876,regular
3415876,regular
3415876,regular
3415876,regular
3415876,regular
3415876,regular
3415876,regular
3415876,regular
3415876,regular
3415876,regular
3415876,regular
3415876,regular
3415876,regular
3415876,regular
3415876,regular
3415876,regular
3415876,regular
3415876,regular
3415876,regular
3415876,regular
3415876,regular
3415876,regular
3290567,regular
3438592,regular
3439233,regular
3439233,regular
3449448,deviant
3290567,regular
3290567,regular
3290567,regular
3290567,regular
3290567,regular
3290567,regular
3290567,regular
3290567,regular
3290567,regular
3290567,regular
3290567,regular
3290567,regular
3290567,regular
3290567,regular
3290567,regular
3290567,regular
3290567,regular
3290567,regular
3290567,regular
3290567,regular
3290567,regular
3290567,regular
3290567,regular
3290567,regular
3290567,regular
3290567,regular
3290567,regular
3290567,regular
3290567,regular
3290567,regular
3290567,regular
3290567,regular
3290567,regular
3290567,regular
3378302,regular
3407887,regular
3407887,regular
3443689,regular
3460499,regular
3407887,regular
3407887,regular
3407887,regular
3407887,regular
3407887,regular
3407887,regular
3407887,regular
3407887,regular
3407887,regular
3407887,regular
3407887,regular
3407887,regular
3407887,regular
3407887,regular
3407887,regular
3407887,regular
3407887,regular
3407887,regular
3407887,regular
3407887,regular
3407887,regular
3407887,regular
3407887,regular
3407887,regular
3407887,regular
3399416,regular
3399416,regular
3399416,regular
3407887,regular
3407887,regular
3407887,regular
3443689,regular
3443689,regular
3443689,regular
3443689,regular
3443689,regular
3415876,regular
3415876,regular
3415876,regular
2891205,regular
2891205,regular
3200492,regular
3200492,regular
3326569,deviant
3387527,regular
3388444,regular
3399416,regular
3399416,regular
3401947,regular
3401947,regular
3407887,regular
3407887,regular
3410972,regular
3415876,regular
3415876,regular
3449448,deviant
3451503,regular
3452584,regular
3459618,regular
3469330,regular
3197502,regular
3197502,regular
3197502,regular
3449448,deviant
3449448,deviant
3449448,deviant
3449448,deviant
3449448,deviant
2976919,deviant
3451503,regular
3451503,regular
3451503,regular
3451503,regular
3451503,regular
2891205,regular
2891205,regular
2891205,regular
2891205,regular
2891205,regular
2891205,regular
2891205,regular
2891205,regular
2891205,regular
2891205,regular
2891205,regular
2891205,regular
2891205,regular
2891205,regular
2891205,regular
2891205,regular
2891205,regular
2891205,regular
2891205,regular
2891205,regular
2891205,regular
2891205,regular
2891205,regular
2891205,regular
2891205,regular
2891205,regular
3401947,regular
3401947,regular
3401947,regular
3401947,regular
3401947,regular
3401947,regular
3401947,regular
3401947,regular
3401947,regular
3401947,regular
3401947,regular
3401947,regular
3401947,regular
3401947,regular
3452584,regular
3452584,regular
3452584,regular
3452584,regular
3452584,regular
3387527,regular
3387527,regular
3387527,regular
3388444,regular
3388444,regular
3388444,regular
2884070,regular
2917783,regular
2968803,deviant
2998842,deviant
3100699,deviant
3179947,regular
3264192,deviant
3320493,deviant
3320493,deviant
3378302,regular
3387527,regular
3388444,regular
3396537,regular
3438592,regular
3464965,regular
3465207,regular
3465207,regular
2976919,deviant
2976919,deviant
3319822,regular
3378302,regular
3429524,regular
3429524,regular
3456494,regular
3457452,regular
3458528,regular
3479896,deviant
3486557,deviant
3499242,deviant
3456494,regular
3456494,regular
3456494,regular
3307452,deviant
3307452,deviant
3307452,deviant
3307452,deviant
3307452,deviant
3307452,deviant
3307452,deviant
3457452,regular
3457452,regular
3457452,regular
3458528,regular
3458528,regular
3458528,regular
3429524,regular
3429524,regular
3429524,regular
3459618,regular
3459618,regular
3459618,regular
3459618,regular
3459618,regular
3460499,regular
3460499,regular
3460499,regular
3460499,regular
3460499,regular
2976090,deviant
3225456,regular
3307452,deviant
3307452,deviant
3319822,regular
3326569,deviant
3443689,regular
3443689,regular
3459618,regular
3460499,regular
3462821,regular
3493361,regular
3493361,regular
3307452,deviant
3307452,deviant
3307452,deviant
3319822,regular
3319822,regular
3319822,regular
3319822,regular
3319822,regular
3319822,regular
3319822,regular
3319822,regular
3319822,regular
3319822,regular
3319822,regular
3319822,regular
3319822,regular
3319822,regular
3319822,regular
3319822,regular
3319822,regular
3319822,regular
3319822,regular
3319822,regular
3319822,regular
3319822,regular
3319822,regular
3319822,regular
3319822,regular
3319822,regular
3319822,regular
3319822,regular
3319822,regular
3319822,regular
3319822,regular
3225456,regular
3225456,regular
3225456,regular
3225456,regular
3225456,regular
3225456,regular
3225456,regular
3462821,regular
3462821,regular
3462821,regular
3462821,regular
3462821,regular
3462821,regular
3326569,deviant
3326569,deviant
3326569,deviant
3326569,deviant
3326569,deviant
3326569,deviant
3326569,deviant
3326569,deviant
3326569,deviant
3326569,deviant
3326569,deviant
3326569,deviant
3326569,deviant
3326569,deviant
3326569,deviant
3326569,deviant
3326569,deviant
3326569,deviant
3326569,deviant
3326569,deviant
3326569,deviant
3326569,deviant
3326569,deviant
3326569,deviant
3326569,deviant
3443689,regular
3443689,regular
3443689,regular
3443689,regular
3443689,regular
3443689,regular
3443689,regular
3443689,regular
3443689,regular
3443689,regular
3443689,regular
3443689,regular
3443689,regular
3443689,regular
3443689,regular
3443689,regular
3443689,regular
3443689,regular
3443689,regular
3443689,regular
3443689,regular
3443689,regular
3443689,regular
3443689,regular
3443689,regular
3184036,deviant
3184036,deviant
3225456,regular
3457452,regular
3458528,regular
3458528,regular
3464965,regular
3464965,regular
3326569,deviant
3326569,deviant
3326569,deviant
3464965,regular
3464965,regular
3464965,regular
2917783,regular
2917783,regular
3292457,regular
3292457,regular
3292457,regular
3292457,regular
3326569,deviant
3326569,deviant
3415302,regular
3487733,regular
3292457,regular
3292457,regular
3292457,regular
3292457,regular
3292457,regular
3292457,regular
3292457,regular
3292457,regular
3292457,regular
2917783,regular
2917783,regular
2917783,regular
2917783,regular
2917783,regular
3303053,regular
3303053,regular
3303053,regular
3309306,regular
3309306,regular
3309306,regular
3309306,regular
3309306,regular
3309306,regular
3309306,regular
3309306,regular
3309306,regular
2891205,regular
3248466,regular
3290567,regular
3387527,regular
3388444,regular
3399416,regular
3407887,regular
3415876,regular
3451503,regular
3457452,regular
3464965,regular
3494154,deviant
3494154,deviant
3494154,deviant
3103213,deviant
3456494,regular
3456494,regular
3459618,regular
3459618,regular
3460499,regular
3460499,regular
3479896,deviant
3500950,regular
3456494,regular
3456494,regular
3456494,regular
3456494,regular
3456494,regular
3456494,regular
3456494,regular
3456494,regular
3456494,regular
3456494,regular
3456494,regular
3456494,regular
3456494,regular
3456494,regular
3456494,regular
3456494,regular
3456494,regular
3456494,regular
3456494,regular
3456494,regular
3456494,regular
3456494,regular
3456494,regular
3456494,regular
3456494,regular
3456494,regular
3456494,regular
3456494,regular
3456494,regular
3456494,regular
3459618,regular
3459618,regular
3459618,regular
3459618,regular
3459618,regular
3459618,regular
3459618,regular
3459618,regular
3459618,regular
3459618,regular
3459618,regular
3459618,regular
3459618,regular
3459618,regular
3459618,regular
3459618,regular
3459618,regular
3459618,regular
3459618,regular
3459618,regular
3459618,regular
3459618,regular
3459618,regular
3459618,regular
3459618,regular
3443689,regular
3443689,regular
3443689,regular
3479896,deviant
3479896,deviant
3479896,deviant
3479896,deviant
3479896,deviant
3479896,deviant
3479896,deviant
3479896,deviant
3479896,deviant
3479896,deviant
3479896,deviant
3460499,regular
3460499,regular
3460499,regular
3460499,regular
3460499,regular
3460499,regular
3460499,regular
3460499,regular
2955625,deviant
2955625,deviant
3103213,deviant
3103213,deviant
3103213,deviant
3415302,regular
3443689,regular
3443689,regular
3456494,regular
3456494,regular
3459618,regular
3459618,regular
3469330,regular
3479896,deviant
3519182,regular
3519182,regular
2976919,deviant
2976919,deviant
2976919,deviant
3469330,regular
3469330,regular
3415302,regular
3415302,regular
3415302,regular
3415302,regular
3415302,regular
3415302,regular
3415302,regular
3415302,regular
3459618,regular
3459618,regular
3459618,regular
3103213,deviant
3103213,deviant
3103213,deviant
3103213,deviant
3103213,deviant
2955625,deviant
2955625,deviant
2955625,deviant
2955625,deviant
2955625,deviant
2955625,deviant
2955625,deviant
2955625,deviant
2955625,deviant
2955625,deviant
2955625,deviant
2955625,deviant
2955625,deviant
2955625,deviant
2955625,deviant
2955625,deviant
2955625,deviant
2955625,deviant
2955625,deviant
2955625,deviant
2955625,deviant
2955625,deviant
2955625,deviant
2955625,deviant
2955625,deviant
2955625,deviant
2955625,deviant
2955625,deviant
2955625,deviant
2955625,deviant
2955625,deviant
2955625,deviant
2955625,deviant
2955625,deviant
2955625,deviant
3388781,deviant
3388781,deviant
3388781,deviant
3388781,deviant
3388781,deviant
3388781,deviant
3388781,deviant
3388781,deviant
3225456,regular
3307452,deviant
3319822,regular
3326569,deviant
3388781,deviant
3388781,deviant
3415302,regular
3415302,regular
3415302,regular
3462821,regular
3465207,regular
3486557,deviant
3486557,deviant
3487733,regular
3487733,regular
3506166,regular
3487733,regular
3487733,regular
3487733,regular
3487733,regular
3487733,regular
3487733,regular
3452584,regular
3452584,regular
3493361,regular
3493361,regular
3493361,regular
3493361,regular
3493361,regular
3493361,regular
3452584,regular
3452584,regular
3452584,regular
3452584,regular
3452584,regular
3452584,regular
3452584,regular
3452584,regular
3452584,regular
3452584,regular
3452584,regular
3452584,regular
3452584,regular
3452584,regular
3452584,regular
3452584,regular
3452584,regular
3452584,regular
3452584,regular
3452584,regular
3452584,regular
3452584,regular
3452584,regular
3452584,regular
3452584,regular
3494154,deviant
3494154,deviant
3494154,deviant
3494154,deviant
3494154,deviant
3494154,deviant
3401947,regular
3401947,regular
3493361,regular
3494154,deviant
3508609,regular
3508609,regular
3401947,regular
3401947,regular
3401947,regular
3401947,regular
3401947,regular
3469330,regular
3469330,regular
3499242,deviant
3499242,deviant
3500950,regular
3500950,regular
3500950,regular
3469330,regular
3469330,regular
3469330,regular
3469330,regular
3469330,regular
3469330,regular
3469330,regular
3469330,regular
3469330,regular
3469330,regular
3469330,regular
3469330,regular
3469330,regular
3469330,regular
3469330,regular
3469330,regular
3469330,regular
3469330,regular
3469330,regular
3469330,regular
3469330,regular
3469330,regular
3469330,regular
3469330,regular
3469330,regular
3469330,regular
3469330,regular
3469330,regular
2955625,deviant
2976919,deviant
3097714,deviant
3443689,regular
3451503,regular
3456494,regular
3459618,regular
3479896,deviant
3487733,regular
3429163,regular
3429163,regular
3465207,regular
3506166,regular
3508609,regular
3429163,regular
3429163,regular
3429163,regular
3429163,regular
3429163,regular
3429163,regular
3506166,regular
3506166,regular
3506166,regular
3169120,regular
3169120,regular
3169120,regular
3169120,regular
3169120,regular
3169120,regular
3169120,regular
3169120,regular
3169120,regular
3169120,regular
3169120,regular
3169120,regular
3169120,regular
3169120,regular
3169120,regular
3169120,regular
3169120,regular
3169120,regular
3169120,regular
3169120,regular
3508609,regular
3508609,regular
3508609,regular
3097714,deviant
3465207,regular
3465207,regular
3465207,regular
3465207,regular
3465207,regular
3465207,regular
3465207,regular
3465207,regular
3465207,regular
3465207,regular
3465207,regular
3465207,regular
3465207,regular
3465207,regular
3465207,regular
3465207,regular
3465207,regular
3465207,regular
3465207,regular
3465207,regular
3465207,regular
3465207,regular
3465207,regular
3465207,regular
3465207,regular
3465207,regular
3465207,regular
3465207,regular
3465207,regular
3465207,regular
3465207,regular
3465207,regular
3465207,regular
3289530,regular
3289530,regular
3452584,regular
3452584,regular
3529170,regular
3452584,regular
3452584,regular
3452584,regular
3289530,regular
3289530,regular
3289530,regular
3289530,regular
3289530,regular
3289530,regular
3289530,regular
3289530,regular
3289530,regular
3289530,regular
3289530,regular
3289530,regular
3289530,regular
3289530,regular
3289530,regular
3289530,regular
3289530,regular
3289530,regular
3289530,regular
3289530,regular
3289530,regular
3289530,regular
3359665,deviant
3359665,deviant
3486557,deviant
3486557,deviant
3493361,regular
3519182,regular
3519182,regular
3519182,regular
3519182,regular
3519182,regular
3519182,regular
3519182,regular
3359665,deviant
3359665,deviant
3359665,deviant
3359665,deviant
3359665,deviant
3359665,deviant
3359665,deviant
3359665,deviant
3469330,regular
3469330,regular
3469330,regular
3493361,regular
3493361,regular
3493361,regular
3493361,regular
3493361,regular
3493361,regular
3493361,regular
3493361,regular
3493361,regular
3493361,regular
3493361,regular
3493361,regular
3493361,regular
3493361,regular
3493361,regular
3493361,regular
3493361,regular
3493361,regular
3493361,regular
3493361,regular
3493361,regular
3493361,regular
3493361,regular
3493361,regular
3438592,regular
3438592,regular
3457452,regular
3457452,regular
3458528,regular
3458528,regular
3465207,regular
3469330,regular
3469330,regular
3500950,regular
3500950,regular
3529170,regular
3529170,regular
3457452,regular
3457452,regular
3457452,regular
3457452,regular
3457452,regular
3457452,regular
3457452,regular
3457452,regular
3457452,regular
3457452,regular
3457452,regular
3457452,regular
3457452,regular
3457452,regular
3457452,regular
3457452,regular
3457452,regular
3457452,regular
3457452,regular
3457452,regular
3457452,regular
3457452,regular
3457452,regular
3457452,regular
3457452,regular
3457452,regular
3457452,regular
3457452,regular
3457452,regular
3457452,regular
3457452,regular
3457452,regular
3457452,regular
3457452,regular
3487733,regular
3487733,regular
3487733,regular
3487733,regular
3487733,regular
3487733,regular
3487733,regular
3487733,regular
3458528,regular
3458528,regular
3458528,regular
3458528,regular
3458528,regular
3458528,regular
3458528,regular
3458528,regular
3458528,regular
3458528,regular
3458528,regular
3458528,regular
3458528,regular
3458528,regular
3458528,regular
3458528,regular
3458528,regular
3458528,regular
3458528,regular
3458528,regular
3458528,regular
3458528,regular
3458528,regular
3458528,regular
3458528,regular
3458528,regular
3458528,regular
3458528,regular
3458528,regular
3458528,regular
3438592,regular
3438592,regular
3438592,regular
3438592,regular
3438592,regular
3438592,regular
3438592,regular
3438592,regular
3438592,regular
3438592,regular
3438592,regular
3438592,regular
3438592,regular
3438592,regular
3438592,regular
3438592,regular
3438592,regular
3438592,regular
3438592,regular
3438592,regular
3438592,regular
3438592,regular
3438592,regular
3438592,regular
3438592,regular
3438592,regular
3438592,regular
3438592,regular
3087612,deviant
3087612,deviant
3087612,deviant
3087612,deviant
3087612,deviant
3087612,deviant
3087612,deviant
3087612,deviant
3087612,deviant
3087612,deviant
3087612,deviant
3087612,deviant
3087612,deviant
3087612,deviant
3087612,deviant
2937163,deviant
3529170,regular
3529170,regular
3280093,regular
3280093,regular
3280093,regular
3529170,regular
3529170,regular
3529170,regular
3529170,regular
3462821,regular
3462821,regular
3462821,regular
3462821,regular
3462821,regular
3462821,regular
3538577,regular
3451503,regular
3451503,regular
3462821,regular
3462821,regular
3462821,regular
3462821,regular
3462821,regular
3462821,regular
3462821,regular
3462821,regular
3462821,regular
3462821,regular
3462821,regular
3462821,regular
3462821,regular
3462821,regular
3462821,regular
3462821,regular
3462821,regular
3462821,regular
3462821,regular
3462821,regular
3462821,regular
3494154,deviant
3248466,regular
3248466,regular
3248466,regular
3401947,regular
3401947,regular
3401947,regular
3401947,regular
3401947,regular
3401947,regular
3401947,regular
3401947,regular
3401947,regular
3401947,regular
3401947,regular
3401947,regular
3538577,regular
3538577,regular
3538577,regular
3538577,regular
3538577,regular
3564895,regular
3460499,regular
3460499,regular
3460499,regular
3460499,regular
3460499,regular
3460499,regular
3460499,regular
3460499,regular
3460499,regular
3460499,regular
3460499,regular
3460499,regular
3460499,regular
3460499,regular
3460499,regular
3460499,regular
3460499,regular
3200492,regular
3200492,regular
3200492,regular
3200492,regular
3200492,regular
3200492,regular
3200492,regular
3200492,regular
3200492,regular
3200492,regular
3200492,regular
3200492,regular
3200492,regular
3200492,regular
3200492,regular
3200492,regular
3200492,regular
3200492,regular
3200492,regular
3200492,regular
3200492,regular
3200492,regular
3200492,regular
3200492,regular
3200492,regular
3200492,regular
3200492,regular
3200492,regular
3200492,regular
3200492,regular
3200492,regular
3200492,regular
3200492,regular
3200492,regular
3200492,regular
3200492,regular
3200492,regular
3200492,regular
3200492,regular
3200492,regular
3200492,regular
3200492,regular
3200492,regular
3200492,regular
3200492,regular
3200492,regular
3200492,regular
3200492,regular
3200492,regular
3559653,regular
3184036,deviant
3383684,deviant
3465207,regular
3566460,regular
3169120,regular
3169120,regular
3493361,regular
3493361,regular
3493361,regular
3401947,regular
3401947,regular
3401947,regular
3383684,deviant
3383684,deviant
3383684,deviant
3383684,deviant
3383684,deviant
3383684,deviant
3383684,deviant
3383684,deviant
3383684,deviant
3383684,deviant
3383684,deviant
3383684,deviant
3383684,deviant
3383684,deviant
3087612,deviant
3169120,regular
3200492,regular
3200492,regular
3401947,regular
3493361,regular
3529170,regular
3582804,deviant
3087612,deviant
3087612,deviant
3087612,deviant
3087612,deviant
3087612,deviant
3087612,deviant
3087612,deviant
3087612,deviant
3087612,deviant
3410972,regular
3410972,regular
3410972,regular
3410972,regular
3410972,regular
3410972,regular
3410972,regular
3410972,regular
3410972,regular
3410972,regular
3410972,regular
3410972,regular
3410972,regular
3410972,regular
3410972,regular
3410972,regular
3410972,regular
3410972,regular
3410972,regular
3410972,regular
3410972,regular
3410972,regular
3410972,regular
3410972,regular
3410972,regular
3410972,regular
3410972,regular
3410972,regular
3410972,regular
3383684,deviant
3383684,deviant
3410972,regular
3410972,regular
3410972,regular
3410972,regular
3383684,deviant
3410972,regular
3410972,regular
3410972,regular
3410972,regular
3410972,regular
3410972,regular
3410972,regular
3410972,regular
3410972,regular
3529170,regular
3529170,regular
3529170,regular
3529170,regular
3169120,regular
3200492,regular
3289530,regular
3401947,regular
3410972,regular
3438592,regular
3452584,regular
3457452,regular
3458528,regular
3465207,regular
3469330,regular
3493361,regular
3519182,regular
3449448,deviant
3594775,deviant
3597184,regular
3598533,deviant
3601105,regular
3604677,deviant
3087612,deviant
3564895,regular
3566460,regular
3566460,regular
3566460,regular
3566460,regular
3566460,regular
3566460,regular
3566460,regular
3566460,regular
3566460,regular
3449448,deviant
3449448,deviant
3449448,deviant
3449448,deviant
3449448,deviant
3449448,deviant
3449448,deviant
3449448,deviant
3449448,deviant
3449448,deviant
3449448,deviant
3449448,deviant
3499242,deviant
3499242,deviant
3499242,deviant
3499242,deviant
3499242,deviant
3499242,deviant
3499242,deviant
3499242,deviant
3499242,deviant
3499242,deviant
3499242,deviant
3499242,deviant
3499242,deviant
3499242,deviant
3499242,deviant
3499242,deviant
3499242,deviant
3499242,deviant
3508609,regular
3508609,regular
3508609,regular
3508609,regular
3508609,regular
3508609,regular
3508609,regular
3508609,regular
3508609,regular
3508609,regular
3508609,regular
3508609,regular
3508609,regular
3508609,regular
3508609,regular
3508609,regular
3508609,regular
3508609,regular
3508609,regular
3508609,regular
3508609,regular
3508609,regular
3508609,regular
3508609,regular
3508609,regular
3508609,regular
3508609,regular
3508609,regular
3508609,regular
3508609,regular
3529170,regular
3529170,regular
3529170,regular
3529170,regular
3529170,regular
3529170,regular
3529170,regular
3529170,regular
3529170,regular
3529170,regular
3529170,regular
3529170,regular
3529170,regular
3529170,regular
3529170,regular
3529170,regular
3529170,regular
3529170,regular
3529170,regular
3529170,regular
3559653,regular
3559653,regular
3606917,regular
3606967,regular
3499242,deviant
3499242,deviant
3464965,regular
3464965,regular
3087612,deviant
3611865,regular
3538577,regular
3538577,regular
3538577,regular
3582804,deviant
3582804,deviant
3582804,deviant
3582804,deviant
3582804,deviant
3582804,deviant
3582804,deviant
3582804,deviant
3582804,deviant
3582804,deviant
3582804,deviant
3582804,deviant
3582804,deviant
3582804,deviant
3582804,deviant
3582804,deviant
3451503,regular
3087612,deviant
3169120,regular
3200492,regular
3200492,regular
3401947,regular
3410972,regular
3493361,regular
3494154,deviant
3494154,deviant
3494154,deviant
3494154,deviant
3494154,deviant
3494154,deviant
3494154,deviant
3494154,deviant
3494154,deviant
3087612,deviant
3410972,regular
3622039,regular
3594775,deviant
3594775,deviant
3594775,deviant
3594775,deviant
3594775,deviant
3594775,deviant
3594775,deviant
3594775,deviant
3594775,deviant
3594775,deviant
3594775,deviant
3594775,deviant
3594775,deviant
3594775,deviant
3594775,deviant
3594775,deviant
3529170,regular
3529170,regular
3529170,regular
3597184,regular
3597184,regular
3597184,regular
3597184,regular
3597184,regular
3597184,regular
3597184,regular
3597184,regular
3597184,regular
3597184,regular
3597184,regular
3597184,regular
3597184,regular
3597184,regular
3460499,regular
3460499,regular
3460499,regular
3597184,regular
3597184,regular
3597184,regular
3598533,deviant
3598533,deviant
3619782,deviant
3620200,regular
3621629,regular
3624878,regular
3601105,regular
3601105,regular
3601105,regular
3601105,regular
3601105,regular
3601105,regular
3601105,regular
3601105,regular
3601105,regular
3601105,regular
3601105,regular
3601105,regular
3601105,regular
3601105,regular
3601105,regular
3601105,regular
3601105,regular
2887729,regular
3232189,regular
3232189,regular
3232189,regular
3506166,regular
3506166,regular
3429163,regular
3559653,regular
3559653,regular
3559653,regular
3559653,regular
2900428,regular
2900428,regular
2900428,regular
3399416,regular
3399416,regular
3399416,regular
3399416,regular
2817543,deviant
2817543,deviant
2817543,deviant
3451503,regular
3451503,regular
3606967,regular
3606967,regular
3626809,regular
3633953,regular
3644413,regular
3604677,deviant
3604677,deviant
3604677,deviant
3604677,deviant
3604677,deviant
3604677,deviant
3604677,deviant
3604677,deviant
3604677,deviant
3604677,deviant
3604677,deviant
3606917,regular
3606917,regular
3606917,regular
3606917,regular
3606917,regular
3606917,regular
3606917,regular
3606917,regular
3606917,regular
3606917,regular
3606917,regular
3451503,regular
3451503,regular
3451503,regular
3451503,regular
3451503,regular
3451503,regular
3451503,regular
3451503,regular
3449448,deviant
3460499,regular
3460499,regular
3529170,regular
3529170,regular
3628077,regular
3280093,regular
3611865,regular
3611865,regular
3611865,regular
3611865,regular
3611865,regular
3611865,regular
3611865,regular
3611865,regular
3611865,regular
3508609,regular
3508609,regular
3508609,regular
3508609,regular
3508609,regular
3566460,regular
3582804,deviant
3642802,deviant
3637906,regular
3619782,deviant
3619782,deviant
3619782,deviant
3619782,deviant
3619782,deviant
3619782,deviant
3619782,deviant
3619782,deviant
3619782,deviant
3619782,deviant
3619782,deviant
3619782,deviant
3620200,regular
3620200,regular
3620200,regular
3620200,regular
3620200,regular
3620200,regular
3620200,regular
3620200,regular
3620200,regular
3619782,deviant
3619782,deviant
3619782,deviant
3619782,deviant
3619782,deviant
3619782,deviant
3621629,regular
3621629,regular
3621629,regular
3621629,regular
3621629,regular
3621629,regular
3621629,regular
3621629,regular
3621629,regular
3622039,regular
3622039,regular
3622039,regular
3622039,regular
3622039,regular
3622039,regular
3622039,regular
3622039,regular
3622039,regular
3622039,regular
3622039,regular
3622039,regular
3622039,regular
3622039,regular
3622039,regular
3621629,regular
3621629,regular
3519182,regular
3645961,regular
3624878,regular
3624878,regular
3624878,regular
3624878,regular
3624878,regular
3624878,regular
3624878,regular
3624878,regular
3624878,regular
3624878,regular
3624878,regular
3626809,regular
3626809,regular
3626809,regular
3626809,regular
3626809,regular
3626809,regular
3626809,regular
3626809,regular
3626809,regular
3626809,regular
3626809,regular
3320493,deviant
3320493,deviant
3320493,deviant
3320493,deviant
3320493,deviant
3320493,deviant
3320493,deviant
3320493,deviant
3320493,deviant
3320493,deviant
3320493,deviant
3320493,deviant
3320493,deviant
3320493,deviant
3320493,deviant
3320493,deviant
3320493,deviant
3628077,regular
3628077,regular
3628077,regular
3628077,regular
3628077,regular
3628077,regular
3628077,regular
3628077,regular
3088519,deviant
3320493,deviant
3388781,deviant
3649001,deviant
3628077,regular
3628077,regular
3628077,regular
3628077,regular
3628077,regular
3628077,regular
3628077,regular
3628077,regular
3628077,regular
3628077,regular
3628077,regular
3628077,regular
3628077,regular
3628077,regular
3628077,regular
3628077,regular
3628077,regular
3628077,regular
3628077,regular
3628077,regular
3628077,regular
3628077,regular
3628077,regular
3628077,regular
3628077,regular
3628077,regular
3628077,regular
3628077,regular
3628077,regular
3628077,regular
3628077,regular
3628077,regular
3449448,deviant
3439233,regular
3439233,regular
3439233,regular
3439233,regular
3439233,regular
3439233,regular
3439233,regular
3439233,regular
3439233,regular
3439233,regular
3464965,regular
3464965,regular
3464965,regular
3464965,regular
3464965,regular
3464965,regular
3464965,regular
3464965,regular
3464965,regular
3464965,regular
3464965,regular
3464965,regular
3464965,regular
3464965,regular
3464965,regular
3464965,regular
3464965,regular
3464965,regular
3464965,regular
3464965,regular
3464965,regular
3464965,regular
3464965,regular
3464965,regular
3464965,regular
3464965,regular
3464965,regular
3464965,regular
3464965,regular
3464965,regular
3633953,regular
3633953,regular
3460499,regular
3508609,regular
3529170,regular
3594775,deviant
3597184,regular
3601105,regular
3604677,deviant
3606917,regular
3606967,regular
3611865,regular
3721542,regular
3500950,regular
3651397,regular
3704488,regular
3449448,deviant
3449448,deviant
3449448,deviant
3449448,deviant
3449448,deviant
3449448,deviant
3449448,deviant
3449448,deviant
3449448,deviant
3449448,deviant
3449448,deviant
3449448,deviant
3449448,deviant
3449448,deviant
3449448,deviant
3449448,deviant
3449448,deviant
3449448,deviant
3449448,deviant
3449448,deviant
3449448,deviant
3449448,deviant
3449448,deviant
3449448,deviant
3449448,deviant
3637906,regular
3637906,regular
3637906,regular
3637906,regular
3637906,regular
3637906,regular
3637906,regular
3637906,regular
3637906,regular
3637906,regular
3637906,regular
2976090,deviant
2976090,deviant
2976090,deviant
2976090,deviant
2976090,deviant
2976090,deviant
2976090,deviant
2976090,deviant
3693886,regular
3707973,deviant
3715655,regular
3718043,regular
3719678,regular
3720299,regular
3725165,deviant
3449448,deviant
3449448,deviant
3449448,deviant
3449448,deviant
3449448,deviant
3088519,deviant
3642802,deviant
3642802,deviant
3644413,regular
3644413,regular
3644413,regular
3644413,regular
3644413,regular
3644413,regular
3644413,regular
3644413,regular
3644413,regular
3280093,regular
3645961,regular
3645961,regular
3486557,deviant
3645961,regular
3645961,regular
3645961,regular
3645961,regular
3645961,regular
3645961,regular
3645961,regular
3645961,regular
3645961,regular
3649001,deviant
3649001,deviant
3566460,regular
3651397,regular
3651397,regular
3651397,regular
3651397,regular
3651397,regular
3651397,regular
3651397,regular
3651397,regular
3651397,regular
3651397,regular
3088519,deviant
3464965,regular
3619782,deviant
3620200,regular
3621629,regular
3622039,regular
3624878,regular
3626809,regular
3628077,regular
3628077,regular
3727018,regular
3088519,deviant
3494154,deviant
3538577,regular
3728500,regular
3184036,deviant
3184036,deviant
3184036,deviant
3184036,deviant
3184036,deviant
3184036,deviant
3184036,deviant
3184036,deviant
3184036,deviant
3184036,deviant
3184036,deviant
3184036,deviant
3184036,deviant
3184036,deviant
3184036,deviant
3184036,deviant
3184036,deviant
3184036,deviant
3184036,deviant
3184036,deviant
3184036,deviant
3184036,deviant
3184036,deviant
3184036,deviant
3184036,deviant
3184036,deviant
3184036,deviant
3184036,deviant
3184036,deviant
3184036,deviant
3184036,deviant
3184036,deviant
3184036,deviant
3184036,deviant
3184036,deviant
3184036,deviant
3184036,deviant
3184036,deviant
3184036,deviant
3184036,deviant
3184036,deviant
3184036,deviant
3184036,deviant
3184036,deviant
3184036,deviant
3184036,deviant
3184036,deviant
3184036,deviant
3184036,deviant
3184036,deviant
3184036,deviant
3184036,deviant
3184036,deviant
3184036,deviant
3184036,deviant
3644413,regular
3644413,regular
3644413,regular
3644413,regular
3644413,regular
3644413,regular
3644413,regular
3644413,regular
3644413,regular
3644413,regular
3644413,regular
3644413,regular
3644413,regular
3644413,regular
3644413,regular
3644413,regular
3644413,regular
3644413,regular
3644413,regular
3644413,regular
3644413,regular
3644413,regular
3538577,regular
3538577,regular
3538577,regular
3538577,regular
3538577,regular
3538577,regular
3538577,regular
3538577,regular
3538577,regular
3538577,regular
3538577,regular
3538577,regular
3538577,regular
3538577,regular
3538577,regular
3621629,regular
3621629,regular
3621629,regular
3621629,regular
3621629,regular
3621629,regular
3621629,regular
3683339,regular
3684042,regular
3685684,regular
3686476,regular
3734326,deviant
3741124,deviant
3753442,regular
3754056,regular
3754714,regular
3378302,regular
3378302,regular
3378302,regular
3378302,regular
3378302,regular
3378302,regular
3378302,regular
3378302,regular
3378302,regular
3611865,regular
3611865,regular
3611865,regular
3611865,regular
3611865,regular
3611865,regular
3611865,regular
3611865,regular
3611865,regular
3611865,regular
3611865,regular
3611865,regular
3598533,deviant
3598533,deviant
3598533,deviant
3598533,deviant
3598533,deviant
3598533,deviant
3598533,deviant
3598533,deviant
3598533,deviant
3598533,deviant
3598533,deviant
3598533,deviant
3598533,deviant
3598533,deviant
3598533,deviant
3598533,deviant
3598533,deviant
3606917,regular
3606917,regular
3606917,regular
3606917,regular
3606917,regular
3606917,regular
3606917,regular
3606917,regular
3606917,regular
3606917,regular
3606917,regular
3606917,regular
3606917,regular
3378302,regular
3736131,regular
3566460,regular
3566460,regular
3566460,regular
3566460,regular
3566460,regular
3566460,regular
3566460,regular
3566460,regular
3566460,regular
3566460,regular
3566460,regular
3449448,deviant
3637906,regular
3644413,regular
3645961,regular
3651397,regular
3693886,regular
3837125,regular
3494154,deviant
3494154,deviant
3494154,deviant
3494154,deviant
3494154,deviant
3494154,deviant
3494154,deviant
3494154,deviant
3494154,deviant
3494154,deviant
3494154,deviant
3494154,deviant
3494154,deviant
3494154,deviant
3494154,deviant
3494154,deviant
3494154,deviant
3494154,deviant
3494154,deviant
3494154,deviant
3494154,deviant
3494154,deviant
3494154,deviant
3494154,deviant
3494154,deviant
3494154,deviant
3644413,regular
3644413,regular
3644413,regular
3644413,regular
3644413,regular
3644413,regular
3755625,regular
3494154,deviant
3494154,deviant
3494154,deviant
3494154,deviant
3621629,regular
3621629,regular
3621629,regular
3621629,regular
3621629,regular
3621629,regular
3621629,regular
3621629,regular
3621629,regular
3621629,regular
3621629,regular
3621629,regular
3621629,regular
3621629,regular
3388781,deviant
3388781,deviant
3388781,deviant
3388781,deviant
3388781,deviant
3633953,regular
3633953,regular
3633953,regular
3633953,regular
3633953,regular
3633953,regular
3633953,regular
3633953,regular
3633953,regular
3633953,regular
3633953,regular
3633953,regular
3633953,regular
3633953,regular
3633953,regular
3633953,regular
3633953,regular
3633953,regular
3633953,regular
3633953,regular
3633953,regular
3633953,regular
3633953,regular
3633953,regular
3633953,regular
3388781,deviant
3388781,deviant
3388781,deviant
3684042,regular
3684042,regular
3684042,regular
3683339,regular
3683339,regular
3683339,regular
3378302,regular
3683339,regular
3684042,regular
3684042,regular
3685684,regular
3685684,regular
3686476,regular
3686476,regular
3732904,regular
3744251,regular
3564895,regular
3564895,regular
3564895,regular
3564895,regular
3564895,regular
3564895,regular
3564895,regular
3564895,regular
3564895,regular
3564895,regular
3564895,regular
3693886,regular
3693886,regular
3684042,regular
3683339,regular
3683339,regular
3683339,regular
3683339,regular
3683339,regular
3683339,regular
3683339,regular
3649001,deviant
3684042,regular
3684042,regular
3684042,regular
3684042,regular
3684042,regular
3378302,regular
3465207,regular
3644413,regular
3734326,deviant
3744998,regular
3745805,deviant
3604677,deviant
3604677,deviant
3604677,deviant
3604677,deviant
3604677,deviant
3604677,deviant
3604677,deviant
3651397,regular
3651397,regular
3651397,regular
3651397,regular
3651397,regular
3651397,regular
3651397,regular
3651397,regular
3651397,regular
3651397,regular
3651397,regular
3651397,regular
3651397,regular
3651397,regular
3746510,regular
3704488,regular
3704488,regular
3704488,regular
3704488,regular
3704488,regular
3704488,regular
3704488,regular
3704488,regular
3704488,regular
3704488,regular
3704488,regular
3479896,deviant
3479896,deviant
3707973,deviant
3707973,deviant
3707973,deviant
3707973,deviant
3707973,deviant
3707973,deviant
3707973,deviant
3707973,deviant
3707973,deviant
3707973,deviant
3707973,deviant
3707973,deviant
3479896,deviant
3479896,deviant
3479896,deviant
3479896,deviant
3479896,deviant
3479896,deviant
3479896,deviant
3479896,deviant
3479896,deviant
3479896,deviant
3479896,deviant
3637906,regular
3637906,regular
3637906,regular
3637906,regular
3637906,regular
3637906,regular
3637906,regular
3637906,regular
3582804,deviant
3582804,deviant
3582804,deviant
3582804,deviant
3582804,deviant
3582804,deviant
3582804,deviant
3582804,deviant
3582804,deviant
3704488,regular
3704488,regular
3704488,regular
3704488,regular
3704488,regular
3704488,regular
3582804,deviant
3624878,regular
3624878,regular
3624878,regular
3624878,regular
3624878,regular
3624878,regular
3624878,regular
3624878,regular
3624878,regular
3624878,regular
3624878,regular
3624878,regular
3624878,regular
3624878,regular
3624878,regular
3624878,regular
3624878,regular
3624878,regular
3624878,regular
3624878,regular
3624878,regular
3624878,regular
3626809,regular
3626809,regular
3626809,regular
3626809,regular
3626809,regular
3626809,regular
3626809,regular
3626809,regular
3626809,regular
3626809,regular
3626809,regular
3626809,regular
3626809,regular
3626809,regular
3626809,regular
3626809,regular
3626809,regular
3626809,regular
3626809,regular
3626809,regular
3626809,regular
3719678,regular
3719678,regular
3719678,regular
3719678,regular
3719678,regular
3719678,regular
3719678,regular
3719678,regular
3719678,regular
3719678,regular
3719678,regular
3719678,regular
3719678,regular
3719678,regular
3719678,regular
3720299,regular
3720299,regular
3720299,regular
3720299,regular
3720299,regular
3719678,regular
3719678,regular
3720299,regular
3720299,regular
3720299,regular
3720299,regular
3626809,regular
3626809,regular
3715655,regular
3715655,regular
3718043,regular
3718043,regular
3719678,regular
3719678,regular
3720299,regular
3720299,regular
3721542,regular
3725165,deviant
3725165,deviant
3727018,regular
3727018,regular
3621629,regular
3621629,regular
3621629,regular
3621629,regular
3621629,regular
3621629,regular
3621629,regular
3626809,regular
3626809,regular
3626809,regular
3626809,regular
3626809,regular
3626809,regular
3626809,regular
3626809,regular
3624878,regular
3624878,regular
3624878,regular
3624878,regular
3624878,regular
3624878,regular
3624878,regular
3624878,regular
3721542,regular
3721542,regular
3399381,regular
3399381,regular
3399381,regular
3399381,regular
3399381,regular
3727018,regular
3727018,regular
3727018,regular
3727018,regular
3728500,regular
3728500,regular
3728500,regular
3728500,regular
3728500,regular
3728500,regular
3728500,regular
3728500,regular
3728500,regular
3728500,regular
3728500,regular
3728500,regular
3734326,deviant
3734326,deviant
3707973,deviant
3707973,deviant
3707973,deviant
3707973,deviant
3707973,deviant
3707973,deviant
3707973,deviant
3707973,deviant
3707973,deviant
3732904,regular
3732904,regular
3721542,regular
3721542,regular
3721542,regular
3721542,regular
3721542,regular
3721542,regular
3721542,regular
3721542,regular
3721542,regular
3721542,regular
3721542,regular
3721542,regular
3721542,regular
3736131,regular
3736131,regular
3736131,regular
3736131,regular
3736131,regular
3736131,regular
3736131,regular
3736131,regular
3736131,regular
3736131,regular
3736131,regular
3736131,regular
3736131,regular
3683339,regular
3606917,regular
3606917,regular
3606917,regular
3606917,regular
3606917,regular
3606917,regular
3606917,regular
3606917,regular
3606917,regular
3606917,regular
3606917,regular
3606917,regular
3486557,deviant
3486557,deviant
3745805,deviant
3745805,deviant
3746510,regular
3719678,regular
3741124,deviant
3741124,deviant
3741124,deviant
3741124,deviant
3741124,deviant
3741124,deviant
3741124,deviant
3741124,deviant
3741124,deviant
3741124,deviant
3741124,deviant
3741124,deviant
3741124,deviant
3741124,deviant
3741124,deviant
3741124,deviant
3741124,deviant
3741124,deviant
3744251,regular
3744251,regular
3744251,regular
3744251,regular
3744251,regular
3744251,regular
3744251,regular
3744251,regular
3744251,regular
3744251,regular
3744251,regular
3744251,regular
3744998,regular
3744998,regular
3746510,regular
3500950,regular
3500950,regular
3500950,regular
3500950,regular
3500950,regular
3500950,regular
3500950,regular
3500950,regular
3500950,regular
3500950,regular
3500950,regular
3500950,regular
3500950,regular
3500950,regular
3500950,regular
3500950,regular
3500950,regular
3500950,regular
3500950,regular
3500950,regular
3500950,regular
3500950,regular
3500950,regular
3500950,regular
3500950,regular
3500950,regular
3500950,regular
3500950,regular
3500950,regular
3500950,regular
3500950,regular
3500950,regular
3500950,regular
3500950,regular
3500950,regular
3500950,regular
3651397,regular
3732904,regular
3732904,regular
3732904,regular
3732904,regular
3732904,regular
3732904,regular
3732904,regular
3732904,regular
3732904,regular
3637906,regular
3637906,regular
3637906,regular
3637906,regular
3637906,regular
3637906,regular
3637906,regular
3637906,regular
3637906,regular
3637906,regular
3637906,regular
3637906,regular
3637906,regular
3566460,regular
3566460,regular
3566460,regular
3566460,regular
3566460,regular
3566460,regular
3566460,regular
3566460,regular
3566460,regular
3566460,regular
3566460,regular
3566460,regular
3753442,regular
3753442,regular
3566460,regular
3566460,regular
3566460,regular
3566460,regular
3566460,regular
3566460,regular
3755625,regular
3755625,regular
3486557,deviant
3486557,deviant
3486557,deviant
3486557,deviant
3486557,deviant
3486557,deviant
3486557,deviant
3486557,deviant
3486557,deviant
3486557,deviant
3486557,deviant
3486557,deviant
3486557,deviant
3486557,deviant
3486557,deviant
3486557,deviant
3486557,deviant
3486557,deviant
3486557,deviant
3486557,deviant
3486557,deviant
3486557,deviant
3486557,deviant
3486557,deviant
3486557,deviant
3486557,deviant
3486557,deviant
3486557,deviant
3486557,deviant
3486557,deviant
3486557,deviant
3486557,deviant
3486557,deviant
3486557,deviant
3753442,regular
3753442,regular
3754056,regular
3754056,regular
3755625,regular
3606917,regular
3736131,regular
3736131,regular
3736131,regular
3736131,regular
3736131,regular
3736131,regular
3736131,regular
3736131,regular
3746510,regular
3746510,regular
3746510,regular
3746510,regular
3746510,regular
3746510,regular
3746510,regular
3746510,regular
3465207,regular
3465207,regular
3465207,regular
3086223,regular
3086223,regular
3086223,regular
2952306,regular
2952306,regular
2952306,regular
3683339,regular
3683339,regular
3683339,regular
3683339,regular
3683339,regular
3683339,regular
3683339,regular
3683339,regular
3718043,regular
3718043,regular
3718043,regular
3718043,regular
3718043,regular
3718043,regular
3718043,regular
3718043,regular
3718043,regular
3718043,regular
3718043,regular
3718043,regular
3718043,regular
3718043,regular
3718043,regular
3718043,regular
3718043,regular
3718043,regular
3718043,regular
3718043,regular
3718043,regular
3718043,regular
3606917,regular
3768744,regular
3410972,regular
3410972,regular
3410972,regular
3410972,regular
3410972,regular
3410972,regular
3410972,regular
3410972,regular
3410972,regular
3410972,regular
3651397,regular
3651397,regular
3651397,regular
3651397,regular
3651397,regular
3651397,regular
3651397,regular
3651397,regular
3704488,regular
3707973,deviant
3719678,regular
3720299,regular
3725165,deviant
3728500,regular
3736131,regular
3790242,regular
3725165,deviant
3633953,regular
3633953,regular
3633953,regular
3633953,regular
3633953,regular
3633953,regular
3633953,regular
3633953,regular
3637906,regular
3637906,regular
3327777,deviant
3327777,deviant
3327777,deviant
3327777,deviant
3327777,deviant
3327777,deviant
3327777,deviant
3327777,deviant
3327777,deviant
3327777,deviant
3327777,deviant
3327777,deviant
3327777,deviant
3327777,deviant
3327777,deviant
3327777,deviant
3327777,deviant
3327777,deviant
3327777,deviant
3327777,deviant
3327777,deviant
3327777,deviant
3327777,deviant
3619782,deviant
3611865,regular
3611865,regular
3611865,regular
3611865,regular
3611865,regular
3611865,regular
3611865,regular
3611865,regular
3611865,regular
3611865,regular
3611865,regular
3637906,regular
3637906,regular
3637906,regular
3611865,regular
3611865,regular
3611865,regular
3611865,regular
3611865,regular
3611865,regular
3622039,regular
3622039,regular
3622039,regular
3622039,regular
3622039,regular
3622039,regular
3622039,regular
3622039,regular
3622039,regular
3622039,regular
3622039,regular
3622039,regular
3622039,regular
3622039,regular
3622039,regular
3622039,regular
3622039,regular
3622039,regular
3622039,regular
3622039,regular
3622039,regular
3744998,regular
3803603,regular
3804794,regular
3834561,regular
3622039,regular
3622039,regular
3622039,regular
3622039,regular
3633953,regular
3633953,regular
3633953,regular
3633953,regular
2967994,regular
2967994,regular
3684042,regular
3684042,regular
3684042,regular
3684042,regular
3684042,regular
3684042,regular
3684042,regular
3684042,regular
3684042,regular
3684042,regular
3684042,regular
3684042,regular
3684042,regular
3684042,regular
3684042,regular
3684042,regular
3684042,regular
3684042,regular
3684042,regular
3684042,regular
3684042,regular
3684042,regular
3684042,regular
3684042,regular
3684042,regular
3684042,regular
3734326,deviant
3734326,deviant
3734326,deviant
3734326,deviant
3734326,deviant
3734326,deviant
3734326,deviant
3734326,deviant
3734326,deviant
3734326,deviant
3734326,deviant
3734326,deviant
3734326,deviant
3755625,regular
3755625,regular
3755625,regular
3755625,regular
3755625,regular
3755625,regular
3755625,regular
3755625,regular
3755625,regular
3755625,regular
3755625,regular
3755625,regular
3755625,regular
3755625,regular
3755625,regular
3755625,regular
3755625,regular
3755625,regular
3755625,regular
3755625,regular
3755625,regular
3755625,regular
3755625,regular
3755625,regular
3755625,regular
3755625,regular
3755625,regular
3755625,regular
3755625,regular
3755625,regular
3755625,regular
3755625,regular
3755625,regular
3753442,regular
3753442,regular
3753442,regular
3753442,regular
3753442,regular
3753442,regular
3753442,regular
3753442,regular
3753442,regular
3753442,regular
3753442,regular
3753442,regular
3753442,regular
3753442,regular
3753442,regular
3753442,regular
3753442,regular
3753442,regular
3753442,regular
3753442,regular
3753442,regular
3753442,regular
3753442,regular
3753442,regular
3753442,regular
3753442,regular
3753442,regular
3753442,regular
3753442,regular
3753442,regular
3753442,regular
3753442,regular
3725165,deviant
3725165,deviant
3725165,deviant
3725165,deviant
3725165,deviant
3725165,deviant
3725165,deviant
3725165,deviant
3725165,deviant
3725165,deviant
3725165,deviant
3725165,deviant
3725165,deviant
3725165,deviant
3725165,deviant
3725165,deviant
3725165,deviant
3725165,deviant
3725165,deviant
3725165,deviant
3725165,deviant
3725165,deviant
3725165,deviant
3725165,deviant
3725165,deviant
3725165,deviant
3725165,deviant
3725165,deviant
3725165,deviant
3725165,deviant
3725165,deviant
3725165,deviant
3754714,regular
3754714,regular
3754714,regular
3754714,regular
3754714,regular
3754714,regular
3754714,regular
3754714,regular
3754714,regular
3754714,regular
3754714,regular
3754714,regular
3754714,regular
3754714,regular
3754714,regular
3754714,regular
3754714,regular
3754714,regular
3754714,regular
3754714,regular
3754714,regular
3754714,regular
3754714,regular
3754714,regular
3754714,regular
3754714,regular
3754714,regular
3754714,regular
3754714,regular
3754714,regular
3754714,regular
3754714,regular
3754714,regular
3754714,regular
3754714,regular
3754714,regular
3707973,deviant
3707973,deviant
3707973,deviant
3707973,deviant
3707973,deviant
3707973,deviant
3707973,deviant
3707973,deviant
3707973,deviant
3790242,regular
3790242,regular
3790242,regular
3790242,regular
3790242,regular
3790242,regular
3790242,regular
3790242,regular
3790242,regular
3790242,regular
3754056,regular
3754056,regular
3754056,regular
3754056,regular
3754056,regular
3754056,regular
3754056,regular
3754056,regular
3754056,regular
3754056,regular
3754056,regular
3754056,regular
3754056,regular
3754056,regular
3754056,regular
3754056,regular
3754056,regular
3754056,regular
3754056,regular
3754056,regular
3754056,regular
3754056,regular
3754056,regular
3754056,regular
3754056,regular
3754056,regular
3754056,regular
3754056,regular
3754056,regular
3754056,regular
3754056,regular
3754056,regular
3754056,regular
3754056,regular
3519182,regular
3519182,regular
3622039,regular
3622039,regular
3633953,regular
3633953,regular
3633953,regular
3637906,regular
3637906,regular
3684042,regular
3685684,regular
3753442,regular
3754056,regular
3754714,regular
3755625,regular
3790242,regular
3790242,regular
3519182,regular
3519182,regular
3519182,regular
3519182,regular
3519182,regular
3519182,regular
3519182,regular
3768744,regular
3768744,regular
3704488,regular
3704488,regular
3410972,regular
3566460,regular
3606917,regular
3741124,deviant
3744251,regular
3745805,deviant
3753442,regular
3754714,regular
3755625,regular
3620200,regular
3620200,regular
3620200,regular
3620200,regular
3620200,regular
3620200,regular
3620200,regular
3620200,regular
3620200,regular
3620200,regular
3620200,regular
3620200,regular
3620200,regular
3620200,regular
3620200,regular
3620200,regular
3620200,regular
3620200,regular
3620200,regular
3620200,regular
3620200,regular
3620200,regular
3620200,regular
3620200,regular
3620200,regular
3620200,regular
3620200,regular
3620200,regular
3620200,regular
3620200,regular
3087612,deviant
3087612,deviant
3087612,deviant
3087612,deviant
3087612,deviant
3087612,deviant
3619782,deviant
3619782,deviant
3619782,deviant
3619782,deviant
3619782,deviant
3619782,deviant
3619782,deviant
3619782,deviant
3619782,deviant
3619782,deviant
3619782,deviant
3619782,deviant
3721542,regular
3721542,regular
3721542,regular
3721542,regular
3721542,regular
3721542,regular
3721542,regular
3721542,regular
3721542,regular
3721542,regular
3721542,regular
3721542,regular
3721542,regular
3721542,regular
3721542,regular
3721542,regular
3721542,regular
3803603,regular
3803603,regular
3803603,regular
3803603,regular
3803603,regular
3803603,regular
3803603,regular
3803603,regular
3803603,regular
3804794,regular
3804794,regular
3087612,deviant
3087612,deviant
3734326,deviant
3850331,regular
3721542,regular
3721542,regular
3721542,regular
3684042,regular
3685684,regular
3753442,regular
3754056,regular
3754056,regular
3754714,regular
3755625,regular
3790242,regular
3851782,regular
3645961,regular
3645961,regular
3645961,regular
3645961,regular
3645961,regular
3645961,regular
3645961,regular
3645961,regular
3645961,regular
3645961,regular
3645961,regular
3645961,regular
3645961,regular
3645961,regular
3645961,regular
3645961,regular
3645961,regular
3645961,regular
3645961,regular
3645961,regular
3645961,regular
3645961,regular
3645961,regular
3486557,deviant
3486557,deviant
3486557,deviant
3486557,deviant
3486557,deviant
3486557,deviant
3486557,deviant
3486557,deviant
3486557,deviant
3704488,regular
3704488,regular
3704488,regular
3486557,deviant
3704488,regular
3704488,regular
3704488,regular
3704488,regular
3736131,regular
3736131,regular
3736131,regular
3736131,regular
3736131,regular
3736131,regular
3736131,regular
3736131,regular
3736131,regular
3736131,regular
3736131,regular
3736131,regular
3606967,regular
3606967,regular
3606967,regular
3606967,regular
3606967,regular
3606967,regular
3606967,regular
3606967,regular
3606967,regular
3606967,regular
3606967,regular
3606967,regular
3606967,regular
3606967,regular
3606967,regular
3606967,regular
3606967,regular
3087612,deviant
3087612,deviant
3486557,deviant
3645961,regular
3721542,regular
3721542,regular
3833827,deviant
3734326,deviant
3734326,deviant
3734326,deviant
3734326,deviant
3734326,deviant
3734326,deviant
3734326,deviant
3734326,deviant
3734326,deviant
3734326,deviant
3734326,deviant
3734326,deviant
3734326,deviant
3734326,deviant
3734326,deviant
3734326,deviant
3734326,deviant
3734326,deviant
3734326,deviant
3734326,deviant
3734326,deviant
3734326,deviant
3734326,deviant
3734326,deviant
3734326,deviant
3734326,deviant
3734326,deviant
3606967,regular
3606967,regular
3606967,regular
3606967,regular
3606967,regular
3606967,regular
3606967,regular
3606967,regular
3606967,regular
3606967,regular
3606967,regular
3606967,regular
3606967,regular
3606967,regular
3606967,regular
3606967,regular
3606967,regular
3606967,regular
3486557,deviant
3486557,deviant
3486557,deviant
3486557,deviant
3645961,regular
3645961,regular
3645961,regular
3486557,deviant
3611865,regular
3622039,regular
3637906,regular
3645961,regular
3684042,regular
3685684,regular
3753442,regular
3754056,regular
3754714,regular
3755625,regular
3768744,regular
3838356,regular
3725165,deviant
3725165,deviant
3725165,deviant
3725165,deviant
3725165,deviant
3725165,deviant
3725165,deviant
3725165,deviant
3725165,deviant
3725165,deviant
3725165,deviant
3725165,deviant
3725165,deviant
3725165,deviant
3725165,deviant
3725165,deviant
3725165,deviant
3804794,regular
3804794,regular
3804794,regular
3601105,regular
3804794,regular
3804794,regular
3804794,regular
3804794,regular
3804794,regular
3804794,regular
3804794,regular
3725165,deviant
3718043,regular
3718043,regular
3718043,regular
3718043,regular
3718043,regular
3718043,regular
3718043,regular
3718043,regular
3718043,regular
3718043,regular
3854674,deviant
3718043,regular
3718043,regular
3718043,regular
3718043,regular
3725165,deviant
3725165,deviant
3725165,deviant
3734326,deviant
3734326,deviant
3734326,deviant
3087612,deviant
3598533,deviant
3834561,regular
3833827,deviant
3833827,deviant
3834561,regular
3834561,regular
3834561,regular
3833827,deviant
3833827,deviant
3833827,deviant
3833827,deviant
3833827,deviant
3833827,deviant
3833827,deviant
3834561,regular
3834561,regular
3833827,deviant
3833827,deviant
3606967,regular
3606967,regular
3606967,regular
3606967,regular
3606967,regular
3606967,regular
3606967,regular
3606967,regular
3837125,regular
3837125,regular
3837125,regular
3837125,regular
3837125,regular
3837125,regular
3837125,regular
3837125,regular
3837125,regular
3837125,regular
3837125,regular
3837737,regular
3837737,regular
3837737,regular
3837737,regular
3837737,regular
3837737,regular
3837737,regular
3837737,regular
3837737,regular
3837737,regular
3837737,regular
3837737,regular
3838356,regular
3838356,regular
3838356,regular
3838356,regular
3838356,regular
3838356,regular
3838356,regular
3838356,regular
3838356,regular
3707973,deviant
3707973,deviant
3707973,deviant
3707973,deviant
3707973,deviant
3707973,deviant
3707973,deviant
3707973,deviant
3707973,deviant
3707973,deviant
3707973,deviant
3707973,deviant
3088519,deviant
3088519,deviant
3606967,regular
3718043,regular
3725165,deviant
3725165,deviant
3734326,deviant
3734326,deviant
3838356,regular
3838356,regular
3851157,regular
3859670,regular
3838356,regular
3838356,regular
3838356,regular
3838356,regular
3838356,regular
3838356,regular
3838356,regular
3838356,regular
3838356,regular
3838356,regular
3838356,regular
3838356,regular
3838356,regular
3838356,regular
3838356,regular
3838356,regular
3838356,regular
3838356,regular
3838356,regular
3838356,regular
3838356,regular
3838356,regular
3838356,regular
3837737,regular
3837737,regular
3837737,regular
3837737,regular
3837737,regular
3837737,regular
3837737,regular
3837737,regular
3837737,regular
3837737,regular
3837737,regular
3837737,regular
3837737,regular
3837737,regular
3837737,regular
3837737,regular
3837737,regular
3837737,regular
3837737,regular
3837737,regular
3837737,regular
3837737,regular
3837125,regular
3837125,regular
3837125,regular
3837125,regular
3837125,regular
3837125,regular
3837125,regular
3837125,regular
3837125,regular
3837125,regular
3837125,regular
3837125,regular
3837125,regular
3837125,regular
3837125,regular
3837125,regular
3837125,regular
3837125,regular
3837125,regular
3837125,regular
3837125,regular
3837125,regular
3837125,regular
3837125,regular
3837125,regular
3837125,regular
3838356,regular
3838356,regular
3838356,regular
3838356,regular
3837737,regular
3837737,regular
3837737,regular
3837737,regular
3833827,deviant
3833827,deviant
3833827,deviant
3833827,deviant
3833827,deviant
3833827,deviant
3833827,deviant
3087612,deviant
3486557,deviant
3645961,regular
3721542,regular
3803603,regular
3862810,deviant
3865040,regular
3834561,regular
3834561,regular
3834561,regular
3850331,regular
3850331,regular
3850331,regular
3850331,regular
3850331,regular
3850331,regular
3850331,regular
3850331,regular
3850331,regular
3850331,regular
3850331,regular
3851782,regular
3851782,regular
3851782,regular
3851782,regular
3851782,regular
3851782,regular
3851782,regular
3851782,regular
3851782,regular
3851782,regular
3851782,regular
3720299,regular
3720299,regular
3720299,regular
3720299,regular
3720299,regular
3720299,regular
3720299,regular
3720299,regular
3720299,regular
3720299,regular
3720299,regular
3720299,regular
3720299,regular
3720299,regular
3720299,regular
3720299,regular
3720299,regular
3720299,regular
3720299,regular
3720299,regular
3720299,regular
3720299,regular
3854674,deviant
3854674,deviant
3854674,deviant
3854674,deviant
3854674,deviant
3854674,deviant
3854674,deviant
3854674,deviant
3854674,deviant
3854674,deviant
3854674,deviant
3854674,deviant
3854674,deviant
3854674,deviant
3854674,deviant
3851157,regular
3851157,regular
3851157,regular
3851157,regular
3851157,regular
3851157,regular
3851157,regular
3088519,deviant
3088519,deviant
3088519,deviant
3088519,deviant
3088519,deviant
3088519,deviant
3088519,deviant
3088519,deviant
3088519,deviant
3088519,deviant
3088519,deviant
3088519,deviant
3088519,deviant
3088519,deviant
3088519,deviant
3088519,deviant
3088519,deviant
3088519,deviant
3088519,deviant
3088519,deviant
3088519,deviant
3088519,deviant
3088519,deviant
3088519,deviant
3088519,deviant
3088519,deviant
3088519,deviant
3088519,deviant
3088519,deviant
3088519,deviant
3088519,deviant
3088519,deviant
3088519,deviant
3088519,deviant
3088519,deviant
3088519,deviant
3088519,deviant
3088519,deviant
3088519,deviant
3088519,deviant
3088519,deviant
3088519,deviant
3088519,deviant
3088519,deviant
3088519,deviant
3088519,deviant
3088519,deviant
3088519,deviant
3088519,deviant
3088519,deviant
3088519,deviant
3088519,deviant
3088519,deviant
3088519,deviant
3088519,deviant
3088519,deviant
3088519,deviant
3088519,deviant
3720299,regular
3720299,regular
3720299,regular
3720299,regular
3720299,regular
3720299,regular
3720299,regular
3693886,regular
3693886,regular
3693886,regular
3693886,regular
3693886,regular
3693886,regular
3693886,regular
3693886,regular
3693886,regular
3693886,regular
3693886,regular
3693886,regular
3693886,regular
3693886,regular
3693886,regular
3693886,regular
3851157,regular
3851157,regular
3598533,deviant
3859670,regular
3859670,regular
3859670,regular
3859670,regular
3859670,regular
3859670,regular
3859670,regular
3859670,regular
3859670,regular
3867254,regular
3088519,deviant
3604677,deviant
3859670,regular
3859670,regular
3865040,regular
3865040,regular
3877877,deviant
3886793,regular
3736131,regular
3686476,regular
3686476,regular
3686476,regular
3686476,regular
3686476,regular
3686476,regular
3686476,regular
3686476,regular
3686476,regular
3686476,regular
3686476,regular
3686476,regular
3686476,regular
3686476,regular
3686476,regular
3686476,regular
3686476,regular
3686476,regular
3686476,regular
3686476,regular
3686476,regular
3686476,regular
3686476,regular
3686476,regular
3686476,regular
3686476,regular
3686476,regular
3686476,regular
3686476,regular
3686476,regular
3686476,regular
3686476,regular
3686476,regular
3686476,regular
3686476,regular
3686476,regular
3686476,regular
3686476,regular
3736131,regular
3736131,regular
3736131,regular
3736131,regular
3707973,deviant
3707973,deviant
3862810,deviant
3862810,deviant
3862810,deviant
3862810,deviant
3862810,deviant
3862810,deviant
3862810,deviant
3862810,deviant
3862810,deviant
3867254,regular
3867254,regular
3867254,regular
3867254,regular
3200492,regular
3707973,deviant
3736131,regular
3736131,regular
3707973,deviant
3707973,deviant
3707973,deviant
3707973,deviant
3707973,deviant
3728500,regular
3728500,regular
3728500,regular
3728500,regular
3728500,regular
3728500,regular
3728500,regular
3088519,deviant
3200492,regular
3718043,regular
3725165,deviant
3734326,deviant
3804794,regular
3833827,deviant
3834561,regular
3837125,regular
3837125,regular
3837737,regular
3837737,regular
3838356,regular
3838356,regular
3200492,regular
3200492,regular
3200492,regular
3200492,regular
3200492,regular
3200492,regular
3200492,regular
3200492,regular
3200492,regular
3200492,regular
3200492,regular
3200492,regular
3200492,regular
3200492,regular
3200492,regular
3606967,regular
3833827,deviant
3741124,deviant
3741124,deviant
3741124,deviant
3741124,deviant
3598533,deviant
3598533,deviant
3598533,deviant
3598533,deviant
3598533,deviant
3598533,deviant
3598533,deviant
3598533,deviant
3598533,deviant
3598533,deviant
3598533,deviant
3598533,deviant
3598533,deviant
3598533,deviant
3598533,deviant
3598533,deviant
3598533,deviant
3598533,deviant
3598533,deviant
3598533,deviant
3598533,deviant
3598533,deviant
3598533,deviant
3877877,deviant
3877877,deviant
3877877,deviant
3877877,deviant
3877877,deviant
3877877,deviant
3877877,deviant
3877877,deviant
3877877,deviant
3877877,deviant
3790242,regular
3790242,regular
3790242,regular
3378302,regular
3378302,regular
3877877,deviant
3877877,deviant
3597184,regular
3597184,regular
3597184,regular
3597184,regular
3597184,regular
3597184,regular
3597184,regular
3597184,regular
3597184,regular
3597184,regular
3597184,regular
3597184,regular
3597184,regular
3597184,regular
3597184,regular
3597184,regular
3597184,regular
3597184,regular
3597184,regular
3597184,regular
3597184,regular
3597184,regular
3597184,regular
3597184,regular
3833827,deviant
3833827,deviant
3833827,deviant
3833827,deviant
3833827,deviant
3854674,deviant
3854674,deviant
3854674,deviant
3854674,deviant
3854674,deviant
3597184,regular
3597184,regular
3594775,deviant
3594775,deviant
3594775,deviant
3594775,deviant
3594775,deviant
3594775,deviant
3790242,regular
3790242,regular
3790242,regular
3790242,regular
3790242,regular
3790242,regular
3790242,regular
3790242,regular
3790242,regular
3790242,regular
3790242,regular
3790242,regular
3790242,regular
3790242,regular
3790242,regular
3790242,regular
3790242,regular
3686476,regular
3686476,regular
3888328,regular
3888328,regular
3888328,regular
3888328,regular
3888328,regular
3888328,regular
3888328,regular
3888328,regular
3888328,regular
3888328,regular
3888328,regular
3888328,regular
3886793,regular
3886793,regular
3886793,regular
3886793,regular
3886793,regular
3886793,regular
3886793,regular
3886793,regular
3886793,regular
3886793,regular
3886793,regular
3604677,deviant
3604677,deviant
3604677,deviant
3604677,deviant
3604677,deviant
3604677,deviant
3604677,deviant
3604677,deviant
3604677,deviant
3604677,deviant
3597184,regular
3597184,regular
3790242,regular
3905172,regular
3912651,deviant
3744998,regular
3744998,regular
3744998,regular
3594775,deviant
3744998,regular
3744998,regular
3744998,regular
3790242,regular
3790242,regular
3790242,regular
3790242,regular
3790242,regular
3803603,regular
3803603,regular
3803603,regular
3803603,regular
3803603,regular
3803603,regular
3803603,regular
3803603,regular
3803603,regular
3803603,regular
3803603,regular
3803603,regular
3803603,regular
3803603,regular
3803603,regular
3803603,regular
3803603,regular
3803603,regular
3803603,regular
3803603,regular
3803603,regular
3803603,regular
3803603,regular
3803603,regular
3707973,deviant
3736131,regular
3850331,regular
3851157,regular
3851782,regular
3854674,deviant
3859670,regular
3862810,deviant
3906593,deviant
3744251,regular
3744251,regular
3744251,regular
3744251,regular
3744251,regular
3744251,regular
3744251,regular
3744251,regular
3744251,regular
3744251,regular
3744251,regular
3744251,regular
3744251,regular
3744251,regular
3744251,regular
3744251,regular
3744251,regular
3594775,deviant
3905172,regular
3905172,regular
3905172,regular
3905172,regular
3905172,regular
3905172,regular
3905172,regular
3905172,regular
3906593,deviant
3906593,deviant
3906593,deviant
3906593,deviant
3906593,deviant
3906593,deviant
3906593,deviant
3906593,deviant
3906593,deviant
3745805,deviant
3745805,deviant
3745805,deviant
3745805,deviant
3745805,deviant
3745805,deviant
3745805,deviant
3745805,deviant
3745805,deviant
3745805,deviant
3745805,deviant
3745805,deviant
3745805,deviant
3745805,deviant
3745805,deviant
3745805,deviant
3745805,deviant
3745805,deviant
3745805,deviant
3745805,deviant
3649001,deviant
3649001,deviant
3649001,deviant
3649001,deviant
3649001,deviant
3649001,deviant
3649001,deviant
3649001,deviant
3649001,deviant
3649001,deviant
3649001,deviant
3649001,deviant
3649001,deviant
3649001,deviant
3649001,deviant
3649001,deviant
3649001,deviant
3378302,regular
3378302,regular
3378302,regular
3693886,regular
3693886,regular
3693886,regular
3693886,regular
3693886,regular
3693886,regular
3693886,regular
3693886,regular
3693886,regular
3693886,regular
3693886,regular
3693886,regular
3693886,regular
3693886,regular
3693886,regular
3850331,regular
3850331,regular
3850331,regular
3850331,regular
3850331,regular
3850331,regular
3850331,regular
3850331,regular
3850331,regular
3850331,regular
3850331,regular
3850331,regular
3850331,regular
3850331,regular
3850331,regular
3850331,regular
3850331,regular
3850331,regular
3850331,regular
3850331,regular
3850331,regular
3850331,regular
3745805,deviant
3745805,deviant
3499242,deviant
3499242,deviant
3499242,deviant
3912651,deviant
3912651,deviant
3912651,deviant
3912651,deviant
3912651,deviant
3912651,deviant
3912651,deviant
3912651,deviant
3912651,deviant
3912651,deviant
3912651,deviant
3912651,deviant
3912651,deviant
3499242,deviant
3597184,regular
3790242,regular
3626809,regular
3851157,regular
3851157,regular
3851157,regular
3851157,regular
3851157,regular
3851157,regular
3851157,regular
3851157,regular
3851157,regular
3851157,regular
3851157,regular
3851157,regular
3851157,regular
3851157,regular
3851157,regular
3851157,regular
3851157,regular
3851157,regular
3851157,regular
3851157,regular
3851157,regular
3851157,regular
3851157,regular
3200492,regular
3200492,regular
3851157,regular
3598533,deviant
3598533,deviant
3598533,deviant
3598533,deviant
3598533,deviant
3850331,regular
3850331,regular
3850331,regular
3850331,regular
3851157,regular
3851157,regular
3851157,regular
3851157,regular
3598533,deviant
3850331,regular
3850331,regular
3851157,regular
3851157,regular
3888328,regular
3930617,regular
3886793,regular
3886793,regular
3886793,regular
3649001,deviant
3649001,deviant
3649001,deviant
3649001,deviant
3649001,deviant
3649001,deviant
3649001,deviant
3649001,deviant
3649001,deviant
3649001,deviant
3649001,deviant
3649001,deviant
3649001,deviant
3649001,deviant
3854674,deviant
3854674,deviant
3597184,regular
3790242,regular
3877877,deviant
3886793,regular
3888328,regular
3934376,deviant
3985429,regular
4000849,regular
3597184,regular
3930617,regular
3930617,regular
3930617,regular
3930617,regular
3930617,regular
3930617,regular
3930617,regular
3930617,regular
3930617,regular
3934376,deviant
3934376,deviant
3934376,deviant
3934376,deviant
3934376,deviant
3934376,deviant
3934376,deviant
3934376,deviant
3934376,deviant
3934376,deviant
3934376,deviant
3934376,deviant
3934376,deviant
3934376,deviant
3934376,deviant
3499242,deviant
3499242,deviant
3888328,regular
3944991,regular
3745805,deviant
3905172,regular
3905172,regular
3905172,regular
3905172,regular
3905172,regular
3905172,regular
3905172,regular
3905172,regular
3905172,regular
3905172,regular
3905172,regular
3905172,regular
3905172,regular
3905172,regular
3905172,regular
3905172,regular
3905172,regular
3905172,regular
3905172,regular
3905172,regular
3905172,regular
3905172,regular
3905172,regular
3905172,regular
3905172,regular
3905172,regular
3905172,regular
3905172,regular
3745805,deviant
3745805,deviant
3745805,deviant
3745805,deviant
3745805,deviant
3745805,deviant
3745805,deviant
3745805,deviant
3745805,deviant
3745805,deviant
3745805,deviant
3745805,deviant
3745805,deviant
3745805,deviant
3745805,deviant
3745805,deviant
3745805,deviant
3745805,deviant
3745805,deviant
3745805,deviant
3745805,deviant
3745805,deviant
3745805,deviant
3745805,deviant
3745805,deviant
3745805,deviant
3745805,deviant
3745805,deviant
3905172,regular
3905172,regular
3961131,regular
3971688,regular
4000849,regular
3944991,regular
3944991,regular
3944991,regular
3944991,regular
3944991,regular
3944991,regular
3944991,regular
3944991,regular
3944991,regular
3944991,regular
3944991,regular
3886793,regular
3862810,deviant
3862810,deviant
3862810,deviant
3862810,deviant
3862810,deviant
3862810,deviant
3862810,deviant
3862810,deviant
3862810,deviant
3862810,deviant
3946917,regular
3946917,regular
3946917,regular
3946917,regular
3946917,regular
3946917,regular
3946917,regular
3946917,regular
3946917,regular
3946917,regular
3946917,regular
3200492,regular
3598533,deviant
3850331,regular
3851157,regular
3888328,regular
3888328,regular
3905172,regular
3906593,deviant
3912651,deviant
3930617,regular
3865040,regular
3865040,regular
3865040,regular
3865040,regular
3865040,regular
3865040,regular
3865040,regular
3865040,regular
3865040,regular
3865040,regular
3854674,deviant
3877877,deviant
3877877,deviant
3877877,deviant
3877877,deviant
3877877,deviant
3877877,deviant
3877877,deviant
3862810,deviant
3862810,deviant
3961131,regular
3961131,regular
3961131,regular
3961131,regular
3961131,regular
3961131,regular
3961131,regular
3912651,deviant
3934376,deviant
3961131,regular
3983056,regular
3499242,deviant
3499242,deviant
3499242,deviant
3499242,deviant
3499242,deviant
3499242,deviant
3499242,deviant
3499242,deviant
3499242,deviant
3327777,deviant
3745805,deviant
3768744,regular
3768744,regular
3905172,regular
3989495,regular
3912651,deviant
3912651,deviant
3912651,deviant
3912651,deviant
3888328,regular
3888328,regular
3888328,regular
3888328,regular
3888328,regular
3888328,regular
3888328,regular
3888328,regular
3888328,regular
3888328,regular
3888328,regular
3888328,regular
3888328,regular
3888328,regular
3888328,regular
3888328,regular
3888328,regular
3888328,regular
3888328,regular
3888328,regular
3888328,regular
3888328,regular
3888328,regular
3888328,regular
3888328,regular
3888328,regular
3888328,regular
3888328,regular
3888328,regular
3888328,regular
3888328,regular
3971688,regular
3971688,regular
3971688,regular
3971688,regular
3971688,regular
3971688,regular
3971688,regular
3971688,regular
3996339,regular
3854674,deviant
3768744,regular
3768744,regular
3768744,regular
3768744,regular
3768744,regular
3768744,regular
3768744,regular
3768744,regular
3768744,regular
3768744,regular
3768744,regular
3768744,regular
3768744,regular
3768744,regular
3768744,regular
3704488,regular
3704488,regular
3704488,regular
3704488,regular
3704488,regular
3704488,regular
3704488,regular
3704488,regular
3704488,regular
3704488,regular
3704488,regular
3704488,regular
3704488,regular
3704488,regular
3704488,regular
3704488,regular
3704488,regular
3704488,regular
3693886,regular
3693886,regular
3693886,regular
3693886,regular
3693886,regular
3684042,regular
3684042,regular
3685684,regular
3685684,regular
3745805,deviant
3753442,regular
3753442,regular
3754056,regular
3754056,regular
3754714,regular
3754714,regular
3755625,regular
3755625,regular
3905172,regular
3934376,deviant
3944991,regular
3693886,regular
3499242,deviant
3499242,deviant
3499242,deviant
3499242,deviant
3499242,deviant
3499242,deviant
3728500,regular
3728500,regular
3728500,regular
3728500,regular
3728500,regular
3728500,regular
3728500,regular
3728500,regular
3728500,regular
3728500,regular
3728500,regular
3728500,regular
3728500,regular
3704488,regular
3704488,regular
3990464,deviant
3983056,regular
3983056,regular
3983056,regular
3983056,regular
3983056,regular
3983056,regular
3983056,regular
3983056,regular
3985429,regular
3985429,regular
3985429,regular
3985429,regular
3985429,regular
3985429,regular
3985429,regular
3985429,regular
3985429,regular
3985429,regular
3985429,regular
3985429,regular
3985429,regular
3985429,regular
2887729,regular
3499242,deviant
3995764,regular
3998742,deviant
3989495,regular
3989495,regular
3989495,regular
3989495,regular
3989495,regular
3989495,regular
3989495,regular
3989495,regular
3989495,regular
3989495,regular
3989495,regular
3693886,regular
3693886,regular
3693886,regular
3693886,regular
3990464,deviant
3499242,deviant
3499242,deviant
3499242,deviant
3499242,deviant
3499242,deviant
3499242,deviant
3499242,deviant
3499242,deviant
3499242,deviant
3499242,deviant
3715655,regular
3715655,regular
4000849,regular
4018622,regular
4022302,regular
4023204,regular
4024862,regular
3851782,regular
3851782,regular
3851782,regular
3851782,regular
3851782,regular
3851782,regular
3851782,regular
3851782,regular
3851782,regular
3851782,regular
3851782,regular
3851782,regular
3851782,regular
3851782,regular
3851782,regular
3851782,regular
3851782,regular
3851782,regular
3995764,regular
3995764,regular
3995764,regular
3995764,regular
3995764,regular
3995764,regular
3995764,regular
3995764,regular
3995764,regular
3851782,regular
3851782,regular
3851782,regular
3851782,regular
3996339,regular
3996339,regular
3944991,regular
3944991,regular
3944991,regular
3944991,regular
3944991,regular
3944991,regular
3944991,regular
3944991,regular
3944991,regular
3944991,regular
3944991,regular
3944991,regular
3944991,regular
3944991,regular
3944991,regular
3944991,regular
3944991,regular
3944991,regular
3944991,regular
3944991,regular
3944991,regular
3715655,regular
3715655,regular
3715655,regular
3715655,regular
3715655,regular
3715655,regular
3715655,regular
3715655,regular
3715655,regular
3715655,regular
3715655,regular
3715655,regular
3715655,regular
3715655,regular
3715655,regular
3715655,regular
3715655,regular
3715655,regular
3715655,regular
3715655,regular
3715655,regular
3715655,regular
3715655,regular
3715655,regular
3715655,regular
3715655,regular
3715655,regular
3715655,regular
3715655,regular
3715655,regular
3715655,regular
3715655,regular
3715655,regular
3715655,regular
3995764,regular
3995764,regular
3995764,regular
3995764,regular
3995764,regular
3995764,regular
3995764,regular
3995764,regular
3995764,regular
3995764,regular
3995764,regular
3995764,regular
3995764,regular
3995764,regular
3995764,regular
3995764,regular
3995764,regular
3995764,regular
3995764,regular
3995764,regular
3995764,regular
3995764,regular
3995764,regular
3995764,regular
3998742,deviant
3998742,deviant
3998742,deviant
3998742,deviant
3998742,deviant
3998742,deviant
3998742,deviant
3998742,deviant
3998742,deviant
4000849,regular
4000849,regular
4000849,regular
4000849,regular
4000849,regular
4000849,regular
3930617,regular
3930617,regular
3930617,regular
3930617,regular
3930617,regular
3930617,regular
3930617,regular
3930617,regular
3930617,regular
3930617,regular
3930617,regular
3930617,regular
3930617,regular
3930617,regular
3930617,regular
3930617,regular
3930617,regular
3930617,regular
3930617,regular
3930617,regular
3930617,regular
3930617,regular
3930617,regular
4000849,regular
4000849,regular
4000849,regular
4000849,regular
4000849,regular
4000849,regular
4000849,regular
4000849,regular
4000849,regular
4000849,regular
4002474,regular
4002474,regular
4002474,regular
4002474,regular
4002474,regular
4002474,regular
4002474,regular
4002474,regular
3499242,deviant
3693886,regular
3693886,regular
3851782,regular
3851782,regular
4000849,regular
4000849,regular
4002474,regular
4002474,regular
4029139,regular
3704488,regular
3946917,regular
3961131,regular
3971688,regular
3728500,regular
3728500,regular
3728500,regular
3728500,regular
3728500,regular
3728500,regular
2887729,regular
3087612,deviant
3995764,regular
3995764,regular
3995764,regular
3995764,regular
3995764,regular
3995764,regular
4018622,regular
4018622,regular
4018622,regular
4018622,regular
4018622,regular
4018622,regular
4018622,regular
4018622,regular
4018622,regular
2887729,regular
2887729,regular
2887729,regular
2887729,regular
2887729,regular
2887729,regular
2887729,regular
2887729,regular
2887729,regular
2887729,regular
2887729,regular
2887729,regular
2887729,regular
2887729,regular
2887729,regular
2887729,regular
2887729,regular
2887729,regular
2887729,regular
2887729,regular
2887729,regular
2887729,regular
2887729,regular
2887729,regular
2887729,regular
2887729,regular
2887729,regular
2887729,regular
2887729,regular
2887729,regular
2887729,regular
2887729,regular
2887729,regular
2887729,regular
2887729,regular
2887729,regular
2887729,regular
3934376,deviant
3934376,deviant
3934376,deviant
3934376,deviant
3934376,deviant
3934376,deviant
3934376,deviant
3934376,deviant
3934376,deviant
3934376,deviant
3934376,deviant
3934376,deviant
3934376,deviant
3934376,deviant
3934376,deviant
3934376,deviant
3934376,deviant
3934376,deviant
3934376,deviant
3934376,deviant
3934376,deviant
3642802,deviant
3642802,deviant
3642802,deviant
3642802,deviant
3642802,deviant
3642802,deviant
3642802,deviant
3642802,deviant
3642802,deviant
3642802,deviant
3642802,deviant
3642802,deviant
3642802,deviant
3642802,deviant
3934376,deviant
3944991,regular
4049993,deviant
4022302,regular
4022302,regular
4022302,regular
4022302,regular
4022302,regular
4022302,regular
4022302,regular
4022302,regular
4022302,regular
3728500,regular
3728500,regular
4023204,regular
4023204,regular
4023204,regular
4023204,regular
4023204,regular
4023204,regular
4023204,regular
4023204,regular
4023204,regular
4023204,regular
4024862,regular
4024862,regular
4024862,regular
4024862,regular
4024862,regular
4024862,regular
4024862,regular
4024862,regular
4024862,regular
4024862,regular
3728500,regular
3728500,regular
3728500,regular
3944991,regular
3944991,regular
3944991,regular
4029139,regular
4029139,regular
4029139,regular
4029139,regular
4029139,regular
4029139,regular
4029139,regular
4029139,regular
4029139,regular
3768744,regular
3768744,regular
3768744,regular
3768744,regular
3768744,regular
3768744,regular
3768744,regular
3768744,regular
3768744,regular
3768744,regular
3768744,regular
3768744,regular
3768744,regular
3768744,regular
3768744,regular
3768744,regular
3768744,regular
3768744,regular
3768744,regular
3728500,regular
3944991,regular
4054927,regular
3499242,deviant
3693886,regular
3851782,regular
3983056,regular
3985429,regular
3989495,regular
3995764,regular
3998742,deviant
4002474,regular
4053702,regular
2887729,regular
3499242,deviant
3912651,deviant
4059516,regular
4062624,regular
4049993,deviant
4049993,deviant
4049993,deviant
4049993,deviant
4049993,deviant
4049993,deviant
4049993,deviant
4049993,deviant
4049993,deviant
4049993,deviant
4049993,deviant
4053702,regular
4053702,regular
4053702,regular
4053702,regular
4053702,regular
4053702,regular
4053702,regular
4053702,regular
4053702,regular
4054927,regular
4054927,regular
4054927,regular
4054927,regular
4054927,regular
4054927,regular
4054927,regular
3327777,deviant
3833827,deviant
3833827,deviant
3833827,deviant
3833827,deviant
3833827,deviant
3833827,deviant
3833827,deviant
3833827,deviant
3833827,deviant
3833827,deviant
3833827,deviant
3833827,deviant
3833827,deviant
3833827,deviant
3833827,deviant
3833827,deviant
3088519,deviant
3990464,deviant
4054927,regular
4054927,regular
4064822,regular
4074896,regular
4053702,regular
4053702,regular
4053702,regular
4053702,regular
4053702,regular
4053702,regular
4053702,regular
4053702,regular
4053702,regular
4053702,regular
4053702,regular
4053702,regular
4053702,regular
4053702,regular
4053702,regular
4053702,regular
4053702,regular
4053702,regular
4053702,regular
4053702,regular
4053702,regular
4053702,regular
4053702,regular
4053702,regular
3990464,deviant
4053702,regular
4053702,regular
4053702,regular
4053702,regular
3961131,regular
4059516,regular
4059516,regular
4059516,regular
4059516,regular
4059516,regular
4059516,regular
4059516,regular
4059516,regular
4059516,regular
4059516,regular
3990464,deviant
3990464,deviant
3990464,deviant
3990464,deviant
3990464,deviant
3990464,deviant
3990464,deviant
3990464,deviant
3990464,deviant
3990464,deviant
3990464,deviant
3990464,deviant
3990464,deviant
3990464,deviant
3990464,deviant
3990464,deviant
3990464,deviant
3990464,deviant
3990464,deviant
3990464,deviant
3990464,deviant
3990464,deviant
3990464,deviant
3990464,deviant
4062624,regular
4062624,regular
4062624,regular
4062624,regular
4062624,regular
4062624,regular
4062624,regular
4062624,regular
4062624,regular
3961131,regular
3961131,regular
3961131,regular
3961131,regular
3961131,regular
3833827,deviant
3833827,deviant
3833827,deviant
3833827,deviant
3833827,deviant
3833827,deviant
3833827,deviant
3833827,deviant
3833827,deviant
3833827,deviant
3833827,deviant
4064822,regular
4064822,regular
4064822,regular
4064822,regular
4064822,regular
4064822,regular
4064822,regular
3961131,regular
4064822,regular
4064822,regular
4088369,regular
4095381,regular
3606967,regular
3606967,regular
3606967,regular
3606967,regular
3606967,regular
3606967,regular
3606967,regular
3606967,regular
3606967,regular
3606967,regular
3606967,regular
3606967,regular
3606967,regular
3606967,regular
3606967,regular
3606967,regular
3606967,regular
3606967,regular
3606967,regular
3606967,regular
3686476,regular
3728500,regular
3944991,regular
3995764,regular
4018622,regular
4022302,regular
4023204,regular
4024862,regular
4029139,regular
4106740,regular
4108657,regular
4089231,regular
4074896,regular
4074896,regular
4074896,regular
4074896,regular
4074896,regular
4074896,regular
4074896,regular
4074896,regular
4074896,regular
4074896,regular
4074896,regular
3684042,regular
3684042,regular
3754056,regular
3754056,regular
3906593,deviant
3906593,deviant
3906593,deviant
3906593,deviant
3906593,deviant
3685684,regular
3685684,regular
3685684,regular
3685684,regular
3685684,regular
3685684,regular
3685684,regular
3685684,regular
3685684,regular
3685684,regular
3685684,regular
3685684,regular
3685684,regular
3685684,regular
3685684,regular
3685684,regular
3685684,regular
3685684,regular
3685684,regular
3685684,regular
3685684,regular
3685684,regular
3685684,regular
3685684,regular
3685684,regular
3685684,regular
3685684,regular
3685684,regular
3685684,regular
3685684,regular
3685684,regular
3685684,regular
3685684,regular
3685684,regular
3685684,regular
3685684,regular
3685684,regular
3755625,regular
3755625,regular
3753442,regular
3753442,regular
3754714,regular
3754714,regular
4059516,regular
4059516,regular
4059516,regular
4059516,regular
4059516,regular
4059516,regular
4059516,regular
4059516,regular
4059516,regular
4059516,regular
4059516,regular
4059516,regular
4059516,regular
4059516,regular
4059516,regular
4059516,regular
4059516,regular
4059516,regular
4059516,regular
4059516,regular
4059516,regular
4059516,regular
3996339,regular
3996339,regular
3996339,regular
3996339,regular
3996339,regular
3996339,regular
3996339,regular
3996339,regular
3996339,regular
3996339,regular
3996339,regular
3912651,deviant
3912651,deviant
3912651,deviant
3912651,deviant
3912651,deviant
3912651,deviant
3912651,deviant
3912651,deviant
3912651,deviant
3912651,deviant
3912651,deviant
3912651,deviant
3912651,deviant
3912651,deviant
3912651,deviant
3912651,deviant
3912651,deviant
3912651,deviant
3912651,deviant
3912651,deviant
3912651,deviant
3912651,deviant
3912651,deviant
3912651,deviant
3912651,deviant
3912651,deviant
3912651,deviant
3912651,deviant
3996339,regular
3996339,regular
3996339,regular
3996339,regular
3996339,regular
3996339,regular
3996339,regular
3996339,regular
3996339,regular
3862810,deviant
3906593,deviant
4088369,regular
4119215,regular
4049993,deviant
4049993,deviant
4049993,deviant
4049993,deviant
4049993,deviant
3906593,deviant
4088369,regular
4088369,regular
4088369,regular
4088369,regular
4088369,regular
4088369,regular
4088369,regular
4088369,regular
4089231,regular
4089231,regular
4089231,regular
4089231,regular
4089231,regular
4089231,regular
4064822,regular
4064822,regular
4064822,regular
4064822,regular
4064822,regular
4064822,regular
4064822,regular
4064822,regular
4064822,regular
4064822,regular
4064822,regular
4064822,regular
4064822,regular
4064822,regular
4064822,regular
4064822,regular
4064822,regular
4064822,regular
4064822,regular
4064822,regular
4064822,regular
4064822,regular
4064822,regular
4064822,regular
3606967,regular
4089231,regular
4089231,regular
4064822,regular
4064822,regular
4064822,regular
4064822,regular
4059516,regular
4059516,regular
4059516,regular
3930617,regular
3930617,regular
3930617,regular
3930617,regular
3930617,regular
3996339,regular
3996339,regular
3996339,regular
3996339,regular
3996339,regular
4095381,regular
4095381,regular
4095381,regular
4095381,regular
4095381,regular
4095381,regular
4095381,regular
4095381,regular
4095381,regular
4095381,regular
3996339,regular
3906593,deviant
3996339,regular
3996339,regular
3996339,regular
3996339,regular
4023204,regular
4023204,regular
4023204,regular
4023204,regular
4023204,regular
4023204,regular
4023204,regular
4023204,regular
4023204,regular
4023204,regular
4023204,regular
4023204,regular
4023204,regular
4023204,regular
4023204,regular
4023204,regular
4023204,regular
4023204,regular
4054927,regular
4054927,regular
4054927,regular
4049993,deviant
4053702,regular
4053702,regular
4054927,regular
4059516,regular
4062624,regular
4064822,regular
3912651,deviant
3912651,deviant
3912651,deviant
3912651,deviant
3912651,deviant
3912651,deviant
3912651,deviant
3912651,deviant
3912651,deviant
3912651,deviant
3912651,deviant
3790242,regular
3930617,regular
3930617,regular
3996339,regular
3996339,regular
4059516,regular
4059516,regular
4064822,regular
4064822,regular
4123895,regular
4106740,regular
4106740,regular
4106740,regular
4106740,regular
4106740,regular
4106740,regular
4106740,regular
4106740,regular
4106740,regular
4108657,regular
4108657,regular
4108657,regular
4074896,regular
4074896,regular
4074896,regular
4074896,regular
4074896,regular
4074896,regular
4074896,regular
4074896,regular
4074896,regular
4074896,regular
4074896,regular
4074896,regular
4074896,regular
4074896,regular
4074896,regular
4074896,regular
4074896,regular
4074896,regular
4074896,regular
4074896,regular
4108657,regular
4108657,regular
4108657,regular
4108657,regular
4108657,regular
4108657,regular
3912651,deviant
3912651,deviant
3912651,deviant
4049993,deviant
4049993,deviant
3862810,deviant
3862810,deviant
3862810,deviant
3862810,deviant
3862810,deviant
3862810,deviant
3862810,deviant
3862810,deviant
3862810,deviant
3862810,deviant
3862810,deviant
3862810,deviant
3862810,deviant
3862810,deviant
4023204,regular
4023204,regular
4023204,regular
4023204,regular
4119215,regular
4119215,regular
4119215,regular
4119215,regular
4119215,regular
4119215,regular
4119215,regular
4119215,regular
4119215,regular
4123895,regular
4123895,regular
4123895,regular
4123895,regular
4123895,regular
4123895,regular
4123895,regular
4123895,regular
4123895,regular
3998742,deviant
3998742,deviant
3998742,deviant
3998742,deviant
3998742,deviant
3998742,deviant
3998742,deviant
3930617,regular
3996339,regular
4059516,regular
4064822,regular
4074896,regular
4088369,regular
4089231,regular
4095381,regular
4023204,regular
4023204,regular
4136476,deviant
4018622,regular
4018622,regular
4018622,regular
4018622,regular
4018622,regular
4018622,regular
4018622,regular
4018622,regular
4018622,regular
4018622,regular
4018622,regular
4018622,regular
4018622,regular
4018622,regular
4018622,regular
4018622,regular
4018622,regular
4018622,regular
4018622,regular
4018622,regular
4018622,regular
4018622,regular
4018622,regular
4018622,regular
4018622,regular
4002474,regular
4002474,regular
4002474,regular
4002474,regular
4002474,regular
4002474,regular
4002474,regular
4002474,regular
4002474,regular
4002474,regular
4002474,regular
4002474,regular
4002474,regular
4002474,regular
4002474,regular
4002474,regular
4002474,regular
4002474,regular
4002474,regular
4002474,regular
4002474,regular
4002474,regular
4002474,regular
4002474,regular
4002474,regular
4136476,deviant
4136476,deviant
4136476,deviant
4136476,deviant
4136476,deviant
4136476,deviant
4136476,deviant
4136476,deviant
4136476,deviant
4136476,deviant
4136476,deviant
4136476,deviant
4136476,deviant
3686476,regular
3087612,deviant
3087612,deviant
3087612,deviant
4018622,regular
4018622,regular
4018622,regular
4002474,regular
4022302,regular
4022302,regular
4022302,regular
4022302,regular
4022302,regular
4022302,regular
4022302,regular
4022302,regular
4022302,regular
4022302,regular
4022302,regular
4022302,regular
4022302,regular
4022302,regular
4022302,regular
4022302,regular
4022302,regular
4022302,regular
4022302,regular
4022302,regular
4022302,regular
4022302,regular
4002474,regular
4002474,regular
4022302,regular
4108657,regular
4108657,regular
4108657,regular
4108657,regular
4108657,regular
4108657,regular
4108657,regular
4108657,regular
4108657,regular
4108657,regular
4108657,regular
4108657,regular
4108657,regular
4108657,regular
4108657,regular
4108657,regular
4108657,regular
4108657,regular
4108657,regular
4108657,regular
4108657,regular
4108657,regular
4108657,regular
3088519,deviant
3088519,deviant
3088519,deviant
4154353,regular
4154353,regular
4154353,regular
4154353,regular
4154353,regular
4154353,regular
4154353,regular
4154353,regular
4155126,regular
4155126,regular
4155126,regular
4155126,regular
4155126,regular
4155126,regular
4155126,regular
4155126,regular
3790242,regular
3790242,regular
4154353,regular
4154353,regular
4155126,regular
4155126,regular
4108657,regular
4108657,regular
4108657,regular
4108657,regular
4108657,regular
4074896,regular
4074896,regular
4074896,regular
4074896,regular
4074896,regular
4074896,regular
4022302,regular
4022302,regular
4022302,regular
3745805,deviant
3745805,deviant
3912651,deviant
4023204,regular
4106740,regular
4108657,regular
4119215,regular
4123895,regular
4179549,regular
4181492,deviant
4187307,regular
3905172,regular
4002474,regular
4002474,regular
4018622,regular
4018622,regular
4022302,regular
4022302,regular
4074896,regular
4108657,regular
4108657,regular
4184598,regular
4185583,regular
4192414,deviant
3888328,regular
3888328,regular
3888328,regular
3888328,regular
3888328,regular
3888328,regular
3888328,regular
3888328,regular
3983056,regular
3983056,regular
3983056,regular
3983056,regular
3983056,regular
3983056,regular
3983056,regular
3888328,regular
3888328,regular
3971688,regular
3971688,regular
4179549,regular
4179549,regular
4179549,regular
4179549,regular
4179549,regular
4179549,regular
4179549,regular
4179549,regular
4179549,regular
4181492,deviant
4181492,deviant
4181492,deviant
4181492,deviant
4181492,deviant
4181492,deviant
4181492,deviant
4181492,deviant
4181492,deviant
4184598,regular
4184598,regular
4184598,regular
4184598,regular
4184598,regular
4184598,regular
4184598,regular
4184598,regular
4184598,regular
4184598,regular
4184598,regular
4184598,regular
4184598,regular
4185583,regular
4185583,regular
4185583,regular
4185583,regular
4185583,regular
4185583,regular
4185583,regular
4185583,regular
4185583,regular
4187307,regular
4187307,regular
4187307,regular
4187307,regular
4187307,regular
4187307,regular
4187307,regular
4187307,regular
4187307,regular
4187307,regular
4187307,regular
3588647,deviant
4002474,regular
4018622,regular
4022302,regular
4074896,regular
4108657,regular
4136476,deviant
4154353,regular
4155126,regular
3837737,regular
3862810,deviant
3862810,deviant
3862810,deviant
3862810,deviant
3862810,deviant
3862810,deviant
3862810,deviant
4192414,deviant
4192414,deviant
4192414,deviant
4192414,deviant
4192414,deviant
4192414,deviant
4192414,deviant
4192414,deviant
4192414,deviant
4192414,deviant
4192414,deviant
4242727,regular
3989495,regular
3989495,regular
3989495,regular
3989495,regular
3989495,regular
3989495,regular
3989495,regular
3989495,regular
3989495,regular
3989495,regular
3989495,regular
3989495,regular
3989495,regular
3989495,regular
3989495,regular
3989495,regular
3989495,regular
3989495,regular
3989495,regular
3989495,regular
3989495,regular
3989495,regular
3989495,regular
3989495,regular
3989495,regular
3989495,regular
3989495,regular
4257337,regular
4290084,deviant
4292909,regular
3588647,deviant
3588647,deviant
3588647,deviant
3588647,deviant
3588647,deviant
3588647,deviant
3588647,deviant
3588647,deviant
3588647,deviant
3588647,deviant
3588647,deviant
4257337,regular
4257337,regular
4257337,regular
4257337,regular
4257337,regular
4257337,regular
4257337,regular
4257337,regular
4257337,regular
4257337,regular
4257337,regular
4257337,regular
4242727,regular
4242727,regular
4242727,regular
3998742,deviant
3998742,deviant
3998742,deviant
3998742,deviant
3998742,deviant
3998742,deviant
3998742,deviant
3998742,deviant
3998742,deviant
3998742,deviant
3998742,deviant
3998742,deviant
3998742,deviant
3998742,deviant
3998742,deviant
3998742,deviant
3998742,deviant
3998742,deviant
3998742,deviant
3998742,deviant
3998742,deviant
3998742,deviant
3998742,deviant
3998742,deviant
3998742,deviant
4242727,regular
4242727,regular
4242727,regular
4242727,regular
4242727,regular
4242727,regular
4242727,regular
4242727,regular
4242727,regular
4154353,regular
4154353,regular
4154353,regular
4154353,regular
4154353,regular
4154353,regular
4154353,regular
4154353,regular
4154353,regular
4154353,regular
4154353,regular
4154353,regular
4154353,regular
4154353,regular
4154353,regular
4154353,regular
4154353,regular
4154353,regular
4179549,regular
4181492,deviant
4184598,regular
4185583,regular
4187307,regular
4295300,regular
4029139,regular
4029139,regular
4029139,regular
4029139,regular
4029139,regular
4029139,regular
4029139,regular
4029139,regular
4029139,regular
4029139,regular
4029139,regular
4029139,regular
3888328,regular
4095381,regular
4095381,regular
4095381,regular
4095381,regular
4095381,regular
4095381,regular
4095381,regular
4095381,regular
4095381,regular
4095381,regular
4095381,regular
4095381,regular
4095381,regular
4095381,regular
4095381,regular
4095381,regular
4095381,regular
4095381,regular
4095381,regular
4095381,regular
4095381,regular
4095381,regular
4095381,regular
3998742,deviant
3998742,deviant
4095381,regular
4095381,regular
4095381,regular
4095381,regular
3990464,deviant
3990464,deviant
3990464,deviant
3990464,deviant
3990464,deviant
3990464,deviant
3990464,deviant
3990464,deviant
3990464,deviant
3998742,deviant
3998742,deviant
3998742,deviant
3998742,deviant
3971688,regular
3971688,regular
3971688,regular
3971688,regular
3971688,regular
3971688,regular
3971688,regular
3971688,regular
3971688,regular
3971688,regular
3971688,regular
3971688,regular
3971688,regular
3971688,regular
3971688,regular
3971688,regular
3971688,regular
3971688,regular
3971688,regular
3971688,regular
3971688,regular
3971688,regular
3971688,regular
3971688,regular
3971688,regular
3971688,regular
3971688,regular
3971688,regular
3971688,regular
4088369,regular
4088369,regular
4088369,regular
4088369,regular
4088369,regular
4088369,regular
4088369,regular
4088369,regular
4088369,regular
4088369,regular
4088369,regular
4088369,regular
4088369,regular
4088369,regular
4088369,regular
4088369,regular
4088369,regular
4088369,regular
4305354,deviant
4312693,regular
4314099,regular
4321601,regular
4290084,deviant
4290084,deviant
4290084,deviant
4290084,deviant
4290084,deviant
4290084,deviant
4290084,deviant
4290084,deviant
4290084,deviant
4290084,deviant
4029139,regular
4029139,regular
4029139,regular
4029139,regular
4029139,regular
4292909,regular
4292909,regular
4292909,regular
4029139,regular
4029139,regular
4029139,regular
4029139,regular
4029139,regular
4029139,regular
3971688,regular
3971688,regular
3971688,regular
3971688,regular
4292909,regular
4292909,regular
4292909,regular
4292909,regular
4292909,regular
4292909,regular
4292909,regular
4292909,regular
4292909,regular
4088369,regular
4088369,regular
4088369,regular
4295300,regular
4295300,regular
4295300,regular
4295300,regular
4295300,regular
4295300,regular
4295300,regular
4295300,regular
4295300,regular
4295300,regular
2887729,regular
2887729,regular
2887729,regular
2887729,regular
2887729,regular
2887729,regular
2887729,regular
2887729,regular
4054927,regular
4054927,regular
4054927,regular
4054927,regular
4054927,regular
4054927,regular
4054927,regular
4054927,regular
4054927,regular
4054927,regular
4054927,regular
4054927,regular
4054927,regular
4054927,regular
4054927,regular
4054927,regular
4054927,regular
4054927,regular
4054927,regular
4320126,regular
4300694,regular
4300694,regular
4300694,regular
4300694,regular
4300694,regular
4300694,regular
4300694,regular
4300694,regular
4300694,regular
4300694,regular
4300694,regular
4300694,regular
4192414,deviant
4315761,regular
4317392,regular
4322716,regular
4305354,deviant
4305354,deviant
4305354,deviant
4305354,deviant
4305354,deviant
4305354,deviant
4305354,deviant
4305354,deviant
4305354,deviant
4305354,deviant
4305354,deviant
4305354,deviant
4154353,regular
4054927,regular
4257337,regular
4257337,regular
4257337,regular
4257337,regular
4257337,regular
4257337,regular
4257337,regular
4257337,regular
4257337,regular
4257337,regular
4257337,regular
4257337,regular
4257337,regular
4257337,regular
4257337,regular
4257337,regular
4257337,regular
2887729,regular
3971688,regular
3998742,deviant
3998742,deviant
4054927,regular
4088369,regular
4095381,regular
4095381,regular
4154353,regular
4154353,regular
4312693,regular
4312693,regular
4312693,regular
4312693,regular
4312693,regular
4312693,regular
4312693,regular
4312693,regular
4312693,regular
4312693,regular
4314099,regular
4314099,regular
4314099,regular
4314099,regular
4314099,regular
4314099,regular
4314099,regular
4314099,regular
4314099,regular
4314099,regular
4315761,regular
4315761,regular
4315761,regular
4315761,regular
4315761,regular
4315761,regular
4315761,regular
4315761,regular
4315761,regular
4315761,regular
4062624,regular
4062624,regular
4062624,regular
4062624,regular
4062624,regular
4062624,regular
4062624,regular
4062624,regular
4062624,regular
4062624,regular
4062624,regular
4062624,regular
4062624,regular
4062624,regular
4317392,regular
4317392,regular
4317392,regular
4317392,regular
4317392,regular
4317392,regular
4317392,regular
4317392,regular
2887729,regular
3971688,regular
4088369,regular
4315761,regular
4315761,regular
4317392,regular
4317392,regular
4336128,regular
4336913,regular
4320126,regular
4320126,regular
4320126,regular
4320126,regular
4320126,regular
4320126,regular
4320126,regular
4320126,regular
4320126,regular
4320126,regular
4321601,regular
4321601,regular
4321601,regular
4321601,regular
4321601,regular
4321601,regular
4321601,regular
4321601,regular
4321601,regular
4321601,regular
4322716,regular
4322716,regular
4322716,regular
4322716,regular
4322716,regular
4322716,regular
4322716,regular
4322716,regular
4322716,regular
4322716,regular
4154353,regular
4154353,regular
4154353,regular
4321601,regular
4321601,regular
4321601,regular
4321601,regular
4321601,regular
4321601,regular
4321601,regular
4321601,regular
4321601,regular
4321601,regular
4321601,regular
4321601,regular
4321601,regular
4321601,regular
4321601,regular
4321601,regular
4321601,regular
4321601,regular
4321601,regular
4321601,regular
4321601,regular
4054927,regular
4054927,regular
4054927,regular
4054927,regular
4321601,regular
4321601,regular
4321601,regular
4321601,regular
4321601,regular
4181492,deviant
4181492,deviant
4181492,deviant
4181492,deviant
4181492,deviant
4181492,deviant
4181492,deviant
4123895,regular
4123895,regular
4123895,regular
4123895,regular
4123895,regular
4123895,regular
4123895,regular
4123895,regular
4123895,regular
4123895,regular
4123895,regular
4123895,regular
4123895,regular
4123895,regular
4123895,regular
4123895,regular
4123895,regular
4123895,regular
4123895,regular
4123895,regular
4123895,regular
4123895,regular
4062624,regular
4062624,regular
4062624,regular
4062624,regular
4062624,regular
4062624,regular
4062624,regular
2887729,regular
3998742,deviant
4029139,regular
4088369,regular
4095381,regular
4185583,regular
4185583,regular
4185583,regular
4185583,regular
4185583,regular
4185583,regular
4185583,regular
4185583,regular
4185583,regular
4185583,regular
4185583,regular
4185583,regular
4185583,regular
4185583,regular
4185583,regular
4185583,regular
4185583,regular
4185583,regular
4185583,regular
4185583,regular
4185583,regular
4062624,regular
4062624,regular
4062624,regular
4062624,regular
4062624,regular
4062624,regular
4062624,regular
4062624,regular
4062624,regular
4062624,regular
4062624,regular
4062624,regular
4062624,regular
4062624,regular
4192414,deviant
4192414,deviant
4192414,deviant
4192414,deviant
4192414,deviant
4372428,regular
4375473,regular
4192414,deviant
4192414,deviant
4337049,deviant
4343199,regular
4336128,regular
4336128,regular
4336128,regular
4336128,regular
4336128,regular
4336128,regular
4336128,regular
4336128,regular
4336128,regular
4336128,regular
4187307,regular
4187307,regular
4187307,regular
4187307,regular
4187307,regular
4187307,regular
4187307,regular
4187307,regular
4187307,regular
4187307,regular
4187307,regular
4187307,regular
4187307,regular
4187307,regular
4187307,regular
4187307,regular
4187307,regular
4187307,regular
4187307,regular
4187307,regular
4337049,deviant
4337049,deviant
4337049,deviant
4337049,deviant
4337049,deviant
4337049,deviant
4337049,deviant
4337049,deviant
4337049,deviant
4337049,deviant
4337049,deviant
4337049,deviant
4337049,deviant
4337049,deviant
4336913,regular
4336913,regular
4336913,regular
4336913,regular
4336913,regular
4336913,regular
4336913,regular
4336913,regular
4336913,regular
4336913,regular
4336913,regular
4336913,regular
4340127,regular
4340127,regular
4340127,regular
4340127,regular
4340127,regular
4340127,regular
4340127,regular
4340127,regular
4340127,regular
4340127,regular
4340127,regular
4340127,regular
4376052,regular
4393000,regular
4343199,regular
4343199,regular
4343199,regular
4343199,regular
4343199,regular
4343199,regular
4343199,regular
4343199,regular
4343199,regular
4343199,regular
4343199,regular
4343199,regular
4054927,regular
4154353,regular
4321601,regular
4397208,regular
4457188,regular
4295300,regular
4295300,regular
4295300,regular
4295300,regular
4295300,regular
4295300,regular
4295300,regular
4295300,regular
4295300,regular
4295300,regular
4295300,regular
4295300,regular
4295300,regular
4295300,regular
4295300,regular
4295300,regular
4295300,regular
4295300,regular
4295300,regular
4295300,regular
4295300,regular
4295300,regular
4372428,regular
4372428,regular
4372428,regular
4372428,regular
4372428,regular
4372428,regular
4372428,regular
4372428,regular
4372428,regular
4372428,regular
4375473,regular
4375473,regular
4375473,regular
4375473,regular
4375473,regular
4375473,regular
4375473,regular
4375473,regular
4375473,regular
4375473,regular
4376052,regular
4376052,regular
4376052,regular
4376052,regular
4376052,regular
4376052,regular
4376052,regular
4376052,regular
4376052,regular
4376052,regular
4179549,regular
4179549,regular
4179549,regular
4179549,regular
4179549,regular
4179549,regular
4179549,regular
4179549,regular
4179549,regular
4179549,regular
4179549,regular
4179549,regular
4179549,regular
4179549,regular
4179549,regular
4179549,regular
4179549,regular
4179549,regular
4179549,regular
4179549,regular
4179549,regular
4179549,regular
3906593,deviant
3906593,deviant
3906593,deviant
3906593,deviant
3906593,deviant
3906593,deviant
3906593,deviant
3906593,deviant
3906593,deviant
3906593,deviant
3906593,deviant
3906593,deviant
3906593,deviant
3906593,deviant
3906593,deviant
3906593,deviant
3906593,deviant
3906593,deviant
3906593,deviant
3906593,deviant
3906593,deviant
3906593,deviant
3906593,deviant
3588647,deviant
3588647,deviant
3588647,deviant
3588647,deviant
3588647,deviant
3906593,deviant
3588647,deviant
3588647,deviant
3906593,deviant
4393000,regular
4393000,regular
4393000,regular
4393000,regular
4393000,regular
4393000,regular
4393000,regular
4393000,regular
4393000,regular
4393000,regular
4295300,regular
4295300,regular
4295300,regular
4185583,regular
3906593,deviant
4123895,regular
4123895,regular
4123895,regular
4123895,regular
4123895,regular
4123895,regular
4123895,regular
4376052,regular
4376052,regular
4376052,regular
4376052,regular
4376052,regular
4376052,regular
4376052,regular
4376052,regular
4376052,regular
4376052,regular
4376052,regular
4376052,regular
4376052,regular
4376052,regular
4376052,regular
4376052,regular
4376052,regular
4376052,regular
4376052,regular
4376052,regular
4397208,regular
4397208,regular
4397208,regular
4397208,regular
4397208,regular
4185583,regular
4295300,regular
4376052,regular
4397208,regular
4472713,regular
4185583,regular
4185583,regular
4185583,regular
4185583,regular
4376052,regular
4376052,regular
4376052,regular
4376052,regular
4376052,regular
3499242,deviant
3499242,deviant
3499242,deviant
3499242,deviant
3499242,deviant
3499242,deviant
3499242,deviant
3499242,deviant
4292909,regular
4292909,regular
4292909,regular
4292909,regular
4292909,regular
4292909,regular
4292909,regular
4292909,regular
4292909,regular
4292909,regular
4292909,regular
4292909,regular
4292909,regular
4292909,regular
4292909,regular
4292909,regular
4292909,regular
3906593,deviant
3499242,deviant
3499242,deviant
4397208,regular
4457188,regular
4457188,regular
4457188,regular
4457188,regular
4457188,regular
4457188,regular
4457188,regular
4457188,regular
4457188,regular
4457188,regular
4290084,deviant
4290084,deviant
4290084,deviant
4290084,deviant
4290084,deviant
4290084,deviant
4290084,deviant
4290084,deviant
4482675,regular
4485682,regular
4320126,regular
4320126,regular
4320126,regular
4320126,regular
4320126,regular
4320126,regular
4320126,regular
4320126,regular
4320126,regular
4320126,regular
4320126,regular
4320126,regular
4320126,regular
4320126,regular
4320126,regular
4320126,regular
4320126,regular
4320126,regular
4320126,regular
4472713,regular
4472713,regular
4472713,regular
4472713,regular
4472713,regular
4472713,regular
4472713,regular
4472713,regular
4472713,regular
4300694,regular
4300694,regular
4300694,regular
4300694,regular
4300694,regular
4300694,regular
4300694,regular
4300694,regular
4300694,regular
4300694,regular
4300694,regular
4300694,regular
4300694,regular
4300694,regular
4300694,regular
4300694,regular
4300694,regular
4300694,regular
4300694,regular
4300694,regular
4300694,regular
4317392,regular
4317392,regular
4317392,regular
4317392,regular
4317392,regular
4317392,regular
4317392,regular
4317392,regular
4317392,regular
4317392,regular
4317392,regular
4317392,regular
4317392,regular
4317392,regular
4317392,regular
4317392,regular
4317392,regular
4317392,regular
4317392,regular
4049993,deviant
4049993,deviant
4049993,deviant
4300694,regular
4257337,regular
4257337,regular
4257337,regular
4257337,regular
4257337,regular
4257337,regular
4257337,regular
3983056,regular
3983056,regular
3983056,regular
3983056,regular
3983056,regular
3983056,regular
3983056,regular
3983056,regular
3983056,regular
3983056,regular
3983056,regular
3983056,regular
3983056,regular
3983056,regular
3983056,regular
3983056,regular
3983056,regular
4482675,regular
4482675,regular
4482675,regular
4482675,regular
4482675,regular
4482675,regular
4482675,regular
4482675,regular
4482675,regular
4482675,regular
4482675,regular
4482675,regular
3499242,deviant
4185583,regular
4295300,regular
4376052,regular
4493747,regular
4485682,regular
4485682,regular
4485682,regular
4485682,regular
4485682,regular
4485682,regular
4485682,regular
4485682,regular
4485682,regular
4485682,regular
4485682,regular
4181492,deviant
4181492,deviant
4499247,regular
4049993,deviant
4049993,deviant
4049993,deviant
4049993,deviant
4049993,deviant
4049993,deviant
4049993,deviant
4049993,deviant
3862810,deviant
3862810,deviant
3862810,deviant
3862810,deviant
3862810,deviant
4493747,regular
4493747,regular
4493747,regular
4493747,regular
4493747,regular
4493747,regular
4493747,regular
4493747,regular
4493747,regular
4493747,regular
3862810,deviant
4123895,regular
4317392,regular
3862810,deviant
3912651,deviant
3983056,regular
4187307,regular
4517870,deviant
4499247,regular
4499247,regular
4499247,regular
4499247,regular
4499247,regular
4499247,regular
4499247,regular
4499247,regular
4499247,regular
4499247,regular
3862810,deviant
3862810,deviant
3862810,deviant
3862810,deviant
3862810,deviant
4457188,regular
4457188,regular
4457188,regular
4457188,regular
4457188,regular
4457188,regular
4457188,regular
4457188,regular
4457188,regular
4457188,regular
4457188,regular
4457188,regular
4457188,regular
4457188,regular
4457188,regular
4457188,regular
4457188,regular
4123895,regular
4123895,regular
4123895,regular
4123895,regular
4317392,regular
4317392,regular
4317392,regular
4317392,regular
4457188,regular
4457188,regular
4457188,regular
4457188,regular
3905172,regular
3905172,regular
4136476,deviant
4136476,deviant
3745805,deviant
3745805,deviant
4136476,deviant
4136476,deviant
4136476,deviant
4136476,deviant
4136476,deviant
4136476,deviant
4372428,regular
4372428,regular
4372428,regular
4372428,regular
4372428,regular
4372428,regular
4372428,regular
4372428,regular
4372428,regular
4372428,regular
4372428,regular
4372428,regular
4372428,regular
4372428,regular
4372428,regular
4372428,regular
4372428,regular
4372428,regular
4372428,regular
4372428,regular
4300694,regular
4518489,regular
3912651,deviant
3912651,deviant
3912651,deviant
3912651,deviant
3912651,deviant
3912651,deviant
3912651,deviant
3912651,deviant
3912651,deviant
4187307,regular
4187307,regular
4187307,regular
4187307,regular
4187307,regular
4187307,regular
4192414,deviant
4192414,deviant
4292909,regular
4292909,regular
4292909,regular
4292909,regular
4292909,regular
4292909,regular
4372428,regular
4372428,regular
4372428,regular
4372428,regular
3983056,regular
3983056,regular
3983056,regular
3983056,regular
3983056,regular
3983056,regular
4181492,deviant
4181492,deviant
4181492,deviant
4181492,deviant
4181492,deviant
4181492,deviant
4181492,deviant
4457188,regular
4533551,regular
4546478,regular
4305354,deviant
4305354,deviant
4305354,deviant
4305354,deviant
4305354,deviant
4305354,deviant
4305354,deviant
4518489,regular
4518489,regular
4518489,regular
4518489,regular
4518489,regular
4518489,regular
4518489,regular
4518489,regular
4518489,regular
4518489,regular
4518489,regular
4517870,deviant
4517870,deviant
4517870,deviant
4517870,deviant
4517870,deviant
4517870,deviant
4517870,deviant
4517870,deviant
4517870,deviant
4517870,deviant
4517870,deviant
4517870,deviant
4179549,regular
4179549,regular
4179549,regular
4179549,regular
4179549,regular
4179549,regular
4179549,regular
4192414,deviant
4192414,deviant
4192414,deviant
4192414,deviant
4192414,deviant
4192414,deviant
4192414,deviant
4343199,regular
4343199,regular
4343199,regular
4343199,regular
4343199,regular
4343199,regular
4343199,regular
4343199,regular
4343199,regular
4343199,regular
4343199,regular
4343199,regular
4343199,regular
4343199,regular
4343199,regular
4343199,regular
4343199,regular
4343199,regular
4343199,regular
4343199,regular
4290084,deviant
4290084,deviant
4290084,deviant
4290084,deviant
4290084,deviant
4312693,regular
4312693,regular
4312693,regular
4312693,regular
4312693,regular
4312693,regular
4312693,regular
4312693,regular
4312693,regular
4312693,regular
4312693,regular
4312693,regular
4312693,regular
4312693,regular
4312693,regular
4312693,regular
4312693,regular
4257337,regular
4300694,regular
4535320,regular
4544653,regular
3113605,deviant
3113605,deviant
3113605,deviant
4123895,regular
4123895,regular
4292909,regular
4317392,regular
4317392,regular
4372428,regular
4372428,regular
4533551,regular
4119215,regular
4119215,regular
4119215,regular
4119215,regular
4119215,regular
4119215,regular
4119215,regular
4119215,regular
4119215,regular
4119215,regular
4119215,regular
4119215,regular
4119215,regular
4119215,regular
4119215,regular
4119215,regular
4119215,regular
4119215,regular
4119215,regular
4119215,regular
4119215,regular
4337049,deviant
4337049,deviant
4337049,deviant
4337049,deviant
4337049,deviant
4337049,deviant
4337049,deviant
4119215,regular
4533551,regular
4533551,regular
4533551,regular
4533551,regular
4533551,regular
4533551,regular
4320126,regular
4535320,regular
4535320,regular
4535320,regular
4535320,regular
4290084,deviant
4290084,deviant
4290084,deviant
4290084,deviant
4290084,deviant
4290084,deviant
4290084,deviant
4290084,deviant
4290084,deviant
4290084,deviant
4290084,deviant
4290084,deviant
4290084,deviant
4290084,deviant
4375473,regular
4375473,regular
4375473,regular
4375473,regular
4566243,regular
4375473,regular
4375473,regular
4375473,regular
4375473,regular
4375473,regular
4375473,regular
4375473,regular
4375473,regular
4375473,regular
4375473,regular
4375473,regular
4375473,regular
4375473,regular
4375473,regular
4375473,regular
4397208,regular
4397208,regular
4397208,regular
4397208,regular
4397208,regular
4397208,regular
4397208,regular
4397208,regular
4397208,regular
4397208,regular
4397208,regular
4397208,regular
4397208,regular
4397208,regular
4397208,regular
4397208,regular
4397208,regular
4397208,regular
4397208,regular
4397208,regular
4397208,regular
4397208,regular
4337049,deviant
4457188,regular
4375473,regular
4375473,regular
4375473,regular
4320126,regular
4320126,regular
4320126,regular
4320126,regular
4544653,regular
4544653,regular
4544653,regular
4544653,regular
4544653,regular
4544653,regular
4544653,regular
4544653,regular
4544653,regular
4544653,regular
4546478,regular
4546478,regular
4546478,regular
4546478,regular
4546478,regular
4546478,regular
4546478,regular
4546478,regular
4546478,regular
4546478,regular
4546478,regular
4546478,regular
4546478,regular
4546478,regular
4546478,regular
4546478,regular
4343199,regular
4343199,regular
4343199,regular
4343199,regular
4560903,deviant
4567702,regular
4567840,deviant
4242727,regular
4242727,regular
4242727,regular
4242727,regular
4242727,regular
4242727,regular
4242727,regular
4242727,regular
4242727,regular
4242727,regular
4242727,regular
4242727,regular
4242727,regular
4242727,regular
4242727,regular
4242727,regular
4242727,regular
4242727,regular
4557153,regular
4557918,deviant
4499247,regular
4499247,regular
4499247,regular
4499247,regular
4499247,regular
4499247,regular
4499247,regular
4499247,regular
4499247,regular
4499247,regular
4499247,regular
4499247,regular
4499247,regular
4499247,regular
4499247,regular
4499247,regular
4499247,regular
4499247,regular
4499247,regular
3862810,deviant
3912651,deviant
4123895,regular
4187307,regular
4242727,regular
4292909,regular
4317392,regular
4372428,regular
4457188,regular
4569458,regular
4573766,regular
4583906,regular
4589612,regular
3877877,deviant
3877877,deviant
4320126,regular
4320126,regular
4343199,regular
4343199,regular
4375473,regular
4375473,regular
4600203,regular
4566243,regular
4566243,regular
4566243,regular
4566243,regular
4566243,regular
4566243,regular
4566243,regular
4566243,regular
4566243,regular
4566243,regular
4567840,deviant
4567840,deviant
4567840,deviant
4567840,deviant
4567840,deviant
4567840,deviant
4567840,deviant
4567840,deviant
4567840,deviant
4567840,deviant
4567840,deviant
4567840,deviant
4567840,deviant
4567840,deviant
4567702,regular
4567702,regular
4567702,regular
4567702,regular
4567702,regular
4567702,regular
4567702,regular
4567702,regular
4567702,regular
4567702,regular
4567702,regular
3854674,deviant
3854674,deviant
3854674,deviant
3854674,deviant
3854674,deviant
3854674,deviant
3854674,deviant
3854674,deviant
3854674,deviant
3854674,deviant
3854674,deviant
3854674,deviant
3854674,deviant
3854674,deviant
3854674,deviant
3854674,deviant
3854674,deviant
3854674,deviant
3854674,deviant
3854674,deviant
3854674,deviant
4569458,regular
4569458,regular
4569458,regular
4192414,deviant
4499247,regular
4581387,regular
4601407,deviant
4290084,deviant
4290084,deviant
4603631,regular
4560903,deviant
4560903,deviant
4604206,regular
4290084,deviant
4290084,deviant
4290084,deviant
4290084,deviant
4499247,regular
4499247,regular
4499247,regular
4499247,regular
4312693,regular
4569458,regular
4569458,regular
4569458,regular
4569458,regular
4569458,regular
4569458,regular
4569458,regular
4482675,regular
4482675,regular
4482675,regular
4482675,regular
4482675,regular
4482675,regular
4482675,regular
4482675,regular
4482675,regular
4482675,regular
4482675,regular
4482675,regular
4482675,regular
4482675,regular
4482675,regular
4482675,regular
4482675,regular
4557153,regular
4557153,regular
4557153,regular
4557153,regular
4557153,regular
4557153,regular
4557153,regular
4557153,regular
4557153,regular
4557153,regular
4557153,regular
4557153,regular
4581387,regular
4581387,regular
4581387,regular
4581387,regular
4581387,regular
4581387,regular
4581387,regular
4581387,regular
4581387,regular
4518489,regular
4518489,regular
4518489,regular
4518489,regular
4518489,regular
4518489,regular
4518489,regular
4518489,regular
4518489,regular
4518489,regular
4518489,regular
4518489,regular
4518489,regular
4518489,regular
4518489,regular
4518489,regular
4518489,regular
4544653,regular
4544653,regular
4544653,regular
4544653,regular
4544653,regular
4544653,regular
4544653,regular
4544653,regular
4544653,regular
4544653,regular
4544653,regular
4544653,regular
4544653,regular
4544653,regular
4544653,regular
4544653,regular
4544653,regular
4544653,regular
4581387,regular
4581387,regular
4606518,regular
4606722,regular
4612442,regular
4544653,regular
4544653,regular
4544653,regular
4544653,regular
4518489,regular
4482675,regular
4482675,regular
4482675,regular
4482675,regular
4482675,regular
4583906,regular
4583906,regular
4583906,regular
4583906,regular
4583906,regular
4583906,regular
4583906,regular
4583906,regular
4583906,regular
4312693,regular
4312693,regular
4312693,regular
4518489,regular
4518489,regular
4518489,regular
4557918,deviant
4557918,deviant
4557918,deviant
4557918,deviant
4557918,deviant
4557918,deviant
4557918,deviant
4557918,deviant
4557918,deviant
4557918,deviant
4557918,deviant
4589612,regular
4589612,regular
4589612,regular
4589612,regular
4589612,regular
4589612,regular
4589612,regular
4589612,regular
4589612,regular
4589612,regular
4589612,regular
4589612,regular
4320126,regular
4343199,regular
4375473,regular
4607510,deviant
4608716,regular
4314099,regular
4314099,regular
4314099,regular
4314099,regular
4314099,regular
4314099,regular
4314099,regular
4314099,regular
4312693,regular
4312693,regular
4482675,regular
4482675,regular
4518489,regular
4518489,regular
4544653,regular
4544653,regular
4619896,regular
4583906,regular
4600203,regular
4600203,regular
4600203,regular
4600203,regular
4600203,regular
4600203,regular
4600203,regular
4600203,regular
4600203,regular
4600203,regular
4336128,regular
4336128,regular
4336128,regular
4336128,regular
4336128,regular
4336128,regular
4336128,regular
4336128,regular
4336128,regular
4336128,regular
4336128,regular
4336128,regular
4336128,regular
4336128,regular
4336128,regular
4336128,regular
4336128,regular
4336128,regular
4336128,regular
4601407,deviant
4601407,deviant
4601407,deviant
4601407,deviant
4601407,deviant
4601407,deviant
4601407,deviant
4601407,deviant
4601407,deviant
4601407,deviant
4603631,regular
4603631,regular
4603631,regular
4603631,regular
4603631,regular
4603631,regular
4603631,regular
4603631,regular
4604206,regular
4604206,regular
4604206,regular
4604206,regular
4604206,regular
4604206,regular
4604206,regular
4604206,regular
4603631,regular
4603631,regular
4604206,regular
4604206,regular
4393000,regular
4393000,regular
4393000,regular
4393000,regular
4393000,regular
4393000,regular
4393000,regular
4393000,regular
4393000,regular
4393000,regular
4393000,regular
4393000,regular
4393000,regular
4393000,regular
4393000,regular
4393000,regular
4393000,regular
4393000,regular
4393000,regular
4393000,regular
4606518,regular
4606518,regular
4606518,regular
4606518,regular
4606518,regular
4606518,regular
4606518,regular
4606518,regular
4606518,regular
4606518,regular
4606722,regular
4606722,regular
4606722,regular
4606722,regular
4606722,regular
4606722,regular
4606722,regular
4606722,regular
4606722,regular
4606722,regular
4606722,regular
4608716,regular
4608716,regular
4608716,regular
4608716,regular
4608716,regular
4608716,regular
4608716,regular
4608716,regular
4608716,regular
4608716,regular
4607510,deviant
4607510,deviant
4607510,deviant
4607510,deviant
4607510,deviant
4607510,deviant
4607510,deviant
4607510,deviant
4607510,deviant
4607510,deviant
4607510,deviant
4607510,deviant
4607510,deviant
4607510,deviant
4322716,regular
4322716,regular
4322716,regular
4322716,regular
4322716,regular
4322716,regular
4322716,regular
4322716,regular
4322716,regular
4322716,regular
4322716,regular
4322716,regular
4322716,regular
4322716,regular
4322716,regular
4322716,regular
4322716,regular
4322716,regular
4322716,regular
4322716,regular
3741124,deviant
3741124,deviant
3741124,deviant
3741124,deviant
3741124,deviant
4612442,regular
4612442,regular
4612442,regular
4612442,regular
4612442,regular
4612442,regular
4612442,regular
4612442,regular
3597184,regular
3597184,regular
3597184,regular
3597184,regular
3597184,regular
3597184,regular
3597184,regular
3741124,deviant
4322716,regular
4612442,regular
4612442,regular
4641166,regular
4322716,regular
4322716,regular
4322716,regular
4322716,regular
4322716,regular
4393000,regular
4393000,regular
4393000,regular
4393000,regular
4583906,regular
4583906,regular
4583906,regular
4583906,regular
4583906,regular
4583906,regular
4583906,regular
4583906,regular
4583906,regular
4583906,regular
4583906,regular
4583906,regular
4583906,regular
4583906,regular
4583906,regular
4583906,regular
4583906,regular
4583906,regular
4619896,regular
4619896,regular
4619896,regular
4619896,regular
4619896,regular
4619896,regular
4619896,regular
4619896,regular
4619896,regular
4619896,regular
4619896,regular
4336128,regular
4336128,regular
4336128,regular
4336128,regular
4336128,regular
4336128,regular
4336128,regular
3865040,regular
3865040,regular
3865040,regular
3865040,regular
3865040,regular
3538577,regular
3538577,regular
3597184,regular
3865040,regular
3865040,regular
4397208,regular
4573766,regular
4573766,regular
4573766,regular
4119215,regular
4119215,regular
4119215,regular
4119215,regular
4184598,regular
4184598,regular
4569458,regular
4569458,regular
4569458,regular
4569458,regular
4569458,regular
4569458,regular
4569458,regular
4569458,regular
4569458,regular
4569458,regular
4569458,regular
4569458,regular
4569458,regular
4569458,regular
4569458,regular
4569458,regular
4569458,regular
4569458,regular
4569458,regular
4569458,regular
4569458,regular
3588647,deviant
3588647,deviant
3588647,deviant
3588647,deviant
3588647,deviant
3588647,deviant
3588647,deviant
3588647,deviant
3588647,deviant
3588647,deviant
3588647,deviant
3588647,deviant
3588647,deviant
3588647,deviant
3588647,deviant
3588647,deviant
3588647,deviant
3588647,deviant
3588647,deviant
3588647,deviant
4517870,deviant
4517870,deviant
4517870,deviant
4517870,deviant
4517870,deviant
4517870,deviant
4517870,deviant
4569458,regular
4569458,regular
4569458,regular
4569458,regular
3588647,deviant
3538577,regular
3538577,regular
3538577,regular
3538577,regular
3538577,regular
3538577,regular
3538577,regular
3588647,deviant
3588647,deviant
3588647,deviant
3588647,deviant
3854674,deviant
3854674,deviant
3854674,deviant
3854674,deviant
3854674,deviant
3854674,deviant
4290084,deviant
4312693,regular
4482675,regular
4499247,regular
4518489,regular
4544653,regular
3588647,deviant
3588647,deviant
4119215,regular
4119215,regular
4393000,regular
4393000,regular
4569458,regular
4648847,regular
4653530,deviant
4641166,regular
4641166,regular
4641166,regular
4641166,regular
4641166,regular
4641166,regular
4641166,regular
4641166,regular
4641166,regular
4641166,regular
4566243,regular
4566243,regular
4566243,regular
4566243,regular
4566243,regular
4566243,regular
4566243,regular
4566243,regular
4566243,regular
4566243,regular
4566243,regular
4566243,regular
4566243,regular
4566243,regular
4566243,regular
4566243,regular
4566243,regular
4566243,regular
4566243,regular
4566243,regular
4566243,regular
3597184,regular
4336913,regular
4336913,regular
4336913,regular
4336913,regular
4336913,regular
4336913,regular
4336913,regular
4336913,regular
4336913,regular
4336913,regular
4336913,regular
4336913,regular
4336913,regular
4336913,regular
4336913,regular
4336913,regular
4336913,regular
4397208,regular
4397208,regular
4397208,regular
4601407,deviant
4601407,deviant
4601407,deviant
4601407,deviant
4601407,deviant
4601407,deviant
4601407,deviant
4601407,deviant
4601407,deviant
4336913,regular
4336913,regular
4336913,regular
4336913,regular
4336913,regular
4315761,regular
4315761,regular
4315761,regular
4315761,regular
4315761,regular
4315761,regular
4315761,regular
4315761,regular
4315761,regular
4315761,regular
4315761,regular
4315761,regular
4315761,regular
4315761,regular
4315761,regular
4315761,regular
4315761,regular
4315761,regular
4315761,regular
4315761,regular
4315761,regular
4315761,regular
4315761,regular
4315761,regular
3597184,regular
3854674,deviant
4397208,regular
4697157,regular
4606518,regular
4606518,regular
4606518,regular
4606518,regular
4606518,regular
4606518,regular
4606518,regular
4606518,regular
4606518,regular
4606518,regular
4606518,regular
4606518,regular
4606518,regular
4606518,regular
4606518,regular
4606518,regular
4606518,regular
4606518,regular
4606518,regular
4648847,regular
4648847,regular
4648847,regular
4606518,regular
4648847,regular
4648847,regular
4648847,regular
4648847,regular
4648847,regular
4648847,regular
4648847,regular
4606518,regular
4606518,regular
4606518,regular
4606518,regular
4557918,deviant
4557918,deviant
4557918,deviant
4557918,deviant
4557918,deviant
4557918,deviant
4557918,deviant
4557918,deviant
4315761,regular
4566243,regular
4660602,regular
4653530,deviant
4653530,deviant
4653530,deviant
4653530,deviant
4653530,deviant
4653530,deviant
4653530,deviant
4653530,deviant
4653530,deviant
4653530,deviant
3588647,deviant
3597184,regular
3854674,deviant
4119215,regular
4322716,regular
4336128,regular
4336913,regular
4393000,regular
4397208,regular
4569458,regular
4619896,regular
4606518,regular
4606518,regular
4653530,deviant
4653530,deviant
3906593,deviant
3906593,deviant
3906593,deviant
3906593,deviant
4660602,regular
4660602,regular
4660602,regular
4660602,regular
4660602,regular
4660602,regular
4660602,regular
4660602,regular
4660602,regular
4660602,regular
4566243,regular
4612442,regular
4612442,regular
4612442,regular
4612442,regular
4612442,regular
4612442,regular
4612442,regular
4612442,regular
4612442,regular
4612442,regular
4612442,regular
4612442,regular
4612442,regular
4612442,regular
4612442,regular
4612442,regular
4612442,regular
4612442,regular
4612442,regular
4612442,regular
4533551,regular
4619896,regular
4619896,regular
4619896,regular
4619896,regular
4619896,regular
4619896,regular
4619896,regular
4619896,regular
4619896,regular
4619896,regular
4619896,regular
4619896,regular
4619896,regular
4619896,regular
4619896,regular
4619896,regular
4619896,regular
4619896,regular
4566243,regular
4606518,regular
4695582,regular
4619896,regular
4619896,regular
4619896,regular
4619896,regular
4612442,regular
4612442,regular
4612442,regular
4612442,regular
3877877,deviant
3877877,deviant
3877877,deviant
3877877,deviant
3877877,deviant
3877877,deviant
3877877,deviant
3877877,deviant
3877877,deviant
3877877,deviant
3877877,deviant
3877877,deviant
3877877,deviant
3877877,deviant
3877877,deviant
3877877,deviant
3877877,deviant
3877877,deviant
3877877,deviant
3877877,deviant
3877877,deviant
3877877,deviant
3877877,deviant
3877877,deviant
3877877,deviant
3877877,deviant
3877877,deviant
3877877,deviant
4472713,regular
3741124,deviant
3741124,deviant
4315761,regular
4315761,regular
4315761,regular
4493747,regular
4493747,regular
4493747,regular
4493747,regular
4493747,regular
4493747,regular
4493747,regular
4493747,regular
4493747,regular
4493747,regular
4493747,regular
4493747,regular
4493747,regular
4493747,regular
4493747,regular
4493747,regular
4493747,regular
4493747,regular
4493747,regular
4493747,regular
4493747,regular
4179549,regular
4179549,regular
4315761,regular
4533551,regular
4612442,regular
4612442,regular
4619896,regular
4619896,regular
4472713,regular
4472713,regular
4472713,regular
4472713,regular
4472713,regular
4472713,regular
4653530,deviant
4653530,deviant
4653530,deviant
4653530,deviant
4653530,deviant
4653530,deviant
4653530,deviant
4567702,regular
4567702,regular
4567702,regular
4567702,regular
4567702,regular
4567702,regular
4567702,regular
4695582,regular
4695582,regular
4695582,regular
4695582,regular
4695582,regular
4695582,regular
4695582,regular
4695582,regular
4695582,regular
4695582,regular
3727018,regular
3727018,regular
3727018,regular
3727018,regular
3727018,regular
3727018,regular
3727018,regular
3727018,regular
3727018,regular
3727018,regular
3727018,regular
3727018,regular
3727018,regular
3727018,regular
3727018,regular
3727018,regular
3727018,regular
4697157,regular
4697157,regular
4697157,regular
4697157,regular
4697157,regular
4697157,regular
4493747,regular
4697157,regular
4697157,regular
4697157,regular
4697157,regular
4697157,regular
4336913,regular
4336913,regular
4695582,regular
4695582,regular
4695582,regular
4695582,regular
4695582,regular
4695582,regular
4695582,regular
4695582,regular
4695582,regular
4695582,regular
4695582,regular
4695582,regular
4695582,regular
4695582,regular
4695582,regular
4695582,regular
4695582,regular
4695582,regular
4695582,regular
4695582,regular
4695582,regular
4695582,regular
4695582,regular
4192414,deviant
4192414,deviant
4192414,deviant
4192414,deviant
4192414,deviant
4192414,deviant
4192414,deviant
4192414,deviant
4192414,deviant
4192414,deviant
4192414,deviant
4192414,deviant
4192414,deviant
4192414,deviant
4192414,deviant
4192414,deviant
4192414,deviant
4192414,deviant
4192414,deviant
4192414,deviant
4192414,deviant
4192414,deviant
4192414,deviant
4192414,deviant
4192414,deviant
4192414,deviant
4567840,deviant
4192414,deviant
4192414,deviant
4192414,deviant
4192414,deviant
4192414,deviant
4192414,deviant
4179549,regular
4179549,regular
4179549,regular
4179549,regular
4179549,regular
4192414,deviant
4315761,regular
4533551,regular
4726584,regular
4300694,regular
4300694,regular
4315761,regular
4695582,regular
3715655,regular
4735426,regular
3715655,regular
3715655,regular
3715655,regular
3715655,regular
4493747,regular
4733021,regular
4734496,deviant
4726584,regular
4726584,regular
4726584,regular
4726584,regular
4726584,regular
4726584,regular
4726584,regular
4726584,regular
4726584,regular
4726584,regular
4726584,regular
3877877,deviant
4179549,regular
4192414,deviant
4493747,regular
4612442,regular
4619896,regular
4695582,regular
4733021,regular
4733021,regular
4733021,regular
4733021,regular
4733021,regular
4733021,regular
4733021,regular
4733021,regular
4733021,regular
4733021,regular
4733021,regular
4734496,deviant
4734496,deviant
4734496,deviant
4734496,deviant
4734496,deviant
4734496,deviant
4734496,deviant
4734496,deviant
4734496,deviant
4734496,deviant
4734496,deviant
4734496,deviant
4734496,deviant
4734496,deviant
4734496,deviant
4735426,regular
4735426,regular
4735426,regular
4735426,regular
4735426,regular
4735426,regular
4735426,regular
4735426,regular
4735426,regular
4735426,regular
4735426,regular
4735426,regular
4735426,regular
4735426,regular
4184598,regular
4184598,regular
4184598,regular
4184598,regular
4184598,regular
4184598,regular
4184598,regular
4184598,regular
4184598,regular
4184598,regular
4184598,regular
4184598,regular
4184598,regular
4184598,regular
4184598,regular
4184598,regular
4184598,regular
4184598,regular
4184598,regular
4560903,deviant
4517870,deviant
4517870,deviant
4581387,regular
4581387,regular
4581387,regular
4581387,regular
4581387,regular
4581387,regular
4581387,regular
4581387,regular
4581387,regular
4581387,regular
4581387,regular
4581387,regular
4581387,regular
4581387,regular
4581387,regular
4581387,regular
4581387,regular
4457188,regular
4457188,regular
4457188,regular
4457188,regular
4457188,regular
4557918,deviant
4557918,deviant
4557918,deviant
4557918,deviant
4557918,deviant
4557918,deviant
4557918,deviant
4557918,deviant
4557918,deviant
4557918,deviant
4557918,deviant
4557918,deviant
4557918,deviant
4557918,deviant
4557918,deviant
4557918,deviant
4557918,deviant
4557918,deviant
4557918,deviant
4300694,regular
4300694,regular
4300694,regular
4557918,deviant
4581387,regular
4747525,regular
4581387,regular
4581387,regular
4581387,regular
4581387,regular
4641166,regular
4641166,regular
4641166,regular
4641166,regular
4641166,regular
4641166,regular
4641166,regular
4641166,regular
4641166,regular
4641166,regular
4641166,regular
4641166,regular
4641166,regular
4641166,regular
4641166,regular
4641166,regular
4641166,regular
4641166,regular
4641166,regular
4557918,deviant
4557918,deviant
4557918,deviant
4557918,deviant
4608716,regular
4762141,regular
4769679,regular
4775758,regular
4747525,regular
4747525,regular
4747525,regular
4747525,regular
4747525,regular
4747525,regular
4747525,regular
4747525,regular
4747525,regular
4747525,regular
4747525,regular
4747525,regular
4747525,regular
4747525,regular
4472713,regular
4472713,regular
4472713,regular
4472713,regular
4472713,regular
4472713,regular
4660602,regular
4660602,regular
4660602,regular
4660602,regular
4660602,regular
4660602,regular
4660602,regular
4660602,regular
4660602,regular
4660602,regular
4660602,regular
4660602,regular
4660602,regular
4660602,regular
4784091,regular
3604677,deviant
3604677,deviant
3604677,deviant
3604677,deviant
3604677,deviant
3604677,deviant
3604677,deviant
3604677,deviant
3604677,deviant
3604677,deviant
3604677,deviant
3604677,deviant
3604677,deviant
3604677,deviant
3604677,deviant
3604677,deviant
3604677,deviant
3604677,deviant
3604677,deviant
3604677,deviant
3604677,deviant
3604677,deviant
3604677,deviant
4641166,regular
4641166,regular
4641166,regular
4641166,regular
4641166,regular
4184598,regular
4184598,regular
4762141,regular
4762141,regular
4762141,regular
4762141,regular
4762141,regular
4762141,regular
4762141,regular
4762141,regular
4762141,regular
4762141,regular
4762141,regular
4184598,regular
4184598,regular
4184598,regular
4184598,regular
4184598,regular
4184598,regular
4184598,regular
3604677,deviant
4557153,regular
4557153,regular
4557153,regular
4557153,regular
4557153,regular
4557153,regular
4557153,regular
4648847,regular
4648847,regular
4648847,regular
4648847,regular
4648847,regular
4648847,regular
4648847,regular
4648847,regular
4648847,regular
4648847,regular
4648847,regular
4648847,regular
4648847,regular
4648847,regular
4648847,regular
4648847,regular
4648847,regular
4648847,regular
4648847,regular
4648847,regular
4648847,regular
3715655,regular
4184598,regular
4557918,deviant
4557918,deviant
4641166,regular
4641166,regular
4782403,regular
4769679,regular
4769679,regular
4769679,regular
4769679,regular
4769679,regular
4769679,regular
4769679,regular
4769679,regular
4769679,regular
4769679,regular
4769679,regular
4648847,regular
4314099,regular
4314099,regular
4314099,regular
4314099,regular
4314099,regular
4314099,regular
4314099,regular
4314099,regular
4314099,regular
4314099,regular
4314099,regular
4314099,regular
4314099,regular
4314099,regular
4314099,regular
4314099,regular
4314099,regular
4314099,regular
4775758,regular
4775758,regular
4775758,regular
4775758,regular
4775758,regular
4775758,regular
4775758,regular
4775758,regular
4775758,regular
4775758,regular
4775758,regular
4785864,regular
4583906,regular
4583906,regular
4583906,regular
4583906,regular
4583906,regular
4583906,regular
4314099,regular
4314099,regular
4314099,regular
4314099,regular
4314099,regular
4314099,regular
4314099,regular
4589612,regular
4589612,regular
4589612,regular
4589612,regular
4589612,regular
4589612,regular
4589612,regular
4589612,regular
4589612,regular
4589612,regular
4589612,regular
4589612,regular
4589612,regular
4589612,regular
4589612,regular
4589612,regular
4589612,regular
4804777,regular
4809925,regular
3604677,deviant
3604677,deviant
3604677,deviant
3604677,deviant
4601407,deviant
4601407,deviant
4601407,deviant
4601407,deviant
4601407,deviant
4601407,deviant
4601407,deviant
4601407,deviant
4601407,deviant
4601407,deviant
4601407,deviant
4601407,deviant
4601407,deviant
4601407,deviant
4782403,regular
4782403,regular
4782403,regular
4782403,regular
4782403,regular
4782403,regular
4782403,regular
4782403,regular
4782403,regular
4782403,regular
4782403,regular
4589612,regular
4589612,regular
4589612,regular
4589612,regular
4589612,regular
4589612,regular
4589612,regular
4784091,regular
4784091,regular
4784091,regular
4784091,regular
4784091,regular
4784091,regular
4784091,regular
4784091,regular
4784091,regular
4784091,regular
4784091,regular
4785864,regular
4785864,regular
4785864,regular
4785864,regular
4785864,regular
4785864,regular
4785864,regular
4785864,regular
4785864,regular
4785864,regular
4785864,regular
3604677,deviant
3604677,deviant
4608716,regular
4811353,regular
3232189,regular
3232189,regular
4184598,regular
4557918,deviant
4581387,regular
4641166,regular
4812285,regular
4818343,deviant
4821209,regular
3232189,regular
3232189,regular
3232189,regular
3232189,regular
3232189,regular
3232189,regular
3232189,regular
4184598,regular
4821209,regular
4828477,regular
4567840,deviant
4567840,deviant
4567840,deviant
4567840,deviant
4567840,deviant
4567840,deviant
4567840,deviant
4608716,regular
4608716,regular
4608716,regular
4608716,regular
4608716,regular
4608716,regular
4608716,regular
4608716,regular
4608716,regular
4608716,regular
4608716,regular
4608716,regular
4608716,regular
4608716,regular
4608716,regular
4608716,regular
4608716,regular
4608716,regular
4608716,regular
4608716,regular
4804777,regular
4804777,regular
4804777,regular
4804777,regular
4804777,regular
4804777,regular
4804777,regular
4804777,regular
4809925,regular
4809925,regular
4809925,regular
4809925,regular
4809925,regular
4809925,regular
4809925,regular
4809925,regular
4809925,regular
4809925,regular
4809925,regular
4733021,regular
4733021,regular
4733021,regular
4733021,regular
4733021,regular
4733021,regular
4733021,regular
4733021,regular
4733021,regular
4733021,regular
4733021,regular
4733021,regular
4733021,regular
4733021,regular
4733021,regular
4733021,regular
4733021,regular
4733021,regular
4733021,regular
4762141,regular
4762141,regular
4762141,regular
4762141,regular
4762141,regular
4762141,regular
4762141,regular
4762141,regular
4762141,regular
4762141,regular
4762141,regular
4762141,regular
4762141,regular
4762141,regular
4762141,regular
4762141,regular
4762141,regular
4762141,regular
4811353,regular
4811353,regular
4811353,regular
4811353,regular
4762141,regular
4811353,regular
4747525,regular
4747525,regular
4747525,regular
4747525,regular
4747525,regular
4747525,regular
4747525,regular
4747525,regular
4747525,regular
4747525,regular
4747525,regular
4747525,regular
4747525,regular
4747525,regular
4747525,regular
4747525,regular
4747525,regular
4747525,regular
4747525,regular
4812285,regular
4812285,regular
4812285,regular
4812285,regular
4812285,regular
4812285,regular
4812285,regular
4812285,regular
4812285,regular
4747525,regular
4811353,regular
4811353,regular
4811353,regular
4811353,regular
4811353,regular
4811353,regular
4769679,regular
4769679,regular
4769679,regular
4769679,regular
4769679,regular
4769679,regular
4769679,regular
4769679,regular
4769679,regular
4769679,regular
4769679,regular
4769679,regular
4769679,regular
4769679,regular
4769679,regular
4769679,regular
4769679,regular
4769679,regular
4769679,regular
4337049,deviant
4337049,deviant
4337049,deviant
4337049,deviant
4337049,deviant
4337049,deviant
4337049,deviant
4337049,deviant
4337049,deviant
4337049,deviant
4337049,deviant
4337049,deviant
4337049,deviant
4337049,deviant
4337049,deviant
4337049,deviant
4337049,deviant
4337049,deviant
4337049,deviant
4337049,deviant
4337049,deviant
4337049,deviant
4769679,regular
4604206,regular
4604206,regular
4604206,regular
4604206,regular
4604206,regular
4604206,regular
4604206,regular
4604206,regular
4604206,regular
4604206,regular
4604206,regular
4604206,regular
4604206,regular
4604206,regular
4604206,regular
4604206,regular
4604206,regular
4604206,regular
4604206,regular
4604206,regular
4604206,regular
4119215,regular
4119215,regular
4811353,regular
4812285,regular
4812285,regular
4824215,regular
4833387,regular
4834967,deviant
4863262,regular
4604206,regular
4818343,deviant
4818343,deviant
4818343,deviant
4818343,deviant
4818343,deviant
4818343,deviant
4818343,deviant
4818343,deviant
4818343,deviant
4818343,deviant
4818343,deviant
4769679,regular
4769679,regular
4769679,regular
4769679,regular
4747525,regular
4747525,regular
4747525,regular
4747525,regular
4604206,regular
4604206,regular
4604206,regular
4604206,regular
4762141,regular
4762141,regular
4762141,regular
4733021,regular
4733021,regular
4733021,regular
4733021,regular
4821209,regular
4821209,regular
4821209,regular
4821209,regular
4821209,regular
4821209,regular
4821209,regular
4821209,regular
4821209,regular
4821209,regular
4821209,regular
4821209,regular
4821209,regular
4821209,regular
4821209,regular
4821209,regular
4821209,regular
4821209,regular
4821209,regular
4821209,regular
4821209,regular
4821209,regular
4821209,regular
4821209,regular
4821209,regular
4821209,regular
4821209,regular
4821209,regular
4821209,regular
4821209,regular
4337049,deviant
4337049,deviant
4337049,deviant
3026543,deviant
3026543,deviant
3026543,deviant
3026543,deviant
3026543,deviant
3026543,deviant
3026543,deviant
3026543,deviant
3026543,deviant
3026543,deviant
3026543,deviant
3026543,deviant
3026543,deviant
3026543,deviant
3026543,deviant
3026543,deviant
3026543,deviant
3026543,deviant
3026543,deviant
4608716,regular
4821209,regular
4824215,regular
4824215,regular
4824215,regular
4824215,regular
4824215,regular
4824215,regular
4824215,regular
4824215,regular
4824215,regular
4824215,regular
4824215,regular
4607510,deviant
4607510,deviant
4607510,deviant
4607510,deviant
4607510,deviant
4607510,deviant
4607510,deviant
4607510,deviant
4607510,deviant
4607510,deviant
4607510,deviant
4305354,deviant
4337049,deviant
4733021,regular
4733021,regular
4747525,regular
4747525,regular
4762141,regular
4762141,regular
4769679,regular
4769679,regular
4305354,deviant
4305354,deviant
4305354,deviant
4833387,regular
4833387,regular
4833387,regular
4833387,regular
4833387,regular
4833387,regular
4833387,regular
4833387,regular
4833387,regular
4833387,regular
4833387,regular
4833387,regular
4517870,deviant
4517870,deviant
4517870,deviant
4517870,deviant
4517870,deviant
4517870,deviant
4517870,deviant
4517870,deviant
4517870,deviant
4517870,deviant
4517870,deviant
4517870,deviant
4517870,deviant
4517870,deviant
4517870,deviant
4517870,deviant
4517870,deviant
4834967,deviant
4834967,deviant
4834967,deviant
4834967,deviant
4834967,deviant
4834967,deviant
4834967,deviant
4834967,deviant
4834967,deviant
4834967,deviant
4834967,deviant
4834967,deviant
4517870,deviant
4517870,deviant
4517870,deviant
4517870,deviant
4517870,deviant
4517870,deviant
4517870,deviant
4828477,regular
4828477,regular
4828477,regular
4828477,regular
4828477,regular
4828477,regular
4828477,regular
4828477,regular
4828477,regular
4828477,regular
4828477,regular
3604677,deviant
4314099,regular
4583906,regular
4821209,regular
4879346,deviant
4824215,regular
4824215,regular
4824215,regular
4824215,regular
4824215,regular
4824215,regular
4824215,regular
4824215,regular
4824215,regular
4824215,regular
4824215,regular
4824215,regular
4824215,regular
4824215,regular
4824215,regular
4824215,regular
4824215,regular
4824215,regular
4824215,regular
3597184,regular
3597184,regular
4337049,deviant
4870609,regular
4119215,regular
4119215,regular
4119215,regular
4824215,regular
4824215,regular
4824215,regular
4824215,regular
4824215,regular
4824215,regular
4824215,regular
4648847,regular
4648847,regular
4648847,regular
4648847,regular
4648847,regular
4648847,regular
4648847,regular
4337049,deviant
4517870,deviant
4604206,regular
4608716,regular
4733021,regular
4747525,regular
4762141,regular
4769679,regular
4873044,deviant
4337049,deviant
4566243,regular
4566243,regular
4863262,regular
4863262,regular
4863262,regular
4863262,regular
4863262,regular
4863262,regular
4863262,regular
4863262,regular
4863262,regular
4863262,regular
4863262,regular
4660602,regular
4660602,regular
4660602,regular
4660602,regular
4589612,regular
4870609,regular
4870609,regular
4870609,regular
4870609,regular
4870609,regular
4870609,regular
4870609,regular
4870609,regular
4870609,regular
4870609,regular
4887587,regular
4873044,deviant
4873044,deviant
4873044,deviant
4873044,deviant
4873044,deviant
4873044,deviant
4873044,deviant
4873044,deviant
4873044,deviant
4873044,deviant
4873044,deviant
4873044,deviant
4873044,deviant
4873044,deviant
4873044,deviant
4601407,deviant
4601407,deviant
4601407,deviant
4601407,deviant
4601407,deviant
4589612,regular
4589612,regular
4589612,regular
4589612,regular
4601407,deviant
4601407,deviant
4601407,deviant
4601407,deviant
4601407,deviant
4601407,deviant
4879346,deviant
4879346,deviant
4879346,deviant
4879346,deviant
4879346,deviant
4879346,deviant
4879346,deviant
4879346,deviant
4879346,deviant
4902429,regular
4601407,deviant
4879346,deviant
4879346,deviant
4913143,regular
4566243,regular
4566243,regular
4566243,regular
4653530,deviant
4653530,deviant
4653530,deviant
4653530,deviant
4653530,deviant
4653530,deviant
4653530,deviant
3642802,deviant
3642802,deviant
3642802,deviant
3642802,deviant
3642802,deviant
3642802,deviant
3642802,deviant
4887587,regular
4887587,regular
4887587,regular
4697157,regular
4697157,regular
4697157,regular
4697157,regular
4697157,regular
4697157,regular
4697157,regular
4726584,regular
4726584,regular
4726584,regular
4726584,regular
4726584,regular
4726584,regular
4726584,regular
4726584,regular
4726584,regular
4726584,regular
4726584,regular
4726584,regular
4726584,regular
4726584,regular
4726584,regular
4726584,regular
4726584,regular
4726584,regular
4600203,regular
4600203,regular
4600203,regular
4600203,regular
4600203,regular
4600203,regular
4600203,regular
4557153,regular
4557153,regular
4557153,regular
4557153,regular
4557153,regular
4557153,regular
4557153,regular
4557153,regular
4557153,regular
4557153,regular
4557153,regular
4557153,regular
4557153,regular
4557153,regular
4557153,regular
4557153,regular
4557153,regular
4775758,regular
4775758,regular
4775758,regular
4775758,regular
4775758,regular
4775758,regular
4775758,regular
4775758,regular
4775758,regular
4775758,regular
4775758,regular
4775758,regular
4775758,regular
4775758,regular
4775758,regular
4775758,regular
4775758,regular
4775758,regular
4775758,regular
4863262,regular
4863262,regular
4863262,regular
4863262,regular
4863262,regular
4863262,regular
4863262,regular
4863262,regular
4863262,regular
4863262,regular
4863262,regular
4863262,regular
4863262,regular
4863262,regular
4863262,regular
4863262,regular
4863262,regular
4863262,regular
4775758,regular
4863262,regular
4785864,regular
4785864,regular
4785864,regular
4785864,regular
4785864,regular
4785864,regular
4785864,regular
4785864,regular
4785864,regular
4785864,regular
4785864,regular
4785864,regular
4785864,regular
4785864,regular
4785864,regular
4785864,regular
4785864,regular
4785864,regular
4785864,regular
4775758,regular
4775758,regular
4775758,regular
4775758,regular
4863262,regular
4863262,regular
4863262,regular
4824215,regular
4922974,regular
4557153,regular
4557153,regular
4589612,regular
4589612,regular
4775758,regular
4863262,regular
4902429,regular
4902429,regular
4902429,regular
4902429,regular
4902429,regular
4902429,regular
4902429,regular
4902429,regular
4902429,regular
4902429,regular
4902429,regular
4902429,regular
4902429,regular
4902429,regular
4902429,regular
4818343,deviant
4818343,deviant
4818343,deviant
4818343,deviant
4818343,deviant
4818343,deviant
4818343,deviant
4818343,deviant
4397208,regular
4834967,deviant
4834967,deviant
4834967,deviant
4834967,deviant
4834967,deviant
4834967,deviant
4834967,deviant
4811353,regular
4811353,regular
4811353,regular
4811353,regular
4811353,regular
4811353,regular
4811353,regular
4811353,regular
4811353,regular
4811353,regular
4811353,regular
4811353,regular
4811353,regular
4811353,regular
4811353,regular
4811353,regular
4811353,regular
4811353,regular
4533551,regular
4533551,regular
4775758,regular
4834967,deviant
4863262,regular
4919677,regular
4927964,deviant
4811353,regular
4811353,regular
4811353,regular
4811353,regular
4811353,regular
4933123,deviant
4785864,regular
4785864,regular
4785864,regular
4785864,regular
4785864,regular
4557153,regular
4557153,regular
4557153,regular
4557153,regular
4557153,regular
4913143,regular
4913143,regular
4913143,regular
4913143,regular
4913143,regular
4913143,regular
4913143,regular
4913143,regular
4913143,regular
4913143,regular
4913143,regular
4913143,regular
4913143,regular
4812285,regular
4812285,regular
4812285,regular
4812285,regular
4812285,regular
4812285,regular
4812285,regular
4812285,regular
4812285,regular
4812285,regular
4812285,regular
4812285,regular
4812285,regular
4812285,regular
4812285,regular
4812285,regular
4812285,regular
4812285,regular
4812285,regular
4812285,regular
4812285,regular
4812285,regular
4812285,regular
4834967,deviant
4834967,deviant
4834967,deviant
4834967,deviant
4834967,deviant
4834967,deviant
4834967,deviant
4834967,deviant
4834967,deviant
4834967,deviant
4834967,deviant
4834967,deviant
4834967,deviant
4834967,deviant
4834967,deviant
4834967,deviant
4834967,deviant
4834967,deviant
4834967,deviant
4834967,deviant
4834967,deviant
4834967,deviant
4834967,deviant
4834967,deviant
4834967,deviant
4834967,deviant
4834967,deviant
4834967,deviant
4834967,deviant
4834967,deviant
4919677,regular
4919677,regular
4919677,regular
4919677,regular
4919677,regular
4919677,regular
4919677,regular
4919677,regular
4919677,regular
4919677,regular
4919677,regular
4879346,deviant
4879346,deviant
4879346,deviant
4879346,deviant
4879346,deviant
4879346,deviant
4879346,deviant
4922974,regular
4922974,regular
4922974,regular
4922974,regular
4922974,regular
4922974,regular
4922974,regular
4922974,regular
4922974,regular
4922974,regular
4922974,regular
4922974,regular
4922974,regular
4922974,regular
4922974,regular
4557153,regular
4589612,regular
4601407,deviant
4775758,regular
4863262,regular
4934754,regular
4927964,deviant
4927964,deviant
4927964,deviant
4927964,deviant
4927964,deviant
4927964,deviant
4927964,deviant
4927964,deviant
4927964,deviant
4927964,deviant
4927964,deviant
4927964,deviant
4493747,regular
4493747,regular
4785864,regular
4785864,regular
4811353,regular
4811353,regular
4933123,deviant
4933123,deviant
4933123,deviant
4933123,deviant
4933123,deviant
4933123,deviant
4933123,deviant
4933123,deviant
4933123,deviant
4933123,deviant
4933123,deviant
4934754,regular
4934754,regular
4934754,regular
4934754,regular
4934754,regular
4934754,regular
4934754,regular
4934754,regular
4934754,regular
4934754,regular
4934754,regular
4833387,regular
4833387,regular
4833387,regular
4833387,regular
4833387,regular
4833387,regular
4833387,regular
4833387,regular
4833387,regular
4833387,regular
4833387,regular
4833387,regular
4833387,regular
4833387,regular
4833387,regular
4833387,regular
4833387,regular
4833387,regular
4533551,regular
4533551,regular
4533551,regular
4533551,regular
4533551,regular
4533551,regular
4533551,regular
4533551,regular
4533551,regular
4533551,regular
4533551,regular
4533551,regular
4533551,regular
4533551,regular
4533551,regular
4533551,regular
4533551,regular
4533551,regular
4533551,regular
4533551,regular
4533551,regular
4533551,regular
4533551,regular
4533551,regular
4533551,regular
4533551,regular
4533551,regular
4533551,regular
3597184,regular
3597184,regular
3597184,regular
4959649,deviant
4960526,regular
4870609,regular
4870609,regular
4870609,regular
4870609,regular
4870609,regular
4870609,regular
4870609,regular
4870609,regular
4870609,regular
4870609,regular
4870609,regular
4870609,regular
4870609,regular
4870609,regular
4870609,regular
4870609,regular
4870609,regular
4870609,regular
4870609,regular
4870609,regular
4804777,regular
4804777,regular
4804777,regular
4804777,regular
4804777,regular
4804777,regular
4804777,regular
4804777,regular
4726584,regular
4726584,regular
4726584,regular
4726584,regular
4873044,deviant
4873044,deviant
4873044,deviant
4873044,deviant
4873044,deviant
4873044,deviant
4873044,deviant
4873044,deviant
4873044,deviant
4782403,regular
4782403,regular
4782403,regular
4782403,regular
4782403,regular
4782403,regular
4782403,regular
4782403,regular
4782403,regular
4782403,regular
4782403,regular
4782403,regular
4782403,regular
4782403,regular
4782403,regular
4782403,regular
4782403,regular
4782403,regular
4782403,regular
4961278,regular
4726584,regular
4963153,regular
4971943,deviant
4785864,regular
4811353,regular
4972781,regular
4606722,regular
4606722,regular
4606722,regular
4606722,regular
4606722,regular
4606722,regular
4606722,regular
4606722,regular
4606722,regular
4606722,regular
4606722,regular
4606722,regular
4606722,regular
4606722,regular
4606722,regular
4606722,regular
4606722,regular
4959649,deviant
4959649,deviant
4959649,deviant
4959649,deviant
4959649,deviant
4959649,deviant
4959649,deviant
4959649,deviant
4959649,deviant
4959649,deviant
4959649,deviant
4960526,regular
4960526,regular
4960526,regular
4960526,regular
4960526,regular
4960526,regular
4960526,regular
4960526,regular
4960526,regular
4960526,regular
4960526,regular
4961278,regular
4961278,regular
4961278,regular
4961278,regular
4961278,regular
4961278,regular
4961278,regular
4961278,regular
4961278,regular
4963153,regular
4963153,regular
4963153,regular
4963153,regular
4963153,regular
4963153,regular
4963153,regular
4963153,regular
4963153,regular
4784091,regular
4784091,regular
4784091,regular
4784091,regular
4784091,regular
4784091,regular
4784091,regular
4784091,regular
4784091,regular
4784091,regular
4784091,regular
4784091,regular
4784091,regular
4784091,regular
4784091,regular
4784091,regular
4784091,regular
4784091,regular
4784091,regular
4961278,regular
4961278,regular
4963153,regular
4963153,regular
4978339,regular
5019310,regular
5020239,regular
5042955,regular
4887587,regular
4887587,regular
4887587,regular
4887587,regular
4887587,regular
4887587,regular
4887587,regular
4879346,deviant
4879346,deviant
4784091,regular
4971943,deviant
4971943,deviant
4971943,deviant
4971943,deviant
4971943,deviant
4971943,deviant
4971943,deviant
4971943,deviant
4971943,deviant
4971943,deviant
4971943,deviant
4972781,regular
4972781,regular
4972781,regular
4972781,regular
4972781,regular
4972781,regular
4972781,regular
4972781,regular
4972781,regular
4972781,regular
4972781,regular
5051625,regular
4978339,regular
4978339,regular
4978339,regular
4978339,regular
4978339,regular
4978339,regular
4978339,regular
4978339,regular
4978339,regular
4978339,regular
4978339,regular
4784091,regular
4784091,regular
4784091,regular
4784091,regular
5038333,regular
4782403,regular
4784091,regular
4870609,regular
5025543,regular
5028023,regular
5028918,deviant
4784091,regular
4828477,regular
4828477,regular
4828477,regular
4828477,regular
4828477,regular
4828477,regular
4828477,regular
4828477,regular
4828477,regular
4828477,regular
4828477,regular
4828477,regular
4828477,regular
4870609,regular
4870609,regular
4870609,regular
4870609,regular
4828477,regular
4828477,regular
4828477,regular
4828477,regular
4782403,regular
4782403,regular
4782403,regular
4782403,regular
4726584,regular
4726584,regular
4782403,regular
4870609,regular
5044673,regular
4959649,deviant
4606722,regular
4606722,regular
4606722,regular
4606722,regular
4606722,regular
4606722,regular
4606722,regular
5019310,regular
5019310,regular
5019310,regular
5019310,regular
5019310,regular
5019310,regular
5019310,regular
5019310,regular
5019310,regular
5019310,regular
5019310,regular
5019310,regular
5019310,regular
5019310,regular
5019310,regular
5020239,regular
5020239,regular
5020239,regular
5020239,regular
5020239,regular
5020239,regular
5020239,regular
5020239,regular
5020239,regular
5020239,regular
5020239,regular
5020239,regular
5025543,regular
5025543,regular
5025543,regular
5025543,regular
4184598,regular
4184598,regular
5025543,regular
5025543,regular
5025543,regular
5025543,regular
5025543,regular
5025543,regular
5025543,regular
5025543,regular
5025543,regular
5025543,regular
5025543,regular
4648847,regular
4648847,regular
4648847,regular
4828477,regular
4828477,regular
5028023,regular
5028023,regular
5028023,regular
5028023,regular
5028023,regular
5028023,regular
5028023,regular
5028023,regular
5028023,regular
5028023,regular
5028023,regular
5028023,regular
5028023,regular
4828477,regular
4828477,regular
4828477,regular
4828477,regular
5028918,deviant
5028918,deviant
5028918,deviant
5028918,deviant
5028918,deviant
5028918,deviant
5028918,deviant
4184598,regular
4184598,regular
4184598,regular
4184598,regular
4184598,regular
4184598,regular
4184598,regular
4184598,regular
4184598,regular
4879346,deviant
4879346,deviant
4879346,deviant
4879346,deviant
4879346,deviant
4879346,deviant
4879346,deviant
4879346,deviant
4879346,deviant
4879346,deviant
4879346,deviant
4879346,deviant
4879346,deviant
4879346,deviant
4879346,deviant
4879346,deviant
4879346,deviant
4879346,deviant
4879346,deviant
4305354,deviant
4305354,deviant
4608716,regular
4608716,regular
4784091,regular
4927964,deviant
4927964,deviant
4927964,deviant
4927964,deviant
4927964,deviant
4927964,deviant
4927964,deviant
4927964,deviant
4873044,deviant
4873044,deviant
4913143,regular
4913143,regular
4913143,regular
4821209,regular
4821209,regular
5063668,regular
4648847,regular
4648847,regular
5038333,regular
5038333,regular
5038333,regular
5038333,regular
5038333,regular
5038333,regular
5038333,regular
5038333,regular
5038333,regular
5038333,regular
5038333,regular
5038333,regular
5038333,regular
4879346,deviant
5038333,regular
4879346,deviant
4879346,deviant
5038333,regular
4833387,regular
4833387,regular
4833387,regular
4833387,regular
5042955,regular
5042955,regular
5042955,regular
5042955,regular
5042955,regular
5042955,regular
5042955,regular
5042955,regular
5042955,regular
5042955,regular
5042955,regular
5042955,regular
5042955,regular
5042955,regular
5044673,regular
5044673,regular
5044673,regular
5044673,regular
5044673,regular
5044673,regular
5044673,regular
5044673,regular
5044673,regular
5044673,regular
5044673,regular
5044673,regular
4315761,regular
5051625,regular
5051625,regular
5051625,regular
5051625,regular
5051625,regular
5051625,regular
5051625,regular
5051625,regular
5051625,regular
5051625,regular
5051625,regular
5051625,regular
5044673,regular
5044673,regular
4660602,regular
4660602,regular
4660602,regular
4660602,regular
4660602,regular
4660602,regular
4660602,regular
4660602,regular
4660602,regular
4660602,regular
4660602,regular
4660602,regular
4833387,regular
4833387,regular
4879346,deviant
4879346,deviant
5069099,regular
5073249,regular
5063668,regular
5063668,regular
5063668,regular
5063668,regular
5063668,regular
5063668,regular
5063668,regular
5063668,regular
5063668,regular
5063668,regular
5063668,regular
5063668,regular
4913143,regular
4913143,regular
4913143,regular
4913143,regular
4913143,regular
4913143,regular
4913143,regular
4913143,regular
4913143,regular
4913143,regular
4913143,regular
4913143,regular
4913143,regular
4913143,regular
4913143,regular
4315761,regular
4315761,regular
4315761,regular
4660602,regular
5084537,regular
4933123,deviant
4933123,deviant
4933123,deviant
4933123,deviant
4933123,deviant
4933123,deviant
5069099,regular
5069099,regular
5069099,regular
5069099,regular
5069099,regular
5069099,regular
5069099,regular
5069099,regular
5069099,regular
5069099,regular
5069099,regular
5069099,regular
5069099,regular
4933123,deviant
4933123,deviant
4873044,deviant
4873044,deviant
4873044,deviant
4873044,deviant
4873044,deviant
4873044,deviant
4873044,deviant
4873044,deviant
4873044,deviant
4873044,deviant
4873044,deviant
4873044,deviant
4873044,deviant
4873044,deviant
4873044,deviant
4873044,deviant
4873044,deviant
4315761,regular
4315761,regular
4315761,regular
4315761,regular
4315761,regular
4315761,regular
4315761,regular
4315761,regular
5073249,regular
5073249,regular
5073249,regular
5073249,regular
5073249,regular
5073249,regular
5073249,regular
5073249,regular
5073249,regular
5073249,regular
5073249,regular
4315761,regular
5073249,regular
5073249,regular
5019310,regular
5019310,regular
5019310,regular
5019310,regular
5019310,regular
5019310,regular
5019310,regular
5019310,regular
5019310,regular
5019310,regular
5019310,regular
5019310,regular
5019310,regular
5019310,regular
5020239,regular
5020239,regular
5020239,regular
5020239,regular
5020239,regular
5020239,regular
5020239,regular
5020239,regular
5020239,regular
5020239,regular
5020239,regular
5020239,regular
5020239,regular
5020239,regular
5020239,regular
5020239,regular
4089231,regular
4089231,regular
4089231,regular
4089231,regular
4089231,regular
4089231,regular
4089231,regular
5042955,regular
5042955,regular
5042955,regular
5042955,regular
5042955,regular
5042955,regular
5042955,regular
5042955,regular
5042955,regular
5042955,regular
5042955,regular
5042955,regular
5042955,regular
5042955,regular
5042955,regular
5042955,regular
5042955,regular
5042955,regular
5042955,regular
5042955,regular
4315761,regular
5086175,regular
5088016,regular
5097876,regular
4337049,deviant
4337049,deviant
4337049,deviant
4337049,deviant
4818343,deviant
4818343,deviant
4560903,deviant
5103134,regular
5105222,deviant
5106291,regular
5108257,regular
5125719,regular
5129154,regular
5130775,regular
5133110,regular
5133260,deviant
5136629,regular
5084537,regular
5084537,regular
5084537,regular
5084537,regular
5084537,regular
5084537,regular
5084537,regular
5084537,regular
5084537,regular
5084537,regular
5084537,regular
5084537,regular
5086175,regular
5086175,regular
5086175,regular
5086175,regular
5086175,regular
5086175,regular
5086175,regular
5086175,regular
5086175,regular
5086175,regular
5086175,regular
5086175,regular
5086175,regular
4734496,deviant
4734496,deviant
4734496,deviant
4734496,deviant
4734496,deviant
5088016,regular
5088016,regular
5088016,regular
5088016,regular
5088016,regular
4963153,regular
4963153,regular
4963153,regular
4963153,regular
4963153,regular
4963153,regular
4963153,regular
4963153,regular
4963153,regular
4963153,regular
4963153,regular
4963153,regular
4963153,regular
4963153,regular
4963153,regular
4963153,regular
4963153,regular
4963153,regular
4963153,regular
5088016,regular
5088016,regular
5088016,regular
5088016,regular
4734496,deviant
4734496,deviant
4305354,deviant
4305354,deviant
4305354,deviant
4305354,deviant
4305354,deviant
4305354,deviant
4305354,deviant
4933123,deviant
4933123,deviant
4933123,deviant
4933123,deviant
4933123,deviant
4933123,deviant
4933123,deviant
4933123,deviant
4933123,deviant
4933123,deviant
4933123,deviant
4933123,deviant
4933123,deviant
4933123,deviant
4933123,deviant
4933123,deviant
4933123,deviant
4933123,deviant
4933123,deviant
4933123,deviant
4933123,deviant
4933123,deviant
4933123,deviant
4933123,deviant
4933123,deviant
5051625,regular
5051625,regular
5051625,regular
5051625,regular
5051625,regular
5051625,regular
5051625,regular
5051625,regular
5051625,regular
5051625,regular
5051625,regular
5051625,regular
5051625,regular
5051625,regular
5051625,regular
5051625,regular
5051625,regular
5051625,regular
5051625,regular
5051625,regular
5138442,regular
5088016,regular
5088016,regular
5106291,regular
5143670,regular
4913143,regular
4913143,regular
4913143,regular
4873044,deviant
4873044,deviant
4873044,deviant
5042955,regular
5042955,regular
5042955,regular
5042955,regular
5042955,regular
5042955,regular
5042955,regular
5042955,regular
5042955,regular
5097876,regular
5097876,regular
5097876,regular
5097876,regular
5097876,regular
5097876,regular
5097876,regular
5097876,regular
5097876,regular
5097876,regular
5097876,regular
5097876,regular
5103134,regular
5103134,regular
5103134,regular
5103134,regular
5103134,regular
5103134,regular
5103134,regular
5103134,regular
5103134,regular
5103134,regular
5103134,regular
5103134,regular
4959649,deviant
4959649,deviant
4959649,deviant
4959649,deviant
5105222,deviant
5105222,deviant
5105222,deviant
5105222,deviant
5105222,deviant
5105222,deviant
5105222,deviant
5105222,deviant
5105222,deviant
5105222,deviant
5105222,deviant
5105222,deviant
5105222,deviant
5105222,deviant
5106291,regular
5106291,regular
5106291,regular
5106291,regular
5106291,regular
5106291,regular
5106291,regular
4804777,regular
4804777,regular
4804777,regular
4804777,regular
4804777,regular
4804777,regular
4804777,regular
4804777,regular
4804777,regular
4804777,regular
4804777,regular
4804777,regular
4804777,regular
4804777,regular
4804777,regular
4804777,regular
4804777,regular
4804777,regular
4804777,regular
4804777,regular
4804777,regular
4804777,regular
4804777,regular
4804777,regular
4804777,regular
4804777,regular
4804777,regular
4804777,regular
4804777,regular
5146211,regular
5209025,regular
4978339,regular
4978339,regular
4978339,regular
4978339,regular
4978339,regular
4812285,regular
4812285,regular
4812285,regular
4812285,regular
4812285,regular
5148204,regular
4873044,deviant
4873044,deviant
4913143,regular
4913143,regular
4959649,deviant
5042955,regular
5042955,regular
5173437,regular
5129154,regular
5129154,regular
5129154,regular
5129154,regular
5129154,regular
5129154,regular
5129154,regular
5129154,regular
5129154,regular
5129154,regular
5129154,regular
5129154,regular
5130775,regular
5130775,regular
5130775,regular
5130775,regular
5130775,regular
5130775,regular
5130775,regular
5130775,regular
5130775,regular
5130775,regular
5130775,regular
5130775,regular
5133110,regular
5133110,regular
5133110,regular
4959649,deviant
5133260,deviant
5133260,deviant
5133260,deviant
5133260,deviant
5133260,deviant
5133260,deviant
5133260,deviant
5136629,regular
5136629,regular
5136629,regular
5136629,regular
5136629,regular
5136629,regular
5138442,regular
5138442,regular
5138442,regular
5138442,regular
5138442,regular
5138442,regular
5138442,regular
5138442,regular
5138442,regular
5138442,regular
5138442,regular
5138442,regular
4902429,regular
4902429,regular
4902429,regular
4902429,regular
4902429,regular
4902429,regular
4902429,regular
4902429,regular
4902429,regular
4902429,regular
5019310,regular
5019310,regular
5019310,regular
5019310,regular
5019310,regular
5019310,regular
5019310,regular
5020239,regular
5020239,regular
5020239,regular
5020239,regular
5020239,regular
5020239,regular
5020239,regular
4927964,deviant
4927964,deviant
5084537,regular
5084537,regular
5084537,regular
5084537,regular
5084537,regular
5084537,regular
5084537,regular
5084537,regular
5084537,regular
5084537,regular
5084537,regular
5084537,regular
5084537,regular
5084537,regular
5084537,regular
5084537,regular
5084537,regular
5084537,regular
5084537,regular
5143670,regular
5143670,regular
5143670,regular
5143670,regular
5143670,regular
5143670,regular
5143670,regular
5143670,regular
5143670,regular
5143670,regular
5143670,regular
5143670,regular
4960526,regular
4960526,regular
4960526,regular
4960526,regular
4960526,regular
4960526,regular
4960526,regular
4960526,regular
4960526,regular
4960526,regular
4960526,regular
4960526,regular
4960526,regular
4960526,regular
4960526,regular
4960526,regular
4960526,regular
4960526,regular
5146211,regular
5146211,regular
5146211,regular
5146211,regular
5146211,regular
5146211,regular
5146211,regular
5146211,regular
5146211,regular
5146211,regular
5148204,regular
5148204,regular
5148204,regular
5148204,regular
5148204,regular
5148204,regular
5148204,regular
5148204,regular
5148204,regular
5148204,regular
5133260,deviant
5146211,regular
5146211,regular
5148204,regular
5148204,regular
5177352,regular
4971943,deviant
4971943,deviant
4971943,deviant
4971943,deviant
4971943,deviant
4971943,deviant
4971943,deviant
4971943,deviant
4971943,deviant
5044673,regular
5044673,regular
5044673,regular
5044673,regular
5044673,regular
5044673,regular
5044673,regular
5044673,regular
5044673,regular
5044673,regular
5044673,regular
5044673,regular
5044673,regular
5044673,regular
5044673,regular
5044673,regular
5044673,regular
5044673,regular
5044673,regular
5044673,regular
5044673,regular
3985429,regular
3985429,regular
3985429,regular
3985429,regular
3985429,regular
3985429,regular
3985429,regular
3985429,regular
3985429,regular
3985429,regular
3985429,regular
3985429,regular
3985429,regular
3985429,regular
3985429,regular
3985429,regular
3985429,regular
3985429,regular
3985429,regular
3985429,regular
3985429,regular
3985429,regular
3985429,regular
3985429,regular
3985429,regular
3985429,regular
3985429,regular
3985429,regular
3985429,regular
3985429,regular
3985429,regular
3985429,regular
3985429,regular
3985429,regular
3985429,regular
3985429,regular
3985429,regular
3985429,regular
5063668,regular
3985429,regular
3985429,regular
3985429,regular
3985429,regular
3985429,regular
5063668,regular
5063668,regular
3985429,regular
5063668,regular
5063668,regular
5063668,regular
5063668,regular
5063668,regular
5063668,regular
5063668,regular
5063668,regular
5063668,regular
5063668,regular
5063668,regular
5063668,regular
5063668,regular
5063668,regular
5063668,regular
5063668,regular
5063668,regular
4934754,regular
4934754,regular
4934754,regular
4934754,regular
4934754,regular
4934754,regular
4934754,regular
4934754,regular
4934754,regular
4934754,regular
5125719,regular
5125719,regular
5125719,regular
5044673,regular
5044673,regular
5044673,regular
5044673,regular
5044673,regular
5044673,regular
5044673,regular
5044673,regular
5044673,regular
5044673,regular
5108257,regular
5108257,regular
5108257,regular
5108257,regular
5108257,regular
5108257,regular
5108257,regular
5019310,regular
5019310,regular
5019310,regular
5019310,regular
5019310,regular
5019310,regular
5019310,regular
5019310,regular
5019310,regular
5019310,regular
5108257,regular
5108257,regular
5108257,regular
5108257,regular
5108257,regular
5108257,regular
5108257,regular
5020239,regular
5020239,regular
5020239,regular
5020239,regular
5020239,regular
5020239,regular
5020239,regular
5020239,regular
5020239,regular
5020239,regular
4089231,regular
5063668,regular
5063668,regular
5063668,regular
5063668,regular
5063668,regular
5063668,regular
5063668,regular
5063668,regular
5063668,regular
5063668,regular
5063668,regular
5084537,regular
5084537,regular
5084537,regular
5084537,regular
5084537,regular
5084537,regular
5084537,regular
5084537,regular
5084537,regular
5084537,regular
5084537,regular
5084537,regular
4963153,regular
4963153,regular
4963153,regular
4963153,regular
4963153,regular
4963153,regular
5038333,regular
5038333,regular
5038333,regular
4933123,deviant
4960526,regular
5042955,regular
5173437,regular
5173437,regular
5173437,regular
5173437,regular
5173437,regular
5173437,regular
5173437,regular
5173437,regular
4818343,deviant
4818343,deviant
4818343,deviant
4818343,deviant
4818343,deviant
4818343,deviant
4818343,deviant
4818343,deviant
4818343,deviant
4818343,deviant
4818343,deviant
4818343,deviant
4818343,deviant
4818343,deviant
4818343,deviant
4818343,deviant
4818343,deviant
5177352,regular
5177352,regular
5177352,regular
5177352,regular
5177352,regular
5177352,regular
5177352,regular
5177352,regular
5177352,regular
5177352,regular
4818343,deviant
5038333,regular
5038333,regular
5038333,regular
5038333,regular
5038333,regular
5038333,regular
5038333,regular
5038333,regular
5038333,regular
5038333,regular
5038333,regular
5038333,regular
5038333,regular
5038333,regular
5038333,regular
5038333,regular
5038333,regular
5038333,regular
5177352,regular
5177352,regular
4660602,regular
4660602,regular
4660602,regular
4660602,regular
4660602,regular
4660602,regular
4660602,regular
4660602,regular
4660602,regular
4660602,regular
4660602,regular
4660602,regular
4660602,regular
4660602,regular
4660602,regular
4660602,regular
4660602,regular
4660602,regular
4960526,regular
4960526,regular
4960526,regular
4660602,regular
3479896,deviant
3479896,deviant
3479896,deviant
3479896,deviant
3479896,deviant
3479896,deviant
3479896,deviant
3479896,deviant
3479896,deviant
3479896,deviant
3479896,deviant
3479896,deviant
3479896,deviant
3479896,deviant
3479896,deviant
3479896,deviant
3479896,deviant
3479896,deviant
3479896,deviant
3479896,deviant
3479896,deviant
3479896,deviant
3479896,deviant
3479896,deviant
3479896,deviant
3479896,deviant
3479896,deviant
3479896,deviant
4818343,deviant
4818343,deviant
4818343,deviant
4834967,deviant
4834967,deviant
4834967,deviant
4812285,regular
4812285,regular
4812285,regular
4812285,regular
4608716,regular
4485682,regular
4485682,regular
4834967,deviant
4485682,regular
4485682,regular
4485682,regular
4485682,regular
4608716,regular
4608716,regular
5136629,regular
5136629,regular
5136629,regular
5136629,regular
5136629,regular
3479896,deviant
3479896,deviant
4337049,deviant
4812285,regular
4812285,regular
4818343,deviant
4818343,deviant
4834967,deviant
4960526,regular
4960526,regular
5136629,regular
5136629,regular
5136629,regular
4834967,deviant
4834967,deviant
4834967,deviant
4834967,deviant
4978339,regular
4978339,regular
4978339,regular
4978339,regular
4978339,regular
4978339,regular
4978339,regular
4978339,regular
4961278,regular
5051625,regular
5051625,regular
5051625,regular
5051625,regular
5051625,regular
5051625,regular
5051625,regular
5051625,regular
5038333,regular
5038333,regular
5038333,regular
5051625,regular
5051625,regular
5051625,regular
5051625,regular
5051625,regular
5019310,regular
5020239,regular
5044673,regular
5063668,regular
5084537,regular
5136629,regular
5211612,deviant
4337049,deviant
4337049,deviant
4337049,deviant
4337049,deviant
4337049,deviant
5209025,regular
5209025,regular
5209025,regular
5209025,regular
5209025,regular
5209025,regular
5209025,regular
5209025,regular
5209025,regular
5209025,regular
4927964,deviant
4927964,deviant
4927964,deviant
4927964,deviant
4927964,deviant
4927964,deviant
4927964,deviant
4927964,deviant
4927964,deviant
4927964,deviant
4927964,deviant
4927964,deviant
4927964,deviant
4927964,deviant
4927964,deviant
4927964,deviant
4927964,deviant
4927964,deviant
5025543,regular
5025543,regular
5025543,regular
5025543,regular
5025543,regular
5025543,regular
5025543,regular
5025543,regular
5025543,regular
5025543,regular
5025543,regular
5025543,regular
5025543,regular
5025543,regular
5025543,regular
5025543,regular
5025543,regular
5025543,regular
5025543,regular
5025543,regular
5211612,deviant
5211612,deviant
5211612,deviant
5211612,deviant
5211612,deviant
5211612,deviant
5211612,deviant
5211612,deviant
5211612,deviant
5211612,deviant
5211612,deviant
5038333,regular
5038333,regular
5038333,regular
5038333,regular
5038333,regular
5038333,regular
5038333,regular
4927964,deviant
4927964,deviant
4927964,deviant
4493747,regular
4493747,regular
4493747,regular
4821209,regular
4821209,regular
4821209,regular
5025543,regular
5025543,regular
5025543,regular
4337049,deviant
4337049,deviant
5086175,regular
5086175,regular
5086175,regular
5086175,regular
5086175,regular
5086175,regular
5086175,regular
5086175,regular
5086175,regular
5086175,regular
5086175,regular
5086175,regular
5086175,regular
5086175,regular
5086175,regular
5086175,regular
5086175,regular
5086175,regular
5086175,regular
5086175,regular
5086175,regular
5086175,regular
5086175,regular
5086175,regular
5086175,regular
5086175,regular
5086175,regular
5177352,regular
5177352,regular
5177352,regular
5177352,regular
5177352,regular
5177352,regular
5177352,regular
5177352,regular
5177352,regular
5177352,regular
5177352,regular
5177352,regular
5177352,regular
5177352,regular
5177352,regular
5177352,regular
5177352,regular
5177352,regular
5177352,regular
5177352,regular
5177352,regular
5177352,regular
5177352,regular
5177352,regular
5177352,regular
5025543,regular
4927964,deviant
4927964,deviant
5025543,regular
5038333,regular
5038333,regular
5086175,regular
5235306,regular
5025543,regular
5025543,regular
5025543,regular
5025543,regular
5025543,regular
5025543,regular
5025543,regular
5025543,regular
4485682,regular
3479896,deviant
4660602,regular
5246759,regular
5275397,regular
3479896,deviant
5235306,regular
5235306,regular
5235306,regular
5235306,regular
5235306,regular
5235306,regular
5235306,regular
5235306,regular
5235306,regular
5235306,regular
5235306,regular
5248926,deviant
5086175,regular
5258482,regular
5259517,regular
5260926,regular
5051625,regular
5051625,regular
5051625,regular
5051625,regular
4959649,deviant
3026543,deviant
5262289,regular
5264858,regular
5246759,regular
5246759,regular
5246759,regular
5246759,regular
5246759,regular
5246759,regular
5246759,regular
5246759,regular
5246759,regular
5246759,regular
5246759,regular
5248926,deviant
5248926,deviant
5248926,deviant
5248926,deviant
5248926,deviant
5248926,deviant
5248926,deviant
5248926,deviant
5248926,deviant
5248926,deviant
5248926,deviant
5266341,regular
4959649,deviant
4959649,deviant
5025543,regular
5038333,regular
5086175,regular
3026543,deviant
3026543,deviant
3026543,deviant
5258482,regular
5258482,regular
5258482,regular
5258482,regular
5258482,regular
5258482,regular
5258482,regular
5258482,regular
5258482,regular
5258482,regular
5258482,regular
5259517,regular
5259517,regular
5259517,regular
5259517,regular
5259517,regular
5259517,regular
5259517,regular
5259517,regular
5260926,regular
5260926,regular
5260926,regular
5260926,regular
5260926,regular
5260926,regular
5260926,regular
5260926,regular
5260926,regular
5260926,regular
5262289,regular
5262289,regular
5262289,regular
5262289,regular
5262289,regular
5262289,regular
5262289,regular
5262289,regular
5262289,regular
5051625,regular
5262289,regular
5262289,regular
5271267,regular
5051625,regular
5051625,regular
5051625,regular
5051625,regular
5051625,regular
5051625,regular
5051625,regular
5051625,regular
5264858,regular
5264858,regular
5264858,regular
5264858,regular
5264858,regular
5264858,regular
5264858,regular
5264858,regular
5264858,regular
5264858,regular
5264858,regular
5266341,regular
5266341,regular
5266341,regular
5266341,regular
5266341,regular
5266341,regular
5266341,regular
5266341,regular
5266341,regular
5266341,regular
5259517,regular
5259517,regular
5259517,regular
5259517,regular
5259517,regular
4971943,deviant
5259517,regular
5259517,regular
5271267,regular
5271267,regular
5271267,regular
4959649,deviant
4959649,deviant
4959649,deviant
4959649,deviant
4959649,deviant
4959649,deviant
4959649,deviant
5275397,regular
5275397,regular
5275397,regular
5275397,regular
5275397,regular
5275397,regular
5275397,regular
5275397,regular
5275397,regular
4560903,deviant
5028023,regular
5028023,regular
5275397,regular
5275397,regular
5290260,deviant
4971943,deviant
4971943,deviant
4934754,regular
4934754,regular
4934754,regular
4934754,regular
4934754,regular
4934754,regular
4934754,regular
4934754,regular
4934754,regular
4934754,regular
4934754,regular
4934754,regular
4934754,regular
4934754,regular
4934754,regular
4934754,regular
4971943,deviant
4971943,deviant
4971943,deviant
4971943,deviant
4971943,deviant
4971943,deviant
4971943,deviant
4971943,deviant
4971943,deviant
4971943,deviant
4971943,deviant
4971943,deviant
4971943,deviant
4971943,deviant
4971943,deviant
4971943,deviant
4971943,deviant
4971943,deviant
4971943,deviant
4934754,regular
4934754,regular
4971943,deviant
4971943,deviant
4971943,deviant
4934754,regular
4934754,regular
4934754,regular
4934754,regular
5293935,regular
5295312,regular
5299703,regular
5300846,regular
5069099,regular
5069099,regular
5069099,regular
5069099,regular
5069099,regular
5069099,regular
5069099,regular
5069099,regular
5069099,regular
5069099,regular
5069099,regular
5069099,regular
5069099,regular
5069099,regular
5069099,regular
5069099,regular
3026543,deviant
5028918,deviant
5051625,regular
5301739,regular
5290260,deviant
5290260,deviant
5290260,deviant
5290260,deviant
5290260,deviant
5290260,deviant
5290260,deviant
5290260,deviant
5290260,deviant
5290260,deviant
5290260,deviant
5293935,regular
5293935,regular
5293935,regular
5097876,regular
5097876,regular
5097876,regular
5097876,regular
5097876,regular
5097876,regular
5097876,regular
5097876,regular
5097876,regular
5097876,regular
5097876,regular
5097876,regular
5097876,regular
5097876,regular
5097876,regular
5097876,regular
5097876,regular
5097876,regular
5097876,regular
5097876,regular
5295312,regular
5295312,regular
5295312,regular
5295312,regular
5295312,regular
5295312,regular
5295312,regular
5295312,regular
5295312,regular
5295312,regular
5295312,regular
5712830,regular
5138442,regular
5138442,regular
5138442,regular
5138442,regular
5138442,regular
5138442,regular
5138442,regular
5138442,regular
5138442,regular
5138442,regular
5138442,regular
5138442,regular
5138442,regular
5138442,regular
5138442,regular
5138442,regular
5138442,regular
5138442,regular
5138442,regular
5138442,regular
4560903,deviant
5320594,regular
5299703,regular
5299703,regular
5299703,regular
5299703,regular
5299703,regular
5299703,regular
5299703,regular
5299703,regular
5299703,regular
5299703,regular
5299703,regular
5300846,regular
5300846,regular
5300846,regular
5300846,regular
5300846,regular
5300846,regular
5300846,regular
5300846,regular
5300846,regular
5300846,regular
5300846,regular
5143670,regular
5143670,regular
5143670,regular
5143670,regular
5143670,regular
5143670,regular
5143670,regular
5143670,regular
5143670,regular
5143670,regular
5143670,regular
5143670,regular
5143670,regular
5143670,regular
5143670,regular
5143670,regular
5143670,regular
5143670,regular
5143670,regular
5143670,regular
5143670,regular
5143670,regular
5143670,regular
5143670,regular
5301739,regular
5301739,regular
5301739,regular
5301739,regular
5301739,regular
5301739,regular
5301739,regular
5301739,regular
5301739,regular
5301739,regular
5301739,regular
5143670,regular
5143670,regular
5143670,regular
5143670,regular
5143670,regular
5143670,regular
5143670,regular
5073249,regular
5073249,regular
5073249,regular
5073249,regular
5073249,regular
5073249,regular
5073249,regular
5073249,regular
5073249,regular
5073249,regular
5073249,regular
5073249,regular
5073249,regular
5073249,regular
5073249,regular
5073249,regular
5073249,regular
5073249,regular
5073249,regular
5073249,regular
5073249,regular
5073249,regular
4546478,regular
5073249,regular
5073249,regular
5314766,deviant
4546478,regular
4546478,regular
4546478,regular
4546478,regular
4546478,regular
4546478,regular
4546478,regular
5073249,regular
5073249,regular
5073249,regular
5073249,regular
5073249,regular
4560903,deviant
5028023,regular
5314766,deviant
5314766,deviant
5314766,deviant
5314766,deviant
5314766,deviant
5314766,deviant
3582804,deviant
3582804,deviant
3582804,deviant
3582804,deviant
5327966,deviant
5264858,regular
5264858,regular
5264858,regular
5264858,regular
5264858,regular
5264858,regular
5264858,regular
5264858,regular
5264858,regular
5264858,regular
5320594,regular
5320594,regular
5320594,regular
5320594,regular
5320594,regular
5320594,regular
5320594,regular
5320594,regular
5320594,regular
5320594,regular
5320594,regular
4546478,regular
5097876,regular
5097876,regular
5097876,regular
5097876,regular
5097876,regular
5097876,regular
5097876,regular
5097876,regular
5097876,regular
5097876,regular
5097876,regular
5097876,regular
5138442,regular
5138442,regular
5138442,regular
5138442,regular
5138442,regular
5138442,regular
5138442,regular
5138442,regular
5138442,regular
5138442,regular
5138442,regular
5146211,regular
5146211,regular
5146211,regular
5146211,regular
5146211,regular
5146211,regular
5146211,regular
5146211,regular
5146211,regular
5146211,regular
5146211,regular
5146211,regular
5146211,regular
5146211,regular
5146211,regular
5146211,regular
5146211,regular
5146211,regular
5275397,regular
5275397,regular
5275397,regular
5275397,regular
5275397,regular
5275397,regular
5275397,regular
5275397,regular
5275397,regular
5275397,regular
5148204,regular
5148204,regular
5148204,regular
5148204,regular
5148204,regular
5148204,regular
5148204,regular
5148204,regular
5148204,regular
5148204,regular
5146211,regular
5146211,regular
5146211,regular
5146211,regular
5146211,regular
5146211,regular
5146211,regular
5327966,deviant
5327966,deviant
5327966,deviant
5327966,deviant
5327966,deviant
5327966,deviant
5327966,deviant
5327966,deviant
5327966,deviant
5327966,deviant
5327966,deviant
5327966,deviant
5327966,deviant
5327966,deviant
4546478,regular
5073249,regular
5290260,deviant
5290260,deviant
5290260,deviant
5290260,deviant
5290260,deviant
5290260,deviant
5290260,deviant
5290260,deviant
4546478,regular
5342369,regular
5260926,regular
5260926,regular
5260926,regular
5260926,regular
5260926,regular
5260926,regular
5260926,regular
5260926,regular
5260926,regular
5260926,regular
5260926,regular
5260926,regular
5260926,regular
5260926,regular
5260926,regular
5260926,regular
5260926,regular
5260926,regular
5260926,regular
5260926,regular
5342369,regular
5342369,regular
5342369,regular
5342369,regular
5342369,regular
5342369,regular
5342369,regular
5342369,regular
5342369,regular
5342369,regular
5342369,regular
5342369,regular
4959649,deviant
4959649,deviant
4959649,deviant
4959649,deviant
4959649,deviant
4959649,deviant
5301739,regular
5301739,regular
5301739,regular
5301739,regular
5301739,regular
5301739,regular
5301739,regular
5301739,regular
5301739,regular
5301739,regular
5301739,regular
5301739,regular
5301739,regular
5301739,regular
5301739,regular
5301739,regular
5301739,regular
5301739,regular
5301739,regular
5301739,regular
5073249,regular
5235306,regular
5235306,regular
5235306,regular
5235306,regular
5235306,regular
5235306,regular
5235306,regular
5359608,regular
5260926,regular
5246759,regular
5246759,regular
5260926,regular
5260926,regular
5246759,regular
5246759,regular
5246759,regular
5246759,regular
5260926,regular
5260926,regular
5246759,regular
5246759,regular
5246759,regular
5246759,regular
5246759,regular
5300846,regular
5300846,regular
5300846,regular
5260926,regular
5260926,regular
5260926,regular
5260926,regular
5260926,regular
5260926,regular
5293935,regular
5293935,regular
5293935,regular
5293935,regular
5293935,regular
5293935,regular
5293935,regular
5293935,regular
5293935,regular
5293935,regular
5359608,regular
5359608,regular
5359608,regular
5359608,regular
5359608,regular
5359608,regular
5359608,regular
5359608,regular
5359608,regular
5359608,regular
5299703,regular
5299703,regular
5299703,regular
5299703,regular
5299703,regular
5299703,regular
5299703,regular
5299703,regular
5299703,regular
5299703,regular
5299703,regular
5299703,regular
5299703,regular
5299703,regular
5299703,regular
5299703,regular
5299703,regular
5367672,deviant
5367672,deviant
5367672,deviant
5367672,deviant
5367672,deviant
5367672,deviant
5367672,deviant
5367672,deviant
5367672,deviant
5367672,deviant
5367672,deviant
5367672,deviant
5148204,regular
5148204,regular
5148204,regular
5148204,regular
5148204,regular
5148204,regular
5148204,regular
5148204,regular
5148204,regular
5148204,regular
5148204,regular
5148204,regular
5148204,regular
5148204,regular
5148204,regular
5148204,regular
5376987,regular
5367672,deviant
5367672,deviant
5367672,deviant
5367672,deviant
5367672,deviant
5367672,deviant
5367672,deviant
5367672,deviant
5367672,deviant
5105222,deviant
5105222,deviant
5105222,deviant
5105222,deviant
5105222,deviant
5376987,regular
5376987,regular
5376987,regular
5376987,regular
5376987,regular
5376987,regular
5376987,regular
5376987,regular
5376987,regular
5376987,regular
5376987,regular
5376987,regular
5376987,regular
5105222,deviant
5264858,regular
5264858,regular
5264858,regular
5264858,regular
5264858,regular
5264858,regular
5264858,regular
5264858,regular
5264858,regular
5264858,regular
5148204,regular
5148204,regular
5148204,regular
5148204,regular
5266341,regular
5235306,regular
5235306,regular
5235306,regular
5235306,regular
5235306,regular
5235306,regular
5235306,regular
5235306,regular
5235306,regular
5235306,regular
5235306,regular
5235306,regular
5235306,regular
5235306,regular
5235306,regular
5260926,regular
5712830,regular
5712830,regular
5712830,regular
5712830,regular
5712830,regular
5712830,regular
5712830,regular
5712830,regular
5712830,regular
5712830,regular
5712830,regular
5712830,regular
5712830,regular
5712830,regular
5712830,regular
5712830,regular
5712830,regular
5712830,regular
5712830,regular
5712830,regular
5712830,regular
5712830,regular
5712830,regular
5712830,regular
5712830,regular
5712830,regular
5712830,regular
5712830,regular
4959649,deviant
4959649,deviant
5712830,regular
5712830,regular
5712830,regular
5712830,regular
5712830,regular
5712830,regular
5712830,regular
5712830,regular
4959649,deviant
4959649,deviant
4959649,deviant
4959649,deviant
4959649,deviant
4959649,deviant
4959649,deviant
4959649,deviant
4959649,deviant
4959649,deviant
4959649,deviant
5733082,regular
5086175,regular
5086175,regular
5086175,regular
5086175,regular
5086175,regular
5086175,regular
5086175,regular
5148204,regular
5148204,regular
5148204,regular
5148204,regular
5148204,regular
5148204,regular
5148204,regular
5148204,regular
5148204,regular
5148204,regular
5235306,regular
5235306,regular
5235306,regular
5235306,regular
5235306,regular
5235306,regular
5235306,regular
5235306,regular
5235306,regular
5320594,regular
5320594,regular
5320594,regular
5320594,regular
5320594,regular
5320594,regular
5320594,regular
5320594,regular
5320594,regular
5320594,regular
5320594,regular
5320594,regular
5320594,regular
5320594,regular
5320594,regular
5320594,regular
5320594,regular
5320594,regular
5320594,regular
5320594,regular
5320594,regular
5320594,regular
5320594,regular
5320594,regular
5320594,regular
5320594,regular
5320594,regular
5320594,regular
5148204,regular
5235306,regular
5736255,deviant
4959649,deviant
4959649,deviant
4959649,deviant
4959649,deviant
4959649,deviant
4959649,deviant
5733082,regular
5733082,regular
5733082,regular
5733082,regular
5733082,regular
5733082,regular
5733082,regular
5733082,regular
5262289,regular
5262289,regular
5262289,regular
5262289,regular
5262289,regular
5262289,regular
5262289,regular
5262289,regular
5262289,regular
5262289,regular
5262289,regular
5262289,regular
5262289,regular
5262289,regular
5262289,regular
5262289,regular
5262289,regular
5262289,regular
5262289,regular
5262289,regular
4734496,deviant
5320594,regular
5376987,regular
5712830,regular
5733082,regular
5733082,regular
5746246,regular
5258482,regular
5258482,regular
5258482,regular
5258482,regular
5258482,regular
5258482,regular
5258482,regular
5258482,regular
5258482,regular
5275397,regular
5275397,regular
5275397,regular
5275397,regular
5275397,regular
5275397,regular
5275397,regular
5275397,regular
5275397,regular
5275397,regular
5275397,regular
5275397,regular
5275397,regular
5275397,regular
5275397,regular
5275397,regular
5275397,regular
5275397,regular
5275397,regular
5275397,regular
5736255,deviant
5736255,deviant
5736255,deviant
5736255,deviant
5736255,deviant
5736255,deviant
5736255,deviant
5736255,deviant
5736255,deviant
5736255,deviant
5736255,deviant
5275397,regular
5275397,regular
5275397,regular
5275397,regular
5275397,regular
5275397,regular
5275397,regular
5275397,regular
5275397,regular
5275397,regular
5275397,regular
4734496,deviant
4734496,deviant
4734496,deviant
4734496,deviant
4734496,deviant
4734496,deviant
4734496,deviant
4734496,deviant
4734496,deviant
4734496,deviant
5746246,regular
5746246,regular
5746246,regular
5746246,regular
5746246,regular
5746246,regular
5746246,regular
5746246,regular
5746246,regular
5746246,regular
5746246,regular
5262289,regular
5262289,regular
5262289,regular
5262289,regular
5262289,regular
5262289,regular
5262289,regular
5262289,regular
5262289,regular
5262289,regular
5327966,deviant
5327966,deviant
5327966,deviant
5327966,deviant
5327966,deviant
5327966,deviant
5327966,deviant
5327966,deviant
4734496,deviant
5320594,regular
5712830,regular
5264858,regular
5264858,regular
5264858,regular
5264858,regular
5264858,regular
5264858,regular
5264858,regular
5264858,regular
5264858,regular
5264858,regular
5264858,regular
5300846,regular
5300846,regular
5300846,regular
5300846,regular
5300846,regular
5300846,regular
5300846,regular
5300846,regular
5300846,regular
5300846,regular
5300846,regular
5300846,regular
5300846,regular
5300846,regular
5300846,regular
5300846,regular
5300846,regular
5300846,regular
5300846,regular
5300846,regular
5300846,regular
5300846,regular
5300846,regular
5300846,regular
5300846,regular
5300846,regular
5300846,regular
5300846,regular
5772892,regular
5792647,regular
5262289,regular
5262289,regular
5262289,regular
5262289,regular
5262289,regular
5262289,regular
5262289,regular
5262289,regular
5262289,regular
5262289,regular
5262289,regular
4734496,deviant
4959649,deviant
5320594,regular
5712830,regular
4734496,deviant
5148204,regular
5235306,regular
5275397,regular
5790328,deviant
5130775,regular
5130775,regular
5295312,regular
5295312,regular
5295312,regular
5295312,regular
5295312,regular
5295312,regular
5295312,regular
5295312,regular
5295312,regular
5295312,regular
5295312,regular
5295312,regular
5295312,regular
5295312,regular
5295312,regular
5295312,regular
5295312,regular
5295312,regular
5295312,regular
5295312,regular
4607510,deviant
4607510,deviant
4607510,deviant
4607510,deviant
4607510,deviant
4607510,deviant
4607510,deviant
4607510,deviant
4607510,deviant
4607510,deviant
4607510,deviant
4607510,deviant
4607510,deviant
4607510,deviant
4607510,deviant
4607510,deviant
4607510,deviant
4607510,deviant
4607510,deviant
4607510,deviant
5295312,regular
5295312,regular
5295312,regular
5295312,regular
5028023,regular
5028023,regular
5295312,regular
5805196,regular
5736255,deviant
5295312,regular
5295312,regular
5295312,regular
5295312,regular
5295312,regular
5802698,regular
5805078,regular
5805909,regular
5810626,regular
5301739,regular
5301739,regular
5301739,regular
5301739,regular
5301739,regular
5301739,regular
5301739,regular
5301739,regular
5301739,regular
5301739,regular
5301739,regular
4560903,deviant
4560903,deviant
4560903,deviant
4560903,deviant
4560903,deviant
4560903,deviant
4560903,deviant
4560903,deviant
4560903,deviant
4560903,deviant
4560903,deviant
4560903,deviant
4560903,deviant
4560903,deviant
4560903,deviant
4560903,deviant
4560903,deviant
4560903,deviant
4560903,deviant
4560903,deviant
4560903,deviant
4560903,deviant
4560903,deviant
4560903,deviant
4560903,deviant
4560903,deviant
4560903,deviant
4560903,deviant
4560903,deviant
4560903,deviant
4560903,deviant
4560903,deviant
4560903,deviant
4560903,deviant
4560903,deviant
4560903,deviant
4560903,deviant
4560903,deviant
4560903,deviant
4560903,deviant
4560903,deviant
4560903,deviant
4560903,deviant
4560903,deviant
4560903,deviant
4560903,deviant
4560903,deviant
4560903,deviant
4560903,deviant
4560903,deviant
4560903,deviant
4560903,deviant
4560903,deviant
4560903,deviant
5772892,regular
5772892,regular
5772892,regular
5772892,regular
5772892,regular
5772892,regular
5772892,regular
5772892,regular
5772892,regular
5772892,regular
5772892,regular
5792647,regular
5792647,regular
5792647,regular
5792647,regular
5792647,regular
5792647,regular
5792647,regular
5792647,regular
5792647,regular
5792647,regular
5792647,regular
4804777,regular
4804777,regular
4804777,regular
4804777,regular
4804777,regular
4804777,regular
5327966,deviant
5327966,deviant
5327966,deviant
5808114,regular
5829130,regular
4804777,regular
5262289,regular
5264858,regular
5300846,regular
5790328,deviant
5790328,deviant
5790328,deviant
5790328,deviant
5790328,deviant
5790328,deviant
5790328,deviant
5790328,deviant
5790328,deviant
5790328,deviant
5790328,deviant
5802698,regular
5802698,regular
5802698,regular
5802698,regular
5802698,regular
5802698,regular
5802698,regular
5802698,regular
5805078,regular
5805078,regular
5805078,regular
5805078,regular
5805078,regular
5805078,regular
5805078,regular
5805078,regular
5805078,regular
5805078,regular
5805196,regular
5805196,regular
5805196,regular
5805196,regular
5805196,regular
5805196,regular
5805196,regular
5805196,regular
5805196,regular
5805196,regular
5805196,regular
5805909,regular
5805909,regular
5805909,regular
5805909,regular
5805909,regular
5805909,regular
5805909,regular
5805909,regular
5805909,regular
5805909,regular
5805909,regular
5805196,regular
5808114,regular
5808114,regular
5808114,regular
5808114,regular
5808114,regular
5808114,regular
5808114,regular
5808114,regular
5808114,regular
5808114,regular
5808114,regular
5733082,regular
5733082,regular
5733082,regular
5733082,regular
5733082,regular
5733082,regular
5733082,regular
5810626,regular
5810626,regular
5810626,regular
5810626,regular
5810626,regular
5810626,regular
5810626,regular
5810626,regular
5810626,regular
5810626,regular
5810626,regular
5790328,deviant
5831246,regular
5146211,regular
5146211,regular
5146211,regular
5146211,regular
5146211,regular
5146211,regular
5146211,regular
5146211,regular
5146211,regular
5146211,regular
5146211,regular
5146211,regular
5146211,regular
5146211,regular
5146211,regular
5146211,regular
5746246,regular
5746246,regular
5746246,regular
5746246,regular
5746246,regular
5746246,regular
5746246,regular
5746246,regular
5746246,regular
5746246,regular
5746246,regular
5746246,regular
5746246,regular
5746246,regular
5746246,regular
5746246,regular
5746246,regular
5746246,regular
5746246,regular
5838789,regular
5841335,regular
3479896,deviant
5802698,regular
5802698,regular
5802698,regular
5802698,regular
5802698,regular
5802698,regular
5802698,regular
5802698,regular
5290260,deviant
5290260,deviant
5290260,deviant
5290260,deviant
5290260,deviant
5290260,deviant
5290260,deviant
5290260,deviant
5290260,deviant
5290260,deviant
5829130,regular
5829130,regular
5829130,regular
5829130,regular
5829130,regular
5829130,regular
5829130,regular
5829130,regular
5829130,regular
5829130,regular
5829130,regular
5831246,regular
5831246,regular
5831246,regular
5831246,regular
5831246,regular
5831246,regular
5831246,regular
5831246,regular
5831246,regular
5831246,regular
5831246,regular
5831246,regular
5843747,regular
4546478,regular
5790328,deviant
5790328,deviant
5790328,deviant
5790328,deviant
5790328,deviant
5790328,deviant
5790328,deviant
5790328,deviant
4804777,regular
5301739,regular
5844473,regular
5846992,regular
5211612,deviant
5211612,deviant
5211612,deviant
5211612,deviant
5211612,deviant
5211612,deviant
5211612,deviant
5838789,regular
5838789,regular
5838789,regular
5838789,regular
5838789,regular
5838789,regular
5838789,regular
5838789,regular
5838789,regular
5838789,regular
5838789,regular
5841335,regular
5841335,regular
5841335,regular
5841335,regular
5841335,regular
5841335,regular
5841335,regular
5841335,regular
5841335,regular
5841335,regular
5843747,regular
5843747,regular
5843747,regular
5843747,regular
5843747,regular
5843747,regular
5843747,regular
5843747,regular
5843747,regular
5843747,regular
5843747,regular
5844473,regular
5844473,regular
5844473,regular
5844473,regular
5844473,regular
5844473,regular
5844473,regular
5844473,regular
5844473,regular
5844473,regular
5844473,regular
5844473,regular
5844473,regular
5844473,regular
5844473,regular
5844473,regular
5844473,regular
5844473,regular
5844473,regular
5844473,regular
5844473,regular
5844473,regular
5844473,regular
5844473,regular
5844473,regular
5844473,regular
5844473,regular
5844473,regular
5844473,regular
5844473,regular
5844473,regular
5844473,regular
5844473,regular
5844473,regular
5844473,regular
5844473,regular
5844473,regular
5844473,regular
5844473,regular
5846992,regular
5846992,regular
5846992,regular
5846992,regular
5846992,regular
5846992,regular
5846992,regular
5846992,regular
5314766,deviant
5846992,regular
5846992,regular
4546478,regular
4546478,regular
4546478,regular
4546478,regular
4546478,regular
4546478,regular
4546478,regular
4546478,regular
4546478,regular
4546478,regular
4546478,regular
4546478,regular
4546478,regular
4546478,regular
4546478,regular
4546478,regular
4546478,regular
4546478,regular
4546478,regular
4546478,regular
4546478,regular
4546478,regular
4546478,regular
4546478,regular
4546478,regular
4546478,regular
4546478,regular
4546478,regular
4546478,regular
5028023,regular
5028023,regular
5028023,regular
5028023,regular
5028023,regular
5028023,regular
5028023,regular
5028023,regular
5028023,regular
5028023,regular
5028023,regular
5028023,regular
5028023,regular
5028023,regular
5028023,regular
5028023,regular
5028023,regular
5028023,regular
5028023,regular
5028023,regular
5028023,regular
5028023,regular
5028023,regular
5028023,regular
5028023,regular
5028023,regular
5028023,regular
5028023,regular
5028023,regular
5028023,regular
5028023,regular
5028023,regular
5028023,regular
5028023,regular
5028023,regular
5028023,regular
5028023,regular
5028023,regular
5327966,deviant
5327966,deviant
5327966,deviant
5327966,deviant
5327966,deviant
5327966,deviant
5327966,deviant
5327966,deviant
5327966,deviant
5327966,deviant
5327966,deviant
5327966,deviant
5327966,deviant
5327966,deviant
5327966,deviant
5327966,deviant
5327966,deviant
5327966,deviant
5327966,deviant
5327966,deviant
5327966,deviant
5327966,deviant
5327966,deviant
5327966,deviant
5327966,deviant
5327966,deviant
5327966,deviant
5327966,deviant
5327966,deviant
5327966,deviant
5327966,deviant
5790328,deviant
5790328,deviant
5790328,deviant
5299703,regular
5299703,regular
4546478,regular
5359608,regular
5844473,regular
5874335,deviant
5878428,regular
5746246,regular
5746246,regular
5746246,regular
5746246,regular
5746246,regular
5746246,regular
5746246,regular
5746246,regular
5746246,regular
5746246,regular
5746246,regular
3026543,deviant
3026543,deviant
3026543,deviant
3026543,deviant
3026543,deviant
3026543,deviant
3026543,deviant
3026543,deviant
3026543,deviant
3026543,deviant
3026543,deviant
3026543,deviant
3026543,deviant
3026543,deviant
3026543,deviant
3026543,deviant
3026543,deviant
5790328,deviant
5790328,deviant
5790328,deviant
5790328,deviant
5790328,deviant
5790328,deviant
5790328,deviant
5790328,deviant
5790328,deviant
5790328,deviant
5790328,deviant
5790328,deviant
5790328,deviant
5790328,deviant
5790328,deviant
5790328,deviant
5790328,deviant
5790328,deviant
5790328,deviant
5790328,deviant
5790328,deviant
5790328,deviant
5790328,deviant
5790328,deviant
5790328,deviant
5790328,deviant
5790328,deviant
5790328,deviant
5790328,deviant
5790328,deviant
5790328,deviant
5790328,deviant
5846992,regular
5846992,regular
5846992,regular
5846992,regular
5846992,regular
5846992,regular
5846992,regular
5846992,regular
5846992,regular
5846992,regular
5846992,regular
5846992,regular
5846992,regular
5846992,regular
5846992,regular
5846992,regular
5846992,regular
5846992,regular
5846992,regular
5211612,deviant
5875084,regular
5211612,deviant
5831246,regular
5831246,regular
5831246,regular
5846992,regular
5146211,regular
5888724,deviant
5359608,regular
5359608,regular
5359608,regular
5359608,regular
5359608,regular
5359608,regular
5359608,regular
5359608,regular
5359608,regular
5359608,regular
5359608,regular
5359608,regular
5359608,regular
5359608,regular
5359608,regular
5359608,regular
5359608,regular
5359608,regular
5359608,regular
5359608,regular
5359608,regular
5359608,regular
5359608,regular
5359608,regular
5359608,regular
5359608,regular
5359608,regular
5359608,regular
5359608,regular
5875084,regular
5875084,regular
5875084,regular
5875084,regular
5875084,regular
5875084,regular
5875084,regular
5875084,regular
5875084,regular
5875084,regular
5875084,regular
3026543,deviant
3026543,deviant
5874335,deviant
5874335,deviant
5874335,deviant
5874335,deviant
5874335,deviant
5874335,deviant
5874335,deviant
5874335,deviant
5874335,deviant
5874335,deviant
5874335,deviant
5376987,regular
5376987,regular
5376987,regular
5376987,regular
5376987,regular
5376987,regular
5376987,regular
5376987,regular
5266341,regular
5266341,regular
5266341,regular
5266341,regular
5266341,regular
5266341,regular
5266341,regular
5266341,regular
5266341,regular
5376987,regular
5846992,regular
5846992,regular
5846992,regular
5846992,regular
5846992,regular
5846992,regular
5846992,regular
5846992,regular
5874335,deviant
5874335,deviant
5874335,deviant
5874335,deviant
5874335,deviant
5874335,deviant
5874335,deviant
5874335,deviant
5874335,deviant
3026543,deviant
4546478,regular
5359608,regular
5844473,regular
5888724,deviant
5888724,deviant
5888724,deviant
5888724,deviant
5888724,deviant
5888724,deviant
5888724,deviant
5888724,deviant
5888724,deviant
5367672,deviant
5367672,deviant
5846992,regular
5846992,regular
5888724,deviant
5888724,deviant
3741124,deviant
3741124,deviant
3741124,deviant
3741124,deviant
3741124,deviant
3741124,deviant
3741124,deviant
3741124,deviant
3741124,deviant
3741124,deviant
3741124,deviant
3741124,deviant
3741124,deviant
3741124,deviant
3741124,deviant
3741124,deviant
3741124,deviant
3741124,deviant
3741124,deviant
3741124,deviant
3741124,deviant
3741124,deviant
3741124,deviant
5878428,regular
5878428,regular
5878428,regular
5878428,regular
5878428,regular
5878428,regular
5878428,regular
5878428,regular
5878428,regular
5878428,regular
5878428,regular
5878428,regular
5367672,deviant
5367672,deviant
5367672,deviant
5367672,deviant
5367672,deviant
5367672,deviant
3026543,deviant
4546478,regular
5844473,regular
5805078,regular
5805078,regular
5805078,regular
5248926,deviant
5248926,deviant
5248926,deviant
5248926,deviant
5805078,regular
5805078,regular
5248926,deviant
5805078,regular
5805078,regular
5248926,deviant
5248926,deviant
5805078,regular
5805078,regular
5327966,deviant
5359608,regular
5746246,regular
3741124,deviant
3741124,deviant
3741124,deviant
5912784,regular
5913868,deviant
5968613,regular
3741124,deviant
5912784,regular
5912784,regular
5912784,regular
5912784,regular
5912784,regular
5912784,regular
5912784,regular
5912784,regular
5912784,regular
5912784,regular
5912784,regular
5367672,deviant
5367672,deviant
5367672,deviant
5367672,deviant
5367672,deviant
5367672,deviant
5367672,deviant
5367672,deviant
5367672,deviant
5913868,deviant
5913868,deviant
5913868,deviant
5913868,deviant
5913868,deviant
5913868,deviant
5913868,deviant
5913868,deviant
5913868,deviant
5913868,deviant
5913868,deviant
5841335,regular
5841335,regular
5841335,regular
5841335,regular
5841335,regular
5841335,regular
5841335,regular
5841335,regular
5841335,regular
5841335,regular
5841335,regular
5841335,regular
5841335,regular
5841335,regular
5841335,regular
5841335,regular
5841335,regular
5841335,regular
5841335,regular
5841335,regular
3479896,deviant
5951292,regular
5841335,regular
5841335,regular
5841335,regular
5841335,regular
5841335,regular
5841335,regular
5841335,regular
5841335,regular
5841335,regular
5841335,regular
5841335,regular
5805909,regular
5805909,regular
5805909,regular
5805909,regular
5805909,regular
5805909,regular
5805909,regular
5805909,regular
5805909,regular
5805909,regular
5805909,regular
5805909,regular
5805909,regular
5805909,regular
5805909,regular
5805909,regular
5805909,regular
5805909,regular
5805909,regular
5805909,regular
5805909,regular
5805909,regular
5805909,regular
5805909,regular
5805909,regular
5805909,regular
5805909,regular
5805909,regular
5805909,regular
5805909,regular
5805909,regular
5829130,regular
5829130,regular
5829130,regular
5829130,regular
5829130,regular
5829130,regular
5829130,regular
5829130,regular
5829130,regular
5829130,regular
5829130,regular
5829130,regular
5829130,regular
5829130,regular
5829130,regular
5829130,regular
5829130,regular
5829130,regular
5829130,regular
5829130,regular
5808114,regular
5808114,regular
5808114,regular
5808114,regular
5808114,regular
3741124,deviant
3741124,deviant
5248926,deviant
5846992,regular
3479896,deviant
3479896,deviant
3479896,deviant
3479896,deviant
3479896,deviant
3479896,deviant
3479896,deviant
5248926,deviant
5810626,regular
5810626,regular
5810626,regular
5810626,regular
5810626,regular
5810626,regular
5810626,regular
5810626,regular
5810626,regular
5810626,regular
5810626,regular
5810626,regular
5810626,regular
5810626,regular
5810626,regular
5810626,regular
5810626,regular
5810626,regular
5810626,regular
5810626,regular
5843747,regular
5843747,regular
5843747,regular
5843747,regular
5843747,regular
5843747,regular
5843747,regular
5843747,regular
5843747,regular
5843747,regular
5843747,regular
5843747,regular
5843747,regular
5843747,regular
5843747,regular
5843747,regular
5843747,regular
5843747,regular
5843747,regular
5843747,regular
5829130,regular
5829130,regular
5829130,regular
5829130,regular
5829130,regular
5829130,regular
5829130,regular
5829130,regular
5829130,regular
5295312,regular
5295312,regular
5295312,regular
5295312,regular
5295312,regular
5295312,regular
5295312,regular
5295312,regular
5295312,regular
5295312,regular
5295312,regular
5736255,deviant
5829130,regular
5829130,regular
5954716,regular
5736255,deviant
5736255,deviant
5736255,deviant
5736255,deviant
5736255,deviant
5736255,deviant
5736255,deviant
5810626,regular
5810626,regular
5810626,regular
5810626,regular
5810626,regular
5810626,regular
5810626,regular
5810626,regular
5810626,regular
5810626,regular
5810626,regular
5843747,regular
5843747,regular
5843747,regular
5843747,regular
5843747,regular
5843747,regular
5843747,regular
5843747,regular
5843747,regular
5843747,regular
5843747,regular
5299703,regular
5299703,regular
5299703,regular
5299703,regular
5299703,regular
5299703,regular
5299703,regular
5299703,regular
5792647,regular
5805909,regular
5841335,regular
5959967,regular
5961714,regular
5962738,regular
5951292,regular
5951292,regular
5951292,regular
5951292,regular
5951292,regular
5951292,regular
5951292,regular
5951292,regular
5951292,regular
5951292,regular
5951292,regular
5808114,regular
5808114,regular
5808114,regular
5808114,regular
5808114,regular
5808114,regular
5808114,regular
5808114,regular
5808114,regular
5808114,regular
5808114,regular
5808114,regular
5954716,regular
5954716,regular
5954716,regular
5954716,regular
5954716,regular
5954716,regular
5954716,regular
5954716,regular
5954716,regular
5954716,regular
5954716,regular
5808114,regular
5808114,regular
5320594,regular
5320594,regular
5320594,regular
5320594,regular
5320594,regular
5320594,regular
5320594,regular
5712830,regular
5712830,regular
5712830,regular
5712830,regular
5712830,regular
5712830,regular
5712830,regular
5959967,regular
5959967,regular
5959967,regular
5959967,regular
5959967,regular
5959967,regular
5959967,regular
5959967,regular
5959967,regular
5959967,regular
5959967,regular
5961714,regular
5961714,regular
5961714,regular
5961714,regular
5961714,regular
5961714,regular
5961714,regular
5961714,regular
5961714,regular
5961714,regular
5961714,regular
5962738,regular
5962738,regular
5962738,regular
5962738,regular
5962738,regular
5962738,regular
5962738,regular
5962738,regular
5962738,regular
5962738,regular
5962738,regular
5808114,regular
5808114,regular
5808114,regular
5808114,regular
5808114,regular
5808114,regular
5808114,regular
5808114,regular
5808114,regular
5808114,regular
5970052,regular
5978097,regular
4607510,deviant
4607510,deviant
4607510,deviant
4607510,deviant
4607510,deviant
4607510,deviant
4607510,deviant
4607510,deviant
5912784,regular
5912784,regular
5912784,regular
5912784,regular
5912784,regular
5912784,regular
5912784,regular
5912784,regular
5912784,regular
5912784,regular
5912784,regular
5912784,regular
5912784,regular
5912784,regular
5912784,regular
5912784,regular
5912784,regular
5912784,regular
5912784,regular
5912784,regular
5912784,regular
5912784,regular
5912784,regular
5912784,regular
5912784,regular
5912784,regular
5912784,regular
5912784,regular
5968613,regular
5968613,regular
5968613,regular
5968613,regular
5968613,regular
5968613,regular
5968613,regular
5968613,regular
5968613,regular
5968613,regular
5968613,regular
5968613,regular
5968613,regular
5968613,regular
5970052,regular
5970052,regular
5970052,regular
5970052,regular
5970052,regular
5970052,regular
5970052,regular
5970052,regular
5970052,regular
5970052,regular
5970052,regular
5970052,regular
4607510,deviant
5808114,regular
5912784,regular
5912784,regular
5772892,regular
5295312,regular
5810626,regular
5829130,regular
5843747,regular
5978097,regular
5978097,regular
5978097,regular
5978097,regular
5978097,regular
5978097,regular
5978097,regular
5978097,regular
5978097,regular
5978097,regular
5978097,regular
6008161,regular
6009005,regular
4607510,deviant
5912784,regular
5772892,regular
5772892,regular
5772892,regular
5772892,regular
5772892,regular
5772892,regular
5772892,regular
5772892,regular
5772892,regular
5772892,regular
5772892,regular
5772892,regular
5772892,regular
5772892,regular
5772892,regular
5772892,regular
5772892,regular
5772892,regular
5772892,regular
5772892,regular
5772892,regular
5772892,regular
5772892,regular
5772892,regular
5772892,regular
5772892,regular
5772892,regular
5772892,regular
5772892,regular
4734496,deviant
6009653,deviant
4922974,regular
4922974,regular
4922974,regular
4922974,regular
4922974,regular
4922974,regular
5772892,regular
5772892,regular
5772892,regular
5772892,regular
5772892,regular
5772892,regular
5772892,regular
5772892,regular
5772892,regular
5772892,regular
4607510,deviant
5772892,regular
4607510,deviant
5808114,regular
5912784,regular
6009005,regular
6009005,regular
6008161,regular
6008161,regular
6008161,regular
6008161,regular
6008161,regular
6008161,regular
6008161,regular
6008161,regular
6008161,regular
6008161,regular
6008161,regular
6009005,regular
6009005,regular
6009005,regular
6009653,deviant
6009653,deviant
6009653,deviant
6009653,deviant
6009653,deviant
6009653,deviant
6009653,deviant
6009653,deviant
6009653,deviant
6009653,deviant
6009653,deviant
4734496,deviant
5211612,deviant
5838789,regular
5838789,regular
5838789,regular
5838789,regular
5838789,regular
5838789,regular
5838789,regular
5838789,regular
5838789,regular
5838789,regular
5838789,regular
5838789,regular
5838789,regular
5838789,regular
5838789,regular
5838789,regular
5838789,regular
5838789,regular
5838789,regular
5838789,regular
5838789,regular
5838789,regular
5838789,regular
5838789,regular
5838789,regular
5838789,regular
5838789,regular
5838789,regular
5838789,regular
5838789,regular
5838789,regular
5838789,regular
5951292,regular
5951292,regular
5951292,regular
5951292,regular
5951292,regular
5951292,regular
5951292,regular
5951292,regular
5951292,regular
5951292,regular
5951292,regular
5951292,regular
5951292,regular
5951292,regular
5951292,regular
5951292,regular
5951292,regular
5951292,regular
5951292,regular
5951292,regular
5968613,regular
5968613,regular
5968613,regular
5968613,regular
5968613,regular
5968613,regular
5968613,regular
5968613,regular
5968613,regular
5968613,regular
5968613,regular
5968613,regular
5968613,regular
5968613,regular
5968613,regular
5968613,regular
5968613,regular
5968613,regular
5968613,regular
5968613,regular
5968613,regular
5968613,regular
5968613,regular
5968613,regular
5968613,regular
5968613,regular
5968613,regular
5968613,regular
5968613,regular
5968613,regular
5968613,regular
5954716,regular
5954716,regular
5954716,regular
5954716,regular
5954716,regular
5954716,regular
5954716,regular
5954716,regular
5954716,regular
5954716,regular
5954716,regular
5954716,regular
5954716,regular
5954716,regular
5954716,regular
5954716,regular
5954716,regular
5954716,regular
5954716,regular
4734496,deviant
5772892,regular
3327777,deviant
3327777,deviant
3327777,deviant
3327777,deviant
3327777,deviant
3327777,deviant
3327777,deviant
3327777,deviant
3327777,deviant
3327777,deviant
3327777,deviant
3327777,deviant
3327777,deviant
3327777,deviant
3327777,deviant
3327777,deviant
3327777,deviant
3327777,deviant
3327777,deviant
3327777,deviant
3327777,deviant
3327777,deviant
3327777,deviant
3327777,deviant
5874335,deviant
5874335,deviant
5874335,deviant
5790328,deviant
5790328,deviant
5790328,deviant
5790328,deviant
5790328,deviant
5790328,deviant
5888724,deviant
5888724,deviant
5888724,deviant
5888724,deviant
5888724,deviant
5888724,deviant
3327777,deviant
3327777,deviant
3327777,deviant
3327777,deviant
5790328,deviant
5888724,deviant
6105253,regular
6105523,deviant
5831246,regular
5831246,regular
5831246,regular
5831246,regular
5831246,regular
5831246,regular
5831246,regular
5831246,regular
5831246,regular
5831246,regular
3479896,deviant
5790328,deviant
5790328,deviant
5790328,deviant
5790328,deviant
5790328,deviant
5790328,deviant
5790328,deviant
5790328,deviant
5790328,deviant
5838789,regular
5968613,regular
6009005,regular
6009005,regular
6009005,regular
6009005,regular
6009005,regular
6009005,regular
6009005,regular
6009005,regular
6009005,regular
6009005,regular
6009005,regular
6009005,regular
6009005,regular
6009005,regular
6009005,regular
6009005,regular
6009005,regular
6009005,regular
6009005,regular
6009005,regular
6105253,regular
6105253,regular
6105253,regular
6105253,regular
6105253,regular
6105253,regular
6105253,regular
5970052,regular
5970052,regular
5970052,regular
5970052,regular
5970052,regular
5970052,regular
5970052,regular
5970052,regular
5970052,regular
5970052,regular
5970052,regular
5970052,regular
5970052,regular
5970052,regular
5970052,regular
5970052,regular
5970052,regular
5970052,regular
5970052,regular
5970052,regular
5970052,regular
5959967,regular
5959967,regular
5959967,regular
5959967,regular
5959967,regular
5959967,regular
5959967,regular
5959967,regular
5959967,regular
5959967,regular
5959967,regular
5959967,regular
5959967,regular
5959967,regular
5959967,regular
5959967,regular
5959967,regular
5959967,regular
5959967,regular
5959967,regular
6009005,regular
6009005,regular
6009005,regular
6009005,regular
6009005,regular
6009005,regular
6009005,regular
6009005,regular
6009005,regular
6009005,regular
6009005,regular
6009005,regular
6009005,regular
5359608,regular
5359608,regular
5844473,regular
6171838,regular
5959967,regular
5959967,regular
5959967,regular
5959967,regular
5959967,regular
5959967,regular
5959967,regular
5959967,regular
5959967,regular
5959967,regular
5959967,regular
6008161,regular
6008161,regular
6008161,regular
6008161,regular
6008161,regular
6008161,regular
6008161,regular
6008161,regular
6008161,regular
6008161,regular
6008161,regular
6008161,regular
6008161,regular
6008161,regular
6008161,regular
6008161,regular
6008161,regular
6008161,regular
6008161,regular
6008161,regular
6008161,regular
6008161,regular
6008161,regular
6008161,regular
6008161,regular
6008161,regular
6008161,regular
6008161,regular
5951292,regular
5951292,regular
5951292,regular
5951292,regular
5951292,regular
5951292,regular
5951292,regular
5951292,regular
5951292,regular
5954716,regular
5954716,regular
5954716,regular
5954716,regular
5954716,regular
5954716,regular
5954716,regular
5954716,regular
5954716,regular
5954716,regular
3327777,deviant
5951292,regular
5954716,regular
6173903,deviant
6008161,regular
6009005,regular
6189414,regular
5961714,regular
5961714,regular
5961714,regular
5961714,regular
5961714,regular
5961714,regular
5961714,regular
5961714,regular
5961714,regular
5978097,regular
5978097,regular
5978097,regular
5978097,regular
5978097,regular
5978097,regular
5978097,regular
5978097,regular
5978097,regular
5978097,regular
5978097,regular
5978097,regular
5978097,regular
5978097,regular
5978097,regular
5978097,regular
5978097,regular
5978097,regular
5978097,regular
3327777,deviant
3327777,deviant
5790328,deviant
6105253,regular
6171838,regular
6171838,regular
6171838,regular
6105523,deviant
6105523,deviant
6105523,deviant
6105523,deviant
6105523,deviant
6105523,deviant
6105523,deviant
6105523,deviant
6105523,deviant
6105523,deviant
6105523,deviant
6105253,regular
6105253,regular
6105253,regular
6105253,regular
6173903,deviant
6173903,deviant
6173903,deviant
6173903,deviant
6173903,deviant
6173903,deviant
6173903,deviant
6173903,deviant
6173903,deviant
6173903,deviant
6173903,deviant
5106291,regular
5106291,regular
5106291,regular
5106291,regular
5106291,regular
5106291,regular
5106291,regular
5106291,regular
5106291,regular
5106291,regular
5106291,regular
5106291,regular
5106291,regular
5106291,regular
5106291,regular
5106291,regular
5106291,regular
5106291,regular
5106291,regular
5106291,regular
5106291,regular
5106291,regular
5106291,regular
5106291,regular
5106291,regular
5106291,regular
5106291,regular
5106291,regular
5106291,regular
5106291,regular
5961714,regular
5961714,regular
5961714,regular
5961714,regular
5961714,regular
5961714,regular
5961714,regular
5961714,regular
5961714,regular
5961714,regular
5961714,regular
5961714,regular
5961714,regular
5961714,regular
5961714,regular
5961714,regular
5961714,regular
5961714,regular
6008161,regular
6009005,regular
6196539,regular
6211217,regular
6215562,deviant
6189414,regular
6189414,regular
6189414,regular
6189414,regular
6189414,regular
6189414,regular
6189414,regular
6189414,regular
6189414,regular
6189414,regular
5359608,regular
5359608,regular
5359608,regular
5359608,regular
5359608,regular
5844473,regular
5844473,regular
3026543,deviant
3026543,deviant
3026543,deviant
6196539,regular
6196539,regular
6196539,regular
6196539,regular
6196539,regular
6196539,regular
6196539,regular
6196539,regular
6196539,regular
5106291,regular
5961714,regular
5961714,regular
6196539,regular
6208711,regular
6211217,regular
6211217,regular
6211217,regular
6211217,regular
6211217,regular
6211217,regular
6211217,regular
6211217,regular
6211217,regular
6211217,regular
6211217,regular
6211217,regular
6211217,regular
5913868,deviant
5951292,regular
5954716,regular
5959967,regular
6008161,regular
6009005,regular
6215562,deviant
6241110,regular
5106291,regular
5106291,regular
4546478,regular
4546478,regular
4546478,regular
5805196,regular
5805196,regular
5805196,regular
6215562,deviant
6215562,deviant
6215562,deviant
3741124,deviant
3741124,deviant
3741124,deviant
6208711,regular
6208711,regular
6208711,regular
6208711,regular
6208711,regular
6208711,regular
6208711,regular
6208711,regular
6208711,regular
5913868,deviant
5913868,deviant
5913868,deviant
5913868,deviant
5913868,deviant
5913868,deviant
5913868,deviant
5913868,deviant
5913868,deviant
5106291,regular
6250994,deviant
6260081,regular
6241110,regular
6241110,regular
6241110,regular
6241110,regular
6241110,regular
6241110,regular
6241110,regular
6241110,regular
6241110,regular
5108257,regular
5108257,regular
5108257,regular
6189414,regular
6189414,regular
6189414,regular
6189414,regular
6189414,regular
6189414,regular
6189414,regular
6189414,regular
6189414,regular
6189414,regular
6189414,regular
6189414,regular
6189414,regular
6189414,regular
6189414,regular
6189414,regular
6189414,regular
6189414,regular
6189414,regular
6189414,regular
6189414,regular
6189414,regular
6189414,regular
6189414,regular
6189414,regular
6189414,regular
6189414,regular
6189414,regular
6189414,regular
6173903,deviant
6173903,deviant
6173903,deviant
6173903,deviant
6173903,deviant
6173903,deviant
6173903,deviant
6173903,deviant
6009653,deviant
6009653,deviant
6009653,deviant
6009653,deviant
6009653,deviant
6250994,deviant
6250994,deviant
6250994,deviant
6250994,deviant
6250994,deviant
6250994,deviant
6250994,deviant
6250994,deviant
6250994,deviant
6009653,deviant
6009653,deviant
5962738,regular
5962738,regular
5962738,regular
4560903,deviant
5962738,regular
6009653,deviant
6173903,deviant
6189414,regular
6189414,regular
6250994,deviant
6275723,regular
6277419,regular
6196539,regular
6196539,regular
6196539,regular
6196539,regular
6196539,regular
6196539,regular
6196539,regular
6196539,regular
6196539,regular
6196539,regular
6196539,regular
6196539,regular
6196539,regular
6196539,regular
6196539,regular
6196539,regular
6196539,regular
6196539,regular
6196539,regular
6196539,regular
6196539,regular
6260081,regular
6260081,regular
6260081,regular
6260081,regular
6260081,regular
6260081,regular
6260081,regular
6260081,regular
6260081,regular
6260081,regular
6260081,regular
6208711,regular
6208711,regular
6208711,regular
6208711,regular
6208711,regular
6208711,regular
6208711,regular
6208711,regular
6208711,regular
6208711,regular
6208711,regular
6208711,regular
6208711,regular
6208711,regular
6208711,regular
6208711,regular
6208711,regular
6208711,regular
6208711,regular
6208711,regular
5978097,regular
5978097,regular
5978097,regular
5792647,regular
5792647,regular
5792647,regular
5792647,regular
5792647,regular
5792647,regular
5792647,regular
5792647,regular
6279562,regular
5106291,regular
5961714,regular
6289142,deviant
6315337,regular
5962738,regular
5962738,regular
5962738,regular
5962738,regular
5962738,regular
5962738,regular
5962738,regular
5962738,regular
5962738,regular
5962738,regular
5962738,regular
5962738,regular
5962738,regular
5962738,regular
5962738,regular
5962738,regular
5962738,regular
5962738,regular
5962738,regular
5962738,regular
6275723,regular
6275723,regular
6275723,regular
6275723,regular
6275723,regular
6275723,regular
6275723,regular
6275723,regular
6275723,regular
6275723,regular
4560903,deviant
4560903,deviant
4560903,deviant
4560903,deviant
4560903,deviant
4560903,deviant
4560903,deviant
4560903,deviant
4560903,deviant
4560903,deviant
4560903,deviant
4560903,deviant
4560903,deviant
4560903,deviant
5211612,deviant
5211612,deviant
5211612,deviant
5211612,deviant
5211612,deviant
6277419,regular
6277419,regular
6277419,regular
6277419,regular
6277419,regular
6277419,regular
6277419,regular
6277419,regular
6277419,regular
6277419,regular
6277419,regular
6279562,regular
6279562,regular
6279562,regular
6279562,regular
6279562,regular
6279562,regular
6279562,regular
6279562,regular
6279562,regular
6279562,regular
6279562,regular
6171838,regular
6171838,regular
6171838,regular
6171838,regular
6171838,regular
6171838,regular
6171838,regular
6171838,regular
6171838,regular
6171838,regular
6171838,regular
6171838,regular
6171838,regular
6171838,regular
6171838,regular
6171838,regular
6171838,regular
6171838,regular
6171838,regular
6171838,regular
6171838,regular
6171838,regular
6171838,regular
6171838,regular
6171838,regular
6171838,regular
6171838,regular
6171838,regular
6171838,regular
6171838,regular
6171838,regular
6296900,deviant
6297689,regular
6380605,regular
6196539,regular
6196539,regular
6196539,regular
6196539,regular
6196539,regular
6196539,regular
6196539,regular
6196539,regular
6196539,regular
6196539,regular
6208711,regular
6208711,regular
6208711,regular
6208711,regular
6208711,regular
6208711,regular
6208711,regular
6208711,regular
6208711,regular
6208711,regular
5978097,regular
5978097,regular
5978097,regular
5978097,regular
5978097,regular
5978097,regular
5978097,regular
5978097,regular
6171838,regular
6171838,regular
6171838,regular
6171838,regular
6171838,regular
6171838,regular
6171838,regular
6171838,regular
6171838,regular
6009653,deviant
6009653,deviant
6009653,deviant
6316725,regular
6799546,regular
4560903,deviant
6189414,regular
6189414,regular
6189414,regular
6289142,deviant
6289142,deviant
6289142,deviant
6289142,deviant
6289142,deviant
6289142,deviant
6289142,deviant
6289142,deviant
6289142,deviant
6009653,deviant
6009653,deviant
6009653,deviant
6009653,deviant
6009653,deviant
6009653,deviant
6009653,deviant
6009653,deviant
6009653,deviant
6009653,deviant
6009653,deviant
6009653,deviant
6009653,deviant
6009653,deviant
6009653,deviant
6009653,deviant
6009653,deviant
6009653,deviant
6009653,deviant
6009653,deviant
6009653,deviant
6009653,deviant
6009653,deviant
6009653,deviant
6009653,deviant
6009653,deviant
6296900,deviant
6296900,deviant
6296900,deviant
6296900,deviant
6296900,deviant
6296900,deviant
6296900,deviant
6296900,deviant
6296900,deviant
6296900,deviant
6297689,regular
6297689,regular
6297689,regular
6297689,regular
6297689,regular
6297689,regular
6297689,regular
6297689,regular
6297689,regular
6297689,regular
6211217,regular
6211217,regular
6211217,regular
6211217,regular
6211217,regular
6211217,regular
6211217,regular
6211217,regular
6211217,regular
6211217,regular
6211217,regular
6211217,regular
6211217,regular
6211217,regular
6211217,regular
6211217,regular
6211217,regular
6211217,regular
6211217,regular
6211217,regular
5874335,deviant
5211612,deviant
5211612,deviant
5211612,deviant
5211612,deviant
5211612,deviant
5211612,deviant
5211612,deviant
5211612,deviant
5211612,deviant
5211612,deviant
5211612,deviant
5211612,deviant
5211612,deviant
5211612,deviant
5211612,deviant
5211612,deviant
5211612,deviant
5211612,deviant
5211612,deviant
5211612,deviant
5211612,deviant
5211612,deviant
5211612,deviant
5211612,deviant
5211612,deviant
5211612,deviant
5211612,deviant
5211612,deviant
5978097,regular
5978097,regular
6171838,regular
6171838,regular
6171838,regular
6171838,regular
6171838,regular
6196539,regular
6196539,regular
6196539,regular
6196539,regular
6196539,regular
6208711,regular
6208711,regular
6208711,regular
6208711,regular
6208711,regular
5970052,regular
5970052,regular
5970052,regular
5970052,regular
5970052,regular
5970052,regular
5970052,regular
5970052,regular
5970052,regular
5970052,regular
5970052,regular
6173903,deviant
6173903,deviant
6173903,deviant
6173903,deviant
6173903,deviant
6173903,deviant
6173903,deviant
6277419,regular
4560903,deviant
5874335,deviant
5874335,deviant
5874335,deviant
5874335,deviant
5874335,deviant
5874335,deviant
5874335,deviant
5874335,deviant
5874335,deviant
5874335,deviant
5874335,deviant
5874335,deviant
5874335,deviant
5874335,deviant
5874335,deviant
5874335,deviant
5874335,deviant
5874335,deviant
5874335,deviant
5962738,regular
5962738,regular
5962738,regular
5962738,regular
5962738,regular
5962738,regular
7840906,regular
5962738,regular
5962738,regular
5962738,regular
5962738,regular
5962738,regular
5962738,regular
5962738,regular
5962738,regular
5962738,regular
5912784,regular
5912784,regular
5912784,regular
5912784,regular
5912784,regular
5912784,regular
5211612,deviant
6173903,deviant
6380605,regular
6215562,deviant
6215562,deviant
6215562,deviant
6215562,deviant
6215562,deviant
6215562,deviant
6215562,deviant
6215562,deviant
6215562,deviant
6215562,deviant
6215562,deviant
6215562,deviant
6215562,deviant
6215562,deviant
6215562,deviant
6215562,deviant
6215562,deviant
6215562,deviant
6009653,deviant
6009653,deviant
6009653,deviant
6009653,deviant
6009653,deviant
6009653,deviant
6009653,deviant
5342369,regular
5342369,regular
5342369,regular
5342369,regular
5342369,regular
5342369,regular
5342369,regular
5342369,regular
5342369,regular
5342369,regular
5342369,regular
5342369,regular
5342369,regular
5342369,regular
5342369,regular
5342369,regular
5342369,regular
5342369,regular
5342369,regular
5342369,regular
5342369,regular
5342369,regular
5342369,regular
5342369,regular
5342369,regular
5342369,regular
5342369,regular
5808114,regular
5808114,regular
5808114,regular
5808114,regular
5808114,regular
5808114,regular
5808114,regular
5808114,regular
5808114,regular
5808114,regular
5808114,regular
5808114,regular
5874335,deviant
5874335,deviant
5874335,deviant
5874335,deviant
6173903,deviant
6173903,deviant
6173903,deviant
6173903,deviant
6173903,deviant
6173903,deviant
5342369,regular
5808114,regular
5808114,regular
5874335,deviant
5962738,regular
5962738,regular
6009653,deviant
6009653,deviant
6173903,deviant
6371605,regular
6173903,deviant
6173903,deviant
6173903,deviant
6173903,deviant
6173903,deviant
5874335,deviant
5874335,deviant
5874335,deviant
5874335,deviant
5874335,deviant
5874335,deviant
5874335,deviant
5874335,deviant
6316725,regular
6316725,regular
6316725,regular
6316725,regular
6316725,regular
6316725,regular
6316725,regular
6316725,regular
6316725,regular
6315337,regular
6315337,regular
6315337,regular
6250994,deviant
6250994,deviant
6250994,deviant
6250994,deviant
6250994,deviant
6250994,deviant
6250994,deviant
6250994,deviant
6315337,regular
6448530,regular
5970052,regular
5978097,regular
6371605,regular
6371605,regular
6371605,regular
6371605,regular
6371605,regular
6371605,regular
6371605,regular
6371605,regular
6371605,regular
6371605,regular
4607510,deviant
4607510,deviant
6380605,regular
6380605,regular
6380605,regular
6380605,regular
6380605,regular
6380605,regular
6380605,regular
6380605,regular
6380605,regular
6380605,regular
6380605,regular
6380605,regular
4734496,deviant
4734496,deviant
6315337,regular
6315337,regular
6315337,regular
6315337,regular
6315337,regular
6315337,regular
6315337,regular
6277419,regular
5342369,regular
6441282,regular
5299703,regular
5299703,regular
5299703,regular
5299703,regular
6211217,regular
6211217,regular
6211217,regular
6211217,regular
6211217,regular
6211217,regular
6211217,regular
6211217,regular
6211217,regular
6211217,regular
5808114,regular
5874335,deviant
5962738,regular
6009653,deviant
6105253,regular
6105253,regular
6105253,regular
6105253,regular
6105253,regular
6105253,regular
6105253,regular
6105253,regular
6105253,regular
6105253,regular
6105253,regular
6105253,regular
6105253,regular
6105253,regular
6105253,regular
6105253,regular
6105253,regular
6105253,regular
6105253,regular
6105253,regular
6105253,regular
5133110,regular
6105253,regular
6211217,regular
6211217,regular
6211217,regular
6211217,regular
6211217,regular
6442148,regular
6444905,regular
6105253,regular
6105253,regular
6105253,regular
6105253,regular
6105253,regular
6105253,regular
6105253,regular
6105253,regular
6105253,regular
6105253,regular
6105253,regular
6105523,deviant
6105523,deviant
6105523,deviant
6105523,deviant
6105523,deviant
6105523,deviant
6105523,deviant
6105253,regular
6105253,regular
6105253,regular
6499483,regular
4607510,deviant
5133260,deviant
5299703,regular
4607510,deviant
4607510,deviant
4607510,deviant
4607510,deviant
4607510,deviant
4607510,deviant
4607510,deviant
4607510,deviant
4607510,deviant
4607510,deviant
4607510,deviant
4607510,deviant
4607510,deviant
4607510,deviant
4607510,deviant
4607510,deviant
4607510,deviant
3867254,regular
3867254,regular
3867254,regular
3867254,regular
3867254,regular
3867254,regular
3867254,regular
6441282,regular
6441282,regular
6441282,regular
6441282,regular
6441282,regular
6441282,regular
6441282,regular
6441282,regular
6441282,regular
6441282,regular
6441282,regular
6442148,regular
6442148,regular
6442148,regular
6442148,regular
6442148,regular
6442148,regular
6442148,regular
6442148,regular
6442148,regular
6442148,regular
6442148,regular
6444905,regular
6444905,regular
6444905,regular
6444905,regular
6444905,regular
6444905,regular
6444905,regular
6444905,regular
6444905,regular
6444905,regular
6444905,regular
6008161,regular
6008161,regular
6448530,regular
6501345,regular
6448530,regular
6448530,regular
6448530,regular
6448530,regular
6448530,regular
6448530,regular
6448530,regular
6448530,regular
6448530,regular
6448530,regular
6448530,regular
6448530,regular
6448530,regular
6448530,regular
6448530,regular
6448530,regular
4607510,deviant
3741124,deviant
3741124,deviant
3741124,deviant
3741124,deviant
3741124,deviant
3741124,deviant
3741124,deviant
4607510,deviant
6543942,regular
6499483,regular
6499483,regular
6499483,regular
6499483,regular
6499483,regular
6499483,regular
6499483,regular
6499483,regular
6499483,regular
6499483,regular
6499483,regular
6501345,regular
6501345,regular
6501345,regular
6501345,regular
6501345,regular
6501345,regular
6501345,regular
6501345,regular
6501345,regular
3741124,deviant
3741124,deviant
6448530,regular
6448530,regular
6448530,regular
6448530,regular
6241110,regular
6241110,regular
6241110,regular
6241110,regular
6241110,regular
6241110,regular
6241110,regular
6241110,regular
6241110,regular
6241110,regular
6241110,regular
6241110,regular
6241110,regular
6241110,regular
6241110,regular
6241110,regular
6241110,regular
6241110,regular
6241110,regular
6241110,regular
6241110,regular
6241110,regular
6241110,regular
6241110,regular
6241110,regular
6241110,regular
6241110,regular
6241110,regular
6241110,regular
6241110,regular
6545518,regular
3741124,deviant
6277419,regular
6277419,regular
6277419,regular
6277419,regular
6277419,regular
6277419,regular
6277419,regular
6277419,regular
6277419,regular
6277419,regular
6277419,regular
6277419,regular
6277419,regular
6277419,regular
6277419,regular
6277419,regular
6277419,regular
6277419,regular
6277419,regular
6277419,regular
6277419,regular
6277419,regular
6241110,regular
6241110,regular
6289142,deviant
6289142,deviant
6289142,deviant
6289142,deviant
6289142,deviant
6289142,deviant
6289142,deviant
6289142,deviant
6289142,deviant
6289142,deviant
6289142,deviant
6289142,deviant
6289142,deviant
6289142,deviant
6289142,deviant
6289142,deviant
6289142,deviant
6289142,deviant
6289142,deviant
6289142,deviant
6289142,deviant
6289142,deviant
6289142,deviant
6289142,deviant
6241110,regular
6241110,regular
6241110,regular
6279562,regular
6279562,regular
6279562,regular
6279562,regular
6279562,regular
6279562,regular
6279562,regular
6279562,regular
6279562,regular
6279562,regular
6279562,regular
6279562,regular
6279562,regular
6279562,regular
6279562,regular
6279562,regular
6279562,regular
6279562,regular
6279562,regular
6279562,regular
6279562,regular
6279562,regular
6279562,regular
6279562,regular
6279562,regular
6279562,regular
3741124,deviant
6543942,regular
6543942,regular
6543942,regular
6543942,regular
6543942,regular
6543942,regular
6543942,regular
6543942,regular
6543942,regular
6543942,regular
6260081,regular
6260081,regular
6260081,regular
6260081,regular
6260081,regular
6260081,regular
6260081,regular
6260081,regular
6260081,regular
6260081,regular
6260081,regular
6260081,regular
6260081,regular
6260081,regular
6260081,regular
6260081,regular
6260081,regular
6260081,regular
6260081,regular
6260081,regular
6260081,regular
6260081,regular
6260081,regular
6260081,regular
6260081,regular
6260081,regular
6260081,regular
6260081,regular
6260081,regular
6260081,regular
6260081,regular
6260081,regular
6260081,regular
6260081,regular
6260081,regular
6618380,regular
6275723,regular
6275723,regular
6277419,regular
6277419,regular
6279562,regular
6279562,regular
6279562,regular
6641576,regular
6279562,regular
6279562,regular
6279562,regular
6279562,regular
6279562,regular
6279562,regular
6279562,regular
6279562,regular
6279562,regular
6277419,regular
6277419,regular
6277419,regular
6277419,regular
6277419,regular
6277419,regular
6277419,regular
6277419,regular
6277419,regular
6277419,regular
6277419,regular
6277419,regular
6277419,regular
6275723,regular
6275723,regular
6275723,regular
6275723,regular
6275723,regular
6275723,regular
6275723,regular
6275723,regular
6275723,regular
6275723,regular
6275723,regular
4560903,deviant
4560903,deviant
4560903,deviant
6008161,regular
6008161,regular
6008161,regular
6008161,regular
6008161,regular
4560903,deviant
4560903,deviant
6316725,regular
6316725,regular
6545518,regular
6545518,regular
6545518,regular
6545518,regular
6545518,regular
6545518,regular
6545518,regular
6545518,regular
6545518,regular
6545518,regular
6545518,regular
6545518,regular
6316725,regular
6316725,regular
6316725,regular
6316725,regular
6316725,regular
6316725,regular
6316725,regular
6316725,regular
6316725,regular
6316725,regular
6316725,regular
6371605,regular
6371605,regular
6371605,regular
6371605,regular
6371605,regular
6371605,regular
6371605,regular
6371605,regular
6371605,regular
6371605,regular
6371605,regular
6371605,regular
6371605,regular
6371605,regular
6371605,regular
6441282,regular
6441282,regular
6441282,regular
6441282,regular
6441282,regular
6441282,regular
6441282,regular
6441282,regular
6441282,regular
6441282,regular
6441282,regular
6441282,regular
6441282,regular
6441282,regular
6441282,regular
6441282,regular
6441282,regular
6441282,regular
6441282,regular
6441282,regular
6250994,deviant
6296900,deviant
6297689,regular
6297689,regular
6656063,deviant
6316725,regular
6316725,regular
6316725,regular
6316725,regular
6316725,regular
6316725,regular
6316725,regular
6316725,regular
6316725,regular
6316725,regular
6316725,regular
6316725,regular
6316725,regular
6316725,regular
6316725,regular
6316725,regular
6316725,regular
6316725,regular
6316725,regular
6316725,regular
6297689,regular
6297689,regular
6297689,regular
6297689,regular
6297689,regular
6297689,regular
6297689,regular
6297689,regular
6297689,regular
6297689,regular
6297689,regular
6297689,regular
6296900,deviant
6296900,deviant
6296900,deviant
6296900,deviant
6296900,deviant
6296900,deviant
6618380,regular
6618380,regular
6618380,regular
5913868,deviant
5913868,deviant
5913868,deviant
5913868,deviant
5913868,deviant
5913868,deviant
5913868,deviant
5913868,deviant
5913868,deviant
5913868,deviant
5913868,deviant
5913868,deviant
5913868,deviant
5913868,deviant
5913868,deviant
5913868,deviant
5913868,deviant
6618380,regular
6618380,regular
6618380,regular
6618380,regular
6618380,regular
6618380,regular
6250994,deviant
6250994,deviant
6250994,deviant
6250994,deviant
6250994,deviant
6250994,deviant
6250994,deviant
6250994,deviant
6250994,deviant
6250994,deviant
6250994,deviant
6316725,regular
6441282,regular
6316725,regular
6316725,regular
6316725,regular
6316725,regular
6316725,regular
6316725,regular
6316725,regular
6316725,regular
6316725,regular
6316725,regular
6316725,regular
6441282,regular
6441282,regular
6441282,regular
6441282,regular
6441282,regular
6441282,regular
6441282,regular
6441282,regular
6441282,regular
6441282,regular
6441282,regular
6316725,regular
6316725,regular
6316725,regular
6441282,regular
6441282,regular
6441282,regular
6444905,regular
6641576,regular
6641576,regular
6641576,regular
6641576,regular
6641576,regular
6641576,regular
6641576,regular
6641576,regular
6641576,regular
6641576,regular
6641576,regular
5106291,regular
5106291,regular
5106291,regular
5106291,regular
5106291,regular
5106291,regular
5106291,regular
5106291,regular
5106291,regular
5106291,regular
6683602,regular
6250994,deviant
6250994,deviant
6250994,deviant
6250994,deviant
6250994,deviant
6250994,deviant
6250994,deviant
6250994,deviant
6250994,deviant
6250994,deviant
5106291,regular
5106291,regular
5106291,regular
5106291,regular
6380605,regular
6380605,regular
6380605,regular
6380605,regular
6380605,regular
6380605,regular
6380605,regular
6380605,regular
6380605,regular
6380605,regular
6380605,regular
6380605,regular
6380605,regular
6380605,regular
6380605,regular
6380605,regular
6380605,regular
6380605,regular
6380605,regular
6380605,regular
6380605,regular
6380605,regular
5106291,regular
6705233,regular
6683602,regular
6683602,regular
6683602,regular
6683602,regular
6683602,regular
6683602,regular
6683602,regular
6683602,regular
6683602,regular
6683602,regular
6718840,regular
6745647,regular
6705233,regular
6705233,regular
6705233,regular
6705233,regular
6705233,regular
6705233,regular
6705233,regular
6705233,regular
6705233,regular
6705233,regular
6705233,regular
6705233,regular
6705233,regular
6705233,regular
6656063,deviant
6656063,deviant
6656063,deviant
6656063,deviant
6656063,deviant
5106291,regular
6444905,regular
6444905,regular
6444905,regular
6444905,regular
6444905,regular
6444905,regular
6444905,regular
6444905,regular
6444905,regular
6444905,regular
6444905,regular
6444905,regular
6718840,regular
6718840,regular
6718840,regular
6718840,regular
6718840,regular
6718840,regular
6718840,regular
6718840,regular
6718840,regular
6718840,regular
6718840,regular
6656063,deviant
6656063,deviant
6656063,deviant
6656063,deviant
6442148,regular
6442148,regular
6442148,regular
6442148,regular
6442148,regular
6442148,regular
6442148,regular
6442148,regular
6442148,regular
6442148,regular
6442148,regular
6442148,regular
6442148,regular
6442148,regular
6442148,regular
6442148,regular
6442148,regular
6442148,regular
6442148,regular
6442148,regular
6442148,regular
6442148,regular
6442148,regular
6442148,regular
6442148,regular
6442148,regular
6442148,regular
6442148,regular
6442148,regular
6442148,regular
6442148,regular
6442148,regular
6442148,regular
6442148,regular
6442148,regular
6799546,regular
6799546,regular
6745647,regular
6745647,regular
6745647,regular
6745647,regular
6745647,regular
6745647,regular
6745647,regular
6745647,regular
6745647,regular
6745647,regular
6745647,regular
6705233,regular
6705233,regular
6705233,regular
6705233,regular
6705233,regular
6705233,regular
6705233,regular
6705233,regular
6705233,regular
6705233,regular
6705233,regular
6705233,regular
6705233,regular
6705233,regular
6705233,regular
6705233,regular
6705233,regular
6705233,regular
6705233,regular
6705233,regular
6705233,regular
6705233,regular
6705233,regular
6705233,regular
6705233,regular
6705233,regular
6705233,regular
6705233,regular
6705233,regular
6499483,regular
6499483,regular
6757275,regular
6289142,deviant
6289142,deviant
6289142,deviant
6499483,regular
6499483,regular
6499483,regular
6499483,regular
6499483,regular
6499483,regular
6499483,regular
6499483,regular
6499483,regular
6499483,regular
6499483,regular
6499483,regular
6499483,regular
6499483,regular
6499483,regular
6499483,regular
6499483,regular
6499483,regular
6499483,regular
6757275,regular
6757275,regular
6757275,regular
6757275,regular
6757275,regular
6757275,regular
6757275,regular
6757275,regular
6757275,regular
6757275,regular
5342369,regular
5342369,regular
5342369,regular
5342369,regular
5342369,regular
5342369,regular
5342369,regular
5342369,regular
5211612,deviant
5342369,regular
6215562,deviant
6215562,deviant
6705233,regular
6705233,regular
6705233,regular
6799546,regular
6189414,regular
6189414,regular
6189414,regular
6189414,regular
6189414,regular
6189414,regular
6189414,regular
6189414,regular
6189414,regular
5211612,deviant
5211612,deviant
5211612,deviant
5211612,deviant
5211612,deviant
5211612,deviant
5211612,deviant
5211612,deviant
5211612,deviant
5211612,deviant
5211612,deviant
5211612,deviant
5211612,deviant
5211612,deviant
5342369,regular
5342369,regular
5342369,regular
5342369,regular
5342369,regular
6215562,deviant
6215562,deviant
6215562,deviant
6215562,deviant
6215562,deviant
5069099,regular
5069099,regular
5069099,regular
5069099,regular
5069099,regular
5069099,regular
5069099,regular
5069099,regular
5069099,regular
5069099,regular
5069099,regular
5069099,regular
6501345,regular
6501345,regular
6501345,regular
6501345,regular
6501345,regular
6501345,regular
6501345,regular
6501345,regular
6501345,regular
6501345,regular
6501345,regular
6501345,regular
6501345,regular
6501345,regular
6501345,regular
6501345,regular
6501345,regular
6501345,regular
6501345,regular
6501345,regular
6501345,regular
6501345,regular
6501345,regular
5069099,regular
5211612,deviant
5342369,regular
6215562,deviant
6215562,deviant
6705233,regular
6705233,regular
6799546,regular
6799546,regular
6799546,regular
6799546,regular
6799546,regular
6799546,regular
6799546,regular
6799546,regular
5028918,deviant
6501345,regular
6856215,regular
6501345,regular
6501345,regular
6501345,regular
6501345,regular
6501345,regular
6501345,regular
6501345,regular
6501345,regular
6501345,regular
6501345,regular
6501345,regular
6543942,regular
6543942,regular
6543942,regular
6543942,regular
6543942,regular
6543942,regular
6543942,regular
6543942,regular
6543942,regular
6543942,regular
6543942,regular
6543942,regular
6543942,regular
6543942,regular
6543942,regular
6543942,regular
6543942,regular
6543942,regular
6543942,regular
6543942,regular
6543942,regular
6543942,regular
6501345,regular
6501345,regular
6501345,regular
5211612,deviant
5342369,regular
6888280,regular
6856215,regular
6856215,regular
6856215,regular
5028918,deviant
5028918,deviant
5028918,deviant
5028918,deviant
5028918,deviant
5028918,deviant
5028918,deviant
5028918,deviant
5028918,deviant
5028918,deviant
5028918,deviant
5028918,deviant
5028918,deviant
5028918,deviant
5028918,deviant
5028918,deviant
5028918,deviant
5028918,deviant
5028918,deviant
5028918,deviant
5028918,deviant
5028918,deviant
5028918,deviant
5028918,deviant
5028918,deviant
5028918,deviant
5028918,deviant
5028918,deviant
5028918,deviant
5028918,deviant
5028918,deviant
5028918,deviant
5028918,deviant
5028918,deviant
5028918,deviant
5028918,deviant
5028918,deviant
5028918,deviant
5028918,deviant
5028918,deviant
5028918,deviant
5028918,deviant
5028918,deviant
5028918,deviant
5028918,deviant
6105523,deviant
6105523,deviant
6105523,deviant
6105523,deviant
6275723,regular
6275723,regular
6275723,regular
6275723,regular
6275723,regular
6543942,regular
6543942,regular
6543942,regular
6543942,regular
6543942,regular
6543942,regular
6275723,regular
6275723,regular
6275723,regular
6275723,regular
6275723,regular
6275723,regular
6275723,regular
6275723,regular
6275723,regular
6275723,regular
6275723,regular
6275723,regular
6275723,regular
6275723,regular
6275723,regular
6275723,regular
3741124,deviant
3741124,deviant
6275723,regular
6275723,regular
6543942,regular
6543942,regular
6543942,regular
6315337,regular
6275723,regular
6275723,regular
6275723,regular
6275723,regular
6275723,regular
6275723,regular
6275723,regular
6275723,regular
6275723,regular
6275723,regular
6275723,regular
6275723,regular
6275723,regular
6543942,regular
6543942,regular
6543942,regular
6543942,regular
6543942,regular
6543942,regular
6543942,regular
6543942,regular
6543942,regular
6315337,regular
5314766,deviant
5314766,deviant
5314766,deviant
5314766,deviant
5314766,deviant
5314766,deviant
5314766,deviant
5028918,deviant
6545518,regular
6545518,regular
6757275,regular
6757275,regular
6757275,regular
6757275,regular
6757275,regular
6757275,regular
6757275,regular
6757275,regular
6757275,regular
6757275,regular
6757275,regular
6757275,regular
6757275,regular
6757275,regular
6757275,regular
6757275,regular
6757275,regular
6757275,regular
6757275,regular
6757275,regular
6757275,regular
6757275,regular
6757275,regular
6757275,regular
6757275,regular
6757275,regular
6757275,regular
6757275,regular
6757275,regular
6745647,regular
6745647,regular
6745647,regular
6745647,regular
6745647,regular
6745647,regular
6745647,regular
6745647,regular
6745647,regular
6745647,regular
6745647,regular
6745647,regular
6745647,regular
6745647,regular
6745647,regular
6745647,regular
6745647,regular
6745647,regular
6745647,regular
6745647,regular
6745647,regular
6745647,regular
6745647,regular
6745647,regular
6745647,regular
6745647,regular
6745647,regular
6745647,regular
6745647,regular
6745647,regular
6888280,regular
6888280,regular
6888280,regular
6888280,regular
6888280,regular
6888280,regular
6888280,regular
6888280,regular
6888280,regular
6888280,regular
6888280,regular
6545518,regular
6545518,regular
6545518,regular
6545518,regular
6545518,regular
6545518,regular
6545518,regular
6545518,regular
6545518,regular
6545518,regular
6545518,regular
6545518,regular
6545518,regular
6545518,regular
6545518,regular
6545518,regular
6545518,regular
6545518,regular
6545518,regular
6545518,regular
6545518,regular
6545518,regular
6545518,regular
6745647,regular
6745647,regular
6745647,regular
6757275,regular
6757275,regular
6757275,regular
6545518,regular
6545518,regular
6545518,regular
6545518,regular
6545518,regular
6545518,regular
6545518,regular
6545518,regular
6545518,regular
6545518,regular
6545518,regular
6545518,regular
6297689,regular
6297689,regular
6297689,regular
6297689,regular
6297689,regular
6297689,regular
6297689,regular
6297689,regular
6297689,regular
6297689,regular
6297689,regular
6297689,regular
6297689,regular
6105523,deviant
6105523,deviant
6105523,deviant
6105523,deviant
6105523,deviant
6105523,deviant
6105523,deviant
6105523,deviant
6105523,deviant
6105523,deviant
6105523,deviant
6105523,deviant
6105523,deviant
6105523,deviant
6105523,deviant
6105523,deviant
6105523,deviant
6105523,deviant
6105523,deviant
6941059,regular
5028918,deviant
5069099,regular
6380605,regular
6618380,regular
6618380,regular
6618380,regular
6618380,regular
6618380,regular
6618380,regular
6618380,regular
6618380,regular
6618380,regular
6618380,regular
6618380,regular
6618380,regular
6618380,regular
6618380,regular
6618380,regular
6618380,regular
6618380,regular
6618380,regular
6618380,regular
6618380,regular
5736255,deviant
5736255,deviant
5736255,deviant
5736255,deviant
5736255,deviant
5736255,deviant
5736255,deviant
5314766,deviant
5314766,deviant
5314766,deviant
5314766,deviant
5314766,deviant
5314766,deviant
5314766,deviant
5314766,deviant
5314766,deviant
5314766,deviant
5314766,deviant
5314766,deviant
5314766,deviant
5314766,deviant
5314766,deviant
5314766,deviant
5314766,deviant
5314766,deviant
5314766,deviant
5314766,deviant
5314766,deviant
5314766,deviant
5314766,deviant
5314766,deviant
5314766,deviant
5314766,deviant
5314766,deviant
5314766,deviant
5314766,deviant
5314766,deviant
5314766,deviant
5314766,deviant
5314766,deviant
5314766,deviant
6380605,regular
6380605,regular
6380605,regular
6380605,regular
6380605,regular
6380605,regular
6380605,regular
6380605,regular
6380605,regular
6380605,regular
6380605,regular
6380605,regular
6380605,regular
6380605,regular
6105523,deviant
6105523,deviant
6105523,deviant
6105523,deviant
6105523,deviant
6105523,deviant
6105523,deviant
6105523,deviant
6105523,deviant
6105523,deviant
6105523,deviant
6105523,deviant
6105523,deviant
6105523,deviant
6105523,deviant
6745647,regular
6745647,regular
6757275,regular
6757275,regular
6969255,deviant
5314766,deviant
5314766,deviant
6641576,regular
6641576,regular
6641576,regular
6641576,regular
6641576,regular
6641576,regular
6641576,regular
6641576,regular
6641576,regular
6641576,regular
6641576,regular
6641576,regular
6641576,regular
6641576,regular
6641576,regular
6641576,regular
6641576,regular
6641576,regular
6641576,regular
6641576,regular
6941059,regular
6941059,regular
6941059,regular
6941059,regular
6941059,regular
6941059,regular
6941059,regular
6941059,regular
6941059,regular
5314766,deviant
6380605,regular
6380605,regular
6683602,regular
6683602,regular
6941059,regular
6975241,regular
6683602,regular
6683602,regular
6683602,regular
6683602,regular
6683602,regular
6683602,regular
6683602,regular
6683602,regular
6683602,regular
6683602,regular
6683602,regular
6683602,regular
6683602,regular
6683602,regular
6683602,regular
6683602,regular
6683602,regular
6683602,regular
6683602,regular
6683602,regular
6683602,regular
6380605,regular
6380605,regular
6380605,regular
6380605,regular
6380605,regular
6380605,regular
6380605,regular
6380605,regular
6380605,regular
6380605,regular
6380605,regular
6380605,regular
6380605,regular
6683602,regular
6683602,regular
6683602,regular
6683602,regular
6683602,regular
6683602,regular
6683602,regular
6683602,regular
6683602,regular
6683602,regular
6683602,regular
6683602,regular
6683602,regular
6985928,regular
6656063,deviant
6656063,deviant
6656063,deviant
6656063,deviant
6656063,deviant
6656063,deviant
6656063,deviant
6656063,deviant
6656063,deviant
6656063,deviant
6656063,deviant
6656063,deviant
6656063,deviant
6656063,deviant
6988222,deviant
6656063,deviant
6656063,deviant
6656063,deviant
6656063,deviant
6656063,deviant
6656063,deviant
6656063,deviant
6656063,deviant
6969255,deviant
6969255,deviant
6969255,deviant
6969255,deviant
6969255,deviant
6969255,deviant
6969255,deviant
6969255,deviant
6969255,deviant
6975241,regular
6975241,regular
6975241,regular
6975241,regular
6975241,regular
6975241,regular
6975241,regular
6975241,regular
6975241,regular
6975241,regular
6975241,regular
6371605,regular
6371605,regular
6371605,regular
6371605,regular
6371605,regular
6371605,regular
6371605,regular
6371605,regular
6371605,regular
6371605,regular
6371605,regular
6371605,regular
6371605,regular
6371605,regular
6371605,regular
6371605,regular
6371605,regular
6371605,regular
6371605,regular
6371605,regular
6371605,regular
6371605,regular
6371605,regular
6371605,regular
6371605,regular
6371605,regular
6371605,regular
6371605,regular
6371605,regular
6641576,regular
6641576,regular
6371605,regular
6371605,regular
6371605,regular
6371605,regular
6371605,regular
6371605,regular
6371605,regular
6371605,regular
6371605,regular
6641576,regular
6641576,regular
6641576,regular
6641576,regular
6641576,regular
6641576,regular
6641576,regular
6641576,regular
6641576,regular
6641576,regular
6641576,regular
6641576,regular
6641576,regular
6985928,regular
6985928,regular
6985928,regular
6985928,regular
6985928,regular
6985928,regular
6985928,regular
6985928,regular
6985928,regular
6985928,regular
6985928,regular
6718840,regular
6718840,regular
6718840,regular
6718840,regular
6718840,regular
6718840,regular
6718840,regular
6718840,regular
6718840,regular
6718840,regular
6718840,regular
6718840,regular
6718840,regular
6718840,regular
6718840,regular
6718840,regular
6718840,regular
6718840,regular
6718840,regular
6718840,regular
6988222,deviant
6988222,deviant
6988222,deviant
6988222,deviant
6988222,deviant
6988222,deviant
6988222,deviant
6988222,deviant
6988222,deviant
6988222,deviant
2929114,regular
2929114,regular
2929114,regular
2929114,regular
2929114,regular
2929114,regular
2929114,regular
2929114,regular
2929114,regular
2929114,regular
2929114,regular
2929114,regular
5314766,deviant
4734496,deviant
4734496,deviant
4734496,deviant
4734496,deviant
4734496,deviant
4734496,deviant
4734496,deviant
4734496,deviant
4734496,deviant
4734496,deviant
4734496,deviant
4734496,deviant
4734496,deviant
4734496,deviant
4734496,deviant
4734496,deviant
4734496,deviant
4734496,deviant
4734496,deviant
4734496,deviant
4734496,deviant
4734496,deviant
4734496,deviant
4734496,deviant
4734496,deviant
4734496,deviant
4734496,deviant
7024496,regular
7026486,deviant
7030598,regular
7034791,deviant
4607510,deviant
4607510,deviant
4607510,deviant
5314766,deviant
7024496,regular
7071988,deviant
7026486,deviant
7026486,deviant
7026486,deviant
7026486,deviant
7026486,deviant
7026486,deviant
7026486,deviant
7026486,deviant
7026486,deviant
6499483,regular
6499483,regular
6499483,regular
6499483,regular
6499483,regular
6499483,regular
6499483,regular
6499483,regular
6499483,regular
6499483,regular
6499483,regular
6499483,regular
7030598,regular
7030598,regular
7030598,regular
7030598,regular
7030598,regular
7030598,regular
7030598,regular
7030598,regular
7030598,regular
7030598,regular
3327777,deviant
3327777,deviant
3327777,deviant
3327777,deviant
3327777,deviant
3327777,deviant
3327777,deviant
3327777,deviant
3327777,deviant
5106291,regular
5106291,regular
5133260,deviant
5133260,deviant
5133260,deviant
5133260,deviant
5133260,deviant
5133260,deviant
5133260,deviant
5133260,deviant
5133260,deviant
5133260,deviant
5133260,deviant
5133260,deviant
5133260,deviant
5133260,deviant
5133260,deviant
5133260,deviant
5133260,deviant
5133260,deviant
5133260,deviant
5133260,deviant
5133260,deviant
5133260,deviant
5133260,deviant
5133260,deviant
5133260,deviant
5133260,deviant
5133260,deviant
5133260,deviant
5133260,deviant
5133260,deviant
5133260,deviant
5133260,deviant
5133260,deviant
5133260,deviant
5133260,deviant
5133260,deviant
5133260,deviant
5133260,deviant
5133260,deviant
5133260,deviant
6718840,regular
6718840,regular
6718840,regular
6718840,regular
6718840,regular
6718840,regular
6718840,regular
6718840,regular
6718840,regular
6718840,regular
3741124,deviant
3741124,deviant
2929114,regular
2929114,regular
2929114,regular
7099003,regular
7034791,deviant
7034791,deviant
7034791,deviant
7034791,deviant
7034791,deviant
7034791,deviant
7034791,deviant
7034791,deviant
7034791,deviant
7034791,deviant
6289142,deviant
6289142,deviant
6289142,deviant
6289142,deviant
6289142,deviant
5133260,deviant
5133260,deviant
3327777,deviant
3327777,deviant
3327777,deviant
5133260,deviant
6718840,regular
6718840,regular
6718840,regular
6718840,regular
6718840,regular
7100593,regular
7071988,deviant
7071988,deviant
7071988,deviant
7071988,deviant
7071988,deviant
7071988,deviant
7071988,deviant
7071988,deviant
7071988,deviant
7071988,deviant
7071988,deviant
7071988,deviant
7102157,regular
7099003,regular
7099003,regular
7099003,regular
7099003,regular
7099003,regular
7099003,regular
7099003,regular
7099003,regular
7099003,regular
7099003,regular
7099003,regular
4567840,deviant
7100593,regular
7100593,regular
7100593,regular
7102157,regular
7102157,regular
7102157,regular
7102157,regular
7102157,regular
7102157,regular
7102157,regular
7102157,regular
7102157,regular
7100593,regular
7100593,regular
7100593,regular
7100593,regular
7100593,regular
7100593,regular
7100593,regular
3388781,deviant
3388781,deviant
3388781,deviant
3388781,deviant
3388781,deviant
3388781,deviant
3388781,deviant
3388781,deviant
3388781,deviant
3388781,deviant
3388781,deviant
3388781,deviant
3388781,deviant
3388781,deviant
3388781,deviant
3388781,deviant
3388781,deviant
3388781,deviant
3388781,deviant
3388781,deviant
3388781,deviant
3388781,deviant
3388781,deviant
3388781,deviant
3388781,deviant
3388781,deviant
7119352,regular
2929114,regular
3327777,deviant
3388781,deviant
5133260,deviant
6499483,regular
6499483,regular
6499483,regular
6499483,regular
6499483,regular
6499483,regular
6499483,regular
6499483,regular
6499483,regular
6499483,regular
6499483,regular
6499483,regular
6499483,regular
6499483,regular
6499483,regular
7119352,regular
7119352,regular
7119352,regular
7119352,regular
7119352,regular
3327777,deviant
7144878,regular
7157410,regular
7163104,regular
7165130,deviant
6985928,regular
6985928,regular
6985928,regular
6985928,regular
6985928,regular
6985928,regular
6985928,regular
6985928,regular
6985928,regular
6985928,regular
6985928,regular
6985928,regular
6985928,regular
6985928,regular
6985928,regular
6985928,regular
6985928,regular
6985928,regular
6985928,regular
6985928,regular
6985928,regular
6985928,regular
6985928,regular
6985928,regular
6988222,deviant
6988222,deviant
6988222,deviant
6988222,deviant
6988222,deviant
6988222,deviant
5133260,deviant
6799546,regular
6799546,regular
6988222,deviant
6969255,deviant
6969255,deviant
6969255,deviant
6969255,deviant
6969255,deviant
6969255,deviant
6969255,deviant
3388781,deviant
3388781,deviant
3388781,deviant
7144878,regular
7144878,regular
7144878,regular
7144878,regular
7144878,regular
7144878,regular
7144878,regular
7144878,regular
7144878,regular
7119352,regular
7119352,regular
7119352,regular
7119352,regular
7119352,regular
6799546,regular
6799546,regular
6799546,regular
6799546,regular
6985928,regular
6985928,regular
6799546,regular
6799546,regular
6799546,regular
6799546,regular
6799546,regular
6799546,regular
6799546,regular
6799546,regular
6799546,regular
6799546,regular
6799546,regular
6799546,regular
6799546,regular
6799546,regular
6799546,regular
6799546,regular
6799546,regular
6799546,regular
6799546,regular
6799546,regular
6799546,regular
6799546,regular
6799546,regular
6799546,regular
6799546,regular
6799546,regular
6799546,regular
6799546,regular
6799546,regular
6799546,regular
6799546,regular
6799546,regular
6799546,regular
6985928,regular
6985928,regular
6985928,regular
6985928,regular
6985928,regular
6985928,regular
6985928,regular
6985928,regular
6985928,regular
6985928,regular
6985928,regular
6985928,regular
6799546,regular
6799546,regular
6799546,regular
6799546,regular
6799546,regular
6799546,regular
6799546,regular
6799546,regular
6799546,regular
6799546,regular
6799546,regular
5173437,regular
5173437,regular
5173437,regular
5173437,regular
5173437,regular
5173437,regular
5173437,regular
5173437,regular
5173437,regular
5173437,regular
5173437,regular
5173437,regular
5173437,regular
5173437,regular
5173437,regular
5173437,regular
5173437,regular
5173437,regular
5173437,regular
5173437,regular
5173437,regular
5173437,regular
5173437,regular
5173437,regular
5173437,regular
5173437,regular
5173437,regular
5173437,regular
5173437,regular
5173437,regular
5173437,regular
5173437,regular
7026486,deviant
7026486,deviant
7026486,deviant
7026486,deviant
7026486,deviant
7026486,deviant
3388781,deviant
7026486,deviant
7168922,deviant
7157410,regular
7157410,regular
7157410,regular
7157410,regular
7157410,regular
7157410,regular
7157410,regular
7157410,regular
7157410,regular
7157410,regular
6941059,regular
6941059,regular
6941059,regular
6941059,regular
6941059,regular
6941059,regular
6941059,regular
6941059,regular
6941059,regular
6941059,regular
6941059,regular
6941059,regular
6941059,regular
6941059,regular
6941059,regular
6941059,regular
6941059,regular
6941059,regular
6941059,regular
6941059,regular
6941059,regular
6941059,regular
6941059,regular
6941059,regular
6941059,regular
6941059,regular
6941059,regular
6941059,regular
6941059,regular
7163104,regular
7163104,regular
7163104,regular
7163104,regular
7163104,regular
7163104,regular
7163104,regular
7163104,regular
7163104,regular
7163104,regular
7163104,regular
7165130,deviant
7165130,deviant
7165130,deviant
7165130,deviant
7165130,deviant
7165130,deviant
7165130,deviant
7165130,deviant
7165130,deviant
7165130,deviant
5888724,deviant
6941059,regular
6941059,regular
7205355,regular
5125719,regular
5125719,regular
5125719,regular
5125719,regular
5125719,regular
5125719,regular
5125719,regular
5125719,regular
5125719,regular
6856215,regular
6856215,regular
6856215,regular
6856215,regular
6856215,regular
6856215,regular
6856215,regular
6856215,regular
6856215,regular
7099003,regular
7099003,regular
7099003,regular
7099003,regular
7099003,regular
5133110,regular
5133110,regular
5133110,regular
5133110,regular
5133110,regular
5133110,regular
5133110,regular
5133110,regular
5133110,regular
3388781,deviant
5888724,deviant
5888724,deviant
5888724,deviant
5888724,deviant
5888724,deviant
5888724,deviant
5888724,deviant
5888724,deviant
5888724,deviant
5888724,deviant
5888724,deviant
5888724,deviant
5888724,deviant
5888724,deviant
5888724,deviant
5888724,deviant
5888724,deviant
5888724,deviant
5888724,deviant
5888724,deviant
5888724,deviant
5888724,deviant
5888724,deviant
5888724,deviant
5888724,deviant
5888724,deviant
3388781,deviant
7209451,deviant
7168922,deviant
7168922,deviant
7168922,deviant
7168922,deviant
7168922,deviant
7168922,deviant
2929114,regular
2929114,regular
2929114,regular
2929114,regular
2929114,regular
2929114,regular
2929114,regular
2929114,regular
2929114,regular
2929114,regular
2929114,regular
2929114,regular
2929114,regular
2929114,regular
2929114,regular
2929114,regular
2929114,regular
2929114,regular
2929114,regular
2929114,regular
2929114,regular
2929114,regular
2929114,regular
2929114,regular
2929114,regular
5888724,deviant
5888724,deviant
5888724,deviant
5888724,deviant
5888724,deviant
5888724,deviant
5888724,deviant
4567840,deviant
4567840,deviant
4567840,deviant
4567840,deviant
4567840,deviant
4567840,deviant
6289142,deviant
6289142,deviant
5211612,deviant
5211612,deviant
5342369,regular
5342369,regular
6215562,deviant
6215562,deviant
6705233,regular
6705233,regular
2929114,regular
5888724,deviant
6941059,regular
6941059,regular
6941059,regular
7300977,regular
7205355,regular
7205355,regular
7205355,regular
7209451,deviant
7209451,deviant
7209451,deviant
7209451,deviant
7209451,deviant
7209451,deviant
7209451,deviant
7209451,deviant
7209451,deviant
7209451,deviant
7205355,regular
7205355,regular
7205355,regular
7205355,regular
7205355,regular
7205355,regular
6289142,deviant
6618380,regular
6618380,regular
6618380,regular
6618380,regular
6618380,regular
6618380,regular
6289142,deviant
6289142,deviant
6289142,deviant
6289142,deviant
6289142,deviant
6289142,deviant
6289142,deviant
6289142,deviant
6289142,deviant
6289142,deviant
6289142,deviant
6289142,deviant
6289142,deviant
6289142,deviant
6289142,deviant
6289142,deviant
6289142,deviant
6289142,deviant
6289142,deviant
6289142,deviant
6289142,deviant
6289142,deviant
6289142,deviant
6289142,deviant
6289142,deviant
6289142,deviant
6289142,deviant
6289142,deviant
6289142,deviant
6289142,deviant
6289142,deviant
6289142,deviant
6289142,deviant
6289142,deviant
6289142,deviant
2929114,regular
7258136,deviant
3741124,deviant
6618380,regular
6618380,regular
6618380,regular
6888280,regular
6888280,regular
6975241,regular
6975241,regular
5069099,regular
5069099,regular
5069099,regular
5069099,regular
5069099,regular
5069099,regular
5069099,regular
5069099,regular
5069099,regular
5069099,regular
5069099,regular
5069099,regular
5069099,regular
5069099,regular
5069099,regular
6705233,regular
6705233,regular
6705233,regular
6705233,regular
6705233,regular
6705233,regular
6705233,regular
6705233,regular
6618380,regular
6618380,regular
6618380,regular
6618380,regular
6618380,regular
6618380,regular
6618380,regular
6618380,regular
6618380,regular
6888280,regular
6888280,regular
6888280,regular
6888280,regular
6888280,regular
6888280,regular
6888280,regular
6888280,regular
6888280,regular
6888280,regular
6888280,regular
6888280,regular
6888280,regular
6888280,regular
6888280,regular
6888280,regular
6888280,regular
6888280,regular
6888280,regular
6888280,regular
6888280,regular
6888280,regular
6888280,regular
6888280,regular
6888280,regular
6888280,regular
6888280,regular
6888280,regular
6888280,regular
6888280,regular
6888280,regular
6888280,regular
6888280,regular
7258136,deviant
7258136,deviant
7258136,deviant
7258136,deviant
7258136,deviant
7258136,deviant
7258136,deviant
7258136,deviant
7258136,deviant
7258136,deviant
6656063,deviant
6656063,deviant
6656063,deviant
6656063,deviant
6975241,regular
6975241,regular
6975241,regular
6975241,regular
6975241,regular
6975241,regular
6975241,regular
6975241,regular
6975241,regular
6975241,regular
6975241,regular
6975241,regular
6975241,regular
6975241,regular
6975241,regular
6975241,regular
6975241,regular
6975241,regular
6975241,regular
6975241,regular
5173437,regular
6975241,regular
6975241,regular
6975241,regular
6975241,regular
6975241,regular
6975241,regular
6975241,regular
6975241,regular
6975241,regular
6975241,regular
6975241,regular
6975241,regular
6975241,regular
7398246,regular
5028918,deviant
5028918,deviant
5028918,deviant
5028918,deviant
5028918,deviant
5028918,deviant
5028918,deviant
5028918,deviant
5028918,deviant
5028918,deviant
5028918,deviant
5028918,deviant
7030598,regular
7030598,regular
7030598,regular
7030598,regular
7030598,regular
7030598,regular
7030598,regular
7030598,regular
7030598,regular
7030598,regular
7030598,regular
7030598,regular
7030598,regular
7030598,regular
7030598,regular
7030598,regular
7030598,regular
7030598,regular
7030598,regular
7030598,regular
7030598,regular
6745647,regular
6745647,regular
6757275,regular
6757275,regular
7300977,regular
7300977,regular
7300977,regular
7300977,regular
7300977,regular
7300977,regular
7300977,regular
7300977,regular
7300977,regular
7300977,regular
7300977,regular
7357800,regular
7358567,deviant
7400998,regular
5069099,regular
5173437,regular
5173437,regular
5173437,regular
5173437,regular
5173437,regular
5173437,regular
7357800,regular
7357800,regular
7357800,regular
7357800,regular
7357800,regular
7357800,regular
7357800,regular
7357800,regular
7357800,regular
7358567,deviant
7358567,deviant
7358567,deviant
7358567,deviant
7358567,deviant
7358567,deviant
7358567,deviant
7358567,deviant
7358567,deviant
7030598,regular
7030598,regular
7030598,regular
7030598,regular
7030598,regular
7030598,regular
7030598,regular
7030598,regular
7030598,regular
7030598,regular
7403595,regular
7030598,regular
7030598,regular
7030598,regular
7030598,regular
7030598,regular
7405355,regular
5028918,deviant
7440933,regular
7435956,regular
5028918,deviant
5173437,regular
7398246,regular
7398246,regular
7398246,regular
7398246,regular
7398246,regular
7398246,regular
7398246,regular
7398246,regular
7398246,regular
7398246,regular
7400998,regular
7400998,regular
7400998,regular
7400998,regular
7400998,regular
7403595,regular
7403595,regular
7403595,regular
7403595,regular
7403595,regular
7403595,regular
7403595,regular
7403595,regular
7403595,regular
7405355,regular
7405355,regular
7400998,regular
7071988,deviant
7071988,deviant
7071988,deviant
7071988,deviant
7071988,deviant
7071988,deviant
7071988,deviant
7071988,deviant
7071988,deviant
7071988,deviant
7442589,deviant
7469823,regular
7071988,deviant
7483404,regular
5028918,deviant
5173437,regular
7258136,deviant
7258136,deviant
7258136,deviant
7258136,deviant
7258136,deviant
7258136,deviant
7258136,deviant
7405355,regular
7405355,regular
7405355,regular
7405355,regular
7405355,regular
7405355,regular
7405355,regular
7435956,regular
7435956,regular
7435956,regular
7435956,regular
7435956,regular
7435956,regular
7435956,regular
7435956,regular
7435956,regular
7440933,regular
7440933,regular
7440933,regular
7440933,regular
7440933,regular
7440933,regular
7440933,regular
7440933,regular
7440933,regular
7440933,regular
7442589,deviant
7442589,deviant
7442589,deviant
7442589,deviant
7442589,deviant
7442589,deviant
7485410,regular
7485603,regular
7487928,regular
7405355,regular
7435956,regular
7258136,deviant
3327777,deviant
7100593,regular
7100593,regular
7100593,regular
7100593,regular
7100593,regular
7442589,deviant
7490199,deviant
7499259,regular
6296900,deviant
6296900,deviant
6296900,deviant
6296900,deviant
6296900,deviant
6296900,deviant
6296900,deviant
6296900,deviant
6296900,deviant
6296900,deviant
6296900,deviant
6296900,deviant
6296900,deviant
6296900,deviant
6296900,deviant
6296900,deviant
6296900,deviant
6296900,deviant
6296900,deviant
6296900,deviant
6296900,deviant
6296900,deviant
6296900,deviant
6296900,deviant
6296900,deviant
6296900,deviant
6296900,deviant
6296900,deviant
6296900,deviant
6296900,deviant
6296900,deviant
6296900,deviant
6296900,deviant
6296900,deviant
6296900,deviant
7026486,deviant
7026486,deviant
7026486,deviant
7100593,regular
7100593,regular
7100593,regular
7100593,regular
7100593,regular
7100593,regular
7100593,regular
7100593,regular
7100593,regular
7100593,regular
7209451,deviant
7209451,deviant
7209451,deviant
7209451,deviant
7209451,deviant
7209451,deviant
7209451,deviant
7469823,regular
7469823,regular
7469823,regular
7469823,regular
7469823,regular
7491439,regular
7469823,regular
5130775,regular
5130775,regular
6745647,regular
6745647,regular
6745647,regular
6745647,regular
6745647,regular
6745647,regular
6745647,regular
6757275,regular
6757275,regular
6757275,regular
6757275,regular
6757275,regular
6757275,regular
6757275,regular
6969255,deviant
6969255,deviant
6969255,deviant
6969255,deviant
6969255,deviant
6969255,deviant
6969255,deviant
6969255,deviant
6969255,deviant
7119352,regular
7119352,regular
7119352,regular
7119352,regular
7119352,regular
7119352,regular
7119352,regular
7119352,regular
7119352,regular
7119352,regular
7119352,regular
7119352,regular
7119352,regular
7119352,regular
7119352,regular
7119352,regular
7119352,regular
7119352,regular
7119352,regular
7119352,regular
7119352,regular
7119352,regular
7119352,regular
7163104,regular
7163104,regular
7163104,regular
7163104,regular
7163104,regular
7163104,regular
7163104,regular
7163104,regular
7163104,regular
7163104,regular
7163104,regular
7163104,regular
7163104,regular
7163104,regular
7163104,regular
7163104,regular
7163104,regular
7163104,regular
7163104,regular
7163104,regular
7483404,regular
7483404,regular
7483404,regular
7483404,regular
7483404,regular
7483404,regular
7483404,regular
7483404,regular
7483404,regular
7483404,regular
7483404,regular
7485410,regular
7485410,regular
7485410,regular
7485410,regular
7485410,regular
7485410,regular
7485410,regular
7485410,regular
7485410,regular
7485410,regular
7485410,regular
7485603,regular
7485603,regular
7485603,regular
7485603,regular
7485603,regular
7485603,regular
7485603,regular
7485603,regular
7485603,regular
7485603,regular
7485603,regular
7487928,regular
7487928,regular
7487928,regular
7487928,regular
7487928,regular
7487928,regular
7487928,regular
7487928,regular
7487928,regular
7487928,regular
7490199,deviant
7490199,deviant
7490199,deviant
7490199,deviant
7490199,deviant
7490199,deviant
7490199,deviant
7490199,deviant
7490199,deviant
7490199,deviant
7491439,regular
7491439,regular
7491439,regular
7491439,regular
7491439,regular
7491439,regular
7491439,regular
7491439,regular
7491439,regular
7491439,regular
7483404,regular
7485410,regular
7487928,regular
7490199,deviant
6969255,deviant
6969255,deviant
6969255,deviant
6969255,deviant
6988222,deviant
7119352,regular
7119352,regular
7119352,regular
7119352,regular
7119352,regular
7119352,regular
7119352,regular
7119352,regular
7119352,regular
7119352,regular
7119352,regular
7163104,regular
7163104,regular
7163104,regular
7163104,regular
7163104,regular
7163104,regular
7163104,regular
7163104,regular
7163104,regular
7163104,regular
7165130,deviant
7165130,deviant
7165130,deviant
7165130,deviant
7165130,deviant
7165130,deviant
7165130,deviant
7165130,deviant
7165130,deviant
7165130,deviant
7165130,deviant
7165130,deviant
7165130,deviant
7165130,deviant
7165130,deviant
7398246,regular
7398246,regular
7398246,regular
7398246,regular
7398246,regular
7398246,regular
7398246,regular
7398246,regular
7398246,regular
7398246,regular
7398246,regular
7398246,regular
7398246,regular
7398246,regular
7398246,regular
7398246,regular
7398246,regular
7398246,regular
7398246,regular
7398246,regular
7398246,regular
7398246,regular
7398246,regular
7398246,regular
7398246,regular
7398246,regular
7499259,regular
7499259,regular
7499259,regular
7499259,regular
7499259,regular
7499259,regular
7499259,regular
7499259,regular
7499259,regular
7499259,regular
7119352,regular
7119352,regular
7165130,deviant
7165130,deviant
6296900,deviant
6296900,deviant
6296900,deviant
6296900,deviant
7144878,regular
7144878,regular
7144878,regular
7144878,regular
7144878,regular
7144878,regular
7144878,regular
7144878,regular
7144878,regular
7144878,regular
7144878,regular
7144878,regular
7144878,regular
7144878,regular
7144878,regular
7144878,regular
7144878,regular
7144878,regular
7144878,regular
7144878,regular
7144878,regular
7144878,regular
7144878,regular
7144878,regular
7144878,regular
7144878,regular
7144878,regular
7144878,regular
7144878,regular
7157410,regular
7157410,regular
7157410,regular
7157410,regular
7157410,regular
7157410,regular
7157410,regular
7157410,regular
7157410,regular
7157410,regular
7157410,regular
7157410,regular
7157410,regular
7157410,regular
7157410,regular
7157410,regular
7157410,regular
7157410,regular
7157410,regular
7157410,regular
7157410,regular
7157410,regular
7157410,regular
7163104,regular
7163104,regular
7163104,regular
7163104,regular
7163104,regular
7544155,regular
6171838,regular
6171838,regular
6171838,regular
6171838,regular
7144878,regular
7144878,regular
7144878,regular
7144878,regular
7144878,regular
7144878,regular
7144878,regular
7144878,regular
7144878,regular
7144878,regular
7157410,regular
7157410,regular
7157410,regular
7157410,regular
7157410,regular
7157410,regular
7157410,regular
7157410,regular
7157410,regular
7157410,regular
7157410,regular
7157410,regular
7205355,regular
7205355,regular
7205355,regular
7205355,regular
7205355,regular
7205355,regular
7205355,regular
7205355,regular
7205355,regular
7205355,regular
7205355,regular
7205355,regular
7205355,regular
7205355,regular
7205355,regular
7205355,regular
7205355,regular
7205355,regular
7205355,regular
7205355,regular
7205355,regular
7205355,regular
7205355,regular
7205355,regular
7205355,regular
7205355,regular
7205355,regular
7205355,regular
7205355,regular
7205355,regular
7205355,regular
7205355,regular
7205355,regular
7205355,regular
7205355,regular
7398246,regular
7398246,regular
7157410,regular
7157410,regular
7157410,regular
7144878,regular
7144878,regular
7205355,regular
6171838,regular
7205355,regular
7205355,regular
5342369,regular
5342369,regular
5342369,regular
5342369,regular
5342369,regular
6296900,deviant
6296900,deviant
7544155,regular
7544155,regular
7544155,regular
7544155,regular
7544155,regular
7544155,regular
7544155,regular
7544155,regular
7544155,regular
7544155,regular
7544155,regular
7544155,regular
7544155,regular
7544155,regular
7544155,regular
7544155,regular
7544155,regular
7544155,regular
7544155,regular
7544155,regular
7544155,regular
7544155,regular
7544155,regular
7544155,regular
7544155,regular
7544155,regular
7544155,regular
7544155,regular
7544155,regular
7544155,regular
7544155,regular
7544155,regular
7544155,regular
7544155,regular
7544155,regular
7544155,regular
6941059,regular
6941059,regular
7398246,regular
7398246,regular
7398246,regular
7442589,deviant
7442589,deviant
7442589,deviant
7442589,deviant
7442589,deviant
7442589,deviant
7442589,deviant
7442589,deviant
7442589,deviant
7442589,deviant
7442589,deviant
6988222,deviant
6988222,deviant
6988222,deviant
6988222,deviant
6988222,deviant
6988222,deviant
6988222,deviant
6988222,deviant
6988222,deviant
6988222,deviant
7544155,regular
7544155,regular
7544155,regular
6988222,deviant
6988222,deviant
5913868,deviant
5913868,deviant
7100593,regular
7100593,regular
7100593,regular
7100593,regular
7100593,regular
7100593,regular
7100593,regular
7100593,regular
7100593,regular
7100593,regular
7100593,regular
7100593,regular
7100593,regular
7100593,regular
7100593,regular
7100593,regular
7100593,regular
7100593,regular
7100593,regular
7100593,regular
7100593,regular
5211612,deviant
5211612,deviant
5211612,deviant
5211612,deviant
5211612,deviant
7300977,regular
7300977,regular
7300977,regular
7300977,regular
7300977,regular
7300977,regular
7300977,regular
7300977,regular
7300977,regular
7300977,regular
7300977,regular
7300977,regular
7300977,regular
7300977,regular
7300977,regular
7300977,regular
7300977,regular
7603415,regular
7100593,regular
7100593,regular
7100593,regular
7100593,regular
7100593,regular
7100593,regular
7100593,regular
7100593,regular
7100593,regular
7100593,regular
7100593,regular
7100593,regular
7300977,regular
7300977,regular
7300977,regular
7300977,regular
7487928,regular
7487928,regular
7487928,regular
7487928,regular
7487928,regular
7487928,regular
7487928,regular
7487928,regular
7487928,regular
7487928,regular
7487928,regular
7487928,regular
7487928,regular
7487928,regular
7487928,regular
7487928,regular
7487928,regular
7487928,regular
7487928,regular
7487928,regular
7487928,regular
7487928,regular
7487928,regular
7487928,regular
7487928,regular
7487928,regular
7487928,regular
7603415,regular
7603415,regular
7603415,regular
7603415,regular
7603415,regular
7603415,regular
7603415,regular
7603415,regular
7603415,regular
7603415,regular
7100593,regular
7100593,regular
7100593,regular
7405355,regular
7405355,regular
7405355,regular
7405355,regular
7405355,regular
7405355,regular
7405355,regular
7405355,regular
7405355,regular
7405355,regular
7405355,regular
7405355,regular
7405355,regular
7405355,regular
7405355,regular
7405355,regular
7405355,regular
7405355,regular
7405355,regular
7405355,regular
7544155,regular
7603415,regular
5888724,deviant
6656063,deviant
6656063,deviant
6656063,deviant
6656063,deviant
6656063,deviant
6656063,deviant
6656063,deviant
6656063,deviant
6656063,deviant
6656063,deviant
6656063,deviant
6656063,deviant
6656063,deviant
7034791,deviant
7034791,deviant
7034791,deviant
7034791,deviant
7034791,deviant
7034791,deviant
7358567,deviant
7358567,deviant
7358567,deviant
7358567,deviant
7358567,deviant
7358567,deviant
7358567,deviant
7487928,regular
7487928,regular
7487928,regular
6656063,deviant
6656063,deviant
7358567,deviant
7034791,deviant
7403595,regular
7403595,regular
7403595,regular
7403595,regular
7403595,regular
7403595,regular
7403595,regular
7403595,regular
7403595,regular
7403595,regular
7403595,regular
7403595,regular
7403595,regular
7403595,regular
7403595,regular
7403595,regular
7403595,regular
7403595,regular
7403595,regular
7403595,regular
7403595,regular
7403595,regular
7403595,regular
7403595,regular
7403595,regular
7403595,regular
7403595,regular
7403595,regular
5888724,deviant
5888724,deviant
5888724,deviant
5888724,deviant
5888724,deviant
5888724,deviant
5888724,deviant
5888724,deviant
5888724,deviant
5888724,deviant
5888724,deviant
5888724,deviant
5888724,deviant
6941059,regular
6941059,regular
6941059,regular
6941059,regular
6941059,regular
6941059,regular
6941059,regular
7483404,regular
7483404,regular
7483404,regular
7483404,regular
7483404,regular
7483404,regular
7483404,regular
7483404,regular
7483404,regular
7483404,regular
7483404,regular
7483404,regular
7483404,regular
7483404,regular
7483404,regular
7483404,regular
7483404,regular
7483404,regular
7483404,regular
7483404,regular
7653492,regular
7653492,regular
7653492,regular
7653492,regular
7653492,regular
7653492,regular
7653492,regular
7653492,regular
7653492,regular
5888724,deviant
7653492,regular
7403595,regular
7403595,regular
7403595,regular
7403595,regular
7403595,regular
7403595,regular
7403595,regular
7483404,regular
7483404,regular
7483404,regular
7483404,regular
7483404,regular
7483404,regular
7483404,regular
7483404,regular
7483404,regular
7483404,regular
5888724,deviant
7403595,regular
7403595,regular
7403595,regular
7403595,regular
7440933,regular
7440933,regular
7440933,regular
7440933,regular
7440933,regular
7440933,regular
7440933,regular
7440933,regular
7440933,regular
7440933,regular
7440933,regular
7440933,regular
7440933,regular
7440933,regular
7440933,regular
7440933,regular
7440933,regular
7440933,regular
7440933,regular
7440933,regular
7440933,regular
7440933,regular
7440933,regular
7440933,regular
7440933,regular
7440933,regular
7440933,regular
7483404,regular
7483404,regular
7483404,regular
7483404,regular
7487928,regular
7710164,regular
7165130,deviant
7165130,deviant
7165130,deviant
7165130,deviant
7165130,deviant
7165130,deviant
7165130,deviant
7165130,deviant
7165130,deviant
7165130,deviant
7165130,deviant
7165130,deviant
7165130,deviant
7165130,deviant
7165130,deviant
7165130,deviant
7165130,deviant
7165130,deviant
7165130,deviant
7165130,deviant
7165130,deviant
7165130,deviant
7165130,deviant
7165130,deviant
7165130,deviant
7165130,deviant
7711311,regular
7796069,regular
3388781,deviant
3388781,deviant
3388781,deviant
3388781,deviant
3388781,deviant
3388781,deviant
3388781,deviant
3388781,deviant
3388781,deviant
5888724,deviant
7168922,deviant
7710164,regular
7710164,regular
7710164,regular
7710164,regular
7710164,regular
7710164,regular
7710164,regular
7710164,regular
7710164,regular
7711311,regular
7711311,regular
7711311,regular
7711311,regular
7711311,regular
7711311,regular
7711311,regular
7711311,regular
7711311,regular
7711311,regular
7711311,regular
7710164,regular
5133260,deviant
5133260,deviant
5133260,deviant
5133260,deviant
5133260,deviant
5133260,deviant
5133260,deviant
5133260,deviant
7358567,deviant
7358567,deviant
7358567,deviant
7358567,deviant
7358567,deviant
7440933,regular
7440933,regular
7440933,regular
7440933,regular
7440933,regular
7440933,regular
7440933,regular
7440933,regular
7440933,regular
7440933,regular
7490199,deviant
7490199,deviant
7490199,deviant
7490199,deviant
7490199,deviant
7490199,deviant
7490199,deviant
7440933,regular
7490199,deviant
7752014,regular
3388781,deviant
5133260,deviant
5133260,deviant
5133260,deviant
5133260,deviant
6499483,regular
6499483,regular
7358567,deviant
7358567,deviant
7358567,deviant
7358567,deviant
7358567,deviant
7358567,deviant
7358567,deviant
7358567,deviant
7358567,deviant
7358567,deviant
7358567,deviant
7358567,deviant
7358567,deviant
7358567,deviant
7358567,deviant
7358567,deviant
7358567,deviant
7358567,deviant
7358567,deviant
7358567,deviant
7358567,deviant
7358567,deviant
7358567,deviant
7358567,deviant
7358567,deviant
7358567,deviant
7358567,deviant
7358567,deviant
7435956,regular
7435956,regular
7435956,regular
7435956,regular
7435956,regular
7435956,regular
7435956,regular
7435956,regular
7435956,regular
7435956,regular
7435956,regular
7435956,regular
7435956,regular
7435956,regular
7435956,regular
7435956,regular
7435956,regular
7435956,regular
7435956,regular
7435956,regular
7435956,regular
7435956,regular
7435956,regular
7435956,regular
7435956,regular
7435956,regular
5133260,deviant
5133260,deviant
7165130,deviant
7165130,deviant
7165130,deviant
7165130,deviant
7165130,deviant
7165130,deviant
7165130,deviant
7165130,deviant
7165130,deviant
7165130,deviant
7165130,deviant
7165130,deviant
7165130,deviant
7165130,deviant
7165130,deviant
7358567,deviant
7358567,deviant
7358567,deviant
7358567,deviant
7405355,regular
7405355,regular
7405355,regular
7405355,regular
7405355,regular
7405355,regular
7405355,regular
7405355,regular
7405355,regular
7405355,regular
7405355,regular
7405355,regular
7491439,regular
7491439,regular
7491439,regular
7491439,regular
7491439,regular
7491439,regular
7491439,regular
7491439,regular
7491439,regular
7491439,regular
7491439,regular
7491439,regular
7491439,regular
7491439,regular
7491439,regular
7491439,regular
7491439,regular
7491439,regular
7491439,regular
7491439,regular
7491439,regular
7491439,regular
7491439,regular
7491439,regular
7491439,regular
7710164,regular
7752014,regular
7752014,regular
7752014,regular
7752014,regular
7752014,regular
7752014,regular
7752014,regular
7752014,regular
7752014,regular
7752014,regular
7405355,regular
7405355,regular
7165130,deviant
7165130,deviant
7165130,deviant
7752014,regular
3388781,deviant
5314766,deviant
5314766,deviant
5314766,deviant
5314766,deviant
5314766,deviant
5314766,deviant
5314766,deviant
5314766,deviant
5314766,deviant
5314766,deviant
5314766,deviant
5314766,deviant
5314766,deviant
5314766,deviant
5314766,deviant
5314766,deviant
5314766,deviant
5314766,deviant
5314766,deviant
5314766,deviant
5314766,deviant
5314766,deviant
5314766,deviant
5314766,deviant
7026486,deviant
7026486,deviant
7026486,deviant
7026486,deviant
7026486,deviant
7102157,regular
7102157,regular
7102157,regular
7102157,regular
7102157,regular
7300977,regular
7300977,regular
7300977,regular
7300977,regular
7300977,regular
7300977,regular
7300977,regular
7300977,regular
7300977,regular
7300977,regular
7300977,regular
7300977,regular
7485410,regular
7485410,regular
7485410,regular
7485410,regular
7485410,regular
7485410,regular
7485410,regular
7485410,regular
7485410,regular
7485410,regular
7485410,regular
7485410,regular
7485410,regular
7485410,regular
7485410,regular
7485410,regular
7485410,regular
7485410,regular
7485410,regular
7485410,regular
7485410,regular
7485410,regular
7485410,regular
7485410,regular
7485410,regular
7485410,regular
7490199,deviant
7490199,deviant
7490199,deviant
7490199,deviant
7490199,deviant
7490199,deviant
7490199,deviant
7490199,deviant
7490199,deviant
7490199,deviant
7490199,deviant
7490199,deviant
7490199,deviant
7490199,deviant
7490199,deviant
7490199,deviant
7490199,deviant
7490199,deviant
7490199,deviant
7490199,deviant
7490199,deviant
7490199,deviant
7490199,deviant
7796069,regular
5028918,deviant
5028918,deviant
5299703,regular
5299703,regular
5299703,regular
5299703,regular
5299703,regular
5299703,regular
5299703,regular
5299703,regular
5299703,regular
5299703,regular
5299703,regular
5299703,regular
7300977,regular
7300977,regular
7300977,regular
7300977,regular
7300977,regular
7300977,regular
7300977,regular
7300977,regular
7300977,regular
7300977,regular
5299703,regular
5106291,regular
5106291,regular
5106291,regular
5106291,regular
5106291,regular
5133260,deviant
5299703,regular
5299703,regular
5314766,deviant
5913868,deviant
5913868,deviant
5913868,deviant
5913868,deviant
5913868,deviant
5913868,deviant
5913868,deviant
5913868,deviant
5913868,deviant
5913868,deviant
7300977,regular
7300977,regular
7300977,regular
7300977,regular
7300977,regular
7435956,regular
7435956,regular
7435956,regular
7435956,regular
7435956,regular
7435956,regular
7435956,regular
7435956,regular
7435956,regular
7435956,regular
7485410,regular
7485410,regular
7485410,regular
7485410,regular
7485410,regular
7485410,regular
7485410,regular
7485410,regular
7485410,regular
7485410,regular
7485410,regular
7796069,regular
7796069,regular
7796069,regular
7796069,regular
7796069,regular
7796069,regular
7796069,regular
7796069,regular
7796069,regular
7796069,regular
5913868,deviant
5913868,deviant
7485410,regular
7435956,regular
7485410,regular
7491439,regular
7491439,regular
7603415,regular
7603415,regular
7603415,regular
7603415,regular
7603415,regular
7603415,regular
7603415,regular
7603415,regular
7603415,regular
7603415,regular
7603415,regular
7603415,regular
7603415,regular
7603415,regular
7603415,regular
7603415,regular
7603415,regular
7603415,regular
7603415,regular
7603415,regular
7603415,regular
7603415,regular
7603415,regular
7603415,regular
7603415,regular
7603415,regular
7603415,regular
7603415,regular
7603415,regular
7603415,regular
7603415,regular
7603415,regular
7603415,regular
7816439,deviant
7603415,regular
5133260,deviant
5314766,deviant
5802698,regular
5802698,regular
5802698,regular
5913868,deviant
7816439,deviant
7816439,deviant
7816439,deviant
7816439,deviant
7816439,deviant
7816439,deviant
7816439,deviant
7816439,deviant
7816439,deviant
7209451,deviant
7209451,deviant
7209451,deviant
7209451,deviant
7490199,deviant
7490199,deviant
7490199,deviant
7490199,deviant
7490199,deviant
7490199,deviant
7491439,regular
7491439,regular
7491439,regular
7491439,regular
7491439,regular
7491439,regular
7603415,regular
7603415,regular
7835964,deviant
7491439,regular
7490199,deviant
7490199,deviant
7490199,deviant
7490199,deviant
7490199,deviant
7490199,deviant
7490199,deviant
7710164,regular
7710164,regular
7710164,regular
7710164,regular
7710164,regular
7710164,regular
7710164,regular
7710164,regular
7710164,regular
7710164,regular
7710164,regular
7710164,regular
7710164,regular
7710164,regular
7710164,regular
7710164,regular
7710164,regular
7710164,regular
7710164,regular
7710164,regular
7710164,regular
7710164,regular
7710164,regular
7710164,regular
7710164,regular
7710164,regular
7710164,regular
7710164,regular
7710164,regular
7710164,regular
7710164,regular
7710164,regular
7710164,regular
7710164,regular
7835964,deviant
7835964,deviant
7835964,deviant
7835964,deviant
7835964,deviant
7835964,deviant
7835964,deviant
7835964,deviant
7835964,deviant
7835964,deviant
7840906,regular
7840906,regular
7840906,regular
7840906,regular
7840906,regular
7840906,regular
7840906,regular
7840906,regular
7840906,regular
7840906,regular
7840906,regular
7840906,regular
7840906,regular
7840906,regular
7840906,regular
7840906,regular
7840906,regular
7840906,regular
7840906,regular
7840906,regular
7840906,regular
7840906,regular
7840906,regular
7835964,deviant
7840906,regular
7490199,deviant
7490199,deviant
7490199,deviant
7490199,deviant
7710164,regular
7710164,regular
7710164,regular
7710164,regular
7840906,regular
7840906,regular
7840906,regular
7857775,regular
5299703,regular
7857775,regular
7857775,regular
7857775,regular
7857775,regular
7857775,regular
7857775,regular
7857775,regular
7857775,regular
7857775,regular
7857775,regular
7865622,deviant
7857775,regular
7835964,deviant
7835964,deviant
7835964,deviant
7865622,deviant
7865622,deviant
7865622,deviant
7865622,deviant
7865622,deviant
7865622,deviant
7865622,deviant
7865622,deviant
7865622,deviant
7865622,deviant
7874918,deviant
7865622,deviant
7876404,regular
7876404,regular
7876404,regular
7874918,deviant
7874918,deviant
7874918,deviant
7874918,deviant
7874918,deviant
7874918,deviant
7874918,deviant
7874918,deviant
7874918,deviant
7874918,deviant
7876404,regular
7876404,regular
7876404,regular
7876404,regular
7876404,regular
7876404,regular
7876404,regular
7876404,regular
7876404,regular
7876404,regular
7876404,regular
7876404,regular
7876404,regular
7876404,regular
7876404,regular
7876404,regular
7876404,regular
7876404,regular
7876404,regular
7876404,regular
7876404,regular
7876404,regular
7876404,regular
7876404,regular
7876404,regular
7876404,regular
7876404,regular
7876404,regular
7876404,regular
7876404,regular
7876404,regular
7876404,regular
7876404,regular
7876404,regular
7876404,regular
7876404,regular
7876404,regular
7876404,regular
7876404,regular
7876404,regular
7711311,regular
7711311,regular
7711311,regular
7711311,regular
7711311,regular
7711311,regular
7711311,regular
7711311,regular
7711311,regular
7711311,regular
7711311,regular
7711311,regular
7711311,regular
7711311,regular
7711311,regular
7398246,regular
7398246,regular
7485603,regular
7485603,regular
7485603,regular
7485603,regular
7485603,regular
7752014,regular
7752014,regular
7752014,regular
7752014,regular
7752014,regular
7945125,regular
4560903,deviant
7544155,regular
7544155,regular
7034791,deviant
7034791,deviant
7034791,deviant
7034791,deviant
7034791,deviant
7034791,deviant
7034791,deviant
7034791,deviant
7034791,deviant
7034791,deviant
7034791,deviant
7034791,deviant
7951969,regular
7034791,deviant
7034791,deviant
7034791,deviant
7752014,regular
7945125,regular
7945125,regular
7945125,regular
7945125,regular
7945125,regular
7945125,regular
7945125,regular
7945125,regular
7945125,regular
7945125,regular
7945125,regular
7951969,regular
7951969,regular
7951969,regular
7951969,regular
7951969,regular
7951969,regular
7951969,regular
7951969,regular
7951969,regular
7951969,regular
7945125,regular
7951969,regular
7071988,deviant
7071988,deviant
7653492,regular
7653492,regular
7653492,regular
7653492,regular
7653492,regular
7653492,regular
7653492,regular
7653492,regular
7653492,regular
7653492,regular
7653492,regular
7816439,deviant
7816439,deviant
7816439,deviant
7816439,deviant
7816439,deviant
7816439,deviant
7816439,deviant
7816439,deviant
7653492,regular
7653492,regular
3327777,deviant
3327777,deviant
3327777,deviant
5888724,deviant
5888724,deviant
7487928,regular
7487928,regular
3327777,deviant
7071988,deviant
7071988,deviant
7071988,deviant
7071988,deviant
7071988,deviant
7071988,deviant
7071988,deviant
7071988,deviant
7071988,deviant
7071988,deviant
7071988,deviant
7071988,deviant
7071988,deviant
7071988,deviant
7071988,deviant
7071988,deviant
7071988,deviant
7071988,deviant
7071988,deviant
7071988,deviant
7071988,deviant
7071988,deviant
7071988,deviant
7071988,deviant
7071988,deviant
7071988,deviant
7071988,deviant
7071988,deviant
7071988,deviant
7071988,deviant
7071988,deviant
7071988,deviant
7071988,deviant
7071988,deviant
7071988,deviant
8021700,regular
6296900,deviant
6296900,deviant
6296900,deviant
6296900,deviant
6296900,deviant
6296900,deviant
6296900,deviant
6296900,deviant
6296900,deviant
6296900,deviant
6296900,deviant
6296900,deviant
7071988,deviant
7071988,deviant
7071988,deviant
7071988,deviant
7071988,deviant
7071988,deviant
7071988,deviant
7071988,deviant
7071988,deviant
7071988,deviant
7071988,deviant
7071988,deviant
7071988,deviant
7071988,deviant
7071988,deviant
6296900,deviant
7816439,deviant
7816439,deviant
7816439,deviant
8048985,regular
8050401,regular
8051084,regular
3388781,deviant
3388781,deviant
7865622,deviant
7865622,deviant
7865622,deviant
7865622,deviant
7865622,deviant
7865622,deviant
7865622,deviant
7865622,deviant
7487928,regular
7487928,regular
7487928,regular
7487928,regular
7487928,regular
7487928,regular
7487928,regular
7487928,regular
7544155,regular
7544155,regular
7544155,regular
7544155,regular
7544155,regular
7544155,regular
7544155,regular
7544155,regular
7544155,regular
7865622,deviant
7865622,deviant
7865622,deviant
7865622,deviant
7865622,deviant
8021700,regular
8021700,regular
8021700,regular
8021700,regular
8021700,regular
8021700,regular
8021700,regular
8021700,regular
8021700,regular
8021700,regular
8021700,regular
5913868,deviant
5913868,deviant
5913868,deviant
5913868,deviant
5913868,deviant
7796069,regular
7796069,regular
7796069,regular
7796069,regular
7796069,regular
7796069,regular
7796069,regular
7796069,regular
7796069,regular
7796069,regular
7796069,regular
7796069,regular
7796069,regular
7816439,deviant
7816439,deviant
7816439,deviant
7816439,deviant
7816439,deviant
7816439,deviant
7816439,deviant
7816439,deviant
7816439,deviant
7816439,deviant
7816439,deviant
7816439,deviant
7816439,deviant
7816439,deviant
7816439,deviant
7816439,deviant
7816439,deviant
7816439,deviant
7816439,deviant
7816439,deviant
7816439,deviant
7816439,deviant
7816439,deviant
7816439,deviant
7816439,deviant
7816439,deviant
7816439,deviant
7816439,deviant
7816439,deviant
7816439,deviant
7816439,deviant
7816439,deviant
7816439,deviant
7816439,deviant
7816439,deviant
8021700,regular
7816439,deviant
7816439,deviant
8104284,deviant
8048985,regular
8048985,regular
8048985,regular
8048985,regular
8048985,regular
8048985,regular
8048985,regular
8048985,regular
8048985,regular
8048985,regular
8048985,regular
8050401,regular
8050401,regular
8050401,regular
8050401,regular
8050401,regular
8050401,regular
8050401,regular
8050401,regular
8050401,regular
8050401,regular
8050401,regular
8051084,regular
8051084,regular
8051084,regular
8051084,regular
8051084,regular
8051084,regular
8051084,regular
8051084,regular
8051084,regular
5314766,deviant
5314766,deviant
7398246,regular
7398246,regular
7398246,regular
7398246,regular
7398246,regular
7398246,regular
7398246,regular
7398246,regular
7398246,regular
7398246,regular
7398246,regular
7796069,regular
7796069,regular
7796069,regular
7796069,regular
7796069,regular
7796069,regular
7796069,regular
7796069,regular
7796069,regular
7796069,regular
7796069,regular
7796069,regular
7796069,regular
7796069,regular
7796069,regular
7796069,regular
7796069,regular
7796069,regular
7796069,regular
7796069,regular
7796069,regular
7796069,regular
5888724,deviant
5888724,deviant
5888724,deviant
5888724,deviant
5888724,deviant
7796069,regular
7796069,regular
7796069,regular
7796069,regular
7796069,regular
7796069,regular
7258136,deviant
7258136,deviant
7796069,regular
7796069,regular
7796069,regular
7796069,regular
7796069,regular
7796069,regular
7796069,regular
7796069,regular
7796069,regular
7796069,regular
7796069,regular
7796069,regular
7874918,deviant
7874918,deviant
7874918,deviant
7874918,deviant
7874918,deviant
7874918,deviant
7874918,deviant
7874918,deviant
8048985,regular
8048985,regular
8048985,regular
8048985,regular
8048985,regular
8048985,regular
8048985,regular
8048985,regular
8048985,regular
8048985,regular
8048985,regular
8048985,regular
8048985,regular
8048985,regular
8048985,regular
8048985,regular
8048985,regular
8048985,regular
8048985,regular
8048985,regular
8048985,regular
8048985,regular
8048985,regular
8048985,regular
8048985,regular
8048985,regular
8048985,regular
8050401,regular
8050401,regular
8050401,regular
8050401,regular
8050401,regular
8050401,regular
8050401,regular
8050401,regular
8050401,regular
8050401,regular
8050401,regular
8050401,regular
8050401,regular
8050401,regular
8050401,regular
8050401,regular
8050401,regular
8050401,regular
8050401,regular
8050401,regular
8050401,regular
8050401,regular
8050401,regular
8050401,regular
8050401,regular
8050401,regular
8050401,regular
8051084,regular
8051084,regular
8051084,regular
8051084,regular
8051084,regular
8051084,regular
8051084,regular
8051084,regular
8051084,regular
8051084,regular
8051084,regular
8051084,regular
8051084,regular
8051084,regular
8051084,regular
8051084,regular
8051084,regular
8051084,regular
8051084,regular
8051084,regular
8051084,regular
8051084,regular
8051084,regular
8051084,regular
8051084,regular
8051084,regular
8051084,regular
8051084,regular
8051084,regular
8104284,deviant
8104284,deviant
8171660,regular
6215562,deviant
6215562,deviant
6215562,deviant
6215562,deviant
6215562,deviant
6215562,deviant
6215562,deviant
6215562,deviant
7209451,deviant
7209451,deviant
7209451,deviant
7209451,deviant
7209451,deviant
7209451,deviant
7209451,deviant
7209451,deviant
7209451,deviant
7209451,deviant
7209451,deviant
7209451,deviant
7209451,deviant
7209451,deviant
7209451,deviant
7209451,deviant
7209451,deviant
7209451,deviant
7209451,deviant
7209451,deviant
7209451,deviant
7258136,deviant
7258136,deviant
7874918,deviant
7874918,deviant
7874918,deviant
7874918,deviant
8021700,regular
8021700,regular
8021700,regular
8021700,regular
8021700,regular
8021700,regular
8021700,regular
8021700,regular
8021700,regular
8021700,regular
8021700,regular
8021700,regular
8021700,regular
8021700,regular
8021700,regular
8021700,regular
8021700,regular
8021700,regular
8021700,regular
8021700,regular
8021700,regular
8021700,regular
8021700,regular
8021700,regular
8021700,regular
8021700,regular
8021700,regular
8021700,regular
8021700,regular
8148391,regular
7209451,deviant
7209451,deviant
7945125,regular
7945125,regular
8021700,regular
8021700,regular
8048985,regular
8048985,regular
8048985,regular
8050401,regular
8050401,regular
8050401,regular
8051084,regular
8051084,regular
8051084,regular
8148391,regular
8148391,regular
8148391,regular
8148391,regular
8148391,regular
8148391,regular
8148391,regular
8148391,regular
8148391,regular
8148391,regular
8148391,regular
7874918,deviant
7874918,deviant
7874918,deviant
7874918,deviant
7874918,deviant
7874918,deviant
7874918,deviant
7874918,deviant
7874918,deviant
7874918,deviant
7874918,deviant
7874918,deviant
7874918,deviant
7874918,deviant
7874918,deviant
7874918,deviant
7874918,deviant
7874918,deviant
7874918,deviant
7874918,deviant
7874918,deviant
7874918,deviant
7874918,deviant
7874918,deviant
7874918,deviant
8171660,regular
8171660,regular
8171660,regular
8171660,regular
8171660,regular
8171660,regular
8171660,regular
8171660,regular
8171660,regular
8171660,regular
8171660,regular
8171660,regular
8171660,regular
7857775,regular
7857775,regular
7857775,regular
7857775,regular
7857775,regular
7857775,regular
7857775,regular
7857775,regular
7857775,regular
7857775,regular
7857775,regular
7857775,regular
7857775,regular
7857775,regular
7857775,regular
7857775,regular
7857775,regular
7857775,regular
7857775,regular
7857775,regular
7857775,regular
7857775,regular
7857775,regular
7857775,regular
7857775,regular
7857775,regular
7857775,regular
7857775,regular
7857775,regular
7865622,deviant
7865622,deviant
7865622,deviant
7865622,deviant
7865622,deviant
7865622,deviant
7865622,deviant
7865622,deviant
7865622,deviant
7865622,deviant
7865622,deviant
7865622,deviant
7865622,deviant
7865622,deviant
7865622,deviant
7865622,deviant
7865622,deviant
7865622,deviant
7865622,deviant
7865622,deviant
7865622,deviant
7865622,deviant
7865622,deviant
7865622,deviant
7865622,deviant
7865622,deviant
7865622,deviant
7865622,deviant
7874918,deviant
7874918,deviant
7874918,deviant
7874918,deviant
7874918,deviant
7874918,deviant
7874918,deviant
8021700,regular
8048985,regular
8050401,regular
8051084,regular
5913868,deviant
5913868,deviant
5913868,deviant
5913868,deviant
5913868,deviant
5913868,deviant
5913868,deviant
5913868,deviant
5913868,deviant
5913868,deviant
5913868,deviant
5913868,deviant
5913868,deviant
5913868,deviant
7752014,regular
7752014,regular
7752014,regular
7752014,regular
7752014,regular
7752014,regular
7752014,regular
7752014,regular
7752014,regular
7752014,regular
7752014,regular
7752014,regular
7857775,regular
7857775,regular
7857775,regular
7857775,regular
7865622,deviant
7865622,deviant
7865622,deviant
7865622,deviant
7874918,deviant
7874918,deviant
7874918,deviant
7874918,deviant
8198371,regular
8198371,regular
8198371,regular
8198371,regular
8198371,regular
8198371,regular
8198371,regular
8198371,regular
8198371,regular
8198371,regular
7752014,regular
7752014,regular
5913868,deviant
5913868,deviant
5133260,deviant
5133260,deviant
5913868,deviant
7876404,regular
7876404,regular
5875084,regular
5875084,regular
8271684,regular
5248926,deviant
5875084,regular
5913868,deviant
7835964,deviant
7835964,deviant
7835964,deviant
7835964,deviant
7835964,deviant
7835964,deviant
5248926,deviant
5248926,deviant
5248926,deviant
5248926,deviant
5248926,deviant
5248926,deviant
5248926,deviant
5248926,deviant
5248926,deviant
5248926,deviant
5248926,deviant
5248926,deviant
5248926,deviant
5248926,deviant
5248926,deviant
5248926,deviant
5248926,deviant
5248926,deviant
5248926,deviant
5248926,deviant
5248926,deviant
5248926,deviant
5248926,deviant
5248926,deviant
5248926,deviant
5248926,deviant
5248926,deviant
5248926,deviant
5248926,deviant
5248926,deviant
5248926,deviant
8271684,regular
8271684,regular
8271684,regular
8271684,regular
8271684,regular
8271684,regular
8271684,regular
8271684,regular
8271684,regular
8271684,regular
8271684,regular
5248926,deviant
7711311,regular
7711311,regular
8320951,regular
7711311,regular
7711311,regular
7711311,regular
7711311,regular
7711311,regular
7711311,regular
7711311,regular
7711311,regular
7711311,regular
7711311,regular
7711311,regular
7711311,regular
7711311,regular
7711311,regular
7711311,regular
7711311,regular
7711311,regular
7711311,regular
7711311,regular
7711311,regular
8320951,regular
8320951,regular
8320951,regular
8320951,regular
8320951,regular
8320951,regular
8320951,regular
8320951,regular
8320951,regular
8320951,regular
7711311,regular
7711311,regular
8320951,regular
7442589,deviant
7442589,deviant
7442589,deviant
7442589,deviant
7442589,deviant
7835964,deviant
7835964,deviant
7835964,deviant
7835964,deviant
7442589,deviant
8369265,regular
8369265,regular
8369265,regular
8369265,regular
8369265,regular
8369265,regular
8369265,regular
8369265,regular
8369265,regular
8369265,regular
8369265,regular
8369265,regular
8369265,regular
8385239,regular
8369265,regular
3388781,deviant
3388781,deviant
3388781,deviant
3388781,deviant
3388781,deviant
5028918,deviant
5028918,deviant
5028918,deviant
5028918,deviant
5028918,deviant
5875084,regular
5875084,regular
8148391,regular
8148391,regular
8148391,regular
8148391,regular
8148391,regular
8148391,regular
8148391,regular
8148391,regular
8148391,regular
8148391,regular
8148391,regular
8148391,regular
8148391,regular
8148391,regular
8148391,regular
8148391,regular
8148391,regular
8171660,regular
8171660,regular
8171660,regular
8171660,regular
8171660,regular
8171660,regular
8171660,regular
8171660,regular
8171660,regular
8171660,regular
8171660,regular
8171660,regular
8171660,regular
8171660,regular
8171660,regular
8171660,regular
8171660,regular
8171660,regular
8171660,regular
8171660,regular
8171660,regular
8171660,regular
8171660,regular
8171660,regular
8171660,regular
8171660,regular
8171660,regular
8171660,regular
8171660,regular
8171660,regular
8171660,regular
8148391,regular
5314766,deviant
5314766,deviant
5314766,deviant
5314766,deviant
5314766,deviant
8148391,regular
8385239,regular
8385239,regular
8385239,regular
8385239,regular
8385239,regular
8385239,regular
8385239,regular
8385239,regular
8385239,regular
8385239,regular
8385239,regular
7796069,regular
7796069,regular
7796069,regular
7796069,regular
7796069,regular
7796069,regular
7796069,regular
8420841,regular
8411995,regular
8411995,regular
8411995,regular
8411995,regular
8411995,regular
8411995,regular
8411995,regular
8411995,regular
8411995,regular
8411995,regular
8411995,regular
8411995,regular
8411995,regular
8411995,regular
8411995,regular
8411995,regular
8411995,regular
8411995,regular
8411995,regular
8411995,regular
8411995,regular
8411995,regular
8411995,regular
8411995,regular
8411995,regular
8411995,regular
8411995,regular
8411995,regular
8411995,regular
8411995,regular
8411995,regular
8411995,regular
8411995,regular
8411995,regular
8411995,regular
8411995,regular
8411995,regular
8411995,regular
8411995,regular
8411995,regular
8411995,regular
8411995,regular
8411995,regular
7400998,regular
7400998,regular
7400998,regular
7400998,regular
7400998,regular
7400998,regular
7400998,regular
7400998,regular
7400998,regular
7400998,regular
7400998,regular
7400998,regular
7400998,regular
7400998,regular
7400998,regular
7400998,regular
7400998,regular
7400998,regular
7400998,regular
7400998,regular
7400998,regular
7400998,regular
7400998,regular
7400998,regular
7400998,regular
7400998,regular
7400998,regular
7400998,regular
7400998,regular
7400998,regular
7400998,regular
7400998,regular
7400998,regular
7400998,regular
7400998,regular
7400998,regular
7400998,regular
7400998,regular
7400998,regular
7400998,regular
7400998,regular
7796069,regular
7796069,regular
7796069,regular
7796069,regular
7400998,regular
7400998,regular
7400998,regular
7400998,regular
7835964,deviant
7835964,deviant
7835964,deviant
7835964,deviant
7835964,deviant
7835964,deviant
7835964,deviant
7835964,deviant
7835964,deviant
7835964,deviant
7835964,deviant
7835964,deviant
7835964,deviant
7835964,deviant
7835964,deviant
7835964,deviant
7876404,regular
7876404,regular
7876404,regular
7876404,regular
7876404,regular
7876404,regular
7876404,regular
7876404,regular
7876404,regular
8271684,regular
8271684,regular
8271684,regular
8271684,regular
8271684,regular
8271684,regular
8420841,regular
8420841,regular
8420841,regular
8420841,regular
8420841,regular
8420841,regular
8420841,regular
8420841,regular
8420841,regular
8420841,regular
8420841,regular
8420841,regular
7400998,regular
7835964,deviant
7400998,regular
7400998,regular
8482478,regular
8466820,regular
8466820,regular
8466820,regular
8466820,regular
8466820,regular
8466820,regular
8466820,regular
8466820,regular
8466820,regular
8466820,regular
8466820,regular
8466820,regular
8466820,regular
8466820,regular
8466820,regular
8466820,regular
8466820,regular
8466820,regular
8466820,regular
8466820,regular
8466820,regular
8466820,regular
8466820,regular
8466820,regular
8466820,regular
8466820,regular
8466820,regular
8466820,regular
8466820,regular
8466820,regular
8466820,regular
8466820,regular
8466820,regular
8476182,deviant
8198371,regular
8198371,regular
8198371,regular
8198371,regular
8198371,regular
8198371,regular
8198371,regular
8198371,regular
8198371,regular
8476182,deviant
8476182,deviant
8476182,deviant
8476182,deviant
8476182,deviant
8476182,deviant
8476182,deviant
8476182,deviant
8476182,deviant
8476182,deviant
8488127,regular
5875084,regular
5875084,regular
5875084,regular
5875084,regular
5875084,regular
5875084,regular
5875084,regular
5875084,regular
5875084,regular
5875084,regular
5875084,regular
5875084,regular
5875084,regular
5875084,regular
5875084,regular
5875084,regular
5875084,regular
5875084,regular
5875084,regular
5875084,regular
5875084,regular
5875084,regular
5875084,regular
5875084,regular
5875084,regular
5875084,regular
5875084,regular
5875084,regular
5875084,regular
5875084,regular
5875084,regular
5875084,regular
5875084,regular
7400998,regular
7400998,regular
8320951,regular
8320951,regular
8320951,regular
8320951,regular
8320951,regular
8320951,regular
8320951,regular
8320951,regular
8320951,regular
8320951,regular
8320951,regular
8320951,regular
8320951,regular
8320951,regular
8320951,regular
8320951,regular
8320951,regular
8320951,regular
8320951,regular
8482478,regular
8482478,regular
8482478,regular
8482478,regular
8482478,regular
8482478,regular
8482478,regular
8482478,regular
8482478,regular
8488127,regular
8488127,regular
8488127,regular
8488127,regular
8488127,regular
8488127,regular
8488127,regular
8488127,regular
8488127,regular
8482478,regular
8488127,regular
5875084,regular
8320951,regular
8320951,regular
8320951,regular
8320951,regular
8320951,regular
8320951,regular
8320951,regular
8320951,regular
8320951,regular
8320951,regular
8320951,regular
8320951,regular
8369265,regular
8369265,regular
8369265,regular
8369265,regular
8369265,regular
8369265,regular
8369265,regular
8369265,regular
8369265,regular
8369265,regular
8369265,regular
8369265,regular
8369265,regular
8369265,regular
8369265,regular
8369265,regular
8369265,regular
8466820,regular
8466820,regular
8466820,regular
8320951,regular
8320951,regular
7945125,regular
7945125,regular
7945125,regular
7945125,regular
7945125,regular
7945125,regular
7945125,regular
7945125,regular
7945125,regular
7945125,regular
7945125,regular
7945125,regular
7945125,regular
7945125,regular
7945125,regular
7945125,regular
7945125,regular
7945125,regular
7945125,regular
5133260,deviant
5133260,deviant
5133260,deviant
5133260,deviant
5133260,deviant
7400998,regular
7400998,regular
7945125,regular
7945125,regular
7945125,regular
8021700,regular
8021700,regular
8048985,regular
8048985,regular
8050401,regular
8050401,regular
8051084,regular
8051084,regular
8539501,regular
8466820,regular
8466820,regular
8466820,regular
8466820,regular
8539501,regular
8539501,regular
8539501,regular
8539501,regular
8539501,regular
8539501,regular
8539501,regular
8539501,regular
8539501,regular
8539501,regular
8466820,regular
8198371,regular
8198371,regular
8198371,regular
8198371,regular
8198371,regular
8198371,regular
8198371,regular
8198371,regular
8198371,regular
8198371,regular
8198371,regular
8198371,regular
8198371,regular
8198371,regular
8198371,regular
8198371,regular
8198371,regular
8198371,regular
8198371,regular
8198371,regular
8198371,regular
8198371,regular
8198371,regular
8198371,regular
8539501,regular
8577876,deviant
8198371,regular
8198371,regular
8476182,deviant
8476182,deviant
8476182,deviant
8476182,deviant
8476182,deviant
8577876,deviant
8577876,deviant
8577876,deviant
8577876,deviant
8577876,deviant
8577876,deviant
8577876,deviant
8577876,deviant
8577876,deviant
8577876,deviant
8021700,regular
8021700,regular
8021700,regular
8021700,regular
8021700,regular
8021700,regular
8021700,regular
8021700,regular
8048985,regular
8048985,regular
8048985,regular
8048985,regular
8048985,regular
8048985,regular
8048985,regular
8048985,regular
8050401,regular
8050401,regular
8050401,regular
8050401,regular
8050401,regular
8050401,regular
8050401,regular
8050401,regular
8051084,regular
8051084,regular
8051084,regular
8051084,regular
8051084,regular
8051084,regular
8051084,regular
8051084,regular
8476182,deviant
8577876,deviant
8598168,deviant
8645573,regular
8598168,deviant
8598168,deviant
8598168,deviant
8598168,deviant
8598168,deviant
8598168,deviant
8598168,deviant
8598168,deviant
8598168,deviant
8598168,deviant
7835964,deviant
7835964,deviant
7835964,deviant
7835964,deviant
7835964,deviant
7835964,deviant
7835964,deviant
7835964,deviant
7835964,deviant
7835964,deviant
7835964,deviant
7835964,deviant
8539501,regular
8539501,regular
8539501,regular
8539501,regular
8539501,regular
8539501,regular
8539501,regular
8539501,regular
8539501,regular
8539501,regular
8539501,regular
8539501,regular
8539501,regular
8539501,regular
8539501,regular
8539501,regular
8539501,regular
8539501,regular
8539501,regular
8539501,regular
8539501,regular
8539501,regular
8539501,regular
8539501,regular
8539501,regular
8539501,regular
8539501,regular
8539501,regular
8539501,regular
7835964,deviant
8476182,deviant
8476182,deviant
8385239,regular
8385239,regular
8385239,regular
8385239,regular
8385239,regular
8385239,regular
8385239,regular
8385239,regular
8385239,regular
8385239,regular
8385239,regular
8385239,regular
8420841,regular
8420841,regular
8420841,regular
8420841,regular
8420841,regular
8420841,regular
8420841,regular
8420841,regular
8420841,regular
8420841,regular
8420841,regular
8420841,regular
8420841,regular
8420841,regular
8420841,regular
8420841,regular
8420841,regular
8420841,regular
8420841,regular
8420841,regular
8420841,regular
8420841,regular
8420841,regular
8420841,regular
8420841,regular
8420841,regular
8420841,regular
8420841,regular
8645573,regular
8645573,regular
8645573,regular
8645573,regular
8645573,regular
8645573,regular
8645573,regular
8645573,regular
8645573,regular
8645573,regular
8385239,regular
8385239,regular
8645573,regular
5173437,regular
8369265,regular
8369265,regular
8369265,regular
8369265,regular
8369265,regular
8369265,regular
8369265,regular
8369265,regular
8369265,regular
8369265,regular
7835964,deviant
7835964,deviant
7835964,deviant
7835964,deviant
8369265,regular
8369265,regular
8476182,deviant
8476182,deviant
8476182,deviant
8476182,deviant
8476182,deviant
8476182,deviant
8476182,deviant
8476182,deviant
8476182,deviant
8476182,deviant
8539501,regular
8539501,regular
8369265,regular
8369265,regular
8420841,regular
8420841,regular
8420841,regular
7258136,deviant
7258136,deviant
7258136,deviant
7258136,deviant
7258136,deviant
7258136,deviant
7258136,deviant
7258136,deviant
7258136,deviant
7258136,deviant
7258136,deviant
7258136,deviant
7258136,deviant
7258136,deviant
7258136,deviant
7258136,deviant
7258136,deviant
7258136,deviant
7258136,deviant
7258136,deviant
7258136,deviant
7258136,deviant
7258136,deviant
7258136,deviant
7258136,deviant
7258136,deviant
7258136,deviant
7258136,deviant
7258136,deviant
7258136,deviant
7258136,deviant
7258136,deviant
7258136,deviant
7258136,deviant
7258136,deviant
7258136,deviant
7258136,deviant
7258136,deviant
7258136,deviant
7258136,deviant
7258136,deviant
7258136,deviant
7258136,deviant
7835964,deviant
7835964,deviant
7258136,deviant
7258136,deviant
8420841,regular
8476182,deviant
8476182,deviant
8476182,deviant
8476182,deviant
8476182,deviant
8476182,deviant
8476182,deviant
8476182,deviant
7168922,deviant
7168922,deviant
7168922,deviant
7168922,deviant
8758363,regular
7168922,deviant
7168922,deviant
7168922,deviant
7168922,deviant
7168922,deviant
7168922,deviant
7168922,deviant
7168922,deviant
7168922,deviant
7168922,deviant
7168922,deviant
7168922,deviant
7168922,deviant
7168922,deviant
7168922,deviant
7168922,deviant
7168922,deviant
7168922,deviant
7168922,deviant
7168922,deviant
7168922,deviant
7168922,deviant
7168922,deviant
7168922,deviant
7168922,deviant
7168922,deviant
7168922,deviant
7168922,deviant
7168922,deviant
7168922,deviant
7168922,deviant
7168922,deviant
7168922,deviant
7168922,deviant
7168922,deviant
7168922,deviant
7168922,deviant
7168922,deviant
7168922,deviant
7168922,deviant
7168922,deviant
7168922,deviant
7168922,deviant
8598168,deviant
8598168,deviant
8598168,deviant
8598168,deviant
8598168,deviant
8598168,deviant
8598168,deviant
8758363,regular
8758363,regular
8758363,regular
8758363,regular
8758363,regular
8758363,regular
8758363,regular
8758363,regular
8758363,regular
8758363,regular
8758363,regular
8758363,regular
7168922,deviant
7168922,deviant
8758363,regular
8598168,deviant
8774022,regular
5248926,deviant
5248926,deviant
5248926,deviant
5248926,deviant
5248926,deviant
5248926,deviant
5248926,deviant
5248926,deviant
5248926,deviant
5248926,deviant
5248926,deviant
5248926,deviant
5248926,deviant
8774022,regular
8774022,regular
8774022,regular
8774022,regular
8774022,regular
8774022,regular
8774022,regular
8774022,regular
8774022,regular
8774022,regular
8774022,regular
8774022,regular
8783154,regular
8774022,regular
5248926,deviant
5248926,deviant
8783154,regular
8783154,regular
8783154,regular
8783154,regular
8783154,regular
8783154,regular
8783154,regular
8783154,regular
8783154,regular
8783154,regular
8783154,regular
8783154,regular
7945125,regular
7945125,regular
7168922,deviant
8645573,regular
8645573,regular
8645573,regular
8645573,regular
8645573,regular
8411995,regular
8411995,regular
8783154,regular
8783154,regular
8783154,regular
8783154,regular
8783154,regular
8783154,regular
8783154,regular
8783154,regular
8783154,regular
8783154,regular
8783154,regular
8783154,regular
8783154,regular
8783154,regular
8783154,regular
8783154,regular
8783154,regular
8783154,regular
8783154,regular
8783154,regular
8783154,regular
8783154,regular
8783154,regular
8783154,regular
8783154,regular
8783154,regular
8783154,regular
8783154,regular
8783154,regular
8783154,regular
8783154,regular
5248926,deviant
8488127,regular
8488127,regular
8488127,regular
8488127,regular
8488127,regular
8488127,regular
8488127,regular
8488127,regular
8488127,regular
8488127,regular
8488127,regular
8488127,regular
8488127,regular
8488127,regular
8488127,regular
8488127,regular
8488127,regular
8488127,regular
8488127,regular
8488127,regular
8488127,regular
8488127,regular
8758363,regular
8758363,regular
8758363,regular
8758363,regular
8758363,regular
8758363,regular
8758363,regular
8758363,regular
8758363,regular
8758363,regular
8758363,regular
8758363,regular
8758363,regular
8758363,regular
8758363,regular
8758363,regular
8758363,regular
8758363,regular
8758363,regular
8758363,regular
8828658,regular
8828658,regular
8828658,regular
8828658,regular
8828658,regular
8828658,regular
8828658,regular
8828658,regular
8828658,regular
8828658,regular
8828658,regular
8828658,regular
8828658,regular
8488127,regular
8488127,regular
8488127,regular
8488127,regular
8488127,regular
8488127,regular
8488127,regular
8488127,regular
8488127,regular
8488127,regular
8758363,regular
8758363,regular
8758363,regular
8758363,regular
8758363,regular
8758363,regular
8758363,regular
8758363,regular
8758363,regular
8758363,regular
8758363,regular
8488127,regular
5248926,deviant
8577876,deviant
8577876,deviant
8577876,deviant
8577876,deviant
8577876,deviant
8577876,deviant
8577876,deviant
8577876,deviant
8411995,regular
8411995,regular
8411995,regular
8411995,regular
8411995,regular
8411995,regular
8411995,regular
8411995,regular
8411995,regular
8598168,deviant
8598168,deviant
8598168,deviant
8598168,deviant
8598168,deviant
8907457,regular
7653492,regular
7653492,regular
7653492,regular
7653492,regular
7653492,regular
7653492,regular
7653492,regular
7653492,regular
7653492,regular
7653492,regular
7653492,regular
7653492,regular
7945125,regular
7945125,regular
7945125,regular
7945125,regular
7945125,regular
7945125,regular
7945125,regular
7945125,regular
7945125,regular
7945125,regular
7945125,regular
7945125,regular
7945125,regular
7945125,regular
8482478,regular
8482478,regular
8482478,regular
8482478,regular
8482478,regular
8482478,regular
8482478,regular
8482478,regular
8482478,regular
8482478,regular
8482478,regular
8482478,regular
8909682,regular
8482478,regular
7653492,regular
7653492,regular
8482478,regular
8907457,regular
8907457,regular
8907457,regular
8907457,regular
8907457,regular
8907457,regular
8907457,regular
8907457,regular
8907457,regular
8907457,regular
8909682,regular
8909682,regular
8909682,regular
8909682,regular
8909682,regular
8909682,regular
8909682,regular
8909682,regular
8958665,regular
8909682,regular
7469823,regular
7469823,regular
7469823,regular
7469823,regular
7469823,regular
7469823,regular
7469823,regular
7469823,regular
7469823,regular
7469823,regular
7469823,regular
7469823,regular
7469823,regular
7469823,regular
7469823,regular
7469823,regular
7469823,regular
7469823,regular
7469823,regular
7469823,regular
7469823,regular
7469823,regular
7469823,regular
7469823,regular
7469823,regular
7469823,regular
7469823,regular
7469823,regular
7469823,regular
7469823,regular
7469823,regular
7469823,regular
7469823,regular
7469823,regular
7469823,regular
7469823,regular
7469823,regular
8466820,regular
8466820,regular
7469823,regular
8598168,deviant
8598168,deviant
8598168,deviant
8598168,deviant
8598168,deviant
8598168,deviant
8598168,deviant
8598168,deviant
8598168,deviant
8598168,deviant
8598168,deviant
8598168,deviant
8598168,deviant
8598168,deviant
8598168,deviant
8598168,deviant
8598168,deviant
8598168,deviant
8598168,deviant
8598168,deviant
8598168,deviant
8958665,regular
8958665,regular
8958665,regular
8958665,regular
8958665,regular
8958665,regular
8958665,regular
8958665,regular
8958665,regular
8958665,regular
8958665,regular
7469823,regular
7469823,regular
7469823,regular
8598168,deviant
8598168,deviant
8598168,deviant
8598168,deviant
8598168,deviant
8598168,deviant
8598168,deviant
8598168,deviant
8598168,deviant
8598168,deviant
8598168,deviant
8994782,deviant
8598168,deviant
8995404,regular
8995404,regular
8995404,regular
8995404,regular
8995404,regular
8995404,regular
8995404,regular
8995404,regular
8995404,regular
8995404,regular
8995404,regular
8995404,regular
8995404,regular
9012817,deviant
8995404,regular
9012111,regular
9014443,regular
7469823,regular
9012111,regular
9012111,regular
9012111,regular
9012111,regular
9012111,regular
9012111,regular
9012111,regular
9012111,regular
9012111,regular
9012111,regular
9012111,regular
9012817,deviant
9012817,deviant
9012817,deviant
9012817,deviant
9012817,deviant
9012817,deviant
9012817,deviant
9012817,deviant
9012817,deviant
9014443,regular
9014443,regular
9014443,regular
9014443,regular
9014443,regular
9014443,regular
9014443,regular
9014443,regular
9014443,regular
9012817,deviant
7835964,deviant
7835964,deviant
7835964,deviant
7835964,deviant
7835964,deviant
7835964,deviant
7835964,deviant
7835964,deviant
7835964,deviant
7835964,deviant
7835964,deviant
7835964,deviant
7835964,deviant
7835964,deviant
7835964,deviant
7835964,deviant
7835964,deviant
7469823,regular
7469823,regular
8994782,deviant
8994782,deviant
8994782,deviant
8994782,deviant
8994782,deviant
8994782,deviant
8994782,deviant
8994782,deviant
8994782,deviant
8994782,deviant
7835964,deviant
7835964,deviant
7835964,deviant
7835964,deviant
7835964,deviant
7835964,deviant
9074955,deviant
9080437,deviant
9082329,deviant
8420841,regular
8420841,regular
8909682,regular
8909682,regular
8909682,regular
8645573,regular
8645573,regular
8645573,regular
8645573,regular
8645573,regular
8645573,regular
8645573,regular
9074955,deviant
9074955,deviant
9074955,deviant
9074955,deviant
9074955,deviant
9074955,deviant
9074955,deviant
9074955,deviant
9074955,deviant
9074955,deviant
9074955,deviant
9074955,deviant
9074955,deviant
8645573,regular
8645573,regular
9080437,deviant
9080437,deviant
9080437,deviant
9080437,deviant
9080437,deviant
9080437,deviant
9080437,deviant
9080437,deviant
9080437,deviant
9080437,deviant
9082329,deviant
9082329,deviant
9082329,deviant
9082329,deviant
9082329,deviant
9082329,deviant
9082329,deviant
9082329,deviant
9082329,deviant
9082329,deviant
7400998,regular
7400998,regular
7400998,regular
7400998,regular
7400998,regular
7400998,regular
7400998,regular
7400998,regular
7400998,regular
7400998,regular
7400998,regular
7400998,regular
7400998,regular
8466820,regular
8466820,regular
8466820,regular
8466820,regular
8466820,regular
8466820,regular
8466820,regular
8466820,regular
8466820,regular
9012111,regular
9012111,regular
9012111,regular
9012111,regular
9012111,regular
9012111,regular
9012111,regular
9012111,regular
9012111,regular
9012111,regular
9012111,regular
9012111,regular
9012111,regular
9012111,regular
9012111,regular
9012111,regular
9012111,regular
9012111,regular
9012111,regular
9012111,regular
9012111,regular
9012111,regular
9012111,regular
9012111,regular
9012111,regular
9012111,regular
9012111,regular
9014443,regular
9014443,regular
9014443,regular
9014443,regular
9014443,regular
9014443,regular
9014443,regular
9014443,regular
9014443,regular
9014443,regular
9014443,regular
9014443,regular
9014443,regular
9014443,regular
9014443,regular
9014443,regular
9014443,regular
9014443,regular
9014443,regular
9014443,regular
9014443,regular
9014443,regular
9014443,regular
9014443,regular
9014443,regular
9014443,regular
9014443,regular
9014443,regular
9014443,regular
7400998,regular
7400998,regular
8783154,regular
8783154,regular
8783154,regular
8783154,regular
8783154,regular
8783154,regular
8783154,regular
8783154,regular
8783154,regular
8783154,regular
9012111,regular
9012111,regular
9012111,regular
9014443,regular
9014443,regular
9014443,regular
8783154,regular
8995404,regular
8995404,regular
8995404,regular
8995404,regular
8995404,regular
8995404,regular
8995404,regular
8995404,regular
8995404,regular
8995404,regular
8995404,regular
8995404,regular
8995404,regular
8995404,regular
8995404,regular
8995404,regular
8995404,regular
8995404,regular
8995404,regular
8995404,regular
5248926,deviant
5248926,deviant
7400998,regular
7400998,regular
8994782,deviant
8994782,deviant
8994782,deviant
8994782,deviant
8994782,deviant
8994782,deviant
9012111,regular
9014443,regular
8994782,deviant
8995404,regular
8995404,regular
8995404,regular
8995404,regular
8995404,regular
8995404,regular
8995404,regular
8995404,regular
8995404,regular
8995404,regular
9012817,deviant
9012817,deviant
9012817,deviant
9012817,deviant
9012817,deviant
9012817,deviant
9012817,deviant
9074955,deviant
9074955,deviant
9074955,deviant
9074955,deviant
9074955,deviant
9012817,deviant
9074955,deviant
8995404,regular
7400998,regular
7400998,regular
8420841,regular
8420841,regular
8420841,regular
8420841,regular
8420841,regular
8420841,regular
8420841,regular
8420841,regular
8909682,regular
8909682,regular
8909682,regular
8909682,regular
8909682,regular
8909682,regular
8909682,regular
8909682,regular
8909682,regular
8909682,regular
8909682,regular
8909682,regular
8909682,regular
8909682,regular
8909682,regular
8909682,regular
8909682,regular
9082329,deviant
9082329,deviant
9082329,deviant
8577876,deviant
8577876,deviant
8577876,deviant
8577876,deviant
8577876,deviant
8577876,deviant
8577876,deviant
8577876,deviant
8577876,deviant
8577876,deviant
8577876,deviant
8577876,deviant
8577876,deviant
8577876,deviant
8577876,deviant
8577876,deviant
8577876,deviant
8577876,deviant
8577876,deviant
8577876,deviant
8577876,deviant
8577876,deviant
8577876,deviant
8577876,deviant
8577876,deviant
8577876,deviant
9080437,deviant
9080437,deviant
9080437,deviant
9080437,deviant
9080437,deviant
9080437,deviant
9080437,deviant
9082329,deviant
9082329,deviant
9082329,deviant
9082329,deviant
9082329,deviant
9080437,deviant
5248926,deviant
5248926,deviant
5248926,deviant
5248926,deviant
5248926,deviant
7168922,deviant
7168922,deviant
7168922,deviant
7168922,deviant
7168922,deviant
7168922,deviant
8577876,deviant
8577876,deviant
8909682,regular
8909682,regular
8909682,regular
9296294,regular
7168922,deviant
7168922,deviant
7168922,deviant
7168922,deviant
7168922,deviant
7168922,deviant
7168922,deviant
7168922,deviant
7168922,deviant
7168922,deviant
7168922,deviant
7168922,deviant
8909682,regular
8909682,regular
8909682,regular
8909682,regular
8909682,regular
8909682,regular
8909682,regular
8909682,regular
8909682,regular
8909682,regular
8909682,regular
8909682,regular
8909682,regular
8909682,regular
8909682,regular
8909682,regular
8909682,regular
8909682,regular
8909682,regular
8909682,regular
8909682,regular
8909682,regular
9296294,regular
9296294,regular
9296294,regular
9296294,regular
9296294,regular
9296294,regular
9296294,regular
9296294,regular
9296294,regular
9296294,regular
9296294,regular
9296294,regular
8909682,regular
8909682,regular
8909682,regular
8909682,regular
9296294,regular
6499483,regular
6499483,regular
6499483,regular
6499483,regular
6499483,regular
6499483,regular
6499483,regular
7168922,deviant
7168922,deviant
7168922,deviant
8577876,deviant
8577876,deviant
8577876,deviant
8577876,deviant
8577876,deviant
8577876,deviant
8577876,deviant
8577876,deviant
8577876,deviant
7168922,deviant
7168922,deviant
8598168,deviant
8598168,deviant
8598168,deviant
8598168,deviant
8598168,deviant
8598168,deviant
8598168,deviant
8598168,deviant
9012817,deviant
9012817,deviant
9012817,deviant
8598168,deviant
9368765,regular
9368765,regular
9368765,regular
9368765,regular
9368765,regular
9368765,regular
9368765,regular
9368765,regular
9368765,regular
9012817,deviant
9012817,deviant
9012817,deviant
9012817,deviant
9012817,deviant
9012817,deviant
9012817,deviant
9012817,deviant
9012817,deviant
9012817,deviant
9012817,deviant
9012817,deviant
9012817,deviant
9012817,deviant
9012817,deviant
9012817,deviant
9012817,deviant
9012817,deviant
9012817,deviant
9012817,deviant
9012817,deviant
9012817,deviant
9012817,deviant
9012817,deviant
9012817,deviant
9012817,deviant
9012817,deviant
9012817,deviant
9012817,deviant
9012817,deviant
9012817,deviant
9012817,deviant
9410769,regular
9415247,regular
9012817,deviant
9012817,deviant
7835964,deviant
7835964,deviant
7835964,deviant
7835964,deviant
8909682,regular
8909682,regular
8909682,regular
8909682,regular
8909682,regular
8909682,regular
7835964,deviant
7024496,regular
9410769,regular
9410769,regular
9410769,regular
9410769,regular
9410769,regular
9410769,regular
9410769,regular
9410769,regular
9410769,regular
9415247,regular
9415247,regular
9415247,regular
9415247,regular
9415247,regular
9415247,regular
9415247,regular
9415247,regular
9415247,regular
9457704,regular
9082329,deviant
9082329,deviant
9082329,deviant
9457704,regular
9457704,regular
9457704,regular
9457704,regular
9457704,regular
9457704,regular
9457704,regular
9457704,regular
9457704,regular
9457704,regular
9457704,regular
9457704,regular
2929114,regular
2929114,regular
2929114,regular
2929114,regular
2929114,regular
2929114,regular
2929114,regular
2929114,regular
2929114,regular
2929114,regular
2929114,regular
2929114,regular
2929114,regular
2929114,regular
9565244,deviant
9074955,deviant
9074955,deviant
9074955,deviant
9566055,deviant
9074955,deviant
9074955,deviant
9074955,deviant
9074955,deviant
9074955,deviant
9074955,deviant
9074955,deviant
9074955,deviant
9074955,deviant
9074955,deviant
9074955,deviant
9074955,deviant
9074955,deviant
9074955,deviant
9074955,deviant
9074955,deviant
9074955,deviant
9074955,deviant
9074955,deviant
9074955,deviant
9410769,regular
9410769,regular
9410769,regular
9410769,regular
9410769,regular
9410769,regular
9410769,regular
9410769,regular
9410769,regular
9410769,regular
9410769,regular
9410769,regular
9410769,regular
9410769,regular
9410769,regular
9410769,regular
9410769,regular
9410769,regular
9410769,regular
9410769,regular
9410769,regular
9410769,regular
9410769,regular
9410769,regular
9410769,regular
9410769,regular
9410769,regular
9410769,regular
9410769,regular
9074955,deviant
9074955,deviant
9074955,deviant
9296294,regular
9296294,regular
9296294,regular
9296294,regular
9296294,regular
9296294,regular
9296294,regular
9296294,regular
9296294,regular
9296294,regular
9296294,regular
9296294,regular
9296294,regular
9296294,regular
9296294,regular
9296294,regular
9296294,regular
9296294,regular
9296294,regular
9296294,regular
9415247,regular
9415247,regular
9415247,regular
9415247,regular
9415247,regular
9415247,regular
9415247,regular
9415247,regular
9415247,regular
9415247,regular
9415247,regular
9415247,regular
9415247,regular
9415247,regular
9415247,regular
9415247,regular
9415247,regular
9415247,regular
9415247,regular
9415247,regular
9415247,regular
9415247,regular
9415247,regular
9415247,regular
9415247,regular
9415247,regular
9415247,regular
9415247,regular
9415247,regular
9565244,deviant
9565244,deviant
9565244,deviant
9565244,deviant
9565244,deviant
9565244,deviant
9565244,deviant
9565244,deviant
9565244,deviant
9565244,deviant
9565244,deviant
9566055,deviant
9566055,deviant
9566055,deviant
9566055,deviant
9566055,deviant
9566055,deviant
9566055,deviant
9566055,deviant
9566055,deviant
9566055,deviant
9609455,deviant
9565244,deviant
9566055,deviant
2929114,regular
5173437,regular
9410769,regular
9410769,regular
9415247,regular
9415247,regular
9619198,regular
8995404,regular
8995404,regular
8995404,regular
8995404,regular
8995404,regular
8995404,regular
8995404,regular
8995404,regular
8995404,regular
9082329,deviant
9082329,deviant
9082329,deviant
9082329,deviant
9082329,deviant
9082329,deviant
9082329,deviant
9082329,deviant
9082329,deviant
9082329,deviant
9082329,deviant
9082329,deviant
9082329,deviant
9457704,regular
9457704,regular
9457704,regular
9457704,regular
9457704,regular
9457704,regular
9457704,regular
9457704,regular
9457704,regular
9457704,regular
9457704,regular
9457704,regular
9457704,regular
9457704,regular
9457704,regular
9457704,regular
9457704,regular
9457704,regular
9457704,regular
9609455,deviant
9609455,deviant
9609455,deviant
9609455,deviant
9609455,deviant
9609455,deviant
9609455,deviant
9609455,deviant
9609455,deviant
9609455,deviant
9634805,regular
9082329,deviant
7400998,regular
7400998,regular
9012111,regular
9012111,regular
9014443,regular
9014443,regular
9082329,deviant
9565244,deviant
9565244,deviant
9565244,deviant
9565244,deviant
9565244,deviant
9619198,regular
9619198,regular
9619198,regular
9619198,regular
9619198,regular
9619198,regular
9619198,regular
9619198,regular
9410769,regular
9410769,regular
9415247,regular
9415247,regular
9634805,regular
9634805,regular
9634805,regular
9634805,regular
9634805,regular
9634805,regular
9634805,regular
9634805,regular
9634805,regular
9634805,regular
9634805,regular
9634805,regular
9634805,regular
9634805,regular
9634805,regular
9634805,regular
9634805,regular
9659664,deviant
5173437,regular
5173437,regular
5173437,regular
5173437,regular
5173437,regular
5173437,regular
5173437,regular
5173437,regular
5173437,regular
5173437,regular
5173437,regular
5173437,regular
5173437,regular
5173437,regular
5173437,regular
5173437,regular
9012111,regular
9012111,regular
9012111,regular
9012111,regular
9012111,regular
9012111,regular
9012111,regular
9012111,regular
9014443,regular
9014443,regular
9014443,regular
9014443,regular
9014443,regular
9014443,regular
9014443,regular
9014443,regular
9659664,deviant
9659664,deviant
9659664,deviant
9659664,deviant
9659664,deviant
9659664,deviant
9659664,deviant
9659664,deviant
9659664,deviant
9659664,deviant
9659664,deviant
5173437,regular
2929114,regular
2929114,regular
2929114,regular
2929114,regular
5173437,regular
9565244,deviant
9565244,deviant
9565244,deviant
9565244,deviant
9565244,deviant
8994782,deviant
8994782,deviant
8994782,deviant
8994782,deviant
2929114,regular
9619198,regular
9726383,regular
5173437,regular
9565244,deviant
9565244,deviant
9565244,deviant
9565244,deviant
9565244,deviant
9565244,deviant
9565244,deviant
9565244,deviant
9565244,deviant
9565244,deviant
9565244,deviant
9726383,regular
9726383,regular
9726383,regular
9726383,regular
9726383,regular
9726383,regular
9726383,regular
9726383,regular
9726383,regular
9726383,regular
9754884,regular
9565244,deviant
9565244,deviant
7168922,deviant
7168922,deviant
8577876,deviant
8577876,deviant
9565244,deviant
9565244,deviant
9074955,deviant
9074955,deviant
9074955,deviant
9074955,deviant
9074955,deviant
9074955,deviant
9074955,deviant
9074955,deviant
9074955,deviant
9074955,deviant
9754884,regular
9754884,regular
9754884,regular
9754884,regular
9754884,regular
9754884,regular
9754884,regular
9754884,regular
9754884,regular
9754884,regular
9754884,regular
9074955,deviant
9754884,regular
9566055,deviant
9566055,deviant
9566055,deviant
9566055,deviant
9566055,deviant
9566055,deviant
9566055,deviant
9609455,deviant
9609455,deviant
9609455,deviant
9609455,deviant
9609455,deviant
9609455,deviant
9800628,deviant
9609455,deviant
8994782,deviant
8994782,deviant
8994782,deviant
8994782,deviant
8994782,deviant
8994782,deviant
8994782,deviant
8994782,deviant
8994782,deviant
8994782,deviant
9012817,deviant
9012817,deviant
9012817,deviant
9012817,deviant
9012817,deviant
9012817,deviant
9082329,deviant
9082329,deviant
9082329,deviant
9082329,deviant
9082329,deviant
9082329,deviant
9082329,deviant
9082329,deviant
9082329,deviant
9082329,deviant
9082329,deviant
9082329,deviant
9082329,deviant
9082329,deviant
9082329,deviant
9082329,deviant
9082329,deviant
9082329,deviant
9566055,deviant
9012817,deviant
9822102,deviant
9822102,deviant
9822102,deviant
9822102,deviant
9822102,deviant
9822102,deviant
9822102,deviant
9822102,deviant
9822102,deviant
9822102,deviant
9822102,deviant
9822102,deviant
9822102,deviant
8828658,regular
8828658,regular
8828658,regular
8828658,regular
8828658,regular
8828658,regular
8828658,regular
8828658,regular
8828658,regular
8828658,regular
8828658,regular
8828658,regular
9800628,deviant
9800628,deviant
9800628,deviant
9800628,deviant
9800628,deviant
9800628,deviant
9800628,deviant
9800628,deviant
9800628,deviant
9800628,deviant
9800628,deviant
8828658,regular
8828658,regular
7400998,regular
7400998,regular
7400998,regular
7400998,regular
7400998,regular
7400998,regular
7400998,regular
7400998,regular
7400998,regular
7400998,regular
7400998,regular
7400998,regular
7400998,regular
9726383,regular
9726383,regular
9726383,regular
9726383,regular
9726383,regular
9726383,regular
9726383,regular
9726383,regular
9726383,regular
9726383,regular
9726383,regular
9726383,regular
9726383,regular
9726383,regular
9726383,regular
9726383,regular
9726383,regular
9726383,regular
9726383,regular
9726383,regular
9726383,regular
9726383,regular
9726383,regular
9726383,regular
9726383,regular
9726383,regular
9726383,regular
9726383,regular
9726383,regular
9726383,regular
9890936,regular
7168922,deviant
7168922,deviant
7168922,deviant
7168922,deviant
7168922,deviant
7168922,deviant
8577876,deviant
8577876,deviant
8577876,deviant
8577876,deviant
8577876,deviant
8577876,deviant
8577876,deviant
8577876,deviant
9457704,regular
9457704,regular
9457704,regular
9890936,regular
9890936,regular
9890936,regular
9890936,regular
9890936,regular
9890936,regular
9890936,regular
9890936,regular
9890936,regular
9890936,regular
9890936,regular
9895294,regular
9895294,regular
9895294,regular
9895294,regular
9895294,regular
9895294,regular
9895294,regular
9895294,regular
9895294,regular
9895294,regular
9895294,regular
9895294,regular
9890936,regular
9895294,regular
9457704,regular
9457704,regular
9457704,regular
9457704,regular
9457704,regular
9457704,regular
9457704,regular
9457704,regular
9457704,regular
9566055,deviant
9566055,deviant
9566055,deviant
9566055,deviant
9566055,deviant
9566055,deviant
9566055,deviant
9566055,deviant
9566055,deviant
9566055,deviant
9566055,deviant
9566055,deviant
9566055,deviant
9566055,deviant
9566055,deviant
9566055,deviant
9566055,deviant
9566055,deviant
9566055,deviant
9566055,deviant
9566055,deviant
9566055,deviant
9566055,deviant
9566055,deviant
9566055,deviant
9566055,deviant
9726383,regular
9726383,regular
9822102,deviant
9822102,deviant
9822102,deviant
9822102,deviant
9822102,deviant
9822102,deviant
7024496,regular
7024496,regular
7024496,regular
7024496,regular
7024496,regular
7024496,regular
7024496,regular
7024496,regular
7024496,regular
7024496,regular
7024496,regular
7024496,regular
7024496,regular
7024496,regular
7024496,regular
7024496,regular
7024496,regular
7024496,regular
7024496,regular
7024496,regular
9457704,regular
9457704,regular
9457704,regular
9457704,regular
9822102,deviant
9935064,deviant
9935064,deviant
9935064,deviant
9935064,deviant
9935064,deviant
9935064,deviant
9935064,deviant
9935064,deviant
9935064,deviant
9935064,deviant
9935064,deviant
9935064,deviant
9935064,deviant
9726383,regular
9726383,regular
9566055,deviant
9566055,deviant
9566055,deviant
9566055,deviant
9566055,deviant
9566055,deviant
9566055,deviant
3564895,regular
3564895,regular
3564895,regular
3564895,regular
3564895,regular
9457704,regular
9726383,regular
9566055,deviant
9566055,deviant
9566055,deviant
9566055,deviant
9619198,regular
9619198,regular
9619198,regular
9619198,regular
9619198,regular
9619198,regular
9619198,regular
9619198,regular
9619198,regular
9619198,regular
9619198,regular
9619198,regular
9619198,regular
9619198,regular
9619198,regular
9619198,regular
9619198,regular
9619198,regular
9619198,regular
9619198,regular
9619198,regular
9619198,regular
9619198,regular
9619198,regular
9619198,regular
9619198,regular
9619198,regular
9619198,regular
9619198,regular
9619198,regular
9619198,regular
9619198,regular
9619198,regular
9619198,regular
9619198,regular
9619198,regular
9619198,regular
9619198,regular
9619198,regular
9659664,deviant
9659664,deviant
9659664,deviant
9659664,deviant
9659664,deviant
9659664,deviant
9659664,deviant
9800628,deviant
9800628,deviant
9800628,deviant
9800628,deviant
9800628,deviant
9800628,deviant
9659664,deviant
9822102,deviant
9822102,deviant
9822102,deviant
9822102,deviant
9082329,deviant
9082329,deviant
9082329,deviant
9619198,regular
9619198,regular
9619198,regular
9619198,regular
9410769,regular
9410769,regular
9415247,regular
9415247,regular
9082329,deviant
9082329,deviant
9082329,deviant
9082329,deviant
9082329,deviant
9082329,deviant
9082329,deviant
9800628,deviant
9800628,deviant
9082329,deviant
9082329,deviant
9082329,deviant
9082329,deviant
5173437,regular
5173437,regular
9296294,regular
9296294,regular
9296294,regular
9296294,regular
9296294,regular
9296294,regular
9296294,regular
9296294,regular
9296294,regular
9296294,regular
10294414,regular
9754884,regular
9754884,regular
9754884,regular
9754884,regular
9754884,regular
9754884,regular
9754884,regular
9754884,regular
9754884,regular
9754884,regular
9754884,regular
9754884,regular
9754884,regular
9754884,regular
9754884,regular
9754884,regular
9754884,regular
9754884,regular
9754884,regular
9754884,regular
9754884,regular
9754884,regular
9754884,regular
9754884,regular
9754884,regular
9754884,regular
9754884,regular
9754884,regular
9754884,regular
9754884,regular
9754884,regular
9754884,regular
9754884,regular
9822102,deviant
9822102,deviant
9822102,deviant
9822102,deviant
9822102,deviant
9822102,deviant
9822102,deviant
9822102,deviant
9822102,deviant
9822102,deviant
9822102,deviant
9822102,deviant
9822102,deviant
9822102,deviant
9822102,deviant
9822102,deviant
9822102,deviant
9822102,deviant
9822102,deviant
9822102,deviant
9822102,deviant
9822102,deviant
9895294,regular
9895294,regular
9895294,regular
9895294,regular
9895294,regular
9895294,regular
9895294,regular
9895294,regular
9895294,regular
9895294,regular
9895294,regular
9895294,regular
9895294,regular
9895294,regular
9895294,regular
9895294,regular
9895294,regular
9895294,regular
9895294,regular
9895294,regular
9895294,regular
9754884,regular
9754884,regular
9890936,regular
9890936,regular
9890936,regular
9890936,regular
9890936,regular
9890936,regular
9890936,regular
9890936,regular
9890936,regular
9890936,regular
9890936,regular
9890936,regular
9890936,regular
9890936,regular
9890936,regular
9890936,regular
10295206,regular
10297111,regular
9890936,regular
9890936,regular
9609455,deviant
9609455,deviant
9609455,deviant
9609455,deviant
9609455,deviant
9609455,deviant
9609455,deviant
9609455,deviant
9609455,deviant
9609455,deviant
9609455,deviant
9609455,deviant
9609455,deviant
9609455,deviant
9609455,deviant
10292508,deviant
9609455,deviant
9609455,deviant
9609455,deviant
10292508,deviant
10292508,deviant
10292508,deviant
10292508,deviant
10292508,deviant
10292508,deviant
10292508,deviant
10292508,deviant
10292508,deviant
10292508,deviant
10292508,deviant
10292508,deviant
10292508,deviant
10294414,regular
10294414,regular
10294414,regular
10294414,regular
10294414,regular
10294414,regular
10294414,regular
10294414,regular
10294414,regular
10294414,regular
10294414,regular
10294414,regular
10294414,regular
10295206,regular
10295206,regular
10295206,regular
10295206,regular
10295206,regular
10295206,regular
10295206,regular
10295206,regular
10295206,regular
10295206,regular
10295206,regular
10295206,regular
10297111,regular
10297111,regular
10297111,regular
10297111,regular
10297111,regular
10297111,regular
10297111,regular
10297111,regular
10297111,regular
10297111,regular
10297111,regular
10339356,regular
10292508,deviant
10294414,regular
9822102,deviant
9822102,deviant
9822102,deviant
9822102,deviant
9822102,deviant
9822102,deviant
9822102,deviant
9822102,deviant
9822102,deviant
9822102,deviant
9895294,regular
9895294,regular
9895294,regular
9895294,regular
9895294,regular
9895294,regular
9895294,regular
9895294,regular
9895294,regular
9895294,regular
9935064,deviant
9935064,deviant
9935064,deviant
9935064,deviant
9895294,regular
9822102,deviant
9822102,deviant
9895294,regular
9935064,deviant
10295206,regular
10295206,regular
10295206,regular
10295206,regular
10295206,regular
10295206,regular
10295206,regular
10295206,regular
10295206,regular
10295206,regular
10295206,regular
10295206,regular
10295206,regular
10295206,regular
10295206,regular
10295206,regular
10295206,regular
10295206,regular
10295206,regular
10295206,regular
10295206,regular
10295206,regular
10295206,regular
10295206,regular
10295206,regular
10339356,regular
10339356,regular
10339356,regular
10339356,regular
10339356,regular
10339356,regular
10339356,regular
10339356,regular
10339356,regular
10339356,regular
10339356,regular
10339356,regular
10339356,regular
2929114,regular
2929114,regular
9415247,regular
9415247,regular
9415247,regular
9415247,regular
9415247,regular
9415247,regular
9415247,regular
9415247,regular
10297111,regular
10297111,regular
10297111,regular
10297111,regular
10297111,regular
10297111,regular
10297111,regular
10297111,regular
10297111,regular
10297111,regular
10297111,regular
10297111,regular
10297111,regular
10297111,regular
10297111,regular
10297111,regular
10297111,regular
10297111,regular
10297111,regular
10297111,regular
10297111,regular
10297111,regular
10297111,regular
10297111,regular
10297111,regular
10297111,regular
10295206,regular
10295206,regular
10297111,regular
10297111,regular
10457489,regular
10434329,deviant
7024496,regular
7024496,regular
7024496,regular
7024496,regular
7024496,regular
7024496,regular
7024496,regular
7024496,regular
7024496,regular
7024496,regular
7024496,regular
7024496,regular
7024496,regular
7024496,regular
7024496,regular
7024496,regular
7024496,regular
7024496,regular
7024496,regular
7024496,regular
7024496,regular
7024496,regular
7024496,regular
7024496,regular
7024496,regular
7024496,regular
7024496,regular
7024496,regular
7024496,regular
7024496,regular
9410769,regular
9410769,regular
9410769,regular
9410769,regular
9410769,regular
9410769,regular
9410769,regular
9726383,regular
9726383,regular
9726383,regular
9726383,regular
9726383,regular
9726383,regular
9726383,regular
9726383,regular
10434329,deviant
10434329,deviant
10434329,deviant
10434329,deviant
10434329,deviant
10434329,deviant
10434329,deviant
10434329,deviant
10434329,deviant
10434329,deviant
10434329,deviant
10434329,deviant
10434329,deviant
9726383,regular
9726383,regular
10434329,deviant
7024496,regular
7024496,regular
7024496,regular
7024496,regular
10295206,regular
10297111,regular
10297111,regular
10457489,regular
10457489,regular
10457489,regular
10457489,regular
10457489,regular
10457489,regular
10457489,regular
10457489,regular
10457489,regular
10457489,regular
10457489,regular
10457489,regular
7024496,regular
7024496,regular
7024496,regular
7024496,regular
10497848,regular
9619198,regular
9619198,regular
7024496,regular
7024496,regular
7469823,regular
7469823,regular
7469823,regular
7469823,regular
7469823,regular
7469823,regular
7469823,regular
7469823,regular
7469823,regular
7469823,regular
7469823,regular
7469823,regular
7469823,regular
7469823,regular
7469823,regular
7469823,regular
7469823,regular
7469823,regular
9659664,deviant
9659664,deviant
9659664,deviant
9659664,deviant
9659664,deviant
9659664,deviant
9659664,deviant
9659664,deviant
9659664,deviant
9659664,deviant
9659664,deviant
9800628,deviant
9800628,deviant
9800628,deviant
9800628,deviant
9800628,deviant
9800628,deviant
9800628,deviant
9800628,deviant
9800628,deviant
9800628,deviant
9800628,deviant
9935064,deviant
10497848,regular
10497848,regular
10497848,regular
10497848,regular
10497848,regular
10497848,regular
10497848,regular
10497848,regular
10497848,regular
10497848,regular
10497848,regular
10497848,regular
9800628,deviant
9800628,deviant
9659664,deviant
9659664,deviant
10497848,regular
7469823,regular
7469823,regular
7469823,regular
10292508,deviant
10292508,deviant
10292508,deviant
10292508,deviant
10292508,deviant
10542627,regular
10547191,regular
10548783,regular
10292508,deviant
7024496,regular
7024496,regular
10542627,regular
10542627,regular
10542627,regular
10542627,regular
10542627,regular
10542627,regular
10542627,regular
10542627,regular
10542627,regular
10542627,regular
10542627,regular
10547191,regular
10547191,regular
10547191,regular
10547191,regular
10547191,regular
10547191,regular
10547191,regular
10547191,regular
10547191,regular
10547191,regular
10547191,regular
10548783,regular
10548783,regular
10548783,regular
10548783,regular
10548783,regular
10548783,regular
10548783,regular
10548783,regular
10548783,regular
10548783,regular
10548783,regular
10563369,regular
10563369,regular
10563369,regular
10563369,regular
10563369,regular
10563369,regular
10563369,regular
10563369,regular
10563369,regular
10563369,regular
10563369,regular
10563369,regular
10563369,regular
10563369,regular
7469823,regular
7469823,regular
7469823,regular
10658101,deviant
10457489,regular
10457489,regular
10457489,regular
10457489,regular
10457489,regular
10457489,regular
10457489,regular
10457489,regular
10457489,regular
10457489,regular
10457489,regular
10457489,regular
10457489,regular
10457489,regular
10457489,regular
10457489,regular
10457489,regular
10457489,regular
10457489,regular
10457489,regular
10457489,regular
10457489,regular
10457489,regular
10457489,regular
10457489,regular
10548783,regular
10548783,regular
10548783,regular
10548783,regular
10548783,regular
10548783,regular
10548783,regular
10548783,regular
10548783,regular
10548783,regular
10548783,regular
10548783,regular
10548783,regular
10548783,regular
10548783,regular
10548783,regular
10548783,regular
10548783,regular
10548783,regular
10548783,regular
10548783,regular
10548783,regular
10457489,regular
10457489,regular
10548783,regular
10548783,regular
10542627,regular
10542627,regular
10542627,regular
10542627,regular
10542627,regular
10542627,regular
10542627,regular
10542627,regular
10542627,regular
10542627,regular
10542627,regular
10542627,regular
10542627,regular
10542627,regular
10542627,regular
10542627,regular
10542627,regular
10542627,regular
10542627,regular
10542627,regular
10542627,regular
10542627,regular
10542627,regular
10542627,regular
10542627,regular
10542627,regular
10667547,deviant
10667547,deviant
10667547,deviant
10667547,deviant
10667547,deviant
10667547,deviant
10667547,deviant
10667547,deviant
10667547,deviant
10667547,deviant
10667547,deviant
10667547,deviant
10667547,deviant
10667547,deviant
10667547,deviant
10339356,regular
10339356,regular
10339356,regular
10339356,regular
10339356,regular
10339356,regular
10339356,regular
10339356,regular
10339356,regular
10339356,regular
10339356,regular
10339356,regular
10339356,regular
10339356,regular
10339356,regular
10339356,regular
10339356,regular
10339356,regular
10339356,regular
10457489,regular
10457489,regular
10547191,regular
10547191,regular
10547191,regular
10547191,regular
10547191,regular
10547191,regular
10547191,regular
10547191,regular
10547191,regular
10547191,regular
10547191,regular
10547191,regular
10547191,regular
10547191,regular
10547191,regular
10547191,regular
10547191,regular
10547191,regular
10547191,regular
10547191,regular
10548783,regular
10548783,regular
10542627,regular
10542627,regular
10547191,regular
10547191,regular
10497848,regular
10497848,regular
10497848,regular
10497848,regular
10497848,regular
10497848,regular
10497848,regular
10497848,regular
10497848,regular
10497848,regular
10497848,regular
10497848,regular
10497848,regular
10497848,regular
10497848,regular
10497848,regular
10497848,regular
10497848,regular
10497848,regular
10658101,deviant
10658101,deviant
10721050,regular
10721050,regular
10721050,regular
10721050,regular
10721050,regular
10721050,regular
10721050,regular
10721050,regular
10721050,regular
10721050,regular
10721050,regular
10721050,regular
10542627,regular
10542627,regular
10547191,regular
10547191,regular
10721050,regular
10721050,regular
10721050,regular
10721050,regular
10721050,regular
10721050,regular
10721050,regular
10721050,regular
10721050,regular
10721050,regular
10721050,regular
10721050,regular
10721050,regular
10721050,regular
10721050,regular
10721050,regular
10721050,regular
10721050,regular
10721050,regular
10721050,regular
10721050,regular
10721050,regular
10721050,regular
10721050,regular
10721050,regular
10721050,regular
10339356,regular
10339356,regular
10339356,regular
10339356,regular
10339356,regular
10339356,regular
10339356,regular
10434329,deviant
10434329,deviant
10434329,deviant
10434329,deviant
10497848,regular
10497848,regular
10497848,regular
10497848,regular
10497848,regular
10497848,regular
10497848,regular
10721050,regular
10721050,regular
10721050,regular
10785146,regular
10786320,regular
10339356,regular
10339356,regular
10339356,regular
10339356,regular
10497848,regular
10497848,regular
10497848,regular
10497848,regular
10785146,regular
10785146,regular
10785146,regular
10785146,regular
10785146,regular
10785146,regular
10785146,regular
10785146,regular
10785146,regular
10785146,regular
10785146,regular
10785146,regular
10786320,regular
10786320,regular
10786320,regular
10786320,regular
10786320,regular
10786320,regular
10786320,regular
10786320,regular
10786320,regular
10786320,regular
10786320,regular
10786320,regular
10434329,deviant
10434329,deviant
10853127,regular
9634805,regular
9634805,regular
9634805,regular
9634805,regular
9634805,regular
9634805,regular
9634805,regular
9634805,regular
9634805,regular
9634805,regular
9634805,regular
9634805,regular
9634805,regular
9935064,deviant
9935064,deviant
9935064,deviant
9935064,deviant
9935064,deviant
9935064,deviant
9935064,deviant
9935064,deviant
9935064,deviant
9935064,deviant
9935064,deviant
9935064,deviant
9935064,deviant
9935064,deviant
9935064,deviant
9935064,deviant
9935064,deviant
9935064,deviant
9935064,deviant
9935064,deviant
9935064,deviant
9935064,deviant
9935064,deviant
9935064,deviant
9935064,deviant
9935064,deviant
9935064,deviant
9935064,deviant
10721050,regular
9935064,deviant
9935064,deviant
10880883,regular
9634805,regular
9634805,regular
9634805,regular
10295206,regular
10295206,regular
10297111,regular
10297111,regular
10563369,regular
10563369,regular
10563369,regular
10563369,regular
10563369,regular
10563369,regular
10563369,regular
10563369,regular
10563369,regular
10563369,regular
10563369,regular
10563369,regular
10563369,regular
10563369,regular
10563369,regular
10563369,regular
10563369,regular
10563369,regular
9634805,regular
9634805,regular
9634805,regular
9634805,regular
9634805,regular
9634805,regular
9634805,regular
9634805,regular
9634805,regular
10295206,regular
9634805,regular
9935064,deviant
9935064,deviant
10853127,regular
10853127,regular
10853127,regular
10880883,regular
10880883,regular
10880883,regular
10880883,regular
10880883,regular
10880883,regular
10880883,regular
10880883,regular
10880883,regular
10880883,regular
10880883,regular
10914682,regular
10880883,regular
9634805,regular
9634805,regular
9634805,regular
9634805,regular
9634805,regular
10914682,regular
10914682,regular
10914682,regular
10914682,regular
10914682,regular
10914682,regular
10914682,regular
10914682,regular
10914682,regular
10914682,regular
10914682,regular
10785146,regular
10785146,regular
10785146,regular
10785146,regular
10785146,regular
10785146,regular
10785146,regular
10785146,regular
10785146,regular
10785146,regular
10785146,regular
10785146,regular
10785146,regular
10785146,regular
10785146,regular
10785146,regular
10785146,regular
10785146,regular
10785146,regular
10785146,regular
10785146,regular
10785146,regular
10785146,regular
10785146,regular
10785146,regular
10786320,regular
10786320,regular
10786320,regular
10786320,regular
10786320,regular
10786320,regular
10786320,regular
10786320,regular
10786320,regular
10786320,regular
10786320,regular
10786320,regular
10786320,regular
10786320,regular
10786320,regular
10786320,regular
10786320,regular
10786320,regular
10786320,regular
10786320,regular
10786320,regular
10786320,regular
10786320,regular
10786320,regular
10786320,regular
10914682,regular
9074955,deviant
9074955,deviant
9074955,deviant
9074955,deviant
9074955,deviant
9082329,deviant
9082329,deviant
9082329,deviant
9082329,deviant
9082329,deviant
10785146,regular
10785146,regular
10786320,regular
10786320,regular
9082329,deviant
9074955,deviant
10292508,deviant
10292508,deviant
10292508,deviant
10292508,deviant
10292508,deviant
10292508,deviant
10292508,deviant
10292508,deviant
10292508,deviant
10292508,deviant
10292508,deviant
10853127,regular
10853127,regular
10853127,regular
10853127,regular
10292508,deviant
10292508,deviant
10853127,regular
7469823,regular
7469823,regular
10785146,regular
10785146,regular
10786320,regular
10786320,regular
10295206,regular
10295206,regular
10295206,regular
10295206,regular
10295206,regular
10295206,regular
10295206,regular
10295206,regular
10297111,regular
10297111,regular
10297111,regular
10297111,regular
10297111,regular
10297111,regular
10297111,regular
10297111,regular
10667547,deviant
10667547,deviant
10667547,deviant
10667547,deviant
10667547,deviant
10667547,deviant
10667547,deviant
10667547,deviant
10667547,deviant
10667547,deviant
10667547,deviant
9619198,regular
9619198,regular
9619198,regular
9619198,regular
9619198,regular
9619198,regular
9619198,regular
9619198,regular
9619198,regular
9619198,regular
10667547,deviant
10667547,deviant
10853127,regular
10853127,regular
10853127,regular
10853127,regular
10853127,regular
10853127,regular
10853127,regular
10853127,regular
10853127,regular
10853127,regular
10853127,regular
10853127,regular
10853127,regular
10853127,regular
10853127,regular
10853127,regular
10853127,regular
10853127,regular
10853127,regular
10880883,regular
10880883,regular
10880883,regular
10880883,regular
10880883,regular
10880883,regular
10880883,regular
10880883,regular
10880883,regular
10880883,regular
10880883,regular
10880883,regular
10880883,regular
10880883,regular
10880883,regular
10880883,regular
10880883,regular
10880883,regular
10880883,regular
10853127,regular
10853127,regular
7469823,regular
7469823,regular
7469823,regular
7469823,regular
7469823,regular
7469823,regular
7469823,regular
7469823,regular
7469823,regular
11031897,regular
11031897,regular
11031897,regular
11031897,regular
11031897,regular
11031897,regular
11031897,regular
11031897,regular
11031897,regular
11031897,regular
11031897,regular
11031897,regular
11031897,regular
11031897,regular
11032730,regular
11032730,regular
11032730,regular
11032730,regular
11032730,regular
11032730,regular
11032730,regular
11032730,regular
11032730,regular
11032730,regular
11032730,regular
11032730,regular
11032730,regular
11031897,regular
10457489,regular
10457489,regular
10548783,regular
10548783,regular
10457489,regular
10457489,regular
10457489,regular
10457489,regular
10457489,regular
10457489,regular
10457489,regular
10457489,regular
10548783,regular
10548783,regular
10548783,regular
10548783,regular
10548783,regular
10548783,regular
10548783,regular
10548783,regular
10548783,regular
10548783,regular
10548783,regular
10548783,regular
7024496,regular
7024496,regular
7024496,regular
7024496,regular
7024496,regular
7024496,regular
7024496,regular
7024496,regular
7024496,regular
7024496,regular
7024496,regular
7024496,regular
7024496,regular
7024496,regular
5173437,regular
7024496,regular
7024496,regular
11092833,regular
10542627,regular
10542627,regular
10547191,regular
10547191,regular
11092833,regular
11092833,regular
11092833,regular
11092833,regular
11092833,regular
11092833,regular
11092833,regular
11092833,regular
11092833,regular
11092833,regular
11092833,regular
10434329,deviant
7024496,regular
7024496,regular
10434329,deviant
10434329,deviant
10434329,deviant
10434329,deviant
10434329,deviant
10434329,deviant
10434329,deviant
10434329,deviant
10434329,deviant
10434329,deviant
10434329,deviant
10434329,deviant
10434329,deviant
10434329,deviant
10434329,deviant
7024496,regular
7024496,regular
10542627,regular
10542627,regular
10542627,regular
10542627,regular
10542627,regular
10542627,regular
10542627,regular
10542627,regular
10547191,regular
10547191,regular
10547191,regular
10547191,regular
10547191,regular
10547191,regular
10547191,regular
10547191,regular
10547191,regular
10547191,regular
10547191,regular
10547191,regular
10721050,regular
10721050,regular
11247144,regular
11246177,regular
9935064,deviant
8774022,regular
8774022,regular
8774022,regular
8774022,regular
8774022,regular
9634805,regular
9634805,regular
9634805,regular
9634805,regular
9634805,regular
9634805,regular
9634805,regular
9634805,regular
9634805,regular
9634805,regular
9634805,regular
9634805,regular
9634805,regular
9634805,regular
9634805,regular
9634805,regular
9634805,regular
9634805,regular
9634805,regular
9634805,regular
9634805,regular
9634805,regular
11248492,deviant
9634805,regular
9634805,regular
9634805,regular
9634805,regular
11276025,regular
11246177,regular
11246177,regular
11246177,regular
11246177,regular
11246177,regular
11246177,regular
11246177,regular
11246177,regular
11246177,regular
11246177,regular
11246177,regular
11246177,regular
11247144,regular
11247144,regular
11247144,regular
11247144,regular
11247144,regular
11247144,regular
11247144,regular
11247144,regular
11247144,regular
11247144,regular
11247144,regular
11247144,regular
11248492,deviant
11248492,deviant
11248492,deviant
11248492,deviant
11248492,deviant
11248492,deviant
11248492,deviant
11248492,deviant
11248492,deviant
11248492,deviant
11248492,deviant
11246177,regular
11247144,regular
11248492,deviant
10721050,regular
10721050,regular
10721050,regular
10721050,regular
10721050,regular
10721050,regular
10721050,regular
10721050,regular
10721050,regular
11032730,regular
11032730,regular
11032730,regular
11032730,regular
11032730,regular
11032730,regular
11032730,regular
11032730,regular
11032730,regular
11032730,regular
11032730,regular
11032730,regular
11032730,regular
11032730,regular
11032730,regular
11032730,regular
11032730,regular
11032730,regular
11032730,regular
11032730,regular
11032730,regular
11032730,regular
11032730,regular
11032730,regular
11032730,regular
11092833,regular
11092833,regular
11092833,regular
11092833,regular
11092833,regular
11092833,regular
11092833,regular
11092833,regular
11092833,regular
11092833,regular
11092833,regular
11092833,regular
11092833,regular
11092833,regular
11092833,regular
11092833,regular
11092833,regular
11092833,regular
11092833,regular
11092833,regular
11092833,regular
11092833,regular
11092833,regular
11092833,regular
11092833,regular
11092833,regular
11276025,regular
11276025,regular
11276025,regular
11276025,regular
11276025,regular
11276025,regular
11276025,regular
11276025,regular
11276025,regular
11276025,regular
11276025,regular
11276025,regular
11276025,regular
9935064,deviant
9935064,deviant
9935064,deviant
9935064,deviant
9935064,deviant
9935064,deviant
9935064,deviant
9935064,deviant
9935064,deviant
9935064,deviant
11032730,regular
11032730,regular
11092833,regular
11092833,regular
9935064,deviant
10785146,regular
10785146,regular
10786320,regular
10786320,regular
11032730,regular
11032730,regular
11092833,regular
11092833,regular
9935064,deviant
9935064,deviant
9935064,deviant
10785146,regular
10785146,regular
10785146,regular
10785146,regular
10785146,regular
10785146,regular
10785146,regular
10785146,regular
10786320,regular
10786320,regular
10786320,regular
10786320,regular
10786320,regular
10786320,regular
10786320,regular
10786320,regular
11031897,regular
11031897,regular
11483837,regular
10667547,deviant
10667547,deviant
10667547,deviant
10667547,deviant
10667547,deviant
10667547,deviant
10434329,deviant
11031897,regular
11031897,regular
11031897,regular
11031897,regular
11031897,regular
11031897,regular
11031897,regular
11031897,regular
11031897,regular
11031897,regular
11031897,regular
11031897,regular
11031897,regular
11031897,regular
11031897,regular
11031897,regular
11031897,regular
11031897,regular
11031897,regular
11031897,regular
11031897,regular
11031897,regular
11031897,regular
11031897,regular
11031897,regular
11483837,regular
11483837,regular
11483837,regular
11483837,regular
11483837,regular
11483837,regular
11483837,regular
11483837,regular
11483837,regular
11483837,regular
11483837,regular
11483837,regular
11483837,regular
11483837,regular
5173437,regular
5173437,regular
5173437,regular
5173437,regular
10294414,regular
10294414,regular
10294414,regular
10294414,regular
10294414,regular
10294414,regular
10294414,regular
10294414,regular
10294414,regular
10294414,regular
10294414,regular
10294414,regular
10294414,regular
10294414,regular
10294414,regular
10294414,regular
10294414,regular
10294414,regular
10294414,regular
10294414,regular
10294414,regular
10294414,regular
10294414,regular
10294414,regular
10294414,regular
10294414,regular
11031897,regular
11031897,regular
10294414,regular
11248492,deviant
11248492,deviant
11248492,deviant
11248492,deviant
11248492,deviant
11248492,deviant
11248492,deviant
11248492,deviant
11246177,regular
11246177,regular
11246177,regular
11246177,regular
11246177,regular
11246177,regular
11246177,regular
11246177,regular
11246177,regular
11246177,regular
11246177,regular
11246177,regular
11246177,regular
11246177,regular
11246177,regular
11246177,regular
11563660,regular
11563660,regular
11563660,regular
11563660,regular
11563660,regular
11563660,regular
11563660,regular
11563660,regular
11563660,regular
11563660,regular
11563660,regular
11563660,regular
11585113,deviant
11563660,regular
7024496,regular
7024496,regular
10434329,deviant
10434329,deviant
10434329,deviant
10434329,deviant
11585113,deviant
11585113,deviant
11585113,deviant
11585113,deviant
11585113,deviant
11585113,deviant
11585113,deviant
11585113,deviant
11585113,deviant
11585113,deviant
11585113,deviant
11585113,deviant
11585113,deviant
11247144,regular
11247144,regular
11247144,regular
11247144,regular
11247144,regular
11247144,regular
11247144,regular
11247144,regular
11247144,regular
11247144,regular
11247144,regular
11247144,regular
11247144,regular
11247144,regular
11247144,regular
11247144,regular
11247144,regular
11247144,regular
11247144,regular
11247144,regular
11247144,regular
11247144,regular
11247144,regular
11247144,regular
11247144,regular
11247144,regular
11247144,regular
11247144,regular
11247144,regular
11247144,regular
11246177,regular
11246177,regular
11246177,regular
11246177,regular
11246177,regular
11246177,regular
11246177,regular
11246177,regular
11246177,regular
11246177,regular
11483837,regular
11483837,regular
11483837,regular
11483837,regular
11483837,regular
11483837,regular
11483837,regular
11483837,regular
11483837,regular
11483837,regular
11483837,regular
11483837,regular
11483837,regular
11483837,regular
11483837,regular
11483837,regular
11483837,regular
11483837,regular
11246177,regular
11246177,regular
11246177,regular
11246177,regular
11585113,deviant
11585113,deviant
11585113,deviant
11585113,deviant
11585113,deviant
11585113,deviant
11585113,deviant
11585113,deviant
11585113,deviant
11585113,deviant
11585113,deviant
11483837,regular
11483837,regular
11483837,regular
11483837,regular
11483837,regular
11483837,regular
11483837,regular
11483837,regular
11483837,regular
11483837,regular
11483837,regular
7024496,regular
7024496,regular
7024496,regular
7024496,regular
7024496,regular
7024496,regular
7024496,regular
7024496,regular
7024496,regular
7024496,regular
7024496,regular
7024496,regular
7024496,regular
7024496,regular
11483837,regular
11483837,regular
11483837,regular
11483837,regular
11032730,regular
11032730,regular
11092833,regular
11092833,regular
11483837,regular
10434329,deviant
10667547,deviant
10667547,deviant
11032730,regular
11032730,regular
11032730,regular
11032730,regular
11032730,regular
11032730,regular
11032730,regular
11032730,regular
11092833,regular
11092833,regular
11092833,regular
11092833,regular
11092833,regular
11092833,regular
11092833,regular
11092833,regular
11092833,regular
11248492,deviant
11248492,deviant
11248492,deviant
11248492,deviant
11585113,deviant
11585113,deviant
11585113,deviant
11585113,deviant
11585113,deviant
11585113,deviant
11585113,deviant
11585113,deviant
11585113,deviant
11585113,deviant
11585113,deviant
11585113,deviant
11585113,deviant
11585113,deviant
11585113,deviant
11585113,deviant
10667547,deviant
10667547,deviant
10667547,deviant
10667547,deviant
10667547,deviant
10667547,deviant
10667547,deviant
10667547,deviant
10667547,deviant
10667547,deviant
10667547,deviant
11984428,regular
11984428,regular
11984428,regular
11984428,regular
11984428,regular
11984428,regular
11984428,regular
11984428,regular
11984428,regular
11984428,regular
11984428,regular
11984428,regular
11984428,regular
11984428,regular
11984428,regular
11984428,regular
11984428,regular
11984428,regular
11984428,regular
11984428,regular
11984428,regular
11984428,regular
11984428,regular
11984428,regular
11984428,regular
11984428,regular
11984428,regular
11984428,regular
11984428,regular
11984428,regular
11984428,regular
11984428,regular
11984428,regular
11984428,regular
11984428,regular
11984428,regular
11984428,regular
11984428,regular
11984428,regular
11984428,regular
11031897,regular
11031897,regular
11031897,regular
11031897,regular
11031897,regular
11031897,regular
11031897,regular
11031897,regular
11031897,regular
11031897,regular
10434329,deviant
10434329,deviant
10434329,deviant
10434329,deviant
10434329,deviant
10434329,deviant
10434329,deviant
10434329,deviant
10434329,deviant
10434329,deviant
10434329,deviant
10434329,deviant
11585113,deviant
11585113,deviant
11585113,deviant
11585113,deviant
11585113,deviant
11585113,deviant
11585113,deviant
11585113,deviant
11585113,deviant
11585113,deviant
12095533,regular
12097890,regular
11585113,deviant
11585113,deviant
11585113,deviant
11585113,deviant
12095533,regular
12095533,regular
12095533,regular
12095533,regular
12095533,regular
12095533,regular
12095533,regular
12095533,regular
12095533,regular
12095533,regular
12095533,regular
12097890,regular
12097890,regular
12097890,regular
12097890,regular
12097890,regular
12097890,regular
12097890,regular
12097890,regular
12097890,regular
12097890,regular
12095533,regular
12189089,regular
12189089,regular
12189089,regular
12189089,regular
12189089,regular
12189089,regular
12189089,regular
12189089,regular
12189089,regular
12189089,regular
12189089,regular
12189089,regular
12189089,regular
10294414,regular
10294414,regular
11247144,regular
11247144,regular
12336689,regular
10434329,deviant
10434329,deviant
10434329,deviant
10434329,deviant
11248492,deviant
11248492,deviant
11248492,deviant
11248492,deviant
11248492,deviant
11248492,deviant
11248492,deviant
11248492,deviant
11248492,deviant
11248492,deviant
12097890,regular
12097890,regular
12097890,regular
12097890,regular
12097890,regular
12097890,regular
12097890,regular
12097890,regular
12097890,regular
12097890,regular
12097890,regular
12097890,regular
12097890,regular
12097890,regular
12097890,regular
12097890,regular
12097890,regular
12097890,regular
12097890,regular
12097890,regular
12097890,regular
12097890,regular
12097890,regular
12336689,regular
12336689,regular
12336689,regular
12336689,regular
12336689,regular
12336689,regular
12336689,regular
12336689,regular
12336689,regular
12336689,regular
12336689,regular
12336689,regular
12097890,regular
12097890,regular
12097890,regular
8958665,regular
8958665,regular
8958665,regular
8958665,regular
8958665,regular
8958665,regular
8958665,regular
8958665,regular
8958665,regular
8958665,regular
8958665,regular
8958665,regular
8958665,regular
8958665,regular
8958665,regular
8958665,regular
8958665,regular
8958665,regular
8958665,regular
8958665,regular
8958665,regular
8958665,regular
8958665,regular
8958665,regular
8958665,regular
8958665,regular
8958665,regular
8958665,regular
8958665,regular
8958665,regular
8958665,regular
8958665,regular
8958665,regular
8958665,regular
8958665,regular
8958665,regular
8958665,regular
8958665,regular
8958665,regular
8958665,regular
8958665,regular
12491915,deviant
12515664,regular
12097890,regular
12491915,deviant
12491915,deviant
12491915,deviant
12491915,deviant
12491915,deviant
12491915,deviant
12491915,deviant
12491915,deviant
12491915,deviant
12491915,deviant
12491915,deviant
12491915,deviant
12515664,regular
12515664,regular
12515664,regular
12491915,deviant
12491915,deviant
12491915,deviant
12491915,deviant
12491915,deviant
12491915,deviant
12491915,deviant
12491915,deviant
12491915,deviant
12491915,deviant
12515664,regular
2929114,regular
2929114,regular
2929114,regular
2929114,regular
2929114,regular
2929114,regular
10294414,regular
10294414,regular
10294414,regular
10294414,regular
10294414,regular
10294414,regular
10294414,regular
10294414,regular
11247144,regular
11247144,regular
11247144,regular
11247144,regular
11247144,regular
11247144,regular
11247144,regular
11247144,regular
12491915,deviant
11585113,deviant
11585113,deviant
11585113,deviant
11585113,deviant
11585113,deviant
11585113,deviant
11585113,deviant
11585113,deviant
12491915,deviant
12491915,deviant
12491915,deviant
11585113,deviant
11585113,deviant
12761395,regular
12761395,regular
12761395,regular
12761395,regular
12761395,regular
12761395,regular
12761395,regular
12761395,regular
12761395,regular
12761395,regular
12761395,regular
12761395,regular
12761395,regular
11984428,regular
11984428,regular
11984428,regular
11984428,regular
11984428,regular
11984428,regular
11984428,regular
12491915,deviant
12491915,deviant
12491915,deviant
12491915,deviant
12491915,deviant
12491915,deviant
12491915,deviant
12491915,deviant
11984428,regular
12491915,deviant
12491915,deviant
12491915,deviant
12491915,deviant
12491915,deviant
12491915,deviant
12491915,deviant
12491915,deviant
12491915,deviant
12491915,deviant
12491915,deviant
12491915,deviant
12097890,regular
12097890,regular
12097890,regular
12097890,regular
12097890,regular
12097890,regular
12097890,regular
12097890,regular
12097890,regular
12097890,regular
12097890,regular
12097890,regular
12491915,deviant
12491915,deviant
12491915,deviant
12491915,deviant
12491915,deviant
12491915,deviant
12491915,deviant
12097890,regular
12097890,regular
12491915,deviant
12515664,regular
12515664,regular
12515664,regular
12515664,regular
12515664,regular
12515664,regular
12515664,regular
12515664,regular
12515664,regular
12761395,regular
12761395,regular
12761395,regular
12761395,regular
12761395,regular
12761395,regular
12761395,regular
12761395,regular
12761395,regular
12761395,regular
12761395,regular
12761395,regular
12761395,regular
12761395,regular
12761395,regular
12761395,regular
12761395,regular
12761395,regular
12761395,regular
12761395,regular
12761395,regular
12491915,deviant
12491915,deviant
12491915,deviant
12491915,deviant
12491915,deviant
12491915,deviant
12491915,deviant
12491915,deviant
12491915,deviant
12491915,deviant
12491915,deviant
12491915,deviant
12491915,deviant
