case_id,outcome
declaration 86791,1
declaration 86795,1
declaration 86800,1
declaration 86731,1
declaration 86735,1
declaration 86805,1
declaration 86809,1
declaration 86816,1
declaration 86716,1
declaration 86720,1
declaration 86820,1
declaration 86824,1
declaration 86828,1
declaration 86739,1
declaration 86746,1
declaration 86750,0
declaration 86752,1
declaration 86756,1
declaration 86832,1
declaration 86836,1
declaration 86760,1
declaration 86764,1
declaration 86771,1
declaration 86840,1
declaration 86776,1
declaration 86783,1
declaration 86847,1
declaration 86851,1
declaration 86572,1
declaration 86576,1
declaration 86855,1
declaration 86859,1
declaration 86863,1
declaration 86867,1
declaration 86871,1
declaration 86580,1
declaration 86584,1
declaration 86875,1
declaration 86588,1
declaration 86592,1
declaration 86880,1
declaration 86884,1
declaration 86888,1
declaration 86596,1
declaration 86600,1
declaration 86604,1
declaration 86702,0
declaration 86708,1
declaration 86615,1
declaration 86620,1
declaration 86632,1
declaration 86641,1
declaration 86646,1
declaration 86650,1
declaration 86654,1
declaration 86658,1
declaration 86662,0
declaration 86664,1
declaration 86668,1
declaration 86672,1
declaration 86677,1
declaration 86681,1
declaration 86685,1
declaration 86689,1
declaration 86693,1
declaration 90824,1
declaration 93588,1
declaration 91295,1
declaration 89290,1
declaration 93592,1
declaration 89421,1
declaration 88710,1
declaration 93602,1
declaration 89393,1
declaration 89397,1
declaration 88822,1
declaration 89425,1
declaration 94736,1
declaration 89220,1
declaration 88427,1
declaration 90090,1
declaration 94895,1
declaration 90912,1
declaration 90919,1
declaration 90923,1
declaration 88932,1
declaration 89401,1
declaration 95235,1
declaration 94740,1
declaration 92482,1
declaration 90094,0
declaration 88826,1
declaration 88830,1
declaration 88834,0
declaration 88714,1
declaration 88936,1
declaration 89453,1
declaration 94744,1
declaration 88940,1
declaration 94899,1
declaration 94903,1
declaration 92486,1
declaration 93453,1
declaration 94907,1
declaration 89338,1
declaration 89342,1
declaration 93457,0
declaration 90829,1
declaration 88944,1
declaration 89346,1
declaration 88718,1
declaration 89351,1
declaration 91299,1
declaration 94748,1
declaration 89356,1
declaration 88948,1
declaration 91303,1
declaration 88179,1
declaration 88453,1
declaration 90928,1
declaration 89247,1
declaration 88072,0
declaration 93809,1
declaration 91307,1
declaration 93461,1
declaration 88457,1
declaration 88188,1
declaration 89297,1
declaration 89301,1
declaration 88461,1
declaration 93606,1
declaration 89225,1
declaration 88722,1
declaration 89360,1
declaration 89524,1
declaration 89309,1
declaration 95239,1
declaration 89229,1
declaration 89364,1
declaration 93466,1
declaration 95243,1
declaration 90098,1
declaration 90106,1
declaration 88952,1
declaration 88192,1
declaration 88196,1
declaration 88726,0
declaration 94911,1
declaration 89692,1
declaration 89405,1
declaration 89368,1
declaration 89485,1
declaration 89372,1
declaration 90933,1
declaration 88838,1
declaration 93471,1
declaration 88842,1
declaration 89409,1
declaration 92744,1
declaration 89233,1
declaration 89376,1
declaration 91603,1
declaration 88956,1
declaration 88465,1
declaration 88846,1
declaration 90833,1
declaration 89380,1
declaration 93992,1
declaration 95247,1
declaration 95251,1
declaration 89251,1
declaration 88469,1
declaration 88960,1
declaration 88730,1
declaration 90110,1
declaration 88076,1
declaration 88200,1
declaration 93476,1
declaration 88204,1
declaration 94916,1
declaration 88734,1
declaration 88964,1
declaration 92490,1
declaration 88850,1
declaration 89237,1
declaration 88855,1
declaration 88080,1
declaration 94000,1
declaration 88969,1
declaration 91312,1
declaration 88208,1
declaration 94004,1
declaration 93813,1
declaration 91316,1
declaration 90114,1
declaration 93480,1
declaration 90938,1
declaration 89413,1
declaration 95255,1
declaration 94920,1
declaration 89259,1
declaration 89384,1
declaration 88738,1
declaration 90942,1
declaration 95259,1
declaration 87913,1
declaration 94008,1
declaration 88973,1
declaration 89313,1
declaration 88742,1
declaration 95263,1
declaration 89263,1
declaration 89490,1
declaration 94924,1
declaration 95267,1
declaration 92494,1
declaration 95271,1
declaration 89494,1
declaration 89389,1
declaration 89242,1
declaration 88977,1
declaration 90837,1
declaration 88473,1
declaration 88982,1
declaration 100197,1
declaration 88859,1
declaration 93485,1
declaration 95275,1
declaration 92498,1
declaration 94928,1
declaration 91054,1
declaration 95376,1
declaration 88098,1
declaration 88863,1
declaration 92838,1
declaration 88746,1
declaration 89433,1
declaration 89697,1
declaration 93489,1
declaration 88102,1
declaration 88987,1
declaration 89501,1
declaration 94752,1
declaration 89505,1
declaration 89509,1
declaration 94757,1
declaration 89318,1
declaration 93817,1
declaration 89091,1
declaration 92748,1
declaration 92752,1
declaration 89095,1
declaration 88898,1
declaration 88903,1
declaration 89267,1
declaration 89271,1
declaration 90883,1
declaration 88212,1
declaration 87917,0
declaration 89275,0
declaration 92502,1
declaration 89437,1
declaration 89441,1
declaration 95380,1
declaration 89417,1
declaration 92506,1
declaration 93493,1
declaration 89457,1
declaration 89532,1
declaration 89539,1
declaration 94933,1
declaration 88482,1
declaration 91324,1
declaration 88907,1
declaration 91607,1
declaration 89445,1
declaration 91612,1
declaration 88109,1
declaration 88114,1
declaration 88911,1
declaration 88915,1
declaration 89322,1
declaration 93829,1
declaration 91058,1
declaration 90118,1
declaration 95783,1
declaration 89573,1
declaration 89543,1
declaration 93562,1
declaration 89326,1
declaration 89577,1
declaration 91062,1
declaration 92842,1
declaration 95788,1
declaration 89449,1
declaration 92510,1
declaration 88573,1
declaration 89330,1
declaration 92517,1
declaration 93566,1
declaration 89514,1
declaration 89519,1
declaration 88919,1
declaration 89461,1
declaration 93825,1
declaration 92756,1
declaration 92760,1
declaration 89581,1
declaration 88578,1
declaration 90879,1
declaration 89548,1
declaration 86897,1
declaration 86564,1
declaration 88119,1
declaration 89279,1
declaration 88991,1
declaration 93610,1
declaration 89701,1
declaration 89585,1
declaration 90887,1
declaration 89706,1
declaration 88582,1
declaration 93614,1
declaration 89731,1
declaration 89815,1
declaration 89334,1
declaration 89466,1
declaration 88923,1
declaration 90892,1
declaration 86892,1
declaration 92764,1
declaration 86901,1
declaration 94368,1
declaration 89589,1
declaration 94870,1
declaration 91066,0
declaration 93619,1
declaration 93833,1
declaration 92846,1
declaration 88445,1
declaration 89100,1
declaration 89552,1
declaration 93571,1
declaration 88123,1
declaration 94012,1
declaration 89593,1
declaration 89598,1
declaration 93838,1
declaration 87921,1
declaration 91068,1
declaration 89711,1
declaration 87925,1
declaration 93624,1
declaration 87930,1
declaration 94017,1
declaration 92521,1
declaration 88587,1
declaration 94874,1
declaration 89470,1
declaration 95047,1
declaration 89602,1
declaration 92525,1
declaration 89286,1
declaration 91080,1
declaration 95052,1
declaration 89475,1
declaration 89557,1
declaration 89480,1
declaration 88996,1
declaration 86912,1
declaration 91076,1
declaration 91084,1
declaration 91328,1
declaration 91617,1
declaration 93575,1
declaration 92851,1
declaration 89565,1
declaration 92808,1
declaration 95384,1
declaration 95388,1
declaration 95393,1
declaration 89620,1
declaration 90246,1
declaration 92856,1
declaration 92860,1
declaration 88591,1
declaration 89569,1
declaration 91089,1
declaration 91094,1
declaration 89606,1
declaration 93645,1
declaration 89662,1
declaration 91459,1
declaration 89611,1
declaration 95397,1
declaration 89667,1
declaration 89643,1
declaration 89647,1
declaration 89671,1
declaration 89625,1
declaration 95402,1
declaration 89676,1
declaration 93843,1
declaration 89616,1
declaration 94372,1
declaration 94114,1
declaration 92609,1
declaration 86916,1
declaration 92613,1
declaration 95406,1
declaration 89630,1
declaration 89652,1
declaration 91098,1
declaration 89000,1
declaration 88928,1
declaration 94879,1
declaration 86920,1
declaration 91102,1
declaration 89657,1
declaration 92813,1
declaration 89680,1
declaration 91622,1
declaration 89004,1
declaration 89684,1
declaration 89635,1
declaration 95907,1
declaration 94883,1
declaration 89639,1
declaration 89108,1
declaration 89688,1
declaration 89850,1
declaration 86924,1
declaration 86928,1
declaration 94376,1
declaration 93946,1
declaration 88128,1
declaration 92865,1
declaration 92618,1
declaration 92870,1
declaration 88034,1
declaration 93580,1
declaration 86933,0
declaration 91106,1
declaration 89719,1
declaration 91110,1
declaration 89791,1
declaration 92874,1
declaration 89715,1
declaration 95792,1
declaration 89736,1
declaration 92817,1
declaration 90250,1
declaration 91217,1
declaration 89744,1
declaration 95513,1
declaration 89796,1
declaration 89801,1
declaration 94887,1
declaration 89112,1
declaration 89723,1
declaration 95518,1
declaration 89727,1
declaration 94118,1
declaration 91464,1
declaration 86935,1
declaration 89748,1
declaration 88094,1
declaration 89122,1
declaration 89752,1
declaration 94079,1
declaration 92822,1
declaration 94083,1
declaration 95057,1
declaration 92826,1
declaration 93951,1
declaration 86939,1
declaration 92830,1
declaration 95062,1
declaration 89820,0
declaration 92622,1
declaration 89822,1
declaration 91221,1
declaration 94891,1
declaration 89757,1
declaration 89762,0
declaration 93584,1
declaration 95523,1
declaration 89009,1
declaration 94087,1
declaration 86952,1
declaration 86959,1
declaration 95012,1
declaration 89764,1
declaration 89826,1
declaration 89768,1
declaration 89830,0
declaration 88595,0
declaration 89805,1
declaration 89810,1
declaration 86964,1
declaration 89773,1
declaration 89932,1
declaration 89778,1
declaration 89939,1
declaration 89835,1
declaration 93650,1
declaration 95912,1
declaration 89740,1
declaration 95017,1
declaration 89783,1
declaration 94380,1
declaration 93955,1
declaration 89013,1
declaration 95527,1
declaration 89944,1
declaration 91225,1
declaration 94384,1
declaration 91232,1
declaration 89840,1
declaration 95021,1
declaration 89948,1
declaration 95531,1
declaration 95066,1
declaration 88133,1
declaration 89854,1
declaration 89844,1
declaration 89848,0
declaration 89858,1
declaration 93629,1
declaration 89968,1
declaration 93658,1
declaration 92631,1
declaration 95025,1
declaration 94389,1
declaration 92834,1
declaration 93662,1
declaration 88600,1
declaration 89862,1
declaration 90896,1
declaration 89952,1
declaration 89973,0
declaration 94091,1
declaration 89870,1
declaration 89957,1
declaration 94393,1
declaration 92879,1
declaration 87935,1
declaration 95029,1
declaration 93666,1
declaration 90254,1
declaration 89874,1
declaration 93633,1
declaration 89787,1
declaration 89961,1
declaration 88137,1
declaration 95535,0
declaration 92899,1
declaration 96103,1
declaration 93671,1
declaration 90258,1
declaration 89878,1
declaration 89891,1
declaration 90270,1
declaration 87939,1
declaration 90278,1
declaration 95537,1
declaration 95542,1
declaration 90282,1
declaration 89978,1
declaration 95034,1
declaration 90900,1
declaration 90286,1
declaration 91468,1
declaration 91236,1
declaration 94096,1
declaration 90413,1
declaration 93959,1
declaration 94402,1
declaration 93676,1
declaration 89882,1
declaration 89982,1
declaration 89895,1
declaration 89987,1
declaration 95038,1
declaration 90904,1
declaration 89887,0
declaration 90122,1
declaration 92635,1
declaration 90417,1
declaration 91240,1
declaration 94397,1
declaration 95899,1
declaration 90126,1
declaration 95042,1
declaration 89056,1
declaration 90425,1
declaration 90908,1
declaration 93654,1
declaration 95070,1
declaration 89899,1
declaration 92639,1
declaration 89991,1
declaration 90429,1
declaration 95547,1
declaration 95075,1
declaration 92643,1
declaration 95551,1
declaration 89903,1
declaration 90433,1
declaration 89060,1
declaration 92904,1
declaration 89064,1
declaration 95555,1
declaration 90130,1
declaration 89907,1
declaration 89995,1
declaration 86968,1
declaration 93146,1
declaration 88237,1
declaration 94122,1
declaration 89999,1
declaration 90134,1
declaration 90004,1
declaration 95678,1
declaration 90139,1
declaration 91245,1
declaration 89911,1
declaration 88431,1
declaration 90144,1
declaration 90148,1
declaration 93150,1
declaration 89126,1
declaration 88241,1
declaration 92909,1
declaration 89131,1
declaration 93964,1
declaration 90152,1
declaration 88245,1
declaration 90008,1
declaration 88249,1
declaration 92914,1
declaration 89915,1
declaration 93680,1
declaration 92919,1
declaration 89920,1
declaration 88141,1
declaration 90021,1
declaration 90025,1
declaration 91567,1
declaration 95174,1
declaration 88436,1
declaration 88254,1
declaration 89924,1
declaration 88146,1
declaration 89068,1
declaration 87581,1
declaration 91358,1
declaration 86972,1
declaration 94127,1
declaration 90029,1
declaration 93685,1
declaration 90040,1
declaration 90157,1
declaration 88258,1
declaration 94101,1
declaration 92884,1
declaration 91363,1
declaration 95178,1
declaration 93154,1
declaration 88262,1
declaration 89136,0
declaration 88150,0
declaration 89072,0
declaration 90044,1
declaration 86976,1
declaration 86981,1
declaration 91371,1
declaration 89138,1
declaration 93159,1
declaration 89074,1
declaration 91375,1
declaration 89928,1
declaration 91572,1
declaration 88152,1
declaration 88157,1
declaration 90161,1
declaration 93166,1
declaration 88386,1
declaration 93637,1
declaration 91379,1
declaration 95182,0
declaration 89078,1
declaration 93973,1
declaration 90166,1
declaration 95916,1
declaration 93736,1
declaration 89142,1
declaration 89082,1
declaration 88391,1
declaration 95184,1
declaration 87947,1
declaration 89086,1
declaration 95188,1
declaration 90052,1
declaration 90290,0
declaration 88396,1
declaration 86990,1
declaration 93740,1
declaration 94105,1
declaration 86994,1
declaration 95141,1
declaration 88401,1
declaration 93745,1
declaration 88409,1
declaration 86998,0
declaration 90297,1
declaration 93750,1
declaration 90301,1
declaration 91384,0
declaration 95683,1
declaration 90056,1
declaration 87005,1
declaration 90306,0
declaration 90060,1
declaration 90308,1
declaration 88440,1
declaration 95192,1
declaration 89182,1
declaration 93767,1
declaration 92700,1
declaration 90175,1
declaration 90312,1
declaration 90065,1
declaration 90317,1
declaration 90069,1
declaration 95149,1
declaration 90074,1
declaration 93774,1
declaration 87050,1
declaration 93171,1
declaration 88413,1
declaration 90179,1
declaration 90078,1
declaration 87585,1
declaration 89186,1
declaration 95687,1
declaration 89190,1
declaration 94110,0
declaration 93982,1
declaration 89195,1
declaration 90082,1
declaration 88547,1
declaration 94131,1
declaration 93778,1
declaration 87054,0
declaration 95691,1
declaration 89199,1
declaration 91577,1
declaration 95695,1
declaration 93175,1
declaration 88418,1
declaration 91392,1
declaration 93641,1
declaration 88162,1
declaration 90184,1
declaration 88422,1
declaration 91396,1
declaration 90322,1
declaration 87589,1
declaration 90326,1
declaration 87593,1
declaration 89204,1
declaration 93987,1
declaration 87598,1
declaration 90188,1
declaration 87603,1
declaration 88511,1
declaration 90086,1
declaration 88516,1
declaration 95152,1
declaration 92704,1
declaration 89208,1
declaration 88520,1
declaration 88525,1
declaration 90193,1
declaration 88529,1
declaration 87607,1
declaration 92708,1
declaration 89212,1
declaration 91400,1
declaration 94050,1
declaration 88166,1
declaration 91404,1
declaration 90197,1
declaration 95700,1
declaration 88533,1
declaration 87615,1
declaration 95157,0
declaration 90331,1
declaration 87058,1
declaration 93179,1
declaration 95704,1
declaration 87063,1
declaration 88171,1
declaration 95161,1
declaration 90336,1
declaration 87619,1
declaration 90205,1
declaration 87623,1
declaration 87067,1
declaration 90209,1
declaration 90201,1
declaration 87627,1
declaration 90340,1
declaration 93758,1
declaration 88537,1
declaration 91408,1
declaration 90213,1
declaration 87631,1
declaration 90437,1
declaration 88867,1
declaration 89216,1
declaration 90441,1
declaration 91485,1
declaration 90217,1
declaration 90221,1
declaration 90445,1
declaration 87071,1
declaration 88542,1
declaration 90452,1
declaration 93763,1
declaration 93782,1
declaration 87635,1
declaration 88551,1
declaration 88642,1
declaration 95708,1
declaration 93787,1
declaration 93183,1
declaration 95317,1
declaration 88646,1
declaration 90225,1
declaration 90229,1
declaration 90233,1
declaration 94172,1
declaration 88650,1
declaration 88655,1
declaration 88555,1
declaration 88660,0
declaration 95796,1
declaration 88662,1
declaration 95165,1
declaration 88559,1
declaration 90237,1
declaration 90242,1
declaration 88666,1
declaration 95800,1
declaration 91489,1
declaration 88175,1
declaration 86704,1
declaration 86611,1
declaration 86698,1
declaration 88670,1
declaration 93187,1
declaration 88871,1
declaration 88875,1
declaration 92712,1
declaration 94054,1
declaration 95169,1
declaration 90344,1
declaration 90349,1
declaration 93791,1
declaration 90353,1
declaration 94061,1
declaration 93795,1
declaration 89049,1
declaration 90358,1
declaration 88674,1
declaration 95805,1
declaration 95810,1
declaration 90366,1
declaration 90371,1
declaration 90376,1
declaration 87728,1
declaration 95814,1
declaration 95325,1
declaration 93695,1
declaration 88679,1
declaration 93700,1
declaration 94176,1
declaration 90381,1
declaration 92924,1
declaration 90456,1
declaration 93704,1
declaration 92929,1
declaration 90386,1
declaration 93799,1
declaration 95819,1
declaration 91653,1
declaration 94065,1
declaration 88270,1
declaration 88275,1
declaration 88563,1
declaration 91493,1
declaration 93864,1
declaration 90390,1
declaration 92717,1
declaration 90395,1
declaration 93709,1
declaration 88279,1
declaration 88568,1
declaration 93872,1
declaration 88283,1
declaration 87732,1
declaration 90400,1
declaration 95279,1
declaration 87737,1
declaration 93228,1
declaration 91657,1
declaration 94181,1
declaration 93876,1
declaration 93714,1
declaration 90362,1
declaration 88683,1
declaration 93719,1
declaration 88287,1
declaration 92786,1
declaration 88292,1
declaration 93804,1
declaration 88296,1
declaration 88880,1
declaration 88300,1
declaration 88885,1
declaration 90408,1
declaration 92791,1
declaration 90476,1
declaration 88687,1
declaration 87741,1
declaration 88691,1
declaration 94185,1
declaration 91497,1
declaration 93723,1
declaration 92950,1
declaration 88696,1
declaration 90483,1
declaration 88701,1
declaration 95283,1
declaration 87076,1
declaration 90461,1
declaration 90488,1
declaration 95288,1
declaration 90493,1
declaration 90497,1
declaration 95292,1
declaration 90501,1
declaration 101989,1
declaration 95296,1
declaration 93728,1
declaration 92888,1
declaration 92892,1
declaration 91661,1
declaration 91668,1
declaration 90506,1
declaration 90466,1
declaration 88706,1
declaration 93732,1
declaration 90510,1
declaration 93913,1
declaration 88890,1
declaration 95330,1
declaration 88894,1
declaration 89017,1
declaration 90471,1
declaration 89021,1
declaration 95301,1
declaration 95334,1
declaration 95338,1
declaration 86943,1
declaration 92958,1
declaration 93392,1
declaration 94647,1
declaration 94963,1
declaration 92410,1
declaration 87098,1
declaration 92317,1
declaration 95495,1
declaration 94651,1
declaration 95464,1
declaration 87102,1
declaration 92530,1
declaration 95305,1
declaration 93033,1
declaration 95346,1
declaration 94604,1
declaration 87745,1
declaration 95309,1
declaration 94967,1
declaration 95350,0
declaration 95599,1
declaration 92534,1
declaration 91502,1
declaration 95079,1
declaration 93037,1
declaration 92414,1
declaration 96192,1
declaration 95468,1
declaration 94971,1
declaration 94976,1
declaration 94655,1
declaration 94981,1
declaration 96197,1
declaration 95083,1
declaration 95087,1
declaration 95091,1
declaration 91507,1
declaration 96202,1
declaration 95342,1
declaration 92678,1
declaration 95603,1
declaration 89025,1
declaration 94677,1
declaration 95823,1
declaration 90841,1
declaration 91138,1
declaration 94681,1
declaration 88605,1
declaration 89029,1
declaration 93396,1
declaration 92934,1
declaration 95628,1
declaration 93497,1
declaration 93400,1
declaration 93404,1
declaration 95197,1
declaration 93502,1
declaration 95559,1
declaration 95202,1
declaration 87457,1
declaration 87462,1
declaration 95747,1
declaration 95473,1
declaration 95313,1
declaration 93690,1
declaration 90946,0
declaration 90515,1
declaration 96255,0
declaration 95411,1
declaration 95920,1
declaration 92938,1
declaration 95416,1
declaration 95925,1
declaration 87467,1
declaration 92539,1
declaration 93409,1
declaration 92942,0
declaration 95423,1
declaration 89033,1
declaration 89037,1
declaration 93413,1
declaration 93417,1
declaration 95715,1
declaration 94499,1
declaration 95095,1
declaration 95428,1
declaration 95099,1
declaration 87849,1
declaration 95607,1
declaration 87854,1
declaration 94503,1
declaration 89041,0
declaration 95611,1
declaration 96257,1
declaration 95432,1
declaration 93421,1
declaration 88610,0
declaration 90948,1
declaration 95103,1
declaration 90846,1
declaration 95436,1
declaration 92322,1
declaration 95440,1
declaration 92232,1
declaration 95477,1
declaration 95444,1
declaration 91142,1
declaration 95481,1
declaration 92236,1
declaration 87859,1
declaration 95486,1
declaration 95615,1
declaration 87471,1
declaration 89045,1
declaration 94507,1
declaration 95719,1
declaration 95107,1
declaration 87475,1
declaration 95932,1
declaration 95723,1
declaration 95491,1
declaration 94511,1
declaration 95112,1
declaration 95563,1
declaration 93425,1
declaration 91512,1
declaration 94151,1
declaration 95866,1
declaration 95448,1
declaration 95870,0
declaration 95632,1
declaration 95936,1
declaration 95832,1
declaration 92769,1
declaration 95452,1
declaration 95620,1
declaration 88216,1
declaration 93507,1
declaration 95624,1
declaration 95206,1
declaration 95210,1
declaration 95456,1
declaration 94518,1
declaration 87863,1
declaration 93514,1
declaration 93518,1
declaration 95500,1
declaration 95903,1
declaration 95567,1
declaration 95214,1
declaration 95754,1
declaration 92240,1
declaration 91528,1
declaration 95943,1
declaration 91168,1
declaration 91173,1
declaration 89146,1
declaration 95758,1
declaration 95116,1
declaration 89158,1
declaration 92418,1
declaration 87488,1
declaration 89150,1
declaration 93847,1
declaration 88486,1
declaration 95762,1
declaration 89154,1
declaration 94522,1
declaration 92422,1
declaration 95766,1
declaration 93851,1
declaration 91472,1
declaration 92266,1
declaration 87492,1
declaration 94526,1
declaration 92427,1
declaration 95771,1
declaration 93856,1
declaration 87639,1
declaration 95775,1
declaration 95779,1
declaration 89167,1
declaration 89174,1
declaration 89178,1
declaration 91533,1
declaration 91178,1
declaration 91538,1
declaration 92432,1
declaration 88304,1
declaration 86787,1
declaration 95874,1
declaration 93860,1
declaration 87115,1
declaration 94531,1
declaration 95120,1
declaration 88308,1
declaration 88312,1
declaration 94536,1
declaration 95878,1
declaration 88316,1
declaration 92270,1
declaration 94189,1
declaration 95882,1
declaration 88320,1
declaration 87644,1
declaration 88324,1
declaration 87497,1
declaration 94194,0
declaration 94198,1
declaration 92543,1
declaration 92278,1
declaration 94660,1
declaration 94202,1
declaration 92283,1
declaration 88328,1
declaration 94668,1
declaration 110191,1
declaration 94245,1
declaration 92683,1
declaration 95128,1
declaration 94672,1
declaration 94250,1
declaration 95887,1
declaration 96077,1
declaration 91182,1
declaration 94255,1
declaration 95892,1
declaration 94260,1
declaration 87291,1
declaration 91186,1
declaration 91191,1
declaration 87502,0
declaration 95991,1
declaration 91196,1
declaration 95995,1
declaration 92688,1
declaration 91476,1
declaration 94268,1
declaration 94272,1
declaration 87296,1
declaration 88221,1
declaration 91332,1
declaration 88490,1
declaration 92287,1
declaration 95132,1
declaration 88494,1
declaration 91542,1
declaration 96003,1
declaration 92245,1
declaration 91546,1
declaration 87749,1
declaration 88229,1
declaration 91550,1
declaration 87648,1
declaration 96007,1
declaration 88233,1
declaration 92292,1
declaration 92296,1
declaration 88332,1
declaration 87300,1
declaration 96011,1
declaration 92249,1
declaration 92696,1
declaration 96081,1
declaration 94276,1
declaration 88336,1
declaration 88750,1
declaration 88341,1
declaration 88755,1
declaration 87384,1
declaration 88345,1
declaration 88349,1
declaration 92300,1
declaration 94317,1
declaration 92305,1
declaration 92309,1
declaration 92313,1
declaration 88353,1
declaration 96015,1
declaration 87391,1
declaration 88357,1
declaration 88361,1
declaration 88365,1
declaration 88759,1
declaration 88369,1
declaration 95137,1
declaration 87395,1
declaration 96019,1
declaration 88373,1
declaration 96085,1
declaration 88503,1
declaration 96023,1
declaration 96028,1
declaration 94322,1
declaration 88507,1
declaration 96143,1
declaration 87399,1
declaration 94326,1
declaration 96147,1
declaration 88045,1
declaration 92962,1
declaration 94330,1
declaration 88614,1
declaration 91337,1
declaration 92966,1
declaration 88618,1
declaration 88623,1
declaration 88627,1
declaration 88634,1
declaration 96151,1
declaration 94334,1
declaration 96155,1
declaration 88638,1
declaration 96159,1
declaration 87403,1
declaration 96163,1
declaration 88766,1
declaration 96167,1
declaration 87407,0
declaration 96089,0
declaration 92971,0
declaration 87411,0
declaration 88770,0
declaration 88774,1
declaration 96171,0
declaration 91342,1
declaration 88778,1
declaration 94338,1
declaration 88783,1
declaration 92340,1
declaration 92975,1
declaration 92979,1
declaration 87753,1
declaration 96175,0
declaration 87305,1
declaration 88787,1
declaration 94345,1
declaration 92344,1
declaration 94353,1
declaration 96179,1
declaration 94357,1
declaration 96093,1
declaration 96098,0
declaration 96183,1
declaration 94361,1
declaration 88794,1
declaration 96188,1
declaration 87119,1
declaration 87315,1
declaration 88798,1
declaration 88802,1
declaration 88806,1
declaration 88810,0
declaration 88814,1
declaration 88818,0
declaration 92986,1
declaration 96294,1
declaration 87319,1
declaration 92351,1
declaration 87323,1
declaration 96261,1
declaration 88049,1
declaration 95218,1
declaration 96298,1
declaration 87652,1
declaration 94406,1
declaration 96302,1
declaration 95636,1
declaration 87660,0
declaration 95460,1
declaration 96265,1
declaration 96269,1
declaration 92355,1
declaration 96306,1
declaration 92359,1
declaration 96273,1
declaration 94410,1
declaration 94414,1
declaration 91684,1
declaration 95727,0
declaration 95571,1
declaration 95575,1
declaration 96311,0
declaration 95580,1
declaration 96315,1
declaration 94418,1
declaration 94422,1
declaration 96278,1
declaration 91688,1
declaration 94426,0
declaration 96282,1
declaration 87415,1
declaration 95584,1
declaration 95640,1
declaration 95223,1
declaration 95588,1
declaration 95227,1
declaration 87505,1
declaration 92990,1
declaration 92994,1
declaration 87509,1
declaration 94428,1
declaration 95592,1
declaration 92363,1
declaration 87513,1
declaration 95731,1
declaration 96227,1
declaration 95645,1
declaration 91346,1
declaration 95505,1
declaration 91692,1
declaration 95649,1
declaration 95735,1
declaration 96231,1
declaration 94689,1
declaration 92367,1
declaration 94693,1
declaration 96319,1
declaration 95739,1
declaration 96323,1
declaration 95743,1
declaration 92998,1
declaration 92374,1
declaration 91016,1
declaration 91021,1
declaration 87664,1
declaration 96286,1
declaration 92378,1
declaration 95231,1
declaration 91026,1
declaration 96327,1
declaration 91350,1
declaration 92382,1
declaration 95836,1
declaration 96290,1
declaration 93112,1
declaration 92386,1
declaration 95656,1
declaration 93117,0
declaration 96235,1
declaration 93121,1
declaration 91030,1
declaration 95660,1
declaration 96459,1
declaration 96239,1
declaration 91034,1
declaration 94697,1
declaration 95354,1
declaration 92436,1
declaration 95840,1
declaration 87668,1
declaration 93125,1
declaration 93002,1
declaration 93130,1
declaration 95358,1
declaration 91354,1
declaration 95509,1
declaration 96411,1
declaration 96415,1
declaration 95665,1
declaration 96463,1
declaration 95363,1
declaration 95844,1
declaration 87518,1
declaration 88054,1
declaration 95669,1
declaration 96467,1
declaration 95848,1
declaration 95674,1
declaration 96471,1
declaration 95852,1
declaration 92440,1
declaration 96243,1
declaration 96475,1
declaration 96247,1
declaration 95857,1
declaration 93134,1
declaration 96479,1
declaration 94701,1
declaration 92445,1
declaration 92449,1
declaration 93138,1
declaration 93006,1
declaration 93011,1
declaration 92453,1
declaration 95367,1
declaration 92457,1
declaration 95861,1
declaration 87672,1
declaration 87760,1
declaration 92548,1
declaration 96483,1
declaration 93142,1
declaration 96487,1
declaration 91038,1
declaration 87677,1
declaration 96491,1
declaration 91042,1
declaration 93191,1
declaration 93196,1
declaration 93200,1
declaration 95947,1
declaration 88058,1
declaration 93204,1
declaration 93208,1
declaration 87522,1
declaration 93212,1
declaration 94790,1
declaration 96331,1
declaration 87764,1
declaration 96251,1
declaration 95372,1
declaration 92552,1
declaration 96035,1
declaration 88062,1
declaration 96039,1
declaration 87768,1
declaration 96495,1
declaration 96499,1
declaration 93216,1
declaration 87772,1
declaration 88067,1
declaration 87776,1
declaration 95952,1
declaration 87123,1
declaration 87220,1
declaration 95959,1
declaration 95964,0
declaration 96592,1
declaration 96596,1
declaration 94794,1
declaration 93220,1
declaration 91480,1
declaration 95966,0
declaration 87905,1
declaration 96043,1
declaration 96601,1
declaration 96605,1
declaration 96047,1
declaration 96609,1
declaration 93224,1
declaration 91582,1
declaration 93015,1
declaration 95970,1
declaration 93247,1
declaration 93019,1
declaration 94798,1
declaration 91046,1
declaration 93251,1
declaration 93256,1
declaration 96613,1
declaration 93261,0
declaration 96051,1
declaration 94803,1
declaration 96360,1
declaration 93263,1
declaration 96618,1
declaration 96055,1
declaration 91050,1
declaration 96623,1
declaration 95974,1
declaration 95978,1
declaration 96059,1
declaration 93268,1
declaration 96063,1
declaration 94830,1
declaration 94834,1
declaration 95982,1
declaration 93272,1
declaration 90585,1
declaration 93023,1
declaration 87909,1
declaration 96068,1
declaration 87225,1
declaration 95986,1
declaration 96627,1
declaration 96072,1
declaration 96107,1
declaration 96111,1
declaration 96631,1
declaration 94838,1
declaration 93028,1
declaration 92556,1
declaration 96206,1
declaration 92561,1
declaration 94843,1
declaration 93276,1
declaration 96364,0
declaration 93308,1
declaration 93312,1
declaration 92570,1
declaration 96211,1
declaration 93316,1
declaration 96216,1
declaration 90589,1
declaration 96122,1
declaration 96635,1
declaration 90594,1
declaration 93041,0
declaration 94848,1
declaration 93045,1
declaration 91200,1
declaration 90599,1
declaration 96220,1
declaration 96126,1
declaration 96639,1
declaration 96131,1
declaration 96135,1
declaration 93232,1
declaration 96139,1
declaration 93320,0
declaration 87980,1
declaration 93049,1
declaration 94432,1
declaration 93324,1
declaration 87984,1
declaration 91205,1
declaration 93332,1
declaration 93341,1
declaration 96335,1
declaration 93056,1
declaration 96366,1
declaration 96374,1
declaration 96419,1
declaration 93348,1
declaration 91696,1
declaration 87988,1
declaration 87993,1
declaration 93060,1
declaration 94436,1
declaration 96342,1
declaration 93353,1
declaration 93064,1
declaration 93068,1
declaration 96424,1
declaration 93358,1
declaration 91209,1
declaration 93072,1
declaration 93076,1
declaration 94441,1
declaration 96428,1
declaration 87998,1
declaration 96433,1
declaration 96438,1
declaration 88003,1
declaration 96443,1
declaration 93080,0
declaration 90603,1
declaration 93237,1
declaration 93082,1
declaration 96379,1
declaration 96448,1
declaration 93363,1
declaration 93086,1
declaration 93091,1
declaration 91586,1
declaration 94807,1
declaration 96455,1
declaration 93429,1
declaration 90610,1
declaration 96347,1
declaration 93095,1
declaration 96555,1
declaration 93099,1
declaration 93434,1
declaration 93439,1
declaration 88007,1
declaration 93444,0
declaration 88011,1
declaration 96559,1
declaration 93104,1
declaration 91591,1
declaration 92130,1
declaration 91213,1
declaration 92134,1
declaration 96351,1
declaration 92139,1
declaration 91595,1
declaration 96390,1
declaration 96563,1
declaration 96355,1
declaration 96567,1
declaration 96394,1
declaration 96571,1
declaration 86947,1
declaration 96398,1
declaration 96576,1
declaration 93242,1
declaration 93448,1
declaration 92143,1
declaration 92148,1
declaration 96503,1
declaration 96584,1
declaration 96588,1
declaration 94811,1
declaration 94819,1
declaration 96508,1
declaration 96403,1
declaration 92153,1
declaration 94852,1
declaration 92158,1
declaration 92163,1
declaration 87010,1
declaration 96513,1
declaration 94446,0
declaration 87014,1
declaration 87019,1
declaration 94761,1
declaration 91599,1
declaration 87024,1
declaration 94765,1
declaration 94448,1
declaration 92168,1
declaration 94769,1
declaration 92172,1
declaration 94773,1
declaration 94778,1
declaration 93522,1
declaration 93527,1
declaration 93531,1
declaration 93280,1
declaration 94856,1
declaration 96517,1
declaration 93535,0
declaration 87028,1
declaration 92176,1
declaration 93284,1
declaration 96526,1
declaration 87229,1
declaration 94782,0
declaration 94937,0
declaration 94540,1
declaration 94545,1
declaration 96521,1
declaration 93537,1
declaration 91700,1
declaration 93288,1
declaration 87233,1
declaration 94550,1
declaration 91704,1
declaration 91709,1
declaration 94554,0
declaration 91714,1
declaration 94786,1
declaration 87032,1
declaration 96530,0
declaration 91719,1
declaration 94558,1
declaration 91724,1
declaration 94562,1
declaration 92181,1
declaration 91728,1
declaration 87036,1
declaration 94453,1
declaration 93880,1
declaration 87241,1
declaration 96534,1
declaration 87040,1
declaration 87045,1
declaration 94941,1
declaration 93292,1
declaration 94945,1
declaration 93296,1
declaration 94457,1
declaration 94462,0
declaration 96539,1
declaration 87245,1
declaration 94566,1
declaration 93885,1
declaration 94570,0
declaration 94464,1
declaration 92185,1
declaration 92190,1
declaration 94949,1
declaration 92195,1
declaration 94823,1
declaration 87249,1
declaration 93889,1
declaration 96543,1
declaration 93894,1
declaration 93898,1
declaration 90615,1
declaration 92199,1
declaration 93903,1
declaration 93908,1
declaration 94471,1
declaration 94475,1
declaration 92204,1
declaration 94953,1
declaration 92208,1
declaration 94025,1
declaration 94957,0
declaration 92213,1
declaration 94574,1
declaration 94029,1
declaration 94959,1
declaration 94578,1
declaration 94582,1
declaration 90637,1
declaration 91810,1
declaration 94587,1
declaration 91814,1
declaration 94591,1
declaration 96551,1
declaration 94034,1
declaration 94038,1
declaration 94596,1
declaration 94600,1
declaration 94706,1
declaration 94042,1
declaration 94046,1
declaration 94710,1
declaration 94714,1
declaration 94719,1
declaration 91818,1
declaration 92217,1
declaration 87080,1
declaration 94724,1
declaration 94728,1
declaration 90641,1
declaration 102019,1
declaration 94732,1
declaration 90645,1
declaration 87084,1
declaration 94860,1
declaration 94865,1
declaration 94480,1
declaration 94988,1
declaration 87088,1
declaration 94992,1
declaration 95000,1
declaration 91823,1
declaration 91827,1
declaration 95004,1
declaration 95008,1
declaration 87093,1
declaration 94484,1
declaration 94138,1
declaration 94489,0
declaration 92253,1
declaration 92258,1
declaration 94491,1
declaration 94495,1
declaration 92262,1
declaration 94608,1
declaration 94613,1
declaration 94618,1
declaration 94622,1
declaration 94626,1
declaration 87127,1
declaration 91926,1
declaration 94630,1
declaration 94634,1
declaration 87132,1
declaration 94638,1
declaration 94143,1
declaration 94147,1
declaration 94642,1
declaration 91931,1
declaration 91516,1
declaration 91627,1
declaration 87256,1
declaration 91936,0
declaration 92773,1
declaration 87261,1
declaration 87136,1
declaration 91412,1
declaration 91672,1
declaration 87828,1
declaration 90782,1
declaration 91416,1
declaration 91118,1
declaration 91520,1
declaration 93300,1
declaration 87265,1
declaration 91940,1
declaration 94206,1
declaration 91944,1
declaration 87269,1
declaration 87867,1
declaration 91524,1
declaration 91676,1
declaration 87832,1
declaration 92777,1
declaration 87526,1
declaration 91680,1
declaration 87141,1
declaration 87351,1
declaration 91631,1
declaration 91732,1
declaration 91948,1
declaration 91554,1
declaration 92326,1
declaration 91736,1
declaration 87479,1
declaration 87355,1
declaration 90957,1
declaration 87273,1
declaration 91421,1
declaration 109079,1
declaration 90787,1
declaration 90791,1
declaration 93304,1
declaration 91740,1
declaration 91744,1
declaration 91748,1
declaration 92331,1
declaration 91752,1
declaration 91756,1
declaration 90855,1
declaration 91952,1
declaration 91761,1
declaration 90795,0
declaration 90797,0
declaration 92335,1
declaration 93544,1
declaration 94211,1
declaration 92222,1
declaration 93548,1
declaration 92461,1
declaration 90961,1
declaration 87359,1
declaration 87145,1
declaration 87364,1
declaration 91957,1
declaration 87871,1
declaration 87368,1
declaration 92226,0
declaration 91831,0
declaration 91961,1
declaration 92648,1
declaration 91835,1
declaration 87372,1
declaration 91839,1
declaration 91843,1
declaration 90859,1
declaration 91559,1
declaration 92228,1
declaration 90863,1
declaration 87376,1
declaration 91425,1
declaration 91847,1
declaration 91852,1
declaration 87380,1
declaration 92390,1
declaration 91563,1
declaration 91635,1
declaration 92394,1
declaration 87875,1
declaration 87530,1
declaration 87483,1
declaration 91857,1
declaration 94216,1
declaration 91785,1
declaration 92054,1
declaration 91861,1
declaration 87277,1
declaration 91639,1
declaration 90741,1
declaration 87577,1
declaration 87534,1
declaration 91865,1
declaration 92058,1
declaration 92465,1
declaration 90745,1
declaration 91429,1
declaration 94220,1
declaration 91870,1
declaration 87539,1
declaration 87282,1
declaration 93552,1
declaration 93557,1
declaration 91789,1
declaration 92470,1
declaration 87149,1
declaration 92398,1
declaration 87543,1
declaration 92062,1
declaration 92067,1
declaration 94228,1
declaration 91794,1
declaration 91249,1
declaration 91802,1
declaration 87879,1
declaration 87883,1
declaration 92071,1
declaration 94236,1
declaration 91874,1
declaration 90952,1
declaration 87106,1
declaration 91146,1
declaration 90965,1
declaration 91258,1
declaration 87887,1
declaration 87287,1
declaration 91878,1
declaration 91965,0
declaration 94240,1
declaration 91643,1
declaration 87153,1
declaration 90969,1
declaration 87157,1
declaration 90973,1
declaration 87547,1
declaration 92474,1
declaration 91151,1
declaration 91883,1
declaration 87891,1
declaration 93918,1
declaration 87836,1
declaration 90666,1
declaration 87840,1
declaration 91888,1
declaration 91155,1
declaration 91433,1
declaration 91647,1
declaration 91159,1
declaration 87327,1
declaration 87331,1
declaration 87896,1
declaration 87110,1
declaration 87335,1
declaration 87901,1
declaration 87551,1
declaration 91163,1
declaration 90799,1
declaration 92652,1
declaration 92402,1
declaration 87951,1
declaration 92478,1
declaration 91893,1
declaration 90671,0
declaration 87339,1
declaration 87343,1
declaration 90982,1
declaration 94280,1
declaration 94285,1
declaration 94069,1
declaration 90803,1
declaration 98152,1
declaration 90987,1
declaration 91897,1
declaration 92075,1
declaration 92656,1
declaration 87347,1
declaration 94290,1
declaration 91901,1
declaration 93922,1
declaration 94074,1
declaration 91967,1
declaration 91975,1
declaration 90991,1
declaration 87422,1
declaration 109851,1
declaration 87555,1
declaration 91908,1
declaration 87559,1
declaration 91912,1
declaration 90676,1
declaration 90996,1
declaration 90519,1
declaration 91983,1
declaration 94155,1
declaration 91262,0
declaration 90523,0
declaration 91987,0
declaration 94294,1
declaration 91001,0
declaration 94298,0
declaration 92660,1
declaration 90681,1
declaration 94305,1
declaration 87161,1
declaration 87165,1
declaration 91994,1
declaration 91999,1
declaration 87426,1
declaration 87430,1
declaration 94309,1
declaration 91008,1
declaration 91916,1
declaration 91269,1
declaration 87434,1
declaration 91921,1
declaration 91437,1
declaration 92003,1
declaration 92007,1
declaration 91274,1
declaration 91122,1
declaration 92011,1
declaration 94313,1
declaration 92574,1
declaration 87955,1
declaration 87170,1
declaration 87439,1
declaration 92795,1
declaration 87177,1
declaration 88016,1
declaration 87563,1
declaration 87572,1
declaration 92799,0
declaration 90685,0
declaration 87443,0
declaration 91278,0
declaration 91442,0
declaration 92015,1
declaration 91446,0
declaration 91282,1
declaration 90807,1
declaration 90815,0
declaration 91450,1
declaration 90530,0
declaration 90689,1
declaration 92019,1
declaration 91454,1
declaration 91012,1
declaration 87447,0
declaration 92579,1
declaration 90694,1
declaration 90534,1
declaration 90819,1
declaration 92023,1
declaration 92028,1
declaration 92033,1
declaration 90538,0
declaration 92406,1
declaration 90542,1
declaration 101974,1
declaration 87449,1
declaration 90698,1
declaration 90546,1
declaration 90702,1
declaration 87182,1
declaration 91126,1
declaration 91286,1
declaration 91130,1
declaration 87453,1
declaration 94159,1
declaration 92038,1
declaration 92079,1
declaration 92664,1
declaration 90867,1
declaration 90706,1
declaration 92045,1
declaration 91290,1
declaration 90711,1
declaration 92668,1
declaration 92083,1
declaration 87959,1
declaration 94163,1
declaration 87964,1
declaration 90716,1
declaration 87681,1
declaration 87685,1
declaration 92946,1
declaration 92050,1
declaration 87689,1
declaration 93368,1
declaration 90550,1
declaration 90749,1
declaration 87693,0
declaration 92673,1
declaration 93927,1
declaration 92087,1
declaration 92092,1
declaration 92096,1
declaration 92100,1
declaration 90554,1
declaration 93372,1
declaration 93376,1
declaration 92584,1
declaration 87697,1
declaration 92104,1
declaration 92781,1
declaration 87701,1
declaration 90649,1
declaration 87705,0
declaration 90875,1
declaration 87709,1
declaration 92722,1
declaration 92803,1
declaration 87187,1
declaration 87713,1
declaration 90753,1
declaration 92109,1
declaration 92588,1
declaration 90757,1
declaration 88020,1
declaration 92726,1
declaration 87718,1
declaration 90653,1
declaration 90620,1
declaration 93932,1
declaration 92592,1
declaration 92731,1
declaration 90721,1
declaration 94168,1
declaration 92736,1
declaration 87723,1
declaration 90725,1
declaration 87780,1
declaration 87969,1
declaration 90762,1
declaration 92113,1
declaration 90766,1
declaration 90770,1
declaration 90774,1
declaration 90778,1
declaration 93380,1
declaration 92117,1
declaration 87784,1
declaration 92121,1
declaration 90729,1
declaration 87789,1
declaration 92740,1
declaration 87793,1
declaration 87797,1
declaration 87801,1
declaration 90733,1
declaration 87195,1
declaration 87805,1
declaration 90625,1
declaration 92596,1
declaration 92125,1
declaration 93384,1
declaration 93388,1
declaration 87199,1
declaration 87809,1
declaration 91765,1
declaration 87814,1
declaration 92600,1
declaration 87203,1
declaration 87819,1
declaration 87823,1
declaration 87207,1
declaration 87844,1
declaration 88025,1
declaration 100365,1
declaration 87211,1
declaration 88030,1
declaration 90850,1
declaration 91134,1
declaration 90559,0
declaration 90629,1
declaration 93941,1
declaration 93936,1
declaration 87974,1
declaration 92604,1
declaration 90563,1
declaration 90568,1
declaration 90572,1
declaration 90577,1
declaration 91651,0
declaration 90737,1
declaration 90581,1
declaration 87216,1
declaration 91770,1
declaration 91777,1
declaration 88084,1
declaration 90658,1
declaration 88089,1
declaration 90662,1
declaration 91781,1
declaration 99088,1
declaration 99093,0
declaration 100657,1
declaration 101917,1
declaration 99095,1
declaration 99101,1
declaration 98722,1
declaration 99106,1
declaration 100662,1
declaration 101084,1
declaration 99111,1
declaration 100667,1
declaration 109859,1
declaration 109864,1
declaration 102002,1
declaration 102172,1
declaration 99116,1
declaration 100672,1
declaration 100677,1
declaration 98011,1
declaration 99121,1
declaration 102008,1
declaration 105061,1
declaration 102323,1
declaration 99126,1
declaration 102027,1
declaration 100374,1
declaration 100683,1
declaration 98733,1
declaration 98017,1
declaration 100688,1
declaration 99132,1
declaration 100693,1
declaration 108683,1
declaration 108688,1
declaration 102014,1
declaration 98925,1
declaration 99137,1
declaration 101867,1
declaration 108693,1
declaration 99143,1
declaration 108676,1
declaration 100698,1
declaration 100703,1
declaration 100708,1
declaration 104925,1
declaration 100718,1
declaration 100723,0
declaration 104930,0
declaration 101997,1
declaration 100726,1
declaration 100731,1
declaration 100737,1
declaration 101872,1
declaration 108698,1
declaration 100743,1
declaration 98930,1
declaration 100748,1
declaration 100753,1
declaration 100759,1
declaration 99148,1
declaration 100764,0
declaration 104932,1
declaration 108703,1
declaration 100380,1
declaration 102036,1
declaration 101922,0
declaration 105066,1
declaration 100768,1
declaration 100773,1
declaration 99154,1
declaration 101094,1
declaration 104920,1
declaration 99160,1
declaration 104937,1
declaration 98741,1
declaration 101099,1
declaration 109869,1
declaration 102042,1
declaration 101877,1
declaration 108712,1
declaration 104942,1
declaration 105071,1
declaration 102047,0
declaration 104947,1
declaration 100388,1
declaration 98747,1
declaration 101105,1
declaration 101110,1
declaration 101115,1
declaration 100394,1
declaration 101926,1
declaration 98752,1
declaration 108718,1
declaration 101120,1
declaration 102049,0
declaration 101126,1
declaration 101132,1
declaration 109561,1
declaration 101140,1
declaration 101149,1
declaration 101155,1
declaration 105349,1
declaration 100399,1
declaration 104957,1
declaration 108723,1
declaration 102329,1
declaration 99165,1
declaration 102053,1
declaration 98022,1
declaration 101164,1
declaration 102058,1
declaration 99450,1
declaration 101931,1
declaration 99456,1
declaration 101169,1
declaration 101174,1
declaration 101182,1
declaration 101883,1
declaration 98027,1
declaration 101188,1
declaration 99462,1
declaration 101194,1
declaration 102063,1
declaration 101200,1
declaration 101205,1
declaration 109569,0
declaration 108729,1
declaration 108739,1
declaration 101210,1
declaration 100412,1
declaration 101215,1
declaration 108681,0
declaration 108744,1
declaration 104824,1
declaration 98595,1
declaration 109576,1
declaration 98600,1
declaration 108749,1
declaration 100417,1
declaration 100422,1
declaration 100428,1
declaration 97095,0
declaration 99468,1
declaration 108754,1
declaration 108765,1
declaration 109582,1
declaration 108771,1
declaration 105076,1
declaration 105081,1
declaration 105086,1
declaration 101436,1
declaration 97097,1
declaration 101442,1
declaration 99473,1
declaration 109588,1
declaration 104962,1
declaration 99478,1
declaration 108780,1
declaration 108525,1
declaration 98794,1
declaration 110770,1
declaration 99483,0
declaration 108785,1
declaration 105091,1
declaration 105120,0
declaration 108790,0
declaration 99487,1
declaration 98606,1
declaration 99493,0
declaration 105096,1
declaration 100433,0
declaration 99495,0
declaration 105101,0
declaration 105124,0
declaration 100441,1
declaration 109161,1
declaration 100447,1
declaration 98757,1
declaration 104968,1
declaration 104973,1
declaration 101448,1
declaration 100452,1
declaration 100457,1
declaration 100463,1
declaration 105132,1
declaration 105109,1
declaration 104979,1
declaration 96644,0
declaration 108794,1
declaration 100468,1
declaration 97686,1
declaration 108800,1
declaration 109598,1
declaration 97103,1
declaration 105137,1
declaration 101453,1
declaration 109593,1
declaration 109609,1
declaration 101459,1
declaration 109603,1
declaration 104985,1
declaration 104830,0
declaration 108944,1
declaration 101465,1
declaration 105114,1
declaration 97115,1
declaration 104909,1
declaration 109614,1
declaration 109619,0
declaration 101471,1
declaration 104991,1
declaration 104996,1
declaration 109624,0
declaration 98611,1
declaration 99503,1
declaration 105188,1
declaration 104832,1
declaration 98617,1
declaration 108950,1
declaration 99509,1
declaration 100473,1
declaration 101477,0
declaration 105194,1
declaration 101481,0
declaration 105199,1
declaration 99515,1
declaration 99520,1
declaration 104838,1
declaration 98622,1
declaration 104844,1
declaration 109626,1
declaration 105204,1
declaration 99526,1
declaration 100479,1
declaration 101485,1
declaration 105002,1
declaration 108955,1
declaration 109635,1
declaration 101490,1
declaration 98627,1
declaration 101495,1
declaration 108961,1
declaration 105007,1
declaration 105142,1
declaration 101501,1
declaration 101506,1
declaration 101512,1
declaration 98632,1
declaration 98637,1
declaration 99531,1
declaration 105209,1
declaration 99537,1
declaration 101517,1
declaration 100484,1
declaration 97120,1
declaration 101522,1
declaration 101676,1
declaration 104849,1
declaration 109640,1
declaration 105147,1
declaration 99543,1
declaration 101682,1
declaration 101688,1
declaration 101693,1
declaration 97129,1
declaration 105152,1
declaration 97135,1
declaration 99548,1
declaration 104855,1
declaration 105013,1
declaration 101698,1
declaration 105018,1
declaration 109646,1
declaration 109651,1
declaration 108967,1
declaration 98727,1
declaration 109657,1
declaration 101703,1
declaration 105215,1
declaration 101708,1
declaration 108972,1
declaration 99553,1
declaration 105220,1
declaration 105023,1
declaration 99558,1
declaration 104861,1
declaration 109166,1
declaration 100490,1
declaration 108978,1
declaration 108983,1
declaration 101713,1
declaration 108988,1
declaration 108993,1
declaration 98762,1
declaration 105158,1
declaration 101718,1
declaration 100496,1
declaration 100501,1
declaration 105225,1
declaration 98646,1
declaration 105231,1
declaration 108999,1
declaration 100506,1
declaration 100778,1
declaration 98651,1
declaration 105031,0
declaration 99563,1
declaration 105236,1
declaration 109004,1
declaration 105163,1
declaration 97143,1
declaration 109010,1
declaration 97149,1
declaration 99569,1
declaration 109663,1
declaration 97155,1
declaration 100784,1
declaration 99574,1
declaration 100789,1
declaration 109016,1
declaration 105242,1
declaration 109171,1
declaration 104866,1
declaration 105168,0
declaration 98657,1
declaration 99585,1
declaration 109668,1
declaration 109674,1
declaration 99590,1
declaration 104872,1
declaration 109022,1
declaration 98799,1
declaration 100794,1
declaration 99909,1
declaration 105035,1
declaration 100800,1
declaration 100805,1
declaration 99917,1
declaration 97160,1
declaration 99171,1
declaration 100811,1
declaration 98662,1
declaration 100816,1
declaration 99176,1
declaration 109028,1
declaration 104878,1
declaration 97165,1
declaration 97171,1
declaration 109033,1
declaration 109680,1
declaration 105044,1
declaration 109176,1
declaration 105049,1
declaration 100824,1
declaration 100829,1
declaration 100834,1
declaration 109039,1
declaration 100840,1
declaration 105173,1
declaration 104883,1
declaration 100845,1
declaration 98767,1
declaration 105054,1
declaration 105253,1
declaration 105178,1
declaration 105258,1
declaration 100851,1
declaration 105263,1
declaration 100857,1
declaration 98773,1
declaration 105059,0
declaration 109685,1
declaration 98667,1
declaration 100863,1
declaration 100869,1
declaration 100874,1
declaration 100880,0
declaration 100882,1
declaration 100887,1
declaration 109181,1
declaration 109187,1
declaration 105268,1
declaration 104915,1
declaration 109690,1
declaration 100892,1
declaration 99923,1
declaration 100897,1
declaration 104889,1
declaration 105489,1
declaration 104895,1
declaration 99928,1
declaration 105274,1
declaration 100902,1
declaration 109045,1
declaration 109050,0
declaration 97177,1
declaration 109052,1
declaration 105279,1
declaration 99934,1
declaration 100908,1
declaration 98673,1
declaration 100913,1
declaration 109193,1
declaration 97183,1
declaration 109057,1
declaration 100919,1
declaration 97191,1
declaration 101243,1
declaration 101248,1
declaration 109198,1
declaration 98679,1
declaration 109063,1
declaration 101254,1
declaration 97197,1
declaration 99939,1
declaration 97202,1
declaration 99944,1
declaration 109069,1
declaration 109074,1
declaration 104900,1
declaration 109696,1
declaration 109203,1
declaration 101259,1
declaration 101265,1
declaration 109702,1
declaration 101270,1
declaration 101275,1
declaration 105284,1
declaration 101280,1
declaration 101285,1
declaration 101291,1
declaration 99949,1
declaration 101528,1
declaration 97213,1
declaration 101533,1
declaration 99955,1
declaration 99961,0
declaration 101538,1
declaration 101543,1
declaration 99963,1
declaration 101548,1
declaration 109708,1
declaration 109718,1
declaration 109723,1
declaration 101553,1
declaration 101558,1
declaration 105289,1
declaration 109728,1
declaration 99968,1
declaration 109733,1
declaration 101566,1
declaration 109209,1
declaration 109215,1
declaration 109220,1
declaration 105344,1
declaration 101572,1
declaration 99973,1
declaration 105297,1
declaration 101220,1
declaration 101577,1
declaration 99978,1
declaration 101583,1
declaration 101589,1
declaration 99983,1
declaration 105303,1
declaration 109738,1
declaration 105308,1
declaration 109743,1
declaration 109749,1
declaration 109225,1
declaration 105183,1
declaration 109754,1
declaration 105627,1
declaration 101595,1
declaration 101600,1
declaration 98779,1
declaration 109230,1
declaration 109759,1
declaration 101605,1
declaration 109765,1
declaration 109770,1
declaration 105314,1
declaration 109775,1
declaration 98684,1
declaration 101226,1
declaration 99989,1
declaration 101232,1
declaration 101610,0
declaration 99995,1
declaration 105319,1
declaration 109235,1
declaration 105325,1
declaration 109240,1
declaration 105632,1
declaration 100000,1
declaration 97219,1
declaration 100005,1
declaration 109245,1
declaration 105330,1
declaration 100010,1
declaration 109250,1
declaration 109256,1
declaration 101238,1
declaration 109781,1
declaration 105638,1
declaration 97224,1
declaration 109787,0
declaration 101612,1
declaration 101618,1
declaration 105644,1
declaration 101624,1
declaration 109261,1
declaration 101630,1
declaration 98784,1
declaration 109266,1
declaration 100015,1
declaration 101635,1
declaration 109272,1
declaration 109278,1
declaration 109283,1
declaration 101640,1
declaration 109288,1
declaration 102177,0
declaration 101646,1
declaration 97229,1
declaration 109792,1
declaration 109797,1
declaration 105339,1
declaration 101651,1
declaration 101656,1
declaration 109802,1
declaration 101661,1
declaration 105494,1
declaration 98807,1
declaration 98813,1
declaration 101671,1
declaration 109808,1
declaration 100021,1
declaration 109814,1
declaration 109819,1
declaration 105500,1
declaration 98689,1
declaration 98789,1
declaration 97234,1
declaration 105505,1
declaration 109824,1
declaration 105650,1
declaration 105510,1
declaration 98694,1
declaration 105515,1
declaration 97239,1
declaration 101726,1
declaration 97244,1
declaration 105655,1
declaration 109829,1
declaration 101731,1
declaration 101736,1
declaration 105663,1
declaration 97249,1
declaration 101742,1
declaration 98818,1
declaration 101747,1
declaration 109835,1
declaration 101753,1
declaration 109841,1
declaration 98700,1
declaration 109846,1
declaration 100027,1
declaration 101758,1
declaration 109891,1
declaration 109897,1
declaration 101763,1
declaration 101769,1
declaration 109902,1
declaration 100032,1
declaration 104905,0
declaration 109908,1
declaration 109913,1
declaration 105524,1
declaration 105668,1
declaration 105530,1
declaration 109918,1
declaration 109924,1
declaration 109930,1
declaration 105673,1
declaration 100037,1
declaration 101775,1
declaration 105679,1
declaration 96649,0
declaration 101781,1
declaration 101787,0
declaration 109936,1
declaration 105685,1
declaration 105690,1
declaration 101791,1
declaration 105536,1
declaration 109942,1
declaration 101797,1
declaration 101803,1
declaration 109952,1
declaration 105546,1
declaration 101808,1
declaration 109957,1
declaration 109962,1
declaration 101817,1
declaration 101822,1
declaration 96651,1
declaration 101827,1
declaration 101832,1
declaration 109967,1
declaration 105695,1
declaration 105700,1
declaration 109972,1
declaration 101837,1
declaration 105706,1
declaration 101842,1
declaration 109977,1
declaration 109983,1
declaration 109988,1
declaration 105552,1
declaration 109993,1
declaration 101847,1
declaration 101852,1
declaration 109998,1
declaration 101857,1
declaration 101862,1
declaration 104819,1
declaration 101937,1
declaration 101947,1
declaration 110003,1
declaration 101953,1
declaration 105561,0
declaration 105712,1
declaration 110008,1
declaration 110013,1
declaration 101963,1
declaration 110019,1
declaration 110024,1
declaration 110029,1
declaration 101968,1
declaration 101982,1
declaration 105718,1
declaration 110202,1
declaration 105724,1
declaration 98705,1
declaration 101987,0
declaration 105730,0
declaration 110207,1
declaration 102069,1
declaration 105563,1
declaration 105732,1
declaration 105568,1
declaration 110212,1
declaration 96656,1
declaration 110217,1
declaration 105574,1
declaration 102075,1
declaration 102080,1
declaration 105737,1
declaration 105580,1
declaration 96661,1
declaration 102086,1
declaration 110222,1
declaration 96670,1
declaration 110227,1
declaration 102092,1
declaration 102097,1
declaration 105586,1
declaration 105592,1
declaration 102103,1
declaration 110233,1
declaration 110238,1
declaration 102108,1
declaration 102113,1
declaration 110243,1
declaration 102118,0
declaration 110248,1
declaration 96679,1
declaration 97384,1
declaration 105743,1
declaration 96684,1
declaration 105598,1
declaration 102123,1
declaration 105748,1
declaration 96692,1
declaration 102128,1
declaration 110258,1
declaration 96698,1
declaration 110264,1
declaration 102133,1
declaration 110269,1
declaration 98711,1
declaration 110275,1
declaration 110281,1
declaration 102139,1
declaration 97389,1
declaration 102147,1
declaration 105754,1
declaration 110287,1
declaration 102152,1
declaration 105604,1
declaration 102157,1
declaration 110292,1
declaration 98717,1
declaration 105762,1
declaration 105770,1
declaration 102162,1
declaration 102167,1
declaration 105609,1
declaration 105617,1
declaration 96703,1
declaration 102181,1
declaration 102186,1
declaration 102191,1
declaration 102196,1
declaration 110297,1
declaration 102202,1
declaration 97395,1
declaration 102208,1
declaration 96708,1
declaration 96714,1
declaration 102217,1
declaration 102222,1
declaration 96720,1
declaration 110303,1
declaration 105622,1
declaration 102230,1
declaration 102235,1
declaration 102240,1
declaration 102245,1
declaration 110308,1
declaration 110313,1
declaration 102250,1
declaration 102256,1
declaration 102261,0
declaration 110318,1
declaration 110324,1
declaration 102263,1
declaration 98824,1
declaration 98829,1
declaration 110329,1
declaration 96728,1
declaration 102268,1
declaration 98838,1
declaration 96734,1
declaration 102273,1
declaration 110334,1
declaration 98843,1
declaration 102279,1
declaration 105805,0
declaration 102284,0
declaration 110339,0
declaration 110472,0
declaration 102288,0
declaration 102292,1
declaration 97401,0
declaration 110476,1
declaration 110481,1
declaration 102297,1
declaration 98848,1
declaration 102302,1
declaration 102307,1
declaration 102312,1
declaration 110486,1
declaration 110492,1
declaration 110498,1
declaration 110503,1
declaration 96740,1
declaration 102317,1
declaration 102334,1
declaration 98853,1
declaration 96745,1
declaration 105958,1
declaration 110508,1
declaration 105809,1
declaration 110513,1
declaration 102342,1
declaration 98858,1
declaration 96750,1
declaration 110519,1
declaration 110524,0
declaration 105814,1
declaration 110526,1
declaration 96755,1
declaration 105964,1
declaration 110531,1
declaration 105823,1
declaration 110537,1
declaration 97403,1
declaration 102348,1
declaration 102354,1
declaration 102359,1
declaration 96760,1
declaration 96765,1
declaration 96770,1
declaration 102364,1
declaration 110542,1
declaration 105829,1
declaration 105970,1
declaration 98863,1
declaration 110548,1
declaration 105976,1
declaration 110553,1
declaration 102369,1
declaration 110558,1
declaration 110566,1
declaration 97408,1
declaration 105981,1
declaration 105987,1
declaration 105996,1
declaration 97417,1
declaration 106005,1
declaration 97426,1
declaration 110575,1
declaration 105835,1
declaration 102374,1
declaration 102379,1
declaration 102384,1
declaration 96780,1
declaration 102390,1
declaration 102395,1
declaration 110584,1
declaration 106011,1
declaration 102400,1
declaration 110589,1
declaration 106016,1
declaration 98869,1
declaration 102405,1
declaration 102411,1
declaration 105841,1
declaration 97435,1
declaration 102417,1
declaration 106022,1
declaration 102423,1
declaration 102428,1
declaration 102433,1
declaration 110594,1
declaration 110600,1
declaration 102438,1
declaration 110611,1
declaration 97440,0
declaration 110617,1
declaration 107343,1
declaration 106027,1
declaration 102443,1
declaration 107348,0
declaration 98875,1
declaration 107358,1
declaration 106032,1
declaration 107364,1
declaration 96790,1
declaration 102448,1
declaration 96796,1
declaration 107378,1
declaration 107383,1
declaration 107389,1
declaration 102453,1
declaration 107394,1
declaration 102458,1
declaration 102464,1
declaration 102477,1
declaration 106037,0
declaration 100207,1
declaration 105846,1
declaration 96802,1
declaration 106042,1
declaration 107399,1
declaration 100213,1
declaration 106048,1
declaration 107405,1
declaration 107411,1
declaration 107416,1
declaration 96944,1
declaration 105852,1
declaration 97448,1
declaration 100218,1
declaration 106053,1
declaration 100223,1
declaration 98881,1
declaration 96950,1
declaration 100228,1
declaration 100233,1
declaration 100239,1
declaration 97454,1
declaration 100245,1
declaration 100258,1
declaration 106058,1
declaration 106064,1
declaration 107422,1
declaration 107427,1
declaration 105864,1
declaration 105870,1
declaration 107432,1
declaration 100264,1
declaration 98886,1
declaration 96955,1
declaration 97459,1
declaration 100269,1
declaration 100274,1
declaration 100279,1
declaration 97464,1
declaration 105875,1
declaration 107437,1
declaration 100284,1
declaration 100289,1
declaration 105880,1
declaration 98891,1
declaration 107442,1
declaration 96960,1
declaration 100295,1
declaration 107447,1
declaration 107452,1
declaration 100301,1
declaration 105886,1
declaration 100306,1
declaration 97469,1
declaration 97474,1
declaration 100311,1
declaration 100317,1
declaration 96965,1
declaration 107464,1
declaration 105891,1
declaration 96970,1
declaration 100323,1
declaration 100328,1
declaration 100333,1
declaration 105896,1
declaration 107470,1
declaration 105901,1
declaration 100338,1
declaration 107475,1
declaration 100343,1
declaration 105906,1
declaration 106070,1
declaration 107480,1
declaration 100348,1
declaration 107486,1
declaration 107491,1
declaration 100354,1
declaration 96975,1
declaration 105911,1
declaration 107636,1
declaration 107646,1
declaration 107651,1
declaration 107657,1
declaration 107662,1
declaration 100512,0
declaration 105916,1
declaration 100516,1
declaration 100521,1
declaration 105921,1
declaration 107667,1
declaration 105927,1
declaration 100526,1
declaration 96981,1
declaration 100532,1
declaration 107672,1
declaration 107677,1
declaration 100538,1
declaration 107682,1
declaration 107687,1
declaration 105933,1
declaration 97482,1
declaration 105939,1
declaration 107692,1
declaration 100543,0
declaration 100547,1
declaration 105948,1
declaration 106076,1
declaration 105953,1
declaration 107698,1
declaration 106082,1
declaration 107704,1
declaration 96987,1
declaration 97488,1
declaration 97494,1
declaration 107710,1
declaration 106090,1
declaration 107715,1
declaration 100553,1
declaration 100563,1
declaration 100569,1
declaration 100574,1
declaration 107720,1
declaration 107726,1
declaration 107732,1
declaration 107742,1
declaration 106096,1
declaration 107748,1
declaration 107753,1
declaration 107758,1
declaration 100579,1
declaration 98896,1
declaration 100584,1
declaration 100589,1
declaration 106101,1
declaration 97500,1
declaration 96993,1
declaration 100594,1
declaration 107763,1
declaration 107768,1
declaration 100599,1
declaration 100604,1
declaration 107773,1
declaration 107778,1
declaration 100610,1
declaration 106254,1
declaration 100616,1
declaration 107932,1
declaration 107938,1
declaration 107943,1
declaration 106260,1
declaration 107948,1
declaration 106265,1
declaration 107954,1
declaration 106107,1
declaration 106385,1
declaration 107959,1
declaration 106270,0
declaration 96998,0
declaration 100622,1
declaration 107965,1
declaration 100627,1
declaration 97505,1
declaration 100632,1
declaration 99181,1
declaration 100637,1
declaration 100642,1
declaration 100647,1
declaration 100652,1
declaration 106272,1
declaration 106395,1
declaration 107970,1
declaration 100928,1
declaration 97000,1
declaration 100936,1
declaration 100941,1
declaration 107975,1
declaration 106277,1
declaration 100949,1
declaration 100954,1
declaration 107981,1
declaration 100960,1
declaration 97510,1
declaration 107986,1
declaration 98905,1
declaration 100965,1
declaration 107991,1
declaration 106400,1
declaration 100971,1
declaration 106406,1
declaration 108002,1
declaration 106414,1
declaration 108007,1
declaration 98910,1
declaration 98915,1
declaration 100988,1
declaration 100359,1
declaration 98920,1
declaration 106420,1
declaration 106282,1
declaration 108013,1
declaration 108018,1
declaration 100994,1
declaration 108023,1
declaration 100999,1
declaration 99186,1
declaration 108028,1
declaration 108034,0
declaration 106426,1
declaration 97005,1
declaration 101004,1
declaration 99192,1
declaration 101009,1
declaration 101014,1
declaration 106431,1
declaration 101019,1
declaration 101024,1
declaration 97010,1
declaration 97015,1
declaration 106287,1
declaration 101029,1
declaration 101035,1
declaration 101041,1
declaration 97515,1
declaration 97020,1
declaration 108036,1
declaration 101047,1
declaration 108041,1
declaration 101053,1
declaration 108046,1
declaration 108055,1
declaration 101059,1
declaration 101064,1
declaration 108061,1
declaration 101070,1
declaration 108066,1
declaration 99197,1
declaration 106436,1
declaration 106445,1
declaration 97025,1
declaration 101079,1
declaration 106292,1
declaration 108072,1
declaration 101297,1
declaration 108239,1
declaration 108245,1
declaration 101303,0
declaration 106450,1
declaration 108250,1
declaration 97034,1
declaration 108256,1
declaration 108262,1
declaration 97040,1
declaration 108268,1
declaration 97046,0
declaration 97050,1
declaration 108274,1
declaration 101888,1
declaration 97056,1
declaration 108280,1
declaration 106298,1
declaration 97064,1
declaration 108286,1
declaration 106307,1
declaration 101893,1
declaration 101898,1
declaration 101907,1
declaration 106456,1
declaration 108292,1
declaration 101912,1
declaration 108297,1
declaration 108303,1
declaration 108308,1
declaration 97070,1
declaration 101307,1
declaration 101312,1
declaration 97076,1
declaration 106313,1
declaration 97081,1
declaration 101317,1
declaration 106318,1
declaration 106326,1
declaration 106462,1
declaration 106331,1
declaration 97087,1
declaration 101323,1
declaration 106336,1
declaration 101328,1
declaration 108313,1
declaration 101334,1
declaration 108318,1
declaration 108324,1
declaration 106342,1
declaration 108330,1
declaration 101340,1
declaration 106467,1
declaration 108335,1
declaration 97254,1
declaration 101345,1
declaration 101351,1
declaration 101356,1
declaration 101362,1
declaration 106472,1
declaration 99206,1
declaration 106353,1
declaration 106359,1
declaration 106478,1
declaration 101368,1
declaration 97259,1
declaration 108341,1
declaration 106483,1
declaration 106488,1
declaration 108346,1
declaration 101374,1
declaration 101379,1
declaration 101384,1
declaration 101389,1
declaration 99212,1
declaration 101394,1
declaration 106364,1
declaration 101399,1
declaration 97264,1
declaration 97270,1
declaration 101404,1
declaration 108355,1
declaration 97521,1
declaration 101410,1
declaration 106369,1
declaration 108360,1
declaration 101415,1
declaration 106375,1
declaration 106493,1
declaration 101421,1
declaration 99222,1
declaration 101426,0
declaration 108366,1
declaration 106498,1
declaration 101428,1
declaration 106503,1
declaration 106380,1
declaration 108371,1
declaration 105358,1
declaration 108376,1
declaration 106508,1
declaration 106513,0
declaration 105363,1
declaration 105368,1
declaration 108530,1
declaration 106664,1
declaration 108535,1
declaration 106517,1
declaration 106670,1
declaration 106522,1
declaration 103205,1
declaration 108540,1
declaration 106799,1
declaration 103210,1
declaration 103215,1
declaration 105374,1
declaration 108545,1
declaration 97275,1
declaration 106675,1
declaration 106804,1
declaration 108551,1
declaration 105380,1
declaration 106810,1
declaration 108557,1
declaration 106680,1
declaration 99227,1
declaration 97280,1
declaration 106815,1
declaration 97527,1
declaration 97286,1
declaration 105385,1
declaration 103220,1
declaration 99232,1
declaration 108562,1
declaration 108568,1
declaration 105390,1
declaration 108574,1
declaration 99240,1
declaration 103225,1
declaration 106685,1
declaration 99246,1
declaration 106691,1
declaration 106696,1
declaration 106820,1
declaration 99256,1
declaration 97291,1
declaration 106701,1
declaration 105395,1
declaration 97296,1
declaration 106825,1
declaration 103231,1
declaration 99262,1
declaration 99268,1
declaration 106830,1
declaration 108580,1
declaration 105401,1
declaration 108586,1
declaration 105406,1
declaration 105411,1
declaration 98148,0
declaration 108591,1
declaration 106835,1
declaration 106840,1
declaration 97301,1
declaration 105416,1
declaration 105426,1
declaration 108597,1
declaration 105432,1
declaration 106846,1
declaration 99273,1
declaration 103236,1
declaration 105437,1
declaration 106851,1
declaration 106856,1
declaration 105443,1
declaration 105448,1
declaration 108602,1
declaration 108608,1
declaration 97306,1
declaration 105453,1
declaration 108613,1
declaration 97532,1
declaration 97312,1
declaration 105458,1
declaration 97317,1
declaration 99279,1
declaration 108622,1
declaration 108627,1
declaration 105463,1
declaration 106861,1
declaration 105468,1
declaration 106867,1
declaration 108632,1
declaration 105474,1
declaration 97322,1
declaration 97328,1
declaration 105479,1
declaration 108637,1
declaration 97838,1
declaration 105484,1
declaration 105775,1
declaration 97334,1
declaration 106872,1
declaration 106877,1
declaration 106883,1
declaration 106889,1
declaration 108643,1
declaration 106895,1
declaration 97844,1
declaration 106901,1
declaration 106906,1
declaration 108649,1
declaration 106911,1
declaration 108654,1
declaration 108659,1
declaration 106916,1
declaration 107203,1
declaration 108664,1
declaration 105780,1
declaration 107208,1
declaration 107213,1
declaration 108670,1
declaration 99284,1
declaration 107218,1
declaration 105785,1
declaration 108805,1
declaration 106706,1
declaration 108810,1
declaration 107223,1
declaration 108815,1
declaration 97853,1
declaration 107228,0
declaration 105790,1
declaration 106711,1
declaration 107233,1
declaration 97339,1
declaration 97858,1
declaration 106716,1
declaration 107238,1
declaration 105795,1
declaration 107244,0
declaration 107249,1
declaration 108821,0
declaration 107254,1
declaration 107260,1
declaration 106721,1
declaration 97344,1
declaration 105800,1
declaration 97350,1
declaration 106112,1
declaration 108830,1
declaration 97356,1
declaration 107265,1
declaration 108835,0
declaration 97362,1
declaration 106727,1
declaration 106733,1
declaration 106738,1
declaration 106743,1
declaration 108837,1
declaration 97368,1
declaration 108842,1
declaration 106117,1
declaration 108847,1
declaration 106123,1
declaration 107271,1
declaration 103241,1
declaration 103246,1
declaration 106748,1
declaration 97374,1
declaration 106128,1
declaration 108852,1
declaration 106133,1
declaration 107277,1
declaration 108857,1
declaration 106138,1
declaration 106143,1
declaration 108862,1
declaration 106148,1
declaration 106153,1
declaration 108867,1
declaration 107282,1
declaration 108872,1
declaration 107287,0
declaration 108877,1
declaration 108885,1
declaration 108890,1
declaration 108895,1
declaration 107293,1
declaration 97379,1
declaration 108900,1
declaration 106753,1
declaration 108906,1
declaration 108912,1
declaration 106165,1
declaration 108917,1
declaration 97540,1
declaration 106171,1
declaration 107301,1
declaration 107306,1
declaration 108923,1
declaration 107311,1
declaration 107317,1
declaration 106177,1
declaration 107322,1
declaration 107327,1
declaration 103251,1
declaration 108928,1
declaration 107332,1
declaration 108934,1
declaration 103257,1
declaration 107338,1
declaration 97545,1
declaration 108939,1
declaration 106759,1
declaration 97550,1
declaration 106159,1
declaration 103262,1
declaration 102482,1
declaration 106764,1
declaration 102487,0
declaration 99289,1
declaration 106182,1
declaration 99294,0
declaration 99298,1
declaration 102491,1
declaration 106769,1
declaration 109087,1
declaration 102497,1
declaration 99304,1
declaration 97555,1
declaration 106778,1
declaration 97560,1
declaration 102502,1
declaration 109093,1
declaration 109098,1
declaration 106187,1
declaration 109106,1
declaration 106784,1
declaration 106789,1
declaration 102508,1
declaration 103270,1
declaration 109111,1
declaration 103275,1
declaration 102516,1
declaration 109116,1
declaration 109121,1
declaration 103280,1
declaration 109126,1
declaration 102521,1
declaration 102526,1
declaration 109131,1
declaration 109136,1
declaration 102535,1
declaration 106794,1
declaration 109141,1
declaration 102540,1
declaration 102546,0
declaration 109146,1
declaration 99309,1
declaration 106195,1
declaration 102554,1
declaration 106200,1
declaration 99596,1
declaration 99601,1
declaration 102563,1
declaration 97565,1
declaration 109151,1
declaration 109156,1
declaration 109293,1
declaration 102568,1
declaration 102573,1
declaration 99606,1
declaration 106208,0
declaration 109298,0
declaration 107068,1
declaration 102578,1
declaration 109302,1
declaration 102589,1
declaration 106217,1
declaration 97570,0
declaration 109307,1
declaration 97574,1
declaration 106222,1
declaration 99615,1
declaration 106228,1
declaration 97579,1
declaration 97585,1
declaration 102584,1
declaration 109312,1
declaration 102594,1
declaration 99620,1
declaration 102600,1
declaration 102605,1
declaration 107073,1
declaration 102610,1
declaration 109318,1
declaration 99625,1
declaration 107085,1
declaration 97590,1
declaration 99630,1
declaration 102615,1
declaration 109323,1
declaration 109329,1
declaration 106233,1
declaration 97595,0
declaration 97602,0
declaration 106238,1
declaration 107090,1
declaration 109334,1
declaration 97606,1
declaration 109340,1
declaration 109346,1
declaration 102624,1
declaration 102630,1
declaration 107095,1
declaration 107100,1
declaration 102908,1
declaration 109351,1
declaration 109356,1
declaration 109361,1
declaration 102913,1
declaration 102919,1
declaration 102924,1
declaration 102930,1
declaration 106212,1
declaration 109366,1
declaration 109371,1
declaration 103335,1
declaration 106243,1
declaration 107105,1
declaration 97612,1
declaration 109377,1
declaration 102941,1
declaration 109383,1
declaration 97618,1
declaration 109388,1
declaration 109393,1
declaration 109398,1
declaration 103341,1
declaration 102936,1
declaration 102947,1
declaration 109407,1
declaration 107114,1
declaration 106248,1
declaration 109413,1
declaration 97623,1
declaration 107119,1
declaration 102953,1
declaration 106527,1
declaration 103346,1
declaration 97632,1
declaration 102958,1
declaration 97637,1
declaration 107125,1
declaration 102964,1
declaration 107130,1
declaration 102969,1
declaration 109418,1
declaration 106533,1
declaration 103352,1
declaration 106538,1
declaration 106543,1
declaration 109424,1
declaration 106549,1
declaration 109430,1
declaration 102974,1
declaration 106554,1
declaration 106560,1
declaration 109435,0
declaration 109437,0
declaration 107135,1
declaration 97649,1
declaration 109439,1
declaration 99635,1
declaration 102979,1
declaration 109444,1
declaration 109449,1
declaration 102985,1
declaration 102990,1
declaration 102995,1
declaration 106569,1
declaration 103001,1
declaration 109454,1
declaration 103006,1
declaration 106575,1
declaration 107140,1
declaration 103011,1
declaration 103357,1
declaration 109459,1
declaration 103017,1
declaration 106580,1
declaration 106586,1
declaration 97654,1
declaration 109465,0
declaration 109469,1
declaration 103362,1
declaration 97659,1
declaration 109474,1
declaration 109479,1
declaration 107145,1
declaration 99641,1
declaration 109484,1
declaration 109490,1
declaration 109495,1
declaration 109501,1
declaration 109507,1
declaration 99647,1
declaration 103023,1
declaration 109513,1
declaration 107150,1
declaration 103028,1
declaration 103034,1
declaration 103039,1
declaration 99652,1
declaration 109518,1
declaration 106591,1
declaration 107155,1
declaration 103045,1
declaration 109528,1
declaration 103368,1
declaration 109539,1
declaration 109544,1
declaration 103373,1
declaration 103378,1
declaration 106597,1
declaration 103383,1
declaration 103388,1
declaration 103393,1
declaration 106602,1
declaration 103399,1
declaration 109874,1
declaration 97664,1
declaration 109880,1
declaration 106608,1
declaration 109885,1
declaration 107161,1
declaration 110034,1
declaration 103405,1
declaration 107167,1
declaration 103410,1
declaration 103415,1
declaration 110040,1
declaration 110045,1
declaration 107177,1
declaration 107172,1
declaration 97670,1
declaration 110051,1
declaration 99658,1
declaration 97675,1
declaration 110060,1
declaration 103421,1
declaration 97680,1
declaration 97695,1
declaration 97700,1
declaration 107182,1
declaration 110065,1
declaration 97708,1
declaration 106613,1
declaration 99669,1
declaration 97713,1
declaration 99677,1
declaration 110070,1
declaration 103429,1
declaration 110081,1
declaration 110086,1
declaration 110091,1
declaration 107187,1
declaration 97718,1
declaration 110097,1
declaration 110102,1
declaration 97727,1
declaration 107193,1
declaration 103441,1
declaration 99683,0
declaration 106619,1
declaration 103446,1
declaration 106624,1
declaration 107198,1
declaration 102780,0
declaration 106629,0
declaration 102785,1
declaration 103451,1
declaration 110764,1
declaration 110107,1
declaration 110115,1
declaration 110120,1
declaration 103457,1
declaration 106634,1
declaration 110128,1
declaration 110134,1
declaration 97733,1
declaration 102791,1
declaration 110139,1
declaration 110145,1
declaration 97739,1
declaration 99687,1
declaration 102796,1
declaration 97744,1
declaration 97749,1
declaration 110150,1
declaration 103462,1
declaration 97754,1
declaration 106639,1
declaration 97759,1
declaration 103475,1
declaration 106644,1
declaration 103480,1
declaration 106649,1
declaration 99692,1
declaration 103768,1
declaration 97765,1
declaration 110156,1
declaration 110162,1
declaration 110168,1
declaration 102802,1
declaration 103774,1
declaration 110174,1
declaration 110179,1
declaration 102811,1
declaration 103780,1
declaration 103786,1
declaration 110185,1
declaration 102816,1
declaration 110343,1
declaration 103791,0
declaration 106654,1
declaration 106659,1
declaration 110348,1
declaration 97776,1
declaration 110353,1
declaration 110358,0
declaration 99698,1
declaration 103795,1
declaration 97781,1
declaration 110366,1
declaration 103801,1
declaration 97786,1
declaration 110371,1
declaration 103806,1
declaration 110376,1
declaration 110382,1
declaration 106922,1
declaration 110387,1
declaration 103811,1
declaration 103817,1
declaration 106927,1
declaration 110392,1
declaration 103823,1
declaration 110397,0
declaration 97791,0
declaration 106933,1
declaration 106938,1
declaration 97795,1
declaration 106943,1
declaration 97801,1
declaration 97806,1
declaration 103828,1
declaration 97811,1
declaration 110401,1
declaration 106948,1
declaration 110406,1
declaration 110412,1
declaration 99704,1
declaration 110417,1
declaration 102821,1
declaration 103979,1
declaration 97816,1
declaration 110422,1
declaration 102826,1
declaration 106954,1
declaration 110427,1
declaration 99713,1
declaration 103984,1
declaration 99719,1
declaration 103990,1
declaration 110432,1
declaration 106964,1
declaration 110438,1
declaration 106969,1
declaration 99724,1
declaration 106974,1
declaration 103996,1
declaration 102831,1
declaration 104006,1
declaration 102836,1
declaration 104012,1
declaration 104018,1
declaration 104023,1
declaration 110444,1
declaration 110450,1
declaration 110456,1
declaration 110462,1
declaration 104029,1
declaration 97770,1
declaration 97822,1
declaration 106980,1
declaration 110467,1
declaration 110622,1
declaration 110628,1
declaration 97827,1
declaration 97832,1
declaration 106986,1
declaration 106992,1
declaration 99729,1
declaration 106997,1
declaration 110633,1
declaration 97863,1
declaration 104034,1
declaration 104040,1
declaration 110638,1
declaration 104045,1
declaration 99735,1
declaration 99740,1
declaration 104050,1
declaration 97868,1
declaration 107002,1
declaration 97873,1
declaration 104055,1
declaration 110643,1
declaration 110648,1
declaration 102841,1
declaration 97878,1
declaration 104060,1
declaration 104065,1
declaration 97884,1
declaration 97889,1
declaration 110654,1
declaration 104073,0
declaration 110660,1
declaration 107008,1
declaration 102849,1
declaration 97894,1
declaration 99745,1
declaration 104077,1
declaration 110666,1
declaration 97899,1
declaration 104082,1
declaration 107013,1
declaration 97904,1
declaration 102855,1
declaration 104087,1
declaration 104092,1
declaration 110672,1
declaration 107019,1
declaration 104097,1
declaration 97909,1
declaration 97915,1
declaration 97920,1
declaration 102860,1
declaration 110677,1
declaration 97925,1
declaration 104102,1
declaration 104108,1
declaration 104114,1
declaration 104120,1
declaration 104126,1
declaration 98032,1
declaration 97931,1
declaration 104277,1
declaration 110683,1
declaration 97936,1
declaration 107025,1
declaration 97942,1
declaration 104283,1
declaration 110688,1
declaration 110693,1
declaration 98038,1
declaration 104289,1
declaration 97947,1
declaration 97953,1
declaration 98044,1
declaration 104295,1
declaration 97959,1
declaration 110698,1
declaration 102865,1
declaration 107030,1
declaration 110704,1
declaration 110709,1
declaration 97964,1
declaration 98050,1
declaration 104305,1
declaration 104310,1
declaration 110714,1
declaration 102870,1
declaration 97969,1
declaration 104316,1
declaration 110723,1
declaration 104326,1
declaration 107035,1
declaration 104332,1
declaration 98055,0
declaration 110728,1
declaration 98057,1
declaration 102876,1
declaration 97975,1
declaration 107041,1
declaration 98063,1
declaration 107046,1
declaration 110734,1
declaration 110739,1
declaration 110744,1
declaration 107051,1
declaration 104338,1
declaration 110750,1
declaration 110759,1
declaration 97980,1
declaration 107496,1
declaration 107057,1
declaration 102881,1
declaration 104344,1
declaration 107501,1
declaration 102887,1
declaration 98068,1
declaration 98073,1
declaration 97990,1
declaration 107506,1
declaration 107511,1
declaration 107516,1
declaration 107521,1
declaration 102892,1
declaration 107063,1
declaration 104350,1
declaration 102897,1
declaration 107526,1
declaration 107532,1
declaration 107537,1
declaration 97995,1
declaration 104356,1
declaration 98001,1
declaration 102635,1
declaration 102640,1
declaration 107542,1
declaration 107548,1
declaration 104361,1
declaration 102903,1
declaration 107553,1
declaration 104366,0
declaration 98006,1
declaration 104368,1
declaration 107558,1
declaration 107563,1
declaration 104374,1
declaration 104379,1
declaration 107569,1
declaration 98161,1
declaration 103285,1
declaration 104384,1
declaration 107574,1
declaration 104390,1
declaration 103291,1
declaration 107580,1
declaration 102645,1
declaration 104396,1
declaration 107586,1
declaration 104402,1
declaration 98166,1
declaration 98172,1
declaration 98178,1
declaration 102651,1
declaration 102656,1
declaration 107596,1
declaration 102661,1
declaration 102667,1
declaration 107602,1
declaration 98086,1
declaration 98092,1
declaration 98183,1
declaration 107607,1
declaration 107615,1
declaration 107621,1
declaration 107626,1
declaration 102673,1
declaration 104408,1
declaration 102678,1
declaration 107631,1
declaration 103296,1
declaration 107783,1
declaration 98098,1
declaration 104413,1
declaration 107788,1
declaration 104418,0
declaration 98103,1
declaration 107793,1
declaration 107799,1
declaration 104422,1
declaration 107805,1
declaration 104428,1
declaration 104577,1
declaration 104582,1
declaration 98188,1
declaration 104587,1
declaration 98194,1
declaration 104592,1
declaration 107815,1
declaration 98200,1
declaration 103301,1
declaration 107820,1
declaration 102687,1
declaration 102692,1
declaration 98205,1
declaration 104597,1
declaration 102698,1
declaration 102703,1
declaration 107826,1
declaration 98211,1
declaration 98216,1
declaration 98221,1
declaration 107831,1
declaration 103307,1
declaration 104603,1
declaration 104608,1
declaration 103312,1
declaration 98226,1
declaration 102709,1
declaration 107836,1
declaration 104613,1
declaration 102714,1
declaration 107842,1
declaration 107847,1
declaration 98231,1
declaration 104618,1
declaration 104623,1
declaration 104628,1
declaration 107853,1
declaration 103317,1
declaration 104634,1
declaration 107861,1
declaration 104640,1
declaration 104646,1
declaration 102720,1
declaration 98237,1
declaration 104651,1
declaration 107867,1
declaration 104657,1
declaration 104662,1
declaration 98243,1
declaration 104667,1
declaration 104673,1
declaration 102726,1
declaration 102731,1
declaration 102736,1
declaration 107873,1
declaration 103325,1
declaration 103330,1
declaration 98248,1
declaration 102741,1
declaration 107878,1
declaration 107884,1
declaration 102746,1
declaration 102754,1
declaration 107889,1
declaration 102760,1
declaration 107894,1
declaration 102765,1
declaration 107900,1
declaration 98256,1
declaration 107906,1
declaration 107911,1
declaration 107916,1
declaration 98261,1
declaration 102770,1
declaration 107921,1
declaration 103638,1
declaration 107926,1
declaration 102775,1
declaration 108077,1
declaration 108082,1
declaration 98108,1
declaration 103050,1
declaration 103643,1
declaration 103056,1
declaration 108087,1
declaration 108093,1
declaration 103065,1
declaration 103071,1
declaration 108099,1
declaration 103076,1
declaration 98266,1
declaration 103082,1
declaration 103088,1
declaration 98114,1
declaration 108104,1
declaration 103093,1
declaration 108109,1
declaration 108114,1
declaration 103098,1
declaration 98271,1
declaration 103103,1
declaration 108119,1
declaration 103649,1
declaration 103108,1
declaration 103113,1
declaration 108124,1
declaration 103119,1
declaration 103124,1
declaration 98119,1
declaration 103130,1
declaration 98276,1
declaration 108129,1
declaration 103136,1
declaration 98281,1
declaration 103655,1
declaration 103141,1
declaration 103147,1
declaration 108134,1
declaration 108140,1
declaration 108149,1
declaration 98451,0
declaration 103660,1
declaration 98455,0
declaration 98459,1
declaration 98465,1
declaration 98470,1
declaration 108154,1
declaration 103153,1
declaration 108160,1
declaration 103159,1
declaration 103167,1
declaration 103665,1
declaration 98476,1
declaration 103172,1
declaration 108166,1
declaration 103184,1
declaration 103193,1
declaration 98125,1
declaration 98131,1
declaration 103199,1
declaration 98481,1
declaration 103486,1
declaration 98487,1
declaration 108171,0
declaration 103492,1
declaration 108173,1
declaration 108179,1
declaration 108184,1
declaration 98493,1
declaration 108190,1
declaration 103498,1
declaration 98137,1
declaration 103503,1
declaration 103509,1
declaration 108199,1
declaration 103514,1
declaration 103671,1
declaration 103676,1
declaration 103522,0
declaration 103681,0
declaration 103527,1
declaration 108205,1
declaration 108210,1
declaration 103532,1
declaration 103537,1
declaration 108228,1
declaration 103549,1
declaration 103555,1
declaration 108234,1
declaration 103560,1
declaration 103565,1
declaration 103570,1
declaration 103576,0
declaration 103580,1
declaration 108382,1
declaration 103683,1
declaration 98142,1
declaration 103586,1
declaration 103688,1
declaration 108388,1
declaration 103591,1
declaration 103597,1
declaration 103602,1
declaration 108393,1
declaration 108398,1
declaration 103608,1
declaration 108403,1
declaration 103613,0
declaration 103617,1
declaration 103622,1
declaration 98286,1
declaration 108409,1
declaration 108415,1
declaration 103693,1
declaration 108421,1
declaration 98498,1
declaration 103698,1
declaration 103703,1
declaration 98506,1
declaration 103627,1
declaration 103632,1
declaration 108429,1
declaration 103833,1
declaration 108434,1
declaration 103708,1
declaration 103713,1
declaration 103839,1
declaration 103844,1
declaration 103849,1
declaration 103719,1
declaration 103724,1
declaration 103729,1
declaration 98512,1
declaration 103854,1
declaration 103859,1
declaration 108440,1
declaration 98517,1
declaration 98522,1
declaration 103864,1
declaration 103869,1
declaration 108445,1
declaration 98531,1
declaration 108451,1
declaration 103874,0
declaration 103876,1
declaration 103734,1
declaration 103881,1
declaration 103739,1
declaration 108457,1
declaration 103892,1
declaration 108463,1
declaration 103897,1
declaration 103903,1
declaration 103908,1
declaration 103913,1
declaration 103744,1
declaration 103918,1
declaration 98292,1
declaration 108468,1
declaration 108474,1
declaration 108479,0
declaration 103924,1
declaration 108481,1
declaration 98537,1
declaration 98542,1
declaration 98547,1
declaration 103929,1
declaration 103749,1
declaration 103935,1
declaration 103940,1
declaration 103950,1
declaration 103754,1
declaration 108486,1
declaration 103759,1
declaration 108491,1
declaration 108497,1
declaration 108503,1
declaration 103955,1
declaration 108509,1
declaration 103961,1
declaration 103967,1
declaration 103973,1
declaration 104131,1
declaration 98553,1
declaration 104433,1
declaration 98297,1
declaration 104438,1
declaration 108515,1
declaration 104443,1
declaration 98559,1
declaration 108520,1
declaration 104448,1
declaration 98564,1
declaration 104453,1
declaration 98570,1
declaration 98580,1
declaration 98585,1
declaration 98590,1
declaration 99314,1
declaration 98303,1
declaration 104459,1
declaration 98935,1
declaration 104679,1
declaration 104136,1
declaration 98941,1
declaration 98946,1
declaration 104141,1
declaration 104465,1
declaration 104685,1
declaration 98308,1
declaration 104470,1
declaration 104475,1
declaration 98314,1
declaration 104691,1
declaration 98320,1
declaration 98325,1
declaration 104146,1
declaration 104480,1
declaration 104485,1
declaration 98331,1
declaration 98340,1
declaration 104491,1
declaration 98346,1
declaration 98352,1
declaration 104497,1
declaration 98951,1
declaration 98357,1
declaration 104503,1
declaration 98366,1
declaration 98372,1
declaration 98377,1
declaration 98383,1
declaration 98389,1
declaration 98394,1
declaration 98399,1
declaration 104508,0
declaration 104152,1
declaration 98404,1
declaration 98957,1
declaration 98409,1
declaration 104696,1
declaration 98962,1
declaration 98415,1
declaration 98423,1
declaration 98429,1
declaration 98968,1
declaration 98435,1
declaration 98440,1
declaration 98445,1
declaration 98974,1
declaration 98979,1
declaration 104701,0
declaration 104157,1
declaration 98984,1
declaration 104703,1
declaration 98989,1
declaration 98995,1
declaration 104512,1
declaration 99004,1
declaration 99009,1
declaration 99014,1
declaration 104517,1
declaration 104162,1
declaration 104709,1
declaration 104715,1
declaration 104523,1
declaration 104529,1
declaration 104534,1
declaration 104167,1
declaration 104172,1
declaration 104721,1
declaration 99019,1
declaration 99030,1
declaration 104727,1
declaration 104539,1
declaration 99035,1
declaration 99040,1
declaration 99050,1
declaration 99059,1
declaration 104544,1
declaration 99064,1
declaration 104556,1
declaration 99069,1
declaration 99083,1
declaration 112689,1
declaration 104732,1
declaration 104177,1
declaration 104562,1
declaration 99319,1
declaration 99324,1
declaration 104737,1
declaration 104742,1
declaration 99329,1
declaration 99335,1
declaration 99340,1
declaration 99345,1
declaration 99350,1
declaration 104748,1
declaration 99355,1
declaration 99361,1
declaration 99366,1
declaration 99371,1
declaration 99376,1
declaration 104567,1
declaration 104572,1
declaration 104753,1
declaration 104758,1
declaration 104763,1
declaration 99381,1
declaration 99387,1
declaration 104182,1
declaration 104188,1
declaration 104193,1
declaration 104198,1
declaration 99392,1
declaration 99397,1
declaration 99402,1
declaration 99408,1
declaration 99414,1
declaration 115444,1
declaration 99420,1
declaration 99425,1
declaration 104203,1
declaration 99430,1
declaration 104768,1
declaration 104773,1
declaration 104778,1
declaration 99435,1
declaration 99440,1
declaration 99445,1
declaration 104784,1
declaration 104790,1
declaration 104798,1
declaration 104803,1
declaration 104809,1
declaration 104814,1
declaration 104208,1
declaration 99750,1
declaration 99756,1
declaration 99761,1
declaration 99767,1
declaration 104213,1
declaration 104219,1
declaration 104228,1
declaration 99777,1
declaration 99772,1
declaration 99782,1
declaration 99787,1
declaration 99792,1
declaration 104233,1
declaration 104246,1
declaration 104251,1
declaration 104256,1
declaration 104262,1
declaration 99798,1
declaration 104267,1
declaration 99803,1
declaration 104272,1
declaration 99808,1
declaration 99814,1
declaration 99820,1
declaration 99825,1
declaration 99830,1
declaration 99836,1
declaration 99841,1
declaration 99847,1
declaration 99853,1
declaration 99858,1
declaration 99863,1
declaration 99869,1
declaration 99874,1
declaration 99880,0
declaration 99887,1
declaration 99892,1
declaration 99904,1
declaration 100042,1
declaration 100048,1
declaration 100053,1
declaration 100059,1
declaration 100064,1
declaration 100069,1
declaration 100074,1
declaration 100079,1
declaration 100085,1
declaration 100090,1
declaration 100095,1
declaration 100100,1
declaration 100105,1
declaration 100111,1
declaration 100116,1
declaration 100122,1
declaration 100131,1
declaration 100137,1
declaration 100143,1
declaration 100149,1
declaration 100154,1
declaration 100160,1
declaration 100166,1
declaration 124365,1
declaration 100172,1
declaration 100177,1
declaration 100182,1
declaration 100187,1
declaration 100192,1
declaration 96807,1
declaration 118817,1
declaration 96812,1
declaration 96818,1
declaration 115653,1
declaration 115658,1
declaration 111630,1
declaration 118822,1
declaration 96824,1
declaration 96829,1
declaration 115956,1
declaration 96834,1
declaration 115961,1
declaration 111635,1
declaration 111640,0
declaration 96839,0
declaration 115967,1
declaration 96844,1
declaration 115664,1
declaration 96849,1
declaration 96854,1
declaration 96859,1
declaration 96869,1
declaration 96864,1
declaration 96880,1
declaration 123496,1
declaration 96886,1
declaration 111642,1
declaration 111647,1
declaration 111652,1
declaration 111660,1
declaration 111665,1
declaration 111670,1
declaration 111675,1
declaration 111680,1
declaration 111685,1
declaration 96891,1
declaration 96897,1
declaration 96902,1
declaration 96907,1
declaration 96913,1
declaration 96918,1
declaration 124370,1
declaration 96874,1
declaration 96923,1
declaration 96929,0
declaration 96933,1
declaration 96939,1
declaration 115088,1
declaration 115093,0
declaration 114795,0
declaration 121514,1
declaration 123208,1
declaration 123502,1
declaration 123507,1
declaration 116230,1
declaration 116236,1
declaration 115097,1
declaration 115102,1
declaration 123213,1
declaration 123218,1
declaration 115108,1
declaration 124216,1
declaration 124222,1
declaration 124376,1
declaration 115669,1
declaration 120240,1
declaration 120245,1
declaration 115674,1
declaration 115679,1
declaration 115684,1
declaration 124385,1
declaration 124390,1
declaration 124399,1
declaration 124407,1
declaration 115805,1
declaration 114799,1
declaration 114805,1
declaration 114810,1
declaration 127687,1
declaration 114816,1
declaration 111928,1
declaration 115512,1
declaration 115363,1
declaration 114822,1
declaration 123513,1
declaration 114827,1
declaration 115368,1
declaration 115374,0
declaration 115376,1
declaration 111933,1
declaration 115517,1
declaration 115526,1
declaration 120250,1
declaration 115810,1
declaration 116098,1
declaration 115531,1
declaration 115540,1
declaration 121519,1
declaration 121524,1
declaration 121529,1
declaration 121535,1
declaration 123519,1
declaration 123771,1
declaration 115689,1
declaration 115695,1
declaration 111939,1
declaration 111945,1
declaration 127692,1
declaration 111950,1
declaration 111955,1
declaration 115819,1
declaration 124662,1
declaration 124228,1
declaration 123525,1
declaration 123777,1
declaration 123782,1
declaration 123788,1
declaration 115117,1
declaration 115824,1
declaration 127697,1
declaration 115123,1
declaration 115128,1
declaration 115133,1
declaration 115138,1
declaration 123223,1
declaration 111961,1
declaration 123530,1
declaration 123539,1
declaration 123794,1
declaration 116104,1
declaration 115144,1
declaration 111966,1
declaration 111971,1
declaration 115381,1
declaration 115387,1
declaration 127703,1
declaration 127708,1
declaration 127713,1
declaration 127718,1
declaration 121540,1
declaration 127723,1
declaration 115549,1
declaration 123228,1
declaration 115405,1
declaration 115395,1
declaration 114832,1
declaration 114837,1
declaration 114842,1
declaration 120258,1
declaration 115149,1
declaration 115155,1
declaration 120264,1
declaration 120269,1
declaration 123548,1
declaration 115161,1
declaration 115167,1
declaration 120274,1
declaration 115172,1
declaration 115177,0
declaration 120280,1
declaration 120285,1
declaration 120290,1
declaration 115554,1
declaration 115225,1
declaration 120296,1
declaration 115400,1
declaration 115410,1
declaration 115829,1
declaration 123233,0
declaration 115231,0
declaration 115179,1
declaration 115187,1
declaration 115192,1
declaration 115198,1
declaration 123799,1
declaration 115204,1
declaration 115560,1
declaration 115565,1
declaration 115570,1
declaration 115575,1
declaration 124668,1
declaration 115581,1
declaration 115209,1
declaration 115215,1
declaration 123237,1
declaration 116110,1
declaration 116116,1
declaration 116121,1
declaration 115834,1
declaration 115840,1
declaration 115235,1
declaration 115240,0
declaration 115244,1
declaration 127728,1
declaration 127737,1
declaration 127746,1
declaration 111976,1
declaration 121545,1
declaration 121550,0
declaration 123242,1
declaration 115220,1
declaration 116242,0
declaration 116246,1
declaration 123252,1
declaration 123258,1
declaration 115586,1
declaration 124077,1
declaration 124082,1
declaration 115416,1
declaration 124087,1
declaration 116252,1
declaration 116257,1
declaration 127751,1
declaration 124519,1
declaration 127756,1
declaration 115421,1
declaration 124092,1
declaration 124098,1
declaration 115426,1
declaration 116127,1
declaration 121555,1
declaration 111981,1
declaration 111986,1
declaration 115432,1
declaration 115700,1
declaration 121560,1
declaration 121566,1
declaration 121579,0
declaration 121574,1
declaration 111991,1
declaration 127762,1
declaration 127767,1
declaration 127772,1
declaration 123264,1
declaration 112000,1
declaration 112005,1
declaration 127778,1
declaration 121581,1
declaration 121586,1
declaration 112011,1
declaration 114853,1
declaration 114858,1
declaration 123554,1
declaration 123560,1
declaration 123269,1
declaration 124104,1
declaration 124109,1
declaration 112016,1
declaration 127784,1
declaration 123274,1
declaration 121594,1
declaration 121599,1
declaration 121605,1
declaration 121610,1
declaration 115438,1
declaration 123279,1
declaration 112021,1
declaration 112027,1
declaration 123288,1
declaration 123294,1
declaration 115705,1
declaration 120302,1
declaration 115710,1
declaration 123300,1
declaration 123309,1
declaration 120308,0
declaration 123565,1
declaration 123570,1
declaration 123575,1
declaration 112033,1
declaration 123805,1
declaration 120313,1
declaration 120319,1
declaration 120324,1
declaration 124233,1
declaration 112038,1
declaration 116133,1
declaration 114863,1
declaration 123315,1
declaration 123330,1
declaration 123335,1
declaration 123811,1
declaration 123816,1
declaration 115450,1
declaration 115456,1
declaration 115466,1
declaration 124238,1
declaration 124243,1
declaration 112046,1
declaration 112054,1
declaration 114872,1
declaration 114878,1
declaration 120329,1
declaration 120334,1
declaration 127789,1
declaration 127794,1
declaration 127799,1
declaration 120339,1
declaration 115715,1
declaration 115845,1
declaration 122773,1
declaration 112059,1
declaration 112501,1
declaration 124524,1
declaration 115476,1
declaration 124530,1
declaration 124535,1
declaration 124543,1
declaration 115721,1
declaration 115727,1
declaration 124416,1
declaration 120350,1
declaration 115481,0
declaration 115483,1
declaration 115491,1
declaration 115499,1
declaration 115732,1
declaration 115744,1
declaration 122778,1
declaration 122783,1
declaration 116262,1
declaration 122789,1
declaration 122794,1
declaration 115750,1
declaration 124115,1
declaration 115761,1
declaration 115767,1
declaration 124248,1
declaration 124254,1
declaration 122799,1
declaration 122804,1
declaration 122809,1
declaration 122814,1
declaration 122819,1
declaration 122824,1
declaration 115507,1
declaration 115972,1
declaration 123822,1
declaration 123827,1
declaration 115253,1
declaration 124121,1
declaration 123583,1
declaration 123589,1
declaration 123595,1
declaration 115977,1
declaration 115258,1
declaration 123647,1
declaration 123836,1
declaration 123842,1
declaration 115772,1
declaration 115264,1
declaration 122829,1
declaration 123847,1
declaration 123653,1
declaration 123658,1
declaration 123663,1
declaration 123668,1
declaration 123673,1
declaration 115778,1
declaration 123678,1
declaration 122837,1
declaration 115784,1
declaration 123683,1
declaration 123340,1
declaration 123348,1
declaration 123688,1
declaration 123693,1
declaration 123698,1
declaration 122842,0
declaration 114884,1
declaration 122844,1
declaration 122849,1
declaration 122854,1
declaration 123604,1
declaration 115983,1
declaration 115988,1
declaration 122859,1
declaration 122865,1
declaration 114895,1
declaration 123609,1
declaration 115269,1
declaration 120355,1
declaration 120360,1
declaration 120365,1
declaration 123354,1
declaration 120370,1
declaration 120792,1
declaration 114901,1
declaration 115274,1
declaration 112506,1
declaration 123853,1
declaration 123858,1
declaration 123863,1
declaration 112517,1
declaration 114907,1
declaration 120798,1
declaration 112522,1
declaration 112528,1
declaration 112534,1
declaration 123868,1
declaration 123874,1
declaration 123880,1
declaration 123886,1
declaration 120803,1
declaration 112539,1
declaration 112545,1
declaration 114912,1
declaration 122871,1
declaration 122877,1
declaration 123892,1
declaration 123898,1
declaration 123910,1
declaration 124260,1
declaration 123703,1
declaration 116139,1
declaration 120808,1
declaration 115790,1
declaration 123916,1
declaration 115795,1
declaration 115279,1
declaration 115800,1
declaration 116267,1
declaration 116272,1
declaration 116277,1
declaration 112550,1
declaration 114920,1
declaration 115993,1
declaration 123709,1
declaration 116283,1
declaration 116288,0
declaration 116293,1
declaration 115284,1
declaration 116302,1
declaration 116307,1
declaration 122889,1
declaration 122894,1
declaration 112555,1
declaration 116002,1
declaration 120813,1
declaration 116008,1
declaration 120818,1
declaration 120823,1
declaration 115851,1
declaration 115289,1
declaration 115294,1
declaration 116316,1
declaration 116321,1
declaration 116014,1
declaration 115859,1
declaration 124422,1
declaration 124428,1
declaration 124548,1
declaration 115864,1
declaration 124433,1
declaration 122900,1
declaration 115300,1
declaration 114926,1
declaration 114935,1
declaration 122912,0
declaration 114944,1
declaration 120828,1
declaration 120833,1
declaration 123360,1
declaration 115305,1
declaration 123366,1
declaration 123714,1
declaration 123719,1
declaration 123724,1
declaration 112560,1
declaration 120838,1
declaration 120843,1
declaration 120849,1
declaration 120855,1
declaration 124673,1
declaration 124438,1
declaration 124443,1
declaration 120860,1
declaration 124678,1
declaration 124684,1
declaration 124689,1
declaration 124810,1
declaration 125524,1
declaration 120865,1
declaration 124804,1
declaration 123729,1
declaration 123734,1
declaration 125532,1
declaration 123371,1
declaration 124130,1
declaration 124136,1
declaration 123740,1
declaration 123614,1
declaration 125537,1
declaration 123376,1
declaration 123619,1
declaration 123624,1
declaration 123630,1
declaration 123381,1
declaration 123386,1
declaration 125542,1
declaration 120874,1
declaration 120879,1
declaration 120884,1
declaration 120890,1
declaration 120895,0
declaration 120901,1
declaration 123636,1
declaration 123392,1
declaration 125547,1
declaration 120906,1
declaration 120914,1
declaration 125552,1
declaration 125557,1
declaration 116948,1
declaration 116953,1
declaration 118518,1
declaration 118524,1
declaration 118532,1
declaration 118537,1
declaration 125569,1
declaration 125574,1
declaration 125579,1
declaration 125584,1
declaration 123397,1
declaration 118543,0
declaration 118547,1
declaration 120919,1
declaration 125563,1
declaration 120924,1
declaration 118553,1
declaration 118558,1
declaration 118564,1
declaration 123745,1
declaration 123750,1
declaration 123755,1
declaration 124448,1
declaration 121365,1
declaration 121370,1
declaration 125589,1
declaration 125594,1
declaration 125600,1
declaration 125606,1
declaration 123402,1
declaration 114949,1
declaration 114954,1
declaration 112360,1
declaration 121380,1
declaration 123407,1
declaration 123642,1
declaration 124142,1
declaration 114959,1
declaration 125611,1
declaration 125616,1
declaration 116020,1
declaration 116028,1
declaration 112368,1
declaration 121385,1
declaration 114647,1
declaration 112374,1
declaration 112379,1
declaration 112384,1
declaration 121390,1
declaration 121399,1
declaration 112389,1
declaration 121404,1
declaration 114890,1
declaration 114964,1
declaration 125621,1
declaration 112395,1
declaration 125627,1
declaration 125636,1
declaration 125641,1
declaration 114652,1
declaration 124147,1
declaration 115591,1
declaration 114658,1
declaration 114664,1
declaration 123416,1
declaration 116036,1
declaration 116041,1
declaration 116046,1
declaration 121409,1
declaration 121415,1
declaration 116052,1
declaration 116062,1
declaration 121421,1
declaration 112401,1
declaration 121426,1
declaration 121431,1
declaration 121436,1
declaration 125646,1
declaration 115869,1
declaration 115877,1
declaration 115882,1
declaration 123421,1
declaration 123426,1
declaration 125652,1
declaration 125658,1
declaration 116057,1
declaration 112406,1
declaration 116067,1
declaration 124454,1
declaration 124459,1
declaration 116144,1
declaration 124464,1
declaration 124472,1
declaration 114669,1
declaration 114678,1
declaration 116072,1
declaration 116078,1
declaration 116083,1
declaration 124153,1
declaration 114684,1
declaration 114689,1
declaration 121441,1
declaration 121446,1
declaration 121451,1
declaration 116089,0
declaration 124477,1
declaration 124482,1
declaration 114969,1
declaration 116093,1
declaration 114695,0
declaration 114705,1
declaration 124158,1
declaration 116508,1
declaration 116513,1
declaration 112411,1
declaration 121457,1
declaration 121462,1
declaration 116518,1
declaration 114710,1
declaration 114716,1
declaration 114974,1
declaration 114979,1
declaration 114984,1
declaration 121471,1
declaration 121476,1
declaration 121481,1
declaration 121487,1
declaration 121495,1
declaration 121500,1
declaration 114989,1
declaration 116326,1
declaration 114994,1
declaration 116334,1
declaration 116339,1
declaration 116344,1
declaration 112417,1
declaration 112422,1
declaration 121506,1
declaration 121512,0
declaration 121911,1
declaration 121920,1
declaration 112427,1
declaration 112433,1
declaration 112438,1
declaration 114721,1
declaration 121925,1
declaration 114726,1
declaration 112447,1
declaration 114731,1
declaration 121931,1
declaration 121936,1
declaration 121941,1
declaration 121946,1
declaration 124163,1
declaration 124171,1
declaration 123431,1
declaration 123436,1
declaration 123441,1
declaration 112452,1
declaration 112457,1
declaration 121952,1
declaration 121958,1
declaration 112462,1
declaration 126105,1
declaration 126110,1
declaration 124487,1
declaration 112646,1
declaration 112652,1
declaration 124493,1
declaration 112657,1
declaration 112662,1
declaration 126115,1
declaration 126120,1
declaration 126125,1
declaration 124176,1
declaration 124181,1
declaration 116526,1
declaration 115597,1
declaration 115603,1
declaration 115608,1
declaration 115616,1
declaration 124951,1
declaration 116350,1
declaration 116355,1
declaration 124816,1
declaration 124822,1
declaration 124830,1
declaration 123446,1
declaration 123451,1
declaration 121964,1
declaration 121970,1
declaration 126131,1
declaration 121975,1
declaration 121980,1
declaration 115002,1
declaration 123456,1
declaration 124498,1
declaration 116531,1
declaration 115007,1
declaration 115013,1
declaration 115019,1
declaration 126136,1
declaration 126142,1
declaration 126147,1
declaration 124503,1
declaration 112467,1
declaration 112473,1
declaration 123461,1
declaration 124189,1
declaration 124194,1
declaration 124508,1
declaration 115626,1
declaration 123474,1
declaration 123467,0
declaration 124946,1
declaration 124513,1
declaration 124199,0
declaration 124956,1
declaration 116536,1
declaration 116542,1
declaration 116548,1
declaration 115621,1
declaration 115631,1
declaration 124556,1
declaration 124698,1
declaration 124703,1
declaration 124708,1
declaration 124205,1
declaration 124962,1
declaration 124967,1
declaration 124972,1
declaration 124977,1
declaration 112667,1
declaration 112672,1
declaration 116360,1
declaration 116365,1
declaration 124210,1
declaration 124713,1
declaration 123479,0
declaration 123483,1
declaration 116371,1
declaration 116376,1
declaration 115636,1
declaration 126153,1
declaration 126158,0
declaration 112678,1
declaration 112479,1
declaration 114700,1
declaration 121985,1
declaration 121990,1
declaration 116554,1
declaration 116559,1
declaration 114740,1
declaration 124561,1
declaration 126163,1
declaration 124986,1
declaration 115641,1
declaration 112485,1
declaration 124719,1
declaration 112496,1
declaration 124724,1
declaration 126168,1
declaration 123491,1
declaration 121996,1
declaration 124730,1
declaration 114745,1
declaration 114751,1
declaration 116564,1
declaration 126174,1
declaration 126180,1
declaration 126186,1
declaration 126191,1
declaration 112683,1
declaration 116570,1
declaration 126196,1
declaration 126201,1
declaration 126207,1
declaration 124572,1
declaration 116575,1
declaration 112695,1
declaration 122001,1
declaration 115025,1
declaration 115031,1
declaration 122006,1
declaration 112930,1
declaration 122011,1
declaration 112935,1
declaration 112941,1
declaration 112947,1
declaration 116815,1
declaration 115037,1
declaration 122016,1
declaration 122022,1
declaration 115042,1
declaration 116580,1
declaration 116588,1
declaration 124736,1
declaration 124744,1
declaration 124750,1
declaration 115047,1
declaration 115053,1
declaration 115059,1
declaration 112701,1
declaration 124756,1
declaration 124761,1
declaration 112706,0
declaration 115065,1
declaration 112953,1
declaration 116597,1
declaration 116602,0
declaration 124766,1
declaration 123921,1
declaration 123932,1
declaration 123937,1
declaration 114756,1
declaration 114761,1
declaration 112711,1
declaration 123943,1
declaration 115071,1
declaration 115077,1
declaration 115083,1
declaration 124771,1
declaration 123949,1
declaration 123955,1
declaration 123960,1
declaration 122028,1
declaration 122033,1
declaration 124991,1
declaration 124996,1
declaration 115647,1
declaration 125001,1
declaration 116149,1
declaration 116155,1
declaration 123965,1
declaration 122038,1
declaration 116160,1
declaration 125014,1
declaration 125019,1
declaration 116820,1
declaration 116828,1
declaration 122485,1
declaration 122490,1
declaration 122495,1
declaration 124777,1
declaration 116165,1
declaration 116170,1
declaration 112958,1
declaration 112967,1
declaration 116175,1
declaration 116833,1
declaration 112973,1
declaration 112978,1
declaration 114769,1
declaration 114774,1
declaration 114779,1
declaration 114784,1
declaration 124782,1
declaration 124788,1
declaration 124794,1
declaration 112983,1
declaration 114789,1
declaration 122500,1
declaration 122505,1
declaration 122511,1
declaration 122517,0
declaration 122521,1
declaration 122530,1
declaration 122535,1
declaration 122540,1
declaration 122546,1
declaration 122552,1
declaration 122558,1
declaration 116180,1
declaration 122564,1
declaration 123971,1
declaration 123976,1
declaration 123986,0
declaration 123988,1
declaration 126212,1
declaration 124799,1
declaration 125228,1
declaration 125233,1
declaration 125239,1
declaration 116604,1
declaration 116838,1
declaration 116843,1
declaration 116848,1
declaration 125247,1
declaration 124835,1
declaration 124577,1
declaration 112716,1
declaration 125024,1
declaration 124840,1
declaration 124849,1
declaration 112721,1
declaration 112727,1
declaration 112733,1
declaration 112738,1
declaration 116185,1
declaration 123994,1
declaration 125253,1
declaration 122570,1
declaration 112989,0
declaration 112997,1
declaration 123999,1
declaration 124582,1
declaration 124588,1
declaration 124593,1
declaration 124598,1
declaration 124604,1
declaration 125094,1
declaration 116381,1
declaration 115887,0
declaration 115889,1
declaration 125029,1
declaration 125035,1
declaration 116190,1
declaration 125258,1
declaration 116195,1
declaration 116200,1
declaration 116205,1
declaration 126217,0
declaration 126221,1
declaration 115310,1
declaration 115316,1
declaration 115321,1
declaration 115326,1
declaration 115331,1
declaration 116853,1
declaration 116858,1
declaration 125263,1
declaration 125268,1
declaration 125274,1
declaration 116613,1
declaration 116621,1
declaration 125279,1
declaration 125040,1
declaration 116864,1
declaration 125045,1
declaration 125050,1
declaration 116626,1
declaration 116631,1
declaration 116645,1
declaration 126227,1
declaration 113003,1
declaration 113009,1
declaration 112744,1
declaration 122575,1
declaration 122580,1
declaration 122585,1
declaration 125284,1
declaration 116210,1
declaration 116215,1
declaration 115894,0
declaration 116872,1
declaration 115898,1
declaration 124005,0
declaration 122590,1
declaration 122595,0
declaration 124009,1
declaration 116220,1
declaration 116225,1
declaration 116656,1
declaration 122599,1
declaration 122608,1
declaration 125058,1
declaration 125068,1
declaration 126235,1
declaration 126241,1
declaration 126668,1
declaration 126673,1
declaration 116636,1
declaration 112750,0
declaration 112754,1
declaration 112759,1
declaration 115336,1
declaration 125073,1
declaration 125079,1
declaration 125084,1
declaration 125089,1
declaration 116651,1
declaration 122614,1
declaration 113014,1
declaration 113019,1
declaration 113024,1
declaration 113029,1
declaration 113034,1
declaration 122619,1
declaration 123075,1
declaration 123080,1
declaration 123085,1
declaration 123093,1
declaration 123098,1
declaration 116661,1
declaration 112764,1
declaration 116667,1
declaration 124019,1
declaration 116672,1
declaration 124025,1
declaration 116678,1
declaration 116684,1
declaration 125295,1
declaration 113039,1
declaration 113044,1
declaration 115342,0
declaration 113049,1
declaration 126678,1
declaration 123104,1
declaration 112770,1
declaration 123109,1
declaration 117094,1
declaration 123114,1
declaration 125301,1
declaration 124030,1
declaration 125306,1
declaration 116689,1
declaration 115346,1
declaration 124610,1
declaration 124616,1
declaration 115351,1
declaration 115357,1
declaration 115903,1
declaration 112775,1
declaration 112780,1
declaration 123120,1
declaration 123125,1
declaration 123130,1
declaration 126683,1
declaration 115908,1
declaration 116694,1
declaration 125311,1
declaration 126689,1
declaration 126695,1
declaration 126700,1
declaration 115913,1
declaration 116699,1
declaration 126711,1
declaration 126716,1
declaration 126721,1
declaration 115918,1
declaration 115924,1
declaration 115936,1
declaration 125317,1
declaration 115941,1
declaration 126726,1
declaration 123135,1
declaration 123141,1
declaration 113054,1
declaration 116708,1
declaration 116719,1
declaration 116724,1
declaration 116736,1
declaration 116741,1
declaration 123147,1
declaration 123152,1
declaration 123157,1
declaration 124039,1
declaration 124044,1
declaration 117100,1
declaration 126731,1
declaration 116746,1
declaration 116751,1
declaration 113209,1
declaration 113215,1
declaration 113220,1
declaration 124049,1
declaration 124054,1
declaration 124063,1
declaration 124072,1
declaration 123162,1
declaration 123168,1
declaration 123173,1
declaration 123182,1
declaration 123188,1
declaration 123194,1
declaration 117105,1
declaration 117110,1
declaration 124621,1
declaration 124857,1
declaration 124626,1
declaration 124631,1
declaration 113226,1
declaration 123203,1
declaration 115950,1
declaration 113491,0
declaration 113231,1
declaration 113240,1
declaration 113245,1
declaration 126737,1
declaration 116386,1
declaration 126742,1
declaration 126747,1
declaration 116391,1
declaration 123760,1
declaration 123766,1
declaration 124265,1
declaration 124270,1
declaration 124275,1
declaration 124283,1
declaration 124289,1
declaration 124297,1
declaration 124305,1
declaration 116399,1
declaration 116404,1
declaration 116409,1
declaration 116414,1
declaration 125325,1
declaration 124310,1
declaration 124316,1
declaration 124321,1
declaration 113495,1
declaration 113504,0
declaration 113508,1
declaration 116877,1
declaration 113513,1
declaration 113521,1
declaration 113526,0
declaration 113251,1
declaration 113257,0
declaration 113259,1
declaration 113264,1
declaration 116419,1
declaration 113272,1
declaration 113278,1
declaration 113284,1
declaration 113528,1
declaration 126755,1
declaration 124336,1
declaration 116424,1
declaration 116430,1
declaration 124326,1
declaration 124344,1
declaration 116759,1
declaration 116765,1
declaration 124636,1
declaration 116770,1
declaration 116779,1
declaration 116435,1
declaration 116784,1
declaration 124349,1
declaration 116790,1
declaration 124355,1
declaration 124360,1
declaration 124862,1
declaration 124868,1
declaration 125331,1
declaration 113539,1
declaration 113545,1
declaration 126760,1
declaration 113550,1
declaration 126765,1
declaration 126770,1
declaration 126775,1
declaration 126780,1
declaration 117115,1
declaration 125336,1
declaration 116882,1
declaration 124873,1
declaration 124878,1
declaration 124883,1
declaration 124891,1
declaration 124897,1
declaration 117120,1
declaration 117125,1
declaration 117131,1
declaration 124905,1
declaration 117136,1
declaration 117145,1
declaration 126786,1
declaration 116796,0
declaration 116798,1
declaration 116804,1
declaration 116809,1
declaration 117227,1
declaration 113290,1
declaration 113295,1
declaration 116441,1
declaration 116446,1
declaration 124911,1
declaration 124916,1
declaration 113303,0
declaration 126792,1
declaration 124921,1
declaration 124926,1
declaration 125342,1
declaration 125348,1
declaration 125353,1
declaration 125358,1
declaration 125100,1
declaration 125106,1
declaration 125363,1
declaration 125368,1
declaration 125813,1
declaration 125819,1
declaration 125825,1
declaration 117151,0
declaration 117155,1
declaration 116451,1
declaration 124931,1
declaration 117161,1
declaration 125830,1
declaration 117232,1
declaration 117237,1
declaration 116456,1
declaration 125839,1
declaration 116892,1
declaration 116887,1
declaration 117170,0
declaration 109550,1
declaration 125845,1
declaration 126797,1
declaration 124936,1
declaration 126802,1
declaration 126807,1
declaration 127253,0
declaration 127258,1
declaration 127263,1
declaration 116461,1
declaration 127268,1
declaration 125851,1
declaration 125856,1
declaration 125862,1
declaration 125867,1
declaration 125873,1
declaration 127273,1
declaration 127278,1
declaration 116466,1
declaration 116471,1
declaration 125878,1
declaration 124941,1
declaration 116476,1
declaration 116481,1
declaration 116487,1
declaration 127283,1
declaration 124641,1
declaration 124646,1
declaration 127289,1
declaration 125883,1
declaration 125888,1
declaration 127294,1
declaration 127300,1
declaration 127306,1
declaration 127311,1
declaration 127317,1
declaration 125373,1
declaration 116492,1
declaration 116497,1
declaration 124651,1
declaration 124656,1
declaration 125111,1
declaration 125378,1
declaration 127323,0
declaration 127327,1
declaration 125384,1
declaration 113556,1
declaration 116502,1
declaration 113562,1
declaration 113568,0
declaration 113572,1
declaration 125116,1
declaration 125122,1
declaration 117242,1
declaration 117247,1
declaration 127333,1
declaration 127338,1
declaration 125127,1
declaration 125132,1
declaration 125389,1
declaration 125394,1
declaration 125400,1
declaration 125406,1
declaration 127343,1
declaration 127349,1
declaration 113577,1
declaration 113582,1
declaration 113587,1
declaration 113592,1
declaration 113598,1
declaration 127354,1
declaration 127359,1
declaration 127364,0
declaration 116897,1
declaration 116902,1
declaration 125411,1
declaration 125419,1
declaration 125424,1
declaration 125893,1
declaration 113307,1
declaration 113312,1
declaration 117252,1
declaration 117257,1
declaration 117262,1
declaration 117267,1
declaration 113317,1
declaration 117273,1
declaration 127368,1
declaration 127373,1
declaration 116959,1
declaration 116967,1
declaration 125434,1
declaration 125439,1
declaration 125444,1
declaration 125449,1
declaration 116972,1
declaration 127378,1
declaration 127388,1
declaration 127397,1
declaration 127828,1
declaration 116977,1
declaration 116982,1
declaration 125454,1
declaration 125462,1
declaration 125470,1
declaration 125478,1
declaration 125483,1
declaration 113322,1
declaration 127834,1
declaration 125488,1
declaration 125493,1
declaration 125498,1
declaration 125503,1
declaration 116987,1
declaration 116993,1
declaration 117001,1
declaration 117007,1
declaration 125898,1
declaration 125904,1
declaration 125508,1
declaration 127839,1
declaration 125140,1
declaration 125145,1
declaration 113603,1
declaration 127844,1
declaration 127849,1
declaration 125914,1
declaration 125919,1
declaration 125925,1
declaration 125930,1
declaration 125935,1
declaration 125940,0
declaration 113327,1
declaration 125949,1
declaration 125954,1
declaration 125513,1
declaration 125518,1
declaration 125150,1
declaration 125156,1
declaration 125162,1
declaration 125167,1
declaration 126374,1
declaration 117278,1
declaration 117288,1
declaration 117294,1
declaration 125173,1
declaration 116908,1
declaration 116914,1
declaration 125959,1
declaration 117174,1
declaration 127854,1
declaration 127860,1
declaration 127866,1
declaration 117013,1
declaration 117021,1
declaration 117300,1
declaration 127872,1
declaration 125968,1
declaration 125178,1
declaration 126380,1
declaration 126385,1
declaration 127877,1
declaration 127882,1
declaration 127887,1
declaration 127893,1
declaration 125974,1
declaration 125980,1
declaration 125985,1
declaration 125991,1
declaration 116920,1
declaration 117027,1
declaration 126390,1
declaration 117179,1
declaration 127899,1
declaration 125183,1
declaration 126395,1
declaration 117184,1
declaration 117306,1
declaration 117311,1
declaration 126400,1
declaration 126405,1
declaration 117316,1
declaration 117322,1
declaration 117327,1
declaration 117332,1
declaration 117337,1
declaration 113333,1
declaration 125997,1
declaration 126003,1
declaration 117033,1
declaration 117039,1
declaration 127904,1
declaration 126009,1
declaration 126015,1
declaration 126020,1
declaration 113339,0
declaration 113777,1
declaration 113782,1
declaration 117045,1
declaration 116926,1
declaration 116931,1
declaration 116937,1
declaration 117343,1
declaration 117189,1
declaration 125193,1
declaration 117197,1
declaration 127910,1
declaration 117348,1
declaration 113608,1
declaration 126025,1
declaration 117353,1
declaration 117358,1
declaration 113613,1
declaration 113622,1
declaration 125198,1
declaration 126031,1
declaration 113787,1
declaration 117202,1
declaration 127916,1
declaration 125203,1
declaration 117050,1
declaration 125208,1
declaration 126036,1
declaration 126042,1
declaration 126047,1
declaration 126058,1
declaration 126052,1
declaration 136106,1
declaration 117811,1
declaration 117056,1
declaration 113802,1
declaration 113808,0
declaration 127921,1
declaration 127926,1
declaration 117061,1
declaration 127932,1
declaration 117066,1
declaration 117072,1
declaration 126063,1
declaration 126068,0
declaration 126072,1
declaration 113812,1
declaration 125214,0
declaration 125218,1
declaration 125223,1
declaration 127937,1
declaration 127942,1
declaration 117207,1
declaration 117827,1
declaration 116942,1
declaration 126077,1
declaration 126083,1
declaration 126088,1
declaration 126411,1
declaration 113628,1
declaration 127947,1
declaration 127953,1
declaration 128404,1
declaration 117364,1
declaration 117369,1
declaration 117077,1
declaration 128410,1
declaration 128415,1
declaration 128420,1
declaration 117212,1
declaration 125664,1
declaration 125672,1
declaration 128425,1
declaration 117832,1
declaration 117841,1
declaration 126416,1
declaration 117846,1
declaration 128431,1
declaration 128439,1
declaration 128445,1
declaration 113637,1
declaration 114085,1
declaration 114090,1
declaration 114095,1
declaration 113821,1
declaration 113827,1
declaration 117854,0
declaration 113840,1
declaration 117856,1
declaration 125681,1
declaration 117861,1
declaration 125686,0
declaration 125691,1
declaration 126093,1
declaration 114100,1
declaration 125697,1
declaration 114105,1
declaration 113853,1
declaration 114111,0
declaration 114116,1
declaration 114122,1
declaration 117866,1
declaration 117871,1
declaration 117374,1
declaration 117388,0
declaration 126099,1
declaration 126526,1
declaration 126531,1
declaration 126536,1
declaration 126542,1
declaration 126547,1
declaration 128450,1
declaration 117217,1
declaration 117222,1
declaration 117392,1
declaration 128455,1
declaration 128461,1
declaration 117879,1
declaration 113859,1
declaration 117884,1
declaration 117889,1
declaration 117894,1
declaration 125703,1
declaration 117082,1
declaration 117088,1
declaration 117501,1
declaration 117651,1
declaration 117657,1
declaration 126555,1
declaration 126570,1
declaration 117663,1
declaration 126421,1
declaration 117672,1
declaration 113865,1
declaration 113871,1
declaration 126565,1
declaration 126426,1
declaration 117899,1
declaration 117905,1
declaration 117397,1
declaration 126576,1
declaration 126582,1
declaration 117677,1
declaration 117682,1
declaration 117688,1
declaration 128466,1
declaration 128471,1
declaration 128476,1
declaration 117402,1
declaration 126587,1
declaration 128482,1
declaration 117911,1
declaration 126593,1
declaration 126598,1
declaration 126434,1
declaration 117693,1
declaration 117412,1
declaration 128488,1
declaration 128493,0
declaration 128497,1
declaration 128506,1
declaration 125708,1
declaration 128515,1
declaration 128521,1
declaration 128526,1
declaration 125716,1
declaration 125721,1
declaration 128531,1
declaration 128536,1
declaration 117699,1
declaration 117704,1
declaration 125727,1
declaration 117712,1
declaration 117721,1
declaration 117730,1
declaration 117735,1
declaration 117916,1
declaration 126604,1
declaration 117506,1
declaration 117921,1
declaration 113877,1
declaration 117927,1
declaration 117935,1
declaration 117943,1
declaration 117948,1
declaration 128541,1
declaration 128547,1
declaration 125732,1
declaration 113885,1
declaration 125738,1
declaration 126442,1
declaration 126447,1
declaration 126609,1
declaration 117740,1
declaration 117749,1
declaration 117407,1
declaration 117417,0
declaration 117419,1
declaration 114127,1
declaration 114132,1
declaration 117953,1
declaration 126452,1
declaration 117757,1
declaration 117425,1
declaration 117762,1
declaration 117768,1
declaration 117774,1
declaration 117511,1
declaration 117516,1
declaration 119955,1
declaration 117958,1
declaration 118368,1
declaration 126615,1
declaration 113793,1
declaration 113893,1
declaration 117779,1
declaration 119961,1
declaration 126621,1
declaration 117521,1
declaration 117527,1
declaration 118374,1
declaration 118380,1
declaration 114138,1
declaration 126457,1
declaration 114143,1
declaration 126463,1
declaration 126473,1
declaration 126468,1
declaration 118389,1
declaration 125743,1
declaration 113898,1
declaration 117533,1
declaration 117538,1
declaration 125749,1
declaration 125754,1
declaration 119967,1
declaration 119972,1
declaration 119977,1
declaration 119982,1
declaration 117430,1
declaration 117436,1
declaration 117441,1
declaration 126478,1
declaration 117543,0
declaration 117550,1
declaration 117555,1
declaration 117560,1
declaration 119988,1
declaration 119993,1
declaration 126626,1
declaration 126631,1
declaration 119998,1
declaration 118395,1
declaration 114148,1
declaration 114153,1
declaration 114158,1
declaration 114163,1
declaration 126637,1
declaration 126643,1
declaration 118400,1
declaration 126648,1
declaration 118406,1
declaration 114169,1
declaration 114175,0
declaration 117568,1
declaration 117573,1
declaration 117578,1
declaration 114179,1
declaration 117583,1
declaration 117588,1
declaration 118411,1
declaration 118416,1
declaration 120004,1
declaration 120010,1
declaration 125760,1
declaration 125771,1
declaration 125776,1
declaration 126488,0
declaration 126490,1
declaration 126499,1
declaration 117597,1
declaration 117450,1
declaration 120015,1
declaration 126654,1
declaration 120021,1
declaration 120026,0
declaration 114185,1
declaration 114190,1
declaration 125782,1
declaration 117602,1
declaration 117607,1
declaration 117788,1
declaration 113904,1
declaration 113910,1
declaration 113916,1
declaration 117794,1
declaration 117800,1
declaration 117805,1
declaration 117612,1
declaration 117618,1
declaration 118233,1
declaration 118238,1
declaration 118243,1
declaration 118421,1
declaration 126510,1
declaration 126515,1
declaration 126520,1
declaration 125787,1
declaration 125792,1
declaration 125797,1
declaration 125803,1
declaration 125808,1
declaration 118248,1
declaration 126964,1
declaration 126969,0
declaration 126971,1
declaration 120030,0
declaration 120034,1
declaration 120040,1
declaration 126976,1
declaration 113922,1
declaration 113928,1
declaration 113934,1
declaration 114375,1
declaration 126659,1
declaration 118253,1
declaration 118258,1
declaration 120045,1
declaration 114195,1
declaration 114204,1
declaration 114209,1
declaration 114214,1
declaration 114380,1
declaration 126246,1
declaration 126251,1
declaration 114219,1
declaration 117623,1
declaration 117628,1
declaration 117633,1
declaration 117641,1
declaration 126256,1
declaration 117646,1
declaration 118263,1
declaration 118269,1
declaration 118275,1
declaration 118281,1
declaration 118426,1
declaration 117455,1
declaration 120051,0
declaration 120053,1
declaration 117463,0
declaration 118431,1
declaration 126261,1
declaration 126267,1
declaration 126272,1
declaration 118439,1
declaration 120062,0
declaration 118286,1
declaration 117467,1
declaration 127107,1
declaration 127115,1
declaration 120066,1
declaration 126277,1
declaration 118091,1
declaration 120078,1
declaration 120083,0
declaration 118096,1
declaration 118444,1
declaration 120085,1
declaration 118449,1
declaration 127120,1
declaration 127125,1
declaration 118295,1
declaration 126981,1
declaration 118460,1
declaration 126989,1
declaration 118102,1
declaration 118108,1
declaration 118113,1
declaration 118118,1
declaration 120090,0
declaration 126283,1
declaration 118300,1
declaration 118306,1
declaration 126288,1
declaration 126296,1
declaration 126301,1
declaration 114385,1
declaration 114390,1
declaration 126306,1
declaration 117475,1
declaration 126312,1
declaration 126317,1
declaration 126322,1
declaration 126327,1
declaration 126333,0
declaration 120513,1
declaration 120522,1
declaration 126994,1
declaration 126999,1
declaration 127004,1
declaration 126337,1
declaration 126343,1
declaration 126349,1
declaration 126354,0
declaration 118123,1
declaration 118128,1
declaration 118136,1
declaration 118141,1
declaration 118147,1
declaration 118152,1
declaration 127009,1
declaration 127015,1
declaration 118157,1
declaration 118311,1
declaration 120528,1
declaration 120533,1
declaration 127020,1
declaration 126358,1
declaration 120538,1
declaration 120543,1
declaration 126363,1
declaration 126368,1
declaration 120548,1
declaration 126812,1
declaration 120553,1
declaration 118165,1
declaration 118171,1
declaration 114395,1
declaration 114401,1
declaration 118466,1
declaration 120559,1
declaration 118472,1
declaration 127026,1
declaration 118177,0
declaration 118182,1
declaration 118191,1
declaration 114407,0
declaration 118196,1
declaration 126817,1
declaration 120565,1
declaration 126822,1
declaration 126827,1
declaration 118478,1
declaration 118316,1
declaration 127130,1
declaration 127135,1
declaration 127032,1
declaration 118322,1
declaration 118328,1
declaration 118333,1
declaration 127037,1
declaration 127042,1
declaration 120571,1
declaration 120577,1
declaration 120586,1
declaration 120591,1
declaration 127140,1
declaration 127149,1
declaration 127154,1
declaration 127047,1
declaration 118338,0
declaration 120597,1
declaration 127053,1
declaration 118483,0
declaration 118487,1
declaration 118493,1
declaration 114409,1
declaration 114414,1
declaration 114419,1
declaration 120602,1
declaration 114424,1
declaration 114429,1
declaration 114435,1
declaration 120607,1
declaration 120612,1
declaration 118345,1
declaration 118350,1
declaration 118201,1
declaration 118206,1
declaration 118211,1
declaration 126832,1
declaration 126837,1
declaration 126842,1
declaration 126847,1
declaration 126852,1
declaration 118216,1
declaration 120618,1
declaration 117481,1
declaration 118355,1
declaration 117486,1
declaration 118360,1
declaration 118366,0
declaration 118828,1
declaration 118833,1
declaration 118839,1
declaration 118845,1
declaration 118222,1
declaration 118227,1
declaration 120623,1
declaration 118666,1
declaration 120628,1
declaration 120633,1
declaration 120639,1
declaration 120644,1
declaration 120649,1
declaration 118498,1
declaration 126861,1
declaration 127160,1
declaration 127165,1
declaration 127170,1
declaration 127058,1
declaration 127063,1
declaration 118850,1
declaration 118855,1
declaration 118503,1
declaration 126866,1
declaration 118509,1
declaration 118514,0
declaration 118973,0
declaration 118977,0
declaration 118981,1
declaration 118671,1
declaration 118986,1
declaration 118676,1
declaration 127068,1
declaration 127074,1
declaration 127080,1
declaration 127088,1
declaration 127096,1
declaration 127102,1
declaration 127529,1
declaration 127537,1
declaration 127546,1
declaration 127551,1
declaration 127556,1
declaration 127564,1
declaration 127570,1
declaration 127578,1
declaration 126871,1
declaration 126879,1
declaration 127179,1
declaration 126884,1
declaration 126893,1
declaration 127185,1
declaration 127193,1
declaration 127199,1
declaration 127204,1
declaration 127212,1
declaration 127217,1
declaration 118860,1
declaration 118865,1
declaration 126901,1
declaration 126906,1
declaration 126911,1
declaration 126917,1
declaration 127223,1
declaration 127228,1
declaration 121058,1
declaration 118681,1
declaration 118686,1
declaration 118692,1
declaration 121069,1
declaration 118698,1
declaration 121077,1
declaration 121082,1
declaration 121087,1
declaration 126923,1
declaration 118991,1
declaration 118996,1
declaration 119001,1
declaration 119010,1
declaration 119015,1
declaration 119023,1
declaration 121092,1
declaration 118870,1
declaration 121097,1
declaration 118875,1
declaration 118883,1
declaration 118888,1
declaration 118893,1
declaration 121102,1
declaration 127584,1
declaration 121107,1
declaration 121112,1
declaration 127589,1
declaration 127595,1
declaration 121117,1
declaration 121125,1
declaration 119035,1
declaration 119040,0
declaration 118703,1
declaration 118711,1
declaration 127233,1
declaration 118717,1
declaration 127238,1
declaration 127243,1
declaration 127248,1
declaration 127808,1
declaration 118731,1
declaration 118723,1
declaration 118737,1
declaration 118745,1
declaration 118753,1
declaration 118761,1
declaration 118769,1
declaration 118777,1
declaration 119042,1
declaration 114440,1
declaration 121130,1
declaration 118785,1
declaration 127822,1
declaration 121136,1
declaration 121142,1
declaration 114446,1
declaration 114451,1
declaration 114456,1
declaration 118901,1
declaration 114461,1
declaration 127601,1
declaration 118906,1
declaration 127607,1
declaration 127613,1
declaration 128245,1
declaration 128250,1
declaration 126928,1
declaration 126934,1
declaration 126939,1
declaration 117491,1
declaration 119051,1
declaration 121147,1
declaration 121152,1
declaration 117496,1
declaration 117969,1
declaration 127618,1
declaration 127623,1
declaration 118911,1
declaration 127631,1
declaration 127637,1
declaration 118794,1
declaration 118800,1
declaration 118806,1
declaration 127642,1
declaration 128256,1
declaration 118916,1
declaration 118924,1
declaration 118932,1
declaration 128264,1
declaration 128272,1
declaration 128277,1
declaration 127647,1
declaration 118940,1
declaration 118948,1
declaration 118956,1
declaration 118811,1
declaration 128285,1
declaration 127655,1
declaration 118962,1
declaration 127663,1
declaration 128295,1
declaration 119402,0
declaration 119410,1
declaration 128303,1
declaration 119418,1
declaration 128308,1
declaration 128317,1
declaration 128329,1
declaration 121157,1
declaration 121163,1
declaration 121169,1
declaration 126944,1
declaration 127671,1
declaration 127677,1
declaration 121175,1
declaration 119263,1
declaration 128340,1
declaration 119056,1
declaration 119061,1
declaration 119269,1
declaration 121180,1
declaration 121185,0
declaration 121189,1
declaration 119066,1
declaration 119429,1
declaration 119274,1
declaration 119435,1
declaration 119280,1
declaration 119286,1
declaration 119291,1
declaration 119296,1
declaration 119305,1
declaration 126950,1
declaration 119440,1
declaration 119445,1
declaration 119457,1
declaration 119072,0
declaration 119462,1
declaration 119076,0
declaration 121194,1
declaration 121200,1
declaration 128348,1
declaration 126956,1
declaration 119313,1
declaration 119318,1
declaration 128354,1
declaration 128360,1
declaration 128366,1
declaration 114466,1
declaration 119467,1
declaration 119326,1
declaration 119331,1
declaration 119336,1
declaration 128372,1
declaration 130418,1
declaration 121205,1
declaration 121644,1
declaration 121649,1
declaration 121655,1
declaration 121661,1
declaration 114472,1
declaration 114478,1
declaration 114484,1
declaration 121667,1
declaration 121672,1
declaration 119475,1
declaration 119078,1
declaration 128377,1
declaration 128383,1
declaration 127682,1
declaration 121677,1
declaration 119480,1
declaration 119485,1
declaration 119341,0
declaration 119343,1
declaration 119349,1
declaration 119490,1
declaration 119083,1
declaration 119088,1
declaration 114490,1
declaration 114498,1
declaration 119093,1
declaration 119101,1
declaration 119107,1
declaration 128388,1
declaration 128396,1
declaration 119354,1
declaration 119498,1
declaration 119504,1
declaration 119509,1
declaration 119514,1
declaration 128111,1
declaration 117974,1
declaration 128117,1
declaration 119545,1
declaration 119553,1
declaration 119559,1
declaration 127402,1
declaration 119567,1
declaration 119572,1
declaration 119580,1
declaration 119585,1
declaration 119590,1
declaration 119598,1
declaration 117982,1
declaration 117991,1
declaration 117996,1
declaration 118001,1
declaration 118007,1
declaration 119814,1
declaration 119819,1
declaration 119824,1
declaration 119833,1
declaration 127407,1
declaration 128123,1
declaration 119606,1
declaration 118012,1
declaration 119359,1
declaration 119368,1
declaration 119842,1
declaration 119848,1
declaration 119853,1
declaration 119858,1
declaration 118017,1
declaration 119519,1
declaration 121683,1
declaration 127412,1
declaration 128128,1
declaration 119524,1
declaration 119611,1
declaration 119530,1
declaration 119620,1
declaration 119535,1
declaration 119540,1
declaration 110898,1
declaration 110903,1
declaration 119863,1
declaration 119869,1
declaration 119875,1
declaration 119377,1
declaration 119382,1
declaration 119387,1
declaration 119392,1
declaration 119397,1
declaration 110775,1
declaration 119881,1
declaration 119887,1
declaration 121692,1
declaration 121697,1
declaration 121702,1
declaration 110780,1
declaration 110785,1
declaration 110790,1
declaration 128133,1
declaration 128138,1
declaration 119625,1
declaration 127417,1
declaration 127422,1
declaration 127427,1
declaration 127432,1
declaration 127438,1
declaration 110908,1
declaration 119630,1
declaration 119635,1
declaration 119640,1
declaration 121707,1
declaration 121712,1
declaration 121717,1
declaration 127444,0
declaration 121722,1
declaration 110913,1
declaration 128143,1
declaration 119645,1
declaration 119651,1
declaration 127449,1
declaration 127454,1
declaration 127459,1
declaration 110795,1
declaration 119657,1
declaration 119662,1
declaration 110800,1
declaration 121731,1
declaration 121736,1
declaration 119667,1
declaration 110806,1
declaration 128149,1
declaration 128155,1
declaration 110811,1
declaration 110816,1
declaration 118022,1
declaration 118027,1
declaration 127464,1
declaration 119892,1
declaration 128161,1
declaration 110824,1
declaration 111026,1
declaration 128166,1
declaration 111031,1
declaration 111037,1
declaration 110829,1
declaration 110838,1
declaration 128171,1
declaration 119897,1
declaration 128177,1
declaration 128183,1
declaration 110918,1
declaration 128188,1
declaration 110923,1
declaration 110843,1
declaration 119903,1
declaration 119909,1
declaration 119915,1
declaration 128193,1
declaration 121741,1
declaration 121746,1
declaration 111042,1
declaration 128199,1
declaration 128204,1
declaration 128209,1
declaration 128214,1
declaration 111050,1
declaration 121751,1
declaration 110851,1
declaration 110929,1
declaration 110934,1
declaration 119920,1
declaration 119930,1
declaration 118032,1
declaration 128225,1
declaration 110940,1
declaration 110945,1
declaration 121756,1
declaration 111055,1
declaration 111061,1
declaration 111067,1
declaration 111073,1
declaration 128231,0
declaration 119935,1
declaration 110856,1
declaration 110950,1
declaration 119940,1
declaration 111078,1
declaration 127469,1
declaration 110955,1
declaration 110861,1
declaration 121762,1
declaration 127475,1
declaration 119945,1
declaration 111089,1
declaration 110960,1
declaration 118037,1
declaration 119950,1
declaration 120376,1
declaration 120381,1
declaration 110867,1
declaration 127480,1
declaration 127486,1
declaration 127492,1
declaration 127498,1
declaration 127503,1
declaration 110965,1
declaration 122199,1
declaration 120386,1
declaration 120391,1
declaration 110872,1
declaration 110971,1
declaration 110877,1
declaration 110883,1
declaration 110888,1
declaration 110893,1
declaration 111309,1
declaration 128235,1
declaration 128240,1
declaration 128698,1
declaration 111314,1
declaration 118042,1
declaration 128703,1
declaration 128709,1
declaration 128714,1
declaration 111319,1
declaration 128719,1
declaration 118047,1
declaration 118057,1
declaration 120397,1
declaration 111324,1
declaration 111083,1
declaration 111094,1
declaration 111099,1
declaration 111105,1
declaration 122211,1
declaration 118062,1
declaration 111110,1
declaration 111115,1
declaration 111120,1
declaration 110977,1
declaration 122216,1
declaration 118067,0
declaration 111330,1
declaration 118069,0
declaration 122221,1
declaration 111125,1
declaration 128724,1
declaration 118071,1
declaration 111335,1
declaration 111341,1
declaration 127509,1
declaration 127518,1
declaration 122226,1
declaration 118080,1
declaration 111131,1
declaration 111136,1
declaration 122231,1
declaration 118086,1
declaration 111347,1
declaration 111352,1
declaration 111361,1
declaration 128729,1
declaration 111142,1
declaration 111147,1
declaration 111156,1
declaration 120402,1
declaration 120407,1
declaration 120413,1
declaration 120419,1
declaration 111373,1
declaration 111379,1
declaration 111690,1
declaration 111695,1
declaration 120425,1
declaration 120430,1
declaration 111700,1
declaration 118569,1
declaration 120435,1
declaration 118574,1
declaration 118579,1
declaration 111384,1
declaration 120440,1
declaration 122236,1
declaration 122242,1
declaration 111392,1
declaration 111400,1
declaration 122247,1
declaration 118584,0
declaration 118588,1
declaration 118593,1
declaration 122252,1
declaration 122257,1
declaration 122262,1
declaration 127524,1
declaration 127962,1
declaration 127967,1
declaration 122272,1
declaration 111405,1
declaration 122267,1
declaration 118602,1
declaration 120446,1
declaration 111410,1
declaration 122277,1
declaration 120451,1
declaration 122282,1
declaration 118607,1
declaration 118612,1
declaration 118617,1
declaration 120456,0
declaration 118622,1
declaration 120459,1
declaration 111708,1
declaration 111415,1
declaration 111720,1
declaration 122287,1
declaration 118627,1
declaration 122292,1
declaration 122297,1
declaration 111420,1
declaration 111426,1
declaration 111435,1
declaration 111444,1
declaration 110982,1
declaration 110987,1
declaration 111449,1
declaration 111457,1
declaration 111462,1
declaration 112565,1
declaration 111725,1
declaration 111730,1
declaration 111735,1
declaration 118633,1
declaration 118639,1
declaration 120465,1
declaration 120471,1
declaration 110992,1
declaration 110997,1
declaration 128734,1
declaration 127973,1
declaration 120477,1
declaration 120482,1
declaration 112570,1
declaration 111740,1
declaration 118645,1
declaration 112576,1
declaration 127979,1
declaration 127984,1
declaration 111746,1
declaration 112585,1
declaration 111751,1
declaration 111760,1
declaration 111765,1
declaration 111770,1
declaration 112216,1
declaration 112593,1
declaration 122302,1
declaration 122308,1
declaration 122314,1
declaration 122319,1
declaration 122324,1
declaration 118650,1
declaration 122329,1
declaration 118655,1
declaration 122334,1
declaration 127989,1
declaration 118660,1
declaration 119113,0
declaration 119117,1
declaration 127998,1
declaration 120488,1
declaration 120500,1
declaration 120508,1
declaration 128004,1
declaration 120933,1
declaration 119122,1
declaration 128009,1
declaration 128015,1
declaration 112224,1
declaration 112229,1
declaration 120938,1
declaration 112239,1
declaration 128023,1
declaration 128032,1
declaration 128037,1
declaration 120943,1
declaration 120949,0
declaration 120953,1
declaration 112598,1
declaration 112603,1
declaration 112608,1
declaration 120958,1
declaration 112248,1
declaration 112613,0
declaration 112617,1
declaration 128042,1
declaration 112234,1
declaration 128048,1
declaration 112254,1
declaration 120964,1
declaration 120970,1
declaration 112259,1
declaration 112265,1
declaration 121615,1
declaration 112270,1
declaration 121620,1
declaration 119131,1
declaration 121626,1
declaration 120975,1
declaration 128054,1
declaration 121631,1
declaration 119137,1
declaration 111005,1
declaration 120980,1
declaration 120985,1
declaration 120991,1
declaration 120996,1
declaration 112622,1
declaration 112276,1
declaration 121001,1
declaration 128059,1
declaration 128065,1
declaration 112281,1
declaration 121637,0
declaration 112286,1
declaration 112291,1
declaration 121006,1
declaration 121011,1
declaration 121017,1
declaration 121022,1
declaration 121027,1
declaration 121032,1
declaration 121037,1
declaration 121042,1
declaration 121047,1
declaration 112296,1
declaration 112301,1
declaration 121052,1
declaration 121639,1
declaration 122043,1
declaration 112307,1
declaration 112318,1
declaration 112323,1
declaration 112328,1
declaration 112333,1
declaration 112338,1
declaration 128074,1
declaration 128070,0
declaration 112628,1
declaration 128080,1
declaration 112633,1
declaration 112344,1
declaration 112638,1
declaration 128085,1
declaration 128093,1
declaration 122048,1
declaration 112349,1
declaration 112355,1
declaration 128101,1
declaration 122054,1
declaration 122059,1
declaration 113059,1
declaration 112785,1
declaration 112790,1
declaration 112795,1
declaration 112801,1
declaration 112806,1
declaration 113064,1
declaration 112812,1
declaration 113069,1
declaration 112817,1
declaration 122065,1
declaration 112825,1
declaration 112839,1
declaration 113074,1
declaration 113079,0
declaration 112844,1
declaration 112849,1
declaration 112854,1
declaration 112859,1
declaration 112864,1
declaration 112869,1
declaration 112874,1
declaration 112879,1
declaration 112884,1
declaration 112889,1
declaration 112894,1
declaration 113081,1
declaration 122073,1
declaration 112899,1
declaration 122079,1
declaration 112904,0
declaration 113086,1
declaration 113091,1
declaration 128739,1
declaration 122084,1
declaration 122090,1
declaration 119142,1
declaration 128107,0
declaration 122095,0
declaration 113096,1
declaration 122099,1
declaration 112909,1
declaration 128553,0
declaration 112914,1
declaration 113101,1
declaration 122104,1
declaration 128557,1
declaration 128744,1
declaration 113106,1
declaration 122109,1
declaration 128749,1
declaration 128754,1
declaration 111011,1
declaration 119147,1
declaration 119157,1
declaration 122118,1
declaration 122123,1
declaration 122131,1
declaration 113112,1
declaration 113117,1
declaration 128563,1
declaration 122136,1
declaration 122142,1
declaration 113123,0
declaration 112920,1
declaration 112925,1
declaration 122147,1
declaration 128759,1
declaration 128768,1
declaration 128777,1
declaration 128786,1
declaration 128792,1
declaration 122156,1
declaration 122162,1
declaration 113137,1
declaration 119162,1
declaration 119167,1
declaration 119172,1
declaration 122167,1
declaration 122175,1
declaration 122181,1
declaration 113142,1
declaration 122186,1
declaration 111016,1
declaration 113147,1
declaration 113152,1
declaration 122191,1
declaration 122625,1
declaration 122637,1
declaration 122642,1
declaration 113157,1
declaration 113163,1
declaration 113171,1
declaration 122651,1
declaration 122657,1
declaration 122662,0
declaration 128569,1
declaration 113176,1
declaration 113181,1
declaration 113187,1
declaration 113341,1
declaration 113347,1
declaration 113192,1
declaration 113197,1
declaration 113642,1
declaration 113647,1
declaration 113653,1
declaration 122668,1
declaration 122673,1
declaration 113659,1
declaration 119177,1
declaration 113353,1
declaration 113359,1
declaration 119185,1
declaration 119191,1
declaration 119199,1
declaration 119205,1
declaration 119216,1
declaration 122678,1
declaration 122683,1
declaration 122688,0
declaration 113364,1
declaration 113369,1
declaration 113377,0
declaration 113381,1
declaration 113386,1
declaration 122692,1
declaration 119224,1
declaration 122697,1
declaration 122703,1
declaration 111021,1
declaration 122708,1
declaration 128575,1
declaration 122713,1
declaration 113391,1
declaration 113396,1
declaration 122722,1
declaration 111468,1
declaration 111473,1
declaration 122727,1
declaration 122732,0
declaration 122734,1
declaration 113401,1
declaration 128580,1
declaration 128586,0
declaration 119211,1
declaration 113407,1
declaration 113412,1
declaration 113664,1
declaration 135063,1
declaration 122739,1
declaration 122745,1
declaration 122751,1
declaration 122756,1
declaration 119229,1
declaration 111478,0
declaration 122761,1
declaration 122767,1
declaration 128590,1
declaration 119234,1
declaration 128596,0
declaration 128601,0
declaration 111483,1
declaration 113669,1
declaration 113675,1
declaration 113681,1
declaration 113686,1
declaration 113692,1
declaration 113420,1
declaration 113426,1
declaration 119239,1
declaration 119248,1
declaration 113432,1
declaration 119253,1
declaration 113697,1
declaration 111488,1
declaration 111494,1
declaration 111499,1
declaration 111505,1
declaration 128606,1
declaration 128611,1
declaration 113703,1
declaration 111511,1
declaration 113708,1
declaration 128616,1
declaration 111517,1
declaration 111525,1
declaration 113437,1
declaration 111530,1
declaration 111535,1
declaration 113442,0
declaration 113444,1
declaration 113449,1
declaration 128621,1
declaration 128626,1
declaration 113714,1
declaration 113458,0
declaration 113462,1
declaration 113486,1
declaration 128632,1
declaration 128640,1
declaration 128645,1
declaration 113946,1
declaration 113952,1
declaration 113958,1
declaration 113964,1
declaration 113969,1
declaration 113975,1
declaration 113980,1
declaration 119258,1
declaration 111162,1
declaration 111167,0
declaration 128651,1
declaration 113988,1
declaration 128656,1
declaration 128661,1
declaration 113993,1
declaration 128669,1
declaration 113998,1
declaration 113719,1
declaration 113725,1
declaration 128798,1
declaration 128803,1
declaration 113731,1
declaration 128678,1
declaration 114003,1
declaration 114008,1
declaration 114013,1
declaration 114019,1
declaration 114025,1
declaration 114030,1
declaration 114036,1
declaration 114042,1
declaration 114047,1
declaration 114052,1
declaration 113736,1
declaration 128809,1
declaration 113741,1
declaration 114058,1
declaration 128683,1
declaration 114064,1
declaration 114069,1
declaration 128689,1
declaration 120092,1
declaration 120098,1
declaration 113746,1
declaration 114074,1
declaration 113751,1
declaration 120103,1
declaration 120109,1
declaration 113757,1
declaration 113762,1
declaration 113767,1
declaration 114079,1
declaration 113772,1
declaration 114224,1
declaration 114229,1
declaration 120114,1
declaration 120124,1
declaration 120129,1
declaration 120119,1
declaration 120134,1
declaration 114506,1
declaration 114511,1
declaration 114516,1
declaration 120139,1
declaration 120144,0
declaration 120148,1
declaration 120153,1
declaration 114234,0
declaration 114239,1
declaration 114245,0
declaration 114522,1
declaration 114528,1
declaration 114533,1
declaration 114538,1
declaration 120158,1
declaration 114249,1
declaration 128819,1
declaration 128824,1
declaration 120163,1
declaration 114543,1
declaration 120168,1
declaration 114261,1
declaration 114269,1
declaration 120173,1
declaration 120178,1
declaration 120183,1
declaration 120188,1
declaration 120194,0
declaration 120196,1
declaration 120201,1
declaration 114548,0
declaration 120206,1
declaration 114552,1
declaration 114558,1
declaration 128814,1
declaration 120212,1
declaration 120217,1
declaration 128829,1
declaration 111169,1
declaration 114566,1
declaration 120229,1
declaration 114575,1
declaration 120235,1
declaration 111175,0
declaration 111177,1
declaration 111186,1
declaration 111191,1
declaration 114580,1
declaration 120654,1
declaration 120659,1
declaration 120671,1
declaration 120676,1
declaration 120681,1
declaration 114274,0
declaration 120689,1
declaration 114282,1
declaration 114585,1
declaration 120694,1
declaration 120699,1
declaration 128834,1
declaration 114590,1
declaration 120705,1
declaration 120710,1
declaration 120715,1
declaration 114596,1
declaration 111196,1
declaration 114287,1
declaration 114602,1
declaration 120721,1
declaration 120726,1
declaration 114610,1
declaration 114293,1
declaration 120732,1
declaration 120737,1
declaration 120743,1
declaration 114616,1
declaration 114621,1
declaration 120749,1
declaration 120754,1
declaration 114298,1
declaration 114303,1
declaration 114309,1
declaration 114314,1
declaration 120760,1
declaration 120765,1
declaration 119678,1
declaration 119673,1
declaration 120770,1
declaration 120775,1
declaration 114319,1
declaration 114626,1
declaration 120780,1
declaration 120786,1
declaration 121210,1
declaration 121216,1
declaration 121221,1
declaration 121227,1
declaration 114325,1
declaration 111201,1
declaration 114632,1
declaration 119684,1
declaration 121232,1
declaration 114637,1
declaration 114642,1
declaration 111211,1
declaration 114330,1
declaration 114336,1
declaration 114342,1
declaration 111217,1
declaration 119694,1
declaration 111222,1
declaration 111206,1
declaration 114348,1
declaration 121238,1
declaration 121243,0
declaration 121250,1
declaration 121256,1
declaration 114356,1
declaration 111227,1
declaration 121261,1
declaration 121270,1
declaration 121275,1
declaration 121280,1
declaration 111233,1
declaration 111241,1
declaration 111246,1
declaration 111252,1
declaration 111258,1
declaration 114361,1
declaration 114367,1
declaration 111269,1
declaration 111264,1
declaration 121285,1
declaration 121291,1
declaration 121296,1
declaration 121301,1
declaration 121306,1
declaration 121312,1
declaration 121317,1
declaration 121323,1
declaration 121329,1
declaration 121334,1
declaration 121339,1
declaration 121344,1
declaration 121349,0
declaration 121354,1
declaration 121359,1
declaration 121767,1
declaration 119689,1
declaration 111274,1
declaration 121773,1
declaration 121778,1
declaration 121784,1
declaration 121789,1
declaration 121794,1
declaration 111540,1
declaration 121800,1
declaration 111546,1
declaration 111551,1
declaration 111279,1
declaration 121805,1
declaration 121815,1
declaration 121820,1
declaration 121826,1
declaration 121832,1
declaration 121837,1
declaration 111556,1
declaration 111284,1
declaration 111290,1
declaration 111299,1
declaration 111304,1
declaration 111775,1
declaration 121842,1
declaration 111780,1
declaration 111789,1
declaration 111794,1
declaration 111800,1
declaration 111806,1
declaration 111812,1
declaration 111818,1
declaration 111827,1
declaration 121847,1
declaration 121852,1
declaration 121857,1
declaration 121863,1
declaration 111833,1
declaration 111839,1
declaration 121869,1
declaration 121875,1
declaration 121880,1
declaration 119699,1
declaration 111847,1
declaration 111852,1
declaration 121885,1
declaration 121890,1
declaration 111857,1
declaration 121895,1
declaration 121900,1
declaration 111862,1
declaration 111561,1
declaration 111868,1
declaration 111874,1
declaration 121906,1
declaration 122339,1
declaration 122345,1
declaration 111566,1
declaration 122351,1
declaration 122356,1
declaration 122362,1
declaration 122368,1
declaration 122373,1
declaration 122378,1
declaration 122383,1
declaration 122388,1
declaration 122393,1
declaration 122398,1
declaration 122403,1
declaration 122409,1
declaration 111880,1
declaration 111892,1
declaration 122415,1
declaration 111571,1
declaration 111577,1
declaration 111594,1
declaration 111898,1
declaration 111599,1
declaration 111903,0
declaration 122420,1
declaration 122430,1
declaration 111908,1
declaration 122435,1
declaration 111607,1
declaration 111914,0
declaration 111918,1
declaration 111923,1
declaration 111613,1
declaration 111618,1
declaration 111624,1
declaration 122441,1
declaration 122446,1
declaration 122451,1
declaration 112065,1
declaration 122456,1
declaration 112070,1
declaration 122462,1
declaration 112076,1
declaration 112082,1
declaration 112087,1
declaration 122468,1
declaration 122473,1
declaration 119704,1
declaration 119709,1
declaration 119714,1
declaration 112092,1
declaration 122479,1
declaration 112097,1
declaration 122425,1
declaration 122916,1
declaration 122921,1
declaration 122927,1
declaration 112105,1
declaration 112111,1
declaration 122937,1
declaration 112117,1
declaration 122942,1
declaration 112122,1
declaration 112130,1
declaration 112135,1
declaration 112140,1
declaration 112145,1
declaration 112150,1
declaration 112162,1
declaration 119719,1
declaration 112167,1
declaration 119724,1
declaration 119729,1
declaration 119734,1
declaration 122947,1
declaration 122953,1
declaration 122958,1
declaration 119740,1
declaration 119745,1
declaration 112172,1
declaration 112177,1
declaration 112182,1
declaration 119760,1
declaration 122963,1
declaration 122968,1
declaration 122973,1
declaration 122978,1
declaration 119765,1
declaration 119770,1
declaration 119775,1
declaration 112187,1
declaration 112192,1
declaration 122984,1
declaration 112201,1
declaration 122993,1
declaration 112206,1
declaration 141755,1
declaration 122998,1
declaration 123003,1
declaration 112211,1
declaration 123008,1
declaration 123013,1
declaration 123019,1
declaration 123024,1
declaration 123030,1
declaration 123035,1
declaration 123041,1
declaration 123046,1
declaration 123052,1
declaration 123058,1
declaration 123064,1
declaration 123070,1
declaration 119780,1
declaration 119785,1
declaration 119790,1
declaration 119795,1
declaration 119800,1
declaration 119805,0
declaration 119809,1
declaration 133661,1
declaration 141477,1
declaration 141035,1
declaration 133666,1
declaration 133671,0
declaration 133680,0
declaration 133689,0
declaration 130187,1
declaration 133698,1
declaration 135272,1
declaration 128878,1
declaration 128883,1
declaration 128889,1
declaration 133703,1
declaration 133712,1
declaration 134709,1
declaration 134717,1
declaration 133717,0
declaration 129902,1
declaration 129907,1
declaration 129912,1
declaration 141628,0
declaration 141632,1
declaration 135792,1
declaration 135798,1
declaration 129917,0
declaration 129921,1
declaration 129926,1
declaration 133724,1
declaration 128895,1
declaration 133730,1
declaration 136064,1
declaration 131309,1
declaration 131315,1
declaration 131320,1
declaration 133735,1
declaration 141638,1
declaration 141643,1
declaration 141648,1
declaration 133740,1
declaration 135277,1
declaration 133745,1
declaration 135282,1
declaration 142105,1
declaration 142111,1
declaration 142116,1
declaration 136069,1
declaration 136074,1
declaration 142121,1
declaration 129932,1
declaration 129942,1
declaration 135287,1
declaration 135299,1
declaration 133750,1
declaration 133756,1
declaration 141653,1
declaration 140042,1
declaration 140047,1
declaration 135808,1
declaration 134722,1
declaration 139393,1
declaration 141658,1
declaration 141664,1
declaration 135008,1
declaration 135013,1
declaration 132691,1
declaration 135803,1
declaration 141670,1
declaration 141676,1
declaration 139399,1
declaration 139404,1
declaration 129948,1
declaration 129953,1
declaration 139763,1
declaration 136198,1
declaration 135813,1
declaration 134727,1
declaration 129959,1
declaration 135019,1
declaration 134735,1
declaration 128909,1
declaration 128900,1
declaration 138777,1
declaration 138782,1
declaration 138787,1
declaration 132696,1
declaration 137166,1
declaration 135818,1
declaration 135823,1
declaration 135828,1
declaration 129967,0
declaration 135833,1
declaration 135839,1
declaration 135024,1
declaration 141682,1
declaration 141687,1
declaration 135304,1
declaration 137171,1
declaration 133123,1
declaration 133128,1
declaration 133134,0
declaration 140052,1
declaration 137177,1
declaration 135309,1
declaration 135314,1
declaration 135319,1
declaration 135324,1
declaration 142135,1
declaration 142140,1
declaration 142146,1
declaration 142151,1
declaration 139409,1
declaration 139414,1
declaration 137182,1
declaration 133762,1
declaration 140621,1
declaration 130201,1
declaration 134741,1
declaration 140057,1
declaration 141693,1
declaration 135032,1
declaration 129971,1
declaration 129977,0
declaration 133143,1
declaration 141699,1
declaration 135037,1
declaration 129981,1
declaration 130207,1
declaration 136085,1
declaration 136090,1
declaration 128914,0
declaration 128916,1
declaration 137188,1
declaration 140626,1
declaration 133771,1
declaration 128922,1
declaration 139420,1
declaration 129986,1
declaration 129991,1
declaration 141704,1
declaration 141710,1
declaration 141716,1
declaration 141721,1
declaration 141727,1
declaration 133148,1
declaration 129996,1
declaration 133153,1
declaration 135042,1
declaration 130007,1
declaration 135047,1
declaration 135052,1
declaration 139425,1
declaration 130212,1
declaration 128928,1
declaration 130217,1
declaration 130222,1
declaration 130227,1
declaration 133158,1
declaration 133164,1
declaration 133170,1
declaration 133176,1
declaration 133182,1
declaration 133188,1
declaration 133194,1
declaration 133776,1
declaration 130012,1
declaration 130017,1
declaration 133781,1
declaration 128933,1
declaration 130022,1
declaration 130233,1
declaration 130238,1
declaration 130243,1
declaration 130248,1
declaration 130028,0
declaration 130032,0
declaration 130036,0
declaration 130040,0
declaration 130254,1
declaration 128939,1
declaration 128944,1
declaration 137193,1
declaration 139430,1
declaration 137199,1
declaration 134749,1
declaration 134754,1
declaration 139436,1
declaration 139441,1
declaration 137205,1
declaration 141733,1
declaration 137213,1
declaration 137218,1
declaration 128954,1
declaration 128962,1
declaration 142514,1
declaration 135329,1
declaration 136203,1
declaration 136604,1
declaration 136609,1
declaration 141738,1
declaration 130259,1
declaration 130264,1
declaration 137223,1
declaration 130270,1
declaration 130276,0
declaration 135334,1
declaration 135844,1
declaration 130280,1
declaration 135057,1
declaration 130286,1
declaration 137229,0
declaration 137234,0
declaration 128967,1
declaration 137239,1
declaration 128972,1
declaration 137244,1
declaration 134764,1
declaration 130292,1
declaration 137249,1
declaration 141743,1
declaration 141748,0
declaration 134770,1
declaration 134776,1
declaration 140065,1
declaration 139446,1
declaration 137254,1
declaration 137259,1
declaration 137264,1
declaration 137269,1
declaration 137274,1
declaration 128977,1
declaration 141750,1
declaration 137279,1
declaration 128982,1
declaration 142520,1
declaration 128987,1
declaration 134781,1
declaration 128992,1
declaration 134787,1
declaration 134792,1
declaration 135850,1
declaration 129002,1
declaration 139768,1
declaration 135069,1
declaration 135074,1
declaration 129008,1
declaration 129013,1
declaration 134797,1
declaration 134802,1
declaration 134807,1
declaration 134812,1
declaration 134826,1
declaration 129018,1
declaration 129023,1
declaration 134820,1
declaration 140317,0
declaration 140324,0
declaration 137284,0
declaration 134831,0
declaration 137288,1
declaration 136095,1
declaration 129172,1
declaration 129177,1
declaration 139451,1
declaration 139457,1
declaration 137293,1
declaration 133787,1
declaration 139773,1
declaration 139778,1
declaration 129183,0
declaration 135339,1
declaration 140071,1
declaration 130310,1
declaration 134835,1
declaration 134848,0
declaration 134850,1
declaration 130315,1
declaration 130196,1
declaration 130297,1
declaration 130303,0
declaration 135344,1
declaration 133792,1
declaration 130320,1
declaration 130326,1
declaration 130305,1
declaration 130590,1
declaration 133200,1
declaration 134855,1
declaration 130595,1
declaration 140076,1
declaration 140081,1
declaration 137301,1
declaration 137677,1
declaration 139462,1
declaration 139468,1
declaration 130332,1
declaration 137683,1
declaration 129187,1
declaration 140086,1
declaration 136208,1
declaration 136337,1
declaration 140631,1
declaration 140637,1
declaration 136342,1
declaration 142525,1
declaration 135349,1
declaration 141968,1
declaration 137688,1
declaration 137693,1
declaration 129192,1
declaration 129202,1
declaration 129212,1
declaration 130338,1
declaration 130343,1
declaration 133138,1
declaration 133205,1
declaration 137698,1
declaration 129217,1
declaration 135152,1
declaration 135157,1
declaration 133210,1
declaration 135162,1
declaration 135167,1
declaration 129222,1
declaration 129227,1
declaration 130601,1
declaration 130606,1
declaration 140094,1
declaration 130352,1
declaration 129232,1
declaration 129238,1
declaration 131666,1
declaration 131671,1
declaration 131676,1
declaration 129246,1
declaration 129252,1
declaration 129258,1
declaration 129263,0
declaration 133797,1
declaration 139474,1
declaration 139480,0
declaration 139485,0
declaration 135173,1
declaration 135178,1
declaration 130357,1
declaration 130363,1
declaration 141973,1
declaration 137703,1
declaration 133803,1
declaration 130369,1
declaration 130374,1
declaration 135183,0
declaration 133809,1
declaration 133814,1
declaration 134146,1
declaration 135185,1
declaration 135190,1
declaration 129265,1
declaration 130379,1
declaration 141978,1
declaration 141984,1
declaration 139489,1
declaration 130611,1
declaration 130617,1
declaration 133215,1
declaration 129271,1
declaration 132701,1
declaration 132707,1
declaration 141989,1
declaration 132713,1
declaration 135196,1
declaration 139494,1
declaration 135201,1
declaration 135206,1
declaration 130384,1
declaration 135855,1
declaration 131325,1
declaration 135354,1
declaration 135359,1
declaration 142536,1
declaration 142542,1
declaration 131330,1
declaration 142547,1
declaration 142552,1
declaration 131335,1
declaration 131340,1
declaration 135212,0
declaration 131345,1
declaration 142876,1
declaration 142881,0
declaration 142886,1
declaration 131681,1
declaration 139499,1
declaration 130623,1
declaration 131350,1
declaration 129276,1
declaration 129281,1
declaration 140648,1
declaration 140654,1
declaration 131359,1
declaration 131365,1
declaration 141994,1
declaration 130628,1
declaration 130633,1
declaration 130638,1
declaration 135534,0
declaration 135538,1
declaration 134012,0
declaration 141999,0
declaration 140099,1
declaration 139505,1
declaration 137539,1
declaration 135544,1
declaration 137544,1
declaration 137549,1
declaration 137555,1
declaration 140104,1
declaration 140110,1
declaration 129287,1
declaration 129293,1
declaration 134016,1
declaration 140331,1
declaration 135656,1
declaration 135662,1
declaration 135216,1
declaration 135221,1
declaration 135226,0
declaration 135230,1
declaration 142558,1
declaration 142563,1
declaration 142568,1
declaration 135549,1
declaration 135554,1
declaration 135559,1
declaration 135564,1
declaration 131371,1
declaration 132973,1
declaration 132978,1
declaration 132983,1
declaration 129298,1
declaration 139510,1
declaration 136213,1
declaration 129304,1
declaration 142573,1
declaration 142579,1
declaration 131376,1
declaration 131381,1
declaration 142156,1
declaration 135569,1
declaration 135574,1
declaration 132988,1
declaration 132993,1
declaration 142004,1
declaration 137560,1
declaration 139516,0
declaration 129309,1
declaration 129459,1
declaration 139518,1
declaration 130643,1
declaration 130648,1
declaration 140116,1
declaration 140122,1
declaration 142161,1
declaration 134021,1
declaration 129464,1
declaration 134026,1
declaration 129469,1
declaration 129474,1
declaration 139524,1
declaration 139529,1
declaration 139534,1
declaration 130044,1
declaration 130050,1
declaration 141040,1
declaration 141046,1
declaration 141051,1
declaration 129611,1
declaration 134031,1
declaration 141056,1
declaration 141061,1
declaration 129617,1
declaration 129622,0
declaration 141066,1
declaration 135235,1
declaration 132999,1
declaration 129630,1
declaration 142167,1
declaration 133004,1
declaration 133009,1
declaration 133014,1
declaration 133023,1
declaration 133028,1
declaration 141071,1
declaration 133033,1
declaration 129636,1
declaration 133039,1
declaration 134036,1
declaration 129645,1
declaration 141077,1
declaration 135240,1
declaration 129651,1
declaration 129656,1
declaration 129661,1
declaration 135364,1
declaration 140131,1
declaration 136615,1
declaration 136620,1
declaration 136625,1
declaration 136630,1
declaration 133051,1
declaration 141086,1
declaration 141091,1
declaration 141096,1
declaration 134041,1
declaration 134046,1
declaration 141101,1
declaration 135579,1
declaration 133056,1
declaration 141106,1
declaration 141111,1
declaration 141116,1
declaration 133061,1
declaration 133066,1
declaration 133072,1
declaration 133080,1
declaration 134051,1
declaration 134056,1
declaration 133086,1
declaration 139652,1
declaration 139657,1
declaration 135927,1
declaration 135932,1
declaration 141760,1
declaration 141765,1
declaration 141770,1
declaration 136218,1
declaration 136223,1
declaration 134061,1
declaration 134066,1
declaration 134071,1
declaration 134076,1
declaration 133091,1
declaration 135245,1
declaration 135250,1
declaration 141121,1
declaration 141127,1
declaration 141137,1
declaration 129669,1
declaration 129674,1
declaration 129679,1
declaration 135584,1
declaration 135589,1
declaration 135594,1
declaration 135599,1
declaration 129684,1
declaration 129689,0
declaration 134081,1
declaration 129693,1
declaration 134086,1
declaration 130056,0
declaration 130060,1
declaration 130066,1
declaration 137566,1
declaration 141143,1
declaration 141148,1
declaration 135369,1
declaration 135375,1
declaration 137572,1
declaration 141483,1
declaration 141488,1
declaration 141493,1
declaration 141499,1
declaration 141505,1
declaration 141510,1
declaration 141515,1
declaration 130072,1
declaration 137577,1
declaration 137582,1
declaration 137587,1
declaration 137592,1
declaration 137597,1
declaration 133096,1
declaration 141520,1
declaration 133101,1
declaration 133106,1
declaration 133112,1
declaration 130077,1
declaration 130085,0
declaration 141525,1
declaration 141531,1
declaration 133514,1
declaration 133118,1
declaration 133519,1
declaration 133524,1
declaration 133529,1
declaration 141775,1
declaration 135255,1
declaration 135260,0
declaration 141536,1
declaration 141781,1
declaration 141786,1
declaration 135380,1
declaration 135385,1
declaration 137602,1
declaration 137607,1
declaration 137612,1
declaration 139662,1
declaration 139667,1
declaration 134092,1
declaration 141792,1
declaration 137617,1
declaration 130089,1
declaration 135390,1
declaration 135396,1
declaration 130094,1
declaration 130099,1
declaration 141154,1
declaration 141797,1
declaration 141803,1
declaration 141808,1
declaration 139672,1
declaration 139677,1
declaration 139682,1
declaration 134098,1
declaration 134106,1
declaration 137623,1
declaration 139687,1
declaration 141816,1
declaration 137628,1
declaration 140136,1
declaration 135937,1
declaration 135604,1
declaration 137634,1
declaration 137639,1
declaration 137644,1
declaration 141542,1
declaration 141162,1
declaration 137649,1
declaration 137657,1
declaration 141547,0
declaration 137662,1
declaration 139692,1
declaration 135609,1
declaration 131016,1
declaration 131022,1
declaration 131028,1
declaration 140457,1
declaration 140462,1
declaration 141549,1
declaration 139700,1
declaration 137667,1
declaration 137672,1
declaration 137981,1
declaration 135615,1
declaration 129698,1
declaration 129703,1
declaration 130104,1
declaration 130110,0
declaration 141555,1
declaration 141560,1
declaration 141565,1
declaration 135863,1
declaration 135869,1
declaration 131033,1
declaration 131044,1
declaration 131055,1
declaration 131061,1
declaration 131067,1
declaration 131073,1
declaration 131078,1
declaration 131084,1
declaration 131093,1
declaration 129709,1
declaration 135667,1
declaration 137986,1
declaration 137991,1
declaration 137996,1
declaration 134112,0
declaration 129715,1
declaration 129720,1
declaration 129725,1
declaration 141168,1
declaration 138001,1
declaration 138006,1
declaration 138011,1
declaration 134119,1
declaration 134125,1
declaration 129733,1
declaration 129738,1
declaration 129743,1
declaration 129748,1
declaration 138016,1
declaration 130115,1
declaration 139706,1
declaration 139712,1
declaration 139717,1
declaration 138021,1
declaration 133535,1
declaration 129753,1
declaration 138029,1
declaration 138041,1
declaration 138046,1
declaration 130120,1
declaration 130125,1
declaration 138051,1
declaration 133541,1
declaration 135262,1
declaration 135267,1
declaration 135673,1
declaration 140467,1
declaration 141571,1
declaration 141580,1
declaration 141588,1
declaration 138057,1
declaration 138062,1
declaration 133549,1
declaration 133555,1
declaration 141593,1
declaration 141315,1
declaration 139737,1
declaration 130130,1
declaration 130135,1
declaration 130140,1
declaration 130145,1
declaration 130150,1
declaration 130155,1
declaration 138068,1
declaration 138073,1
declaration 141598,1
declaration 141603,1
declaration 130160,1
declaration 138078,1
declaration 138084,1
declaration 130165,1
declaration 130171,1
declaration 138089,1
declaration 138102,1
declaration 138107,1
declaration 141320,1
declaration 141325,1
declaration 135679,1
declaration 141330,1
declaration 141335,1
declaration 141341,1
declaration 141347,1
declaration 138113,1
declaration 138121,1
declaration 138126,1
declaration 134130,0
declaration 135688,1
declaration 134135,1
declaration 134141,1
declaration 135693,1
declaration 135698,1
declaration 141608,1
declaration 135875,1
declaration 135880,1
declaration 135886,1
declaration 130176,1
declaration 130181,1
declaration 141613,1
declaration 141618,1
declaration 141623,1
declaration 136348,1
declaration 136354,1
declaration 142666,1
declaration 136360,1
declaration 134421,1
declaration 140142,1
declaration 140147,0
declaration 140149,1
declaration 131099,1
declaration 131104,1
declaration 135892,1
declaration 141352,1
declaration 139722,1
declaration 139728,1
declaration 139743,0
declaration 135703,0
declaration 139747,1
declaration 131109,1
declaration 131115,1
declaration 142672,1
declaration 142678,1
declaration 135897,1
declaration 135902,1
declaration 141357,1
declaration 141362,1
declaration 138364,1
declaration 138369,1
declaration 140161,1
declaration 135907,1
declaration 135705,1
declaration 135912,1
declaration 131120,1
declaration 133561,1
declaration 131125,1
declaration 131131,1
declaration 131136,1
declaration 131141,1
declaration 135710,1
declaration 135715,0
declaration 135717,1
declaration 133567,1
declaration 133572,1
declaration 139752,1
declaration 139757,1
declaration 130447,1
declaration 136079,1
declaration 130402,1
declaration 130408,1
declaration 130390,1
declaration 130396,1
declaration 141821,1
declaration 138374,1
declaration 133577,1
declaration 130653,1
declaration 130658,1
declaration 130663,1
declaration 135917,1
declaration 140167,1
declaration 140173,1
declaration 135722,1
declaration 129479,1
declaration 129484,1
declaration 135730,1
declaration 138382,1
declaration 135735,1
declaration 130413,1
declaration 139783,1
declaration 138387,1
declaration 141827,1
declaration 135942,1
declaration 135922,1
declaration 135947,1
declaration 135952,1
declaration 130426,1
declaration 130431,1
declaration 138393,1
declaration 141833,1
declaration 135741,1
declaration 139789,1
declaration 139794,1
declaration 138399,1
declaration 139539,1
declaration 129495,1
declaration 130437,1
declaration 130442,1
declaration 130722,1
declaration 139544,1
declaration 133582,1
declaration 138404,1
declaration 135747,1
declaration 131391,1
declaration 141839,1
declaration 139550,1
declaration 139556,1
declaration 130731,1
declaration 139561,1
declaration 139566,1
declaration 130737,1
declaration 139571,1
declaration 130742,1
declaration 136366,1
declaration 130750,1
declaration 136372,1
declaration 138409,1
declaration 138414,1
declaration 135620,1
declaration 135625,1
declaration 130755,1
declaration 130760,1
declaration 130765,1
declaration 138419,1
declaration 138424,1
declaration 136377,0
declaration 138429,1
declaration 129500,1
declaration 139576,1
declaration 130668,1
declaration 130673,1
declaration 138434,1
declaration 139581,1
declaration 139586,1
declaration 139591,1
declaration 138442,1
declaration 139596,1
declaration 139601,1
declaration 139606,1
declaration 139611,1
declaration 139616,1
declaration 139799,1
declaration 139804,1
declaration 130770,1
declaration 130775,1
declaration 136381,1
declaration 130780,1
declaration 130785,1
declaration 130790,1
declaration 130795,1
declaration 138447,1
declaration 139621,1
declaration 139810,1
declaration 130800,1
declaration 134427,1
declaration 142010,0
declaration 134432,1
declaration 130806,1
declaration 142012,1
declaration 130812,1
declaration 130679,1
declaration 135753,0
declaration 130684,1
declaration 130689,1
declaration 135958,1
declaration 138453,1
declaration 138459,1
declaration 130694,1
declaration 139815,1
declaration 138465,1
declaration 139820,1
declaration 139626,1
declaration 139632,1
declaration 139826,1
declaration 136100,1
declaration 130818,1
declaration 135757,1
declaration 136228,1
declaration 139831,1
declaration 142585,1
declaration 130823,1
declaration 134438,1
declaration 130699,1
declaration 142175,0
declaration 139638,1
declaration 135630,1
declaration 135635,1
declaration 135640,1
declaration 135646,1
declaration 135651,1
declaration 135763,1
declaration 138475,1
declaration 138480,1
declaration 131396,1
declaration 131401,1
declaration 136111,1
declaration 136117,1
declaration 136126,1
declaration 142892,1
declaration 136386,1
declaration 135964,1
declaration 135768,1
declaration 133587,1
declaration 142179,1
declaration 135773,1
declaration 133593,1
declaration 139643,1
declaration 130704,1
declaration 138485,1
declaration 130709,1
declaration 135782,1
declaration 135787,1
declaration 136233,1
declaration 141845,1
declaration 141850,0
declaration 141854,0
declaration 141858,0
declaration 136392,1
declaration 136397,1
declaration 136132,1
declaration 130828,1
declaration 136238,1
declaration 142017,1
declaration 136244,1
declaration 138490,1
declaration 138792,1
declaration 131407,1
declaration 142902,1
declaration 142025,1
declaration 142184,1
declaration 142030,1
declaration 142036,1
declaration 140337,1
declaration 140342,1
declaration 130714,1
declaration 136403,1
declaration 142189,1
declaration 140178,1
declaration 140472,1
declaration 142194,1
declaration 138798,1
declaration 131165,1
declaration 142042,1
declaration 138804,1
declaration 138809,1
declaration 138814,1
declaration 133599,1
declaration 140478,1
declaration 138819,1
declaration 136409,1
declaration 133604,1
declaration 142591,1
declaration 140347,1
declaration 140353,1
declaration 140358,1
declaration 131413,1
declaration 131422,1
declaration 136249,1
declaration 136254,1
declaration 136259,1
declaration 133610,1
declaration 130834,1
declaration 133615,1
declaration 141862,1
declaration 136264,1
declaration 142050,1
declaration 130842,1
declaration 130851,1
declaration 130860,1
declaration 130866,1
declaration 139837,1
declaration 139842,1
declaration 139848,1
declaration 139854,1
declaration 139860,1
declaration 139866,1
declaration 139872,1
declaration 139877,1
declaration 139883,1
declaration 138824,1
declaration 138829,1
declaration 133620,1
declaration 142055,1
declaration 139900,1
declaration 142060,1
declaration 139906,1
declaration 142066,1
declaration 142072,1
declaration 142077,1
declaration 130872,1
declaration 142200,1
declaration 142205,1
declaration 139912,1
declaration 139917,1
declaration 131427,1
declaration 131437,1
declaration 138838,1
declaration 142083,1
declaration 142088,1
declaration 140484,1
declaration 140489,1
declaration 140494,1
declaration 138844,0
declaration 138848,1
declaration 131442,1
declaration 142093,1
declaration 142099,1
declaration 136269,1
declaration 131170,1
declaration 131176,1
declaration 136275,1
declaration 136280,1
declaration 139922,1
declaration 142374,1
declaration 142380,0
declaration 142387,1
declaration 142392,1
declaration 142397,1
declaration 142403,0
declaration 138854,1
declaration 138859,1
declaration 138864,1
declaration 138870,1
declaration 138876,1
declaration 138882,1
declaration 138888,1
declaration 138894,1
declaration 142407,1
declaration 138900,1
declaration 142413,1
declaration 142418,1
declaration 131447,1
declaration 138906,1
declaration 131452,1
declaration 134444,1
declaration 134449,1
declaration 134458,1
declaration 131803,1
declaration 139889,1
declaration 138912,1
declaration 131809,1
declaration 131815,1
declaration 139895,1
declaration 131821,1
declaration 134464,1
declaration 142211,1
declaration 135969,1
declaration 135975,1
declaration 131826,1
declaration 136286,1
declaration 131831,1
declaration 131181,1
declaration 131836,1
declaration 131842,1
declaration 140186,1
declaration 131186,1
declaration 131191,1
declaration 131200,1
declaration 135980,1
declaration 135985,1
declaration 136137,1
declaration 142217,1
declaration 136291,1
declaration 136297,1
declaration 136302,1
declaration 139928,1
declaration 136311,1
declaration 139933,1
declaration 136316,1
declaration 136321,1
declaration 136326,1
declaration 134470,1
declaration 134476,1
declaration 134482,1
declaration 131847,1
declaration 131852,1
declaration 142423,1
declaration 131858,1
declaration 139938,1
declaration 139943,1
declaration 139948,1
declaration 136332,1
declaration 140363,1
declaration 142428,1
declaration 142433,1
declaration 138918,1
declaration 138924,1
declaration 139088,1
declaration 140369,1
declaration 131208,1
declaration 131213,1
declaration 131218,1
declaration 136736,1
declaration 134487,1
declaration 134492,1
declaration 136742,1
declaration 142438,1
declaration 131223,1
declaration 131228,1
declaration 131233,1
declaration 131238,1
declaration 139096,1
declaration 140192,1
declaration 136747,1
declaration 136752,1
declaration 139101,1
declaration 139106,1
declaration 131863,1
declaration 131868,1
declaration 139111,1
declaration 134498,1
declaration 134503,1
declaration 133625,1
declaration 131873,1
declaration 136145,1
declaration 131878,1
declaration 131884,1
declaration 131893,1
declaration 131244,1
declaration 134511,1
declaration 131898,1
declaration 134516,1
declaration 131249,1
declaration 131254,1
declaration 131265,1
declaration 131271,1
declaration 140198,1
declaration 139116,1
declaration 139121,1
declaration 139126,0
declaration 139130,0
declaration 139953,1
declaration 139958,1
declaration 139963,1
declaration 142600,1
declaration 135996,1
declaration 136001,1
declaration 136006,1
declaration 140216,1
declaration 140499,1
declaration 140504,1
declaration 131904,1
declaration 140509,1
declaration 139132,1
declaration 133631,0
declaration 131276,1
declaration 131282,1
declaration 141867,1
declaration 131287,1
declaration 139137,1
declaration 136757,0
declaration 141876,1
declaration 134521,1
declaration 139968,1
declaration 136761,1
declaration 139973,1
declaration 139978,1
declaration 139984,1
declaration 139989,1
declaration 139994,1
declaration 139143,1
declaration 139149,1
declaration 139154,1
declaration 139164,1
declaration 131909,1
declaration 131914,1
declaration 131920,1
declaration 131925,1
declaration 139159,0
declaration 131293,1
declaration 131299,1
declaration 136766,1
declaration 139999,1
declaration 141882,1
declaration 141888,1
declaration 136772,1
declaration 140005,1
declaration 140226,1
declaration 142443,1
declaration 139169,1
declaration 140231,1
declaration 139175,1
declaration 140236,1
declaration 140241,1
declaration 131304,1
declaration 131687,1
declaration 131693,1
declaration 131698,1
declaration 131931,1
declaration 131936,1
declaration 133633,1
declaration 133642,1
declaration 136011,1
declaration 140246,1
declaration 140010,1
declaration 140016,1
declaration 140021,1
declaration 131941,1
declaration 132033,1
declaration 132038,1
declaration 141894,1
declaration 132044,1
declaration 139180,1
declaration 132049,1
declaration 132054,1
declaration 133647,1
declaration 133653,1
declaration 132059,1
declaration 140027,1
declaration 140032,1
declaration 140037,1
declaration 136777,1
declaration 136783,1
declaration 136789,1
declaration 132064,1
declaration 132069,1
declaration 131703,1
declaration 131709,1
declaration 131715,1
declaration 131720,1
declaration 139185,1
declaration 139190,1
declaration 140252,1
declaration 140257,1
declaration 133949,1
declaration 139196,1
declaration 139202,1
declaration 133954,1
declaration 139207,1
declaration 139212,1
declaration 136415,1
declaration 136420,1
declaration 133959,1
declaration 141899,1
declaration 136795,1
declaration 142606,1
declaration 142612,1
declaration 142618,1
declaration 140374,1
declaration 140379,1
declaration 139217,1
declaration 132074,1
declaration 132080,1
declaration 139222,1
declaration 136425,1
declaration 140262,1
declaration 132417,1
declaration 136017,1
declaration 136023,0
declaration 140385,1
declaration 140390,1
declaration 133964,1
declaration 133970,1
declaration 142223,1
declaration 136150,1
declaration 132086,1
declaration 140267,1
declaration 142623,1
declaration 142628,1
declaration 132422,1
declaration 133975,0
declaration 140519,1
declaration 132427,1
declaration 132437,0
declaration 136027,1
declaration 136032,1
declaration 136037,1
declaration 131728,1
declaration 134527,1
declaration 134532,1
declaration 134538,1
declaration 142634,1
declaration 142639,1
declaration 134544,1
declaration 142644,1
declaration 142649,1
declaration 136800,1
declaration 136805,1
declaration 131734,1
declaration 132095,1
declaration 132100,1
declaration 136811,1
declaration 131740,1
declaration 136430,1
declaration 140524,1
declaration 133977,1
declaration 140533,1
declaration 142449,1
declaration 140395,1
declaration 142467,1
declaration 142472,1
declaration 142478,1
declaration 142483,1
declaration 133982,1
declaration 132106,1
declaration 142489,1
declaration 132441,1
declaration 140400,1
declaration 140405,0
declaration 140409,1
declaration 140414,1
declaration 140419,1
declaration 140424,1
declaration 140430,1
declaration 140436,1
declaration 140441,1
declaration 140452,1
declaration 132111,1
declaration 140680,1
declaration 140272,1
declaration 132116,1
declaration 136042,1
declaration 136047,0
declaration 136049,1
declaration 142228,1
declaration 136054,1
declaration 136059,1
declaration 140685,1
declaration 134549,1
declaration 140277,1
declaration 142654,1
declaration 136436,1
declaration 142660,1
declaration 136471,1
declaration 132121,1
declaration 132446,1
declaration 132452,1
declaration 133987,1
declaration 132127,1
declaration 132458,1
declaration 134555,1
declaration 136445,1
declaration 132463,1
declaration 132132,1
declaration 136156,1
declaration 136162,1
declaration 133995,1
declaration 140691,1
declaration 140696,1
declaration 134560,1
declaration 132138,1
declaration 132143,1
declaration 140701,1
declaration 136175,1
declaration 142233,1
declaration 136635,1
declaration 136640,1
declaration 140966,1
declaration 132468,1
declaration 132474,1
declaration 140971,1
declaration 132479,1
declaration 132148,1
declaration 132153,1
declaration 132159,1
declaration 134001,1
declaration 140709,1
declaration 140282,1
declaration 136451,1
declaration 141904,1
declaration 141910,1
declaration 141920,1
declaration 132164,1
declaration 132484,1
declaration 142494,1
declaration 142499,1
declaration 142504,1
declaration 140714,1
declaration 134007,1
declaration 131746,1
declaration 142509,1
declaration 142908,0
declaration 140719,1
declaration 132490,0
declaration 140724,1
declaration 141926,1
declaration 134860,1
declaration 140207,1
declaration 136817,1
declaration 140291,1
declaration 140729,1
declaration 136823,1
declaration 136828,1
declaration 136834,1
declaration 136840,1
declaration 132492,1
declaration 132173,1
declaration 132178,1
declaration 139381,1
declaration 139387,1
declaration 132498,1
declaration 132503,1
declaration 132509,1
declaration 134866,1
declaration 134872,1
declaration 134877,1
declaration 143050,1
declaration 133356,1
declaration 133221,1
declaration 133226,1
declaration 133231,1
declaration 133237,1
declaration 134882,1
declaration 143056,0
declaration 143060,0
declaration 133242,1
declaration 133248,1
declaration 135401,0
declaration 134888,1
declaration 133253,1
declaration 141931,1
declaration 135406,1
declaration 129029,1
declaration 140735,1
declaration 136456,1
declaration 130878,1
declaration 130883,0
declaration 130885,1
declaration 130891,1
declaration 136476,1
declaration 140740,1
declaration 136485,1
declaration 136490,1
declaration 140745,1
declaration 140750,1
declaration 140755,1
declaration 140761,1
declaration 140769,1
declaration 140777,1
declaration 140785,1
declaration 130900,0
declaration 136846,1
declaration 136851,1
declaration 136856,1
declaration 136861,1
declaration 141936,1
declaration 136496,1
declaration 141941,1
declaration 136501,1
declaration 141946,1
declaration 143064,0
declaration 143066,0
declaration 129034,1
declaration 130453,1
declaration 133361,1
declaration 133366,1
declaration 135412,1
declaration 135417,1
declaration 134893,1
declaration 143068,1
declaration 133372,1
declaration 141951,1
declaration 141957,1
declaration 141962,1
declaration 142243,1
declaration 142248,1
declaration 143074,1
declaration 134899,1
declaration 132514,1
declaration 132519,1
declaration 132525,1
declaration 132530,1
declaration 132535,1
declaration 132540,1
declaration 142253,1
declaration 136170,1
declaration 140793,1
declaration 132545,1
declaration 140798,1
declaration 140803,1
declaration 140809,1
declaration 136180,1
declaration 136186,1
declaration 142910,1
declaration 135422,1
declaration 140538,1
declaration 129039,1
declaration 136192,1
declaration 136866,1
declaration 137310,1
declaration 142258,1
declaration 143080,0
declaration 143084,1
declaration 133383,1
declaration 135427,1
declaration 133392,1
declaration 133397,1
declaration 133406,1
declaration 136461,1
declaration 136466,1
declaration 136871,1
declaration 132550,1
declaration 132718,1
declaration 132724,1
declaration 142915,1
declaration 132730,1
declaration 132735,0
declaration 132743,0
declaration 136506,1
declaration 132737,1
declaration 143089,1
declaration 143095,1
declaration 129045,0
declaration 129049,1
declaration 129055,1
declaration 129061,1
declaration 136511,1
declaration 132745,1
declaration 132751,1
declaration 143100,1
declaration 133258,1
declaration 132756,1
declaration 136517,1
declaration 143106,1
declaration 143112,1
declaration 136522,1
declaration 136527,1
declaration 136532,0
declaration 136536,1
declaration 132762,1
declaration 132770,1
declaration 132775,1
declaration 132780,1
declaration 132790,1
declaration 132796,1
declaration 133264,1
declaration 133269,1
declaration 135433,1
declaration 142264,1
declaration 143117,1
declaration 129067,1
declaration 129073,1
declaration 129081,1
declaration 129089,1
declaration 130458,1
declaration 136542,1
declaration 130463,1
declaration 129094,1
declaration 129100,1
declaration 129105,1
declaration 133274,1
declaration 130904,0
declaration 130469,1
declaration 130474,1
declaration 132801,1
declaration 140543,1
declaration 132806,0
declaration 134905,1
declaration 132810,1
declaration 132816,1
declaration 129111,1
declaration 133279,1
declaration 132821,1
declaration 132827,1
declaration 133284,1
declaration 129117,1
declaration 134910,1
declaration 129126,1
declaration 129132,1
declaration 143122,1
declaration 136877,1
declaration 136882,1
declaration 136887,1
declaration 136892,1
declaration 132785,1
declaration 142270,1
declaration 142276,1
declaration 133289,1
declaration 130479,1
declaration 133294,1
declaration 129137,1
declaration 129142,1
declaration 136547,1
declaration 136553,1
declaration 143130,1
declaration 143135,1
declaration 136558,1
declaration 136563,1
declaration 143144,1
declaration 129147,1
declaration 133300,1
declaration 133305,1
declaration 133310,1
declaration 132833,1
declaration 143149,1
declaration 136897,1
declaration 133315,1
declaration 134915,1
declaration 129152,1
declaration 129157,1
declaration 143154,1
declaration 143160,1
declaration 143165,1
declaration 143170,1
declaration 143175,0
declaration 135438,1
declaration 143179,1
declaration 143184,1
declaration 143189,1
declaration 135443,1
declaration 135448,1
declaration 132839,1
declaration 133411,1
declaration 143194,1
declaration 143202,1
declaration 143207,1
declaration 133417,1
declaration 143213,1
declaration 132844,1
declaration 143219,1
declaration 142282,1
declaration 135453,1
declaration 142288,1
declaration 135458,1
declaration 135464,1
declaration 136645,1
declaration 133422,1
declaration 132849,1
declaration 133321,1
declaration 142294,0
declaration 142296,1
declaration 135470,1
declaration 135476,1
declaration 133326,1
declaration 129505,1
declaration 133427,1
declaration 130484,1
declaration 133433,1
declaration 130490,1
declaration 130496,1
declaration 130502,1
declaration 143224,1
declaration 143230,1
declaration 129510,1
declaration 129515,1
declaration 133331,1
declaration 130508,1
declaration 140548,1
declaration 140554,1
declaration 142301,1
declaration 143236,1
declaration 143242,1
declaration 135482,1
declaration 135487,1
declaration 135492,1
declaration 143247,1
declaration 129520,1
declaration 135497,1
declaration 135503,1
declaration 143252,1
declaration 133336,1
declaration 129525,1
declaration 130908,1
declaration 133341,1
declaration 133347,0
declaration 143257,0
declaration 133351,1
declaration 134151,1
declaration 143261,1
declaration 134157,1
declaration 136651,1
declaration 136657,1
declaration 143266,1
declaration 136663,1
declaration 143272,1
declaration 134162,1
declaration 134167,1
declaration 130913,1
declaration 130918,1
declaration 130924,1
declaration 135509,1
declaration 133439,1
declaration 133444,1
declaration 134172,1
declaration 134177,1
declaration 134182,0
declaration 143277,1
declaration 143282,0
declaration 130513,1
declaration 130519,1
declaration 134186,1
declaration 134191,1
declaration 134196,1
declaration 133450,1
declaration 142238,1
declaration 142684,1
declaration 142689,1
declaration 134201,1
declaration 134211,1
declaration 134219,1
declaration 134224,1
declaration 143286,1
declaration 129163,1
declaration 137315,1
declaration 137320,1
declaration 136568,1
declaration 134920,1
declaration 133455,1
declaration 133460,1
declaration 142920,1
declaration 129168,0
declaration 129314,1
declaration 129319,1
declaration 134230,1
declaration 135515,1
declaration 129325,1
declaration 130530,1
declaration 136573,1
declaration 136578,1
declaration 135526,1
declaration 143292,1
declaration 129530,1
declaration 129538,1
declaration 129550,1
declaration 129558,1
declaration 143300,1
declaration 143305,1
declaration 134236,1
declaration 134241,1
declaration 134246,1
declaration 134925,1
declaration 130525,1
declaration 130536,1
declaration 129330,1
declaration 129338,1
declaration 129344,1
declaration 140564,1
declaration 134931,1
declaration 140569,1
declaration 140575,1
declaration 137325,1
declaration 133465,1
declaration 140580,1
declaration 133470,1
declaration 133475,1
declaration 134939,1
declaration 140595,1
declaration 140600,1
declaration 142695,1
declaration 134251,1
declaration 129544,1
declaration 129350,1
declaration 129355,1
declaration 129360,1
declaration 129365,1
declaration 142307,1
declaration 133480,1
declaration 133485,1
declaration 133490,1
declaration 134945,1
declaration 129563,1
declaration 129370,1
declaration 134256,1
declaration 134261,1
declaration 129569,1
declaration 129574,1
declaration 130541,1
declaration 134266,1
declaration 130547,1
declaration 134274,1
declaration 134279,1
declaration 129375,1
declaration 129381,1
declaration 129387,1
declaration 129585,1
declaration 134570,1
declaration 134565,1
declaration 129393,1
declaration 135520,1
declaration 130553,1
declaration 130558,1
declaration 130563,1
declaration 136587,1
declaration 129401,1
declaration 129410,1
declaration 129415,1
declaration 134575,1
declaration 134581,1
declaration 129421,1
declaration 134586,1
declaration 133495,0
declaration 134592,1
declaration 133498,1
declaration 134597,1
declaration 133506,1
declaration 129579,1
declaration 134605,1
declaration 137331,1
declaration 137336,1
declaration 130569,1
declaration 130574,1
declaration 134611,1
declaration 134616,1
declaration 136592,1
declaration 133819,1
declaration 134951,1
declaration 134956,1
declaration 129591,1
declaration 134961,1
declaration 134967,1
declaration 129600,1
declaration 129606,1
declaration 134622,1
declaration 136598,1
declaration 132184,1
declaration 132189,1
declaration 132194,1
declaration 134628,1
declaration 137016,0
declaration 134633,1
declaration 134972,1
declaration 142312,1
declaration 132199,1
declaration 132204,1
declaration 132209,1
declaration 134642,1
declaration 129426,1
declaration 133824,1
declaration 142318,1
declaration 134648,1
declaration 134654,1
declaration 142323,1
declaration 130579,1
declaration 130585,1
declaration 131147,1
declaration 134981,1
declaration 134987,0
declaration 132214,1
declaration 140585,1
declaration 129434,1
declaration 140823,1
declaration 133830,1
declaration 134660,1
declaration 134666,1
declaration 133836,1
declaration 132220,1
declaration 133841,0
declaration 133845,1
declaration 142701,1
declaration 130930,1
declaration 133851,1
declaration 137020,1
declaration 133856,1
declaration 137025,1
declaration 140818,1
declaration 132226,1
declaration 129439,1
declaration 142329,1
declaration 129444,1
declaration 129449,1
declaration 129454,1
declaration 142334,1
declaration 134671,1
declaration 131152,1
declaration 131160,1
declaration 129762,1
declaration 133861,1
declaration 134679,1
declaration 134991,1
declaration 140828,1
declaration 137033,1
declaration 133866,1
declaration 130935,1
declaration 133877,1
declaration 133882,1
declaration 133893,1
declaration 143310,1
declaration 133899,1
declaration 132231,1
declaration 134688,1
declaration 134693,1
declaration 140976,1
declaration 140981,1
declaration 136668,0
declaration 136672,1
declaration 137039,1
declaration 137044,1
declaration 137049,1
declaration 143315,1
declaration 143320,1
declaration 131526,1
declaration 134699,1
declaration 130940,1
declaration 130945,1
declaration 130951,1
declaration 130956,1
declaration 134704,1
declaration 132236,1
declaration 132241,1
declaration 132247,1
declaration 134997,1
declaration 133904,1
declaration 133910,1
declaration 133915,1
declaration 140833,1
declaration 140838,1
declaration 132253,1
declaration 132258,1
declaration 135079,1
declaration 131532,1
declaration 143325,1
declaration 135084,1
declaration 135089,1
declaration 135095,1
declaration 135100,1
declaration 133920,1
declaration 135105,1
declaration 133926,1
declaration 140843,1
declaration 140848,1
declaration 135111,1
declaration 135116,1
declaration 133931,1
declaration 133936,1
declaration 135121,1
declaration 135130,1
declaration 135135,1
declaration 135003,1
declaration 137054,1
declaration 137059,1
declaration 137064,1
declaration 131537,1
declaration 131543,1
declaration 133941,1
declaration 137073,1
declaration 137078,1
declaration 132267,1
declaration 132272,1
declaration 143330,1
declaration 135141,1
declaration 135146,1
declaration 136678,1
declaration 136684,1
declaration 136694,1
declaration 136689,1
declaration 143335,1
declaration 143341,1
declaration 136700,1
declaration 136705,1
declaration 136711,1
declaration 137083,1
declaration 143349,1
declaration 137089,1
declaration 137094,1
declaration 137099,1
declaration 143355,1
declaration 136903,1
declaration 130962,1
declaration 134287,1
declaration 134293,1
declaration 136909,1
declaration 130967,1
declaration 140854,1
declaration 137105,1
declaration 140860,1
declaration 140866,1
declaration 137111,1
declaration 137117,1
declaration 140872,1
declaration 140878,0
declaration 140882,0
declaration 140886,0
declaration 136914,1
declaration 136920,1
declaration 136717,1
declaration 143363,1
declaration 142706,1
declaration 142711,1
declaration 142716,1
declaration 142721,1
declaration 136925,1
declaration 136930,1
declaration 136939,1
declaration 137123,1
declaration 137129,1
declaration 130976,1
declaration 136722,1
declaration 136727,1
declaration 136732,0
declaration 131549,1
declaration 131557,1
declaration 137134,1
declaration 137142,1
declaration 137147,1
declaration 132277,1
declaration 132283,1
declaration 132288,1
declaration 132293,1
declaration 142726,1
declaration 143368,1
declaration 134298,0
declaration 134302,0
declaration 143376,1
declaration 134306,1
declaration 134311,1
declaration 137153,1
declaration 129767,1
declaration 142339,1
declaration 129772,1
declaration 129782,1
declaration 137713,1
declaration 134316,1
declaration 142344,1
declaration 129787,1
declaration 129793,1
declaration 137719,1
declaration 142350,1
declaration 134321,1
declaration 129799,1
declaration 129804,1
declaration 137725,1
declaration 137730,1
declaration 142355,1
declaration 142364,1
declaration 137735,1
declaration 134326,0
declaration 134330,1
declaration 143382,1
declaration 134335,1
declaration 143387,1
declaration 134341,1
declaration 129809,1
declaration 129817,1
declaration 134347,1
declaration 134352,1
declaration 134357,1
declaration 143393,1
declaration 143399,1
declaration 143409,1
declaration 134365,1
declaration 134370,1
declaration 134378,1
declaration 137740,1
declaration 143414,1
declaration 137745,1
declaration 137751,1
declaration 137757,1
declaration 137766,1
declaration 137772,1
declaration 137778,1
declaration 137788,1
declaration 137798,1
declaration 137808,1
declaration 137818,1
declaration 137828,1
declaration 129825,0
declaration 134383,1
declaration 134388,1
declaration 137837,1
declaration 138132,1
declaration 138137,1
declaration 129829,1
declaration 137158,1
declaration 138142,1
declaration 142369,1
declaration 137353,1
declaration 138147,1
declaration 138153,1
declaration 138158,1
declaration 138163,0
declaration 132299,1
declaration 132304,1
declaration 137358,1
declaration 137364,1
declaration 132313,1
declaration 132318,1
declaration 142797,1
declaration 138167,1
declaration 131562,1
declaration 142731,1
declaration 137375,1
declaration 137381,1
declaration 142737,1
declaration 137390,1
declaration 129834,1
declaration 130981,1
declaration 131567,0
declaration 130986,1
declaration 130991,1
declaration 130997,1
declaration 136944,1
declaration 131571,1
declaration 131576,1
declaration 131581,1
declaration 142806,1
declaration 136949,1
declaration 138172,1
declaration 142811,1
declaration 142742,1
declaration 138177,1
declaration 132323,1
declaration 138182,1
declaration 138187,1
declaration 138192,1
declaration 132329,1
declaration 129840,1
declaration 138197,1
declaration 138202,1
declaration 129845,1
declaration 138207,1
declaration 138213,1
declaration 138218,1
declaration 129850,1
declaration 132335,1
declaration 132341,1
declaration 132346,1
declaration 132351,1
declaration 132356,1
declaration 142816,1
declaration 138223,1
declaration 137399,1
declaration 140890,1
declaration 140895,1
declaration 136957,1
declaration 142747,1
declaration 136965,1
declaration 142757,1
declaration 136970,1
declaration 142752,1
declaration 136975,1
declaration 136981,1
declaration 142762,1
declaration 142768,1
declaration 132361,1
declaration 129856,1
declaration 138229,1
declaration 138235,1
declaration 129861,1
declaration 129866,1
declaration 138495,1
declaration 138508,1
declaration 129871,1
declaration 140904,1
declaration 140910,1
declaration 138503,1
declaration 140915,1
declaration 140920,1
declaration 140925,1
declaration 138514,1
declaration 129876,1
declaration 129881,1
declaration 140986,1
declaration 142925,1
declaration 140991,1
declaration 142773,1
declaration 134394,1
declaration 142822,1
declaration 142835,1
declaration 142844,1
declaration 142849,1
declaration 140930,1
declaration 132366,0
declaration 134405,1
declaration 134411,0
declaration 132368,1
declaration 132374,1
declaration 143404,1
declaration 143420,1
declaration 140935,1
declaration 138519,1
declaration 132379,1
declaration 140941,1
declaration 140946,1
declaration 140952,1
declaration 140957,1
declaration 140962,0
declaration 141025,1
declaration 142930,1
declaration 142941,1
declaration 142947,1
declaration 142953,1
declaration 138524,1
declaration 132384,1
declaration 129886,1
declaration 138530,1
declaration 134415,1
declaration 138536,1
declaration 138542,1
declaration 137370,1
declaration 142781,1
declaration 136986,1
declaration 136991,1
declaration 138548,1
declaration 136996,1
declaration 143425,1
declaration 143430,1
declaration 137404,1
declaration 143435,1
declaration 143441,1
declaration 129891,1
declaration 137409,1
declaration 137415,1
declaration 138554,1
declaration 142854,1
declaration 142859,1
declaration 142864,1
declaration 137002,1
declaration 137011,1
declaration 138560,1
declaration 138565,1
declaration 138570,1
declaration 138579,1
declaration 138585,0
declaration 138591,1
declaration 138597,1
declaration 132390,1
declaration 138603,1
declaration 138608,1
declaration 137455,1
declaration 138613,1
declaration 138619,1
declaration 143446,1
declaration 137420,1
declaration 132395,1
declaration 137425,1
declaration 137431,1
declaration 138628,1
declaration 137460,1
declaration 138633,1
declaration 137437,1
declaration 137465,1
declaration 143451,1
declaration 137470,1
declaration 138638,1
declaration 138932,1
declaration 138938,1
declaration 138944,1
declaration 138949,1
declaration 138954,0
declaration 138956,1
declaration 138961,1
declaration 138967,1
declaration 137443,1
declaration 137449,1
declaration 137843,1
declaration 137849,1
declaration 137854,0
declaration 143456,1
declaration 143462,0
declaration 132400,1
declaration 129896,1
declaration 137858,1
declaration 142870,1
declaration 132406,1
declaration 142786,1
declaration 138973,1
declaration 138978,1
declaration 142792,1
declaration 138983,1
declaration 142987,1
declaration 131752,1
declaration 131758,1
declaration 138988,1
declaration 138993,1
declaration 138998,1
declaration 137864,1
declaration 131764,1
declaration 131770,1
declaration 137869,1
declaration 137475,1
declaration 137483,1
declaration 137488,1
declaration 137496,1
declaration 137502,1
declaration 137507,1
declaration 132412,1
declaration 137878,1
declaration 139003,1
declaration 139008,1
declaration 137884,1
declaration 139013,1
declaration 139019,1
declaration 141173,1
declaration 141178,1
declaration 141186,1
declaration 139024,1
declaration 139030,1
declaration 139036,1
declaration 139042,1
declaration 139047,1
declaration 139052,1
declaration 139227,1
declaration 141192,1
declaration 141197,1
declaration 141202,1
declaration 140297,1
declaration 140302,1
declaration 139232,1
declaration 139237,1
declaration 139242,1
declaration 139247,1
declaration 128839,1
declaration 141208,1
declaration 128845,1
declaration 141217,1
declaration 141223,1
declaration 139253,1
declaration 139259,1
declaration 139265,1
declaration 139271,1
declaration 139277,1
declaration 131775,1
declaration 131780,1
declaration 131786,1
declaration 131792,1
declaration 131797,1
declaration 139283,1
declaration 137889,1
declaration 139288,1
declaration 137894,0
declaration 128850,0
declaration 128852,1
declaration 139293,1
declaration 139301,1
declaration 141229,1
declaration 138643,1
declaration 128861,1
declaration 131962,1
declaration 131967,1
declaration 131973,1
declaration 139306,1
declaration 131587,1
declaration 139311,1
declaration 139320,1
declaration 139326,1
declaration 139332,1
declaration 138649,1
declaration 138654,1
declaration 138659,1
declaration 138665,1
declaration 138670,1
declaration 138675,1
declaration 138683,1
declaration 138688,1
declaration 141235,1
declaration 141241,1
declaration 138693,1
declaration 141247,1
declaration 141257,1
declaration 141262,1
declaration 138699,1
declaration 139337,1
declaration 141267,1
declaration 138705,1
declaration 131593,1
declaration 137897,1
declaration 137903,1
declaration 137909,1
declaration 137914,1
declaration 142935,1
declaration 142959,1
declaration 138710,1
declaration 142965,1
declaration 137919,1
declaration 137512,1
declaration 137517,1
declaration 141272,1
declaration 140996,1
declaration 139343,0
declaration 139347,1
declaration 142992,1
declaration 141002,1
declaration 141008,1
declaration 141277,1
declaration 141283,1
declaration 141288,1
declaration 142997,1
declaration 143003,1
declaration 139353,1
declaration 137924,1
declaration 143008,1
declaration 143013,1
declaration 139365,1
declaration 139370,1
declaration 143018,1
declaration 131598,1
declaration 131005,1
declaration 138715,1
declaration 138721,1
declaration 138727,1
declaration 141294,1
declaration 141299,1
declaration 139375,1
declaration 132556,1
declaration 132561,1
declaration 131604,1
declaration 131610,1
declaration 141305,1
declaration 138732,1
declaration 131616,1
declaration 132566,1
declaration 141310,1
declaration 131011,1
declaration 137522,1
declaration 137530,1
declaration 142970,0
declaration 142974,1
declaration 132571,1
declaration 140307,1
declaration 140642,1
declaration 132577,1
declaration 132582,1
declaration 141014,1
declaration 142979,0
declaration 140660,1
declaration 138737,1
declaration 138743,1
declaration 138749,1
declaration 132587,1
declaration 141368,1
declaration 132592,1
declaration 132601,0
declaration 141373,1
declaration 131457,1
declaration 132605,1
declaration 131463,1
declaration 132611,1
declaration 131469,1
declaration 131475,1
declaration 141379,1
declaration 141384,1
declaration 132617,1
declaration 132622,1
declaration 132627,1
declaration 141389,1
declaration 132633,1
declaration 141395,0
declaration 138755,1
declaration 132638,1
declaration 138761,1
declaration 141400,1
declaration 132644,1
declaration 131978,1
declaration 131983,1
declaration 141405,1
declaration 141410,1
declaration 132649,1
declaration 132655,1
declaration 141415,1
declaration 131988,1
declaration 131994,1
declaration 132661,1
declaration 132666,1
declaration 132674,1
declaration 138767,1
declaration 132679,1
declaration 140312,1
declaration 139058,1
declaration 132685,1
declaration 140605,1
declaration 140610,1
declaration 141421,1
declaration 143024,1
declaration 141426,0
declaration 139064,0
declaration 137930,1
declaration 137935,1
declaration 132854,1
declaration 132860,1
declaration 139066,1
declaration 137940,1
declaration 132865,1
declaration 141428,1
declaration 141434,1
declaration 132870,1
declaration 132875,1
declaration 137945,1
declaration 131999,1
declaration 132005,1
declaration 141439,1
declaration 141445,1
declaration 132010,1
declaration 141451,1
declaration 132880,1
declaration 132885,1
declaration 131481,1
declaration 141020,1
declaration 132891,1
declaration 132896,0
declaration 132902,1
declaration 137950,1
declaration 137955,1
declaration 137960,1
declaration 132907,1
declaration 137965,1
declaration 137970,1
declaration 132912,1
declaration 137535,0
declaration 131487,1
declaration 137975,1
declaration 131492,1
declaration 131498,1
declaration 131504,1
declaration 132917,1
declaration 140665,1
declaration 140673,0
declaration 138241,1
declaration 140675,0
declaration 132922,1
declaration 132927,1
declaration 132932,1
declaration 131622,1
declaration 131628,0
declaration 131631,1
declaration 131636,1
declaration 139071,1
declaration 131642,1
declaration 131647,1
declaration 143034,1
declaration 143040,1
declaration 132015,1
declaration 132020,1
declaration 131652,1
declaration 132937,1
declaration 131661,1
declaration 131946,1
declaration 131952,1
declaration 132946,1
declaration 132952,1
declaration 132957,1
declaration 132962,1
declaration 132967,1
declaration 138247,1
declaration 138253,1
declaration 138259,1
declaration 141456,1
declaration 141461,1
declaration 141467,1
declaration 131510,1
declaration 131515,1
declaration 131521,1
declaration 138265,1
declaration 138271,1
declaration 139077,1
declaration 132028,1
declaration 131957,1
declaration 138277,1
declaration 143045,1
declaration 141472,1
declaration 138282,1
declaration 138288,1
declaration 139082,1
declaration 138294,1
declaration 138299,1
declaration 128867,1
declaration 140615,1
declaration 138305,1
declaration 138310,1
declaration 128872,1
declaration 138315,1
declaration 138320,1
declaration 138325,1
declaration 138331,1
declaration 138337,1
declaration 138343,1
declaration 138349,1
declaration 138354,1
declaration 138359,1
