case_id,outcome
Application_652823628,Accepted
Application_1691306052,Other
Application_428409768,Other
Application_1746793196,Other
Application_828200680,Other
Application_1085880569,Other
Application_1266995739,Other
Application_1878239836,Other
Application_619403287,Accepted
Application_1710223761,Other
Application_1529124572,Accepted
Application_387012864,Other
Application_1120819670,Accepted
Application_42838382,Other
Application_180547487,Accepted
Application_1966208034,Other
Application_1806387393,Other
Application_1111870538,Other
Application_1017492916,Other
Application_2082119944,Accepted
Application_758985626,Accepted
Application_1018615109,Other
Application_319587802,Other
Application_1846626914,Accepted
Application_546206358,Other
Application_196483749,Other
Application_1363980603,Other
Application_1553362978,Other
Application_1197857445,Other
Application_931862671,Other
Application_2012588584,Other
Application_1825972191,Other
Application_1059184025,Other
Application_1395142997,Accepted
Application_2015287405,Other
Application_1193723578,Other
Application_2049529862,Accepted
Application_1699757505,Other
Application_493034835,Accepted
Application_842511489,Accepted
Application_1474017032,Other
Application_1397856354,Other
Application_767475240,Other
Application_980495316,Accepted
Application_2035768049,Accepted
Application_1307111345,Accepted
Application_821425679,Accepted
Application_1294530310,Accepted
Application_470922426,Accepted
Application_1461440233,Other
Application_857715587,Other
Application_351152063,Accepted
Application_1547844908,Other
Application_2055987002,Accepted
Application_1118236712,Other
Application_1234535641,Other
Application_1898882436,Accepted
Application_2113276114,Accepted
Application_1603124379,Other
Application_2110144842,Other
Application_486645986,Other
Application_587387633,Accepted
Application_901793095,Accepted
Application_340403559,Other
Application_1825104006,Other
Application_1530322400,Other
Application_593655901,Other
Application_1535675187,Accepted
Application_1767756144,Other
Application_1405679737,Other
Application_446334558,Other
Application_130460765,Other
Application_1300843234,Other
Application_1588619628,Other
Application_505474597,Other
Application_1765204099,Other
Application_1624825294,Other
Application_1448214642,Other
Application_987262285,Other
Application_1845547664,Other
Application_1947648225,Other
Application_1130101747,Accepted
Application_798605556,Other
Application_2062932311,Accepted
Application_430902047,Accepted
Application_1370588808,Other
Application_163777174,Accepted
Application_909491524,Accepted
Application_396349881,Other
Application_930742634,Other
Application_2068443797,Other
Application_354702724,Other
Application_1357431492,Other
Application_584603670,Accepted
Application_807916303,Other
Application_283012951,Accepted
Application_1876456626,Other
Application_178025821,Other
Application_813133375,Other
Application_268676496,Other
Application_1870161219,Accepted
Application_1723779444,Other
Application_1339153511,Accepted
Application_1754646859,Other
Application_2002564265,Other
Application_1304234740,Other
Application_58755651,Other
Application_93597308,Other
Application_774787486,Other
Application_1660185664,Accepted
Application_2105878744,Accepted
Application_1446096185,Other
Application_675073178,Accepted
Application_952532843,Other
Application_914660918,Other
Application_167944225,Other
Application_1962860870,Other
Application_1696031128,Other
Application_803879893,Accepted
Application_1886382319,Other
Application_1250134245,Other
Application_1044610848,Accepted
Application_1999238509,Accepted
Application_854524772,Accepted
Application_927205634,Other
Application_484278024,Other
Application_1674281629,Other
Application_299986859,Accepted
Application_1374020543,Accepted
Application_1252717204,Other
Application_24648067,Accepted
Application_1823402778,Other
Application_2108937169,Accepted
Application_895241174,Other
Application_1290239114,Accepted
Application_1787371920,Accepted
Application_1471099537,Other
Application_37839400,Accepted
Application_1128910355,Other
Application_54405635,Other
Application_395903076,Accepted
Application_1859638703,Other
Application_1101997724,Other
Application_74505494,Other
Application_525275343,Other
Application_106973225,Other
Application_1315608886,Accepted
Application_1538441067,Other
Application_822724921,Other
Application_2040511284,Other
Application_1754943309,Other
Application_323012882,Accepted
Application_347136910,Accepted
Application_1432907447,Accepted
Application_1004303396,Accepted
Application_1096831814,Other
Application_1068218912,Other
Application_709929024,Other
Application_347787380,Other
Application_1546754076,Accepted
Application_1365381023,Other
Application_1981969728,Accepted
Application_665878125,Other
Application_1044911465,Other
Application_1613424593,Other
Application_862160604,Other
Application_60181210,Accepted
Application_369018038,Other
Application_920048730,Other
Application_220402598,Other
Application_1947668470,Accepted
Application_1301925609,Accepted
Application_2070389081,Other
Application_864903752,Other
Application_1159653941,Other
Application_663648942,Other
Application_1616009132,Accepted
Application_53530491,Accepted
Application_1953406738,Other
Application_1413308979,Other
Application_1308403282,Other
Application_212010049,Accepted
Application_1946680177,Accepted
Application_948316229,Other
Application_1138826038,Accepted
Application_369105792,Other
Application_1998350808,Other
Application_1301009504,Other
Application_547462088,Other
Application_223366470,Other
Application_1130151790,Other
Application_1791187926,Other
Application_421364849,Accepted
Application_1268592022,Other
Application_1955353500,Accepted
Application_485131054,Other
Application_1979402314,Other
Application_1723028098,Other
Application_1946236735,Accepted
Application_1428307326,Accepted
Application_1310063638,Other
Application_1499869275,Other
Application_1141114991,Other
Application_918770224,Other
Application_1016816804,Accepted
Application_1650844500,Accepted
Application_1854801140,Other
Application_2078020265,Other
Application_567907480,Accepted
Application_748088065,Accepted
Application_572814439,Other
Application_256650628,Accepted
Application_1151254747,Other
Application_972938507,Other
Application_360475310,Accepted
Application_19324985,Other
Application_1643165806,Other
Application_418070482,Other
Application_1248349972,Other
Application_923963777,Accepted
Application_1746133767,Accepted
Application_920497952,Other
Application_886515262,Other
Application_416441220,Other
Application_1975617123,Other
Application_726777197,Other
Application_275597794,Other
Application_153538723,Other
Application_368205428,Other
Application_923808413,Accepted
Application_1933550065,Other
Application_854409161,Other
Application_346636726,Other
Application_1420077883,Other
Application_236257423,Other
Application_1892186837,Other
Application_438518989,Other
Application_788421650,Other
Application_1447851462,Other
Application_664267418,Other
Application_2118101879,Accepted
Application_1259601023,Other
Application_969058358,Other
Application_29490720,Accepted
Application_193978070,Accepted
Application_1916415976,Accepted
Application_1267839101,Accepted
Application_1101248362,Other
Application_1800870760,Other
Application_1484851617,Other
Application_402039661,Other
Application_1494501575,Accepted
Application_1675166178,Accepted
Application_297421946,Accepted
Application_920229339,Accepted
Application_562322973,Other
Application_722397148,Other
Application_1645236489,Other
Application_1868808301,Other
Application_1702060008,Accepted
Application_2059945768,Accepted
Application_2115613475,Other
Application_409724822,Other
Application_788960916,Other
Application_1807951250,Accepted
Application_944177310,Other
Application_1277100580,Accepted
Application_1943199357,Accepted
Application_1462709587,Accepted
Application_1911804233,Other
Application_1195396325,Accepted
Application_1274070913,Other
Application_503966930,Accepted
Application_1362293013,Other
Application_866541745,Other
Application_200000547,Other
Application_948906324,Accepted
Application_1172125329,Other
Application_1931792282,Other
Application_275338795,Accepted
Application_243636886,Other
Application_1838732360,Other
Application_125495187,Other
Application_2006366791,Other
Application_1930449097,Other
Application_1640008006,Accepted
Application_1281827491,Accepted
Application_1854554571,Accepted
Application_13372270,Accepted
Application_1492351094,Other
Application_675506291,Accepted
Application_898874076,Other
Application_1251541081,Other
Application_1853222107,Other
Application_1629784556,Other
Application_190984886,Other
Application_911291915,Other
Application_1179942266,Accepted
Application_1807570830,Accepted
Application_88479581,Accepted
Application_804815556,Other
Application_1669670154,Accepted
Application_1231177181,Other
Application_989064530,Accepted
Application_2063036518,Accepted
Application_1174199914,Accepted
Application_1891076145,Accepted
Application_1226577675,Accepted
Application_987213908,Other
Application_373612346,Accepted
Application_678686961,Other
Application_1247929652,Accepted
Application_1880024094,Other
Application_829714042,Accepted
Application_111956933,Other
Application_1922956945,Other
Application_1562741414,Accepted
Application_983392205,Other
Application_929235447,Other
Application_2012524282,Accepted
Application_874857207,Other
Application_74089970,Other
Application_1291947335,Other
Application_1559270931,Accepted
Application_2003843374,Other
Application_493812399,Accepted
Application_144264435,Accepted
Application_2005183817,Other
Application_606090913,Other
Application_1377264777,Accepted
Application_1052983039,Accepted
Application_1363165385,Other
Application_1426271838,Accepted
Application_1537110918,Accepted
Application_1313879847,Other
Application_162342266,Accepted
Application_2039499576,Accepted
Application_1326688469,Other
Application_1549864001,Other
Application_466958327,Accepted
Application_232465255,Accepted
Application_664361440,Other
Application_1508103415,Accepted
Application_1747572025,Other
Application_1302654957,Other
Application_2120232738,Other
Application_1930715945,Other
Application_1439119047,Accepted
Application_807098596,Other
Application_1295329022,Other
Application_1699815319,Accepted
Application_1498056352,Other
Application_743887463,Other
Application_1173759169,Other
Application_2092350091,Other
Application_1979284304,Accepted
Application_297491355,Accepted
Application_1204730406,Accepted
Application_1634651522,Other
Application_1470184564,Other
Application_1944285638,Other
Application_836161395,Accepted
Application_1945220465,Other
Application_1764180224,Other
Application_1898813636,Other
Application_681276588,Other
Application_365416480,Other
Application_1312956122,Other
Application_1403474196,Accepted
Application_1195697898,Other
Application_1014301064,Other
Application_242156921,Accepted
Application_2034562541,Accepted
Application_1553446113,Other
Application_443070493,Other
Application_1417516413,Other
Application_1649139732,Other
Application_289811958,Accepted
Application_341998174,Other
Application_879749975,Other
Application_59959307,Accepted
Application_2103337476,Other
Application_1833362956,Other
Application_750571787,Accepted
Application_1513129576,Accepted
Application_1091101077,Other
Application_1899463053,Other
Application_1853330214,Accepted
Application_1271512732,Other
Application_1502516207,Other
Application_22095206,Other
Application_1631137033,Other
Application_1142700916,Other
Application_2078253178,Accepted
Application_1724196691,Other
Application_1139007530,Accepted
Application_784275418,Other
Application_1771304108,Other
Application_259183799,Other
Application_2081147987,Other
Application_1282765506,Other
Application_259143826,Other
Application_1462703151,Other
Application_1905015342,Other
Application_1841789315,Accepted
Application_2072694343,Other
Application_1316947913,Other
Application_1282768200,Other
Application_1848603655,Other
Application_2065677935,Accepted
Application_775833032,Other
Application_1719274647,Accepted
Application_1863611182,Other
Application_1600150028,Other
Application_1292397670,Accepted
Application_2081911804,Other
Application_335096189,Accepted
Application_111540759,Other
Application_524429786,Other
Application_1355798622,Other
Application_854402455,Other
Application_1077411737,Accepted
Application_1283783929,Other
Application_854178970,Other
Application_1507218840,Other
Application_543915014,Accepted
Application_1940130892,Other
Application_2139889803,Accepted
Application_918578724,Other
Application_843590096,Accepted
Application_220286199,Accepted
Application_5240566,Other
Application_919767326,Accepted
Application_123754331,Accepted
Application_1368129455,Accepted
Application_2063334713,Accepted
Application_402170266,Other
Application_339079436,Accepted
Application_1296151288,Accepted
Application_1476922534,Other
Application_2144860637,Accepted
Application_1089454,Other
Application_1938300690,Other
Application_2032309445,Other
Application_385432676,Other
Application_1926826475,Other
Application_1274270315,Accepted
Application_1692006952,Accepted
Application_769217696,Accepted
Application_994471234,Accepted
Application_1902262189,Accepted
Application_1562990453,Accepted
Application_1468021532,Other
Application_1152306667,Accepted
Application_584603030,Other
Application_1903580067,Other
Application_2033211562,Other
Application_838952120,Accepted
Application_243155734,Accepted
Application_63970219,Other
Application_346329864,Accepted
Application_1779355171,Accepted
Application_1436618564,Other
Application_1060570579,Other
Application_344339957,Accepted
Application_669100042,Accepted
Application_1832254057,Accepted
Application_1719978147,Accepted
Application_637491144,Other
Application_768179563,Other
Application_316292435,Other
Application_1833979489,Other
Application_1386615618,Other
Application_224343695,Accepted
Application_1072003198,Other
Application_368633868,Accepted
Application_1493542155,Other
Application_1708364219,Accepted
Application_1506426720,Accepted
Application_208148111,Other
Application_953392572,Other
Application_1616900126,Other
Application_7078377,Accepted
Application_1191743894,Accepted
Application_570561205,Accepted
Application_1221068482,Other
Application_1004293292,Accepted
Application_662386389,Other
Application_119348284,Accepted
Application_1238272674,Accepted
Application_888479862,Other
Application_1277569989,Other
Application_408645375,Accepted
Application_1955246402,Other
Application_1740302556,Other
Application_122336824,Other
Application_505823301,Other
Application_1688279534,Other
Application_1848036697,Accepted
Application_1786874274,Accepted
Application_1589119859,Other
Application_265587905,Other
Application_1624036826,Other
Application_1662197696,Accepted
Application_1548782450,Accepted
Application_660784718,Accepted
Application_234080274,Other
Application_124239405,Accepted
Application_1859043344,Other
Application_2040345264,Accepted
Application_1661120161,Accepted
Application_855486492,Accepted
Application_1235595897,Other
Application_244579239,Accepted
Application_1814433442,Other
Application_597160934,Other
Application_1976912656,Other
Application_296295477,Other
Application_28217916,Other
Application_275531167,Other
Application_1029986710,Other
Application_1617180019,Other
Application_1832081539,Other
Application_1250825577,Accepted
Application_1164977817,Accepted
Application_1962066192,Other
Application_1747078975,Other
Application_83337214,Accepted
Application_131619654,Accepted
Application_314744124,Accepted
Application_1434477082,Other
Application_899505410,Other
Application_718267424,Accepted
Application_1739261375,Accepted
Application_83876660,Accepted
Application_399746819,Other
Application_529938699,Other
Application_822422484,Accepted
Application_1185170675,Other
Application_1812038441,Accepted
Application_1283463965,Other
Application_891389450,Accepted
Application_1351256522,Other
Application_2071622465,Other
Application_128641394,Accepted
Application_1210637698,Other
Application_1973046230,Other
Application_629724157,Accepted
Application_1257233322,Accepted
Application_1246596843,Other
Application_1427678905,Accepted
Application_2143427516,Accepted
Application_633186442,Accepted
Application_1425009896,Accepted
Application_1930081074,Accepted
Application_426911073,Accepted
Application_1989400270,Other
Application_501818365,Accepted
Application_1963292434,Accepted
Application_1015357327,Accepted
Application_275430191,Accepted
Application_381680406,Accepted
Application_1697094390,Accepted
Application_1250493532,Other
Application_1299976284,Other
Application_1746503349,Accepted
Application_1121433929,Other
Application_559113386,Accepted
Application_1334307261,Other
Application_515209816,Other
Application_519973903,Other
Application_877723240,Accepted
Application_1251233599,Other
Application_61478633,Other
Application_1518753356,Accepted
Application_1966727878,Other
Application_1616410992,Other
Application_909739848,Accepted
Application_1830688036,Other
Application_189085643,Other
Application_389951798,Accepted
Application_684696906,Other
Application_714015178,Other
Application_1021758905,Accepted
Application_413286327,Other
Application_870009989,Other
Application_1955133403,Other
Application_238073987,Other
Application_1106513315,Accepted
Application_1596259876,Other
Application_92091920,Other
Application_587745142,Accepted
Application_801698526,Accepted
Application_1465521095,Other
Application_1038917262,Other
Application_237339437,Accepted
Application_1793939874,Other
Application_1162039868,Other
Application_1224943696,Other
Application_1612474218,Other
Application_1297886565,Other
Application_868416280,Other
Application_673709405,Other
Application_1260340497,Other
Application_524679066,Accepted
Application_1733714116,Accepted
Application_257274630,Other
Application_1885772834,Accepted
Application_1545993826,Accepted
Application_296383634,Other
Application_588083897,Other
Application_1134992016,Accepted
Application_1884385405,Accepted
Application_1959715736,Other
Application_1261348817,Other
Application_1602626150,Other
Application_526545505,Other
Application_1260145017,Other
Application_905902853,Accepted
Application_770159792,Other
Application_260580298,Accepted
Application_1378152317,Other
Application_947906225,Accepted
Application_425655583,Other
Application_262728725,Other
Application_47949347,Other
Application_1609703275,Accepted
Application_915426843,Other
Application_764468920,Other
Application_2142068408,Other
Application_1778663922,Other
Application_847920548,Other
Application_1305526250,Accepted
Application_1562279625,Accepted
Application_1549089757,Accepted
Application_1503421831,Other
Application_1684474347,Other
Application_1591415690,Accepted
Application_233600750,Other
Application_481210204,Other
Application_600841731,Other
Application_1231200933,Other
Application_2080474499,Other
Application_532859959,Other
Application_1137970429,Accepted
Application_913859491,Other
Application_758356402,Other
Application_189453653,Other
Application_265534781,Other
Application_343777769,Other
Application_693445967,Accepted
Application_2027498551,Accepted
Application_1837644768,Other
Application_828524494,Other
Application_1152947139,Other
Application_1563935994,Accepted
Application_818693455,Other
Application_636486028,Accepted
Application_117521403,Other
Application_1701710358,Accepted
Application_2146617069,Other
Application_1508092841,Accepted
Application_282373685,Other
Application_1061354216,Other
Application_800564582,Accepted
Application_1015478096,Other
Application_425002643,Other
Application_2143984717,Other
Application_1829687885,Accepted
Application_1058763045,Accepted
Application_882030529,Other
Application_1777551382,Other
Application_1279706099,Accepted
Application_1978903514,Other
Application_19385579,Other
Application_1436780800,Other
Application_680031808,Other
Application_322142576,Other
Application_646585496,Other
Application_1159615731,Accepted
Application_709001855,Other
Application_555366492,Other
Application_1555832622,Accepted
Application_608964116,Other
Application_832178933,Accepted
Application_1122832658,Accepted
Application_249658126,Other
Application_970143308,Accepted
Application_367497731,Other
Application_1016632627,Accepted
Application_1370564184,Accepted
Application_340692563,Other
Application_1760683579,Other
Application_909100209,Other
Application_679053666,Accepted
Application_1800788442,Other
Application_1560596102,Other
Application_1974173610,Other
Application_1220146067,Other
Application_327983119,Other
Application_1453762207,Accepted
Application_1158729550,Other
Application_1373752989,Accepted
Application_10693354,Other
Application_335022722,Other
Application_1409487195,Other
Application_1096968149,Other
Application_2125825569,Accepted
Application_371444171,Other
Application_2081746160,Accepted
Application_1408374544,Other
Application_158313942,Other
Application_789808316,Accepted
Application_329002079,Accepted
Application_14270635,Accepted
Application_645282036,Other
Application_1231383244,Other
Application_1058390155,Other
Application_1942048129,Other
Application_1086190151,Other
Application_565814930,Accepted
Application_1421205189,Accepted
Application_1041929908,Other
Application_1405057301,Accepted
Application_1090055049,Accepted
Application_2125025540,Other
Application_904085822,Accepted
Application_474390990,Accepted
Application_111351134,Other
Application_326095881,Other
Application_1910304791,Accepted
Application_1042310075,Accepted
Application_827969862,Other
Application_1207038345,Other
Application_868071697,Accepted
Application_448701611,Other
Application_1301488246,Accepted
Application_395272936,Accepted
Application_99637081,Other
Application_1478226284,Accepted
Application_1111090727,Other
Application_1112798958,Other
Application_34891841,Accepted
Application_1766102598,Accepted
Application_1984100244,Other
Application_687077392,Other
Application_1279993072,Other
Application_903849587,Other
Application_1084718608,Other
Application_105711594,Other
Application_2013806316,Accepted
Application_1593275377,Other
Application_1369910658,Accepted
Application_295481661,Other
Application_1082798467,Other
Application_384006007,Other
Application_1351535871,Other
Application_1482153042,Other
Application_1744454993,Other
Application_1484759598,Accepted
Application_46744147,Other
Application_855041381,Other
Application_224001459,Other
Application_945420689,Other
Application_582897201,Other
Application_1657807370,Accepted
Application_1807260077,Accepted
Application_236021168,Other
Application_417231992,Accepted
Application_1185248307,Other
Application_536057092,Accepted
Application_1982597468,Other
Application_1620409659,Accepted
Application_1978782813,Accepted
Application_744719104,Accepted
Application_454240699,Accepted
Application_1220810898,Accepted
Application_145047168,Other
Application_213029581,Other
Application_1280841912,Accepted
Application_485970534,Accepted
Application_877574126,Other
Application_1049151850,Other
Application_1331441624,Other
Application_953097922,Accepted
Application_127178924,Accepted
Application_96006350,Accepted
Application_1353914944,Accepted
Application_1601041346,Other
Application_217630695,Other
Application_1425008735,Accepted
Application_489624309,Other
Application_1456924666,Other
Application_1823621137,Accepted
Application_527253429,Other
Application_1332804972,Other
Application_672060895,Other
Application_123987545,Other
Application_1452087651,Other
Application_961505598,Other
Application_958076943,Other
Application_902019603,Other
Application_1327252496,Accepted
Application_1685403223,Accepted
Application_1134274536,Other
Application_1382673202,Accepted
Application_704665572,Other
Application_953335632,Other
Application_1158965741,Other
Application_173998060,Other
Application_329803525,Other
Application_2053020199,Other
Application_599331567,Accepted
Application_241160753,Other
Application_174120790,Other
Application_184080124,Other
Application_1104832087,Other
Application_182125093,Accepted
Application_820867760,Other
Application_1115559180,Other
Application_327901907,Other
Application_1588116542,Other
Application_2034439290,Other
Application_521278806,Other
Application_570018018,Accepted
Application_197857824,Accepted
Application_1644702343,Accepted
Application_1867921610,Other
Application_133175864,Other
Application_224758141,Other
Application_2086832446,Other
Application_1559203034,Other
Application_1132809491,Other
Application_909589414,Other
Application_483929208,Accepted
Application_226472859,Other
Application_985915578,Accepted
Application_592185579,Other
Application_65819479,Other
Application_967923535,Other
Application_1292292855,Other
Application_2064431358,Other
Application_1730592826,Accepted
Application_1946341989,Other
Application_1015245209,Accepted
Application_1186082182,Other
Application_299646442,Other
Application_201625919,Accepted
Application_1947598060,Other
Application_477598161,Accepted
Application_1231427778,Other
Application_1751378977,Accepted
Application_1738753926,Accepted
Application_1014824736,Accepted
Application_1467707739,Accepted
Application_288955533,Other
Application_1609863098,Accepted
Application_1787716134,Accepted
Application_974860050,Other
Application_655711151,Accepted
Application_2104180007,Accepted
Application_1257947863,Other
Application_1465506786,Accepted
Application_2097609434,Accepted
Application_107632320,Other
Application_819930551,Other
Application_638536744,Accepted
Application_433449483,Other
Application_117590654,Accepted
Application_393296211,Accepted
Application_35262179,Other
Application_1885478669,Other
Application_323048075,Other
Application_1610515534,Other
Application_597053023,Accepted
Application_382124711,Accepted
Application_1333957806,Accepted
Application_702401717,Other
Application_984488973,Other
Application_947660940,Other
Application_823693253,Other
Application_1952122293,Other
Application_1762711881,Other
Application_2088193617,Other
Application_842478362,Other
Application_46207219,Accepted
Application_1558527814,Other
Application_627487146,Accepted
Application_449790608,Other
Application_1736729099,Accepted
Application_37288045,Other
Application_723119311,Other
Application_1519229956,Accepted
Application_589207492,Other
Application_374263140,Other
Application_2056535850,Other
Application_1875938883,Accepted
Application_954522576,Accepted
Application_90442094,Accepted
Application_1762026731,Accepted
Application_312676830,Other
Application_93779745,Other
Application_895063581,Accepted
Application_1977901141,Accepted
Application_347955060,Accepted
Application_240079306,Other
Application_1542850991,Accepted
Application_32340702,Other
Application_1542922978,Other
Application_620755403,Other
Application_1321331571,Other
Application_1461377869,Accepted
Application_762367111,Accepted
Application_1321130007,Other
Application_239979140,Other
Application_1778791004,Other
Application_1441584020,Other
Application_1461629716,Other
Application_408574797,Other
Application_1400868306,Accepted
Application_2039099639,Other
Application_1116264042,Other
Application_1876770869,Other
Application_2014123088,Other
Application_644820841,Accepted
Application_1014760259,Other
Application_751814569,Other
Application_94412737,Other
Application_1059131551,Accepted
Application_268576214,Other
Application_1873297327,Accepted
Application_1705432175,Other
Application_112781124,Accepted
Application_1088837371,Accepted
Application_1879718776,Other
Application_65790749,Other
Application_634399947,Accepted
Application_1514861341,Other
Application_1714277479,Accepted
Application_621611593,Other
Application_1552817671,Other
Application_1944782361,Other
Application_862362303,Other
Application_978797398,Other
Application_1488592654,Other
Application_1522035466,Other
Application_1541161276,Other
Application_1764491475,Other
Application_1698374359,Other
Application_110813962,Accepted
Application_1086310567,Accepted
Application_2132446560,Other
Application_1732998095,Accepted
Application_107664347,Other
Application_874740404,Other
Application_1569845993,Other
Application_1950841165,Other
Application_2127502880,Other
Application_1811684691,Other
Application_37717349,Other
Application_353865638,Other
Application_1409353979,Accepted
Application_1550105314,Accepted
Application_1777521893,Accepted
Application_688388804,Other
Application_1575122096,Other
Application_1191639983,Other
Application_1691541069,Accepted
Application_71758051,Other
Application_875834446,Accepted
Application_627538343,Accepted
Application_378343059,Accepted
Application_1028275195,Other
Application_1444519141,Other
Application_1794275041,Other
Application_54116737,Accepted
Application_936809026,Other
Application_14401241,Other
Application_1421234379,Other
Application_710744547,Accepted
Application_1713826686,Accepted
Application_1498877057,Other
Application_1033672339,Accepted
Application_93924041,Other
Application_1020990376,Accepted
Application_877570141,Accepted
Application_1268984213,Other
Application_387517699,Other
Application_37157949,Other
Application_2001432089,Accepted
Application_1948430603,Other
Application_1786310164,Other
Application_1679363646,Other
Application_1148948732,Accepted
Application_1534280400,Accepted
Application_1251733219,Other
Application_1825891896,Accepted
Application_2040532180,Accepted
Application_89113407,Accepted
Application_754937126,Accepted
Application_1591209374,Accepted
Application_1233293090,Other
Application_350138725,Other
Application_1388535332,Other
Application_1755216521,Other
Application_374603853,Other
Application_820671844,Accepted
Application_1607028451,Accepted
Application_254692609,Accepted
Application_1750437642,Other
Application_1462160624,Accepted
Application_104463316,Other
Application_607556337,Other
Application_1648789246,Accepted
Application_541114701,Other
Application_1761650363,Other
Application_1980450039,Other
Application_1399527891,Other
Application_1115533383,Accepted
Application_765916186,Other
Application_1813174327,Accepted
Application_673424886,Accepted
Application_625208621,Accepted
Application_1486099425,Other
Application_1364058057,Accepted
Application_610614421,Other
Application_282633375,Other
Application_589333774,Other
Application_266262290,Other
Application_1195564156,Other
Application_1520375133,Other
Application_1826649266,Other
Application_1203647789,Accepted
Application_1122657249,Other
Application_1049543561,Other
Application_1881425780,Other
Application_32948449,Other
Application_248235615,Accepted
Application_952744464,Accepted
Application_603177521,Accepted
Application_479102695,Other
Application_1416762147,Other
Application_1732317464,Other
Application_1622901437,Other
Application_1909606806,Other
Application_1487601558,Accepted
Application_950298399,Accepted
Application_1012714056,Other
Application_1298220841,Accepted
Application_251196305,Accepted
Application_444139032,Accepted
Application_220799111,Other
Application_1565167497,Accepted
Application_1800077559,Other
Application_1639687553,Other
Application_140339738,Other
Application_623570806,Other
Application_1572207328,Accepted
Application_152741327,Other
Application_1154138569,Other
Application_1430471697,Other
Application_2016133951,Accepted
Application_798154047,Accepted
Application_1114296087,Accepted
Application_1598894275,Accepted
Application_789888813,Other
Application_1961881671,Accepted
Application_69300339,Other
Application_1004943461,Accepted
Application_1428995636,Accepted
Application_796925887,Accepted
Application_700146618,Other
Application_1428685815,Other
Application_1503474590,Other
Application_1709293384,Other
Application_1152136689,Other
Application_440220247,Other
Application_642567542,Accepted
Application_140895599,Other
Application_789526868,Other
Application_1867648545,Other
Application_279835618,Other
Application_1227771244,Other
Application_1670143620,Other
Application_112699480,Accepted
Application_1366775062,Other
Application_483996302,Other
Application_2026697951,Other
Application_1012727008,Accepted
Application_1152826096,Other
Application_701717242,Other
Application_372107793,Accepted
Application_56170283,Accepted
Application_727195809,Other
Application_300912987,Other
Application_1193728293,Accepted
Application_473491507,Other
Application_1793665913,Other
Application_711286002,Other
Application_1027094271,Accepted
Application_1687910953,Accepted
Application_1975387772,Accepted
Application_277736499,Other
Application_804771729,Accepted
Application_758316908,Accepted
Application_843851724,Other
Application_1090244272,Other
Application_2014483796,Other
Application_1925488368,Other
Application_1341760659,Accepted
Application_579706940,Other
Application_138867953,Other
Application_1689648120,Accepted
Application_1870852554,Accepted
Application_1352321084,Other
Application_537642240,Other
Application_1002485344,Other
Application_216184154,Other
Application_1844611671,Other
Application_802195798,Other
Application_717431849,Other
Application_150460419,Other
Application_1487522985,Other
Application_1148109575,Other
Application_1000691650,Other
Application_1735003572,Accepted
Application_570295074,Accepted
Application_216310730,Accepted
Application_142048246,Accepted
Application_1206916210,Other
Application_248714087,Other
Application_1932260488,Other
Application_1520553542,Other
Application_283388706,Accepted
Application_1701145006,Other
Application_1150278126,Accepted
Application_357999520,Accepted
Application_1870524050,Other
Application_706900638,Other
Application_872830008,Other
Application_1620828737,Accepted
Application_1296362396,Accepted
Application_1397601234,Other
Application_1485695068,Other
Application_1861587055,Other
Application_1814221815,Accepted
Application_351232265,Other
Application_861489057,Other
Application_161868482,Other
Application_863534385,Other
Application_163280222,Accepted
Application_110013435,Accepted
Application_535660456,Accepted
Application_76329309,Accepted
Application_433146125,Other
Application_1340833880,Other
Application_748843249,Accepted
Application_2131538680,Accepted
Application_1048791267,Other
Application_503552590,Accepted
Application_62717154,Other
Application_922548545,Other
Application_1554288279,Accepted
Application_570833369,Other
Application_141242052,Other
Application_1835401493,Accepted
Application_1645963200,Accepted
Application_1069329258,Accepted
Application_1703059556,Other
Application_746805274,Other
Application_680429795,Accepted
Application_318047263,Accepted
Application_1720509792,Accepted
Application_1812218858,Other
Application_1077268062,Accepted
Application_1569654923,Accepted
Application_75004231,Other
Application_1123503301,Other
Application_638926349,Other
Application_1507561607,Accepted
Application_424540764,Accepted
Application_579410104,Other
Application_785425443,Other
Application_996408810,Other
Application_1626640901,Accepted
Application_1588453219,Other
Application_680267904,Other
Application_1404826562,Other
Application_1779939197,Accepted
Application_608649898,Accepted
Application_1565253423,Other
Application_95863982,Other
Application_978461598,Other
Application_805634000,Other
Application_831186652,Other
Application_1340887420,Accepted
Application_420100939,Other
Application_1597473147,Other
Application_1905063150,Other
Application_1784350386,Accepted
Application_2134473273,Other
Application_1203113229,Other
Application_701872976,Other
Application_1367358151,Other
Application_285199122,Other
Application_761959932,Accepted
Application_690361864,Accepted
Application_864359285,Other
Application_1164128745,Accepted
Application_1054650915,Accepted
Application_477108792,Other
Application_208670900,Other
Application_901692229,Other
Application_712156236,Other
Application_1440936696,Accepted
Application_1979616665,Other
Application_581353147,Accepted
Application_1011124726,Accepted
Application_1799006807,Other
Application_1103656222,Accepted
Application_2116808282,Other
Application_1044260282,Other
Application_362508224,Other
Application_724616987,Accepted
Application_872571847,Accepted
Application_327715289,Accepted
Application_283238836,Accepted
Application_102284220,Accepted
Application_1729322307,Other
Application_792000013,Accepted
Application_971306755,Other
Application_1354753416,Other
Application_1865699548,Other
Application_1409118214,Other
Application_2104262208,Other
Application_1029819018,Other
Application_893519087,Other
Application_16918887,Other
Application_400367935,Other
Application_60214514,Accepted
Application_323151268,Other
Application_1233495129,Other
Application_1763558826,Accepted
Application_1068664646,Other
Application_33026817,Accepted
Application_76792437,Other
Application_805084701,Accepted
Application_421766070,Accepted
Application_88195601,Accepted
Application_517892162,Accepted
Application_1666984263,Other
Application_1035080902,Other
Application_1380878419,Accepted
Application_479369766,Other
Application_1443667725,Accepted
Application_1777080449,Accepted
Application_1447778468,Other
Application_1393839820,Other
Application_1582681407,Other
Application_1203742645,Other
Application_1772525219,Accepted
Application_1254852969,Other
Application_2121564307,Other
Application_22627898,Other
Application_882516770,Accepted
Application_625766442,Accepted
Application_1389297015,Accepted
Application_599521614,Accepted
Application_2146802304,Other
Application_1447691962,Accepted
Application_1824540654,Other
Application_741259943,Other
Application_1242409900,Other
Application_1210911072,Accepted
Application_628530830,Other
Application_1270994656,Other
Application_96806282,Other
Application_675223420,Other
Application_316271248,Other
Application_1831236396,Other
Application_1232820241,Accepted
Application_2107433255,Other
Application_1043541344,Other
Application_1106209536,Other
Application_1419186456,Other
Application_1864457357,Accepted
Application_787459470,Other
Application_1391786666,Other
Application_1798282252,Accepted
Application_2098536936,Accepted
Application_2132598561,Accepted
Application_932219940,Accepted
Application_669939238,Other
Application_404169611,Accepted
Application_1522967492,Other
Application_891109889,Other
Application_642092490,Other
Application_1111113289,Other
Application_275369916,Other
Application_1662717048,Other
Application_1869345024,Accepted
Application_1473369507,Other
Application_47573314,Other
Application_1709057207,Other
Application_497612234,Other
Application_1884913104,Other
Application_1122311675,Other
Application_2142123728,Other
Application_425716591,Other
Application_469179428,Other
Application_1981395789,Accepted
Application_1660587788,Accepted
Application_72770251,Other
Application_767700255,Accepted
Application_663998650,Other
Application_1391762873,Accepted
Application_1661283911,Accepted
Application_768067213,Other
Application_449283910,Other
Application_1882710825,Accepted
Application_2098028289,Other
Application_245497030,Other
Application_763308360,Accepted
Application_453923646,Accepted
Application_30479942,Other
Application_1478101745,Other
Application_477271334,Accepted
Application_685579923,Accepted
Application_387378692,Accepted
Application_1386033537,Other
Application_1768657632,Other
Application_1879432062,Other
Application_626440594,Accepted
Application_1197799715,Accepted
Application_257935383,Accepted
Application_1384829335,Accepted
Application_1765498554,Other
Application_1550524830,Accepted
Application_1195225686,Other
Application_1567315390,Accepted
Application_484468921,Other
Application_398524446,Other
Application_624108697,Other
Application_831831620,Other
Application_1555969086,Other
Application_1540334142,Other
Application_395422459,Accepted
Application_1477407703,Other
Application_2091326544,Accepted
Application_1003575962,Other
Application_1703039750,Accepted
Application_687807836,Accepted
Application_1611324991,Other
Application_975277732,Other
Application_2121014576,Other
Application_293542118,Other
Application_1174109909,Other
Application_1978945935,Other
Application_1395319206,Other
Application_523273413,Other
Application_471764571,Other
Application_683212067,Accepted
Application_1183938040,Accepted
Application_2036015470,Other
Application_1542239327,Other
Application_1908330917,Other
Application_713863600,Other
Application_1759188614,Other
Application_2129390146,Accepted
Application_2083125755,Other
Application_290531407,Other
Application_1191408306,Accepted
Application_313994677,Accepted
Application_1704107081,Accepted
Application_1607496739,Other
Application_1026359360,Other
Application_259543267,Other
Application_330481586,Other
Application_1184633896,Other
Application_1475013193,Other
Application_1790887026,Other
Application_79612630,Other
Application_2085485752,Accepted
Application_1028636694,Other
Application_1370354556,Other
Application_1475582405,Accepted
Application_1251867792,Accepted
Application_169347982,Other
Application_1577840586,Accepted
Application_1670011597,Other
Application_1893449548,Other
Application_858669578,Other
Application_1174593044,Other
Application_721068860,Other
Application_1610536940,Other
Application_1632603053,Accepted
Application_1985161782,Other
Application_259313307,Other
Application_1791016953,Other
Application_215620397,Accepted
Application_931374942,Other
Application_708182203,Accepted
Application_644511070,Accepted
Application_1950286321,Other
Application_16686366,Other
Application_1504235513,Accepted
Application_1727459744,Other
Application_167513808,Accepted
Application_645400256,Other
Application_1281121201,Other
Application_857488446,Other
Application_495055221,Other
Application_272003201,Other
Application_950858559,Other
Application_192004010,Other
Application_791250493,Other
Application_1722650965,Other
Application_1655935522,Other
Application_60321550,Other
Application_242384872,Other
Application_2068499313,Other
Application_254293856,Other
Application_986145091,Accepted
Application_1887496153,Accepted
Application_1578519766,Other
Application_2000400044,Other
Application_1303088153,Accepted
Application_496615464,Accepted
Application_127976473,Other
Application_1213442381,Other
Application_323872264,Other
Application_1426045114,Other
Application_85990857,Accepted
Application_927318943,Other
Application_2002661262,Other
Application_1426517064,Other
Application_1674929512,Accepted
Application_460586697,Other
Application_594429699,Other
Application_1879621755,Other
Application_1056392515,Other
Application_1785280378,Other
Application_195410943,Other
Application_1369360241,Accepted
Application_491256589,Other
Application_415292216,Other
Application_1069059697,Accepted
Application_1365943918,Other
Application_851793685,Accepted
Application_237090301,Other
Application_1083971641,Other
Application_384575262,Accepted
Application_742871702,Accepted
Application_419022994,Accepted
Application_1010573951,Accepted
Application_661358752,Accepted
Application_1065261182,Other
Application_606242862,Accepted
Application_1540868153,Other
Application_1648118746,Other
Application_1985375927,Other
Application_1288525689,Accepted
Application_921806554,Accepted
Application_1362518827,Other
Application_2043474287,Accepted
Application_1552064510,Other
Application_1858588614,Other
Application_1322519399,Accepted
Application_1672329173,Accepted
Application_1701943074,Other
Application_2051660661,Accepted
Application_1033307487,Accepted
Application_553178685,Accepted
Application_1548427030,Other
Application_1158157360,Other
Application_836713736,Other
Application_141798078,Accepted
Application_552484031,Accepted
Application_773469136,Other
Application_245612900,Accepted
Application_1703977531,Other
Application_142824357,Accepted
Application_998130267,Other
Application_776125012,Accepted
Application_425213594,Other
Application_716813627,Other
Application_2034039470,Other
Application_1668055532,Other
Application_92373426,Accepted
Application_158442522,Accepted
Application_354089896,Other
Application_1300565714,Accepted
Application_1294812721,Other
Application_1796224575,Other
Application_781837969,Other
Application_366725999,Accepted
Application_151699612,Other
Application_54468310,Other
Application_294789523,Other
Application_1695855849,Other
Application_2020254211,Other
Application_754442079,Other
Application_75345119,Accepted
Application_1358647326,Accepted
Application_1035248618,Other
Application_771712321,Other
Application_146041854,Accepted
Application_77126964,Other
Application_302165417,Other
Application_1358464831,Other
Application_1851326830,Other
Application_1504566293,Other
Application_1862585299,Other
Application_855823740,Accepted
Application_1213984554,Other
Application_218621102,Other
Application_246715140,Accepted
Application_1380269741,Other
Application_80740465,Other
Application_1289903575,Other
Application_1976397876,Other
Application_1539926534,Other
Application_717059171,Accepted
Application_778384326,Accepted
Application_1073120423,Accepted
Application_1288073304,Other
Application_2145048800,Accepted
Application_1184169516,Other
Application_597031362,Other
Application_1535542253,Other
Application_2110565193,Other
Application_1879234051,Accepted
Application_1365383501,Other
Application_2108119743,Other
Application_797483629,Accepted
Application_472631767,Other
Application_148281004,Other
Application_782694048,Accepted
Application_609259486,Other
Application_1690291723,Accepted
Application_2002434573,Other
Application_1305062269,Other
Application_926295021,Other
Application_75438737,Accepted
Application_923895936,Other
Application_482211839,Other
Application_873908407,Other
Application_907055851,Other
Application_659438407,Other
Application_533609691,Other
Application_149418612,Other
Application_2057487388,Other
Application_680456830,Accepted
Application_1312247440,Other
Application_268737670,Other
Application_452736501,Other
Application_844115755,Other
Application_453943862,Other
Application_996369948,Accepted
Application_941373642,Accepted
Application_617110337,Other
Application_1615512391,Accepted
Application_1309696496,Accepted
Application_98204416,Other
Application_880260699,Other
Application_1835125945,Other
Application_1983516789,Other
Application_912018460,Other
Application_528715174,Other
Application_1241872851,Other
Application_1978688435,Other
Application_1896874442,Other
Application_259927004,Other
Application_449945337,Other
Application_772597896,Other
Application_1882929618,Accepted
Application_945315562,Other
Application_2029448969,Accepted
Application_1617174767,Accepted
Application_136745525,Other
Application_7934432,Accepted
Application_1604024201,Other
Application_647959281,Other
Application_457372717,Other
Application_1954238527,Accepted
Application_81204346,Other
Application_1258267186,Other
Application_993168875,Other
Application_1985519013,Other
Application_1324906690,Other
Application_941143913,Other
Application_1825002825,Accepted
Application_1012709826,Accepted
Application_1746803314,Accepted
Application_1549129653,Other
Application_575749274,Other
Application_495851449,Other
Application_1949380764,Other
Application_1190248480,Accepted
Application_1649230612,Other
Application_541009281,Other
Application_1404994331,Accepted
Application_465243941,Other
Application_115289906,Accepted
Application_533036254,Other
Application_1425945463,Other
Application_994422071,Other
Application_2145965847,Accepted
Application_755863053,Other
Application_454568372,Other
Application_881056301,Accepted
Application_177461216,Other
Application_509062695,Other
Application_1583309310,Other
Application_1393640447,Accepted
Application_1221068437,Accepted
Application_1031669296,Accepted
Application_1101795254,Other
Application_637980904,Other
Application_18753177,Other
Application_1064257044,Other
Application_1763392847,Other
Application_1009442649,Accepted
Application_1938510031,Other
Application_2141502911,Other
Application_1640424572,Accepted
Application_1425477698,Accepted
Application_15283814,Other
Application_1220698388,Other
Application_1713473401,Other
Application_23872008,Other
Application_660080351,Other
Application_2123566051,Other
Application_424654052,Other
Application_1041235702,Accepted
Application_792214089,Other
Application_414981334,Other
Application_2082160,Other
Application_621477569,Accepted
Application_844596014,Other
Application_94526407,Other
Application_128519535,Other
Application_314632032,Accepted
Application_1224632,Other
Application_765615310,Other
Application_1829498694,Accepted
Application_1200112574,Other
Application_317628520,Other
Application_224544240,Other
Application_1229382,Accepted
Application_407168399,Other
Application_1335269673,Other
Application_1741752833,Other
Application_1383652695,Other
Application_1379369585,Other
Application_1946407808,Other
Application_1771649664,Other
Application_2130181334,Other
Application_265850728,Other
Application_489032208,Accepted
Application_451341004,Accepted
Application_850467381,Other
Application_1092887991,Other
Application_1231253515,Other
Application_2120574685,Other
Application_89713165,Accepted
Application_455409253,Other
Application_1539830369,Accepted
Application_1325448893,Other
Application_2118231444,Other
Application_778872859,Other
Application_295621625,Other
Application_1681082552,Other
Application_1331684871,Other
Application_1717778705,Other
Application_2127568235,Other
Application_810206646,Other
Application_485890621,Accepted
Application_634004489,Other
Application_271970168,Accepted
Application_1804119617,Other
Application_1479890882,Accepted
Application_1858996937,Accepted
Application_2111584636,Accepted
Application_1416905673,Accepted
Application_594434634,Other
Application_910353536,Other
Application_290376432,Accepted
Application_25548149,Accepted
Application_669688203,Other
Application_488589945,Accepted
Application_1249541093,Accepted
Application_1473420206,Accepted
Application_2122367472,Accepted
Application_1242051884,Accepted
Application_1962237641,Other
Application_593154546,Accepted
Application_248922690,Accepted
Application_488224440,Accepted
Application_1786368292,Other
Application_833464752,Other
Application_1356785124,Accepted
Application_1426077033,Other
Application_1855877177,Other
Application_1539905348,Other
Application_1901696338,Other
Application_912474149,Other
Application_554573834,Other
Application_465385333,Other
Application_170859515,Other
Application_1540139721,Accepted
Application_2041126083,Accepted
Application_1896635826,Other
Application_1673257341,Accepted
Application_469147996,Other
Application_717736331,Other
Application_483605120,Other
Application_933032251,Accepted
Application_1425749164,Accepted
Application_1896170333,Other
Application_366844104,Other
Application_322174930,Accepted
Application_714305626,Accepted
Application_1778036754,Accepted
Application_1252666486,Other
Application_1433194798,Other
Application_2144399616,Other
Application_1902119268,Other
Application_1540200773,Other
Application_1822184158,Other
Application_1533067965,Other
Application_1683645299,Other
Application_914499148,Other
Application_159971235,Other
Application_1650330561,Other
Application_1016541821,Other
Application_808098490,Other
Application_365005469,Other
Application_85908702,Other
Application_717836535,Accepted
Application_1781472642,Other
Application_191880695,Other
Application_127979299,Accepted
Application_1237987137,Other
Application_1848065357,Accepted
Application_2037628374,Other
Application_1276655609,Accepted
Application_1476535821,Other
Application_2064294962,Other
Application_1046431914,Other
Application_546890434,Accepted
Application_152243611,Other
Application_1098278191,Other
Application_209381780,Other
Application_1242034192,Other
Application_1622787637,Accepted
Application_1972581511,Other
Application_970060650,Other
Application_525204220,Other
Application_173674899,Other
Application_514953619,Other
Application_839061698,Other
Application_190380041,Accepted
Application_559666212,Other
Application_640428791,Other
Application_434032773,Accepted
Application_1902291900,Other
Application_2034443967,Other
Application_884156117,Accepted
Application_1107406431,Other
Application_1901466720,Other
Application_188816688,Accepted
Application_1253132147,Other
Application_1959987660,Other
Application_445317204,Other
Application_1125252924,Accepted
Application_1314936947,Other
Application_2048784582,Other
Application_1424793760,Other
Application_1400148989,Other
Application_641373824,Other
Application_811728365,Accepted
Application_1626131140,Other
Application_551821656,Accepted
Application_463555963,Other
Application_45386541,Other
Application_1166361203,Other
Application_1414579741,Other
Application_985568475,Other
Application_2003922422,Other
Application_1359909977,Accepted
Application_1574427605,Other
Application_1764014060,Other
Application_1333085731,Other
Application_69382068,Other
Application_831338763,Other
Application_944467305,Other
Application_2030631255,Other
Application_1401164583,Other
Application_1616135935,Other
Application_831730984,Accepted
Application_1427290987,Other
Application_131484513,Other
Application_1647772582,Accepted
Application_1395988794,Other
Application_1501922618,Other
Application_1691560307,Other
Application_6328980,Other
Application_773107692,Other
Application_428362155,Accepted
Application_1214558658,Other
Application_1003639640,Accepted
Application_1454535649,Accepted
Application_1008205514,Accepted
Application_561130345,Other
Application_1323708325,Other
Application_30719814,Other
Application_1105059330,Other
Application_2134379778,Other
Application_2033457619,Accepted
Application_615376232,Other
Application_1689244854,Other
Application_833171339,Other
Application_2047144310,Other
Application_525880617,Other
Application_228788134,Other
Application_402680717,Other
Application_1350747714,Accepted
Application_1708781666,Accepted
Application_1809939891,Other
Application_736442506,Other
Application_2129672828,Other
Application_374502556,Other
Application_1805495181,Other
Application_1331645730,Other
Application_1908199131,Accepted
Application_1465503170,Other
Application_1776728393,Accepted
Application_1453565909,Other
Application_1093376887,Other
Application_507916546,Other
Application_431447847,Other
Application_1409035639,Other
Application_200111985,Other
Application_1640786645,Accepted
Application_690621848,Other
Application_340339688,Other
Application_1415268279,Other
Application_1916112762,Other
Application_874825103,Accepted
Application_1384403042,Other
Application_1870612341,Other
Application_914362775,Accepted
Application_294742387,Other
Application_1894427294,Accepted
Application_464595838,Other
Application_253215176,Accepted
Application_160048129,Other
Application_488535591,Other
Application_1100528846,Accepted
Application_1678522753,Accepted
Application_1895964056,Accepted
Application_2017867262,Other
Application_525355352,Other
Application_1822774560,Other
Application_1213605579,Other
Application_2100396348,Other
Application_882660109,Other
Application_92231513,Other
Application_855552533,Accepted
Application_2053775548,Other
Application_1022701559,Accepted
Application_665113574,Other
Application_1381149703,Accepted
Application_1022619955,Accepted
Application_367966753,Other
Application_445923303,Other
Application_809919962,Accepted
Application_771847778,Other
Application_1702727183,Other
Application_1892297383,Accepted
Application_391541185,Accepted
Application_240423316,Accepted
Application_1755447171,Other
Application_1852652595,Other
Application_28092819,Accepted
Application_766272624,Other
Application_48645513,Other
Application_271836707,Other
Application_2102088707,Other
Application_1452159527,Other
Application_740139616,Other
Application_824049818,Other
Application_1444904700,Other
Application_265405756,Other
Application_1429961433,Other
Application_1960683241,Other
Application_1972021216,Other
Application_53882128,Accepted
Application_713264253,Other
Application_1631035581,Other
Application_927559845,Accepted
Application_1913241698,Accepted
Application_1236936781,Accepted
Application_127507880,Other
Application_1072131214,Other
Application_132859811,Accepted
Application_277098104,Other
Application_1096343994,Other
Application_2141543573,Other
Application_1643015710,Other
Application_313803657,Accepted
Application_55766939,Accepted
Application_1582198848,Accepted
Application_930403049,Other
Application_1916570871,Other
Application_324324662,Other
Application_634229442,Other
Application_1430907125,Accepted
Application_1780804420,Accepted
Application_359514195,Other
Application_769220883,Other
Application_579574094,Other
Application_428762027,Other
Application_1637539366,Other
Application_1700699492,Other
Application_1519896529,Accepted
Application_889482237,Other
Application_226134221,Other
Application_1006214165,Accepted
Application_428895204,Other
Application_1465152142,Other
Application_1216605788,Other
Application_1692456489,Accepted
Application_163121479,Other
Application_1634125268,Other
Application_796566212,Other
Application_1137139708,Accepted
Application_2020359539,Other
Application_1590764969,Accepted
Application_1008776960,Other
Application_1782267908,Accepted
Application_1438853077,Accepted
Application_1763154398,Accepted
Application_426874044,Other
Application_289167943,Other
Application_641879278,Other
Application_861766653,Other
Application_1346234491,Accepted
Application_1875406802,Other
Application_496584186,Accepted
Application_1779249573,Accepted
Application_858529071,Other
Application_107852661,Accepted
Application_477844147,Other
Application_1722983560,Other
Application_1948365328,Accepted
Application_878691785,Other
Application_393398596,Accepted
Application_621823153,Accepted
Application_696136281,Accepted
Application_1815557569,Accepted
Application_1459749066,Accepted
Application_734415924,Accepted
Application_774653180,Accepted
Application_177676163,Accepted
Application_97529474,Other
Application_43100247,Other
Application_1758039972,Other
Application_1399808918,Accepted
Application_1812699529,Other
Application_957513157,Accepted
Application_321255448,Other
Application_714771041,Other
Application_3338385,Other
Application_1186519754,Other
Application_146842933,Other
Application_943280483,Other
Application_1948115827,Accepted
Application_1756867467,Other
Application_1400879972,Accepted
Application_711276621,Accepted
Application_1087598996,Accepted
Application_4781414,Accepted
Application_278830843,Other
Application_1049627339,Other
Application_32258287,Other
Application_1565877069,Other
Application_1573659532,Other
Application_2022702127,Accepted
Application_1356906263,Other
Application_357336097,Other
Application_1952683165,Other
Application_1394311616,Other
Application_1094028679,Other
Application_2117623607,Accepted
Application_27885210,Other
Application_1561308434,Other
Application_688635345,Accepted
Application_1800687257,Accepted
Application_1047219107,Other
Application_36231999,Other
Application_958010441,Other
Application_237375849,Other
Application_1192470411,Accepted
Application_1807274524,Other
Application_1061014425,Accepted
Application_513308790,Other
Application_203309822,Other
Application_230697386,Accepted
Application_417325171,Other
Application_1899046579,Accepted
Application_1319673694,Accepted
Application_1100043024,Other
Application_698506934,Other
Application_375995874,Other
Application_1617629956,Accepted
Application_1996896814,Accepted
Application_1097987336,Accepted
Application_1871993933,Accepted
Application_1446138707,Other
Application_383365555,Other
Application_1078513548,Other
Application_699087761,Accepted
Application_1165099041,Accepted
Application_1594673087,Other
Application_1915645782,Accepted
Application_716921175,Other
Application_1486012301,Other
Application_234650009,Other
Application_1870832132,Accepted
Application_1770932507,Accepted
Application_1441038012,Other
Application_858453787,Other
Application_1082106712,Other
Application_2021476847,Other
Application_2092402063,Other
Application_1402189400,Other
Application_1380984136,Other
Application_812426601,Other
Application_763648038,Other
Application_1129494804,Accepted
Application_1707690902,Accepted
Application_1956890072,Other
Application_1082791049,Other
Application_8606801,Other
Application_1910509289,Other
Application_2028935007,Other
Application_954463239,Other
Application_1464259642,Other
Application_700302428,Other
Application_1130348546,Other
Application_1062630788,Other
Application_1442140625,Accepted
Application_1884073003,Other
Application_700898434,Other
Application_798560603,Accepted
Application_1857968763,Other
Application_1657554694,Other
Application_1134241893,Accepted
Application_902693704,Accepted
Application_202955537,Accepted
Application_1696111535,Other
Application_1659153236,Other
Application_979127095,Other
Application_102625262,Other
Application_1409740498,Other
Application_977257239,Other
Application_278804236,Other
Application_721267553,Other
Application_1478160778,Accepted
Application_1459536558,Other
Application_1936510972,Other
Application_1410679121,Accepted
Application_1768888685,Other
Application_2131314372,Other
Application_1060528695,Other
Application_828905217,Other
Application_1369214764,Accepted
Application_1775408381,Other
Application_2140560070,Accepted
Application_1035547655,Other
Application_1407752194,Other
Application_1736511903,Other
Application_780344640,Other
Application_1873736719,Other
Application_2071646053,Other
Application_997212735,Other
Application_1624967843,Other
Application_551059309,Accepted
Application_766151088,Other
Application_424038944,Other
Application_504209349,Other
Application_1584263540,Accepted
Application_1908395112,Other
Application_1434353417,Accepted
Application_2098242568,Other
Application_1179291038,Other
Application_250211561,Accepted
Application_69518826,Other
Application_1007423229,Other
Application_646782980,Accepted
Application_1723931572,Accepted
Application_1399193504,Other
Application_1354811170,Other
Application_588423912,Other
Application_77630972,Other
Application_1400938454,Other
Application_73210566,Other
Application_1716758093,Accepted
Application_930773501,Other
Application_368899502,Other
Application_1441444044,Accepted
Application_1294212373,Accepted
Application_416465801,Accepted
Application_2122840308,Other
Application_1102547176,Accepted
Application_1081666766,Accepted
Application_1662697397,Accepted
Application_1692777157,Accepted
Application_669230329,Accepted
Application_405323885,Other
Application_482734996,Accepted
Application_688896697,Accepted
Application_1476622990,Accepted
Application_1743880423,Other
Application_1274116272,Accepted
Application_1848449060,Accepted
Application_1641940616,Other
Application_1713672177,Other
Application_1142368645,Accepted
Application_1490547557,Other
Application_1079421280,Other
Application_553480929,Accepted
Application_172007673,Accepted
Application_504856464,Other
Application_929962035,Accepted
Application_1958658032,Accepted
Application_1383319711,Other
Application_356554912,Accepted
Application_1918971781,Other
Application_699005200,Accepted
Application_561923508,Other
Application_246227284,Other
Application_1748485740,Other
Application_1752075629,Accepted
Application_2096202597,Other
Application_389567271,Accepted
Application_1116176146,Other
Application_200538025,Other
Application_1776683336,Other
Application_1974607780,Accepted
Application_1103246808,Accepted
Application_241017706,Accepted
Application_1029307193,Other
Application_1471582833,Accepted
Application_2099188574,Accepted
Application_1888609428,Other
Application_1673691129,Other
Application_373453984,Accepted
Application_655765028,Other
Application_782228788,Accepted
Application_66593560,Other
Application_2065471697,Other
Application_962004890,Other
Application_200823591,Accepted
Application_238652668,Accepted
Application_190864626,Other
Application_1132617949,Accepted
Application_1540122719,Accepted
Application_151321797,Other
Application_261385641,Other
Application_374744888,Other
Application_668004669,Accepted
Application_1889734765,Other
Application_2081750451,Accepted
Application_240029818,Other
Application_997821859,Accepted
Application_1660172325,Accepted
Application_1884761256,Other
Application_965269408,Other
Application_2045105280,Accepted
Application_488809742,Accepted
Application_1183967721,Accepted
Application_205598623,Accepted
Application_1694891010,Other
Application_677304352,Other
Application_1309054175,Other
Application_115728304,Accepted
Application_1893724558,Other
Application_1715905831,Accepted
Application_948974622,Other
Application_1647681717,Accepted
Application_1880399299,Other
Application_1134823558,Accepted
Application_193740269,Other
Application_348076099,Accepted
Application_1430641340,Accepted
Application_1793705869,Other
Application_68456270,Other
Application_741749509,Other
Application_366077993,Accepted
Application_1941145131,Other
Application_1730282408,Other
Application_646743033,Accepted
Application_1080844329,Accepted
Application_919303,Accepted
Application_1121166421,Other
Application_417974324,Accepted
Application_1500367883,Other
Application_1876375663,Accepted
Application_1850018358,Other
Application_330129376,Accepted
Application_1404063073,Accepted
Application_368988852,Other
Application_1627988814,Accepted
Application_2016013019,Other
Application_2029322130,Accepted
Application_538364334,Accepted
Application_317130050,Accepted
Application_201324137,Other
Application_1362954287,Accepted
Application_714632062,Accepted
Application_2087805134,Other
Application_1435179832,Other
Application_1928319348,Other
Application_1415098372,Accepted
Application_854720537,Accepted
Application_224264081,Other
Application_1368073644,Accepted
Application_1793718377,Other
Application_719477615,Accepted
Application_496542202,Accepted
Application_423971419,Other
Application_714461843,Accepted
Application_2143933622,Other
Application_1285137885,Accepted
Application_1196479244,Accepted
Application_217222116,Accepted
Application_212386089,Other
Application_1772661618,Other
Application_744561939,Other
Application_2088366704,Accepted
Application_1918100094,Other
Application_557159147,Other
Application_1470991878,Accepted
Application_2027657064,Accepted
Application_1373223153,Other
Application_168715617,Accepted
Application_290274663,Other
Application_1097531553,Accepted
Application_1537069379,Accepted
Application_1726694925,Other
Application_1521252224,Other
Application_653284827,Accepted
Application_59619530,Other
Application_773914416,Other
Application_626264035,Other
Application_2090354534,Accepted
Application_1854866046,Other
Application_655789917,Other
Application_1592601982,Other
Application_1512250378,Other
Application_1493375085,Accepted
Application_2121942214,Other
Application_1803060707,Accepted
Application_1487177568,Other
Application_226434703,Other
Application_45942157,Other
Application_1026420873,Other
Application_580032762,Other
Application_1471996317,Accepted
Application_224635565,Other
Application_1593417508,Other
Application_2046173209,Accepted
Application_1899152263,Other
Application_1177970255,Other
Application_746829180,Other
Application_511563649,Other
Application_895202299,Other
Application_2081270236,Other
Application_1320709426,Other
Application_996504543,Accepted
Application_317857560,Accepted
Application_120431532,Other
Application_2026515638,Other
Application_1377862822,Other
Application_1028272738,Accepted
Application_90606097,Accepted
Application_1025581046,Other
Application_810709994,Other
Application_1193793043,Other
Application_2026979697,Other
Application_18877429,Accepted
Application_459517208,Accepted
Application_68310370,Accepted
Application_384439088,Other
Application_1841570712,Other
Application_1109401309,Other
Application_1142352404,Accepted
Application_2077892179,Accepted
Application_2137021339,Other
Application_1464061852,Other
Application_1109656219,Accepted
Application_257596602,Other
Application_1618264715,Accepted
Application_686900647,Other
Application_1660734224,Accepted
Application_173446847,Other
Application_531311601,Other
Application_754663727,Other
Application_1972226928,Accepted
Application_1544450093,Accepted
Application_649068245,Accepted
Application_1866324888,Accepted
Application_1685289510,Accepted
Application_1890898402,Accepted
Application_2110114560,Other
Application_1166300620,Other
Application_552672171,Other
Application_1991997459,Accepted
Application_78142401,Accepted
Application_328400356,Accepted
Application_519672671,Other
Application_1152251519,Accepted
Application_2113611705,Other
Application_916308306,Accepted
Application_200561783,Accepted
Application_666149112,Accepted
Application_282703106,Other
Application_728696828,Accepted
Application_1929412194,Accepted
Application_1748330152,Other
Application_474554653,Other
Application_44711236,Accepted
Application_1300598260,Other
Application_1694715372,Other
Application_453418974,Other
Application_763017273,Accepted
Application_1443994940,Other
Application_1577301082,Accepted
Application_376488292,Other
Application_484277152,Other
Application_480362069,Other
Application_236975377,Other
Application_552624105,Other
Application_702265255,Other
Application_1280449733,Other
Application_234305951,Accepted
Application_1305663351,Other
Application_1692023467,Other
Application_1334242456,Other
Application_124124711,Accepted
Application_1918147104,Other
Application_1555982726,Other
Application_1602302483,Other
Application_1240103447,Accepted
Application_1288118876,Accepted
Application_403349493,Accepted
Application_365410914,Other
Application_727786387,Accepted
Application_528436480,Other
Application_1150892215,Accepted
Application_401615569,Other
Application_1711847526,Accepted
Application_889299771,Accepted
Application_169184152,Accepted
Application_1079022040,Accepted
Application_460878658,Other
Application_94499476,Other
Application_1854057287,Other
Application_27945062,Accepted
Application_292974495,Other
Application_1316721031,Other
Application_1219744215,Other
Application_244138899,Other
Application_829317487,Accepted
Application_113354052,Accepted
Application_479691810,Accepted
Application_1470933886,Other
Application_1432979587,Other
Application_1974600217,Accepted
Application_1114338247,Accepted
Application_1048841494,Accepted
Application_22706563,Other
Application_315604089,Other
Application_92507213,Other
Application_1096493082,Accepted
Application_1235982975,Accepted
Application_1786582974,Other
Application_1085598683,Accepted
Application_454790694,Other
Application_635993067,Other
Application_564810561,Other
Application_627203523,Other
Application_1493210294,Accepted
Application_1993419132,Other
Application_32594633,Other
Application_1104896119,Other
Application_1744369256,Other
Application_258789438,Other
Application_2136722402,Accepted
Application_1526447294,Accepted
Application_319529465,Other
Application_1035150389,Other
Application_685521212,Accepted
Application_540626342,Other
Application_1111487811,Other
Application_40217413,Other
Application_891145200,Other
Application_676203891,Accepted
Application_1749885929,Other
Application_437813767,Accepted
Application_79480908,Other
Application_2136879434,Other
Application_38814041,Other
Application_328914193,Other
Application_1651466349,Other
Application_2030550355,Other
Application_1885328597,Accepted
Application_352895702,Accepted
Application_1300381096,Accepted
Application_1540837872,Other
Application_344094810,Other
Application_317319031,Other
Application_26621383,Accepted
Application_2007398669,Other
Application_1676601181,Other
Application_1497897769,Other
Application_210176751,Accepted
Application_1647554936,Other
Application_585463477,Accepted
Application_1562449649,Accepted
Application_1787170984,Other
Application_1858876732,Other
Application_135598988,Other
Application_2081029751,Accepted
Application_1297295635,Accepted
Application_241855451,Accepted
Application_1187734133,Other
Application_1217818731,Other
Application_1286113933,Other
Application_1148947108,Accepted
Application_507475530,Other
Application_423692804,Accepted
Application_2144131288,Other
Application_1071782613,Accepted
Application_429717000,Accepted
Application_438333,Other
Application_1072438560,Other
Application_815720592,Other
Application_1775192574,Other
Application_1514871554,Accepted
Application_2144651857,Accepted
Application_1566554398,Other
Application_1148728932,Other
Application_1925781855,Accepted
Application_1509154703,Other
Application_1130853725,Other
Application_312833689,Other
Application_369604069,Other
Application_2017246170,Other
Application_2011518740,Accepted
Application_1480315001,Other
Application_557604760,Accepted
Application_95674280,Other
Application_46825077,Accepted
Application_406415014,Other
Application_1286403075,Other
Application_2053390692,Other
Application_872411040,Other
Application_1794583297,Accepted
Application_519995731,Accepted
Application_305052605,Other
Application_394119601,Other
Application_1306249905,Other
Application_362583184,Accepted
Application_1306765211,Accepted
Application_1125452989,Other
Application_944303988,Other
Application_1381557321,Accepted
Application_1343799374,Other
Application_981616682,Other
Application_1272095921,Other
Application_809547421,Other
Application_485953654,Accepted
Application_160885036,Other
Application_1932428106,Accepted
Application_1849281954,Other
Application_2095799235,Accepted
Application_484428234,Accepted
Application_631164056,Other
Application_50364786,Other
Application_49211544,Other
Application_342427545,Other
Application_1963132868,Accepted
Application_947946167,Other
Application_1822411778,Other
Application_230180428,Accepted
Application_942188311,Other
Application_1221588667,Accepted
Application_657721677,Other
Application_702518958,Accepted
Application_1757729958,Other
Application_1715858812,Other
Application_863369889,Accepted
Application_1659252190,Accepted
Application_1309347097,Accepted
Application_1207389715,Accepted
Application_792726545,Other
Application_940016337,Other
Application_505978470,Other
Application_1812430875,Accepted
Application_1912562056,Accepted
Application_99213678,Accepted
Application_576038160,Other
Application_757195354,Other
Application_1931343039,Accepted
Application_1750079708,Accepted
Application_1580224389,Other
Application_1896194935,Other
Application_1382348447,Accepted
Application_1280175565,Accepted
Application_73539002,Accepted
Application_422773185,Accepted
Application_1008477029,Accepted
Application_1650727962,Other
Application_951384308,Other
Application_1664113967,Other
Application_1218027440,Other
Application_1542022971,Accepted
Application_1994587458,Other
Application_1195475483,Accepted
Application_1545599157,Other
Application_1991950103,Other
Application_405889238,Accepted
Application_812381296,Other
Application_1290104721,Other
Application_1923796479,Accepted
Application_527301970,Other
Application_1295276940,Accepted
Application_202450945,Other
Application_526777454,Other
Application_1609314032,Other
Application_1927700611,Accepted
Application_136560818,Other
Application_1061974854,Other
Application_1357612530,Accepted
Application_1448267312,Accepted
Application_470988921,Other
Application_1229897222,Other
Application_1857502008,Other
Application_1991350312,Other
Application_1600450105,Other
Application_703326167,Other
Application_1920818884,Other
Application_1611522764,Accepted
Application_1426972073,Other
Application_162576008,Accepted
Application_1995359590,Other
Application_2076521885,Other
Application_1937560688,Other
Application_631881241,Accepted
Application_1352159570,Other
Application_720290283,Accepted
Application_1677505161,Other
Application_2039838246,Accepted
Application_854886380,Other
Application_430505137,Other
Application_539859583,Other
Application_855906513,Accepted
Application_1414197002,Accepted
Application_1646783960,Accepted
Application_2139758289,Other
Application_787086837,Accepted
Application_428914747,Accepted
Application_489856492,Other
Application_801735752,Other
Application_1569414871,Other
Application_874155986,Accepted
Application_1571876685,Other
Application_2062914652,Accepted
Application_630905885,Accepted
Application_1858738087,Other
Application_1542999947,Other
Application_1077798235,Accepted
Application_356937764,Other
Application_725642735,Other
Application_502801170,Other
Application_701450949,Other
Application_511941992,Other
Application_1427103967,Other
Application_1602516282,Other
Application_1224150692,Accepted
Application_237730527,Other
Application_844879450,Accepted
Application_520779684,Accepted
Application_1928801163,Accepted
Application_992706633,Other
Application_1152436075,Other
Application_769120467,Accepted
Application_304462485,Other
Application_789012855,Accepted
Application_1360177712,Accepted
Application_2005951345,Accepted
Application_770252924,Other
Application_1636201715,Accepted
Application_2082894788,Accepted
Application_1128745464,Other
Application_1360282779,Accepted
Application_914663476,Other
Application_787125514,Accepted
Application_578544901,Other
Application_1217329993,Other
Application_854107843,Other
Application_1570092273,Accepted
Application_1976357299,Accepted
Application_1939384640,Other
Application_1460033187,Other
Application_511946943,Other
Application_1359171951,Accepted
Application_1043438250,Other
Application_293699375,Other
Application_1103453856,Other
Application_142183419,Accepted
Application_1949550925,Other
Application_336026971,Other
Application_1628685987,Other
Application_1225668841,Other
Application_485127895,Accepted
Application_1912815189,Accepted
Application_1666519543,Accepted
Application_1731165291,Other
Application_1365810935,Other
Application_464207443,Other
Application_1246460651,Other
Application_799998265,Other
Application_1562591338,Accepted
Application_804002977,Other
Application_976703684,Other
Application_1734546674,Other
Application_914199527,Other
Application_471753482,Accepted
Application_610725851,Accepted
Application_286239527,Other
Application_1020735316,Other
Application_1732625705,Accepted
Application_1480288163,Accepted
Application_1950809929,Other
Application_16529477,Other
Application_206577377,Other
Application_983797173,Accepted
Application_1703729825,Other
Application_1832646712,Accepted
Application_1692569477,Accepted
Application_2008643460,Accepted
Application_1527968869,Other
Application_550336777,Accepted
Application_326714383,Accepted
Application_996520734,Accepted
Application_1693958878,Other
Application_2107908034,Accepted
Application_1169382593,Other
Application_1526964881,Other
Application_452976509,Accepted
Application_1608509920,Other
Application_1919099560,Other
Application_1125195549,Other
Application_1657726041,Other
Application_941636573,Accepted
Application_490645246,Other
Application_1341720373,Other
Application_1068027824,Accepted
Application_1674089102,Accepted
Application_1454936373,Other
Application_121132097,Other
Application_1088217054,Other
Application_637418409,Other
Application_953440549,Other
Application_1315665413,Accepted
Application_1585429645,Other
Application_449313592,Accepted
Application_1388641566,Other
Application_1871365820,Other
Application_1707892117,Other
Application_1263577450,Accepted
Application_1048770366,Other
Application_446043733,Accepted
Application_540080103,Other
Application_1170164031,Other
Application_1684086729,Other
Application_668740891,Accepted
Application_2050026577,Other
Application_1653463912,Other
Application_1430297243,Accepted
Application_778902005,Accepted
Application_1137021851,Accepted
Application_276775379,Other
Application_882765078,Other
Application_252468172,Other
Application_1280386857,Accepted
Application_955791274,Other
Application_1318229167,Other
Application_254734064,Accepted
Application_1118285834,Other
Application_357513341,Accepted
Application_597831469,Other
Application_779182030,Other
Application_1798805965,Accepted
Application_400714146,Accepted
Application_1498465982,Other
Application_331874214,Accepted
Application_744504106,Other
Application_1637771529,Accepted
Application_1173842508,Accepted
Application_428031152,Accepted
Application_235766102,Other
Application_1226073966,Accepted
Application_1568163255,Other
Application_1138536788,Other
Application_1756336965,Other
Application_700727122,Accepted
Application_566810422,Other
Application_1927668866,Other
Application_379062460,Other
Application_1497610628,Other
Application_1640897778,Accepted
Application_665516246,Other
Application_1149858992,Accepted
Application_409025300,Other
Application_1198567315,Other
Application_1823839445,Other
Application_1822380968,Accepted
Application_901751997,Accepted
Application_326706959,Other
Application_1024184223,Other
Application_1655945904,Other
Application_1709778182,Other
Application_519957138,Accepted
Application_6033829,Accepted
Application_413083060,Accepted
Application_1292813551,Other
Application_2112041235,Accepted
Application_1525567146,Other
Application_1109669022,Accepted
Application_124214356,Other
Application_748856154,Other
Application_980651039,Accepted
Application_1454446491,Other
Application_970742877,Other
Application_488033776,Accepted
Application_531422634,Other
Application_274762869,Accepted
Application_586047933,Other
Application_1899881354,Accepted
Application_1031301694,Other
Application_604172945,Accepted
Application_1257640100,Other
Application_966390800,Accepted
Application_1324325208,Other
Application_107816336,Other
Application_327981785,Other
Application_1149528865,Accepted
Application_218791491,Other
Application_755257322,Other
Application_257558141,Other
Application_607223253,Other
Application_70040656,Other
Application_1824880246,Other
Application_2145834654,Accepted
Application_324425606,Accepted
Application_1905304443,Other
Application_2145481541,Other
Application_1442478156,Other
Application_1227679621,Other
Application_713812670,Other
Application_1734221788,Other
Application_2084033235,Accepted
Application_362122643,Other
Application_131099742,Other
Application_1087106727,Other
Application_1368772632,Other
Application_1198627231,Other
Application_690783761,Other
Application_1141597090,Accepted
Application_1794795437,Other
Application_782138448,Accepted
Application_254135108,Accepted
Application_426475492,Other
Application_583059905,Other
Application_2070343371,Other
Application_76190541,Accepted
Application_434255573,Other
Application_360332231,Accepted
Application_1821918762,Other
Application_1408601515,Other
Application_2057695771,Accepted
Application_325807242,Other
Application_974496611,Accepted
Application_793193911,Other
Application_313746063,Other
Application_1101482453,Accepted
Application_743588336,Other
Application_2110398373,Other
Application_1961321975,Other
Application_1922694559,Accepted
Application_1404407422,Other
Application_785097343,Other
Application_44719289,Accepted
Application_348390694,Other
Application_1651486302,Other
Application_1208698592,Other
Application_488139011,Other
Application_105057931,Accepted
Application_772295828,Other
Application_1198022967,Other
Application_1421460886,Accepted
Application_2069958203,Accepted
Application_534034786,Accepted
Application_1360435739,Accepted
Application_959593737,Accepted
Application_601552538,Accepted
Application_2114427936,Other
Application_1679250637,Other
Application_1528142708,Accepted
Application_1189177241,Accepted
Application_1547168713,Other
Application_463117073,Accepted
Application_842424685,Other
Application_348022624,Other
Application_1721213353,Other
Application_1059902505,Other
Application_1889831782,Other
Application_427827637,Accepted
Application_806607353,Other
Application_1607234426,Other
Application_672639635,Accepted
Application_541575904,Other
Application_1752344676,Accepted
Application_2112871278,Other
Application_1832605266,Other
Application_316759044,Accepted
Application_746936932,Accepted
Application_479135373,Accepted
Application_318964604,Other
Application_1401417715,Accepted
Application_1435894906,Accepted
Application_353338828,Accepted
Application_264466585,Other
Application_1239353720,Other
Application_1879575999,Other
Application_767086253,Accepted
Application_265711162,Other
Application_84655745,Accepted
Application_450352828,Accepted
Application_1003634925,Accepted
Application_2049213212,Other
Application_748616383,Other
Application_315324597,Accepted
Application_481853358,Other
Application_1399451352,Other
Application_1782825495,Other
Application_2073412943,Other
Application_990619596,Accepted
Application_1599355993,Other
Application_1237464569,Other
Application_1780816335,Accepted
Application_522532156,Accepted
Application_1217731716,Other
Application_87913262,Other
Application_1706544324,Other
Application_2070526377,Other
Application_1625212778,Accepted
Application_819544693,Other
Application_61399806,Other
Application_1322937714,Other
Application_1922652134,Other
Application_1476227188,Accepted
Application_1889759116,Other
Application_563461267,Accepted
Application_1863366950,Accepted
Application_2084120380,Other
Application_1429913776,Accepted
Application_1291416564,Accepted
Application_1506301906,Accepted
Application_82670864,Accepted
Application_432629019,Accepted
Application_526087821,Accepted
Application_972243354,Accepted
Application_1924118035,Other
Application_1194399744,Accepted
Application_869832720,Other
Application_979974800,Other
Application_1780904875,Other
Application_1884549418,Other
Application_1756165830,Accepted
Application_820873162,Accepted
Application_458947293,Accepted
Application_700651799,Other
Application_510796401,Other
Application_2126923970,Accepted
Application_285495099,Other
Application_295979157,Other
Application_1589761842,Accepted
Application_940872681,Other
Application_1776444662,Other
Application_1561493056,Accepted
Application_1941008954,Other
Application_1205404110,Accepted
Application_553578355,Accepted
Application_1163540696,Other
Application_1358960430,Other
Application_985631534,Other
Application_1165374687,Accepted
Application_467389435,Other
Application_1632818432,Other
Application_711068971,Other
Application_1920126295,Other
Application_1168520628,Other
Application_1812850848,Accepted
Application_337779897,Other
Application_2145337963,Other
Application_1795732931,Accepted
Application_81202491,Accepted
Application_1814348299,Accepted
Application_1163829518,Other
Application_1190759636,Accepted
Application_233626909,Other
Application_667979390,Accepted
Application_1460888303,Other
Application_385817969,Other
Application_735592901,Accepted
Application_294573356,Accepted
Application_704796256,Other
Application_1779032492,Other
Application_547763286,Accepted
Application_327979815,Accepted
Application_1538031590,Accepted
Application_730818142,Accepted
Application_1046650299,Accepted
Application_26525477,Accepted
Application_1434879434,Other
Application_1117656689,Other
Application_1475120720,Other
Application_1268420465,Other
Application_1045362302,Accepted
Application_1824185814,Accepted
Application_391525553,Other
Application_593449510,Other
Application_1755923861,Other
Application_1822686904,Other
Application_1599321616,Accepted
Application_896096646,Accepted
Application_782113142,Accepted
Application_1098590593,Other
Application_1414513594,Other
Application_291930684,Accepted
Application_110600230,Other
Application_340687616,Other
Application_1365677392,Other
Application_1319320930,Other
Application_1855489393,Accepted
Application_2077194593,Accepted
Application_307198667,Accepted
Application_8728751,Accepted
Application_324588834,Other
Application_1886066901,Accepted
Application_1823345453,Other
Application_313222833,Accepted
Application_317767301,Other
Application_103076193,Other
Application_545562925,Other
Application_1886733883,Other
Application_1831233134,Other
Application_2045949745,Accepted
Application_972266787,Other
Application_390192582,Other
Application_1157383835,Other
Application_1346861296,Other
Application_710433184,Other
Application_27565730,Accepted
Application_750112877,Accepted
Application_2138403514,Other
Application_699852953,Other
Application_438549352,Accepted
Application_752441949,Other
Application_2050582956,Other
Application_1394552437,Other
Application_1171008881,Other
Application_695067495,Other
Application_600946581,Accepted
Application_1845545288,Other
Application_761750782,Other
Application_1764056617,Other
Application_304416200,Accepted
Application_171520715,Other
Application_396643899,Other
Application_1393697331,Accepted
Application_677422767,Accepted
Application_1471849782,Other
Application_1155986927,Other
Application_1629283457,Accepted
Application_1466768841,Other
Application_834711528,Other
Application_242197883,Other
Application_431846898,Other
Application_1908738724,Accepted
Application_834780812,Other
Application_1184458941,Other
Application_239597428,Other
Application_1386685470,Other
Application_866192051,Other
Application_2104302319,Accepted
Application_1225343300,Accepted
Application_1019084704,Other
Application_797815324,Other
Application_419387657,Other
Application_634330591,Other
Application_1718684938,Other
Application_2068069228,Accepted
Application_2060840297,Accepted
Application_1484183993,Accepted
Application_1294868910,Accepted
Application_1751789692,Other
Application_1911112705,Other
Application_858441351,Accepted
Application_954960816,Other
Application_1313000546,Other
Application_1671790008,Other
Application_1210095800,Accepted
Application_763359560,Accepted
Application_405102018,Other
Application_1652866023,Accepted
Application_1066827688,Accepted
Application_1382835037,Accepted
Application_80832527,Other
Application_408742254,Other
Application_404173557,Other
Application_593761962,Other
Application_412241860,Other
Application_1667394009,Other
Application_595434665,Other
Application_125028754,Other
Application_1840348307,Other
Application_2004232010,Accepted
Application_542637464,Other
Application_859417645,Accepted
Application_233617580,Other
Application_1354823611,Other
Application_1182628609,Other
Application_107622056,Other
Application_724059324,Other
Application_1582681038,Accepted
Application_1932207613,Accepted
Application_1916324724,Other
Application_716961512,Other
Application_1617693685,Other
Application_905416678,Other
Application_543260505,Other
Application_1243011234,Other
Application_969256395,Other
Application_30101703,Accepted
Application_396109590,Accepted
Application_999352398,Other
Application_68557738,Other
Application_297906450,Accepted
Application_430144035,Other
Application_1611018977,Other
Application_1786863017,Accepted
Application_2057825541,Accepted
Application_311739802,Other
Application_880569455,Accepted
Application_1344139947,Other
Application_2015450212,Other
Application_986376341,Other
Application_231467531,Accepted
Application_67839860,Accepted
Application_1827181681,Other
Application_824524096,Accepted
Application_124232458,Accepted
Application_65218137,Accepted
Application_693515426,Accepted
Application_901902327,Other
Application_704895325,Accepted
Application_388851428,Accepted
Application_180046984,Other
Application_829027028,Other
Application_1010084086,Other
Application_1758930310,Accepted
Application_1887346433,Accepted
Application_1654488419,Other
Application_1207682902,Other
Application_584076631,Other
Application_655959249,Other
Application_2015777874,Other
Application_1816982255,Accepted
Application_804427786,Other
Application_1663014149,Accepted
Application_250545532,Accepted
Application_465679964,Other
Application_1949574213,Accepted
Application_1928348592,Other
Application_364836850,Accepted
Application_1295664079,Accepted
Application_932535957,Other
Application_1721043299,Other
Application_2131472816,Accepted
Application_140283716,Accepted
Application_32434675,Other
Application_858872748,Other
Application_2095052447,Other
Application_998600110,Other
Application_1306442758,Other
Application_431394553,Other
Application_216431641,Other
Application_284177408,Other
Application_1193470902,Accepted
Application_427859499,Other
Application_239032241,Accepted
Application_1384713944,Other
Application_1867227683,Other
Application_2111826129,Other
Application_53038581,Other
Application_193502217,Other
Application_522220478,Other
Application_1955037299,Other
Application_1006489560,Accepted
Application_49228166,Other
Application_591389403,Accepted
Application_953994341,Other
Application_2031072542,Other
Application_1326446013,Other
Application_878258869,Other
Application_246521681,Other
Application_116589495,Accepted
Application_2020636571,Accepted
Application_2033632210,Accepted
Application_1911653271,Other
Application_54944838,Other
Application_355337,Accepted
Application_1518351559,Accepted
Application_1840606572,Accepted
Application_582038234,Other
Application_662107856,Accepted
Application_944445134,Accepted
Application_4855985,Accepted
Application_1485858591,Other
Application_1203711600,Other
Application_1199473910,Accepted
Application_1003184938,Accepted
Application_132629166,Other
Application_2131249132,Other
Application_1447649427,Other
Application_1162167865,Other
Application_1661187046,Accepted
Application_524059677,Accepted
Application_1124532331,Other
Application_800242481,Other
Application_1587744403,Other
Application_1506321327,Accepted
Application_558734362,Other
Application_937997530,Other
Application_1515013587,Other
Application_1102053584,Other
Application_1171245943,Other
Application_484867859,Accepted
Application_408539081,Other
Application_1625730217,Accepted
Application_1530527378,Accepted
Application_1720546254,Other
Application_91858316,Other
Application_379536869,Accepted
Application_2041082181,Accepted
Application_1756103662,Accepted
Application_665774560,Accepted
Application_417174257,Accepted
Application_813953346,Other
Application_1445931328,Other
Application_159653881,Accepted
Application_918090511,Accepted
Application_343114176,Other
Application_15123304,Other
Application_1858993401,Other
Application_362700369,Other
Application_708068055,Other
Application_1424383499,Accepted
Application_1066345355,Accepted
Application_1823706656,Other
Application_1995055505,Accepted
Application_738515459,Other
Application_95663587,Accepted
Application_2051033566,Other
Application_845388026,Other
Application_1493252145,Other
Application_1024771048,Other
Application_1728204848,Accepted
Application_1916810735,Other
Application_1141179580,Other
Application_1179036032,Other
Application_244740578,Other
Application_402271064,Other
Application_1368808315,Accepted
Application_364592051,Accepted
Application_720733485,Other
Application_396051412,Accepted
Application_1376787082,Other
Application_169871716,Accepted
Application_350290729,Other
Application_1339159850,Other
Application_1022532415,Accepted
Application_1542513431,Other
Application_835389685,Accepted
Application_332612552,Accepted
Application_1329278647,Other
Application_1135018742,Other
Application_1765752001,Other
Application_1084806237,Accepted
Application_427361980,Other
Application_1499063234,Other
Application_330311767,Accepted
Application_983226435,Other
Application_658773748,Accepted
Application_1089265210,Other
Application_1954143245,Other
Application_1601282084,Other
Application_1377965187,Accepted
Application_93245644,Other
Application_264244636,Accepted
Application_1338359850,Other
Application_1954964010,Other
Application_2135934356,Other
Application_1960710654,Accepted
Application_1060353640,Other
Application_1377547919,Other
Application_2001644158,Other
Application_1653740686,Other
Application_1859159657,Other
Application_650341111,Accepted
Application_560016471,Other
Application_614630519,Other
Application_1689022727,Accepted
Application_1820860663,Other
Application_1532124749,Accepted
Application_1667437865,Other
Application_1183220839,Accepted
Application_967767056,Other
Application_449689867,Accepted
Application_100305707,Accepted
Application_982705891,Accepted
Application_1197811323,Other
Application_847435016,Accepted
Application_917819529,Other
Application_2000863459,Other
Application_1852582726,Other
Application_835017760,Accepted
Application_645293411,Other
Application_239665944,Other
Application_1967101441,Accepted
Application_1503552845,Other
Application_1388301027,Accepted
Application_2003070856,Other
Application_1794954703,Accepted
Application_921680477,Other
Application_251643830,Accepted
Application_1779884800,Other
Application_1970365711,Other
Application_2075712145,Accepted
Application_1895218789,Other
Application_1147483384,Other
Application_705095012,Accepted
Application_449037708,Accepted
Application_74146714,Other
Application_250197985,Accepted
Application_625053534,Accepted
Application_950672244,Other
Application_463802908,Other
Application_96457854,Other
Application_186457936,Accepted
Application_625557604,Other
Application_848927776,Other
Application_1462120066,Accepted
Application_2039226731,Accepted
Application_1964832820,Other
Application_1758454920,Accepted
Application_1600216301,Other
Application_780603539,Other
Application_320894139,Accepted
Application_799878417,Other
Application_761865335,Other
Application_770608182,Other
Application_674661607,Other
Application_1078181682,Accepted
Application_265915723,Other
Application_1087628944,Accepted
Application_313469192,Other
Application_2046997339,Other
Application_1317339443,Accepted
Application_843520137,Other
Application_1192907459,Other
Application_813921157,Other
Application_599115989,Other
Application_1271977554,Accepted
Application_1596462792,Other
Application_93042562,Accepted
Application_21340691,Accepted
Application_981497061,Other
Application_265942746,Accepted
Application_1843549466,Other
Application_995775515,Accepted
Application_1632064878,Accepted
Application_1948110752,Other
Application_1168935256,Other
Application_453130682,Accepted
Application_1546287413,Accepted
Application_1593518653,Other
Application_2052803907,Accepted
Application_1332561488,Other
Application_1894225872,Other
Application_82697402,Other
Application_1405484331,Other
Application_1718730559,Accepted
Application_725453768,Other
Application_357563354,Other
Application_502445452,Accepted
Application_794323532,Other
Application_1773292216,Other
Application_837084036,Other
Application_1624801567,Other
Application_1263189516,Other
Application_1116301816,Other
Application_1946220626,Other
Application_1590317013,Other
Application_761367685,Accepted
Application_508356144,Other
Application_129387718,Other
Application_1080060964,Other
Application_1168479139,Other
Application_1437086146,Other
Application_1560438635,Accepted
Application_1935557708,Other
Application_421093822,Other
Application_593542788,Accepted
Application_336221196,Other
Application_230843111,Accepted
Application_93632616,Other
Application_1534754048,Other
Application_836222420,Other
Application_2036396703,Accepted
Application_204243204,Accepted
Application_144893080,Accepted
Application_929698331,Other
Application_778421995,Accepted
Application_1920066439,Accepted
Application_1638071691,Accepted
Application_1195543683,Other
Application_1574359134,Accepted
Application_492588902,Other
Application_581391519,Other
Application_2061894299,Other
Application_129452254,Other
Application_1079354715,Other
Application_1972667767,Accepted
Application_1626924392,Other
Application_419944128,Other
Application_224754935,Accepted
Application_486868165,Other
Application_1173417893,Accepted
Application_486659783,Other
Application_2078455927,Other
Application_869604556,Other
Application_441916641,Other
Application_298510885,Other
Application_419163120,Other
Application_802370608,Accepted
Application_1618107300,Other
Application_1378220799,Accepted
Application_1028452966,Accepted
Application_384995711,Accepted
Application_1958031421,Other
Application_1475969114,Other
Application_401756608,Other
Application_887238845,Other
Application_671594303,Accepted
Application_321858848,Other
Application_26555163,Accepted
Application_2125870074,Accepted
Application_1083662026,Other
Application_1699018253,Other
Application_20087624,Other
Application_682105044,Other
Application_492438718,Accepted
Application_1476271894,Other
Application_1693011010,Accepted
Application_1734239730,Accepted
Application_848387673,Accepted
Application_271401465,Accepted
Application_19584677,Other
Application_227264650,Accepted
Application_1230040703,Accepted
Application_1861072460,Other
Application_2121832198,Other
Application_630621633,Other
Application_1586978407,Other
Application_1143196798,Other
Application_914243583,Accepted
Application_293524796,Accepted
Application_1089778545,Other
Application_1678771126,Other
Application_609004415,Accepted
Application_821907135,Other
Application_522241789,Other
Application_966273729,Other
Application_1716634215,Other
Application_1505927782,Other
Application_465648761,Accepted
Application_1234336445,Other
Application_1865725323,Other
Application_2146781818,Other
Application_1695874132,Accepted
Application_1481270192,Other
Application_1224343980,Other
Application_519680866,Other
Application_479452628,Other
Application_1243535396,Accepted
Application_1096979043,Accepted
Application_2035426213,Other
Application_202534910,Other
Application_1601608603,Accepted
Application_1750793983,Other
Application_2133319602,Accepted
Application_1289078901,Accepted
Application_1470171951,Accepted
Application_397358164,Other
Application_297632601,Accepted
Application_855855382,Accepted
Application_1038193560,Other
Application_1749959518,Accepted
Application_1849778934,Other
Application_2112516828,Other
Application_966841012,Accepted
Application_1379635634,Other
Application_1249521286,Other
Application_462696075,Accepted
Application_2042662448,Accepted
Application_1548436767,Other
Application_1763400279,Other
Application_293789625,Other
Application_136457112,Other
Application_494347751,Other
Application_1909308694,Accepted
Application_1256391925,Other
Application_55956958,Other
Application_1320017026,Other
Application_118598479,Other
Application_883417814,Other
Application_1731658461,Other
Application_2061710675,Other
Application_1952185582,Accepted
Application_834965493,Accepted
Application_995221293,Accepted
Application_1742552778,Accepted
Application_2123157115,Other
Application_681961933,Accepted
Application_596911896,Other
Application_786345678,Accepted
Application_1513687409,Other
Application_1849571436,Other
Application_1868408564,Accepted
Application_2083218603,Accepted
Application_1360907794,Accepted
Application_62222822,Other
Application_1883905628,Other
Application_2048956426,Other
Application_666172526,Other
Application_1298261275,Accepted
Application_1487439781,Accepted
Application_953641566,Other
Application_1269779804,Accepted
Application_1807815107,Other
Application_1619619878,Other
Application_1177178427,Accepted
Application_852711227,Other
Application_545125570,Accepted
Application_1583195260,Other
Application_1197876258,Other
Application_561387569,Other
Application_1968140279,Other
Application_481247774,Other
Application_517407368,Accepted
Application_1201055266,Other
Application_1247127458,Accepted
Application_1897490807,Accepted
Application_2039211506,Accepted
Application_1623344115,Other
Application_1341217021,Other
Application_393314116,Accepted
Application_839583307,Other
Application_405641704,Other
Application_2090379484,Other
Application_1307274888,Accepted
Application_1478562643,Other
Application_1495710846,Other
Application_94246719,Accepted
Application_264005685,Accepted
Application_1139356195,Other
Application_1019714896,Other
Application_225643837,Other
Application_810855027,Other
Application_1126987739,Other
Application_1491156370,Other
Application_981962438,Other
Application_539314379,Accepted
Application_889517497,Accepted
Application_670914552,Accepted
Application_1526223693,Other
Application_1885112588,Other
Application_1977427739,Other
Application_243922284,Other
Application_117186667,Accepted
Application_1179844725,Other
Application_2125603990,Other
Application_1398495274,Accepted
Application_1087909645,Other
Application_1277679234,Other
Application_641443562,Other
Application_78297350,Accepted
Application_852842986,Accepted
Application_1975316215,Accepted
Application_1760251707,Other
Application_1313024744,Other
Application_677685696,Other
Application_1326851868,Accepted
Application_101015826,Accepted
Application_1108271369,Other
Application_893306042,Other
Application_965210653,Accepted
Application_615262835,Accepted
Application_1528592084,Other
Application_634826567,Accepted
Application_30562676,Accepted
Application_454914361,Accepted
Application_1386139411,Other
Application_1373778236,Other
Application_994827670,Other
Application_290852330,Accepted
Application_109767425,Accepted
Application_811459869,Other
Application_1885989280,Accepted
Application_1821081059,Other
Application_957475762,Accepted
Application_262031538,Other
Application_611699766,Other
Application_232608749,Other
Application_307233076,Other
Application_631913965,Accepted
Application_1193905783,Accepted
Application_1657152614,Accepted
Application_254408458,Other
Application_989513807,Accepted
Application_2096766083,Other
Application_1713817974,Other
Application_433404502,Accepted
Application_295457720,Accepted
Application_484552663,Accepted
Application_1693405530,Other
Application_1747116184,Accepted
Application_1473452601,Accepted
Application_397814196,Accepted
Application_1572784952,Accepted
Application_75685891,Other
Application_1655838506,Accepted
Application_1005878170,Other
Application_995704629,Accepted
Application_1366996307,Other
Application_1162940619,Other
Application_1217897060,Accepted
Application_1862076158,Other
Application_1369440812,Other
Application_1719069496,Other
Application_1468274126,Accepted
Application_2083089702,Accepted
Application_1994608335,Other
Application_1226881790,Other
Application_430885251,Other
Application_510816054,Accepted
Application_131665787,Accepted
Application_759566613,Other
Application_1208026390,Accepted
Application_769549111,Other
Application_1472763409,Accepted
Application_2146712838,Other
Application_1198484,Other
Application_630909807,Other
Application_1897251462,Other
Application_1209613284,Accepted
Application_1068537601,Other
Application_718775406,Other
Application_5000538,Other
Application_1433304053,Other
Application_1707372428,Accepted
Application_2078961381,Other
Application_1695723790,Accepted
Application_774225883,Accepted
Application_1815300558,Other
Application_357527061,Accepted
Application_1070643496,Other
Application_314381994,Other
Application_1846243720,Other
Application_1068354943,Other
Application_711527003,Other
Application_926510780,Other
Application_341471642,Other
Application_1297468708,Accepted
Application_1358972199,Other
Application_1573951177,Other
Application_132999738,Other
Application_360248209,Accepted
Application_1999947809,Accepted
Application_1431204655,Other
Application_1393314446,Accepted
Application_2042172998,Accepted
Application_319988162,Other
Application_130323435,Other
Application_778294287,Other
Application_1429765484,Accepted
Application_1080107159,Accepted
Application_1532119586,Accepted
Application_276571995,Other
Application_372567958,Other
Application_625401457,Other
Application_1003879772,Other
Application_1921832954,Other
Application_919407038,Other
Application_136401150,Other
Application_733420946,Other
Application_1108633758,Accepted
Application_1298237120,Accepted
Application_1998068638,Other
Application_1787991043,Other
Application_1396071584,Accepted
Application_1357817431,Accepted
Application_1100457126,Other
Application_1362853103,Other
Application_663369664,Accepted
Application_2120815918,Accepted
Application_1872274352,Other
Application_1100115644,Other
Application_1213921385,Accepted
Application_450995083,Other
Application_1011514458,Other
Application_2086074319,Accepted
Application_1850936258,Other
Application_1925770669,Accepted
Application_1134425443,Accepted
Application_59993999,Accepted
Application_660719254,Other
Application_1355960038,Accepted
Application_1870122160,Accepted
Application_1864853295,Other
Application_2045645612,Accepted
Application_380595039,Other
Application_742400293,Accepted
Application_1454944622,Accepted
Application_1105262339,Accepted
Application_1465456208,Accepted
Application_1275899436,Accepted
Application_85447624,Other
Application_1497644991,Other
Application_599921713,Accepted
Application_1964849819,Other
Application_2098449770,Accepted
Application_43024906,Accepted
Application_266173808,Other
Application_1532843552,Other
Application_1174984538,Other
Application_816974758,Accepted
Application_110900801,Accepted
Application_2133960776,Accepted
Application_1854406278,Other
Application_1089160582,Other
Application_899496804,Other
Application_1420822500,Other
Application_2127289160,Accepted
Application_1818872049,Other
Application_1402724199,Other
Application_960208613,Accepted
Application_1985868514,Accepted
Application_1465545257,Accepted
Application_614663134,Accepted
Application_256653272,Accepted
Application_1026327550,Accepted
Application_1249596536,Accepted
Application_1635457564,Other
Application_1055909090,Other
Application_558901961,Accepted
Application_1090605487,Other
Application_1002664914,Other
Application_319356132,Other
Application_127129153,Other
Application_1583444574,Other
Application_2038630680,Accepted
Application_2085103341,Other
Application_446589283,Accepted
Application_1620019982,Other
Application_1680925776,Accepted
Application_2120995696,Other
Application_956935409,Other
Application_51479502,Accepted
Application_1118683509,Accepted
Application_794466385,Other
Application_163242772,Other
Application_1849116697,Accepted
Application_1808883606,Other
Application_1364798306,Other
Application_687017618,Other
Application_729346789,Other
Application_1770725801,Other
Application_1458283545,Accepted
Application_1147226548,Other
Application_700477564,Accepted
Application_755792508,Other
Application_1257815724,Other
Application_1820686578,Other
Application_1154319260,Other
Application_1517682432,Accepted
Application_612471425,Other
Application_1329917519,Other
Application_843918701,Accepted
Application_410749847,Accepted
Application_1392579942,Other
Application_1771463535,Accepted
Application_1954127410,Other
Application_879812556,Other
Application_807564312,Accepted
Application_1266255686,Other
Application_371952478,Other
Application_1455791883,Accepted
Application_1416690993,Other
Application_1774653889,Other
Application_88681928,Accepted
Application_690388232,Other
Application_1287138370,Accepted
Application_1063919815,Other
Application_554417928,Other
Application_912450399,Accepted
Application_2000251811,Other
Application_1693602898,Accepted
Application_611211335,Other
Application_935436416,Other
Application_434222164,Other
Application_436634056,Other
Application_2090428829,Other
Application_1007929195,Accepted
Application_793292826,Accepted
Application_801793652,Accepted
Application_1884461713,Other
Application_2093919067,Other
Application_879020593,Accepted
Application_19378391,Other
Application_1700533919,Other
Application_1447276373,Accepted
Application_81301298,Accepted
Application_1128037409,Other
Application_1528389460,Other
Application_2082744800,Other
Application_505320824,Accepted
Application_250994267,Other
Application_1455486115,Other
Application_1954033625,Accepted
Application_441004081,Other
Application_799151853,Accepted
Application_1002996676,Other
Application_1360992150,Other
Application_432102216,Accepted
Application_1120199934,Other
Application_1845004175,Other
Application_1698689539,Other
Application_1450268698,Other
Application_1689747747,Other
Application_986699520,Accepted
Application_770788144,Other
Application_391820085,Accepted
Application_131088156,Other
Application_517366421,Other
Application_1629603130,Other
Application_809766643,Accepted
Application_431001767,Other
Application_289756631,Other
Application_874955424,Other
Application_610156903,Accepted
Application_1730365996,Other
Application_1920049025,Accepted
Application_926109030,Other
Application_129006948,Accepted
Application_245999450,Accepted
Application_513980010,Accepted
Application_1766664020,Other
Application_1626579845,Other
Application_1436892213,Other
Application_738477280,Other
Application_75636589,Other
Application_374811499,Other
Application_725209798,Accepted
Application_1159017818,Other
Application_1788941050,Other
Application_1921679819,Accepted
Application_1740531110,Other
Application_730317145,Accepted
Application_1350445760,Accepted
Application_1461996101,Other
Application_2053384237,Other
Application_845901294,Other
Application_378405435,Accepted
Application_1275707976,Accepted
Application_352411555,Other
Application_669312344,Other
Application_1751812133,Accepted
Application_2092033905,Accepted
Application_1868523772,Other
Application_699380763,Accepted
Application_1343715457,Other
Application_864132347,Accepted
Application_1595026926,Other
Application_1946876557,Other
Application_1756833262,Accepted
Application_1649122825,Accepted
Application_1069688278,Accepted
Application_393911084,Other
Application_796154206,Other
Application_1478865654,Other
Application_1737256659,Other
Application_2059795258,Accepted
Application_1799184056,Accepted
Application_1449797248,Other
Application_238099968,Accepted
Application_697429896,Accepted
Application_1059839765,Accepted
Application_1780294565,Accepted
Application_202211717,Accepted
Application_391491540,Accepted
Application_1655032105,Other
Application_1735255399,Other
Application_785892370,Other
Application_1101676127,Other
Application_288726340,Accepted
Application_397939645,Accepted
Application_982233015,Accepted
Application_1717565535,Accepted
Application_2056618421,Accepted
Application_1282450727,Other
Application_494594734,Other
Application_389383837,Other
Application_2118302924,Other
Application_1700531600,Accepted
Application_1382387296,Accepted
Application_947351284,Other
Application_287352488,Other
Application_395892061,Other
Application_678149634,Other
Application_867632887,Accepted
Application_2076987955,Other
Application_711166264,Other
Application_1532417221,Other
Application_111093497,Other
Application_901986473,Other
Application_804928864,Accepted
Application_1749909152,Other
Application_1895936076,Other
Application_675832917,Accepted
Application_1323847324,Other
Application_1957857019,Other
Application_120531207,Other
Application_187078617,Other
Application_548704458,Other
Application_1824525898,Other
Application_2140321814,Other
Application_1072060993,Accepted
Application_29347740,Accepted
Application_172496627,Other
Application_754031405,Other
Application_1255141681,Other
Application_1014284368,Other
Application_514398902,Other
Application_879460986,Accepted
Application_114590483,Other
Application_1241925732,Accepted
Application_1510666268,Other
Application_570788107,Accepted
Application_1058879336,Accepted
Application_1229879079,Other
Application_309511799,Accepted
Application_1552416586,Other
Application_1232453480,Other
Application_320140370,Other
Application_105375367,Accepted
Application_311692591,Other
Application_526273418,Other
Application_881521733,Other
Application_1648429118,Other
Application_1839929051,Accepted
Application_1964107547,Other
Application_2019037893,Accepted
Application_1817680007,Other
Application_1112251546,Accepted
Application_617149254,Other
Application_818003570,Accepted
Application_969886500,Accepted
Application_1781026420,Other
Application_1617275288,Accepted
Application_925291044,Other
Application_972029869,Other
Application_462197718,Accepted
Application_550345437,Other
Application_369263900,Accepted
Application_1199013745,Other
Application_532391674,Accepted
Application_199885135,Other
Application_1570311961,Accepted
Application_1948791502,Other
Application_1203202693,Accepted
Application_1923501273,Other
Application_1685682597,Other
Application_166437504,Other
Application_751721000,Other
Application_2141471086,Accepted
Application_878246481,Other
Application_1707873470,Other
Application_921180093,Other
Application_1236882691,Other
Application_1208598383,Other
Application_1359385575,Other
Application_717178843,Accepted
Application_365406602,Other
Application_546867503,Other
Application_1250800220,Accepted
Application_2104453618,Accepted
Application_1847919321,Accepted
Application_1068503675,Accepted
Application_879148892,Other
Application_622880437,Accepted
Application_247840928,Accepted
Application_548419129,Other
Application_451705677,Accepted
Application_1542061889,Accepted
Application_1971781739,Other
Application_1678512911,Accepted
Application_883133715,Accepted
Application_1248664349,Accepted
Application_1063362742,Accepted
Application_1252671922,Accepted
Application_883394706,Other
Application_1975001293,Accepted
Application_109466285,Other
Application_1433099549,Accepted
Application_1605764831,Accepted
Application_959625391,Other
Application_525643774,Other
Application_1924569456,Other
Application_1247090948,Accepted
Application_1115549760,Other
Application_596671911,Accepted
Application_955001492,Accepted
Application_128716904,Other
Application_1618849870,Accepted
Application_1245209392,Accepted
Application_1787159691,Accepted
Application_762972184,Accepted
Application_691516127,Other
Application_311301153,Other
Application_1609803629,Accepted
Application_1415892704,Other
Application_689174769,Other
Application_205944769,Other
Application_960261707,Accepted
Application_1095753414,Accepted
Application_337026367,Other
Application_412179632,Other
Application_670393669,Other
Application_875402655,Accepted
Application_927301781,Other
Application_712192330,Accepted
Application_1253740796,Accepted
Application_1982294956,Other
Application_1527181298,Other
Application_1236586471,Other
Application_6428383,Accepted
Application_1454926128,Accepted
Application_1380333449,Accepted
Application_1763917951,Other
Application_2113251818,Other
Application_1832175451,Accepted
Application_1099068056,Other
Application_1374389411,Other
Application_1345500543,Accepted
Application_125636605,Accepted
Application_441113207,Other
Application_757237317,Other
Application_949002890,Accepted
Application_2004054477,Other
Application_1958008419,Other
Application_1218173008,Accepted
Application_1580098741,Accepted
Application_1761342711,Other
Application_60280457,Accepted
Application_571331955,Other
Application_280471845,Other
Application_1558784668,Other
Application_1434600647,Other
Application_1797182802,Other
Application_772137605,Other
Application_953130593,Other
Application_56084769,Other
Application_78623924,Accepted
Application_799080164,Other
Application_710678761,Accepted
Application_1642523071,Accepted
Application_1889998743,Other
Application_1127581090,Accepted
Application_53888887,Other
Application_774194060,Other
Application_2052749958,Accepted
Application_1336312502,Accepted
Application_1921211831,Other
Application_1739943577,Accepted
Application_299353719,Accepted
Application_783257787,Accepted
Application_928078246,Other
Application_1965312621,Other
Application_1832148354,Other
Application_16804147,Accepted
Application_333623837,Other
Application_649242925,Other
Application_965397829,Accepted
Application_414502865,Other
Application_1733880590,Other
Application_2091563347,Other
Application_1891765084,Accepted
Application_1129378184,Accepted
Application_1501127795,Other
Application_1003335792,Other
Application_627871647,Accepted
Application_724785278,Accepted
Application_445916015,Other
Application_226400212,Other
Application_2071261969,Accepted
Application_1141105874,Other
Application_686617023,Other
Application_505730040,Other
Application_1566823764,Accepted
Application_2007854937,Accepted
Application_1645650193,Other
Application_1283580419,Other
Application_857861327,Accepted
Application_478847418,Other
Application_721664405,Other
Application_380364552,Other
Application_1155963097,Other
Application_1411339990,Other
Application_2055899498,Other
Application_545561346,Other
Application_482732330,Accepted
Application_1245103529,Other
Application_163474573,Other
Application_1377777625,Accepted
Application_1154552424,Other
Application_946870406,Other
Application_1413045372,Other
Application_1878335247,Other
Application_708612454,Accepted
Application_505159684,Accepted
Application_792953680,Accepted
Application_2072748868,Accepted
Application_1657851992,Other
Application_2051894400,Accepted
Application_1587438247,Accepted
Application_1406258811,Other
Application_724491194,Accepted
Application_1299847609,Other
Application_1084562941,Other
Application_1375498471,Accepted
Application_2055465520,Accepted
Application_2135704432,Accepted
Application_2053396630,Accepted
Application_1554939217,Other
Application_303318311,Accepted
Application_872008599,Other
Application_779484065,Other
Application_1919196790,Accepted
Application_1291035764,Other
Application_1303904568,Accepted
Application_239378569,Accepted
Application_67409350,Other
Application_1322330087,Other
Application_1884456971,Other
Application_2061014025,Other
Application_1652812549,Other
Application_1335697551,Accepted
Application_395000811,Other
Application_1138702906,Other
Application_500032780,Accepted
Application_70131987,Other
Application_1359009824,Accepted
Application_660582187,Accepted
Application_521705463,Accepted
Application_1310784703,Other
Application_217044343,Accepted
Application_1150611834,Accepted
Application_1214397266,Accepted
Application_82959424,Accepted
Application_1312812520,Other
Application_1413001302,Other
Application_583074272,Accepted
Application_48706362,Other
Application_492153271,Other
Application_2079120121,Other
Application_1840582475,Accepted
Application_502630978,Other
Application_1157141528,Accepted
Application_1988724493,Other
Application_1859839427,Accepted
Application_1222481512,Other
Application_289484270,Accepted
Application_1371999907,Other
Application_1002051388,Other
Application_465364821,Other
Application_423735507,Other
Application_1591892358,Other
Application_803529309,Other
Application_590644415,Other
Application_1977167996,Other
Application_1664730949,Other
Application_572235489,Other
Application_1976302974,Accepted
Application_1651605355,Accepted
Application_407038019,Other
Application_1369505761,Accepted
Application_1154315811,Other
Application_931359849,Accepted
Application_1213791970,Other
Application_2014423750,Other
Application_2133003419,Accepted
Application_1650545424,Accepted
Application_586741765,Other
Application_439088311,Accepted
Application_493454003,Accepted
Application_2011694593,Accepted
Application_1695710611,Other
Application_1403322284,Other
Application_1041352861,Accepted
Application_176248145,Other
Application_2136837930,Other
Application_1814122237,Other
Application_297915214,Other
Application_950745897,Accepted
Application_1926117841,Other
Application_1373118338,Other
Application_1697073293,Other
Application_1918667425,Accepted
Application_1420358309,Other
Application_1135401738,Other
Application_583750826,Accepted
Application_1928993602,Other
Application_942651878,Accepted
Application_2014961806,Other
Application_1204483638,Other
Application_339586645,Other
Application_39654774,Other
Application_550429388,Other
Application_866170344,Other
Application_1916503956,Accepted
Application_879392331,Accepted
Application_537874178,Other
Application_902902355,Other
Application_988329546,Other
Application_1380037651,Other
Application_600486540,Accepted
Application_419197890,Other
Application_798498969,Other
Application_2125339351,Accepted
Application_1476810710,Other
Application_1256364461,Accepted
Application_95979422,Accepted
Application_955677765,Other
Application_2119718741,Other
Application_790316950,Accepted
Application_474433009,Accepted
Application_1374398979,Accepted
Application_1690371833,Accepted
Application_1593612371,Other
Application_1235720923,Accepted
Application_944811887,Other
Application_161391966,Other
Application_1167848959,Other
Application_1815875495,Accepted
Application_375900665,Other
Application_742400603,Accepted
Application_1210188666,Accepted
Application_554829068,Accepted
Application_517552046,Other
Application_126011685,Accepted
Application_1450514006,Other
Application_695644699,Accepted
Application_493690701,Other
Application_270408208,Other
Application_1353766347,Other
Application_2052979144,Accepted
Application_95932417,Accepted
Application_503901953,Other
Application_1587762082,Other
Application_1597209923,Other
Application_270328211,Other
Application_564401264,Other
Application_374770074,Accepted
Application_1194796236,Other
Application_979490401,Accepted
Application_2026849247,Other
Application_1317497531,Accepted
Application_1193591229,Other
Application_561834027,Other
Application_1895242107,Accepted
Application_1786781323,Other
Application_830541118,Accepted
Application_556947869,Other
Application_1204634087,Other
Application_2135063716,Other
Application_960958494,Other
Application_589947155,Other
Application_1416093231,Other
Application_1950784981,Other
Application_412902855,Other
Application_1188147611,Other
Application_110483872,Accepted
Application_1680217503,Accepted
Application_1337021961,Other
Application_1187848717,Other
Application_592419128,Other
Application_954657550,Other
Application_696734932,Other
Application_2120784286,Other
Application_208564412,Accepted
Application_920499026,Accepted
Application_2128083660,Other
Application_1680315006,Other
Application_1896896134,Accepted
Application_703001372,Other
Application_252090251,Other
Application_2126659615,Accepted
Application_1776689236,Accepted
Application_1494439975,Other
Application_1548707025,Other
Application_173891039,Other
Application_598019466,Other
Application_812995812,Other
Application_1316326356,Accepted
Application_930406041,Accepted
Application_26406360,Other
Application_466632212,Accepted
Application_1170292134,Accepted
Application_1933781615,Other
Application_2123252154,Other
Application_1539190213,Accepted
Application_611986242,Other
Application_531879511,Accepted
Application_182468287,Other
Application_1686617782,Accepted
Application_1256996147,Accepted
Application_1538401678,Accepted
Application_1730951167,Accepted
Application_138397282,Accepted
Application_611451328,Accepted
Application_1070659827,Accepted
Application_1578621751,Accepted
Application_1195893354,Other
Application_336986616,Other
Application_604352948,Other
Application_1466211501,Accepted
Application_1253237076,Accepted
Application_2116889645,Other
Application_460180184,Accepted
Application_1912333796,Other
Application_1057062337,Other
Application_1532778101,Accepted
Application_1689887740,Other
Application_833874027,Accepted
Application_454881169,Other
Application_1535364446,Other
Application_1687060597,Other
Application_2139576211,Other
Application_613293846,Accepted
Application_641785629,Other
Application_325661991,Other
Application_100034150,Accepted
Application_474616263,Other
Application_832565896,Accepted
Application_1907729053,Other
Application_322207784,Other
Application_63937793,Other
Application_825032429,Accepted
Application_652037555,Other
Application_1406152685,Other
Application_1907789940,Other
Application_2137490741,Other
Application_749567128,Accepted
Application_966512203,Other
Application_250213551,Accepted
Application_1261587480,Other
Application_1898628669,Accepted
Application_135948797,Other
Application_614724871,Other
Application_248085560,Other
Application_1689728994,Accepted
Application_1475244747,Accepted
Application_1837462519,Other
Application_1170396109,Other
Application_1267935795,Accepted
Application_404285607,Other
Application_310659608,Accepted
Application_247893261,Other
Application_1511845944,Other
Application_807575522,Other
Application_174682533,Accepted
Application_2051436383,Other
Application_2061860558,Other
Application_817000104,Other
Application_177055342,Accepted
Application_1890583551,Accepted
Application_972332974,Accepted
Application_614171406,Other
Application_2105548945,Other
Application_1697089161,Other
Application_1264855362,Accepted
Application_1891821003,Other
Application_41371350,Accepted
Application_181623453,Accepted
Application_1339048925,Accepted
Application_981269003,Accepted
Application_758006326,Other
Application_265475523,Accepted
Application_808763753,Other
Application_897071940,Other
Application_1120398796,Accepted
Application_1377147319,Other
Application_2009027856,Accepted
Application_1230849390,Accepted
Application_872779974,Other
Application_1593014034,Accepted
Application_1711981639,Other
Application_1396135024,Accepted
Application_448674532,Other
Application_1076110627,Other
Application_316137956,Other
Application_865062415,Other
Application_1212734388,Other
Application_1844678824,Accepted
Application_1729631750,Other
Application_647260861,Other
Application_705570729,Accepted
Application_1341553915,Other
Application_1107300521,Other
Application_1869541173,Accepted
Application_787148081,Other
Application_518558399,Other
Application_718673327,Other
Application_1801266094,Other
Application_1249015228,Other
Application_1216638171,Accepted
Application_998406439,Accepted
Application_648638072,Accepted
Application_642497977,Other
Application_858175114,Accepted
Application_1574465284,Other
Application_1941189962,Other
Application_1211936720,Accepted
Application_1791257668,Other
Application_2115815413,Accepted
Application_1668845635,Other
Application_1035073401,Accepted
Application_281616579,Accepted
Application_782569631,Other
Application_459251295,Other
Application_1364104467,Accepted
Application_1174506184,Other
Application_1541603960,Other
Application_2141829754,Accepted
Application_1921115628,Accepted
Application_1706460727,Accepted
Application_1069564389,Other
Application_438519308,Accepted
Application_1512106671,Other
Application_1788276574,Other
Application_1173370804,Accepted
Application_841717021,Other
Application_342000872,Other
Application_1037167788,Other
Application_1747644356,Accepted
Application_1937063591,Other
Application_1130351851,Other
Application_712301423,Accepted
Application_278088810,Other
Application_1775045554,Other
Application_1417021188,Other
Application_2139831844,Other
Application_1795984214,Other
Application_1861619471,Accepted
Application_1528046680,Other
Application_1110428271,Other
Application_594099387,Other
Application_1996816733,Other
Application_204296489,Accepted
Application_634078808,Other
Application_1145078326,Accepted
Application_1870154037,Other
Application_712697877,Other
Application_2070285221,Accepted
Application_987862610,Accepted
Application_1175565050,Other
Application_564583132,Accepted
Application_1646032104,Other
Application_1781705604,Other
Application_1566904286,Other
Application_1536489049,Accepted
Application_2100776308,Other
Application_1440023142,Other
Application_356998268,Other
Application_546646755,Other
Application_173881450,Other
Application_2086379649,Other
Application_1527486669,Accepted
Application_368605712,Accepted
Application_718339009,Other
Application_1000647090,Other
Application_1773215521,Other
Application_1862393070,Other
Application_1714815700,Other
Application_1122937068,Other
Application_798387326,Other
Application_609037272,Accepted
Application_697608399,Other
Application_1346236212,Other
Application_1873956979,Other
Application_2071242220,Other
Application_813566697,Accepted
Application_1273065027,Other
Application_268824226,Other
Application_55499545,Other
Application_1057948957,Accepted
Application_708284776,Accepted
Application_1774048529,Accepted
Application_1424247089,Accepted
Application_341433848,Accepted
Application_1386072101,Other
Application_1825893847,Accepted
Application_1517140316,Accepted
Application_702652323,Other
Application_1807409241,Other
Application_1013989329,Other
Application_1237304810,Accepted
Application_307902240,Other
Application_1770090789,Other
Application_2074296060,Accepted
Application_501332333,Other
Application_91672050,Other
Application_996691055,Accepted
Application_2140778990,Other
Application_1774072183,Other
Application_1079796597,Accepted
Application_865878024,Accepted
Application_378444663,Other
Application_1268457944,Other
Application_1822430276,Accepted
Application_824982506,Accepted
Application_921582572,Accepted
Application_1422439004,Accepted
Application_348579057,Other
Application_2137234048,Accepted
Application_766137832,Accepted
Application_1664330877,Other
Application_1048973398,Accepted
Application_1128773580,Other
Application_377270756,Accepted
Application_644804836,Accepted
Application_1834592320,Other
Application_2077766227,Other
Application_1161950544,Accepted
Application_26040025,Accepted
Application_87502654,Accepted
Application_520671394,Other
Application_1870931707,Accepted
Application_2045735408,Other
Application_317725252,Other
Application_1555979320,Accepted
Application_905493234,Other
Application_1801676377,Accepted
Application_2143744897,Accepted
Application_1764745346,Accepted
Application_1221972343,Accepted
Application_1453873745,Other
Application_16505643,Other
Application_1415699882,Other
Application_981780685,Other
Application_1670387503,Accepted
Application_1803003160,Accepted
Application_1041940949,Other
Application_717625860,Accepted
Application_1417790078,Other
Application_351150613,Other
Application_1240839960,Other
Application_2071061031,Accepted
Application_1754884969,Other
Application_1285076752,Accepted
Application_1465879277,Other
Application_33391799,Other
Application_256888152,Other
Application_1753935724,Accepted
Application_2115118684,Accepted
Application_1891675564,Other
Application_1108318994,Other
Application_818552981,Other
Application_737971971,Other
Application_1437490603,Other
Application_1820530658,Accepted
Application_1775117227,Accepted
Application_326178610,Accepted
Application_928878103,Other
Application_2036405027,Accepted
Application_1218093489,Accepted
Application_657789125,Other
Application_838997211,Accepted
Application_607014950,Other
Application_965285563,Other
Application_1825986201,Accepted
Application_1602747736,Accepted
Application_2040526338,Other
Application_750631596,Other
Application_662121188,Accepted
Application_1450091917,Other
Application_546453124,Accepted
Application_375913836,Other
Application_1172598403,Other
Application_1749341437,Other
Application_2145932809,Other
Application_1774023515,Other
Application_1062743672,Other
Application_1320552822,Other
Application_253037191,Other
Application_1146804203,Accepted
Application_363790189,Other
Application_2110141037,Other
Application_1410770383,Other
Application_752505942,Other
Application_1801717653,Other
Application_1452039492,Other
Application_754074677,Other
Application_678159212,Accepted
Application_1842624116,Other
Application_1251334091,Accepted
Application_1693585514,Other
Application_327211842,Accepted
Application_321443956,Other
Application_1886598173,Accepted
Application_812472044,Other
Application_1405029485,Other
Application_680171771,Accepted
Application_355475956,Accepted
Application_1773478911,Other
Application_2030298659,Accepted
Application_1820421113,Other
Application_1251582652,Accepted
Application_320644542,Other
Application_615901201,Accepted
Application_1806365340,Other
Application_1591668010,Other
Application_2042185584,Other
Application_1903311847,Accepted
Application_320887161,Other
Application_43424443,Accepted
Application_146223603,Accepted
Application_1067969257,Other
Application_2087481623,Other
Application_608609716,Other
Application_1084538604,Other
Application_1669189775,Other
Application_13487593,Accepted
Application_1060326260,Other
Application_326334054,Other
Application_1703869413,Other
Application_1729961843,Other
Application_165912924,Accepted
Application_756866777,Accepted
Application_550149658,Accepted
Application_674161311,Accepted
Application_1757093175,Accepted
Application_649892341,Accepted
Application_788369162,Accepted
Application_1876922943,Accepted
Application_1343555950,Other
Application_323904111,Accepted
Application_746224446,Accepted
Application_1107809815,Accepted
Application_1377915726,Accepted
Application_1444514559,Other
Application_1811066518,Other
Application_1514203482,Other
Application_1021585422,Other
Application_825594172,Other
Application_1440900290,Other
Application_825467260,Other
Application_1359397980,Accepted
Application_1170038106,Accepted
Application_1678456431,Other
Application_1994493181,Other
Application_966170954,Other
Application_2097767622,Other
Application_1114579454,Accepted
Application_2037345411,Other
Application_1090974525,Other
Application_104273532,Other
Application_1968368712,Other
Application_1602958035,Accepted
Application_1289247242,Other
Application_1251437059,Accepted
Application_2005777123,Accepted
Application_368875434,Accepted
Application_626172571,Accepted
Application_893937170,Other
Application_2118000646,Other
Application_1826684322,Accepted
Application_684410570,Other
Application_781342769,Accepted
Application_52646768,Other
Application_390294184,Accepted
Application_175433042,Other
Application_1848152773,Other
Application_2044530341,Other
Application_1925948586,Other
Application_1047938623,Other
Application_733981893,Other
Application_553248365,Accepted
Application_204094078,Accepted
Application_37930769,Other
Application_635598354,Other
Application_1119986126,Other
Application_1181112228,Accepted
Application_2109781640,Other
Application_2029401859,Accepted
Application_1814325221,Other
Application_2809731,Other
Application_385942748,Accepted
Application_61909516,Other
Application_1085318545,Other
Application_761011044,Other
Application_1686468039,Accepted
Application_1382416785,Accepted
Application_569557340,Accepted
Application_1113828335,Accepted
Application_1463426895,Other
Application_1099690397,Accepted
Application_1748541113,Other
Application_954061667,Other
Application_1013582921,Other
Application_2077342860,Accepted
Application_1452561630,Accepted
Application_1785175184,Accepted
Application_386035585,Other
Application_702426655,Accepted
Application_1018089402,Other
Application_688077054,Other
Application_1715759180,Other
Application_1640305151,Accepted
Application_784798904,Other
Application_1363339366,Other
Application_692003816,Other
Application_245034279,Other
Application_66285843,Accepted
Application_955944679,Accepted
Application_513616489,Other
Application_1899289247,Other
Application_1583597725,Accepted
Application_1009359277,Other
Application_421941130,Other
Application_869251473,Accepted
Application_2108138317,Other
Application_1870548201,Other
Application_1419831431,Other
Application_1239514372,Accepted
Application_291944957,Accepted
Application_1106977925,Other
Application_1319938947,Other
Application_2036172797,Other
Application_557188692,Accepted
Application_738217468,Other
Application_109863874,Accepted
Application_336998136,Accepted
Application_1499562447,Other
Application_1797631725,Other
Application_1616344944,Accepted
Application_399329437,Other
Application_1176427687,Accepted
Application_1223389279,Accepted
Application_1362233947,Accepted
Application_104086705,Other
Application_285172480,Accepted
Application_789323635,Accepted
Application_284917089,Accepted
Application_437406188,Other
Application_214061440,Other
Application_1887655274,Accepted
Application_646892363,Other
Application_1093060585,Accepted
Application_436238255,Other
Application_10535231,Other
Application_92918427,Other
Application_796477817,Other
Application_606360392,Accepted
Application_1375303524,Other
Application_1590274915,Accepted
Application_1805168431,Other
Application_2022478392,Accepted
Application_341208154,Accepted
Application_126092533,Other
Application_571832554,Other
Application_748257601,Other
Application_1397387478,Other
Application_1844843408,Other
Application_770279826,Accepted
Application_292258503,Other
Application_782935304,Other
Application_1430385087,Other
Application_2001104639,Accepted
Application_727868756,Other
Application_388597179,Other
Application_576568224,Other
Application_2090028578,Accepted
Application_1739701115,Accepted
Application_2078811820,Accepted
Application_1856168404,Other
Application_658064701,Accepted
Application_1016282069,Accepted
Application_583283460,Accepted
Application_30821353,Other
Application_907809060,Accepted
Application_421059645,Other
Application_1291896185,Other
Application_654593000,Other
Application_65498038,Other
Application_1441755826,Other
Application_1096539433,Accepted
Application_1420656890,Accepted
Application_2124100668,Accepted
Application_994824779,Accepted
Application_564276126,Other
Application_117906047,Accepted
Application_1587099173,Accepted
Application_1549182387,Accepted
Application_1624828578,Accepted
Application_1814448055,Accepted
Application_1350958125,Accepted
Application_53815478,Other
Application_796983820,Accepted
Application_1512465297,Other
Application_1851522076,Accepted
Application_1484649551,Other
Application_2143136172,Other
Application_1359696774,Other
Application_1145386484,Other
Application_711467821,Other
Application_788425278,Accepted
Application_1829577615,Other
Application_1182241099,Accepted
Application_1072849897,Accepted
Application_234076589,Other
Application_423283692,Other
Application_1348975728,Other
Application_1786953423,Other
Application_2145345254,Other
Application_1571949695,Other
Application_1070792566,Accepted
Application_1961011,Accepted
Application_1455568089,Accepted
Application_1756146136,Accepted
Application_37885098,Other
Application_1422472155,Accepted
Application_858495185,Other
Application_2062869987,Accepted
Application_1017122987,Other
Application_1378861084,Other
Application_296318247,Accepted
Application_1186115885,Accepted
Application_1076417048,Other
Application_2026338782,Other
Application_1647145544,Other
Application_2129754208,Other
Application_1342093088,Other
Application_787592280,Other
Application_1575367704,Other
Application_2034229687,Other
Application_1881830333,Accepted
Application_312153234,Accepted
Application_1050826511,Other
Application_956351471,Other
Application_796705418,Accepted
Application_1675186195,Other
Application_971994596,Other
Application_1947575482,Other
Application_1694532607,Accepted
Application_17667841,Other
Application_1100902083,Other
Application_15047007,Other
Application_741445346,Other
Application_1862339519,Other
Application_1016463575,Accepted
Application_1429848056,Other
Application_853133658,Other
Application_494772907,Other
Application_2005590265,Other
Application_1571626886,Accepted
Application_1618462543,Other
Application_219463138,Other
Application_1360228584,Accepted
Application_998310056,Other
Application_1966456911,Other
Application_1608151836,Other
Application_1932113868,Accepted
Application_1722398385,Other
Application_648095822,Accepted
Application_281770566,Other
Application_774638605,Other
Application_1490945837,Other
Application_1500894835,Accepted
Application_1690716209,Other
Application_919590658,Other
Application_291595740,Other
Application_925572639,Other
Application_1723107100,Other
Application_2037978920,Other
Application_1747310451,Other
Application_1405119859,Accepted
Application_449377383,Other
Application_757083144,Other
Application_1407080855,Accepted
Application_1268243744,Other
Application_1767057635,Accepted
Application_1399614082,Other
Application_2098856182,Other
Application_900039031,Accepted
Application_32371457,Accepted
Application_39372365,Other
Application_1408279430,Accepted
Application_1264958852,Other
Application_1408001044,Other
Application_1588335408,Accepted
Application_1935742015,Accepted
Application_40478222,Accepted
Application_140971600,Other
Application_1266201327,Other
Application_1160731788,Other
Application_777194034,Other
Application_2021815395,Other
Application_573277263,Other
Application_2020675005,Other
Application_1827075885,Other
Application_1084297583,Accepted
Application_1549194898,Other
Application_177868383,Other
Application_501172822,Other
Application_1575735019,Other
Application_1855447466,Other
Application_1955042515,Other
Application_938227559,Other
Application_1262866331,Accepted
Application_306348833,Accepted
Application_496068218,Accepted
Application_180301244,Accepted
Application_702224825,Other
Application_848880920,Other
Application_430293509,Accepted
Application_813593140,Other
Application_1028717479,Accepted
Application_1755600609,Accepted
Application_1618887749,Other
Application_409993555,Other
Application_220583227,Other
Application_809073228,Other
Application_1282960214,Other
Application_638092100,Other
Application_737625742,Accepted
Application_17219016,Other
Application_358101907,Accepted
Application_1657959562,Accepted
Application_1716665384,Other
Application_1793006447,Accepted
Application_490476529,Accepted
Application_283977908,Other
Application_1139762596,Other
Application_555615491,Accepted
Application_1252242627,Other
Application_1787440277,Other
Application_279568918,Other
Application_1367208747,Other
Application_1716915618,Other
Application_640391905,Other
Application_863251982,Accepted
Application_354204529,Other
Application_1291531586,Accepted
Application_1562817184,Accepted
Application_160217815,Accepted
Application_105548609,Other
Application_859398704,Other
Application_349128032,Other
Application_2044299099,Other
Application_960750666,Other
Application_1288559505,Other
Application_584942744,Other
Application_779969860,Accepted
Application_429367079,Other
Application_1124885998,Accepted
Application_809248040,Accepted
Application_240310078,Accepted
Application_407499503,Accepted
Application_1339294789,Accepted
Application_1705595636,Other
Application_1986688373,Accepted
Application_2022605489,Accepted
Application_1322263573,Accepted
Application_623888087,Other
Application_366554492,Other
Application_75674622,Other
Application_1274885238,Other
Application_2052053524,Accepted
Application_626843998,Other
Application_76321170,Accepted
Application_273182702,Other
Application_236478579,Other
Application_1167146273,Accepted
Application_665788470,Accepted
Application_1890639301,Other
Application_816139000,Other
Application_1096555919,Other
Application_1521733045,Accepted
Application_1061426019,Other
Application_13089110,Accepted
Application_922597124,Accepted
Application_1086697007,Other
Application_382146273,Other
Application_56127067,Other
Application_1957256393,Accepted
Application_191204128,Accepted
Application_632112558,Accepted
Application_772618086,Other
Application_56677497,Other
Application_2070100271,Other
Application_1354349617,Other
Application_2092383408,Other
Application_23766109,Accepted
Application_794735257,Accepted
Application_458466611,Accepted
Application_1353289841,Accepted
Application_1378425516,Other
Application_447178454,Accepted
Application_1424078082,Other
Application_1714523120,Other
Application_1079881305,Other
Application_1376437010,Accepted
Application_668835464,Other
Application_69375381,Other
Application_288896255,Other
Application_1070075057,Other
Application_639917501,Other
Application_2034562996,Other
Application_1388594217,Accepted
Application_1331763112,Other
Application_1014473740,Other
Application_830713008,Other
Application_843829625,Other
Application_415342459,Accepted
Application_1568684630,Other
Application_1526304113,Accepted
Application_290657757,Accepted
Application_1383229974,Accepted
Application_2031865665,Other
Application_309119339,Other
Application_1138098319,Accepted
Application_450220910,Other
Application_1910265618,Accepted
Application_1206994370,Accepted
Application_1481933521,Accepted
Application_1797648053,Other
Application_1128389680,Accepted
Application_81332199,Accepted
Application_305043154,Other
Application_2018341956,Accepted
Application_1255917381,Accepted
Application_938221508,Other
Application_1127353322,Accepted
Application_127896757,Accepted
Application_844486389,Accepted
Application_1210275678,Accepted
Application_1571383880,Other
Application_1347828691,Accepted
Application_497034201,Accepted
Application_90366615,Accepted
Application_305066145,Other
Application_1388436718,Other
Application_1343107752,Other
Application_364287388,Accepted
Application_1130839763,Accepted
Application_1455323235,Accepted
Application_398677658,Other
Application_1489410969,Accepted
Application_989028844,Accepted
Application_1731238463,Other
Application_139828864,Accepted
Application_223056310,Accepted
Application_1783980439,Accepted
Application_1114315622,Accepted
Application_1124752980,Other
Application_1780372767,Other
Application_2096101122,Other
Application_571866394,Accepted
Application_214162594,Other
Application_580049342,Other
Application_699413707,Other
Application_411521567,Other
Application_188064935,Other
Application_1517945646,Other
Application_886716748,Accepted
Application_1718708689,Other
Application_1942052168,Other
Application_915164182,Accepted
Application_129650982,Other
Application_445859947,Other
Application_763148659,Other
Application_1641948477,Other
Application_1894420545,Accepted
Application_1132024479,Accepted
Application_714967238,Other
Application_503789648,Other
Application_208389958,Other
Application_1471879218,Other
Application_946723017,Other
Application_2003616220,Accepted
Application_1863579153,Accepted
Application_877270210,Other
Application_662209101,Accepted
Application_430531880,Other
Application_574588548,Accepted
Application_2073443447,Accepted
Application_879379997,Other
Application_433006296,Other
Application_1288416901,Other
Application_1646167756,Other
Application_1860190418,Other
Application_873986344,Accepted
Application_212270704,Other
Application_304697320,Accepted
Application_1293844870,Other
Application_1103525626,Other
Application_391392042,Other
Application_871903077,Accepted
Application_1062307878,Accepted
Application_1694166125,Accepted
Application_20502706,Other
Application_1609265064,Accepted
Application_391586410,Accepted
Application_888359730,Other
Application_898015554,Accepted
Application_1972712480,Other
Application_573254015,Other
Application_185973617,Accepted
Application_1275998583,Accepted
Application_1591842500,Accepted
Application_1213485507,Other
Application_1901761427,Other
Application_1113916357,Accepted
Application_461262243,Other
Application_250159106,Other
Application_1055127008,Other
Application_1301085112,Other
Application_1723963074,Other
Application_1500620879,Other
Application_974447995,Other
Application_865028079,Accepted
Application_81995350,Accepted
Application_984607251,Other
Application_1363998176,Other
Application_2067486485,Other
Application_1541452316,Other
Application_1848337819,Accepted
Application_584699392,Other
Application_1363877669,Accepted
Application_1014199128,Accepted
Application_715212713,Other
Application_70752848,Other
Application_1646461966,Accepted
Application_1949719453,Accepted
Application_2130195515,Other
Application_1223569371,Other
Application_2124823945,Other
Application_425000640,Accepted
Application_790741259,Accepted
Application_2015138107,Other
Application_967284572,Accepted
Application_1283217943,Accepted
Application_335535958,Other
Application_651473489,Other
Application_2082477759,Other
Application_1851550771,Accepted
Application_1512484588,Accepted
Application_493971498,Accepted
Application_232285505,Other
Application_1154823576,Other
Application_1994539018,Other
Application_1933177195,Accepted
Application_260822015,Other
Application_585290222,Other
Application_1775677176,Accepted
Application_929328501,Accepted
Application_1219963154,Accepted
Application_1851142990,Other
Application_2001168002,Other
Application_1516456466,Other
Application_1166457429,Accepted
Application_581159301,Accepted
Application_709842917,Other
Application_1530129403,Accepted
Application_1340675211,Other
Application_1815489928,Accepted
Application_1870444730,Other
Application_616675985,Accepted
Application_122937881,Other
Application_447381980,Other
Application_1638285326,Other
Application_1708997602,Other
Application_1309550029,Accepted
Application_1229177720,Accepted
Application_226883758,Accepted
Application_1600799981,Accepted
Application_1411379682,Accepted
Application_2102515464,Accepted
Application_737117547,Other
Application_1456077197,Other
Application_1639709656,Accepted
Application_939104505,Accepted
Application_1128601253,Accepted
Application_1226063921,Other
Application_848666358,Other
Application_1550995299,Accepted
Application_1201402803,Other
Application_91671659,Other
Application_306588897,Other
Application_1039561265,Other
Application_1389045852,Other
Application_660111935,Accepted
Application_1911743026,Accepted
Application_1623521916,Accepted
Application_731761087,Other
Application_1198737809,Other
Application_301482455,Other
Application_966459722,Other
Application_1799347283,Other
Application_106746923,Other
Application_592533899,Other
Application_967749417,Accepted
Application_1325335309,Other
Application_590235007,Accepted
Application_484847639,Accepted
Application_708091569,Accepted
Application_1647390747,Other
Application_2005274758,Accepted
Application_1644570060,Other
Application_1422939976,Accepted
Application_1214943230,Accepted
Application_587715330,Other
Application_169981733,Accepted
Application_679646041,Other
Application_1108620674,Other
Application_1960505967,Other
Application_1215857967,Accepted
Application_1009117608,Accepted
Application_667493808,Other
Application_1288870281,Other
Application_467120645,Other
Application_606209534,Other
Application_290944033,Accepted
Application_227664287,Other
Application_1317554585,Accepted
Application_505063978,Accepted
Application_935545252,Other
Application_11615304,Other
Application_1194332995,Other
Application_1929270253,Other
Application_316626490,Other
Application_758534163,Accepted
Application_4535060,Other
Application_1641093027,Other
Application_2144451517,Other
Application_1837402244,Other
Application_70591371,Accepted
Application_420426676,Accepted
Application_293974221,Other
Application_78611735,Accepted
Application_1997279628,Accepted
Application_2069514259,Other
Application_1223133948,Accepted
Application_420644115,Accepted
Application_248729462,Other
Application_652776625,Accepted
Application_1900053498,Other
Application_1224617716,Other
Application_1155084750,Accepted
Application_78530752,Other
Application_907020089,Other
Application_1275513862,Accepted
Application_1992093770,Other
Application_1936928312,Other
Application_2041952814,Accepted
Application_1062938548,Accepted
Application_616644670,Other
Application_145894720,Other
Application_908692742,Other
Application_592253335,Other
Application_1564962700,Other
Application_1790562572,Accepted
Application_2141699002,Other
Application_242606261,Other
Application_2098833418,Other
Application_239410867,Other
Application_202446270,Other
Application_1934066886,Other
Application_1575935451,Accepted
Application_542431170,Other
Application_894353749,Other
Application_713024844,Other
Application_532135388,Other
Application_350820149,Other
Application_1521210969,Other
Application_1472029641,Other
Application_262072997,Other
Application_315765367,Accepted
Application_1655328214,Accepted
Application_1339122697,Other
Application_1433980057,Other
Application_360296114,Other
Application_356152193,Other
Application_714194279,Accepted
Application_1531042124,Other
Application_1563003348,Other
Application_1116334291,Other
Application_317049779,Other
Application_1033118972,Other
Application_579962880,Other
Application_375956088,Accepted
Application_818836958,Other
Application_1008474739,Other
Application_1585699297,Other
Application_2023183746,Accepted
Application_1122207344,Accepted
Application_940975309,Other
Application_258049460,Other
Application_166127451,Accepted
Application_916744124,Other
Application_2021114965,Other
Application_1309205887,Other
Application_1658763257,Accepted
Application_1296253491,Other
Application_395262977,Other
Application_376167129,Other
Application_557764012,Other
Application_1767074054,Other
Application_952740547,Other
Application_1841520354,Accepted
Application_45987461,Other
Application_905708559,Accepted
Application_1550989829,Accepted
Application_544925977,Accepted
Application_861301751,Accepted
Application_663896719,Other
Application_35905526,Other
Application_1952501306,Other
Application_859836693,Other
Application_1243097802,Accepted
Application_1019781911,Accepted
Application_217655029,Other
Application_567227067,Other
Application_839520526,Other
Application_1947571468,Accepted
Application_1593230963,Accepted
Application_1170768513,Accepted
Application_484086279,Other
Application_1224365187,Other
Application_2131053606,Other
Application_1982922523,Other
Application_1482065813,Other
Application_1172470662,Accepted
Application_571008226,Other
Application_415617411,Accepted
Application_503954743,Accepted
Application_910430727,Other
Application_1335847495,Other
Application_1333369709,Other
Application_2032585516,Accepted
Application_1697671223,Accepted
Application_970356405,Other
Application_1151714939,Other
Application_1658421398,Other
Application_1705590208,Other
Application_1777765923,Other
Application_507577219,Other
Application_729988702,Other
Application_74083076,Accepted
Application_288856123,Other
Application_355809275,Accepted
Application_785468545,Other
Application_1635441277,Other
Application_823592551,Other
Application_1071087950,Other
Application_1731351151,Other
Application_1078949552,Other
Application_433489433,Other
Application_1871503220,Other
Application_1664756314,Other
Application_1932940940,Other
Application_563622586,Accepted
Application_1549297928,Other
Application_1781281352,Accepted
Application_850345065,Other
Application_1663363263,Other
Application_365564661,Accepted
Application_791859837,Other
Application_568844197,Other
Application_139061219,Accepted
Application_1476866922,Other
Application_1216024843,Other
Application_132947422,Other
Application_916132326,Other
Application_1217041900,Other
Application_171346951,Accepted
Application_220284580,Accepted
Application_1484781251,Other
Application_2059303693,Accepted
Application_1351392071,Other
Application_1153270142,Other
Application_904073848,Other
Application_133164771,Other
Application_1513406442,Other
Application_2094573171,Accepted
Application_705518904,Accepted
Application_217121981,Accepted
Application_551163218,Other
Application_2066172284,Accepted
Application_1027523448,Other
Application_370951361,Other
Application_1453804298,Other
Application_1129485419,Other
Application_1568793899,Other
Application_1758736880,Accepted
Application_2076688465,Other
Application_1000557783,Accepted
Application_1323255143,Other
Application_762463507,Accepted
Application_1287576684,Other
Application_938255668,Other
Application_1853045238,Accepted
Application_2010505878,Accepted
Application_1498699021,Other
Application_1308799343,Other
Application_93820571,Other
Application_99637432,Other
Application_1746559085,Accepted
Application_1501740988,Accepted
Application_772899725,Other
Application_1028526219,Accepted
Application_1795700050,Other
Application_1515600606,Accepted
Application_995957898,Other
Application_2078746048,Accepted
Application_1657413785,Other
Application_1938375885,Other
Application_855139293,Other
Application_175102263,Other
Application_255181717,Other
Application_503589934,Other
Application_2009784943,Other
Application_1786396248,Accepted
Application_2124966151,Accepted
Application_1429382166,Accepted
Application_641508359,Other
Application_287333972,Accepted
Application_1147393764,Other
Application_1936143198,Accepted
Application_853756243,Other
Application_672931249,Other
Application_210721542,Other
Application_1474731293,Accepted
Application_1789438034,Accepted
Application_630874086,Accepted
Application_74265765,Other
Application_359552159,Accepted
Application_1002032547,Other
Application_677898656,Accepted
Application_1835214356,Accepted
Application_1516812077,Other
Application_686676413,Accepted
Application_1769734221,Other
Application_334346995,Other
Application_360246644,Accepted
Application_1404829863,Other
Application_1674997921,Other
Application_815617184,Other
Application_493845140,Other
Application_616621453,Other
Application_1584890418,Other
Application_816309757,Accepted
Application_117082133,Accepted
Application_266238113,Accepted
Application_1808644519,Other
Application_1921656574,Accepted
Application_164196969,Other
Application_17235666,Other
Application_1705553597,Other
Application_1894510820,Other
Application_1334126362,Other
Application_820689016,Accepted
Application_868512477,Accepted
Application_182079414,Accepted
Application_1618695918,Other
Application_1807687318,Other
Application_1445831307,Accepted
Application_700889498,Other
Application_868102003,Other
Application_1276961162,Other
Application_1908229857,Other
Application_1113994951,Other
Application_1790659498,Other
Application_33869292,Accepted
Application_1926508807,Other
Application_1671522922,Accepted
Application_860512720,Other
Application_568214679,Other
Application_2015541060,Accepted
Application_1473862277,Other
Application_1797979026,Other
Application_1111410940,Accepted
Application_103222410,Other
Application_581316485,Accepted
Application_1793895675,Other
Application_1487336656,Accepted
Application_2136019929,Other
Application_1559729956,Other
Application_604003727,Other
Application_1937773493,Accepted
Application_1778266019,Other
Application_864334008,Other
Application_1213685750,Other
Application_703869260,Other
Application_641738626,Other
Application_1278192632,Other
Application_596761305,Accepted
Application_320562148,Accepted
Application_1546281404,Other
Application_897429884,Other
Application_1558699583,Other
Application_2142896665,Accepted
Application_1077855459,Accepted
Application_648442257,Other
Application_16903638,Other
Application_1731468030,Accepted
Application_1373169839,Other
Application_1065678246,Other
Application_1284173961,Other
Application_959900535,Other
Application_2136453974,Other
Application_1741497784,Accepted
Application_1169685823,Other
Application_1479549226,Accepted
Application_1559471075,Accepted
Application_984955968,Other
Application_1174487475,Accepted
Application_2099596617,Other
Application_1524292990,Accepted
Application_1332963018,Other
Application_259318563,Other
Application_1009220910,Accepted
Application_1670412272,Other
Application_1455769176,Accepted
Application_2083545924,Other
Application_1618288478,Accepted
Application_864497913,Other
Application_481315443,Other
Application_670767920,Other
Application_816103910,Other
Application_1244585956,Accepted
Application_1616643583,Other
Application_1401496561,Accepted
Application_28108337,Accepted
Application_575892243,Other
Application_900460993,Other
Application_1838804220,Accepted
Application_1247358786,Accepted
Application_1256078078,Other
Application_1689914291,Other
Application_1331335471,Other
Application_1745339515,Other
Application_512562915,Other
Application_435753618,Other
Application_2003953465,Other
Application_1253057293,Other
Application_1372470449,Accepted
Application_872571226,Accepted
Application_1823681895,Other
Application_316337434,Accepted
Application_871683731,Other
Application_555909254,Accepted
Application_1830532197,Accepted
Application_1632392078,Other
Application_1321058233,Other
Application_1968921696,Other
Application_1595554552,Other
Application_1250230158,Other
Application_1806137660,Accepted
Application_946349105,Accepted
Application_516232179,Other
Application_771233850,Other
Application_674264984,Other
Application_1469859342,Other
Application_2121438831,Accepted
Application_1983910250,Accepted
Application_1204535804,Accepted
Application_1238932261,Accepted
Application_1627525501,Accepted
Application_1934395283,Accepted
Application_1545025138,Accepted
Application_1194649845,Other
Application_112267181,Accepted
Application_547216985,Other
Application_382259395,Other
Application_1597260990,Other
Application_1959367708,Other
Application_1201175536,Other
Application_118454896,Other
Application_1036031677,Other
Application_512809579,Other
Application_1589359791,Other
Application_251218906,Accepted
Application_2120901674,Other
Application_431938227,Accepted
Application_1641372345,Accepted
Application_1957067639,Other
Application_1514719904,Accepted
Application_1587285313,Other
Application_1949926859,Other
Application_504546453,Other
Application_1908615777,Other
Application_1590166055,Accepted
Application_1447078181,Other
Application_1907764759,Other
Application_1940730410,Other
Application_1258746465,Other
Application_866868145,Other
Application_542229398,Other
Application_184327246,Accepted
Application_571492451,Accepted
Application_1220365145,Other
Application_1969766745,Accepted
Application_2135622798,Other
Application_1486614947,Accepted
Application_602590634,Other
Application_412709395,Other
Application_221581677,Accepted
Application_471946869,Accepted
Application_893190776,Other
Application_1541803817,Other
Application_1968736484,Accepted
Application_1618969531,Accepted
Application_2027354376,Other
Application_602925307,Other
Application_1087673661,Other
Application_464616486,Accepted
Application_140129725,Other
Application_1193700991,Other
Application_1543259185,Accepted
Application_1679870829,Accepted
Application_1726163143,Other
Application_935359785,Other
Application_1651588063,Other
Application_1301927722,Other
Application_434282161,Other
Application_554608724,Other
Application_1705547444,Other
Application_2028722013,Other
Application_1638787939,Accepted
Application_577478895,Other
Application_2139807728,Accepted
Application_615012415,Other
Application_1062597280,Other
Application_1277496092,Other
Application_1842322303,Other
Application_551571973,Other
Application_1661111470,Accepted
Application_2134114845,Accepted
Application_607018297,Accepted
Application_1520636792,Accepted
Application_1851714931,Other
Application_2032298723,Accepted
Application_1242897841,Accepted
Application_1178942684,Other
Application_316239244,Other
Application_581157932,Other
Application_864649471,Accepted
Application_230369089,Other
Application_211828202,Accepted
Application_618390668,Accepted
Application_980527052,Accepted
Application_1690708840,Other
Application_1051399444,Accepted
Application_1881349265,Other
Application_1331629354,Other
Application_189626436,Other
Application_256466383,Accepted
Application_992509096,Other
Application_816280383,Accepted
Application_2066675404,Other
Application_1332397677,Other
Application_260273104,Other
Application_1026980360,Other
Application_2042077626,Other
Application_1887399952,Other
Application_1537066674,Other
Application_49799302,Other
Application_256488947,Other
Application_1330057843,Other
Application_1874226125,Other
Application_1398240983,Accepted
Application_457250823,Other
Application_49271927,Other
Application_705696946,Other
Application_397437967,Accepted
Application_277468607,Accepted
Application_42852858,Other
Application_180560526,Accepted
Application_1254670069,Other
Application_1607889125,Other
Application_2040969462,Other
Application_2071565481,Other
Application_1422858605,Accepted
Application_539678082,Other
Application_476137012,Other
Application_1326513285,Accepted
Application_1104033799,Accepted
Application_1402953314,Other
Application_824290060,Other
Application_1683071807,Other
Application_1537443979,Accepted
Application_1352640877,Other
Application_1995862436,Other
Application_466572112,Accepted
Application_403619170,Accepted
Application_616279885,Accepted
Application_98076320,Accepted
Application_1474877940,Other
Application_1251704133,Accepted
Application_1960455467,Other
Application_834094557,Accepted
Application_492621131,Other
Application_2067998304,Other
Application_1510877498,Accepted
Application_985292519,Other
Application_1207970401,Accepted
Application_445985181,Accepted
Application_222295771,Other
Application_1690676314,Other
Application_1209107293,Other
Application_1925161972,Other
Application_99272140,Other
Application_545473242,Other
Application_983471579,Accepted
Application_537764026,Other
Application_1509239804,Accepted
Application_2065532160,Accepted
Application_1871062639,Accepted
Application_1341379367,Other
Application_635899102,Other
Application_732138920,Accepted
Application_438379970,Other
Application_1683452341,Other
Application_1874306743,Accepted
Application_1347914449,Accepted
Application_1023398657,Other
Application_734821071,Other
Application_544548205,Other
Application_847066688,Accepted
Application_1144168806,Other
Application_786302718,Accepted
Application_287983853,Accepted
Application_504178376,Other
Application_1160764593,Other
Application_793916637,Other
Application_1017437265,Other
Application_162497967,Other
Application_1398782403,Other
Application_1814321194,Other
Application_1452123421,Other
Application_442961054,Other
Application_823158328,Other
Application_195407330,Accepted
Application_376472202,Other
Application_1258596148,Other
Application_89492424,Accepted
Application_313208058,Accepted
Application_1075917620,Other
Application_411257955,Other
Application_1790665140,Other
Application_924702013,Other
Application_633209844,Accepted
Application_1842130888,Other
Application_295083910,Other
Application_113645538,Accepted
Application_829679528,Accepted
Application_252989873,Other
Application_1782511681,Other
Application_1445446952,Accepted
Application_1547884608,Accepted
Application_280469867,Other
Application_414664818,Other
Application_572077071,Other
Application_1649931045,Accepted
Application_1351336683,Other
Application_1574079518,Other
Application_828951778,Other
Application_196696109,Other
Application_576035670,Other
Application_1326150405,Other
Application_1785229252,Other
Application_1894599728,Accepted
Application_1244409491,Other
Application_758579015,Other
Application_1142048855,Other
Application_1491429188,Accepted
Application_2055631011,Other
Application_1368905222,Accepted
Application_1288650428,Accepted
Application_568841069,Other
Application_1267210506,Other
Application_2078583490,Other
Application_1513883916,Accepted
Application_1149385102,Other
Application_1497156980,Accepted
Application_1717356929,Accepted
Application_1055137970,Other
Application_335833186,Other
Application_1860744009,Accepted
Application_1350660062,Other
Application_64286790,Other
Application_467208011,Accepted
Application_1045214635,Other
Application_1361029032,Other
Application_931240033,Other
Application_1711758713,Accepted
Application_1863055447,Other
Application_503158497,Other
Application_1744060988,Accepted
Application_2124681738,Accepted
Application_1988841112,Accepted
Application_1285223161,Accepted
Application_923406445,Other
Application_1223096308,Other
Application_710176464,Other
Application_5386947,Other
Application_1419053599,Accepted
Application_1865304004,Accepted
Application_396564940,Other
Application_843359026,Other
Application_2052520067,Accepted
Application_1481162623,Other
Application_350411215,Other
Application_788777485,Other
Application_1147075597,Accepted
Application_1441958089,Other
Application_1107728950,Other
Application_213710034,Other
Application_1795164430,Other
Application_2111307226,Accepted
Application_9282141,Other
Application_367479101,Accepted
Application_714151748,Other
Application_1439240346,Accepted
Application_921989818,Accepted
Application_16508292,Accepted
Application_197687245,Accepted
Application_683002021,Other
Application_1281642977,Accepted
Application_519142144,Other
Application_1101941744,Accepted
Application_786482604,Accepted
Application_1565316268,Other
Application_380985404,Accepted
Application_722305811,Other
Application_1065478710,Other
Application_850474011,Other
Application_1428136517,Other
Application_1371376020,Other
Application_1065175494,Other
Application_199480038,Other
Application_1465418541,Other
Application_1654791597,Other
Application_2008169053,Accepted
Application_1566738637,Other
Application_1883913820,Accepted
Application_803356232,Other
Application_453675517,Other
Application_357022323,Accepted
Application_630639256,Accepted
Application_1077254268,Other
Application_1292199013,Other
Application_2055636781,Other
Application_1301519272,Accepted
Application_800100457,Accepted
Application_542947971,Other
Application_92537371,Other
Application_1293027432,Other
Application_1996091858,Accepted
Application_1948885488,Other
Application_1966741359,Accepted
Application_86809420,Other
Application_164118000,Accepted
Application_920227653,Accepted
Application_2138031605,Other
Application_1967344868,Other
Application_1187707414,Other
Application_1566761780,Accepted
Application_29527580,Accepted
Application_160128919,Other
Application_619101799,Accepted
Application_1213204029,Accepted
Application_1520269436,Other
Application_1170429974,Other
Application_1567643736,Accepted
Application_642295273,Accepted
Application_1071818580,Accepted
Application_82327163,Accepted
Application_142343024,Other
Application_787803884,Other
Application_1733355006,Other
Application_1002348901,Other
Application_1431658844,Other
Application_350079960,Other
Application_34193941,Other
Application_278536001,Other
Application_1067696654,Other
Application_361179855,Other
Application_658596017,Other
Application_1376403013,Other
Application_1864694828,Other
Application_790153003,Accepted
Application_600698358,Accepted
Application_55460795,Other
Application_269910143,Other
Application_88479963,Accepted
Application_804464018,Other
Application_1600746513,Other
Application_2071543732,Accepted
Application_1793798633,Other
Application_900977187,Other
Application_200844854,Other
Application_494381435,Other
Application_1492801192,Other
Application_1728512306,Accepted
Application_1302812607,Other
Application_17505463,Other
Application_130143551,Other
Application_2062064303,Other
Application_638412039,Accepted
Application_671928783,Other
Application_988069477,Other
Application_1388010863,Other
Application_88971276,Accepted
Application_52258481,Other
Application_410428578,Other
Application_306180561,Other
Application_1351265740,Other
Application_1860117960,Accepted
Application_918459127,Accepted
Application_88487526,Other
Application_556925039,Accepted
Application_273064050,Other
Application_846756065,Other
Application_2041417321,Accepted
Application_1662316950,Other
Application_732468386,Accepted
Application_987027820,Accepted
Application_1572142806,Other
Application_1930162005,Other
Application_1475271790,Accepted
Application_1858510060,Other
Application_1854734826,Other
Application_592083089,Other
Application_43387509,Accepted
Application_292006777,Other
Application_489736371,Other
Application_1476773866,Accepted
Application_1262007021,Other
Application_1961506851,Other
Application_597959320,Other
Application_168568352,Accepted
Application_126706929,Other
Application_2106546273,Other
Application_1424010136,Accepted
Application_1613922664,Other
Application_712839917,Other
Application_661464596,Other
Application_361633957,Other
Application_551377054,Accepted
Application_2101524415,Other
Application_1886872966,Accepted
Application_1186807560,Accepted
Application_1236915917,Other
Application_894777546,Other
Application_187552693,Other
Application_1723973623,Other
Application_1024736114,Accepted
Application_2101524760,Accepted
Application_447287054,Other
Application_22462694,Other
Application_1949469174,Accepted
Application_1676058637,Other
Application_2100868881,Accepted
Application_486190565,Other
Application_262883108,Accepted
Application_453134752,Other
Application_811417218,Other
Application_1409488856,Other
Application_1093340674,Accepted
Application_1788793058,Other
Application_2127586761,Other
Application_802322754,Other
Application_693369147,Accepted
Application_271525117,Other
Application_89866395,Other
Application_381035418,Accepted
Application_1318132091,Other
Application_2128607275,Other
Application_1812545925,Other
Application_635400595,Other
Application_184358220,Other
Application_64154351,Accepted
Application_630979082,Other
Application_767228671,Other
Application_1015829712,Other
Application_1520474449,Other
Application_1878480292,Accepted
Application_1342061277,Other
Application_1186064010,Other
Application_177974649,Other
Application_1842852252,Accepted
Application_1391917606,Other
Application_755627867,Accepted
Application_1732336378,Other
Application_969943163,Other
Application_2346788,Other
Application_460918643,Accepted
Application_1513337847,Accepted
Application_999507989,Accepted
Application_1320598114,Other
Application_467970405,Other
Application_1120308517,Accepted
Application_391614519,Accepted
Application_1330291640,Other
Application_951134996,Accepted
Application_1469127552,Other
Application_610209894,Accepted
Application_464200506,Other
Application_1554629006,Accepted
Application_1942341922,Accepted
Application_2045034660,Accepted
Application_680671788,Other
Application_2121375723,Other
Application_1897945606,Accepted
Application_1457293816,Other
Application_1680700600,Other
Application_908351221,Accepted
Application_1644007706,Accepted
Application_1512596133,Other
Application_430577010,Accepted
Application_332828309,Accepted
Application_1216957190,Other
Application_1663247541,Accepted
Application_212769454,Other
Application_1000339879,Accepted
Application_1005604553,Other
Application_1093248621,Other
Application_1861569735,Accepted
Application_1177661137,Accepted
Application_276563463,Other
Application_1665479630,Accepted
Application_338303396,Other
Application_1357597381,Other
Application_1366149620,Other
Application_152231879,Other
Application_375415556,Other
Application_1581356559,Accepted
Application_1863626598,Other
Application_935646988,Other
Application_1231341773,Other
Application_577250831,Accepted
Application_1828725434,Other
Application_2018444546,Other
Application_1207762748,Accepted
Application_1332366774,Accepted
Application_1270934438,Other
Application_320107802,Other
Application_130588891,Other
Application_577445376,Other
Application_431076549,Other
Application_1651193107,Accepted
Application_1301610617,Other
Application_1718053150,Other
Application_6918840,Other
Application_571712791,Accepted
Application_1332408814,Accepted
Application_1694695476,Other
Application_580544877,Accepted
Application_215437353,Other
Application_2009707581,Other
Application_1659897749,Other
Application_1561663258,Accepted
Application_777869378,Other
Application_487063221,Accepted
Application_627402640,Other
Application_978882619,Accepted
Application_1871295971,Accepted
Application_1091755115,Other
Application_212917570,Other
Application_23498699,Accepted
Application_1014738976,Other
Application_435997539,Other
Application_330841402,Accepted
Application_6455133,Other
Application_1011657063,Other
Application_1366259743,Other
Application_870944279,Other
Application_633579793,Other
Application_619220322,Accepted
Application_356722191,Other
Application_141678468,Accepted
Application_1055557026,Other
Application_2091435755,Other
Application_157986780,Other
Application_1088749867,Other
Application_1310752294,Other
Application_1564247002,Other
Application_1757146716,Other
Application_1061935811,Other
Application_299204710,Accepted
Application_766806831,Other
Application_1848296752,Other
Application_1923817243,Accepted
Application_1418958962,Accepted
Application_1579125914,Accepted
Application_1220405170,Other
Application_1065260204,Accepted
Application_841886683,Other
Application_151085007,Accepted
Application_1083806463,Accepted
Application_1307155650,Other
Application_1757865681,Other
Application_1072056987,Other
Application_1396508129,Other
Application_170008178,Other
Application_494420092,Other
Application_1093619676,Other
Application_768383853,Accepted
Application_1724744519,Accepted
Application_1847492658,Accepted
Application_1381604514,Other
Application_1732221433,Other
Application_1015528427,Accepted
Application_299213786,Other
Application_776164204,Accepted
Application_1070894524,Accepted
Application_1849789695,Accepted
Application_1971991982,Other
Application_1366371425,Other
Application_1050534620,Accepted
Application_350976918,Other
Application_727422444,Accepted
Application_161512457,Accepted
Application_285213130,Other
Application_1485433331,Other
Application_1381469770,Accepted
Application_1161969558,Accepted
Application_311095509,Accepted
Application_770521810,Other
Application_420905252,Accepted
Application_138736085,Accepted
Application_989884266,Other
Application_1853502124,Other
Application_1413325385,Other
Application_1221766967,Other
Application_1979422650,Other
Application_2126080314,Other
Application_331401841,Other
Application_1232628960,Other
Application_102018713,Other
Application_291464997,Other
Application_1492548924,Accepted
Application_806877258,Other
Application_1912654753,Other
Application_234719138,Accepted
Application_212064997,Other
Application_11770950,Other
Application_1382461423,Accepted
Application_1644338098,Other
Application_1662789749,Other
Application_287881628,Accepted
Application_47655916,Other
Application_811820529,Other
Application_1258109706,Other
Application_1570349021,Other
Application_1074323894,Accepted
Application_1696301358,Accepted
Application_2058662276,Other
Application_1670566220,Other
Application_857073808,Accepted
Application_1038258614,Accepted
Application_89201295,Other
Application_226957054,Other
Application_784941124,Other
Application_427049155,Other
Application_1649289335,Accepted
Application_1434524340,Other
Application_1085421582,Other
Application_706002335,Other
Application_1426832674,Accepted
Application_13199143,Other
Application_1063014072,Other
Application_1252402241,Other
Application_276624028,Other
Application_740415183,Accepted
Application_78867594,Other
Application_1249190112,Other
Application_1849834109,Other
Application_274338517,Other
Application_1299438806,Accepted
Application_983328214,Accepted
Application_1614934514,Other
Application_531674488,Other
Application_1608139800,Accepted
Application_1389537819,Accepted
Application_1073500375,Accepted
Application_480049,Other
Application_2146513747,Other
Application_711817090,Other
Application_1786352555,Accepted
Application_620461250,Other
Application_1454134365,Other
Application_1229987314,Other
Application_153953477,Accepted
Application_202815709,Other
Application_634174877,Accepted
Application_1708169532,Other
Application_573052176,Other
Application_105366430,Other
Application_1653747700,Other
Application_1566874170,Other
Application_2015139370,Other
Application_1108435847,Accepted
Application_40788835,Accepted
Application_607806050,Other
Application_825859186,Other
Application_1689321100,Other
Application_1882071199,Other
Application_1287027075,Accepted
Application_516976783,Accepted
Application_115825442,Other
Application_607365794,Other
Application_1572073029,Accepted
Application_932586349,Other
Application_252305629,Other
Application_1676427444,Accepted
Application_975756921,Accepted
Application_2050219401,Accepted
Application_426333346,Accepted
Application_790988698,Other
Application_1719533825,Accepted
Application_2015283867,Accepted
Application_932317770,Other
Application_742898760,Other
Application_462940012,Other
Application_1485013059,Other
Application_756321209,Accepted
Application_1684853387,Accepted
Application_967390190,Other
Application_617587477,Other
Application_95862612,Accepted
Application_333546522,Other
Application_1416233614,Other
Application_737436686,Accepted
Application_1907476123,Accepted
Application_1313394322,Other
Application_955448245,Accepted
Application_1414589629,Accepted
Application_1721987107,Other
Application_1805613799,Other
Application_71751395,Other
Application_1126141927,Other
Application_1543159861,Other
Application_241685891,Accepted
Application_1412486706,Other
Application_470697628,Other
Application_1719869123,Accepted
Application_1808088984,Other
Application_2039508961,Accepted
Application_258641537,Accepted
Application_1144223005,Other
Application_762424366,Accepted
Application_2028718315,Other
Application_607229218,Accepted
Application_392378221,Accepted
Application_1322438567,Accepted
Application_1099064262,Other
Application_103036362,Accepted
Application_460989096,Other
Application_1953530039,Accepted
Application_968216344,Other
Application_256596834,Other
Application_1015311658,Accepted
Application_1817155931,Other
Application_32651394,Other
Application_328757569,Other
Application_1330582846,Other
Application_2080745414,Accepted
Application_1898360280,Other
Application_691231975,Other
Application_1142205827,Other
Application_67807949,Other
Application_248335808,Other
Application_1820191297,Other
Application_1623702766,Other
Application_818841754,Accepted
Application_1176871328,Accepted
Application_328315872,Accepted
Application_611514061,Accepted
Application_1327502178,Accepted
Application_969473306,Other
Application_1304832915,Accepted
Application_673274032,Accepted
Application_41792401,Accepted
Application_229066208,Other
Application_861645132,Accepted
Application_1224020780,Other
Application_1942407848,Accepted
Application_1307844760,Other
Application_1214874448,Other
Application_582552511,Accepted
Application_224882638,Other
Application_858043864,Accepted
Application_365543483,Other
Application_1583185519,Other
Application_1941200011,Other
Application_1945155794,Accepted
Application_978243781,Accepted
Application_1424943878,Other
Application_476572835,Accepted
Application_1233772162,Accepted
Application_883995052,Other
Application_739151315,Other
Application_1015358885,Other
Application_1651538679,Accepted
Application_1229450881,Accepted
Application_577914761,Accepted
Application_711722413,Accepted
Application_1954238247,Other
Application_700390229,Other
Application_1768298227,Other
Application_1816092834,Accepted
Application_1025536070,Other
Application_1593767107,Other
Application_258190116,Other
Application_961629305,Other
Application_1649035801,Other
Application_1953005669,Accepted
Application_2142547096,Accepted
Application_1203777798,Other
Application_302261063,Other
Application_508813562,Other
Application_940043354,Other
Application_1942841706,Accepted
Application_2136882806,Other
Application_1432289502,Other
Application_2130892046,Accepted
Application_1951194752,Accepted
Application_1532811638,Accepted
Application_649413946,Accepted
Application_865530320,Other
Application_433812613,Accepted
Application_1513663027,Other
Application_659115405,Other
Application_1589882995,Other
Application_1948340352,Other
Application_2056247987,Other
Application_647570318,Other
Application_1131988050,Accepted
Application_77186115,Accepted
Application_1191799323,Accepted
Application_2131402595,Other
Application_1700634082,Accepted
Application_968212711,Other
Application_466430983,Other
Application_1511329601,Other
Application_268670086,Other
Application_507863204,Other
Application_731239222,Accepted
Application_2059470847,Accepted
Application_1137470998,Other
Application_71458920,Other
Application_421198957,Accepted
Application_278274689,Accepted
Application_1822749300,Accepted
Application_1026876156,Other
Application_261652203,Other
Application_302069252,Accepted
Application_1184623933,Other
Application_1863226004,Accepted
Application_1213374018,Accepted
Application_1377054287,Accepted
Application_2103731286,Other
Application_1674129566,Accepted
Application_1833180628,Other
Application_1244497545,Other
Application_1021431020,Other
Application_495453251,Accepted
Application_1194177206,Other
Application_397700842,Other
Application_1465201786,Other
Application_1167268568,Accepted
Application_265816038,Accepted
Application_641951611,Accepted
Application_6945668,Accepted
Application_343046757,Other
Application_92185315,Other
Application_1041971803,Other
Application_1256941676,Other
Application_1416454203,Accepted
Application_350395873,Accepted
Application_93565791,Accepted
Application_850958320,Accepted
Application_2057878121,Accepted
Application_1341553220,Accepted
Application_1726104496,Accepted
Application_1410263244,Other
Application_792986433,Accepted
Application_435301208,Accepted
Application_1100210112,Other
Application_1692941650,Accepted
Application_1330788410,Other
Application_794898141,Accepted
Application_2057050113,Other
Application_287984851,Accepted
Application_1334138057,Accepted
Application_160947143,Other
Application_1560579462,Accepted
Application_1924195522,Accepted
Application_2056209632,Other
Application_433763071,Other
Application_1120399612,Other
Application_80215838,Other
Application_648324036,Other
Application_2086497770,Other
Application_1386891687,Accepted
Application_563544896,Accepted
Application_778321702,Accepted
Application_420589145,Other
Application_520700002,Accepted
Application_1563945700,Other
Application_1947049089,Accepted
Application_1214550142,Other
Application_1913822589,Accepted
Application_2007002789,Other
Application_624738321,Other
Application_1344300721,Accepted
Application_1778463340,Other
Application_1720162704,Other
Application_1079238571,Accepted
Application_588494517,Other
Application_374131697,Other
Application_1061421842,Other
Application_1540321754,Other
Application_1301282602,Accepted
Application_882931345,Other
Application_188268710,Other
Application_848666574,Accepted
Application_199627637,Accepted
Application_1570134383,Accepted
Application_1725970951,Accepted
Application_1346420300,Other
Application_375889808,Accepted
Application_798263461,Other
Application_975414344,Other
Application_1170441756,Accepted
Application_691459982,Other
Application_1640100407,Other
Application_1863217818,Other
Application_1222346939,Other
Application_1580511205,Accepted
Application_2015299154,Other
Application_1205228689,Accepted
Application_712190633,Other
Application_1809407232,Other
Application_1697645995,Other
Application_519522134,Accepted
Application_161489872,Accepted
Application_563383361,Accepted
Application_520558490,Accepted
Application_136852207,Accepted
Application_878148429,Accepted
Application_664546001,Other
Application_32595808,Accepted
Application_599888653,Other
Application_1501006708,Accepted
Application_1863779672,Other
Application_1529828729,Other
Application_1710543601,Other
Application_666087690,Other
Application_349957809,Other
Application_59605709,Other
Application_417673245,Accepted
Application_1500268050,Other
Application_510716211,Other
Application_673080906,Other
Application_225958359,Accepted
Application_1435949528,Other
Application_2122440631,Other
Application_574313248,Accepted
Application_128023247,Other
Application_1219727526,Accepted
Application_1434497828,Other
Application_1633746030,Accepted
Application_778156059,Accepted
Application_147352520,Other
Application_336824591,Accepted
Application_1383004327,Accepted
Application_1345147006,Other
Application_1829215276,Other
Application_206773874,Other
Application_145978763,Other
Application_819182654,Accepted
Application_48061187,Other
Application_2024324111,Other
Application_1263013285,Accepted
Application_577916462,Other
Application_718992767,Other
Application_1207376834,Other
Application_1355560294,Accepted
Application_308696671,Accepted
Application_1852555058,Other
Application_997228011,Accepted
Application_311307131,Other
Application_1166446164,Other
Application_66988012,Other
Application_413326304,Accepted
Application_912331348,Other
Application_1261837054,Accepted
Application_1373703121,Other
Application_1174228992,Other
Application_755352664,Other
Application_123210264,Other
Application_1052307551,Other
Application_1224778258,Other
Application_1984985896,Other
Application_1407878698,Accepted
Application_1984682064,Accepted
Application_1584210194,Accepted
Application_1950841103,Other
Application_1485429216,Other
Application_1167976606,Accepted
Application_952589697,Accepted
Application_2133375401,Other
Application_1988709935,Accepted
Application_1946595918,Accepted
Application_915321597,Accepted
Application_217107990,Other
Application_1581922106,Accepted
Application_541071585,Accepted
Application_1987444327,Accepted
Application_177188777,Accepted
Application_1046501360,Other
Application_216366422,Other
Application_234518043,Other
Application_532585175,Other
Application_40805563,Accepted
Application_1473581433,Accepted
Application_1920004538,Other
Application_1696523601,Other
Application_1165877282,Other
Application_43901883,Other
Application_137314123,Accepted
Application_937190284,Other
Application_1699546992,Accepted
Application_2031526625,Accepted
Application_2040245106,Accepted
Application_1678028174,Other
Application_460690895,Accepted
Application_128062281,Other
Application_1625466749,Other
Application_1460743918,Other
Application_1262887348,Other
Application_2113754461,Other
Application_1107161047,Accepted
Application_791087537,Accepted
Application_883923338,Other
Application_506131561,Accepted
Application_1459578299,Other
Application_1263968654,Accepted
Application_2091743840,Other
Application_566975169,Other
Application_1438612386,Other
Application_137106125,Accepted
Application_1737530400,Other
Application_511076234,Other
Application_707655934,Accepted
Application_1057390418,Other
Application_678815696,Accepted
Application_1403426126,Other
Application_1549646306,Other
Application_703387842,Accepted
Application_2101886140,Other
Application_1723112038,Accepted
Application_939691189,Other
Application_1735983369,Accepted
Application_1305811960,Other
Application_134075004,Other
Application_1417468002,Other
Application_1560848257,Accepted
Application_1113275054,Accepted
Application_1294577318,Other
Application_94011882,Accepted
Application_478108820,Other
Application_1861219639,Other
Application_2103964126,Accepted
Application_2067018819,Accepted
Application_714222942,Other
Application_67125590,Accepted
Application_430030338,Accepted
Application_1127641283,Other
Application_1174523261,Accepted
Application_118888889,Other
Application_256646791,Other
Application_955832121,Other
Application_1331271629,Other
Application_486579620,Other
Application_345385668,Accepted
Application_1139703369,Accepted
Application_353528293,Accepted
Application_944382948,Other
Application_1962706192,Other
Application_483693500,Other
Application_1136484968,Other
Application_1640906881,Other
Application_263798827,Other
Application_992399299,Accepted
Application_1342385673,Accepted
Application_1918722497,Accepted
Application_8499587,Accepted
Application_711825360,Accepted
Application_1905641443,Other
Application_1740657580,Other
Application_1416276442,Accepted
Application_966548766,Other
Application_13879985,Accepted
Application_1340982338,Other
Application_359703157,Other
Application_684070621,Other
Application_1901336749,Accepted
Application_1147387259,Accepted
Application_1789065177,Other
Application_1439292997,Other
Application_215914032,Accepted
Application_715598250,Other
Application_355088155,Other
Application_1016735,Other
Application_1306986704,Other
Application_1757157140,Accepted
Application_1886662655,Other
Application_1105541270,Other
Application_722160616,Other
Application_24165930,Accepted
Application_100589233,Other
Application_749762188,Other
Application_1364991012,Accepted
Application_1175333399,Accepted
Application_2010903496,Other
Application_1399243797,Other
Application_1209324898,Other
Application_1280349654,Other
Application_867564228,Accepted
Application_1358916253,Other
Application_1812419926,Accepted
Application_1728096062,Accepted
Application_1025200557,Other
Application_1218595396,Other
Application_1346638793,Other
Application_561722327,Other
Application_1284030876,Accepted
Application_1658528984,Other
Application_1841039405,Other
Application_865222327,Accepted
Application_1560789819,Accepted
Application_1171357703,Other
Application_217304207,Other
Application_1264141219,Accepted
Application_1192961758,Other
Application_2124247941,Other
Application_1947299550,Other
Application_33189114,Other
Application_1302702228,Other
Application_93406557,Other
Application_417707912,Accepted
Application_1413142045,Accepted
Application_827409771,Accepted
Application_1800969554,Accepted
Application_1807414560,Other
Application_1523180868,Accepted
Application_1078472497,Other
Application_728402769,Other
Application_1397327961,Accepted
Application_1961897462,Other
Application_2139120117,Other
Application_1039851595,Other
Application_1493734457,Other
Application_350314882,Accepted
Application_438652225,Other
Application_812093442,Accepted
Application_1509443809,Accepted
Application_2136928337,Accepted
Application_1955842713,Accepted
Application_1335910328,Accepted
Application_406851742,Accepted
Application_1175724023,Accepted
Application_22436749,Other
Application_630592655,Other
Application_810238752,Other
Application_1240719777,Accepted
Application_1969242080,Accepted
Application_886774383,Accepted
Application_1946539544,Accepted
Application_95653622,Other
Application_990838565,Accepted
Application_201165843,Accepted
Application_2100916160,Accepted
Application_1970869335,Accepted
Application_47379713,Other
Application_876737775,Accepted
Application_1167262465,Other
Application_2028752694,Other
Application_1067645643,Other
Application_953480850,Accepted
Application_120022473,Accepted
Application_1383850952,Other
Application_309337918,Accepted
Application_128097385,Other
Application_867794296,Other
Application_2053360998,Other
Application_519471497,Accepted
Application_962545007,Other
Application_267855093,Accepted
Application_436272049,Other
Application_1265753074,Accepted
Application_1631868794,Accepted
Application_2059872739,Accepted
Application_857770791,Other
Application_70034619,Other
Application_633094842,Accepted
Application_1302697494,Accepted
Application_2136368398,Other
Application_1492453276,Other
Application_59724445,Other
Application_1149600070,Other
Application_1800548437,Accepted
Application_617481312,Accepted
Application_861174392,Other
Application_970490913,Accepted
Application_1753630400,Accepted
Application_1285782559,Other
Application_1846118121,Other
Application_906834648,Other
Application_1467290951,Other
Application_393273474,Accepted
Application_1088419360,Accepted
Application_443692519,Other
Application_158464854,Accepted
Application_1052886976,Other
Application_334331917,Accepted
Application_48611577,Other
Application_871554107,Accepted
Application_1788210643,Other
Application_713006338,Accepted
Application_1361693889,Accepted
Application_1037620910,Other
Application_1486841381,Other
Application_1107512194,Accepted
Application_1726808776,Accepted
Application_16139518,Other
Application_714135894,Accepted
Application_1631338431,Accepted
Application_475801708,Other
Application_1745346635,Other
Application_929673650,Accepted
Application_195023059,Other
Application_647726871,Other
Application_281233449,Accepted
Application_1218287826,Other
Application_1715530824,Accepted
Application_1500544719,Other
Application_1862395679,Other
Application_1116225001,Accepted
Application_33872120,Other
Application_20990621,Accepted
Application_638782298,Other
Application_1713421783,Other
Application_1034706502,Accepted
Application_2109333411,Accepted
Application_1397344963,Other
Application_1202912224,Other
Application_128674946,Accepted
Application_91245711,Accepted
Application_357246297,Other
Application_1932658564,Accepted
Application_1807984610,Accepted
Application_37332935,Other
Application_576881743,Other
Application_2108538567,Other
Application_1470080917,Other
Application_50555155,Other
Application_1543346933,Accepted
Application_1463775883,Other
Application_1032645340,Other
Application_1542444551,Accepted
Application_1348682800,Other
Application_1355308417,Accepted
Application_271407289,Accepted
Application_305708618,Other
Application_1034230663,Other
Application_684944068,Other
Application_52363471,Accepted
Application_1030054529,Accepted
Application_1410020795,Accepted
Application_1886163085,Other
Application_816764533,Other
Application_741039245,Other
Application_49709352,Accepted
Application_321974111,Other
Application_1404643497,Accepted
Application_1348600041,Other
Application_1817483168,Other
Application_1041376528,Other
Application_981075543,Accepted
Application_1449941621,Other
Application_447661520,Other
Application_17601554,Other
Application_566509707,Other
Application_1131956785,Accepted
Application_991026124,Other
Application_612034345,Accepted
Application_1519719618,Other
Application_875737508,Other
Application_573888631,Other
Application_1847624232,Other
Application_1468411202,Accepted
Application_27977797,Accepted
Application_1765823410,Accepted
Application_377453181,Accepted
Application_1527128131,Accepted
Application_1202911960,Accepted
Application_120420332,Other
Application_1919412596,Other
Application_333902513,Accepted
Application_586582513,Accepted
Application_1033361005,Other
Application_236765236,Other
Application_1309462126,Other
Application_2071855648,Other
Application_1668755806,Other
Application_308078821,Other
Application_621191946,Accepted
Application_1023901719,Other
Application_174969704,Accepted
Application_836201269,Accepted
Application_1917076230,Accepted
Application_1472411377,Other
Application_1925105093,Other
Application_1302698834,Other
Application_852044036,Accepted
Application_1113516595,Accepted
Application_1676077687,Accepted
Application_1745206325,Other
Application_1313426910,Accepted
Application_1528409499,Accepted
Application_447781816,Accepted
Application_165361517,Accepted
Application_95377284,Other
Application_831145369,Accepted
Application_1747898516,Other
Application_1834213163,Other
Application_759669339,Other
Application_689417892,Accepted
Application_1317503057,Accepted
Application_1730913786,Other
Application_1117111914,Other
Application_696733279,Accepted
Application_864117701,Accepted
Application_2094879627,Other
Application_1463737208,Other
Application_1832401025,Other
Application_37016025,Accepted
Application_372480578,Other
Application_1446779814,Accepted
Application_1734532187,Accepted
Application_981969053,Other
Application_898423994,Accepted
Application_479443453,Accepted
Application_413745976,Accepted
Application_1496148225,Accepted
Application_1732152740,Other
Application_649659347,Accepted
Application_1580050868,Accepted
Application_1957882045,Other
Application_1776792805,Other
Application_1308956644,Other
Application_1108619333,Other
Application_1399314822,Accepted
Application_1956502441,Accepted
Application_1733662751,Accepted
Application_1084954796,Other
Application_1501454963,Other
Application_1143425012,Other
Application_2077514757,Other
Application_1429265724,Other
Application_1854738901,Accepted
Application_1205695385,Accepted
Application_719380726,Accepted
Application_1321522158,Other
Application_1900152258,Accepted
Application_644649298,Accepted
Application_631055487,Other
Application_1002013470,Other
Application_1430479575,Accepted
Application_1360299305,Other
Application_1211288227,Other
Application_268840189,Accepted
Application_1610382565,Other
Application_241380269,Other
Application_1179617226,Other
Application_1360886754,Other
Application_266785045,Accepted
Application_2119954037,Other
Application_448008528,Other
Application_929029293,Accepted
Application_1907738962,Other
Application_1086603594,Other
Application_2045284368,Other
Application_987810444,Accepted
Application_500418152,Other
Application_868521109,Other
Application_1279156256,Other
Application_883454213,Accepted
Application_1941000802,Other
Application_1055785370,Other
Application_925614906,Other
Application_157779704,Accepted
Application_1988526324,Other
Application_2125316323,Accepted
Application_233856489,Other
Application_622062031,Accepted
Application_718817304,Other
Application_1908739952,Accepted
Application_1264080714,Accepted
Application_1694785563,Accepted
Application_420828284,Accepted
Application_1032601860,Other
Application_232032104,Other
Application_309727639,Accepted
Application_1231251396,Accepted
Application_519262625,Accepted
Application_548234389,Other
Application_644865647,Other
Application_1186593370,Accepted
Application_1620657976,Other
Application_971758744,Other
Application_1882088228,Other
Application_1108692697,Other
Application_409372078,Accepted
Application_919038062,Accepted
Application_2107975128,Accepted
Application_1740885749,Accepted
Application_1217504535,Accepted
Application_223298446,Other
Application_1664016200,Accepted
Application_378239363,Accepted
Application_879272027,Other
Application_2088461664,Other
Application_736121270,Other
Application_1700174135,Other
Application_482479248,Other
Application_845991684,Accepted
Application_1313565439,Accepted
Application_1810508964,Accepted
Application_1411660994,Other
Application_1283927377,Other
Application_812712353,Accepted
Application_1631142928,Other
Application_966143546,Other
Application_1855297401,Other
Application_465287588,Other
Application_419883832,Other
Application_1598819239,Other
Application_1376451019,Other
Application_1836083756,Other
Application_1394462506,Accepted
Application_611054481,Accepted
Application_1525520496,Other
Application_261639082,Other
Application_1163374622,Other
Application_839176751,Accepted
Application_1800705163,Other
Application_855452482,Accepted
Application_530944837,Accepted
Application_278348274,Other
Application_947401801,Other
Application_2021388287,Other
Application_1197737267,Other
Application_123326963,Accepted
Application_192354880,Accepted
Application_1875980882,Accepted
Application_801847530,Other
Application_984610823,Accepted
Application_1632058835,Accepted
Application_443305651,Accepted
Application_380295503,Other
Application_694484642,Other
Application_2010493482,Accepted
Application_1632221370,Accepted
Application_440784398,Accepted
Application_217476941,Other
Application_1735228186,Accepted
Application_1772113936,Accepted
Application_977351057,Accepted
Application_435267930,Other
Application_372072024,Accepted
Application_1400661306,Other
Application_1219772874,Other
Application_434158019,Accepted
Application_210042192,Other
Application_1219502153,Other
Application_829514876,Other
Application_513602305,Accepted
Application_1812343832,Other
Application_1174431343,Accepted
Application_540477087,Accepted
Application_782705224,Other
Application_215823677,Other
Application_1618627539,Accepted
Application_1951682560,Other
Application_86801016,Other
Application_359635976,Accepted
Application_1634681330,Other
Application_547815947,Other
Application_536704213,Other
Application_415608673,Accepted
Application_1129544428,Other
Application_1614037589,Other
Application_1958174229,Accepted
Application_96263055,Other
Application_1409556915,Accepted
Application_794818245,Accepted
Application_1742680054,Accepted
Application_1991926258,Other
Application_203747837,Other
Application_799026640,Other
Application_1987325366,Other
Application_1960363959,Other
Application_556934589,Other
Application_363955305,Other
Application_1857565231,Other
Application_874580041,Accepted
Application_1759147596,Accepted
Application_1259318596,Other
Application_1638663055,Other
Application_886971972,Accepted
Application_1711210906,Accepted
Application_212902333,Other
Application_149050884,Other
Application_1762246904,Other
Application_131156250,Other
Application_952743183,Other
Application_320464805,Other
Application_762886734,Accepted
Application_1450039644,Accepted
Application_1856747550,Other
Application_559435258,Other
Application_1004788187,Other
Application_78417623,Accepted
Application_1160848279,Other
Application_1518742005,Other
Application_565003104,Other
Application_995343315,Accepted
Application_1278440150,Accepted
Application_829884939,Accepted
Application_629807553,Other
Application_929687551,Other
Application_145761512,Other
Application_1599304156,Accepted
Application_289531087,Other
Application_627476253,Accepted
Application_930070555,Other
Application_2004610363,Other
Application_820632856,Accepted
Application_1895053688,Other
Application_776728364,Accepted
Application_1219039696,Accepted
Application_561380152,Other
Application_990225212,Other
Application_1356922267,Other
Application_1305234083,Other
Application_1162136709,Accepted
Application_1663359860,Accepted
Application_373868430,Accepted
Application_733209952,Other
Application_1816131153,Other
Application_585461183,Accepted
Application_96715065,Other
Application_269644245,Other
Application_190549046,Other
Application_159115592,Accepted
Application_556921905,Accepted
Application_1272649251,Accepted
Application_1974491539,Accepted
Application_1970662609,Accepted
Application_1878246886,Other
Application_445888747,Accepted
Application_949353973,Accepted
Application_1974367792,Other
Application_1450889049,Accepted
Application_1216027679,Accepted
Application_169626651,Accepted
Application_559240853,Other
Application_196665701,Other
Application_1128347073,Other
Application_1876874075,Other
Application_444232564,Other
Application_560602372,Accepted
Application_197347356,Accepted
Application_1524610124,Accepted
Application_2146282520,Other
Application_1967509889,Other
Application_59104543,Accepted
Application_529947967,Accepted
Application_1612508567,Accepted
Application_1090564097,Other
Application_1465876683,Other
Application_628839264,Accepted
Application_1631537906,Other
Application_1230126659,Other
Application_1231671483,Other
Application_1008513010,Accepted
Application_1264642009,Other
Application_2133141854,Other
Application_1206904937,Other
Application_889651502,Accepted
Application_432258172,Other
Application_1657383531,Accepted
Application_1974332594,Other
Application_1281091470,Other
Application_514549410,Accepted
Application_324448966,Accepted
Application_885083466,Accepted
Application_770579058,Other
Application_169449598,Accepted
Application_1205005068,Accepted
Application_1496606918,Other
Application_416030036,Other
Application_889722446,Other
Application_773870683,Other
Application_173342167,Other
Application_666400249,Accepted
Application_49910506,Accepted
Application_1391564443,Other
Application_577491572,Other
Application_1959836412,Other
Application_253735434,Other
Application_1645687233,Accepted
Application_389538257,Accepted
Application_1116505965,Other
Application_751895767,Accepted
Application_1319304473,Other
Application_1681429941,Accepted
Application_387229422,Other
Application_949814648,Other
Application_1261820295,Accepted
Application_633511492,Other
Application_411535790,Other
Application_1388880661,Other
Application_1708594599,Other
Application_1620285047,Other
Application_1754136234,Other
Application_1164500411,Other
Application_1345778487,Other
Application_397964178,Other
Application_81911405,Other
Application_943092013,Accepted
Application_1525035370,Other
Application_1491156462,Other
Application_11164910,Accepted
Application_1983184297,Accepted
Application_1630587065,Other
Application_907270638,Other
Application_1487403448,Other
Application_1659497787,Other
Application_1580146910,Other
Application_506252329,Accepted
Application_730145958,Accepted
Application_1985395335,Accepted
Application_1622962500,Accepted
Application_1692419725,Other
Application_832904687,Other
Application_2018445855,Other
Application_574154608,Accepted
Application_1342378277,Accepted
Application_517786770,Accepted
Application_1950192873,Accepted
Application_1593340963,Other
Application_1146012844,Other
Application_1324833568,Other
Application_2019785587,Other
Application_393599584,Other
Application_1325402395,Other
Application_503736280,Accepted
Application_439133564,Accepted
Application_719974220,Other
Application_1908872618,Accepted
Application_2011142946,Accepted
Application_1312820460,Other
Application_1334029970,Accepted
Application_1716989043,Accepted
Application_1090386869,Other
Application_1878043372,Other
Application_795330920,Accepted
Application_143569287,Other
Application_1074154612,Accepted
Application_1832794147,Accepted
Application_1453548976,Other
Application_1381777384,Accepted
Application_1760862003,Accepted
Application_973484486,Accepted
Application_324251805,Other
Application_134558163,Accepted
Application_1263516246,Other
Application_1721640107,Accepted
Application_435480683,Other
Application_1681084086,Accepted
Application_1298129292,Other
Application_212079587,Accepted
Application_2058492552,Other
Application_1180834539,Other
Application_864964198,Accepted
Application_946416512,Accepted
Application_1869112611,Other
Application_1219413099,Other
Application_296651660,Other
Application_726749790,Other
Application_1698914074,Other
Application_1732345081,Accepted
Application_1318169061,Accepted
Application_2113180180,Other
Application_1125976838,Accepted
Application_776475876,Accepted
Application_128301864,Accepted
Application_52539020,Accepted
Application_1037103361,Accepted
Application_596285306,Accepted
Application_1921255123,Other
Application_1861943090,Accepted
Application_1299917200,Other
Application_671544951,Other
Application_593579163,Other
Application_225061253,Accepted
Application_124231906,Other
Application_857014444,Other
Application_1021913039,Other
Application_1921084759,Accepted
Application_74986527,Other
Application_651698168,Accepted
Application_1989522146,Accepted
Application_2090506978,Accepted
Application_1358319829,Accepted
Application_1230658979,Other
Application_513313181,Other
Application_1195876268,Accepted
Application_869116987,Other
Application_379186341,Accepted
Application_1651773614,Accepted
Application_2099516242,Accepted
Application_1015546073,Accepted
Application_201596136,Other
Application_148060446,Other
Application_2062960220,Other
Application_1124033362,Other
Application_756079689,Accepted
Application_45725238,Other
Application_1282162851,Accepted
Application_317415209,Accepted
Application_1408498898,Other
Application_1155116605,Accepted
Application_794154692,Accepted
Application_949933933,Other
Application_275653856,Other
Application_82245319,Accepted
Application_637898865,Other
Application_279719812,Accepted
Application_1371640796,Other
Application_1849209375,Accepted
Application_1800264832,Other
Application_1442239845,Accepted
Application_370187743,Other
Application_12211471,Other
Application_440498116,Accepted
Application_1765107724,Accepted
Application_1566791305,Accepted
Application_1456703915,Accepted
Application_1073355268,Accepted
Application_757467621,Accepted
Application_332899052,Other
Application_564206168,Other
Application_1406732715,Other
Application_1278913774,Accepted
Application_1722873677,Other
Application_1648619619,Other
Application_62413981,Other
Application_1495971439,Other
Application_1139316424,Other
Application_1714893017,Other
Application_380497976,Other
Application_1333311434,Other
Application_700751021,Other
Application_700273584,Other
Application_2140040466,Accepted
Application_812279075,Accepted
Application_463515398,Accepted
Application_493293481,Accepted
Application_1448801673,Other
Application_47046051,Accepted
Application_737514305,Accepted
Application_1955068735,Other
Application_2001029717,Other
Application_1139142792,Other
Application_772233049,Other
Application_1991854797,Other
Application_1940358661,Other
Application_1717313323,Accepted
Application_653628882,Accepted
Application_1374343559,Other
Application_112954315,Other
Application_742143883,Accepted
Application_991081217,Other
Application_809541276,Other
Application_1711326345,Other
Application_1905690146,Other
Application_523899749,Accepted
Application_242826715,Other
Application_73255471,Accepted
Application_378373564,Accepted
Application_734766572,Accepted
Application_2058509067,Other
Application_1878269740,Accepted
Application_758573434,Accepted
Application_981899371,Accepted
Application_924032181,Other
Application_32569371,Other
Application_70575133,Other
Application_394950850,Accepted
Application_1365534420,Other
Application_2109616341,Other
Application_2056189065,Accepted
Application_846115536,Other
Application_1038409529,Accepted
Application_1164479144,Other
Application_75253019,Other
Application_1362992765,Accepted
Application_1000311556,Other
Application_1165073723,Accepted
Application_763305655,Other
Application_455997089,Other
Application_260549775,Accepted
Application_3621854,Accepted
Application_1406789860,Other
Application_977259081,Other
Application_2131770838,Other
Application_1716416616,Accepted
Application_1250170137,Accepted
Application_1439596777,Accepted
Application_18864108,Other
Application_175123430,Other
Application_663094571,Other
Application_1551915148,Accepted
Application_2130538791,Accepted
Application_2067647949,Accepted
Application_1717973063,Accepted
Application_685179154,Accepted
Application_187897249,Other
Application_398561461,Accepted
Application_1976651383,Other
Application_1684475889,Other
Application_1364296198,Accepted
Application_797280184,Other
Application_223762502,Accepted
Application_278821078,Other
Application_1162195492,Other
Application_1810274575,Other
Application_557305484,Accepted
Application_42616486,Accepted
Application_740190804,Other
Application_525127043,Accepted
Application_1093149827,Other
Application_743139927,Other
Application_11056149,Other
Application_1076617564,Accepted
Application_1506479388,Other
Application_1687313304,Accepted
Application_547390461,Accepted
Application_1251400189,Other
Application_749738020,Other
Application_2034069001,Other
Application_2046128464,Other
Application_706626781,Accepted
Application_747028440,Accepted
Application_1085885640,Other
Application_137771250,Other
Application_186544966,Other
Application_2033347032,Other
Application_1708559649,Other
Application_21968082,Accepted
Application_302395205,Other
Application_721103002,Other
Application_1060353243,Other
Application_361798468,Accepted
Application_1408064114,Other
Application_836009953,Accepted
Application_678057668,Accepted
Application_1057632382,Accepted
Application_1873212893,Accepted
Application_722853922,Other
Application_398572337,Accepted
Application_801769166,Accepted
Application_19465348,Other
Application_1181904610,Other
Application_360341371,Accepted
Application_1726877019,Other
Application_979607013,Accepted
Application_1160462229,Accepted
Application_320115839,Other
Application_2023992550,Other
Application_1868077644,Other
Application_1846691376,Other
Application_1646159699,Accepted
Application_1570992111,Accepted
Application_843912372,Other
Application_1777117337,Accepted
Application_2000426360,Accepted
Application_1434907430,Other
Application_73912949,Other
Application_1638539031,Other
Application_1394696453,Accepted
Application_1575419762,Accepted
Application_1937783719,Accepted
Application_891018092,Other
Application_195173119,Accepted
Application_1070469431,Accepted
Application_1431215387,Other
Application_790714931,Other
Application_55358150,Accepted
Application_1393283498,Other
Application_1816786835,Other
Application_1029342308,Other
Application_410097901,Accepted
Application_599768194,Accepted
Application_2005617504,Other
Application_1854701500,Accepted
Application_127322260,Other
Application_815394683,Accepted
Application_1350934784,Other
Application_942292222,Accepted
Application_1864733733,Accepted
Application_512937065,Other
Application_1435427970,Other
Application_5914359,Accepted
Application_346641351,Other
Application_570535820,Other
Application_1775305062,Other
Application_1526776418,Accepted
Application_1548649062,Other
Application_1872866481,Accepted
Application_1118853478,Accepted
Application_608898266,Other
Application_347109788,Accepted
Application_90538758,Accepted
Application_102322853,Accepted
Application_179996959,Other
Application_1317075789,Other
Application_2045604126,Other
Application_1398350535,Accepted
Application_516863999,Accepted
Application_404231381,Other
Application_214534974,Other
Application_244578315,Accepted
Application_674542386,Accepted
Application_2010171789,Other
Application_1904858623,Accepted
Application_1201139814,Other
Application_907265894,Accepted
Application_110099600,Other
Application_820140800,Other
Application_2118822299,Other
Application_1325976894,Other
Application_1633539404,Other
Application_1802029012,Other
Application_108378127,Other
Application_1812265802,Accepted
Application_843640997,Other
Application_1726058584,Accepted
Application_1403562604,Other
Application_171086323,Other
Application_1276836720,Accepted
Application_2070124537,Other
Application_1371149184,Other
Application_1754042891,Accepted
Application_1343505639,Other
Application_1969715926,Accepted
Application_1975458815,Accepted
Application_758410711,Other
Application_1260201637,Accepted
Application_2004687858,Other
Application_1468726272,Accepted
Application_1559195255,Accepted
Application_685941371,Other
Application_507042204,Accepted
Application_1217556032,Accepted
Application_1896272833,Other
Application_2040478111,Other
Application_1297936488,Other
Application_253625285,Other
Application_104461308,Accepted
Application_823446650,Other
Application_402326957,Accepted
Application_1931137635,Accepted
Application_1414853105,Other
Application_1169795193,Other
Application_215118209,Other
Application_1809205144,Accepted
Application_498233479,Other
Application_1290717436,Accepted
Application_259576400,Accepted
Application_575445381,Other
Application_1033718512,Other
Application_1838440360,Other
Application_535380992,Accepted
Application_753867905,Other
Application_391410842,Other
Application_1693440880,Other
Application_2034504988,Other
Application_1305749720,Other
Application_870595775,Accepted
Application_1085577901,Accepted
Application_557761807,Other
Application_1294780449,Other
Application_1724540361,Other
Application_970675813,Other
Application_1911537483,Other
Application_1465159299,Other
Application_390499777,Other
Application_1159387735,Other
Application_325568439,Other
Application_487581969,Accepted
Application_1676196092,Other
Application_2025784058,Other
Application_961088614,Other
Application_113691220,Other
Application_998458322,Other
Application_577740264,Other
Application_505385160,Accepted
Application_1800368221,Other
Application_1585642412,Other
Application_364569980,Other
Application_979960086,Accepted
Application_1024812544,Accepted
Application_839867915,Other
Application_372471407,Other
Application_378946955,Other
Application_1971442108,Accepted
Application_1777558419,Other
Application_1417985347,Other
Application_1194733316,Other
Application_252493919,Other
Application_696222167,Accepted
Application_1923654724,Other
Application_1274891861,Other
Application_1771246864,Accepted
Application_1446933219,Accepted
Application_1826451403,Other
Application_51423639,Accepted
Application_1774322346,Other
Application_1807354177,Other
Application_1348043183,Other
Application_373972684,Accepted
Application_752700749,Accepted
Application_1102463671,Accepted
Application_845997257,Accepted
Application_521658626,Other
Application_1921429650,Accepted
Application_2144151820,Other
Application_873288267,Accepted
Application_172496574,Other
Application_45422146,Accepted
Application_707700019,Other
Application_1457784695,Other
Application_1672015337,Accepted
Application_740771533,Other
Application_1090929167,Accepted
Application_539562588,Other
Application_374444957,Other
Application_1614121017,Accepted
Application_2048723122,Other
Application_977470348,Accepted
Application_939620670,Other
Application_285907468,Accepted
Application_96248866,Accepted
Application_1838525925,Other
Application_1741490576,Accepted
Application_391977558,Other
Application_1859851567,Other
Application_980696491,Other
Application_1696739091,Other
Application_942760177,Other
Application_282848465,Other
Application_433252294,Other
Application_622835802,Other
Application_757550982,Other
Application_906030362,Accepted
Application_46849437,Other
Application_1791786801,Accepted
Application_1475803733,Other
Application_899255749,Other
Application_1699666907,Other
Application_1827926490,Other
Application_798354589,Other
Application_1834707268,Accepted
Application_396730229,Other
Application_312076466,Other
Application_542995348,Other
Application_896689174,Accepted
Application_449824511,Other
Application_1347115818,Other
Application_50811788,Other
Application_669398392,Accepted
Application_1751934282,Other
Application_1948926595,Other
Application_1528488516,Accepted
Application_1468017749,Accepted
Application_1270560432,Other
Application_768111690,Other
Application_1842265654,Other
Application_1484249838,Other
Application_945903308,Accepted
Application_1261923936,Other
Application_949053704,Other
Application_632945487,Other
Application_2082072199,Accepted
Application_1254156047,Other
Application_537644015,Other
Application_1160313731,Other
Application_1609323614,Accepted
Application_930890529,Other
Application_583648030,Accepted
Application_2016409761,Other
Application_1330706835,Other
Application_610205010,Other
Application_464416038,Accepted
Application_1511622720,Other
Application_437141322,Accepted
Application_148343970,Other
Application_1090484896,Other
Application_901011910,Other
Application_431951870,Other
Application_1592858998,Other
Application_787224214,Accepted
Application_1951108835,Other
Application_638888138,Other
Application_1085330541,Accepted
Application_396842766,Other
Application_1583772656,Other
Application_829940711,Accepted
Application_1908787367,Other
Application_1280967656,Other
Application_362875716,Accepted
Application_1440890838,Other
Application_1784530182,Accepted
Application_1226323060,Other
Application_1781098340,Other
Application_575924036,Accepted
Application_889149007,Other
Application_1998956052,Other
Application_1647177006,Other
Application_1309291557,Accepted
Application_942686152,Accepted
Application_1659726888,Other
Application_1552840342,Accepted
Application_2054094998,Other
Application_1139889602,Other
Application_136905722,Other
Application_781776606,Accepted
Application_292635471,Other
Application_515109573,Other
Application_1434508717,Other
Application_2096021197,Other
Application_712286089,Other
Application_51568568,Other
Application_1599504425,Other
Application_1622587636,Other
Application_1818234276,Other
Application_852448913,Accepted
Application_1565083758,Other
Application_2034924330,Other
Application_1971825779,Other
Application_1944378460,Accepted
Application_410001353,Accepted
Application_1871720277,Accepted
Application_1146456361,Other
Application_662460960,Accepted
Application_1361630071,Other
Application_502119746,Other
Application_570774963,Other
Application_785435966,Other
Application_1112057448,Accepted
Application_1305966715,Accepted
Application_1036967529,Other
Application_467350209,Other
Application_607309528,Other
Application_1761434768,Other
Application_2138840421,Other
Application_1319604095,Other
Application_102200568,Accepted
Application_923553769,Other
Application_426315526,Other
Application_1794134763,Accepted
Application_1478134225,Other
Application_1925569099,Accepted
Application_25364929,Other
Application_425468865,Other
Application_657638630,Other
Application_852426263,Accepted
Application_502650633,Accepted
Application_1942419453,Other
Application_1862442036,Accepted
Application_1484636793,Other
Application_1580005445,Accepted
Application_854959936,Other
Application_282302498,Other
Application_33767622,Other
Application_2050898109,Other
Application_1077696902,Accepted
Application_477072595,Other
Application_1998993456,Other
Application_928770378,Other
Application_1685651976,Accepted
Application_2011449800,Other
Application_1759216206,Other
Application_237250572,Other
Application_1895524168,Other
Application_1217390178,Other
Application_1221815890,Accepted
Application_1563155816,Accepted
Application_1533234206,Other
Application_2009288370,Other
Application_364389674,Accepted
Application_421454108,Accepted
Application_777156783,Other
Application_140916047,Accepted
Application_1352143736,Other
Application_1144565049,Other
Application_63129972,Accepted
Application_1834078473,Other
Application_2015286613,Other
Application_757646967,Accepted
Application_57373067,Other
Application_1456163161,Other
Application_1831207059,Other
Application_258320562,Other
Application_986570206,Accepted
Application_2057580453,Accepted
Application_287904563,Other
Application_1533384397,Other
Application_450545784,Other
Application_1944774763,Accepted
Application_711065151,Accepted
Application_85362119,Other
Application_1691863965,Accepted
Application_1183289817,Other
Application_714483408,Accepted
Application_1914825989,Accepted
Application_1607499101,Accepted
Application_525029664,Other
Application_14911263,Other
Application_794976174,Accepted
Application_495217032,Other
Application_1144761156,Other
Application_1219922468,Accepted
Application_1630885595,Other
Application_787544233,Other
Application_139460759,Other
Application_1870186764,Other
Application_1990955384,Other
Application_1540056890,Other
Application_589126653,Accepted
Application_209639057,Other
Application_275058201,Other
Application_1358114237,Other
Application_974745269,Other
Application_1015944019,Accepted
Application_792937603,Accepted
Application_1556351502,Other
Application_615870526,Other
Application_1399300546,Other
Application_938546920,Accepted
Application_376520785,Accepted
Application_557638751,Other
Application_1025611489,Other
Application_1451160092,Other
Application_877958926,Other
Application_1257885597,Other
Application_2029280668,Accepted
Application_1519996684,Accepted
Application_302336745,Other
Application_1826211243,Other
Application_303127573,Other
Application_1947130247,Accepted
Application_2023626930,Other
Application_442421496,Accepted
Application_1133608704,Other
Application_1562641078,Other
Application_2114646933,Other
Application_944004453,Accepted
Application_1415208911,Other
Application_759727113,Other
Application_1741742485,Accepted
Application_1943672635,Other
Application_2120012332,Other
Application_1973512654,Other
Application_540537260,Accepted
Application_1863052911,Accepted
Application_942759910,Other
Application_468115745,Other
Application_1542335027,Other
Application_1167270289,Other
Application_712589939,Other
Application_207196479,Other
Application_1938983714,Accepted
Application_2111660793,Other
Application_1037877882,Other
Application_1682379587,Other
Application_1390103774,Accepted
Application_1174868639,Accepted
Application_596144023,Accepted
Application_315701838,Other
Application_1314989058,Accepted
Application_2119634154,Accepted
Application_1670832368,Accepted
Application_1166110528,Accepted
Application_725015556,Accepted
Application_780963701,Other
Application_2124277516,Accepted
Application_1384586671,Other
Application_1302633160,Other
Application_1169832033,Accepted
Application_594453320,Accepted
Application_1748833733,Other
Application_312403940,Accepted
Application_375100276,Accepted
Application_2123207704,Accepted
Application_1043518306,Other
Application_776628255,Other
Application_444033179,Other
Application_1460436329,Accepted
Application_1670183961,Other
Application_59935809,Accepted
Application_1852893888,Other
Application_1683981400,Other
Application_1176168030,Accepted
Application_445836618,Other
Application_995097324,Other
Application_1742901409,Other
Application_1460198946,Other
Application_2130042723,Accepted
Application_829772685,Accepted
Application_1158377896,Other
Application_82339726,Other
Application_2062710817,Accepted
Application_1203503451,Accepted
Application_1413805253,Other
Application_554739577,Accepted
Application_976319704,Other
Application_1538555425,Other
Application_1169830990,Other
Application_1919781366,Other
Application_1494188195,Accepted
Application_520024366,Other
Application_447298765,Accepted
Application_1704284942,Other
Application_1638731793,Accepted
Application_452817189,Accepted
Application_629654510,Other
Application_509635385,Other
Application_450554189,Other
Application_836168658,Other
Application_1668479569,Other
Application_944977219,Accepted
Application_1357996686,Accepted
Application_986424089,Other
Application_348923494,Other
Application_1562561856,Other
Application_2100644028,Other
Application_1334310859,Other
Application_1886544140,Other
Application_1455018254,Other
Application_379899798,Accepted
Application_1138798640,Accepted
Application_570251114,Other
Application_1192098372,Accepted
Application_1533233352,Other
Application_1638550847,Other
Application_1971112661,Other
Application_1241512752,Other
Application_596813634,Other
Application_656019434,Other
Application_837134806,Other
Application_1355385561,Other
Application_426600703,Other
Application_775027494,Other
Application_1238006466,Other
Application_593488117,Other
Application_1658225452,Accepted
Application_339198916,Accepted
Application_662488947,Other
Application_2044557889,Other
Application_2120430232,Accepted
Application_582885008,Other
Application_851404045,Accepted
Application_1925097654,Accepted
Application_470160848,Other
Application_112118887,Other
Application_897075589,Accepted
Application_740028279,Other
Application_424259484,Accepted
Application_1529357596,Accepted
Application_1333133564,Accepted
Application_636639108,Other
Application_1111862507,Other
Application_1550395494,Accepted
Application_1796522539,Other
Application_969595398,Accepted
Application_140439909,Other
Application_508406885,Other
Application_866609072,Accepted
Application_1778549685,Other
Application_1307352065,Other
Application_838067861,Accepted
Application_261376160,Accepted
Application_1200736775,Accepted
Application_1072151826,Accepted
Application_437625623,Other
Application_517547402,Other
Application_1327462338,Other
Application_193864920,Other
Application_1684579209,Other
Application_902545321,Accepted
Application_2111645248,Accepted
Application_1534293242,Accepted
Application_809612889,Other
Application_1317630601,Other
Application_685306276,Other
Application_955137541,Accepted
Application_620445316,Other
Application_227375656,Other
Application_145479769,Other
Application_853708322,Other
Application_1562678009,Other
Application_103754631,Other
Application_86311172,Other
Application_280821610,Other
Application_1750550189,Other
Application_704369075,Accepted
Application_1786736253,Other
Application_1334867811,Accepted
Application_720557254,Other
Application_1742299610,Accepted
Application_905232359,Other
Application_342362239,Other
Application_1853433416,Other
Application_61248843,Other
Application_1442308626,Other
Application_1914003486,Accepted
Application_1166324968,Other
Application_415570215,Accepted
Application_605031458,Other
Application_26614304,Other
Application_328141860,Other
Application_1972438231,Other
Application_130239594,Other
Application_590182298,Accepted
Application_330076575,Accepted
Application_1973866793,Accepted
Application_405796909,Accepted
Application_586890740,Accepted
Application_1812711838,Accepted
Application_1050319136,Other
Application_334862587,Other
Application_24805844,Other
Application_156181686,Accepted
Application_2125015329,Accepted
Application_1988650964,Other
Application_1033756531,Other
Application_810356080,Other
Application_595629255,Accepted
Application_1804080842,Other
Application_333578134,Other
Application_548424602,Other
Application_1623591917,Accepted
Application_1981687019,Other
Application_1264876890,Other
Application_1696532132,Other
Application_1955176204,Accepted
Application_1966923717,Other
Application_182087824,Other
Application_1081067222,Accepted
Application_179820919,Other
Application_1740056375,Other
Application_1699445235,Accepted
Application_1262350889,Other
Application_617163095,Accepted
Application_219756030,Other
Application_357277617,Other
Application_717090327,Other
Application_1444930098,Other
Application_317157432,Other
Application_1064732825,Other
Application_175916099,Accepted
Application_1702512682,Other
Application_1258927938,Other
Application_1440008015,Accepted
Application_619742006,Accepted
Application_977769100,Other
Application_1925359371,Other
Application_221045006,Accepted
Application_1073870547,Other
Application_1072393615,Other
Application_1438792986,Other
Application_1255203774,Accepted
Application_905528629,Other
Application_885634178,Accepted
Application_1243624806,Accepted
Application_160772730,Accepted
Application_1248061466,Other
Application_812511826,Other
Application_523068204,Other
Application_1207097116,Accepted
Application_739316354,Other
Application_486887709,Accepted
Application_2048074537,Other
Application_1047116997,Accepted
Application_1834817043,Other
Application_1103861368,Accepted
Application_821674537,Other
Application_522290431,Other
Application_408834351,Accepted
Application_2010286573,Accepted
Application_878512788,Accepted
Application_1953005139,Accepted
Application_1561148582,Other
Application_192116523,Other
Application_164230926,Accepted
Application_1867086931,Other
Application_1694702654,Other
Application_151393452,Other
Application_1233908621,Accepted
Application_1019452946,Other
Application_931736025,Other
Application_1146639196,Other
Application_1795178597,Accepted
Application_1504625878,Other
Application_642414072,Other
Application_1716530120,Other
Application_430791598,Accepted
Application_49284861,Accepted
Application_1290264566,Other
Application_1577285889,Accepted
Application_81754957,Other
Application_1000671285,Other
Application_1785308,Other
Application_1893399634,Other
Application_499011781,Other
Application_19755741,Other
Application_195141843,Accepted
Application_2008202503,Other
Application_529725527,Other
Application_1718248257,Other
Application_791962755,Other
Application_31435899,Accepted
Application_1647351112,Other
Application_1564803483,Accepted
Application_285936065,Accepted
Application_1149459061,Accepted
Application_666494731,Accepted
Application_1731524965,Other
Application_1775664277,Accepted
Application_1301673107,Other
Application_846363201,Other
Application_1204489893,Other
Application_121472122,Accepted
Application_801166489,Other
Application_146902304,Accepted
Application_1729933761,Other
Application_1911127326,Other
Application_577847480,Other
Application_942363254,Other
Application_1298586728,Other
Application_121466793,Accepted
Application_504815194,Accepted
Application_441316177,Other
Application_574877299,Other
Application_890690489,Accepted
Application_633075657,Accepted
Application_856163498,Other
Application_2044143660,Accepted
Application_1125682052,Accepted
Application_1483741294,Accepted
Application_912994643,Accepted
Application_264806764,Accepted
Application_2054007266,Other
Application_702536045,Other
Application_1421987807,Other
Application_924932150,Other
Application_2123842224,Other
Application_495312306,Accepted
Application_1281100423,Other
Application_1980469566,Other
Application_882783467,Other
Application_1593950257,Other
Application_22167554,Other
Application_555108256,Other
Application_670608456,Other
Application_2062755257,Other
Application_1157719643,Other
Application_1841328925,Other
Application_155632075,Other
Application_122572277,Accepted
Application_478912915,Accepted
Application_2027562741,Other
Application_927892334,Accepted
Application_1686409695,Accepted
Application_156012474,Other
Application_471878619,Other
Application_728286193,Accepted
Application_480158544,Accepted
Application_601883234,Other
Application_917973482,Accepted
Application_1228229237,Accepted
Application_1782048686,Accepted
Application_202680930,Other
Application_1061526404,Other
Application_923956756,Other
Application_203627453,Accepted
Application_851981397,Other
Application_879782268,Other
Application_521756972,Other
Application_365161472,Accepted
Application_142568747,Other
Application_1824474411,Other
Application_2041238285,Other
Application_1206779719,Accepted
Application_778814613,Accepted
Application_1719426605,Other
Application_1933896868,Other
Application_779953681,Other
Application_270260512,Accepted
Application_430964987,Accepted
Application_216019835,Other
Application_1290940341,Other
Application_941405419,Other
Application_1179724572,Accepted
Application_677195292,Other
Application_24862267,Other
Application_1070992899,Other
Application_519215632,Other
Application_2006270298,Other
Application_1078177342,Other
Application_1536025676,Accepted
Application_1211809081,Accepted
Application_2009238928,Other
Application_1525138702,Accepted
Application_604369010,Accepted
Application_798894229,Other
Application_1974953889,Accepted
Application_1650641180,Accepted
Application_462747915,Other
Application_205677927,Accepted
Application_558861002,Accepted
Application_209056425,Other
Application_152677835,Other
Application_873364811,Accepted
Application_1020750988,Accepted
Application_104294260,Other
Application_1995770504,Other
Application_1587125694,Accepted
Application_1130313580,Other
Application_510941095,Other
Application_2031362002,Accepted
Application_603245472,Accepted
Application_511639736,Accepted
Application_65314761,Other
Application_1632670316,Other
Application_498012473,Other
Application_1442079736,Accepted
Application_1117662256,Other
Application_592900127,Accepted
Application_797261314,Other
Application_496353441,Accepted
Application_1444454123,Other
Application_1659278181,Accepted
Application_2013814007,Other
Application_208484162,Other
Application_338856775,Other
Application_654935699,Other
Application_1001624285,Accepted
Application_2122163443,Accepted
Application_655917592,Other
Application_1007530778,Other
Application_1222269136,Accepted
Application_1724565167,Other
Application_1938926415,Other
Application_1684299903,Other
Application_728094016,Accepted
Application_1053321873,Other
Application_273067198,Accepted
Application_769993594,Other
Application_855533470,Other
Application_628684108,Other
Application_1087202414,Accepted
Application_1501327426,Other
Application_1811928285,Other
Application_899043985,Accepted
Application_659483460,Other
Application_302274825,Other
Application_1527986766,Other
Application_1869629043,Other
Application_904776422,Accepted
Application_1983176860,Other
Application_1490300331,Other
Application_773521237,Accepted
Application_91096002,Other
Application_1716169146,Accepted
Application_624896404,Other
Application_1129301553,Other
Application_1805791248,Accepted
Application_1640816261,Accepted
Application_1956874703,Other
Application_1445383533,Accepted
Application_1201994987,Accepted
Application_953473541,Other
Application_95392929,Other
Application_739068789,Other
Application_995108241,Other
Application_492167121,Other
Application_295611064,Other
Application_1378181595,Other
Application_1670999606,Accepted
Application_1423179503,Other
Application_1832777563,Other
Application_1594604497,Other
Application_663509716,Other
Application_1684765256,Accepted
Application_1254912353,Other
Application_1470544727,Other
Application_1145922462,Accepted
Application_74019915,Accepted
Application_1107645559,Other
Application_673882381,Other
Application_998359209,Accepted
Application_965570149,Other
Application_1112965894,Accepted
Application_733973796,Accepted
Application_39557309,Other
Application_339732743,Accepted
Application_461433493,Other
Application_145296005,Other
Application_2112558697,Accepted
Application_1219757665,Other
Application_971189992,Accepted
Application_1858734311,Other
Application_1682343473,Accepted
Application_2006679388,Other
Application_926053153,Accepted
Application_1174477922,Other
Application_1184508004,Other
Application_1542532082,Other
Application_2036941452,Other
Application_1388591592,Accepted
Application_1039026518,Accepted
Application_958747063,Accepted
Application_1447281344,Other
Application_1111943292,Other
Application_219000688,Accepted
Application_409412464,Accepted
Application_1493535339,Other
Application_1735687320,Accepted
Application_1261786871,Other
Application_395428463,Other
Application_901395603,Accepted
Application_1296612303,Other
Application_1536735951,Accepted
Application_359493774,Other
Application_540532886,Accepted
Application_721951115,Accepted
Application_534797744,Other
Application_867278686,Accepted
Application_1491111026,Other
Application_1267773007,Other
Application_327285663,Accepted
Application_1115041108,Other
Application_40264254,Other
Application_675216512,Other
Application_355753971,Other
Application_538426732,Other
Application_1054123329,Other
Application_1620757139,Other
Application_1950411514,Other
Application_1114695992,Accepted
Application_1950004553,Other
Application_1919229803,Other
Application_1270605163,Other
Application_946187831,Other
Application_405617914,Accepted
Application_1952344243,Other
Application_1021352275,Other
Application_534062346,Other
Application_2085129585,Other
Application_143534656,Accepted
Application_945337530,Other
Application_83584896,Other
Application_1005851562,Accepted
Application_2025233353,Accepted
Application_566214233,Accepted
Application_149840223,Accepted
Application_604309304,Other
Application_1925656530,Accepted
Application_1802665233,Accepted
Application_362897253,Accepted
Application_729416061,Accepted
Application_353956804,Other
Application_568782776,Other
Application_1134360767,Other
Application_1868077545,Accepted
Application_1766152305,Other
Application_2119982642,Other
Application_1960262358,Other
Application_168202441,Accepted
Application_1301985765,Other
Application_909055350,Other
Application_1540197814,Other
Application_1990094966,Accepted
Application_86883097,Other
Application_1673592870,Other
Application_1998015552,Other
Application_1161456272,Other
Application_2140388661,Accepted
Application_2043291307,Other
Application_968309729,Other
Application_1183157329,Other
Application_286126823,Other
Application_602769573,Other
Application_795534853,Accepted
Application_832038276,Other
Application_1586046404,Accepted
Application_1157012064,Accepted
Application_187384136,Accepted
Application_1364855059,Other
Application_1550035458,Other
Application_1954531111,Accepted
Application_1259529134,Accepted
Application_530296368,Accepted
Application_923339711,Other
Application_1810349479,Other
Application_1283367042,Accepted
Application_905247137,Other
Application_208781012,Other
Application_906739624,Accepted
Application_685498203,Other
Application_523386037,Accepted
Application_881572284,Accepted
Application_1907209625,Other
Application_1279393962,Other
Application_2113358372,Other
Application_1959110535,Other
Application_1643137872,Other
Application_1293544696,Other
Application_931073033,Other
Application_1305315187,Other
Application_543876854,Other
Application_1913477338,Accepted
Application_1559903539,Accepted
Application_894107411,Other
Application_395307249,Accepted
Application_1344813838,Accepted
Application_32786477,Accepted
Application_315416169,Other
Application_1875704008,Other
Application_2069444852,Accepted
Application_1750378228,Other
Application_534916861,Other
Application_709511992,Other
Application_1425530881,Other
Application_1457615368,Accepted
Application_1403717247,Accepted
Application_1781258952,Accepted
Application_536468780,Accepted
Application_1905977428,Accepted
Application_1960836326,Other
Application_815220875,Other
Application_385998076,Other
Application_20649913,Other
Application_176559974,Accepted
Application_1253470806,Other
Application_1611965107,Accepted
Application_1134065139,Accepted
Application_843361393,Accepted
Application_554743765,Accepted
Application_869796961,Other
Application_1952941154,Other
Application_449608596,Other
Application_896024471,Accepted
Application_580307478,Other
Application_698884712,Other
Application_1621427165,Accepted
Application_1949025901,Accepted
Application_1987666009,Accepted
Application_1024938160,Accepted
Application_228640189,Other
Application_1593442109,Other
Application_1627096390,Other
Application_873674872,Other
Application_2090661780,Accepted
Application_1523893963,Accepted
Application_1626445025,Accepted
Application_508279232,Other
Application_1586446217,Other
Application_913956080,Other
Application_690569623,Other
Application_1015323110,Other
Application_1171086227,Other
Application_1770473621,Other
Application_1950332049,Other
Application_2054021729,Other
Application_213383484,Other
Application_1692296795,Accepted
Application_1907394255,Accepted
Application_727579164,Other
Application_1738715863,Accepted
Application_1171453988,Other
Application_1095501101,Other
Application_1421096145,Accepted
Application_336634819,Other
Application_40148503,Other
Application_1623887627,Other
Application_659400659,Other
Application_1239755076,Accepted
Application_2052670486,Other
Application_400176211,Other
Application_298469665,Other
Application_1004667877,Accepted
Application_1541539359,Other
Application_660516532,Other
Application_1868990454,Other
Application_984757556,Accepted
Application_1679786747,Accepted
Application_1471798812,Accepted
Application_600117178,Other
Application_823890883,Other
Application_1323750693,Accepted
Application_2061000389,Accepted
Application_1939512267,Other
Application_1606544626,Other
Application_1702878962,Other
Application_1176638275,Other
Application_209668210,Other
Application_854436852,Other
Application_1938519387,Other
Application_1053676106,Other
Application_1399619108,Other
Application_1830652485,Accepted
Application_318274594,Other
Application_2123037823,Accepted
Application_1048045767,Accepted
Application_466602755,Accepted
Application_1667028841,Accepted
Application_142929015,Other
Application_2008470209,Other
Application_1032955206,Other
Application_1692759426,Other
Application_1696755047,Other
Application_400038312,Other
Application_1154815190,Other
Application_2092883533,Other
Application_965163179,Other
Application_1200551817,Other
Application_294803851,Other
Application_1376818993,Other
Application_520825110,Other
Application_2135909273,Accepted
Application_838189064,Other
Application_1912761593,Other
Application_1419455511,Other
Application_630629354,Accepted
Application_937571262,Accepted
Application_481486274,Accepted
Application_1958831651,Other
Application_626295325,Other
Application_1259118075,Accepted
Application_1383165296,Other
Application_191519525,Other
Application_568783276,Other
Application_1850500494,Accepted
Application_632531275,Accepted
Application_564813562,Accepted
Application_820627854,Other
Application_1313580625,Accepted
Application_1706143492,Other
Application_2116724035,Other
Application_1400388365,Other
Application_676210555,Accepted
Application_1758409831,Other
Application_1535071990,Accepted
Application_1542658403,Accepted
Application_1854833446,Accepted
Application_1357645890,Other
Application_325616282,Other
Application_175312132,Other
Application_621848056,Other
Application_2122458815,Other
Application_807076353,Other
Application_1122712310,Accepted
Application_1760873231,Accepted
Application_310278545,Accepted
Application_1395581586,Accepted
Application_1727743650,Other
Application_1537769894,Other
Application_168107927,Accepted
Application_273628242,Other
Application_1756929080,Other
Application_1124739874,Other
Application_1329377063,Other
Application_1960905117,Other
Application_254257564,Other
Application_64710253,Accepted
Application_1009327734,Accepted
Application_1198922871,Other
Application_1924849407,Accepted
Application_1199283110,Other
Application_1655555273,Other
Application_1598630062,Accepted
Application_256521072,Other
Application_2102588270,Accepted
Application_834783575,Other
Application_1020381296,Other
Application_569025669,Other
Application_2064405523,Accepted
Application_2014289827,Other
Application_1205576016,Other
Application_871251765,Other
Application_1579770910,Other
Application_234005368,Other
Application_882674833,Other
Application_566858875,Other
Application_1640841467,Other
Application_197227476,Other
Application_420412321,Other
Application_1493395436,Other
Application_2142045957,Other
Application_308657238,Other
Application_49420191,Accepted
Application_1951490028,Accepted
Application_236778269,Other
Application_1889802022,Accepted
Application_1151526810,Accepted
Application_423652896,Other
Application_75952218,Accepted
Application_1855989790,Accepted
Application_1202256512,Accepted
Application_1425420604,Accepted
Application_1942298533,Other
Application_644611961,Accepted
Application_845271937,Other
Application_1935361548,Accepted
Application_475614797,Other
Application_1527603102,Other
Application_16782977,Other
Application_1604642513,Other
Application_986254709,Other
Application_257445744,Accepted
Application_636848501,Accepted
Application_519228516,Other
Application_507120141,Accepted
Application_1732672908,Other
Application_663816412,Accepted
Application_417337959,Accepted
Application_650392957,Accepted
Application_1522829850,Other
Application_1173024812,Accepted
Application_1952441062,Other
Application_2093784424,Accepted
Application_1315232040,Accepted
Application_1637645328,Other
Application_641451451,Accepted
Application_990969583,Accepted
Application_492898986,Other
Application_1434743485,Other
Application_1771397473,Other
Application_1580664920,Accepted
Application_1505581087,Other
Application_709437606,Other
Application_1224745064,Other
Application_2139135868,Other
Application_641412341,Other
Application_1437665181,Accepted
Application_1769913406,Other
Application_144168157,Accepted
Application_1908170713,Other
Application_1782852189,Other
Application_282154033,Other
Application_1364555425,Accepted
Application_2075616759,Accepted
Application_1254149154,Other
Application_140686815,Accepted
Application_221328619,Accepted
Application_1547270516,Other
Application_809541725,Other
Application_586220850,Accepted
Application_357958889,Other
Application_1223182695,Other
Application_1354673237,Accepted
Application_1764334223,Other
Application_622290812,Other
Application_2084464663,Other
Application_1576040509,Other
Application_1208437635,Other
Application_1541112355,Accepted
Application_1824816815,Other
Application_1046600653,Accepted
Application_1557898800,Accepted
Application_1117318846,Other
Application_394897414,Accepted
Application_392884347,Other
Application_1547279659,Other
Application_1273479618,Accepted
Application_607755160,Other
Application_1083700866,Accepted
Application_1080753572,Other
Application_1946062291,Other
Application_1322352973,Other
Application_181500436,Other
Application_1465213009,Other
Application_579746230,Other
Application_1845151636,Other
Application_750189157,Accepted
Application_324825693,Accepted
Application_1478822979,Other
Application_2071760099,Other
Application_1337363658,Accepted
Application_1253523196,Other
Application_828132533,Other
Application_145440019,Accepted
Application_304101828,Other
Application_501383349,Other
Application_177045354,Other
Application_1126648416,Accepted
Application_43905728,Other
Application_393684469,Accepted
Application_1888004158,Other
Application_321067655,Accepted
Application_1323783779,Other
Application_2167227,Other
Application_1958528238,Accepted
Application_759904947,Accepted
Application_1142548986,Other
Application_363074457,Accepted
Application_1437309510,Other
Application_1889359995,Accepted
Application_675572085,Other
Application_1262492653,Other
Application_1764050268,Other
Application_400847861,Other
Application_1484220304,Other
Application_1828982892,Accepted
Application_66205282,Accepted
Application_1264622220,Other
Application_1405013272,Accepted
Application_826963556,Accepted
Application_254989130,Other
Application_1729201387,Other
Application_1397232541,Other
Application_748657245,Other
Application_102360332,Accepted
Application_1828686543,Accepted
Application_964418796,Other
Application_319949183,Other
Application_1095710743,Other
Application_1613749905,Accepted
Application_1794932218,Other
Application_352722960,Other
Application_594885183,Other
Application_535625534,Other
Application_2081580354,Accepted
Application_326560085,Other
Application_1767480349,Accepted
Application_1885542916,Other
Application_2093424318,Other
Application_1118744495,Other
Application_1978317827,Other
Application_468766949,Accepted
Application_1245241164,Other
Application_1064063552,Accepted
Application_277574167,Accepted
Application_1020070367,Other
Application_1513225011,Other
Application_439116232,Other
Application_1864371228,Other
Application_1961238104,Accepted
Application_686543746,Other
Application_1132338600,Other
Application_1773724443,Accepted
Application_1963573946,Other
Application_87408313,Accepted
Application_1129714601,Accepted
Application_1437146886,Accepted
Application_74288959,Other
Application_1978395445,Accepted
Application_656995606,Accepted
Application_1157864970,Accepted
Application_988915517,Other
Application_232305903,Other
Application_213975281,Other
Application_850572981,Accepted
Application_938794979,Accepted
Application_563893031,Other
Application_921922902,Other
Application_2139351766,Other
Application_1932873467,Other
Application_637769578,Other
Application_194538082,Other
Application_376007155,Accepted
Application_436947678,Other
Application_1639247005,Accepted
Application_1176878954,Accepted
Application_860809246,Other
Application_988180886,Other
Application_764686940,Accepted
Application_1754391074,Accepted
Application_309593146,Accepted
Application_410871979,Accepted
Application_1080374261,Other
Application_1003092772,Other
Application_2077490638,Accepted
Application_1855034859,Other
Application_1719668477,Other
Application_264327788,Accepted
Application_575944975,Other
Application_683690191,Other
Application_1672838569,Other
Application_1375630846,Other
Application_831994177,Other
Application_682863745,Other
Application_1133580191,Other
Application_204874516,Other
Application_251084682,Accepted
Application_2082068141,Other
Application_1315128137,Other
Application_1767661221,Other
Application_1417901368,Other
Application_1827799404,Accepted
Application_273862148,Accepted
Application_1034551117,Accepted
Application_819732551,Other
Application_809042310,Accepted
Application_379214291,Other
Application_1415380787,Other
Application_1811700269,Other
Application_333890752,Other
Application_658492481,Accepted
Application_1033339366,Other
Application_270274288,Other
Application_1765480767,Other
Application_1416238302,Accepted
Application_1486829528,Accepted
Application_333457786,Accepted
Application_2109617665,Other
Application_1217006497,Other
Application_1164206796,Other
Application_848190586,Other
Application_1879252788,Accepted
Application_1181303044,Accepted
Application_823452678,Accepted
Application_1020808066,Accepted
Application_1906301001,Accepted
Application_1681532443,Other
Application_455370577,Other
Application_1750869715,Accepted
Application_1827761977,Other
Application_1672670109,Other
Application_35078084,Other
Application_1675122821,Other
Application_1459697367,Other
Application_486250138,Other
Application_810904836,Other
Application_1009443818,Other
Application_664909089,Accepted
Application_1385033157,Accepted
Application_1045724843,Other
Application_251550683,Other
Application_98317513,Accepted
Application_719534104,Other
Application_1673478488,Accepted
Application_1243954274,Other
Application_1593708809,Accepted
Application_1209992293,Accepted
Application_1779196560,Accepted
Application_1234958151,Other
Application_1181842662,Other
Application_958597290,Accepted
Application_1588502303,Other
Application_513978820,Other
Application_1200560534,Other
Application_1461531993,Other
Application_853476073,Other
Application_1419295830,Accepted
Application_2055304184,Other
Application_2016566507,Accepted
Application_1048806756,Other
Application_2090210070,Other
Application_1758084805,Other
Application_1089790177,Accepted
Application_967215124,Other
Application_712506457,Accepted
Application_698275363,Other
Application_1005395271,Other
Application_1628132021,Accepted
Application_1951391670,Other
Application_1985632097,Accepted
Application_687712311,Other
Application_1387140959,Other
Application_234107884,Other
Application_457566844,Other
Application_1237080616,Accepted
Application_1485009053,Accepted
Application_677904971,Other
Application_483552231,Other
Application_1252484296,Other
Application_165059945,Other
Application_813701712,Other
Application_1417957596,Other
Application_1367795146,Accepted
Application_1789439843,Other
Application_462319432,Other
Application_2000122332,Other
Application_611642907,Accepted
Application_430467161,Accepted
Application_1115465093,Accepted
Application_1790502030,Other
Application_937274209,Other
Application_431890971,Accepted
Application_1430099673,Accepted
Application_1025208399,Other
Application_356953054,Other
Application_1783872953,Other
Application_1404888720,Accepted
Application_2060232450,Other
Application_422800640,Accepted
Application_780495844,Other
Application_397833960,Other
Application_993569427,Other
Application_745096992,Other
Application_1557848417,Accepted
Application_1444082489,Accepted
Application_334959919,Accepted
Application_364247106,Other
Application_201313048,Accepted
Application_738269628,Accepted
Application_447520078,Accepted
Application_1141769880,Other
Application_1499829071,Other
Application_850910694,Other
Application_1721388618,Other
Application_1565486283,Other
Application_272599776,Other
Application_921630742,Other
Application_809231364,Accepted
Application_160630411,Other
Application_847928117,Other
Application_1715225023,Other
Application_455007935,Other
Application_1354241960,Accepted
Application_1571103508,Accepted
Application_1265784250,Accepted
Application_1730987479,Other
Application_805478724,Other
Application_417394798,Other
Application_1359726788,Other
Application_1170269813,Other
Application_2060015801,Accepted
Application_2041282718,Other
Application_1342079196,Other
Application_886974123,Other
Application_487284664,Other
Application_235285137,Other
Application_1956252093,Other
Application_1856103001,Accepted
Application_1477021386,Other
Application_666283240,Other
Application_669216192,Accepted
Application_16581516,Accepted
Application_1860145301,Other
Application_1477874342,Other
Application_780699756,Accepted
Application_654226509,Accepted
Application_1619878986,Other
Application_1801013120,Other
Application_611550510,Other
Application_455042408,Accepted
Application_974914570,Other
Application_615601924,Accepted
Application_1838736165,Other
Application_1484267658,Other
Application_1235928968,Accepted
Application_2094124693,Accepted
Application_1952296635,Other
Application_1765887225,Other
Application_895790317,Other
Application_1908110751,Other
Application_876437950,Other
Application_1115931571,Other
Application_766192199,Accepted
Application_1662465317,Other
Application_1305499887,Other
Application_2024937943,Accepted
Application_1329696843,Other
Application_65892719,Other
Application_1008885658,Accepted
Application_187310342,Other
Application_1683813297,Other
Application_1468881178,Other
Application_2062007029,Accepted
Application_1752050377,Other
Application_1654873364,Other
Application_696736706,Other
Application_461933821,Other
Application_181846130,Other
Application_1442043587,Accepted
Application_329140052,Accepted
Application_753771575,Accepted
Application_37796637,Other
Application_870719305,Accepted
Application_175766876,Other
Application_1519625708,Accepted
Application_249482501,Accepted
Application_68180379,Other
Application_1888125180,Accepted
Application_907379399,Accepted
Application_1556535236,Accepted
Application_389527715,Accepted
Application_259138296,Other
Application_482940112,Accepted
Application_1199007049,Other
Application_948963691,Other
Application_456349000,Accepted
Application_1395375234,Other
Application_1752907353,Accepted
Application_700570830,Accepted
Application_1467390663,Other
Application_877553483,Other
Application_120169268,Other
Application_1950326451,Other
Application_589703042,Other
Application_1635873744,Other
Application_2123770695,Accepted
Application_814552301,Accepted
Application_1455135477,Other
Application_1261108934,Other
Application_1397208572,Accepted
Application_275583545,Other
Application_1455079805,Other
Application_1813011815,Other
Application_672902609,Other
Application_356891063,Accepted
Application_1773863233,Other
Application_852964513,Other
Application_1763462536,Accepted
Application_861462508,Other
Application_183632538,Other
Application_1391922975,Other
Application_93544976,Other
Application_1782970759,Other
Application_1753370051,Accepted
Application_1458175006,Accepted
Application_1796117366,Accepted
Application_102217911,Other
Application_414689981,Accepted
Application_686915060,Other
Application_2060763409,Accepted
Application_1911305548,Accepted
Application_814412941,Other
Application_1427621296,Accepted
Application_447427583,Other
Application_1275200458,Accepted
Application_85243479,Accepted
Application_257930732,Accepted
Application_1692185234,Other
Application_817926458,Accepted
Application_1527993766,Other
Application_92839924,Accepted
Application_256908432,Other
Application_545863146,Accepted
Application_2115135884,Other
Application_1294994633,Other
Application_535577633,Other
Application_871306835,Accepted
Application_2030977794,Other
Application_1540717335,Accepted
Application_1329924305,Other
Application_812036973,Accepted
Application_173896401,Accepted
Application_2045163694,Accepted
Application_914255000,Other
Application_690828756,Other
Application_961287557,Accepted
Application_1715409896,Other
Application_1543050317,Other
Application_776179536,Other
Application_140289375,Accepted
Application_486893733,Accepted
Application_1746490725,Other
Application_950338698,Other
Application_1404814926,Other
Application_22464644,Accepted
Application_1088065172,Other
Application_1061726048,Other
Application_838413893,Accepted
Application_1965500474,Other
Application_1641014120,Accepted
Application_1427319345,Other
Application_1603393617,Other
Application_560955428,Accepted
Application_71116760,Other
Application_1717203393,Accepted
Application_1192855228,Other
Application_1494383288,Other
Application_1145514605,Accepted
Application_1996645459,Other
Application_1047814763,Other
Application_1993554801,Accepted
Application_1368065414,Other
Application_1494364111,Other
Application_1945402743,Other
Application_1006347888,Other
Application_1136568641,Other
Application_1853613492,Accepted
Application_295287733,Accepted
Application_387843893,Other
Application_1852628062,Other
Application_2118146765,Accepted
Application_28307391,Other
Application_1228722182,Other
Application_603865670,Accepted
Application_1507404560,Accepted
Application_39976522,Other
Application_284536211,Accepted
Application_1603447385,Accepted
Application_798447704,Accepted
Application_730582873,Other
Application_1470027899,Accepted
Application_1685316652,Accepted
Application_1828343343,Accepted
Application_1524259788,Accepted
Application_763074343,Other
Application_1112876368,Other
Application_766131246,Other
Application_2102734993,Accepted
Application_319759095,Other
Application_1020232709,Accepted
Application_1867535836,Accepted
Application_545180735,Accepted
Application_727907012,Other
Application_1464932336,Other
Application_1242496593,Other
Application_1826382835,Accepted
Application_2050505348,Other
Application_321274541,Other
Application_1169356777,Other
Application_312887345,Accepted
Application_662545498,Accepted
Application_335023490,Other
Application_145614122,Other
Application_1084762549,Other
Application_693133202,Other
Application_1431602846,Accepted
Application_383871175,Other
Application_1781246043,Other
Application_1600137092,Other
Application_1742374046,Other
Application_877661589,Other
Application_1075145802,Accepted
Application_885485525,Accepted
Application_575581585,Other
Application_1571551830,Other
Application_1314908281,Other
Application_1413732914,Accepted
Application_1895894636,Other
Application_1572053346,Accepted
Application_875040064,Other
Application_1064627620,Other
Application_1859453433,Other
Application_306247214,Other
Application_1252245787,Other
Application_895423152,Accepted
Application_1566862513,Other
Application_1529354680,Other
Application_1314468939,Other
Application_328566784,Accepted
Application_1906034585,Accepted
Application_829451259,Other
Application_717401394,Other
Application_356538807,Accepted
Application_1861438900,Accepted
Application_1759865825,Accepted
Application_32426870,Accepted
Application_997160076,Other
Application_1050613217,Accepted
Application_1400303605,Other
Application_1417362349,Other
Application_334907388,Other
Application_1792629365,Other
Application_1468317116,Other
Application_1887477394,Other
Application_1764214580,Other
Application_1439840476,Other
Application_1195207998,Other
Application_1773261462,Accepted
Application_1882136686,Other
Application_2087974089,Accepted
Application_40942733,Other
Application_1409694128,Accepted
Application_335474007,Other
Application_1810778714,Other
Application_1452872580,Other
Application_2058695641,Other
Application_2039847239,Other
Application_1291870846,Other
Application_789409572,Other
Application_209271407,Other
Application_1645315848,Other
Application_217533223,Other
Application_212032796,Other
Application_570083989,Other
Application_799131979,Accepted
Application_636373104,Other
Application_1331522559,Other
Application_248359701,Accepted
Application_1284796330,Other
Application_1863073147,Accepted
Application_1501566834,Accepted
Application_1278319425,Accepted
Application_645413695,Accepted
Application_1934647360,Accepted
Application_2069518861,Other
Application_212928330,Other
Application_77688900,Accepted
Application_1278510625,Other
Application_1500241381,Accepted
Application_2039259397,Accepted
Application_418919597,Accepted
Application_1890584729,Other
Application_1498207350,Other
Application_1330910876,Other
Application_1713271702,Accepted
Application_884552445,Accepted
Application_708727245,Other
Application_1499191765,Other
Application_1141012015,Accepted
Application_209746504,Other
Application_1154178576,Accepted
Application_1354242264,Other
Application_423371990,Other
Application_614598233,Other
Application_1364755972,Accepted
Application_281799824,Accepted
Application_433661565,Other
Application_1147453037,Accepted
Application_1223758430,Accepted
Application_1883296081,Accepted
Application_285279079,Accepted
Application_511296196,Accepted
Application_1618966250,Accepted
Application_544368785,Other
Application_1206188048,Other
Application_1878673010,Other
Application_292846254,Accepted
Application_292538021,Other
Application_1368539598,Accepted
Application_526079992,Accepted
Application_1789853151,Other
Application_1872763214,Other
Application_1600531431,Accepted
Application_287135180,Accepted
Application_1584544254,Other
Application_995728706,Other
Application_647370493,Accepted
Application_1876989319,Other
Application_1369825234,Other
Application_104534633,Accepted
Application_713940205,Other
Application_524545559,Other
Application_417956700,Other
Application_281167528,Accepted
Application_1634162981,Accepted
Application_1712871184,Other
Application_279854157,Other
Application_1473734565,Other
Application_1111341408,Accepted
Application_643675540,Other
Application_1612006861,Other
Application_423284802,Other
Application_280166771,Accepted
Application_667423220,Other
Application_840256062,Accepted
Application_495907078,Other
Application_1484280125,Other
Application_2083246665,Other
Application_495116903,Other
Application_1126832024,Other
Application_852905987,Accepted
Application_1464634985,Accepted
Application_882005937,Other
Application_1570231344,Other
Application_1885898463,Other
Application_534041276,Accepted
Application_1393793184,Other
Application_312317308,Other
Application_894545527,Other
Application_2111453391,Accepted
Application_806591055,Accepted
Application_35750569,Other
Application_448705950,Accepted
Application_437630836,Other
Application_816862790,Other
Application_1132834033,Other
Application_1691460128,Other
Application_1644563820,Other
Application_427259310,Other
Application_1169286908,Other
Application_1740336453,Other
Application_957865905,Other
Application_98939848,Other
Application_1606851994,Other
Application_392750664,Accepted
Application_1224517134,Other
Application_1996441355,Accepted
Application_96860334,Other
Application_1609576953,Other
Application_989951800,Accepted
Application_1406423932,Other
Application_1956578360,Other
Application_23155824,Other
Application_174302253,Other
Application_599737805,Other
Application_321130698,Accepted
Application_771457346,Other
Application_1062571933,Other
Application_1845962874,Accepted
Application_1192835870,Accepted
Application_2090569723,Other
Application_52325620,Other
Application_763224154,Accepted
Application_1003257895,Other
Application_304064538,Other
Application_1531056635,Accepted
Application_1889414823,Accepted
Application_300330924,Other
Application_240718291,Accepted
Application_1829465439,Other
Application_769386117,Accepted
Application_344293187,Other
Application_1673082404,Other
Application_1280272907,Accepted
Application_2102134689,Other
Application_892997081,Accepted
Application_1673553736,Accepted
Application_974274445,Accepted
Application_455642845,Accepted
Application_615854922,Other
Application_1125253534,Other
Application_1242530719,Accepted
Application_2047928651,Other
Application_1672307859,Accepted
Application_279537971,Other
Application_811565681,Accepted
Application_445088523,Other
Application_1688338087,Other
Application_1236909202,Accepted
Application_1970486730,Other
Application_628997496,Other
Application_1499770935,Other
Application_1238299456,Other
Application_1261277150,Accepted
Application_895711682,Accepted
Application_1977527226,Other
Application_331057835,Accepted
Application_1022593746,Accepted
Application_1977495845,Other
Application_2052027940,Accepted
Application_21414722,Other
Application_626676600,Other
Application_1518691055,Other
Application_1557962266,Other
Application_2060163290,Other
Application_935691744,Other
Application_2022926433,Accepted
Application_2009976242,Accepted
Application_829633072,Other
Application_1192159171,Accepted
Application_198353249,Other
Application_433674964,Accepted
Application_1122983853,Accepted
Application_1516600119,Accepted
Application_2045238910,Other
Application_1158361356,Other
Application_2006347468,Other
Application_117449589,Other
Application_1657511545,Accepted
Application_1156222751,Other
Application_1430096497,Accepted
Application_439934042,Other
Application_2055127854,Accepted
Application_651500578,Accepted
Application_74903355,Other
Application_854276028,Other
Application_1204534650,Accepted
Application_689305631,Accepted
Application_1369115971,Accepted
Application_398518963,Accepted
Application_844914928,Accepted
Application_183380621,Other
Application_871623762,Other
Application_1829043609,Other
Application_824825632,Other
Application_1401288440,Other
Application_318786171,Other
Application_1765296072,Accepted
Application_1030026050,Other
Application_1121766693,Other
Application_1690660364,Accepted
Application_445835283,Other
Application_1796387390,Other
Application_1308081832,Other
Application_396115043,Other
Application_1685492750,Other
Application_1302051703,Accepted
Application_228285253,Accepted
Application_1904923943,Accepted
Application_400803892,Accepted
Application_1474761909,Other
Application_1180308925,Other
Application_750724367,Accepted
Application_830341513,Other
Application_1681270445,Other
Application_1306412635,Accepted
Application_259359835,Accepted
Application_678346119,Other
Application_948279920,Accepted
Application_1001274919,Accepted
Application_1571036798,Other
Application_681521551,Accepted
Application_382321377,Accepted
Application_558407724,Accepted
Application_755070866,Other
Application_1679836886,Other
Application_605750251,Accepted
Application_1755940827,Other
Application_374379677,Other
Application_1448351804,Accepted
Application_972369663,Other
Application_2072748824,Accepted
Application_827014222,Accepted
Application_1497071850,Other
Application_381853207,Accepted
Application_738636512,Accepted
Application_1042621630,Other
Application_596202365,Accepted
Application_21395051,Accepted
Application_1104335525,Other
Application_236278083,Other
Application_139314774,Other
Application_209353363,Other
Application_710758211,Accepted
Application_1290717132,Other
Application_2115467803,Other
Application_208930535,Accepted
Application_1131263580,Other
Application_683808092,Other
Application_2002095565,Other
Application_1639903603,Other
Application_569929503,Other
Application_1071410123,Other
Application_206952436,Other
Application_1651853591,Other
Application_1670839360,Other
Application_145943194,Accepted
Application_1289025433,Accepted
Application_1885475990,Accepted
Application_569667899,Other
Application_531666181,Other
Application_1650971510,Accepted
Application_686427596,Accepted
Application_1262548993,Other
Application_1798048539,Other
Application_2003909019,Accepted
Application_1426066854,Other
Application_797374635,Accepted
Application_574190208,Other
Application_351201589,Other
Application_1880444445,Other
Application_1797152318,Accepted
Application_356026670,Other
Application_1433728315,Other
Application_2113049304,Other
Application_798419431,Other
Application_352085668,Accepted
Application_715794742,Accepted
Application_1073868127,Other
Application_482826356,Accepted
Application_1935597097,Other
Application_1573412748,Accepted
Application_798705302,Accepted
Application_575610451,Accepted
Application_1430547150,Accepted
Application_1881424313,Other
Application_715467777,Accepted
Application_353274103,Other
Application_1979044302,Other
Application_896152572,Accepted
Application_1141711101,Other
Application_1634388406,Accepted
Application_1857619478,Other
Application_162537000,Other
Application_153423780,Other
Application_559754013,Accepted
Application_1352740155,Accepted
Application_2040998557,Accepted
Application_215182354,Accepted
Application_296732482,Other
Application_520057794,Other
Application_1282572796,Accepted
Application_1107839739,Accepted
Application_1154252514,Other
Application_33542556,Other
Application_1554735700,Accepted
Application_1912692425,Other
Application_235397842,Other
Application_106876280,Accepted
Application_1278888452,Other
Application_1093035979,Accepted
Application_204227003,Other
Application_1975871922,Other
Application_905771944,Other
Application_1628595961,Other
Application_1986686578,Other
Application_162387661,Accepted
Application_1104841450,Other
Application_104403072,Other
Application_958006868,Accepted
Application_1679283534,Accepted
Application_412760536,Accepted
Application_1993223899,Accepted
Application_1817043070,Other
Application_625154491,Accepted
Application_848512225,Other
Application_1626515404,Other
Application_553575852,Accepted
Application_1971576090,Other
Application_1612566646,Other
Application_1237702389,Other
Application_1014917757,Other
Application_1944900634,Other
Application_1983215550,Accepted
Application_80063242,Other
Application_1183974903,Accepted
Application_994471794,Accepted
Application_1615982669,Accepted
Application_1355945644,Other
Application_891183101,Other
Application_541532748,Other
Application_983709263,Other
Application_1847378722,Other
Application_1547943476,Other
Application_1368977339,Other
Application_1984247659,Other
Application_1982054070,Accepted
Application_176729498,Other
Application_1244001664,Accepted
Application_1437838501,Other
Application_477611889,Accepted
Application_1989747549,Other
Application_158863654,Other
Application_382077348,Accepted
Application_885005865,Other
Application_1243084906,Other
Application_1306799861,Accepted
Application_1167637278,Other
Application_1875888758,Other
Application_274202829,Other
Application_1150025480,Other
Application_1963086313,Other
Application_1512298797,Other
Application_114617673,Accepted
Application_342651210,Other
Application_1096345356,Other
Application_1614742215,Accepted
Application_1290395170,Other
Application_356480284,Other
Application_532242973,Other
Application_1053998899,Accepted
Application_1612352684,Other
Application_202428545,Other
Application_182869519,Accepted
Application_532540039,Other
Application_699037232,Other
Application_273495805,Accepted
Application_2077685632,Other
Application_1536004894,Accepted
Application_629548635,Other
Application_1513926839,Accepted
Application_46667346,Accepted
Application_79381886,Other
Application_1509230672,Accepted
Application_813462982,Other
Application_1329361343,Accepted
Application_2049668515,Accepted
Application_978946302,Other
Application_1615252785,Other
Application_757178253,Other
Application_1759116820,Other
Application_131073860,Other
Application_1250179725,Other
Application_570619976,Accepted
Application_1824277404,Accepted
Application_1790551366,Other
Application_899806345,Other
Application_549932310,Other
Application_1289259959,Accepted
Application_897614192,Other
Application_27406345,Other
Application_1183273818,Accepted
Application_964901699,Other
Application_1691960420,Other
Application_1495511119,Other
Application_421629529,Accepted
Application_900305690,Other
Application_540215973,Other
Application_1600246598,Accepted
Application_589058903,Other
Application_176822449,Other
Application_1288444538,Accepted
Application_1031629108,Other
Application_2112486601,Other
Application_339465223,Accepted
Application_1658351580,Other
Application_991804966,Accepted
Application_836064793,Other
Application_880979941,Accepted
Application_1567796271,Other
Application_2001770354,Accepted
Application_1823559768,Accepted
Application_160568748,Other
Application_2124986925,Accepted
Application_1097190039,Other
Application_336169271,Accepted
Application_380387500,Other
Application_1506182020,Accepted
Application_2000724078,Other
Application_328388149,Other
Application_926752287,Other
Application_550932918,Accepted
Application_885617837,Other
Application_1243852005,Accepted
Application_523198484,Other
Application_1968005554,Other
Application_244735779,Other
Application_993664152,Other
Application_1067751978,Other
Application_1081093112,Other
Application_521107323,Accepted
Application_702279948,Accepted
Application_1250270364,Accepted
Application_561276012,Other
Application_1974089627,Other
Application_1675539003,Accepted
Application_981883380,Other
Application_1894036309,Accepted
Application_252337151,Accepted
Application_1320728876,Accepted
Application_827688187,Other
Application_1574666956,Other
Application_247080311,Other
Application_127926903,Other
Application_531609459,Other
Application_122547923,Other
Application_235219015,Other
Application_1675755095,Other
Application_1604182310,Other
Application_1393502544,Accepted
Application_1969146161,Other
Application_72512890,Other
Application_1681144807,Other
Application_2077040115,Other
Application_1499037624,Other
Application_120793083,Other
Application_237507077,Other
Application_272558729,Other
Application_324381591,Accepted
Application_1256478674,Accepted
Application_1463003323,Accepted
Application_74773688,Other
Application_1191521631,Accepted
Application_2066286831,Other
Application_438021662,Other
Application_401819390,Accepted
Application_1404502830,Accepted
Application_1049972821,Other
Application_1763935136,Accepted
Application_174818263,Accepted
Application_1954144864,Other
Application_1061755455,Other
Application_652440873,Accepted
Application_2115000513,Other
Application_258972625,Other
Application_185373096,Accepted
Application_867002961,Accepted
Application_1242232332,Accepted
Application_207497387,Other
Application_1043767161,Accepted
Application_1684338204,Other
Application_1334709295,Accepted
Application_1852369736,Other
Application_87660035,Other
Application_1649995897,Other
Application_1135892793,Accepted
Application_200571610,Other
Application_1696948651,Other
Application_1774753524,Other
Application_119020510,Accepted
Application_670941831,Other
Application_481060211,Accepted
Application_774631722,Accepted
Application_1098933493,Accepted
Application_1266612234,Accepted
Application_250840958,Accepted
Application_831530055,Other
Application_1057831861,Accepted
Application_1091041991,Other
Application_428772540,Accepted
Application_1692778938,Accepted
Application_826015211,Other
Application_1947961871,Accepted
Application_1725088199,Accepted
Application_720362067,Accepted
Application_1138661939,Other
Application_1496839109,Accepted
Application_1025327332,Other
Application_1412007004,Other
Application_1790511313,Accepted
Application_108261729,Other
Application_757397615,Accepted
Application_1298665084,Accepted
Application_653546561,Accepted
Application_751576,Other
Application_424713760,Accepted
Application_2145603515,Other
Application_2035507329,Accepted
Application_1070374401,Accepted
Application_630979281,Other
Application_1081695790,Other
Application_1176412755,Accepted
Application_1829767138,Other
Application_90163403,Accepted
Application_456849900,Accepted
Application_739096149,Accepted
Application_1019299562,Accepted
Application_1121537718,Accepted
Application_840645428,Other
Application_625609493,Accepted
Application_1741076995,Other
Application_2039794438,Accepted
Application_125041423,Accepted
Application_963149420,Other
Application_774349926,Other
Application_767900998,Other
Application_314699807,Other
Application_1439635944,Accepted
Application_188850562,Other
Application_841975726,Other
Application_618647633,Other
Application_1336478747,Other
Application_1238869599,Accepted
Application_406765375,Other
Application_129913687,Other
Application_1973228648,Other
Application_1598320370,Other
Application_762206661,Accepted
Application_1299660169,Accepted
Application_1994370200,Other
Application_2107058398,Other
Application_1790993885,Other
Application_1407852653,Accepted
Application_531813056,Other
Application_226404967,Accepted
Application_727560851,Other
Application_1664574594,Accepted
Application_1407483435,Other
Application_636936558,Other
Application_79498145,Other
Application_1854050413,Other
Application_1940338756,Other
Application_230192443,Accepted
Application_723063609,Other
Application_1055375814,Other
Application_782887729,Other
Application_1852526721,Other
Application_1121197235,Accepted
Application_299505739,Accepted
Application_420802630,Accepted
Application_1598632399,Other
Application_2064570198,Other
Application_1622174875,Accepted
Application_776906675,Other
Application_662953436,Other
Application_300537283,Other
Application_2068346638,Other
Application_1750478258,Other
Application_625399553,Other
Application_90844538,Other
Application_457191831,Other
Application_1690164043,Other
Application_1274029081,Accepted
Application_2135846806,Other
Application_647762796,Other
Application_51428214,Other
Application_426373580,Accepted
Application_1238132318,Other
Application_808610551,Accepted
Application_297909147,Accepted
Application_1052740254,Other
Application_1831948498,Other
Application_2126227408,Other
Application_1402256535,Other
Application_878530345,Accepted
Application_1267400390,Other
Application_1699716053,Accepted
Application_273489601,Other
Application_2120756983,Other
Application_1695436993,Other
Application_1396027237,Other
Application_579446128,Other
Application_769010384,Other
Application_1118829007,Other
Application_1510685409,Other
Application_656979961,Other
Application_2009636245,Other
Application_1316571687,Other
Application_543796951,Other
Application_817648560,Other
Application_1042283273,Accepted
Application_1472253903,Other
Application_1256713963,Other
Application_652859135,Accepted
Application_296037439,Other
Application_999544538,Other
Application_138843824,Other
Application_1432625721,Accepted
Application_2080558262,Accepted
Application_456522373,Other
Application_655449819,Accepted
Application_1655984883,Other
Application_426809771,Accepted
Application_1986264179,Accepted
Application_1670458823,Accepted
Application_1736043609,Other
Application_1378798475,Other
Application_1659132262,Other
Application_1261480447,Other
Application_1859379497,Other
Application_361505490,Other
Application_1797631896,Other
Application_1481612685,Accepted
Application_1854749956,Other
Application_291942074,Accepted
Application_1255041116,Other
Application_1853207066,Accepted
Application_712650904,Accepted
Application_505298319,Other
Application_1368557457,Accepted
Application_362934273,Other
Application_774441889,Other
Application_1742370900,Other
Application_289454407,Other
Application_1658839362,Other
Application_722669402,Accepted
Application_1120696170,Accepted
Application_1470446509,Other
Application_400145410,Other
Application_352481047,Accepted
Application_768017387,Accepted
Application_1469322181,Accepted
Application_1977245249,Other
Application_1563442669,Other
Application_1188342012,Accepted
Application_1377673225,Accepted
Application_724736325,Other
Application_1116572980,Accepted
Application_1744059079,Accepted
Application_1998967284,Accepted
Application_662648071,Other
Application_1349348031,Accepted
Application_1934948421,Other
Application_230692949,Accepted
Application_2040468548,Accepted
Application_1960422351,Accepted
Application_754519735,Other
Application_1171611559,Accepted
Application_381233031,Other
Application_31323455,Other
Application_1329021086,Other
Application_1533302760,Other
Application_1749850243,Other
Application_346042050,Other
Application_542806806,Other
Application_1857096322,Other
Application_1292956867,Other
Application_1679886800,Accepted
Application_1355440066,Accepted
Application_41729009,Accepted
Application_960259355,Accepted
Application_1117631679,Other
Application_1828353170,Accepted
Application_166432391,Accepted
Application_348027827,Accepted
Application_1168708378,Other
Application_1392142030,Other
Application_1239904274,Accepted
Application_537089874,Other
Application_1864387636,Accepted
Application_1964386160,Accepted
Application_1783285999,Other
Application_742796907,Accepted
Application_1540286415,Accepted
Application_1206551699,Other
Application_890509022,Other
Application_339180061,Other
Application_1118446669,Accepted
Application_955563438,Other
Application_1816430633,Accepted
Application_2039555176,Other
Application_1241673992,Other
Application_1439859460,Other
Application_1524980199,Other
Application_31525236,Other
Application_1679497864,Accepted
Application_2012407914,Accepted
Application_1100173647,Other
Application_1121005474,Other
Application_1806593507,Other
Application_1039785139,Accepted
Application_1433932097,Other
Application_360196526,Accepted
Application_886797748,Other
Application_2106682825,Other
Application_1023449033,Other
Application_467590020,Other
Application_21361855,Other
Application_2142142895,Accepted
Application_1552373930,Other
Application_1383522757,Other
Application_1965599348,Accepted
Application_1191218657,Accepted
Application_1515669954,Accepted
Application_2113962470,Accepted
Application_1750826338,Other
Application_458203569,Accepted
Application_1182795681,Other
Application_1538131961,Other
Application_2118577628,Accepted
Application_1979406575,Other
Application_1186028058,Other
Application_895392134,Accepted
Application_1538129293,Other
Application_209956549,Accepted
Application_1363613938,Other
Application_1541990791,Accepted
Application_1723038796,Other
Application_1855557331,Other
Application_359467139,Accepted
Application_1539966278,Other
Application_1035356995,Other
Application_1958685170,Accepted
Application_894816076,Other
Application_1323431247,Other
Application_1091351729,Accepted
Application_1358079117,Accepted
Application_850637249,Other
Application_2117523074,Other
Application_1253984780,Other
Application_893590894,Accepted
Application_1540988654,Accepted
Application_1823252929,Other
Application_435761359,Other
Application_44077144,Accepted
Application_1959337414,Other
Application_1375452228,Other
Application_132049146,Other
Application_308765657,Other
Application_1065975323,Accepted
Application_1819930849,Other
Application_2045109794,Other
Application_695204111,Other
Application_345336220,Other
Application_602682587,Other
Application_278467761,Accepted
Application_2086968374,Accepted
Application_1457467645,Other
Application_1015183847,Accepted
Application_383495309,Accepted
Application_3833217,Accepted
Application_864932205,Other
Application_978586089,Accepted
Application_1732711113,Accepted
Application_964352700,Other
Application_658669371,Other
Application_1920232219,Other
Application_1563552265,Accepted
Application_1770043698,Other
Application_1541157779,Other
Application_263007341,Other
Application_985225649,Other
Application_1730593502,Accepted
Application_1301618471,Other
Application_1779228753,Other
Application_1548848821,Other
Application_797283009,Accepted
Application_99148253,Other
Application_2095658036,Accepted
Application_687290320,Other
Application_1155070210,Other
Application_412627378,Other
Application_374740928,Other
Application_1638998264,Other
Application_1437292525,Other
Application_578270866,Accepted
Application_1474257175,Accepted
Application_1908308402,Other
Application_1503858816,Other
Application_417151818,Other
Application_966967365,Other
Application_1815960224,Accepted
Application_930394279,Other
Application_582611676,Accepted
Application_2086489211,Other
Application_1009342776,Other
Application_1122892866,Other
Application_1497423600,Other
Application_1435049314,Other
Application_2083086671,Accepted
Application_876207556,Accepted
Application_1866234402,Other
Application_1217914415,Accepted
Application_913332117,Accepted
Application_184291139,Accepted
Application_1646110705,Other
Application_1560388677,Other
Application_1770136817,Accepted
Application_877290957,Accepted
Application_563569619,Accepted
Application_1878485500,Accepted
Application_1965993805,Other
Application_1919730327,Other
Application_479890307,Other
Application_796034306,Accepted
Application_1246438973,Accepted
Application_453288452,Accepted
Application_95006764,Other
Application_1169725538,Other
Application_1245036233,Accepted
Application_1333231607,Accepted
Application_1691337772,Other
Application_258621926,Accepted
Application_2074334980,Other
Application_1311947055,Other
Application_596423205,Accepted
Application_1280350188,Accepted
Application_1816608501,Other
Application_2034897928,Other
Application_48564583,Other
Application_1596977845,Other
Application_737907794,Accepted
Application_22510455,Other
Application_1813862427,Accepted
Application_1489519712,Accepted
Application_910274014,Other
Application_920857436,Other
Application_731435799,Other
Application_2126934986,Accepted
Application_1271823802,Other
Application_1479347363,Other
Application_829091481,Accepted
Application_914518259,Accepted
Application_733314763,Other
Application_1460077602,Other
Application_956215142,Other
Application_33685427,Accepted
Application_1681112710,Accepted
Application_1904410758,Accepted
Application_1049259596,Other
Application_821498764,Other
Application_463778356,Other
Application_2023495877,Other
Application_949360290,Accepted
Application_1874251546,Other
Application_140121345,Accepted
Application_1285655984,Other
Application_923503733,Other
Application_1112996855,Other
Application_1799105860,Other
Application_1003213123,Other
Application_53401839,Other
Application_268190846,Accepted
Application_347752818,Other
Application_1227687457,Other
Application_1038386825,Accepted
Application_1430280084,Accepted
Application_533980988,Other
Application_392228628,Other
Application_1110801264,Other
Application_571618271,Other
Application_255101811,Accepted
Application_978757162,Other
Application_1364326628,Accepted
Application_1007607428,Other
Application_1067848631,Other
Application_1989734883,Accepted
Application_1015666669,Other
Application_1067807240,Other
Application_1442743235,Other
Application_1010016709,Accepted
Application_1766035327,Other
Application_272407605,Accepted
Application_1517805334,Accepted
Application_2048411605,Accepted
Application_443644223,Accepted
Application_1440390566,Other
Application_147999720,Other
Application_2085277055,Other
Application_1356400822,Accepted
Application_1706081580,Other
Application_224813522,Accepted
Application_1626768496,Other
Application_1935023228,Other
Application_859907815,Other
Application_1225687747,Other
Application_2114750715,Other
Application_1941108214,Other
Application_538746635,Accepted
Application_1143890425,Accepted
Application_303989070,Other
Application_629209168,Accepted
Application_1387439149,Other
Application_2019039986,Other
Application_1878767958,Other
Application_1807084551,Other
Application_1344635275,Accepted
Application_1567894569,Other
Application_230223373,Other
Application_989678604,Accepted
Application_1123863315,Other
Application_1305019755,Accepted
Application_694086390,Other
Application_1010146666,Other
Application_1218213198,Other
Application_1934221378,Other
Application_1760271807,Accepted
Application_325784094,Other
Application_144720801,Other
Application_1094321698,Accepted
Application_648078846,Other
Application_2010562113,Other
Application_1070053591,Other
Application_1802027719,Other
Application_1964173053,Other
Application_1699047561,Other
Application_900536959,Accepted
Application_651453909,Other
Application_181656205,Other
Application_2007510123,Other
Application_1362140168,Other
Application_860592719,Accepted
Application_1724137379,Other
Application_136173194,Other
Application_212827687,Other
Application_1545272552,Accepted
Application_1861145766,Accepted
Application_828819300,Accepted
Application_1144672891,Accepted
Application_1355525986,Other
Application_462216201,Accepted
Application_643176291,Other
Application_254078930,Accepted
Application_1856346499,Other
Application_370235829,Other
Application_1508469719,Other
Application_1285125915,Accepted
Application_792142768,Other
Application_1453271263,Accepted
Application_783490618,Other
Application_425370375,Other
Application_290853810,Accepted
Application_1019469082,Other
Application_829788539,Other
Application_1659263465,Other
Application_2042825617,Other
Application_955861170,Other
Application_1052613502,Other
Application_256387624,Accepted
Application_1622936964,Accepted
Application_109814885,Accepted
Application_1914390950,Other
Application_1692109151,Other
Application_678831209,Accepted
Application_1057803878,Other
Application_1525081371,Other
Application_1186585699,Accepted
Application_450313645,Other
Application_825188863,Other
Application_1149655953,Other
Application_247978091,Other
Application_1961240923,Other
Application_2144168420,Accepted
Application_1904399849,Other
Application_266785750,Other
Application_1753977582,Accepted
Application_681495041,Other
Application_106495581,Other
Application_251481063,Accepted
Application_1967206176,Other
Application_1897820022,Other
Application_1110484123,Other
Application_1205144249,Other
Application_825848153,Other
Application_1963443962,Other
Application_2144874964,Accepted
Application_958042176,Accepted
Application_642207018,Other
Application_2040246477,Accepted
Application_481100486,Accepted
Application_209920715,Other
Application_567832681,Other
Application_1136323889,Other
Application_1292006843,Other
Application_1784946082,Other
Application_1973931501,Accepted
Application_2005181988,Other
Application_244721799,Other
Application_1236031025,Other
Application_1012566167,Other
Application_856729102,Other
Application_1643753850,Accepted
Application_135695962,Other
Application_45620139,Other
Application_2012722209,Other
Application_1452322298,Other
Application_1902806949,Other
Application_1218695611,Accepted
Application_883115602,Other
Application_504105747,Accepted
Application_279903864,Other
Application_637668440,Other
Application_150041336,Other
Application_1908458446,Accepted
Application_2028522491,Accepted
Application_1720703801,Other
Application_1867969937,Other
Application_496769388,Accepted
Application_113556419,Accepted
Application_1573627848,Accepted
Application_1148681151,Accepted
Application_949593376,Accepted
Application_1649253979,Other
Application_1838422205,Other
Application_1312170166,Other
Application_663694698,Accepted
Application_1684875314,Accepted
Application_1908119476,Other
Application_476277757,Other
Application_855346075,Other
Application_802416567,Other
Application_992771721,Accepted
Application_228090804,Other
Application_1723555004,Other
Application_1884873765,Accepted
Application_1922856734,Other
Application_1362680838,Other
Application_1173137665,Other
Application_283291072,Accepted
Application_602693827,Accepted
Application_1486025008,Other
Application_403880003,Other
Application_296421707,Accepted
Application_1653948637,Other
Application_741191887,Other
Application_914728011,Other
Application_1171666859,Other
Application_914156614,Accepted
Application_1996626176,Other
Application_157101926,Other
Application_1423390020,Other
Application_1962627507,Other
Application_489715983,Other
Application_1512331067,Other
Application_880326628,Other
Application_1348888499,Accepted
Application_1572099344,Other
Application_87663964,Other
Application_1926789577,Other
Application_1383530613,Other
Application_56726537,Accepted
Application_1628209692,Accepted
Application_1986031641,Other
Application_658640561,Other
Application_551250915,Other
Application_514302389,Other
Application_164664961,Other
Application_596200989,Other
Application_369801910,Accepted
Application_694592536,Accepted
Application_826007789,Other
Application_245034739,Other
Application_1778253233,Other
Application_1265962967,Accepted
Application_1442859871,Accepted
Application_390937662,Accepted
Application_1814870066,Other
Application_1758450306,Accepted
Application_1072363196,Other
Application_749870422,Other
Application_408470260,Other
Application_317371813,Accepted
Application_1255570178,Other
Application_1742003314,Accepted
Application_2130079799,Other
Application_1805587238,Accepted
Application_1366846671,Other
Application_1756176011,Other
Application_797691856,Accepted
Application_1555229754,Accepted
Application_386532778,Other
Application_312902192,Accepted
Application_689626069,Accepted
Application_634611718,Accepted
Application_689354983,Other
Application_226937754,Other
Application_152289219,Other
Application_2018234839,Accepted
Application_1936347488,Other
Application_503535967,Other
Application_1078909751,Other
Application_863655836,Accepted
Application_705771588,Accepted
Application_381457578,Accepted
Application_1809906108,Other
Application_753519848,Other
Application_1086244481,Accepted
Application_1402552153,Other
Application_990181012,Other
Application_1061611516,Other
Application_1400830743,Other
Application_444408080,Other
Application_1822677055,Other
Application_926837469,Accepted
Application_987215821,Other
Application_1398445330,Other
Application_668971390,Accepted
Application_1366595744,Other
Application_1009466765,Other
Application_1745888346,Other
Application_1387809089,Accepted
Application_1474144091,Other
Application_599407319,Other
Application_1566038541,Accepted
Application_1738803056,Other
Application_1851114662,Other
Application_1471063350,Accepted
Application_597453957,Other
Application_2017125514,Accepted
Application_21407155,Other
Application_1913503737,Other
Application_644358883,Other
Application_226261488,Other
Application_410474414,Accepted
Application_1449015953,Other
Application_484077883,Other
Application_148729229,Accepted
Application_801477852,Accepted
Application_1116993944,Other
Application_263842374,Other
Application_1822996762,Other
Application_710225329,Other
Application_1174564131,Accepted
Application_182922092,Other
Application_1698606956,Other
Application_1879695569,Other
Application_392710856,Accepted
Application_1521820796,Other
Application_1968217912,Other
Application_754387801,Accepted
Application_1119561257,Accepted
Application_1847941837,Accepted
Application_1759573634,Other
Application_323026401,Other
Application_1238063902,Accepted
Application_1461429645,Other
Application_872390004,Other
Application_968680506,Other
Application_606294488,Accepted
Application_1811493659,Other
Application_29643939,Other
Application_286122925,Accepted
Application_1906778574,Other
Application_284440742,Accepted
Application_65145715,Accepted
Application_2132102931,Other
Application_642179711,Other
Application_1303627430,Other
Application_1213916582,Other
Application_896912269,Other
Application_75790454,Other
Application_248502899,Other
Application_498298032,Other
Application_2071290500,Accepted
Application_931151304,Other
Application_151062598,Accepted
Application_1568283697,Other
Application_1302622905,Other
Application_2001671275,Other
Application_507784507,Other
Application_78151586,Other
Application_1953731861,Accepted
Application_1265495164,Other
Application_1643891602,Other
Application_1836900891,Accepted
Application_2119233610,Other
Application_1527102706,Accepted
Application_561540882,Accepted
Application_1406102147,Other
Application_668080527,Accepted
Application_1166230182,Other
Application_1954259009,Other
Application_212230062,Other
Application_2129032264,Other
Application_861868988,Accepted
Application_642199194,Other
Application_532286771,Accepted
Application_1237484135,Other
Application_733019920,Other
Application_218662820,Accepted
Application_37517379,Other
Application_855923572,Accepted
Application_1590922232,Other
Application_1368044115,Accepted
Application_1195434598,Other
Application_666795476,Other
Application_573832670,Other
Application_797011903,Other
Application_1555572507,Other
Application_2061057770,Accepted
Application_156690336,Other
Application_337951982,Other
Application_1664698134,Other
Application_922331996,Accepted
Application_1617562350,Accepted
Application_1238606249,Accepted
Application_1563010304,Other
Application_1970421092,Other
Application_525084312,Other
Application_201226585,Other
Application_1623509076,Other
Application_1475131206,Other
Application_556726345,Other
Application_1241842894,Accepted
Application_257501952,Other
Application_525601378,Other
Application_673440746,Accepted
Application_2107470141,Other
Application_1782329980,Accepted
Application_905212721,Other
Application_555705661,Other
Application_1556045942,Other
Application_85372842,Other
Application_28650741,Other
Application_1993554545,Accepted
Application_1774860195,Other
Application_436762550,Accepted
Application_7389998,Other
Application_1518297174,Other
Application_1089034603,Other
Application_859266888,Other
Application_2108739778,Other
Application_1792616449,Other
Application_403573772,Accepted
Application_1420790923,Other
Application_656831331,Accepted
Application_1929631403,Other
Application_1779063639,Other
Application_1282499670,Accepted
Application_7185118,Other
Application_1096272913,Accepted
Application_864884278,Accepted
Application_1972555101,Other
Application_1791402554,Accepted
Application_1499077406,Other
Application_1280500254,Accepted
Application_364658802,Other
Application_2011400542,Other
Application_705288441,Accepted
Application_240406989,Other
Application_207339459,Accepted
Application_1599786441,Other
Application_1413432922,Other
Application_806535408,Other
Application_2123932073,Other
Application_1288190078,Accepted
Application_228704236,Other
Application_595320620,Other
Application_877547450,Other
Application_43813762,Other
Application_289242623,Other
Application_605202707,Other
Application_1603857838,Other
Application_1608079366,Other
Application_2120691848,Accepted
Application_394826272,Accepted
Application_460249900,Other
Application_471949202,Other
Application_1389705988,Other
Application_433475182,Other
Application_117027249,Other
Application_1043223939,Other
Application_1046834404,Other
Application_347543285,Other
Application_1540261130,Other
Application_1732467275,Accepted
Application_2048493250,Other
Application_468653475,Other
Application_650036394,Other
Application_1194303360,Other
Application_541677260,Accepted
Application_970137290,Other
Application_1281205543,Other
Application_2122269234,Accepted
Application_1932624040,Other
Application_1257348081,Other
Application_625865403,Other
Application_175724758,Other
Application_1608683443,Other
Application_891235175,Accepted
Application_676003569,Accepted
Application_1507847905,Other
Application_308913902,Accepted
Application_2108852063,Accepted
Application_1545026667,Accepted
Application_102863482,Accepted
Application_343582223,Other
Application_1532233038,Other
Application_1317579416,Accepted
Application_817012302,Other
Application_2086429604,Accepted
Application_1679287606,Accepted
Application_1899428502,Other
Application_822406623,Other
Application_1455219594,Other
Application_1786312725,Other
Application_126523834,Other
Application_1515235165,Other
Application_825204284,Other
Application_1456259952,Accepted
Application_99940018,Other
Application_731999486,Accepted
Application_974868974,Other
Application_1341618264,Other
Application_477997985,Accepted
Application_1726483569,Other
Application_494176746,Other
Application_740179837,Other
Application_1567155167,Accepted
Application_8621012,Other
Application_1602939504,Other
Application_1423866185,Other
Application_648322991,Accepted
Application_1752237400,Other
Application_664836272,Other
Application_1017054863,Accepted
Application_2068578002,Accepted
Application_1863937687,Accepted
Application_1505681170,Other
Application_1501706962,Other
Application_2097853213,Other
Application_572693072,Other
Application_391729952,Accepted
Application_1828294455,Other
Application_1465837360,Other
Application_1655792300,Other
Application_68205985,Accepted
Application_1070981949,Accepted
Application_68806956,Other
Application_526102725,Other
Application_1894570534,Other
Application_1972943445,Other
Application_1581286194,Other
Application_434062027,Accepted
Application_214838038,Other
Application_1696190710,Other
Application_1508603460,Other
Application_1049246293,Other
Application_1353717749,Other
Application_1677934167,Other
Application_1733065566,Other
Application_965947000,Other
Application_1699424307,Accepted
Application_2043324814,Other
Application_475784027,Other
Application_1169258361,Other
Application_1116524301,Other
Application_396179688,Other
Application_175142422,Accepted
Application_39469630,Accepted
Application_254451121,Accepted
Application_1822642909,Accepted
Application_1607788566,Other
Application_1107241983,Accepted
Application_1129276294,Other
Application_1981765819,Other
Application_188576817,Accepted
Application_1593334678,Other
Application_741075840,Other
Application_510414837,Other
Application_1885207570,Other
Application_1392179426,Accepted
Application_1423903152,Other
Application_951383511,Accepted
Application_693454125,Other
Application_1139959523,Accepted
Application_891274487,Other
Application_1241541074,Other
Application_1398793539,Other
Application_2057503198,Other
Application_703030018,Other
Application_180279723,Other
Application_1779483865,Other
Application_203882577,Other
Application_360751084,Other
Application_1207230380,Other
Application_1850963893,Other
Application_902902027,Accepted
Application_1499605505,Accepted
Application_1034064300,Other
Application_1383675481,Accepted
Application_46651536,Other
Application_429432940,Other
Application_488496337,Other
Application_131125706,Other
Application_1729415776,Other
Application_1025923370,Other
Application_1562591754,Other
Application_1356584653,Other
Application_485161642,Other
Application_1245226697,Accepted
Application_1893794097,Accepted
Application_1293565393,Other
Application_221972358,Other
Application_353184979,Other
Application_1830904674,Other
Application_1997208988,Accepted
Application_1644818467,Other
Application_1131111908,Other
Application_434948168,Other
Application_750452012,Other
Application_11785385,Accepted
Application_1508411195,Accepted
Application_834130768,Other
Application_1730972696,Accepted
Application_48288644,Other
Application_657143532,Accepted
Application_1048918140,Other
Application_1988315370,Other
Application_333690054,Other
Application_1299886500,Other
Application_521868863,Other
Application_398711064,Other
Application_615423212,Other
Application_837826809,Accepted
Application_2119240461,Other
Application_1626377486,Other
Application_1697507456,Other
Application_481948188,Other
Application_986694126,Other
Application_670760216,Other
Application_1745482070,Accepted
Application_797638245,Other
Application_1594328665,Accepted
Application_1552337149,Other
Application_1059555811,Other
Application_613282920,Other
Application_662150009,Other
Application_843299326,Other
Application_1554928307,Other
Application_1601392433,Other
Application_2134600507,Accepted
Application_1995625398,Other
Application_1637691835,Accepted
Application_925487474,Other
Application_778393530,Other
Application_555300278,Other
Application_62412644,Accepted
Application_1609918816,Accepted
Application_438668071,Accepted
Application_1998761870,Other
Application_1386012914,Other
Application_735304960,Other
Application_241911920,Accepted
Application_558224664,Other
Application_1817852148,Accepted
Application_77471286,Other
Application_1926075549,Other
Application_1930466664,Other
Application_700314092,Other
Application_1201514840,Accepted
Application_341308614,Other
Application_1931704378,Other
Application_2093418706,Accepted
Application_1229707182,Other
Application_667158687,Other
Application_1379173026,Other
Application_1568847798,Other
Application_153968095,Other
Application_1228813193,Accepted
Application_533465776,Other
Application_908635286,Accepted
Application_865788556,Other
Application_649073329,Other
Application_1786284162,Other
Application_213454046,Other
Application_1956791928,Accepted
Application_1702131986,Other
Application_571464108,Other
Application_624868389,Accepted
Application_1643735217,Other
Application_1288719664,Accepted
Application_1724949330,Accepted
Application_1647019329,Accepted
Application_1576455879,Other
Application_2120648830,Other
Application_279418875,Other
Application_116364671,Accepted
Application_643886215,Other
Application_1504753021,Other
Application_1953879081,Accepted
Application_1707528347,Other
Application_1582126646,Accepted
Application_997024654,Accepted
Application_647094276,Accepted
Application_1949846024,Other
Application_1712966902,Accepted
Application_571141074,Other
Application_517927839,Accepted
Application_2037608840,Other
Application_877302416,Other
Application_572065432,Other
Application_1431291004,Other
Application_1507560449,Accepted
Application_2144661227,Accepted
Application_1982733114,Other
Application_1266450550,Other
Application_261369076,Other
Application_1053061342,Other
Application_1813836988,Other
Application_740525078,Other
Application_845264414,Other
Application_42363018,Other
Application_1300146313,Accepted
Application_2144122462,Other
Application_427792625,Other
Application_1670218780,Accepted
Application_1944320284,Accepted
Application_83214651,Other
Application_839135983,Other
Application_243699734,Other
Application_70630239,Other
Application_489770374,Other
Application_847862372,Other
Application_868516310,Accepted
Application_1011122543,Other
Application_76120364,Other
Application_1158871047,Other
Application_353245935,Accepted
Application_171939585,Other
Application_689308430,Other
Application_1620116853,Other
Application_1740675491,Other
Application_1985092595,Other
Application_1150495041,Other
Application_692524901,Accepted
Application_1871313966,Other
Application_176467906,Other
Application_753953246,Other
Application_1680549316,Other
Application_114858279,Accepted
Application_1773817992,Accepted
Application_1954960506,Other
Application_745446561,Accepted
Application_1389644287,Other
Application_1437733107,Other
Application_6992306,Other
Application_1547914699,Accepted
Application_1975875773,Other
Application_1072478001,Accepted
Application_1459565304,Other
Application_889565539,Other
Application_531070131,Accepted
Application_2134387332,Other
Application_1391177014,Accepted
Application_827819368,Other
Application_1455692161,Other
Application_1903584471,Other
Application_415628899,Other
Application_267056796,Accepted
Application_505169833,Accepted
Application_1744802978,Other
Application_760899328,Other
Application_1392744244,Other
Application_447612600,Other
Application_319349339,Other
Application_317775008,Accepted
Application_751800085,Other
Application_5709416,Other
Application_642241213,Accepted
Application_931532750,Other
Application_1377765652,Accepted
Application_2132280763,Other
Application_1766691152,Accepted
Application_746909032,Other
Application_1445624231,Accepted
Application_681572147,Other
Application_1597571599,Other
Application_1765317682,Other
Application_747766514,Other
Application_1502840322,Accepted
Application_1818887493,Accepted
Application_2075758729,Accepted
Application_1694716314,Other
Application_1982607878,Accepted
Application_814427126,Other
Application_658380691,Other
Application_7568877,Other
Application_174431817,Other
Application_1743744101,Other
Application_1089717788,Other
Application_1051554620,Other
Application_240232555,Other
Application_1414262200,Other
Application_984284284,Other
Application_525684776,Other
Application_1663458866,Other
Application_268436932,Accepted
Application_1890393126,Accepted
Application_1380868781,Other
Application_1021365915,Accepted
Application_949738035,Other
Application_1481699232,Other
Application_1705129812,Other
Application_2114228749,Accepted
Application_1379464024,Other
Application_408317779,Other
Application_1695771209,Other
Application_1068398029,Accepted
Application_575518856,Accepted
Application_1519307177,Other
Application_661843212,Other
Application_1006959642,Other
Application_1447740687,Other
Application_1447169405,Other
Application_1335456683,Other
Application_1019603677,Other
Application_1127956985,Other
Application_1877676656,Other
Application_1949515607,Accepted
Application_270049565,Other
Application_645021443,Other
Application_1307267305,Other
Application_1782964647,Other
Application_259616336,Other
Application_619601205,Other
Application_1280427249,Other
Application_1993514490,Other
Application_136602171,Accepted
Application_1268626834,Other
Application_861341090,Other
Application_1666176195,Other
Application_1956766805,Other
Application_905927812,Accepted
Application_571266372,Other
Application_1591827409,Accepted
Application_860656917,Accepted
Application_510980371,Other
Application_1517745031,Other
Application_2023182441,Accepted
Application_1944829518,Other
Application_324103267,Other
Application_1590046911,Other
Application_1331108450,Other
Application_631926508,Other
Application_1400486786,Other
Application_1811798646,Other
Application_121641518,Other
Application_970274306,Other
Application_793078984,Other
Application_443577191,Accepted
Application_93941037,Other
Application_260956049,Other
Application_711287867,Other
Application_1119407054,Other
Application_1481555746,Accepted
Application_936472505,Accepted
Application_177187708,Accepted
Application_894654066,Other
Application_1962789008,Other
Application_10264475,Accepted
Application_435727545,Other
Application_1085126063,Accepted
Application_1711856510,Other
Application_1316538978,Other
Application_1086233807,Other
Application_1888419543,Other
Application_1165741868,Accepted
Application_83055924,Other
Application_1792762589,Other
Application_533989783,Accepted
Application_1612124570,Accepted
Application_710744550,Other
Application_74910338,Other
Application_2054208799,Other
Application_791394136,Other
Application_1237983321,Other
Application_1852038532,Other
Application_461610180,Other
Application_1684448331,Accepted
Application_1726766534,Accepted
Application_736898730,Other
Application_256910374,Other
Application_2042250346,Other
Application_609549109,Other
Application_1442707430,Other
Application_2085485499,Other
Application_42358012,Other
Application_1488933214,Other
Application_633763723,Other
Application_452765665,Other
Application_1266086453,Other
Application_8174970,Other
Application_593651416,Other
Application_851840391,Accepted
Application_131383905,Other
Application_230883551,Accepted
Application_1424505326,Accepted
Application_2137284046,Other
Application_1787619541,Accepted
Application_1072222879,Other
Application_1237040955,Other
Application_1426042949,Other
Application_2137965722,Other
Application_1973370956,Accepted
Application_1397177996,Accepted
Application_1076081955,Accepted
Application_638063982,Other
Application_448703047,Accepted
Application_1708263885,Accepted
Application_1206679861,Other
Application_934763385,Other
Application_371014669,Other
Application_488044029,Other
Application_1024769381,Other
Application_1487325229,Other
Application_874707363,Accepted
Application_566579030,Accepted
Application_1865277109,Accepted
Application_1227690400,Other
Application_1485872413,Other
Application_326755186,Other
Application_107006704,Other
Application_568657523,Other
Application_975545550,Accepted
Application_863789331,Other
Application_2016055230,Other
Application_1104955032,Other
Application_357088901,Other
Application_405345335,Accepted
Application_1804017717,Other
Application_1737015600,Accepted
Application_1100597277,Accepted
Application_1290192129,Other
Application_293784002,Accepted
Application_643473779,Other
Application_789568590,Other
Application_655459679,Accepted
Application_1017828639,Other
Application_1486836461,Other
Application_1127250936,Other
Application_280204698,Accepted
Application_1735596662,Accepted
Application_1659745435,Other
Application_478992615,Accepted
Application_658862689,Other
Application_477329320,Other
Application_98120414,Other
Application_1018538193,Other
Application_341953107,Other
Application_7716356,Other
Application_1807982053,Other
Application_1627664369,Other
Application_1378387508,Other
Application_1727576743,Other
Application_726100885,Other
Application_342847155,Other
Application_1842714490,Accepted
Application_1056882365,Other
Application_1091033446,Other
Application_76654009,Other
Application_936362904,Accepted
Application_272280744,Accepted
Application_1569156673,Other
Application_1904511216,Other
Application_1453416633,Accepted
Application_1777798172,Other
Application_1759132638,Other
Application_87679955,Accepted
Application_296929011,Other
Application_1417975442,Accepted
Application_1160839680,Other
Application_1773884897,Other
Application_1461650968,Other
Application_1885469174,Accepted
Application_243166408,Other
Application_401788441,Accepted
Application_1483370714,Accepted
Application_1657679208,Other
Application_1872539769,Accepted
Application_489359865,Other
Application_1030416681,Other
Application_44622879,Other
Application_840426240,Other
Application_1030024656,Accepted
Application_1308473984,Other
Application_676856881,Accepted
Application_562856588,Accepted
Application_121729357,Other
Application_1497210357,Accepted
Application_1812976702,Other
Application_960618961,Accepted
Application_1724135933,Other
Application_780411074,Accepted
Application_1498852039,Other
Application_293711004,Accepted
Application_477421113,Accepted
Application_658560478,Other
Application_1722024794,Accepted
Application_2079651515,Accepted
Application_1857098025,Other
Application_478157343,Other
Application_850377333,Other
Application_1166306573,Other
Application_983875383,Other
Application_1541874294,Other
Application_224754370,Other
Application_351467957,Other
Application_1308123155,Other
Application_1436586275,Other
Application_410219953,Other
Application_911418076,Other
Application_2001914382,Other
Application_769436216,Other
Application_555399999,Accepted
Application_1315999339,Accepted
Application_1572847379,Accepted
Application_305127122,Other
Application_2076467866,Accepted
Application_228960832,Accepted
Application_1031153001,Accepted
Application_611961345,Other
Application_74892505,Accepted
Application_2070562676,Other
Application_465577412,Other
Application_1575429255,Accepted
Application_140236565,Other
Application_74640015,Accepted
Application_2073308243,Other
Application_1496592829,Other
Application_1352970596,Other
Application_1091883536,Other
Application_775825240,Other
Application_500943156,Other
Application_166232188,Other
Application_2074797883,Accepted
Application_1893357428,Accepted
Application_343910252,Other
Application_503892757,Other
Application_865318653,Accepted
Application_1642342758,Other
Application_1283592554,Accepted
Application_1018407971,Accepted
Application_2071699900,Other
Application_1287947132,Other
Application_52093579,Other
Application_1526559453,Accepted
Application_1884834968,Other
Application_1366581099,Other
Application_444182929,Other
Application_2068604074,Other
Application_1845304792,Other
Application_50614055,Other
Application_850731995,Other
Application_796878514,Other
Application_480755987,Accepted
Application_1332541697,Other
Application_1648426839,Other
Application_2014512878,Accepted
Application_1456197334,Other
Application_2072289125,Other
Application_1756343309,Other
Application_57947552,Other
Application_373770977,Other
Application_1005586643,Accepted
Application_793183519,Other
Application_1641925111,Other
Application_672913902,Other
Application_424159898,Other
Application_1327704129,Other
Application_568412620,Accepted
Application_63629581,Other
Application_1070668503,Accepted
Application_795283356,Other
Application_572015408,Accepted
Application_1639647605,Accepted
Application_1287309755,Other
Application_1364243564,Other
Application_1460064458,Accepted
Application_1852468311,Accepted
Application_207833572,Other
Application_1152955170,Other
Application_769456413,Other
Application_293218181,Other
Application_1816939541,Other
Application_1657704546,Accepted
Application_1485106939,Other
Application_2063478609,Accepted
Application_852507242,Accepted
Application_1143217229,Other
Application_50891785,Other
Application_145673691,Other
Application_2114478093,Other
Application_657686177,Other
Application_1858289567,Other
Application_86065332,Accepted
Application_1133030829,Other
Application_776408003,Other
Application_1029418789,Other
Application_1548755079,Other
Application_1708061774,Accepted
Application_152693083,Other
Application_468569363,Other
Application_2114397242,Accepted
Application_1359216041,Other
Application_659649199,Accepted
Application_503826692,Accepted
Application_1859646524,Other
Application_269546369,Other
Application_846715236,Accepted
Application_1851829202,Other
Application_1349233572,Other
Application_1167813329,Accepted
Application_1586014327,Other
Application_659943365,Other
Application_842230595,Accepted
Application_1209676119,Other
Application_1589730904,Other
Application_126239154,Other
Application_1925010934,Other
Application_60159601,Accepted
Application_626804169,Other
Application_1347338076,Other
Application_1157728848,Other
Application_161175780,Accepted
Application_1556330253,Accepted
Application_418469024,Other
Application_1501335173,Accepted
Application_1515175359,Other
Application_2031722279,Accepted
Application_116416466,Other
Application_177987424,Accepted
Application_205371665,Accepted
Application_1382399727,Other
Application_956974251,Other
Application_2066994465,Other
Application_1113168636,Other
Application_1111458873,Other
Application_1372864243,Other
Application_206394826,Other
Application_1877008365,Other
Application_1992048266,Other
Application_179543075,Accepted
Application_1225691187,Other
Application_901461756,Other
Application_1797145932,Accepted
Application_1639639594,Accepted
Application_294050421,Other
Application_1519436671,Other
Application_1227508565,Other
Application_1602505772,Accepted
Application_1421998660,Accepted
Application_1948936271,Accepted
Application_1353398749,Other
Application_464499156,Other
Application_1985400245,Other
Application_145357596,Accepted
Application_53062075,Other
Application_912251208,Other
Application_1928302137,Accepted
Application_787712141,Other
Application_429136936,Other
Application_1718377889,Other
Application_900021559,Accepted
Application_1080379006,Accepted
Application_1230429714,Accepted
Application_345921229,Accepted
Application_30588126,Accepted
Application_1946698804,Other
Application_1589974568,Other
Application_1214984785,Other
Application_991699701,Other
Application_2005290348,Other
Application_628921066,Accepted
Application_514138804,Other
Application_156903327,Accepted
Application_1796411503,Other
Application_1033897711,Other
Application_641302579,Accepted
Application_501880267,Accepted
Application_864662158,Other
Application_314304565,Other
Application_996252474,Other
Application_1219181058,Other
Application_1810482480,Other
Application_1218931958,Other
Application_1636191672,Other
Application_1721608333,Accepted
Application_179733215,Other
Application_2000355414,Other
Application_74080697,Other
Application_910722013,Accepted
Application_1507175319,Other
Application_1948857084,Other
Application_957889872,Other
Application_295969827,Other
Application_196729550,Accepted
Application_1188769353,Other
Application_1235233550,Other
Application_1408004513,Other
Application_1427357387,Other
Application_1877982861,Accepted
Application_156009103,Accepted
Application_67210943,Accepted
Application_829976155,Other
Application_2108374326,Accepted
Application_1546185620,Other
Application_1722931754,Accepted
Application_1473658754,Accepted
Application_2105236345,Accepted
Application_94998033,Other
Application_2050920629,Other
Application_1392934703,Other
Application_1233770715,Accepted
Application_1755169770,Accepted
Application_116198210,Other
Application_246937323,Other
Application_957636803,Accepted
Application_112387904,Other
Application_861657458,Accepted
Application_109582133,Other
Application_434425922,Accepted
Application_62138795,Other
Application_1751392420,Other
Application_2067537692,Other
Application_1305018103,Accepted
Application_1968129303,Accepted
Application_2103717541,Other
Application_1880367762,Accepted
Application_824090037,Other
Application_642752908,Other
Application_248389348,Other
Application_606991677,Accepted
Application_964799660,Accepted
Application_1323003023,Accepted
Application_807125932,Accepted
Application_57954569,Accepted
Application_400898809,Accepted
Application_1132114488,Other
Application_1322488295,Accepted
Application_247748615,Accepted
Application_1575340154,Other
Application_1177365973,Other
Application_1456112640,Other
Application_1834868424,Other
Application_1764928576,Accepted
Application_953473426,Accepted
Application_1547513462,Other
Application_21413923,Accepted
Application_101548356,Other
Application_1138641566,Other
Application_588477188,Other
Application_64311511,Accepted
Application_1536687200,Other
Application_1558496847,Accepted
Application_888638591,Other
Application_1508783586,Other
Application_1332069287,Other
Application_623633224,Accepted
Application_736449039,Other
Application_969699413,Other
Application_1410553493,Other
Application_1810035522,Accepted
Application_822635049,Accepted
Application_1317585785,Other
Application_2037760771,Accepted
Application_116128683,Other
Application_90310280,Accepted
Application_55775570,Accepted
Application_1401572084,Other
Application_1877548331,Accepted
Application_1840892126,Other
Application_1781717045,Other
Application_349261388,Accepted
Application_883552034,Other
Application_761060432,Other
Application_1459681375,Other
Application_1118371002,Other
Application_569478541,Other
Application_1402152809,Other
Application_2101854749,Other
Application_2145809863,Other
Application_1813024453,Accepted
Application_1498428414,Other
Application_886146153,Other
Application_1210030167,Other
Application_1534520017,Accepted
Application_342520730,Accepted
Application_1214377208,Other
Application_991173946,Accepted
Application_1425047853,Accepted
Application_1153405517,Accepted
Application_416522283,Accepted
Application_774361986,Accepted
Application_2146549572,Other
Application_2074819940,Accepted
Application_1498962562,Accepted
Application_930922041,Other
Application_917548762,Other
Application_1944438542,Other
Application_1191894669,Accepted
Application_1002324382,Accepted
Application_257396106,Accepted
Application_1845145666,Other
Application_54673097,Other
Application_2074357653,Other
Application_1690840507,Other
Application_948519321,Other
Application_571989765,Other
Application_1232378526,Other
Application_967672222,Other
Application_1450574246,Other
Application_107477185,Other
Application_1560769506,Other
Application_426627924,Other
Application_616058642,Other
Application_2022864702,Other
Application_2099297268,Other
Application_763803693,Accepted
Application_1382081055,Accepted
Application_1954462316,Other
Application_274957325,Other
Application_974129121,Other
Application_1349416998,Other
Application_296099695,Accepted
Application_114770777,Other
Application_750138854,Other
Application_1832359699,Other
Application_1196269002,Other
Application_1016139280,Other
Application_942055252,Other
Application_954637977,Other
Application_1304258609,Other
Application_604716066,Other
Application_120280878,Accepted
Application_594254887,Other
Application_1112590740,Other
Application_156172264,Accepted
Application_1906646196,Other
Application_1239110079,Other
Application_2032884748,Other
Application_444726409,Other
Application_1985722666,Other
Application_1305730565,Accepted
Application_21634629,Other
Application_1911439837,Accepted
Application_1452739482,Accepted
Application_2026246587,Other
Application_423856798,Accepted
Application_855349687,Other
Application_1554722104,Other
Application_170555253,Accepted
Application_1924874657,Other
Application_1886874833,Other
Application_1762504475,Accepted
Application_2103132795,Other
Application_1976587640,Other
Application_225794789,Accepted
Application_739585490,Accepted
Application_1476439335,Other
Application_549784946,Other
Application_76470230,Accepted
Application_1220779758,Other
Application_1668012366,Other
Application_1690898290,Other
Application_232376189,Accepted
Application_746068427,Accepted
Application_187117501,Other
Application_1398313391,Accepted
Application_2091185104,Other
Application_1008820487,Other
Application_1131020300,Other
Application_1017927606,Other
Application_905882095,Other
Application_1961525540,Accepted
Application_1259512676,Other
Application_1228197347,Accepted
Application_900869983,Other
Application_71172761,Accepted
Application_1064691897,Accepted
Application_116762281,Accepted
Application_91279548,Other
Application_2030605346,Other
Application_1579703336,Other
Application_384719366,Accepted
Application_742628955,Accepted
Application_1123488128,Other
Application_1169714869,Other
Application_1247798103,Other
Application_931562291,Other
Application_1627028150,Accepted
Application_74914975,Other
Application_645529282,Other
Application_1329813348,Other
Application_796913320,Other
Application_582078657,Other
Application_1140196364,Other
Application_1562554188,Other
Application_1307297899,Other
Application_853977317,Accepted
Application_409538111,Other
Application_1541810715,Other
Application_353064056,Other
Application_1312126160,Other
Application_537160858,Other
Application_672030546,Other
Application_545572508,Other
Application_410507849,Other
Application_1545623369,Accepted
Application_1550115940,Other
Application_1187356946,Other
Application_222177549,Accepted
Application_2049357645,Accepted
Application_1369502025,Other
Application_975739122,Accepted
Application_580257496,Other
Application_842618981,Other
Application_678203971,Other
Application_1736280882,Accepted
Application_80709811,Other
Application_1555419169,Accepted
Application_232621244,Accepted
Application_1699123698,Accepted
Application_1332471896,Other
Application_1000806256,Other
Application_45008758,Accepted
Application_872341596,Other
Application_639972804,Other
Application_516487637,Other
Application_407385655,Accepted
Application_2046600860,Accepted
Application_1166516399,Other
Application_1702772063,Other
Application_412734994,Other
Application_1061861527,Other
Application_1323210480,Other
Application_230072380,Accepted
Application_853285416,Other
Application_878873088,Other
Application_1067919941,Accepted
Application_1447518291,Accepted
Application_1580331150,Accepted
Application_1116530723,Other
Application_940515706,Accepted
Application_1416951454,Other
Application_1795114093,Accepted
Application_1287894195,Other
Application_1924053629,Accepted
Application_1031285536,Accepted
Application_354038480,Accepted
Application_577048850,Accepted
Application_8761127,Other
Application_1570336466,Other
Application_938057857,Accepted
Application_1427290652,Other
Application_1793068733,Accepted
Application_361574072,Other
Application_1479466223,Accepted
Application_848108582,Other
Application_1300284716,Accepted
Application_540756472,Other
Application_45273294,Accepted
Application_562529101,Accepted
Application_1607895825,Other
Application_1583111802,Accepted
Application_643199762,Other
Application_1628923159,Other
Application_1589439533,Other
Application_422460196,Other
Application_565872510,Other
Application_829447753,Other
Application_1910230748,Accepted
Application_702063013,Accepted
Application_481024503,Other
Application_1150934823,Other
Application_1016339725,Other
Application_1016451751,Other
Application_1046926586,Accepted
Application_1846383965,Accepted
Application_1732102676,Other
Application_1055695906,Other
Application_1680536322,Accepted
Application_2131204416,Accepted
Application_1986941843,Accepted
Application_343204657,Other
Application_1535069098,Other
Application_1893271094,Other
Application_1057234686,Other
Application_1796959397,Other
Application_1068207763,Accepted
Application_1764902969,Other
Application_1570040276,Accepted
Application_1079989725,Other
Application_1035150320,Other
Application_506745247,Accepted
Application_1964386117,Accepted
Application_386696956,Other
Application_182600029,Other
Application_141582005,Accepted
Application_2000696976,Other
Application_1003568418,Other
Application_797165485,Other
Application_1224874439,Other
Application_1303637822,Other
Application_355309518,Other
Application_1593076472,Accepted
Application_1046080198,Other
Application_1910146024,Other
Application_866133256,Other
Application_797955878,Other
Application_1221917431,Other
Application_455421982,Accepted
Application_278234732,Other
Application_291526442,Other
Application_905959361,Accepted
Application_2068306837,Other
Application_2140007826,Accepted
Application_1797125617,Other
Application_1152530957,Other
Application_502730302,Accepted
Application_979922606,Accepted
Application_1173884382,Other
Application_93983838,Other
Application_1477876849,Other
Application_1031648186,Accepted
Application_2058568369,Other
Application_1616067899,Other
Application_772420627,Accepted
Application_2082623215,Accepted
Application_1862918271,Other
Application_172749595,Other
Application_1129142754,Accepted
Application_560269597,Other
Application_27118645,Other
Application_1101261366,Accepted
Application_1000158214,Accepted
Application_793556127,Accepted
Application_208736719,Accepted
Application_1109152833,Other
Application_1407057817,Accepted
Application_1867625411,Other
Application_1623821275,Accepted
Application_809628503,Other
Application_1763856781,Accepted
Application_809876730,Other
Application_620349713,Other
Application_1442193843,Accepted
Application_1039537740,Other
Application_690014758,Other
Application_1810666350,Other
Application_684881897,Other
Application_677091115,Other
Application_365228259,Accepted
Application_1758492951,Accepted
Application_2083056533,Accepted
Application_1089225252,Accepted
Application_712257544,Other
Application_1411506476,Accepted
Application_1159880944,Accepted
Application_1962295003,Other
Application_1612622692,Other
Application_1765068451,Other
Application_2089484652,Accepted
Application_1489523042,Accepted
Application_507014766,Accepted
Application_831568516,Accepted
Application_1020832049,Other
Application_873010904,Other
Application_683569549,Accepted
Application_377867011,Other
Application_1351295690,Other
Application_531468291,Accepted
Application_1028646310,Accepted
Application_527363620,Other
Application_1180232047,Other
Application_886769722,Accepted
Application_661066921,Other
Application_814634901,Other
Application_1036785189,Other
Application_1421088059,Other
Application_710573029,Other
Application_533726298,Accepted
Application_372327336,Accepted
Application_1745455000,Accepted
Application_889353724,Other
Application_1491142305,Accepted
Application_669719234,Other
Application_371905855,Other
Application_314482642,Accepted
Application_705004048,Other
Application_1620683053,Other
Application_1190132821,Accepted
Application_1448220122,Accepted
Application_1132294182,Accepted
Application_77416026,Other
Application_873966727,Accepted
Application_997702297,Accepted
Application_297480993,Other
Application_1262527822,Accepted
Application_332459563,Accepted
Application_1734519407,Accepted
Application_2084137112,Accepted
Application_2113820413,Other
Application_903203567,Other
Application_685683582,Accepted
Application_1056033042,Other
Application_1839533971,Other
Application_895635043,Other
Application_1058323925,Other
Application_1408016750,Other
Application_1061861291,Other
Application_1950374456,Accepted
Application_1834532038,Other
Application_2135911462,Other
Application_788984207,Accepted
Application_439524306,Other
Application_2127935931,Accepted
Application_70463787,Other
Application_1786516463,Accepted
Application_250858232,Other
Application_575181172,Other
Application_1647096554,Other
Application_1432308773,Accepted
Application_1270529077,Other
Application_831015153,Accepted
Application_656475157,Other
Application_645196418,Accepted
Application_723704937,Other
Application_580595855,Accepted
Application_357201241,Other
Application_2142391256,Other
Application_1811086309,Other
Application_894860002,Other
Application_1565566306,Other
Application_1788651940,Accepted
Application_1252850129,Accepted
Application_1189980939,Other
Application_1955603407,Accepted
Application_444499102,Accepted
Application_657061169,Other
Application_442145627,Other
Application_2147147129,Other
Application_1266902462,Other
Application_1448073409,Other
Application_1927113271,Other
Application_1803397392,Accepted
Application_648164207,Other
Application_1006058240,Other
Application_1193970472,Other
Application_1436326561,Other
Application_1179346967,Other
Application_736790827,Accepted
Application_2135821422,Other
Application_1811421307,Accepted
Application_1409806424,Accepted
Application_1782785100,Accepted
Application_1551139660,Other
Application_601046229,Accepted
Application_1440831044,Other
Application_1707126336,Other
Application_1623041535,Other
Application_1876076405,Other
Application_1333142685,Other
Application_503317286,Accepted
Application_1878443326,Other
Application_378877992,Accepted
Application_228024725,Other
Application_380588772,Accepted
Application_1481508354,Other
Application_795550280,Other
Application_867421849,Accepted
Application_1331967235,Other
Application_973484305,Accepted
Application_646930539,Other
Application_200408081,Other
Application_2092549786,Other
Application_310663154,Other
Application_1420092821,Other
Application_614989201,Other
Application_1577276419,Other
Application_877734301,Other
Application_29636271,Other
Application_459762686,Other
Application_1195918098,Accepted
Application_509299708,Accepted
Application_547268346,Other
Application_1958128487,Other
Application_1575444304,Accepted
Application_1764965223,Other
Application_1867218103,Other
Application_383949616,Other
Application_1195146886,Accepted
Application_980170204,Accepted
Application_600703648,Other
Application_1066477731,Other
Application_1644292441,Accepted
Application_1286145922,Accepted
Application_1035934047,Other
Application_1285022138,Other
Application_862108924,Accepted
Application_2096320878,Other
Application_1975471669,Accepted
Application_1110154997,Other
Application_98827026,Accepted
Application_155102742,Other
Application_1218323953,Accepted
Application_1062457849,Accepted
Application_1935198727,Accepted
Application_163995478,Accepted
Application_1649687810,Other
Application_2079191179,Other
Application_1899866776,Other
Application_1077233112,Other
Application_1509229983,Accepted
Application_1863843995,Other
Application_219333502,Accepted
Application_186782886,Accepted
Application_192268999,Accepted
Application_926542342,Accepted
Application_998261970,Other
Application_1943685492,Accepted
Application_1378979200,Accepted
Application_1645989394,Other
Application_2103548463,Other
Application_1833437649,Other
Application_196949593,Accepted
Application_386595149,Other
Application_683698499,Accepted
Application_279246719,Other
Application_645828402,Other
Application_1383932860,Accepted
Application_1058627207,Other
Application_1519949994,Accepted
Application_1237747961,Other
Application_1140598576,Other
Application_858335158,Other
Application_1362261083,Accepted
Application_758416944,Accepted
Application_1579831116,Other
Application_61113461,Other
Application_648443266,Other
Application_459013880,Accepted
Application_1702501298,Accepted
Application_1322946667,Other
Application_1648961264,Accepted
Application_1864666795,Accepted
Application_220720983,Accepted
Application_2081760730,Accepted
Application_1998244610,Accepted
Application_828621995,Other
Application_571865892,Other
Application_399056959,Other
Application_130760504,Accepted
Application_1763414145,Other
Application_133185552,Other
Application_1253348793,Other
Application_832060436,Accepted
Application_1887225903,Other
Application_1693088373,Other
Application_242022154,Accepted
Application_1603533873,Accepted
Application_654342614,Accepted
Application_208007173,Other
Application_1325872188,Accepted
Application_1009956698,Accepted
Application_834186594,Other
Application_471807853,Other
Application_840069749,Other
Application_1156125364,Other
Application_2051973158,Accepted
Application_1884948653,Accepted
Application_108777253,Other
Application_740999060,Other
Application_391361598,Other
Application_388984788,Other
Application_1506645585,Other
Application_1333883378,Accepted
Application_882976040,Other
Application_1043132250,Accepted
Application_1266314446,Accepted
Application_1712897704,Other
Application_206518775,Other
Application_374531956,Other
Application_2044292483,Other
Application_1904282394,Accepted
Application_1464059152,Other
Application_821434308,Other
Application_320324064,Other
Application_417003502,Other
Application_1710357094,Accepted
Application_382838608,Other
Application_168062377,Accepted
Application_745736596,Other
Application_530922017,Other
Application_1403983956,Other
Application_1618011449,Accepted
Application_1323678318,Accepted
Application_1593504728,Other
Application_1017661250,Other
Application_836609181,Other
Application_369239944,Other
Application_188078604,Other
Application_1099078323,Other
Application_1486682882,Other
Application_1851680665,Accepted
Application_376773853,Accepted
Application_1817442788,Accepted
Application_950006143,Other
Application_762931020,Other
Application_986170161,Other
Application_1914957761,Other
Application_950415786,Other
Application_1452483116,Accepted
Application_1269046417,Other
Application_749043853,Accepted
Application_47153240,Accepted
Application_426493590,Other
Application_1416057621,Other
Application_767948552,Accepted
Application_991352364,Other
Application_1922336058,Other
Application_1127925847,Accepted
Application_988584174,Other
Application_1465403463,Other
Application_32455983,Accepted
Application_681106107,Other
Application_2113657853,Accepted
Application_1764396574,Accepted
Application_1334455775,Other
Application_1370023835,Other
Application_1107370245,Accepted
Application_772991462,Other
Application_393968985,Other
Application_612312797,Other
Application_461933972,Accepted
Application_246862903,Accepted
Application_1110730476,Other
Application_1126566015,Accepted
Application_1679262953,Other
Application_1631297810,Accepted
Application_1307008167,Other
Application_1364130944,Other
Application_738653118,Other
Application_548905989,Other
Application_359299422,Other
Application_169744009,Other
Application_1137627493,Other
Application_606167855,Other
Application_311225091,Other
Application_256493525,Other
Application_55724875,Other
Application_245358474,Other
Application_1602207403,Other
Application_163365847,Accepted
Application_957567269,Other
Application_1857636845,Other
Application_705632157,Accepted
Application_305386990,Other
Application_250245996,Accepted
Application_943951356,Other
Application_778477049,Other
Application_959506520,Other
Application_957786035,Accepted
Application_1385418328,Accepted
Application_1204171365,Accepted
Application_915953874,Accepted
Application_1548078856,Accepted
Application_1838013881,Accepted
Application_23547632,Other
Application_473484613,Other
Application_508087509,Accepted
Application_730906988,Accepted
Application_1005003910,Accepted
Application_856457816,Accepted
Application_566378468,Accepted
Application_65402694,Accepted
Application_854595471,Other
Application_1035841874,Accepted
Application_405163795,Other
Application_2063340010,Accepted
Application_1857359296,Other
Application_1941905945,Other
Application_2122708374,Accepted
Application_36789044,Other
Application_731892406,Accepted
Application_668802358,Accepted
Application_1363909203,Other
Application_59225008,Accepted
Application_282533941,Other
Application_1457337098,Other
Application_568384333,Accepted
Application_229712009,Other
Application_224630552,Accepted
Application_1938706880,Other
Application_1150992246,Other
Application_1702957596,Other
Application_1758714706,Other
Application_1223724178,Other
Application_1043398619,Other
Application_1176687926,Accepted
Application_731487477,Other
Application_668360533,Other
Application_212776372,Other
Application_1292526572,Accepted
Application_1515901662,Accepted
Application_1666291912,Other
Application_1878128817,Other
Application_212386793,Accepted
Application_44362372,Other
Application_642215736,Other
Application_77398041,Other
Application_426369416,Accepted
Application_1502969911,Other
Application_1663601132,Accepted
Application_1145808758,Accepted
Application_645105188,Other
Application_212872364,Accepted
Application_967077850,Other
Application_1183962979,Accepted
Application_997694552,Other
Application_1355802515,Other
Application_2132368419,Accepted
Application_1167485975,Accepted
Application_1645053333,Other
Application_1935391283,Accepted
Application_1710800824,Other
Application_1858388938,Accepted
Application_2112209240,Other
Application_269531667,Accepted
Application_417061808,Accepted
Application_1753761949,Accepted
Application_807856777,Accepted
Application_1258296762,Accepted
Application_428753195,Accepted
Application_1929766144,Accepted
Application_433430687,Accepted
Application_1213387306,Accepted
Application_1712503897,Accepted
Application_1417345501,Accepted
Application_1038559722,Other
Application_952298752,Other
Application_416810150,Other
Application_327622380,Other
Application_2110074966,Other
Application_998576013,Other
Application_1222027236,Accepted
Application_55972649,Other
Application_1564611661,Other
Application_1877420980,Other
Application_2100723398,Other
Application_475334390,Accepted
Application_1717378449,Accepted
Application_1208228016,Other
Application_1119822708,Other
Application_1908046126,Accepted
Application_1977188812,Accepted
Application_1803807058,Other
Application_1025043783,Other
Application_526485295,Other
Application_994219306,Other
Application_1243127537,Accepted
Application_548101808,Other
Application_925557082,Other
Application_410746821,Other
Application_1789944376,Other
Application_1937509854,Other
Application_2125785584,Other
Application_1118164446,Other
Application_418424393,Accepted
Application_306052151,Other
Application_954036515,Other
Application_1422228567,Other
Application_1852065096,Accepted
Application_2041631567,Accepted
Application_40401249,Other
Application_659310259,Accepted
Application_657029746,Accepted
Application_298654123,Accepted
Application_1471140796,Other
Application_1348677095,Accepted
Application_813134133,Other
Application_700944241,Accepted
Application_1021748617,Other
Application_1190067966,Accepted
Application_237214363,Other
Application_1544882126,Accepted
Application_2100914196,Other
Application_1896838735,Accepted
Application_2099887028,Other
Application_1749397697,Other
Application_335494466,Accepted
Application_1172965688,Accepted
Application_2080736087,Other
Application_3108939,Other
Application_318734377,Accepted
Application_221956549,Other
Application_633324439,Accepted
Application_1494615660,Other
Application_1321902728,Accepted
Application_1503772503,Other
Application_663815178,Other
Application_766170906,Accepted
Application_1212509346,Accepted
Application_1023172078,Accepted
Application_1494142729,Accepted
Application_316891806,Accepted
Application_623617955,Accepted
Application_956801052,Other
Application_1501681023,Accepted
Application_2030725686,Other
Application_2076951125,Accepted
Application_1314440981,Other
Application_1502702804,Other
Application_2075914665,Other
Application_671400151,Accepted
Application_1106557768,Accepted
Application_1496048380,Other
Application_779704160,Accepted
Application_275649144,Accepted
Application_94670320,Other
Application_1790105379,Other
Application_1357985922,Accepted
Application_1311907316,Other
Application_995868026,Accepted
Application_1801376991,Accepted
Application_2135601106,Accepted
Application_1529698091,Accepted
Application_1410114934,Other
Application_1424679065,Other
Application_653796268,Other
Application_978933800,Other
Application_953351996,Accepted
Application_456333210,Other
Application_272288428,Other
Application_1501497845,Other
Application_1185663292,Accepted
Application_90994680,Accepted
Application_272167631,Accepted
Application_1802279373,Accepted
Application_992188679,Other
Application_2060847781,Accepted
Application_103997673,Other
Application_1199880952,Accepted
Application_976745820,Other
Application_2093742439,Accepted
Application_959743614,Other
Application_1174786597,Accepted
Application_266362297,Other
Application_52994701,Other
Application_416834815,Accepted
Application_677911120,Other
Application_1788652572,Other
Application_1030292282,Other
Application_840962107,Other
Application_667365074,Other
Application_1381247356,Accepted
Application_669516093,Other
Application_450508016,Other
Application_413885694,Other
Application_850472645,Other
Application_1797569512,Other
Application_2067823240,Other
Application_2014598371,Other
Application_2065375307,Other
Application_1850231701,Accepted
Application_851834347,Other
Application_1551445155,Other
Application_102241622,Other
Application_665122636,Other
Application_1573414954,Other
Application_1457780790,Other
Application_1823581202,Other
Application_41912107,Accepted
Application_544553788,Other
Application_1899433995,Other
Application_1540484245,Accepted
Application_891304388,Other
Application_1394835191,Other
Application_1711142456,Accepted
Application_1037715800,Accepted
Application_411921452,Other
Application_592880238,Other
Application_91797542,Accepted
Application_670846293,Accepted
Application_1473697951,Accepted
Application_1798157581,Other
Application_101604435,Other
Application_1738880119,Accepted
Application_845569937,Accepted
Application_1909483907,Other
Application_1275928689,Other
Application_927851908,Other
Application_579259392,Other
Application_1320757635,Other
Application_996182193,Accepted
Application_602815360,Accepted
Application_889232610,Other
Application_1238983414,Accepted
Application_555841262,Accepted
Application_1661736117,Other
Application_1999170851,Other
Application_1969034315,Other
Application_161535331,Accepted
Application_858698202,Accepted
Application_415781818,Other
Application_1237162053,Accepted
Application_555420378,Accepted
Application_1649114891,Accepted
Application_1461782057,Other
Application_1908753603,Other
Application_205686377,Other
Application_683073013,Accepted
Application_493812371,Other
Application_839170118,Other
Application_562552186,Accepted
Application_1013542133,Accepted
Application_385079157,Accepted
Application_69021181,Accepted
Application_888194239,Accepted
Application_32837773,Other
Application_255974100,Accepted
Application_1766550589,Other
Application_1585186665,Other
Application_1891102332,Accepted
Application_1548417050,Other
Application_1906402578,Accepted
Application_1528547683,Accepted
Application_189720793,Other
Application_3818082,Other
Application_1148870993,Accepted
Application_1881958338,Other
Application_1388628552,Accepted
Application_1704667093,Other
Application_1741648013,Accepted
Application_1247833579,Accepted
Application_1123295224,Other
Application_765150840,Other
Application_866937585,Accepted
Application_1477907136,Accepted
Application_1827902106,Other
Application_1812263997,Other
Application_1589739639,Other
Application_1551687021,Accepted
Application_98646672,Accepted
Application_414529597,Accepted
Application_983707848,Accepted
Application_591815065,Other
Application_624007600,Other
Application_1450069498,Accepted
Application_773585477,Other
Application_987250913,Accepted
Application_806358684,Other
Application_625329470,Accepted
Application_1194465021,Other
Application_1552563574,Accepted
Application_1361062746,Other
Application_1542115098,Other
Application_1992768285,Accepted
Application_951640089,Other
Application_593445386,Accepted
Application_2034400394,Accepted
Application_1853176146,Other
Application_1402383222,Accepted
Application_1694540313,Other
Application_1702985007,Accepted
Application_480843466,Other
Application_927358627,Other
Application_1517306838,Other
Application_575472689,Other
Application_1527059504,Other
Application_1137266348,Accepted
Application_1790823961,Other
Application_198091300,Other
Application_1893198539,Other
Application_1430117029,Other
Application_1327186032,Other
Application_1429560725,Other
Application_821060398,Other
Application_1012362506,Accepted
Application_123610260,Accepted
Application_415636952,Other
Application_925553865,Other
Application_1140496903,Other
Application_1784944853,Other
Application_1216802414,Other
Application_1536518714,Other
Application_1864247725,Other
Application_933205945,Accepted
Application_1034141126,Accepted
Application_1215518303,Other
Application_1996515060,Other
Application_1609742208,Other
Application_2068952032,Other
Application_846440588,Accepted
Application_151064414,Accepted
Application_1468170000,Accepted
Application_78920888,Other
Application_968161989,Accepted
Application_778324140,Accepted
Application_20139498,Accepted
Application_1710819136,Accepted
Application_1066363999,Accepted
Application_1012472852,Other
Application_2140721724,Other
Application_1135650035,Accepted
Application_598944831,Other
Application_290904207,Other
Application_295911477,Accepted
Application_70614303,Other
Application_785938822,Other
Application_1278220738,Accepted
Application_2115349017,Accepted
Application_1942568982,Other
Application_474961610,Accepted
Application_664430341,Accepted
Application_953075714,Other
Application_509350680,Other
Application_662659972,Other
Application_564819308,Other
Application_926378406,Other
Application_1587552090,Other
Application_1278961817,Accepted
Application_1847763114,Other
Application_1932476894,Accepted
Application_293821690,Accepted
Application_1922011490,Other
Application_1159183169,Other
Application_1209707989,Other
Application_736634471,Accepted
Application_1207781516,Other
Application_734180852,Other
Application_637303689,Accepted
Application_2047423674,Other
Application_994923031,Other
Application_465888776,Other
Application_31575150,Other
Application_158116531,Other
Application_1382191864,Other
Application_1418869508,Accepted
Application_1148958171,Accepted
Application_824611621,Accepted
Application_1231776894,Other
Application_2069986377,Other
Application_439170487,Accepted
Application_818188918,Other
Application_1612660408,Accepted
Application_420278289,Other
Application_756132538,Other
Application_2093363994,Accepted
Application_2038889080,Other
Application_1434596911,Other
Application_1626963240,Other
Application_461148192,Accepted
Application_541198961,Other
Application_823976944,Accepted
Application_821899572,Other
Application_60999665,Accepted
Application_66182935,Other
Application_1999678880,Accepted
Application_2135795705,Other
Application_1841551442,Accepted
Application_568482476,Accepted
Application_1803046286,Other
Application_363602144,Accepted
Application_1389323636,Accepted
Application_1806060525,Other
Application_1149573274,Other
Application_343350519,Other
Application_132650914,Accepted
Application_998502130,Other
Application_1314440029,Other
Application_469158302,Other
Application_1909395512,Other
Application_431345557,Other
Application_241097453,Other
Application_686689435,Accepted
Application_82076268,Other
Application_364528246,Other
Application_1798274138,Accepted
Application_2111729866,Accepted
Application_1355982875,Other
Application_1705704624,Other
Application_523421470,Other
Application_522247815,Other
Application_1076863900,Other
Application_1783979640,Other
Application_2108249000,Accepted
Application_1708479381,Other
Application_837857224,Other
Application_1053355914,Accepted
Application_1553842114,Other
Application_1768766967,Other
Application_121967685,Accepted
Application_394206049,Other
Application_125657342,Other
Application_63923439,Other
Application_1691206329,Accepted
Application_2039832040,Other
Application_1056728728,Accepted
Application_1773093483,Other
Application_49721235,Accepted
Application_1469336694,Accepted
Application_699460497,Accepted
Application_679521950,Accepted
Application_456129523,Accepted
Application_1104883267,Other
Application_1753114645,Other
Application_1892114638,Other
Application_1679416996,Accepted
Application_1860535787,Accepted
Application_233799959,Other
Application_52741462,Accepted
Application_145233244,Other
Application_699377692,Accepted
Application_2002172336,Accepted
Application_451891125,Other
Application_748339160,Other
Application_199141259,Accepted
Application_674731256,Other
Application_863975243,Accepted
Application_1761431118,Other
Application_1470551793,Other
Application_1786390576,Other
Application_1687462400,Other
Application_1285009477,Other
Application_853767361,Other
Application_467923582,Other
Application_1466701482,Accepted
Application_1114052248,Other
Application_988106501,Other
Application_124569708,Other
Application_609109009,Accepted
Application_254397825,Other
Application_990586483,Other
Application_801067294,Other
Application_287203067,Other
Application_1538329787,Accepted
Application_463742835,Other
Application_923209957,Other
Application_1112725615,Other
Application_613451948,Other
Application_166607244,Other
Application_2012114184,Accepted
Application_1687844250,Accepted
Application_1487997070,Accepted
Application_1673781228,Other
Application_1903371910,Other
Application_1298451830,Accepted
Application_614343415,Other
Application_964166355,Other
Application_168002011,Other
Application_1516002475,Other
Application_1031851682,Other
Application_1459697686,Accepted
Application_1830575003,Other
Application_1422952731,Accepted
Application_1960089660,Other
Application_127251227,Other
Application_298428517,Accepted
Application_204143979,Other
Application_14355833,Other
Application_1012036369,Accepted
Application_1627135926,Other
Application_2111632165,Accepted
Application_1387055339,Accepted
Application_1458757928,Other
Application_16894917,Other
Application_196241259,Other
Application_1750601801,Accepted
Application_1138771456,Other
Application_764014851,Accepted
Application_945187514,Other
Application_798982140,Accepted
Application_1177434639,Accepted
Application_1448633734,Other
Application_55437743,Other
Application_985118256,Accepted
Application_1061222004,Accepted
Application_1817180785,Other
Application_517621297,Other
Application_1214830643,Accepted
Application_314684019,Accepted
Application_666705528,Other
Application_209634808,Accepted
Application_2109813139,Accepted
Application_1465077771,Accepted
Application_1446593900,Accepted
Application_1937316374,Accepted
Application_1755362266,Accepted
Application_1927756034,Accepted
Application_827229578,Other
Application_2017087363,Accepted
Application_1979153917,Other
Application_246845710,Accepted
Application_1405015593,Accepted
Application_105059876,Accepted
Application_252686799,Accepted
Application_942332308,Other
Application_1122109641,Accepted
Application_1392404643,Other
Application_474153104,Other
Application_1458754618,Other
Application_66072191,Other
Application_376167137,Other
Application_744065866,Other
Application_1655304095,Other
Application_1460185476,Other
Application_330146905,Other
Application_688185359,Other
Application_681600373,Accepted
Application_139924485,Accepted
Application_1739760813,Other
Application_1776866263,Other
Application_2125659715,Other
Application_1061384177,Other
Application_1412518591,Other
Application_519742675,Accepted
Application_1737200946,Other
Application_779084482,Accepted
Application_1255015984,Accepted
Application_1387912561,Accepted
Application_452860410,Other
Application_313852370,Other
Application_1012880100,Accepted
Application_1396186836,Accepted
Application_1728696176,Other
Application_1410333689,Accepted
Application_2084153944,Accepted
Application_1809662307,Accepted
Application_169182073,Other
Application_1767816093,Accepted
Application_597785331,Other
Application_63617627,Other
Application_414675194,Other
Application_1101061206,Other
Application_1812144083,Other
Application_1630970905,Accepted
Application_1545682185,Other
Application_1666755661,Other
Application_280877222,Accepted
Application_1768359513,Other
Application_150713663,Other
Application_1502825467,Other
Application_374386538,Other
Application_864528546,Accepted
Application_708544313,Accepted
Application_92417588,Other
Application_467887960,Accepted
Application_1708944485,Other
Application_1393021276,Other
Application_84875143,Accepted
Application_1781727689,Other
Application_1351821505,Other
Application_2076753439,Other
Application_415455384,Other
Application_790331021,Other
Application_1432079056,Accepted
Application_65365017,Other
Application_629679877,Other
Application_285322835,Other
Application_155671708,Accepted
Application_1464150742,Other
Application_421297841,Accepted
Application_130613042,Other
Application_362319153,Other
Application_1110069235,Accepted
Application_1793718335,Other
Application_1797625521,Accepted
Application_1650937102,Other
Application_1418492124,Other
Application_514188020,Accepted
Application_1413866307,Other
Application_1443205860,Other
Application_501760176,Accepted
Application_912314022,Other
Application_342079596,Other
Application_385803469,Accepted
Application_1838709942,Other
Application_1379754218,Accepted
Application_559603259,Other
Application_718791,Other
Application_1488977371,Accepted
Application_127536052,Accepted
Application_2019764321,Other
Application_1870651765,Accepted
Application_1794186772,Other
Application_1072909195,Other
Application_373617428,Other
Application_483018339,Other
Application_1708892800,Other
Application_1594453771,Accepted
Application_1238761534,Other
Application_158033742,Other
Application_1347321204,Accepted
Application_310821774,Other
Application_1295142773,Other
Application_561916105,Accepted
Application_1787313382,Other
Application_2009415789,Other
Application_1684996884,Other
Application_135504542,Other
Application_763187036,Other
Application_2089806999,Accepted
Application_1607183092,Other
Application_1122445917,Accepted
Application_1293527478,Accepted
Application_1107879965,Accepted
Application_1457243131,Other
Application_1739901867,Accepted
Application_320525337,Accepted
Application_1040829431,Accepted
Application_1230305364,Accepted
Application_977223897,Other
Application_42362416,Other
Application_105083574,Other
Application_74750542,Accepted
Application_2051806128,Other
Application_1792257623,Accepted
Application_1160294540,Other
Application_2134761513,Other
Application_284027138,Other
Application_1006372947,Other
Application_680154315,Other
Application_1809020881,Other
Application_396471385,Other
Application_1983370318,Other
Application_30210514,Other
Application_456598233,Accepted
Application_44274096,Other
Application_1755984417,Accepted
Application_1473785444,Accepted
Application_713358786,Other
Application_1068716105,Other
Application_602056429,Other
Application_1747133846,Accepted
Application_123281093,Other
Application_1335687720,Accepted
Application_1244824900,Other
Application_1926219268,Accepted
Application_457099325,Other
Application_1786225462,Accepted
Application_1967126699,Other
Application_253438961,Accepted
Application_1388833616,Other
Application_1010778247,Other
Application_405852655,Accepted
Application_1828103318,Accepted
Application_2042900155,Other
Application_1381394206,Accepted
Application_387067513,Accepted
Application_753708271,Other
Application_1084556203,Other
Application_184210064,Other
Application_182914615,Other
Application_900554287,Accepted
Application_365154590,Other
Application_836080649,Accepted
Application_744616597,Accepted
Application_394216761,Other
Application_95133451,Accepted
Application_131150697,Other
Application_2081650328,Accepted
Application_1518667797,Accepted
Application_647263153,Other
Application_756906518,Other
Application_460038763,Other
Application_909561500,Other
Application_256346896,Other
Application_479534679,Other
Application_1139692633,Other
Application_1951906801,Accepted
Application_496184615,Other
Application_826674149,Other
Application_982652431,Other
Application_525550602,Other
Application_1066913904,Other
Application_1382681597,Accepted
Application_1335181297,Accepted
Application_1472959549,Other
Application_614682130,Other
Application_1499275944,Other
Application_1680428959,Other
Application_647581209,Accepted
Application_466630778,Accepted
Application_774181481,Accepted
Application_1046585954,Other
Application_275577544,Accepted
Application_634429969,Accepted
Application_455009833,Other
Application_485395277,Other
Application_801158366,Other
Application_845366703,Other
Application_596686507,Accepted
Application_1974437424,Other
Application_1582627846,Accepted
Application_560525780,Other
Application_1055868885,Accepted
Application_1755556665,Accepted
Application_935000237,Other
Application_1645853822,Other
Application_1793151297,Other
Application_389995662,Accepted
Application_1211557103,Accepted
Application_557613431,Other
Application_145150851,Accepted
Application_556252191,Other
Application_177079986,Other
Application_2001975078,Other
Application_1756651694,Other
Application_936074958,Other
Application_2012887903,Accepted
Application_930171611,Other
Application_850369907,Other
Application_1199626014,Other
Application_437054932,Other
Application_1797770380,Accepted
Application_1645885188,Accepted
Application_1647557904,Other
Application_172857478,Other
Application_2014431404,Other
Application_1956240872,Other
Application_1328618498,Other
Application_888548627,Other
Application_1941873873,Other
Application_418610583,Accepted
Application_1025306225,Other
Application_22009676,Other
Application_2006193016,Accepted
Application_393156612,Other
Application_1087846499,Other
Application_859586574,Other
Application_1499090661,Other
Application_1815714214,Other
Application_1352564818,Other
Application_1710403779,Accepted
Application_1015296509,Other
Application_665423289,Other
Application_2097685514,Other
Application_1832250678,Accepted
Application_1257231395,Other
Application_933516605,Other
Application_534504333,Accepted
Application_1132520641,Other
Application_636626240,Accepted
Application_1656226292,Other
Application_1845792027,Other
Application_474964902,Accepted
Application_285349575,Other
Application_580037406,Accepted
Application_249560121,Accepted
Application_175683523,Other
Application_1761674405,Other
Application_1544461897,Other
Application_1265493386,Other
Application_461381832,Accepted
Application_1046880148,Other
Application_280074376,Accepted
Application_761441901,Other
Application_1692489489,Other
Application_1330876898,Accepted
Application_173025062,Other
Application_2030819568,Other
Application_1836635701,Other
Application_1522738855,Other
Application_255460903,Other
Application_1014808270,Other
Application_1220254934,Other
Application_1038816743,Accepted
Application_1667653655,Other
Application_1983550728,Other
Application_460297195,Other
Application_108387178,Other
Application_1930665461,Accepted
Application_948065890,Other
Application_1183058641,Accepted
Application_1107381178,Accepted
Application_1685454706,Other
Application_1326474999,Accepted
Application_968250987,Accepted
Application_611251737,Accepted
Application_1274828039,Other
Application_1855607716,Other
Application_1676266130,Other
Application_255424349,Other
Application_1106452224,Other
Application_944126106,Accepted
Application_1261191009,Other
Application_1695086162,Other
Application_1876167901,Other
Application_1320984331,Accepted
Application_588075124,Other
Application_195754915,Other
Application_377788852,Other
Application_1952561104,Accepted
Application_1776506843,Accepted
Application_1413953249,Accepted
Application_21536851,Other
Application_481328324,Accepted
Application_806061786,Accepted
Application_837496677,Other
Application_1052432392,Other
Application_340358016,Accepted
Application_388048407,Other
Application_388180276,Other
Application_1777778139,Other
Application_1779281635,Accepted
Application_1879326807,Accepted
Application_1529719459,Other
Application_518506652,Other
Application_328165702,Other
Application_1019277788,Other
Application_333772102,Other
Application_2028903394,Other
Application_835296163,Accepted
Application_1058524375,Other
Application_1551666038,Accepted
Application_381988989,Accepted
Application_1956781194,Accepted
Application_947614284,Other
Application_1137260601,Other
Application_1637068186,Other
Application_1445101393,Other
Application_1263847599,Accepted
Application_2026682298,Other
Application_36376137,Accepted
Application_545075592,Accepted
Application_683408239,Accepted
Application_524989072,Other
Application_1955752574,Other
Application_1264391610,Other
Application_1641584079,Other
Application_1668004118,Other
Application_190481044,Other
Application_548470013,Other
Application_362425705,Other
Application_910220891,Other
Application_566764843,Other
Application_229963062,Accepted
Application_221098418,Accepted
Application_1625886684,Other
Application_1178098808,Accepted
Application_1170308994,Accepted
Application_1351522670,Other
Application_1353165587,Other
Application_303168428,Other
Application_1674575946,Other
Application_454134221,Other
Application_92076510,Other
Application_584990271,Other
Application_1987691766,Accepted
Application_1579543993,Other
Application_2083462775,Accepted
Application_269606856,Accepted
Application_1282510170,Accepted
Application_350816297,Other
Application_1606348355,Other
Application_523717903,Other
Application_550313946,Accepted
Application_1613594423,Accepted
Application_2048851600,Other
Application_854249718,Accepted
Application_1274899044,Other
Application_1301772276,Other
Application_1532706115,Other
Application_1721564670,Other
Application_136770618,Accepted
Application_1218576823,Accepted
Application_367458947,Other
Application_336330743,Other
Application_652192276,Other
Application_715520446,Accepted
Application_1149359650,Other
Application_547028169,Accepted
Application_1429507305,Accepted
Application_1114334411,Accepted
Application_1032369855,Other
Application_1601174854,Other
Application_1636853998,Accepted
Application_56615262,Other
Application_275306939,Accepted
Application_92621655,Accepted
Application_509839393,Other
Application_1394441698,Accepted
Application_2018704724,Other
Application_1897143685,Other
Application_953483461,Other
Application_2053061094,Other
Application_1529695776,Other
Application_1066202118,Other
Application_1710790959,Other
Application_812883994,Accepted
Application_333855099,Other
Application_446690565,Other
Application_1135419193,Other
Application_1636875003,Accepted
Application_1700424019,Other
Application_617577405,Other
Application_1895409417,Other
Application_744109126,Other
Application_1101332595,Accepted
Application_1308773043,Other
Application_748440718,Other
Application_1097937846,Other
Application_1821302981,Other
Application_514710340,Other
Application_807492404,Accepted
Application_1022503261,Other
Application_1671157833,Other
Application_1908714490,Other
Application_1705192087,Accepted
Application_960854023,Other
Application_2040501588,Accepted
Application_623358051,Other
Application_263637487,Other
Application_659375564,Other
Application_739532887,Other
Application_1742238446,Accepted
Application_2086701362,Accepted
Application_1762152680,Accepted
Application_877317301,Other
Application_418142057,Other
Application_1134491162,Other
Application_703604483,Other
Application_145061287,Other
Application_682777888,Accepted
Application_1133392995,Other
Application_1389938597,Other
Application_2041355768,Other
Application_1375533911,Other
Application_543558947,Accepted
Application_1626485098,Accepted
Application_519741685,Other
Application_733413800,Accepted
Application_148018218,Other
Application_1056280493,Other
Application_394412011,Other
Application_1342057383,Accepted
Application_1692201415,Other
Application_1996855720,Other
Application_90627973,Other
Application_1700300573,Other
Application_98853341,Accepted
Application_391921464,Accepted
Application_2080565943,Accepted
Application_1548906736,Accepted
Application_1999451906,Other
Application_984468844,Accepted
Application_1308836124,Other
Application_1138349499,Accepted
Application_1008980114,Accepted
Application_73903421,Other
Application_1085653141,Other
Application_1481814821,Accepted
Application_1549689072,Other
Application_1483862094,Accepted
Application_847614826,Other
Application_181023792,Other
Application_1300599380,Accepted
Application_217687957,Other
Application_584503835,Other
Application_1888925235,Other
Application_942374112,Other
Application_2056332275,Other
Application_840588512,Accepted
Application_758513444,Other
Application_215910058,Other
Application_604678555,Accepted
Application_1308195036,Other
Application_1686100974,Other
Application_546117222,Other
Application_237567621,Other
Application_443925254,Other
Application_830090528,Accepted
Application_2130061505,Accepted
Application_1342763492,Other
Application_1585099278,Other
Application_33356432,Other
Application_386274528,Accepted
Application_1085521488,Accepted
Application_190845383,Accepted
Application_1972082022,Other
Application_514346137,Other
Application_1256672128,Other
Application_1273370214,Accepted
Application_827856022,Accepted
Application_1395998500,Other
Application_44586180,Other
Application_1686838149,Accepted
Application_1319496183,Other
Application_1469640525,Other
Application_371361092,Other
Application_361558999,Other
Application_654369885,Accepted
Application_1349298315,Other
Application_275320147,Other
Application_1658575970,Accepted
Application_1249418691,Accepted
Application_301282030,Other
Application_389391724,Other
Application_1472079612,Accepted
Application_337687736,Accepted
Application_107994915,Other
Application_1037129838,Accepted
Application_1291364792,Other
Application_208814932,Other
Application_1015777884,Other
Application_1982031412,Accepted
Application_1266302721,Other
Application_2110699530,Accepted
Application_1489466050,Accepted
Application_751956386,Other
Application_191788242,Other
Application_62973404,Other
Application_1941335635,Other
Application_635651171,Accepted
Application_1325593620,Other
Application_1425673729,Accepted
Application_493974108,Accepted
Application_818851667,Other
Application_750772022,Other
Application_1924389312,Other
Application_281153097,Other
Application_1394660187,Accepted
Application_1566762432,Other
Application_1857496920,Accepted
Application_1212763673,Other
Application_644112843,Other
Application_487906528,Accepted
Application_1105348238,Other
Application_1281203365,Other
Application_1418721213,Other
Application_74792641,Accepted
Application_2071499739,Accepted
Application_595631035,Other
Application_775172380,Accepted
Application_12929420,Other
Application_1375408580,Other
Application_2072661253,Accepted
Application_1415755722,Accepted
Application_1288691478,Other
Application_2069682328,Other
Application_1648156250,Other
Application_478218443,Other
Application_1000474975,Accepted
Application_296975163,Accepted
Application_770399614,Accepted
Application_1211550687,Accepted
Application_2066555468,Other
Application_1035431397,Accepted
Application_534044811,Other
Application_138685333,Accepted
Application_479936724,Other
Application_362563401,Other
Application_1468116050,Accepted
Application_1429274928,Other
Application_1073922044,Other
Application_564047063,Accepted
Application_812042079,Accepted
Application_487806572,Other
Application_432465785,Other
Application_586697363,Other
Application_1786471231,Accepted
Application_631344453,Other
Application_281892095,Accepted
Application_204656604,Other
Application_1866094300,Accepted
Application_885079072,Accepted
Application_528665134,Other
Application_1219848751,Other
Application_1172458935,Other
Application_554884750,Other
Application_1943397024,Other
Application_866277985,Other
Application_924275606,Other
Application_2064069728,Accepted
Application_948410077,Accepted
Application_271562196,Other
Application_1972643738,Accepted
Application_854516653,Accepted
Application_1143118993,Other
Application_1877678550,Other
Application_1650591203,Other
Application_1212477492,Other
Application_321480629,Other
Application_645888609,Accepted
Application_1502439614,Other
Application_1836154669,Other
Application_1182648799,Other
Application_2060554097,Accepted
Application_215579251,Other
Application_1009927186,Accepted
Application_141215297,Other
Application_1710992907,Accepted
Application_1210575946,Accepted
Application_1779111036,Other
Application_866425709,Accepted
Application_1216133547,Other
Application_1440824412,Accepted
Application_35028253,Other
Application_289233300,Other
Application_398681491,Accepted
Application_1637154472,Other
Application_590266049,Accepted
Application_363195083,Other
Application_1785173719,Accepted
Application_1274410228,Accepted
Application_1140112869,Accepted
Application_1524290922,Accepted
Application_1544778500,Accepted
Application_801240179,Other
Application_857161852,Other
Application_96150895,Other
Application_2033194035,Accepted
Application_425748200,Accepted
Application_1336873117,Other
Application_1916368109,Accepted
Application_138805113,Accepted
Application_648822663,Accepted
Application_274091793,Other
Application_969251327,Accepted
Application_29597002,Other
Application_1657172157,Accepted
Application_615891328,Other
Application_1407915517,Other
Application_582069891,Other
Application_292857430,Accepted
Application_66154807,Other
Application_1723552040,Other
Application_1043941387,Accepted
Application_429025921,Other
Application_1609741852,Other
Application_640507942,Other
Application_1430071074,Other
Application_2076770285,Other
Application_642741462,Other
Application_1487459545,Other
Application_1725225067,Other
Application_573250707,Other
Application_2125282331,Accepted
Application_354580507,Accepted
Application_317156013,Accepted
Application_567712923,Accepted
Application_377787788,Other
Application_1521616176,Other
Application_1557850402,Other
Application_577093104,Other
Application_58950988,Accepted
Application_1708298483,Other
Application_1800318205,Other
Application_437336415,Accepted
Application_626860017,Accepted
Application_1455807301,Other
Application_992166900,Accepted
Application_562625185,Accepted
Application_82773744,Accepted
Application_1765557958,Accepted
Application_942333125,Accepted
Application_1946189139,Accepted
Application_1485326073,Other
Application_1870457968,Accepted
Application_1655213957,Other
Application_1565149025,Other
Application_18869602,Other
Application_60839544,Other
Application_343058728,Other
Application_1718048246,Other
Application_1654170598,Accepted
Application_1783592885,Accepted
Application_2108005341,Other
Application_427117794,Other
Application_997087296,Accepted
Application_110502786,Other
Application_2144848347,Accepted
Application_1063717116,Other
Application_705596229,Other
Application_1370505774,Accepted
Application_1788738350,Other
Application_1061140974,Other
Application_15586698,Other
Application_131475958,Other
Application_1003239424,Other
Application_1118324313,Accepted
Application_1475961626,Accepted
Application_1593129209,Accepted
Application_1154247982,Other
Application_374855269,Accepted
Application_977532214,Accepted
Application_1099835060,Accepted
Application_1421127759,Accepted
Application_424453889,Other
Application_1741441260,Accepted
Application_2057395293,Accepted
Application_2060516101,Accepted
Application_2051137276,Other
Application_337765670,Other
Application_1553284120,Other
Application_833235744,Other
Application_557515885,Other
Application_305964583,Other
Application_864397857,Accepted
Application_74824151,Other
Application_1803180054,Accepted
Application_903028429,Other
Application_1226442234,Other
Application_555165047,Other
Application_375764386,Accepted
Application_362822167,Other
Application_2039201296,Accepted
Application_2041093105,Other
Application_1092722834,Accepted
Application_877849791,Other
Application_1593705186,Accepted
Application_1418029821,Accepted
Application_746910209,Other
Application_204675397,Other
Application_1371447312,Other
Application_549994705,Other
Application_909623507,Other
Application_1801326085,Accepted
Application_1047649064,Other
Application_1262510221,Accepted
Application_1949570249,Accepted
Application_521369658,Other
Application_524025552,Other
Application_1686765196,Accepted
Application_1910083778,Accepted
Application_176445556,Other
Application_1898257449,Accepted
Application_151252315,Other
Application_338192588,Other
Application_546374946,Other
Application_1536559760,Other
Application_1539007604,Other
Application_2002505427,Other
Application_1976232739,Accepted
Application_164038104,Accepted
Application_151895500,Other
Application_893757034,Other
Application_654780783,Other
Application_17817462,Accepted
Application_947595039,Accepted
Application_875151106,Other
Application_1701481408,Other
Application_233337461,Other
Application_1663257357,Other
Application_1628993099,Other
Application_80681735,Other
Application_16251299,Other
Application_913040234,Other
Application_1944555010,Other
Application_1275269713,Other
Application_561657860,Accepted
Application_1077940062,Other
Application_751573840,Accepted
Application_800643944,Other
Application_438370470,Other
Application_1709861706,Other
Application_1721818249,Accepted
Application_1976377973,Accepted
Application_1236000548,Other
Application_57906713,Other
Application_619394730,Other
Application_1682753351,Accepted
Application_442441979,Accepted
Application_2006601480,Other
Application_2011065017,Other
Application_1616784402,Other
Application_585179815,Other
Application_855927863,Other
Application_528671776,Accepted
Application_890975854,Other
Application_1602527928,Other
Application_212645625,Other
Application_1730837996,Accepted
Application_184121316,Other
Application_1582989844,Other
Application_148748151,Accepted
Application_507010448,Accepted
Application_756641253,Other
Application_670260631,Other
Application_1548257044,Accepted
Application_184807860,Other
Application_816636748,Accepted
Application_500409842,Accepted
Application_1348536342,Other
Application_762767846,Accepted
Application_1007766945,Accepted
Application_759565031,Other
Application_1572396676,Other
Application_1458580558,Other
Application_322827900,Accepted
Application_639168651,Other
Application_376091414,Accepted
Application_670113395,Accepted
Application_1753342391,Accepted
Application_1639271434,Other
Application_1618133940,Other
Application_1458945384,Other
Application_758636411,Accepted
Application_1100130155,Other
Application_1457811809,Other
Application_316925460,Accepted
Application_639141458,Other
Application_1460455963,Accepted
Application_674937485,Other
Application_62036840,Accepted
Application_384716984,Other
Application_1903573956,Accepted
Application_1902597416,Other
Application_2048746515,Accepted
Application_533600678,Other
Application_1109453494,Accepted
Application_1154893223,Accepted
Application_763956697,Accepted
Application_1463263088,Accepted
Application_1022414754,Accepted
Application_1671162028,Accepted
Application_1321545538,Accepted
Application_1904170506,Accepted
Application_536348461,Accepted
Application_759522218,Accepted
Application_1160149760,Accepted
Application_781084967,Accepted
Application_1468372465,Accepted
Application_882603545,Accepted
Application_1550195962,Accepted
Application_663551062,Accepted
Application_2125168706,Other
Application_1295337736,Other
Application_74504168,Other
Application_286617228,Other
Application_253435738,Other
Application_181705871,Accepted
Application_2042406121,Other
Application_1861262203,Accepted
Application_1966896227,Other
Application_1696908164,Accepted
Application_892006549,Accepted
Application_668485405,Other
Application_1523994672,Other
Application_1300770764,Other
Application_964717064,Accepted
Application_536568889,Other
Application_2047051815,Accepted
Application_1465315204,Other
Application_1325690128,Accepted
Application_1465423467,Other
Application_485232482,Other
Application_1110160976,Accepted
Application_661799053,Accepted
Application_126320002,Other
Application_1108278358,Other
Application_967395832,Other
Application_1840889121,Accepted
Application_910690145,Other
Application_1951979011,Other
Application_2025502544,Other
Application_793007614,Accepted
Application_2097070102,Accepted
Application_293013801,Accepted
Application_642840882,Other
Application_1167898500,Other
Application_952953051,Other
Application_327346593,Accepted
Application_1129416788,Accepted
Application_1374375670,Other
Application_2095601418,Other
Application_754793250,Other
Application_1302848521,Accepted
Application_862432388,Other
Application_509142953,Other
Application_888403819,Other
Application_826092637,Other
Application_2018258104,Other
Application_1593644307,Accepted
Application_1909163378,Accepted
Application_1696321554,Other
Application_899557558,Accepted
Application_1329310356,Other
Application_250709803,Other
Application_4214451,Other
Application_1739460565,Accepted
Application_1310591125,Other
Application_960810256,Accepted
Application_1708226981,Accepted
Application_1278575157,Accepted
Application_939806803,Accepted
Application_1550595412,Other
Application_502730145,Other
Application_1089227440,Accepted
Application_579983547,Accepted
Application_119410858,Accepted
Application_196341392,Accepted
Application_1729610950,Other
Application_152766007,Accepted
Application_376004121,Other
Application_272255083,Other
Application_1650064820,Other
Application_1270891825,Other
Application_831651848,Accepted
Application_1948352057,Accepted
Application_1263642271,Other
Application_1333281868,Other
Application_272264607,Other
Application_981517804,Accepted
Application_1651519630,Other
Application_1720698412,Other
Application_1965726299,Accepted
Application_472650379,Other
Application_156712942,Accepted
Application_1435675346,Accepted
Application_904285318,Other
Application_1833814817,Other
Application_394316227,Other
Application_671491370,Accepted
Application_321869537,Accepted
Application_1745027473,Other
Application_1475712723,Accepted
Application_1825401687,Accepted
Application_974215457,Other
Application_759523562,Other
Application_1931200333,Accepted
Application_1917153092,Other
Application_401751239,Other
Application_977598681,Accepted
Application_248034274,Other
Application_821713164,Other
Application_1676937487,Accepted
Application_1536229323,Other
Application_1894080508,Accepted
Application_1535002150,Other
Application_289120003,Other
Application_1103374373,Other
Application_744196955,Other
Application_1044965535,Accepted
Application_2117204668,Other
Application_1348042986,Accepted
Application_1899230831,Accepted
Application_1633076563,Accepted
Application_1274780475,Other
Application_1025122380,Accepted
Application_889541815,Other
Application_262095524,Other
Application_1504402908,Accepted
Application_1416056330,Accepted
Application_2097788769,Other
Application_1958515425,Other
Application_1735276967,Accepted
Application_2017963788,Other
Application_1203131247,Other
Application_1384120390,Other
Application_201020825,Other
Application_777623052,Other
Application_1410002110,Accepted
Application_350811716,Accepted
Application_96448604,Other
Application_1757123791,Other
Application_2115563612,Other
Application_961907959,Accepted
Application_1761712748,Accepted
Application_1934387295,Other
Application_1209440112,Other
Application_1424170205,Other
Application_763602792,Other
Application_761346185,Accepted
Application_252124143,Accepted
Application_1396532644,Accepted
Application_46509889,Accepted
Application_1002843616,Accepted
Application_2121323643,Other
Application_1742051235,Other
Application_1130531432,Other
Application_56467091,Other
Application_102167608,Accepted
Application_1050390195,Other
Application_1399985158,Other
Application_390988929,Other
Application_1476049515,Other
Application_748866999,Other
Application_1073406344,Other
Application_749276759,Other
Application_1372928681,Other
Application_1401261846,Other
Application_465236638,Other
Application_914770656,Other
Application_606103200,Other
Application_2124358421,Other
Application_1822684393,Other
Application_1444920642,Other
Application_1451316741,Other
Application_105476077,Other
Application_421631020,Other
Application_41686286,Accepted
Application_652896535,Accepted
Application_471869863,Accepted
Application_850922930,Accepted
Application_1274557,Accepted
Application_701971446,Accepted
Application_342142984,Accepted
Application_1315409537,Accepted
Application_1787339756,Accepted
Application_1427554649,Other
Application_1785589551,Accepted
Application_856892879,Other
Application_1080298660,Other
Application_381343419,Other
Application_899683257,Accepted
Application_2000410246,Other
Application_309154115,Accepted
Application_1210334643,Other
Application_622491120,Other
Application_2010635888,Other
Application_1820911765,Other
Application_1389484877,Other
Application_2140670803,Accepted
Application_1438165442,Other
Application_66869536,Accepted
Application_239685459,Other
Application_255142512,Accepted
Application_402514913,Other
Application_242134213,Other
Application_1716771077,Accepted
Application_1068246239,Other
Application_1896397087,Accepted
Application_2074306270,Other
Application_1247726366,Accepted
Application_1571926896,Accepted
Application_1153198699,Other
Application_1648539957,Other
Application_1458789315,Other
Application_1661451543,Other
Application_963848367,Accepted
Application_1200830514,Other
Application_842898382,Other
Application_1917196634,Accepted
Application_1559121520,Accepted
Application_690820047,Other
Application_1341850526,Other
Application_924761214,Other
Application_467589310,Other
Application_860925921,Other
Application_1872771472,Accepted
Application_2064148452,Other
Application_1432063422,Accepted
Application_1883987686,Accepted
Application_1964604595,Other
Application_1778651769,Other
Application_183143916,Other
Application_1777550917,Accepted
Application_1086114195,Other
Application_1792736044,Other
Application_2050465991,Accepted
Application_713600298,Accepted
Application_1114044493,Other
Application_727070879,Other
Application_1667122461,Accepted
Application_845524112,Other
Application_2070614558,Accepted
Application_2051423817,Other
Application_1169297730,Other
Application_1335239652,Other
Application_1719389437,Accepted
Application_603377512,Other
Application_2082125587,Other
Application_1370470331,Other
Application_353038568,Other
Application_224168667,Other
Application_316799912,Other
Application_1849291421,Accepted
Application_993648128,Other
Application_1813335284,Accepted
Application_1488949636,Other
Application_2118442669,Accepted
Application_985641293,Accepted
Application_1301359313,Other
Application_729150544,Accepted
Application_177213560,Accepted
Application_1032212437,Accepted
Application_1118266723,Other
Application_2011411095,Accepted
Application_937066761,Other
Application_1255357181,Other
Application_852850480,Other
Application_1164505393,Other
Application_221927829,Accepted
Application_175699529,Other
Application_769048110,Other
Application_1042504407,Other
Application_1122272285,Accepted
Application_1842591125,Other
Application_1121686609,Accepted
Application_1618866023,Other
Application_2006210457,Accepted
Application_1694639029,Accepted
Application_396863588,Other
Application_215669251,Accepted
Application_226526424,Accepted
Application_163260543,Other
Application_1045480225,Accepted
Application_1994028175,Accepted
Application_177083889,Other
Application_1290311945,Other
Application_534901252,Other
Application_615096071,Accepted
Application_383335594,Accepted
Application_1076741667,Accepted
Application_829574174,Accepted
Application_169040361,Other
Application_1689856193,Accepted
Application_1787667226,Accepted
Application_360640750,Other
Application_187644807,Other
Application_1261921145,Other
Application_1763123982,Accepted
Application_78052092,Other
Application_534717936,Accepted
Application_832270820,Other
Application_604390293,Other
Application_827698872,Accepted
Application_1252931909,Accepted
Application_1630199614,Accepted
Application_1952666081,Other
Application_176433267,Accepted
Application_1250786069,Accepted
Application_555681797,Accepted
Application_212026965,Other
Application_758219008,Other
Application_1151460907,Other
Application_691261058,Other
Application_1458887736,Other
Application_260474379,Other
Application_262168122,Other
Application_692261677,Accepted
Application_1693102910,Accepted
Application_1768500370,Accepted
Application_1115737706,Accepted
Application_1676176557,Other
Application_574725645,Other
Application_195604259,Accepted
Application_256935822,Other
Application_871725413,Other
Application_1277033242,Other
Application_360903234,Accepted
Application_204721730,Accepted
Application_1309095797,Other
Application_1924012571,Accepted
Application_2021071015,Other
Application_692926508,Other
Application_105937968,Other
Application_524649644,Other
Application_1623381147,Other
Application_1635198141,Other
Application_160021106,Accepted
Application_876438239,Accepted
Application_1226123093,Accepted
Application_41134943,Accepted
Application_871048244,Other
Application_1038427773,Other
Application_1227901072,Accepted
Application_916474161,Other
Application_1180334363,Accepted
Application_1472569957,Accepted
Application_840510638,Accepted
Application_2023987812,Other
Application_1954875634,Other
Application_1616258061,Accepted
Application_1325467032,Accepted
Application_1979249244,Other
Application_1822666886,Other
Application_106321275,Other
Application_391271566,Other
Application_707571220,Other
Application_1503789213,Other
Application_871878965,Other
Application_1113120238,Accepted
Application_1559722286,Other
Application_765322681,Other
Application_1104878281,Other
Application_1467321049,Other
Application_1791841622,Other
Application_1404247161,Other
Application_2048620034,Accepted
Application_28775295,Accepted
Application_260180031,Accepted
Application_474877479,Accepted
Application_295976778,Accepted
Application_95286022,Other
Application_1687427919,Other
Application_989679044,Other
Application_1882344816,Other
Application_2063058616,Accepted
Application_530969239,Other
Application_456829676,Other
Application_671699549,Other
Application_1618007100,Other
Application_1997244808,Other
Application_1420516585,Other
Application_780779309,Other
Application_131964334,Other
Application_535600946,Other
Application_1104076101,Other
Application_914375771,Accepted
Application_722578462,Other
Application_1101536736,Accepted
Application_373069717,Accepted
Application_1348375681,Other
Application_1817954291,Other
Application_2065998592,Other
Application_1549537550,Accepted
Application_1869536253,Accepted
Application_1281881327,Other
Application_923612441,Other
Application_1711207231,Accepted
Application_1338104164,Other
Application_1797187489,Accepted
Application_438468691,Accepted
Application_788155413,Other
Application_723598100,Other
Application_398794455,Other
Application_180597245,Other
Application_361667021,Other
Application_1759955591,Other
Application_1064577726,Other
Application_1380597602,Other
Application_1065734594,Other
Application_327692113,Other
Application_364708887,Accepted
Application_109891663,Other
Application_1410283418,Accepted
Application_1588338664,Accepted
Application_1946502760,Other
Application_864174879,Other
Application_434261290,Other
Application_657582683,Other
Application_1325962502,Accepted
Application_640801271,Other
Application_1659102703,Other
Application_1500052334,Accepted
Application_274266140,Other
Application_84909308,Accepted
Application_174357963,Other
Application_498842585,Accepted
Application_258843853,Other
Application_1080076277,Other
Application_445641782,Other
Application_1078400449,Other
Application_348672427,Accepted
Application_1646518445,Accepted
Application_1071567668,Accepted
Application_1800209786,Other
Application_1437776986,Other
Application_717362117,Accepted
Application_140842585,Other
Application_105575790,Other
Application_513847824,Other
Application_1593132137,Other
Application_1145073419,Accepted
Application_1001177986,Accepted
Application_1002442935,Other
Application_779653669,Accepted
Application_160351289,Accepted
Application_518380108,Accepted
Application_286583043,Accepted
Application_62877167,Accepted
Application_742277966,Other
Application_966065781,Other
Application_161125862,Other
Application_519200012,Other
Application_2040427807,Other
Application_1717065226,Other
Application_1680828399,Accepted
Application_1135545775,Other
Application_160564139,Other
Application_787982002,Other
Application_1819542633,Accepted
Application_1755335354,Accepted
Application_969298016,Other
Application_745948189,Accepted
Application_1935265487,Accepted
Application_1754017432,Other
Application_392440301,Accepted
Application_239240242,Accepted
Application_212279407,Accepted
Application_237558630,Other
Application_814656806,Other
Application_1639158563,Other
Application_1590439755,Other
Application_1030072567,Other
Application_1388097470,Other
Application_672149591,Accepted
Application_404722550,Other
Application_669627146,Other
Application_2072884912,Other
Application_985500017,Other
Application_1720364511,Accepted
Application_826193067,Accepted
Application_1049393374,Other
Application_866767823,Other
Application_310365219,Accepted
Application_2074225146,Other
Application_1030830652,Other
Application_1774532892,Accepted
Application_1499353501,Other
Application_1809555136,Other
Application_1053333118,Other
Application_882302697,Accepted
Application_1344003283,Accepted
Application_2066501806,Other
Application_1155698672,Other
Application_713521130,Other
Application_424065426,Accepted
Application_658585778,Other
Application_1706423163,Accepted
Application_2085604234,Accepted
Application_1135345844,Other
Application_1938672386,Other
Application_2031313671,Accepted
Application_2069256896,Other
Application_79791962,Accepted
Application_1154088974,Other
Application_553462224,Other
Application_346678657,Other
Application_994581462,Accepted
Application_1701323952,Accepted
Application_1581929001,Other
Application_2083316146,Accepted
Application_1377870020,Other
Application_1996798357,Other
Application_375448405,Accepted
Application_382205830,Other
Application_1486456838,Accepted
Application_1896717763,Other
Application_523249246,Other
Application_1138732156,Other
Application_1511867591,Accepted
Application_824141383,Accepted
Application_1642582087,Accepted
Application_54352393,Other
Application_344640634,Accepted
Application_558124045,Accepted
Application_1862870131,Other
Application_1729365262,Other
Application_2074097215,Other
Application_1692129335,Accepted
Application_1493897286,Other
Application_829053438,Other
Application_707684890,Other
Application_1374438778,Accepted
Application_1871763066,Accepted
Application_1488382688,Accepted
Application_733703684,Other
Application_1247797838,Other
Application_476813690,Other
Application_1198789885,Accepted
Application_2013268126,Accepted
Application_898364172,Other
Application_1248586341,Other
Application_905981024,Other
Application_2122029975,Accepted
Application_479173994,Accepted
Application_1871256860,Other
Application_1635803692,Other
Application_481515352,Other
Application_1421581992,Accepted
Application_1238624688,Accepted
Application_1588135822,Accepted
Application_187205957,Other
Application_888965004,Other
Application_29510533,Accepted
Application_1781341500,Accepted
Application_705785728,Other
Application_1090578179,Other
Application_598014193,Other
Application_375708916,Other
Application_1775344267,Accepted
Application_65352330,Accepted
Application_289815659,Accepted
Application_60304985,Accepted
Application_1142748565,Other
Application_2077390677,Other
Application_472481294,Other
Application_116232923,Other
Application_64841446,Other
Application_668521662,Other
Application_1705089656,Accepted
Application_1073117654,Other
Application_1480907356,Accepted
Application_1704226648,Other
Application_1671065826,Accepted
Application_2033298583,Other
Application_1743561373,Other
Application_551806274,Other
Application_232898209,Accepted
Application_1130321848,Other
Application_949109957,Accepted
Application_113051359,Other
Application_1031627654,Accepted
Application_585958825,Other
Application_1998898103,Other
Application_1849823409,Other
Application_1845032160,Other
Application_2034543070,Other
Application_351888219,Other
Application_223597079,Other
Application_1032105078,Other
Application_1828267319,Accepted
Application_1381986084,Accepted
Application_2022630201,Accepted
Application_649198536,Other
Application_723628117,Other
Application_1587264179,Other
Application_1946889494,Accepted
Application_1226856369,Other
Application_91130231,Other
Application_804603685,Other
Application_2045273031,Other
Application_1765393485,Other
Application_1360481647,Accepted
Application_589238972,Accepted
Application_414265477,Other
Application_1485514255,Accepted
Application_301724697,Other
Application_1270822930,Other
Application_1485873044,Other
Application_1672331286,Other
Application_2120693810,Other
Application_1674303234,Accepted
Application_185048422,Accepted
Application_204600069,Other
Application_843563066,Other
Application_1088902101,Other
Application_1702924168,Other
Application_1736925056,Accepted
Application_1303093144,Other
Application_1121796531,Other
Application_2088076896,Other
Application_1770693603,Other
Application_173905589,Accepted
Application_1561375263,Other
Application_1521101812,Accepted
Application_1306217976,Accepted
Application_1815705479,Other
Application_2005287866,Accepted
Application_306979772,Accepted
Application_2095939093,Other
Application_642686768,Other
Application_1396419826,Other
Application_2012504909,Accepted
Application_1663146425,Other
Application_1522401015,Other
Application_769999983,Other
Application_876899832,Other
Application_420669673,Other
Application_1532156214,Accepted
Application_128432279,Accepted
Application_1210979709,Other
Application_1306223577,Other
Application_404213186,Other
Application_1690810270,Accepted
Application_1888735157,Other
Application_489628462,Other
Application_585438770,Accepted
Application_487009581,Accepted
Application_666734599,Accepted
Application_1194542255,Other
Application_1192732235,Other
Application_265162816,Accepted
Application_58969776,Other
Application_276693673,Other
Application_1674907586,Other
Application_1026497688,Other
Application_196690776,Other
Application_846459823,Accepted
Application_564156670,Accepted
Application_272754611,Other
Application_83237332,Other
Application_375982284,Other
Application_1319714111,Other
Application_1601987670,Other
Application_1786512599,Other
Application_1407026848,Other
Application_1500356125,Other
Application_2129423925,Accepted
Application_1462366860,Other
Application_1353481915,Other
Application_924234465,Accepted
Application_270853997,Other
Application_637443396,Other
Application_1246524167,Other
Application_1970614782,Accepted
Application_1528598069,Other
Application_867055100,Accepted
Application_329777560,Accepted
Application_1140304705,Other
Application_1527448202,Other
Application_1641962063,Other
Application_133444195,Other
Application_639390078,Accepted
Application_992716924,Accepted
Application_1338958889,Accepted
Application_2040505238,Accepted
Application_1875240016,Other
Application_1083383999,Other
Application_254770083,Accepted
Application_1269940665,Accepted
Application_1454072601,Accepted
Application_1364593416,Other
Application_918484970,Accepted
Application_1941502227,Accepted
Application_1809959420,Other
Application_727204341,Accepted
Application_325518278,Other
Application_1723360269,Other
Application_1956429431,Other
Application_1276681521,Other
Application_1525401981,Other
Application_1822666753,Other
Application_869697161,Other
Application_620897639,Other
Application_306565625,Other
Application_57016949,Other
Application_1386064016,Other
Application_1431899834,Other
Application_769101497,Accepted
Application_341808944,Other
Application_19604756,Other
Application_1566465382,Other
Application_1755562282,Other
Application_76253247,Other
Application_248150780,Accepted
Application_1465006571,Other
Application_1186725215,Other
Application_1772899626,Accepted
Application_1556428552,Accepted
Application_1771090200,Other
Application_356942916,Other
Application_579527305,Other
Application_356297666,Other
Application_69404178,Accepted
Application_1468176445,Other
Application_1941321524,Other
Application_503771129,Accepted
Application_222696232,Accepted
Application_1658041117,Accepted
Application_1443221289,Other
Application_1116039366,Other
Application_723241546,Other
Application_746842169,Other
Application_1153190276,Other
Application_507407678,Accepted
Application_1554006137,Other
Application_1425666384,Other
Application_1750162137,Accepted
Application_2129274341,Accepted
Application_146279687,Other
Application_229636732,Accepted
Application_419508621,Accepted
Application_608923622,Other
Application_1118950506,Accepted
Application_1786795333,Accepted
Application_1160291548,Other
Application_1790831680,Other
Application_1181926320,Other
Application_1943698050,Other
Application_298767760,Other
Application_656783891,Other
Application_8361795,Accepted
Application_81588383,Accepted
Application_1814772020,Other
Application_932303773,Other
Application_1425073473,Accepted
Application_741127975,Other
Application_333014804,Accepted
Application_315815107,Accepted
Application_514243928,Accepted
Application_1073418785,Other
Application_1574196921,Other
Application_2003540327,Other
Application_2108392299,Other
Application_1494339579,Other
Application_582966538,Other
Application_1460158915,Other
Application_1592376567,Other
Application_669686892,Accepted
Application_385450442,Accepted
Application_1716748419,Accepted
Application_1405104017,Accepted
Application_1853690266,Accepted
Application_2009663081,Other
Application_207820771,Other
Application_18201508,Other
Application_1317003571,Other
Application_747472951,Other
Application_1545618669,Accepted
Application_530903768,Other
Application_1317329581,Accepted
Application_118083420,Other
Application_264040577,Other
Application_2046634874,Other
Application_728125547,Other
Application_1489740993,Accepted
Application_670979463,Accepted
Application_1387349041,Other
Application_672157948,Other
Application_1389621581,Other
Application_274406019,Accepted
Application_178269553,Accepted
Application_1902460516,Accepted
Application_1968697285,Other
Application_1610018753,Other
Application_767342168,Other
Application_577081856,Other
Application_859042560,Other
Application_820863857,Other
Application_1277546624,Accepted
Application_1934961488,Other
Application_1727972510,Accepted
Application_1711897867,Other
Application_1894499101,Other
Application_1578240316,Accepted
Application_436286803,Other
Application_78468982,Accepted
Application_679899793,Other
Application_571289664,Accepted
Application_2081284121,Accepted
Application_1770782498,Other
Application_1638467992,Accepted
Application_1288897088,Other
Application_2085373538,Other
Application_1735415835,Accepted
Application_1931210654,Accepted
Application_1707940011,Other
Application_434920675,Other
Application_1939557099,Accepted
Application_648076847,Other
Application_792507306,Other
Application_1141158160,Other
Application_589152015,Other
Application_1147531697,Other
Application_1496146016,Accepted
Application_1272795577,Accepted
Application_1273942061,Other
Application_351957884,Other
Application_533139929,Other
Application_1588321376,Accepted
Application_855090360,Other
Application_939741612,Other
Application_1347511481,Other
Application_1480767032,Other
Application_1291015385,Accepted
Application_1927089088,Other
Application_1737448919,Accepted
Application_1086599276,Other
Application_236394436,Accepted
Application_477437120,Other
Application_155457165,Other
Application_1346013554,Accepted
Application_1737884994,Accepted
Application_918724931,Accepted
Application_1291409300,Accepted
Application_1066487715,Other
Application_863102272,Accepted
Application_231543736,Other
Application_1630959767,Other
Application_1993132324,Other
Application_1442292391,Accepted
Application_1631920449,Other
Application_1804498569,Other
Application_1995400489,Accepted
Application_386908439,Accepted
Application_379995663,Accepted
Application_669297917,Accepted
Application_993665282,Accepted
Application_868274783,Accepted
Application_1406920404,Other
Application_1296278146,Other
Application_1806274805,Other
Application_1995597967,Accepted
Application_90149211,Other
Application_1798581924,Other
Application_634818571,Other
Application_1092476821,Other
Application_849589641,Accepted
Application_555748846,Accepted
Application_1202745841,Accepted
Application_879916222,Other
Application_1278840575,Other
Application_1773159476,Other
Application_1421674510,Accepted
Application_1286966167,Other
Application_338394775,Accepted
Application_528022936,Accepted
Application_1846759622,Accepted
Application_120386765,Accepted
Application_193307587,Other
Application_1935169394,Accepted
Application_1791007997,Other
Application_1284451071,Other
Application_1668333019,Other
Application_347620708,Other
Application_413872215,Other
Application_226648871,Other
Application_449992046,Other
Application_202931347,Accepted
Application_155049958,Other
Application_1551175142,Other
Application_2008646692,Accepted
Application_1586969654,Other
Application_846519197,Other
Application_1411185420,Accepted
Application_1806987140,Other
Application_871753289,Accepted
Application_1229796467,Other
Application_1258519746,Other
Application_899507598,Accepted
Application_1855733856,Other
Application_1565002550,Accepted
Application_565138093,Other
Application_1528488858,Other
Application_509036001,Other
Application_866985511,Accepted
Application_358616096,Accepted
Application_202631980,Other
Application_1375671225,Accepted
Application_1979136807,Accepted
Application_1999778046,Other
Application_1125731438,Accepted
Application_2057005393,Accepted
Application_1841925470,Other
Application_1555189736,Accepted
Application_360538011,Accepted
Application_570390612,Other
Application_1329686679,Accepted
Application_861275935,Accepted
Application_899985996,Accepted
Application_1089614242,Other
Application_2020684391,Other
Application_1883474338,Other
Application_537362373,Other
Application_1986298579,Other
Application_582297372,Other
Application_1561402220,Other
Application_488966118,Other
Application_1052210338,Accepted
Application_2130263468,Accepted
Application_1093757217,Other
Application_1664308885,Other
Application_2094508798,Accepted
Application_1850433727,Accepted
Application_359523439,Other
Application_407246682,Other
Application_1294961188,Accepted
Application_2127140288,Accepted
Application_722389201,Other
Application_1221904628,Other
Application_541841934,Accepted
Application_157322660,Other
Application_859538739,Other
Application_1083955215,Accepted
Application_1305752511,Accepted
Application_1341522639,Other
Application_507245940,Other
Application_823174081,Other
Application_1878863778,Accepted
Application_1048862780,Accepted
Application_52614458,Other
Application_238566561,Accepted
Application_562561363,Accepted
Application_1025963904,Other
Application_2027023851,Other
Application_1241278993,Other
Application_867460950,Accepted
Application_2078353273,Other
Application_1327867314,Other
Application_1189256513,Other
Application_483785645,Accepted
Application_983991635,Other
Application_2032013377,Accepted
Application_197974894,Accepted
Application_1494834839,Other
Application_1347438787,Other
Application_1315354494,Other
Application_438218858,Other
Application_635180652,Accepted
Application_824815009,Accepted
Application_384139403,Other
Application_1070688232,Other
Application_846553309,Other
Application_370939747,Other
Application_560527943,Accepted
Application_985308288,Other
Application_1335013576,Accepted
Application_521733206,Other
Application_1680250873,Accepted
Application_1521312734,Other
Application_1138079704,Other
Application_989881573,Other
Application_1320438624,Accepted
Application_833812294,Other
Application_442101636,Other
Application_1514596806,Other
Application_822123223,Accepted
Application_2041499576,Other
Application_1083551978,Other
Application_1365745685,Accepted
Application_148399753,Other
Application_1763966419,Other
Application_1158889528,Accepted
Application_2106954915,Accepted
Application_210847484,Other
Application_477462450,Other
Application_1422740695,Accepted
Application_1064673261,Other
Application_1551330688,Other
Application_1370367843,Accepted
Application_145097704,Other
Application_975055026,Other
Application_1154011667,Other
Application_1507254300,Accepted
Application_971975107,Other
Application_1791472354,Accepted
Application_1233455977,Other
Application_1789198734,Other
Application_71237400,Other
Application_1423784718,Other
Application_1611838399,Other
Application_69918939,Other
Application_1733797232,Accepted
Application_2058158228,Other
Application_1154476104,Other
Application_897079224,Accepted
Application_171446228,Accepted
Application_1958613615,Other
Application_2029450424,Accepted
Application_1994307804,Other
Application_891655991,Accepted
Application_1253659798,Other
Application_1216752135,Other
Application_562266755,Accepted
Application_912059200,Other
Application_134147383,Other
Application_1138541249,Accepted
Application_1892735991,Accepted
Application_691830598,Other
Application_853835651,Accepted
Application_1584306755,Other
Application_1711544690,Other
Application_56580038,Other
Application_635402835,Other
Application_197433594,Other
Application_723100031,Accepted
Application_1081561286,Other
Application_147693290,Other
Application_1135106826,Other
Application_1412323927,Other
Application_1366170461,Other
Application_1050085739,Other
Application_526965428,Accepted
Application_193640719,Accepted
Application_853057280,Other
Application_1076323709,Accepted
Application_122716432,Accepted
Application_1166366844,Other
Application_1453895078,Other
Application_1640297480,Other
Application_729697673,Other
Application_1783424673,Other
Application_1334558136,Accepted
Application_403189446,Other
Application_906254146,Other
Application_2026255140,Other
Application_476820475,Other
Application_1300581738,Accepted
Application_1724819682,Accepted
Application_602711124,Accepted
Application_1669563872,Accepted
Application_481743170,Other
Application_165949728,Other
Application_348622595,Other
Application_2134299171,Other
Application_915989991,Other
Application_1633226390,Other
Application_464294789,Other
Application_105880505,Other
Application_76786057,Accepted
Application_1753907960,Other
Application_1213572224,Accepted
Application_1185094411,Other
Application_608002249,Other
Application_1816843755,Accepted
Application_1509671606,Accepted
Application_1598196743,Other
Application_1232371515,Other
Application_1980808706,Accepted
Application_889433484,Accepted
Application_600773420,Other
Application_309042709,Other
Application_815098623,Accepted
Application_1837589687,Accepted
Application_1390969231,Other
Application_948481390,Accepted
Application_1564389694,Other
Application_1198161746,Accepted
Application_2014205616,Other
Application_527005328,Accepted
Application_134745858,Other
Application_635288343,Accepted
Application_888671111,Accepted
Application_1539058781,Other
Application_456181580,Other
Application_687997407,Other
Application_1257331802,Other
Application_1457797265,Other
Application_1888420916,Other
Application_1681669912,Accepted
Application_1172615060,Other
Application_957526895,Accepted
Application_1180632664,Other
Application_2128555575,Accepted
Application_194953748,Accepted
Application_1418375332,Other
Application_1666073640,Other
Application_349533466,Other
Application_665388395,Other
Application_1604844422,Other
Application_524368669,Other
Application_343096883,Other
Application_975248544,Other
Application_614884672,Other
Application_2131877840,Other
Application_1234409277,Other
Application_2040890290,Accepted
Application_1813871061,Other
Application_14272510,Other
Application_641742813,Accepted
Application_1724380505,Other
Application_592572289,Other
Application_735419817,Other
Application_1446797920,Other
Application_949465314,Other
Application_1950442205,Other
Application_876093715,Other
Application_914041792,Other
Application_1774296847,Other
Application_2139182850,Other
Application_820285721,Accepted
Application_1903287729,Accepted
Application_7680290,Other
Application_639246573,Other
Application_192361447,Accepted
Application_325378981,Other
Application_1239328255,Accepted
Application_540315304,Other
Application_2043640237,Other
Application_1114629002,Other
Application_1606405609,Accepted
Application_953393465,Other
Application_2036490626,Other
Application_1030746884,Accepted
Application_1460064443,Accepted
Application_354208624,Other
Application_567209431,Accepted
Application_160125934,Other
Application_194279353,Accepted
Application_1258619090,Accepted
Application_660738389,Other
Application_1237813582,Other
Application_1615415732,Accepted
Application_879674772,Other
Application_1960988004,Accepted
Application_2034787267,Other
Application_1113145199,Other
Application_915084095,Accepted
Application_529893726,Other
Application_2038216942,Other
Application_888168160,Other
Application_1032596836,Accepted
Application_536786818,Other
Application_159085619,Other
Application_219877997,Accepted
Application_45234915,Accepted
Application_328690407,Accepted
Application_1411448055,Other
Application_1887375640,Other
Application_1924472519,Other
Application_2071305559,Accepted
Application_1608443257,Accepted
Application_735692914,Accepted
Application_2046768310,Other
Application_1164299761,Other
Application_959162366,Other
Application_1458879799,Other
Application_1188852417,Accepted
Application_1888808887,Other
Application_1279356813,Accepted
Application_338118312,Other
Application_194851183,Other
Application_24690046,Other
Application_707750477,Accepted
Application_1824229308,Accepted
Application_2045137436,Accepted
Application_1175612123,Accepted
Application_1158647543,Other
Application_1899944275,Accepted
Application_339541911,Other
Application_338494020,Accepted
Application_1738235241,Accepted
Application_1253618293,Accepted
Application_503463647,Accepted
Application_1202930912,Other
Application_1177121671,Other
Application_307992128,Other
Application_176400200,Accepted
Application_928247436,Other
Application_498272523,Other
Application_174290106,Other
Application_1955908645,Other
Application_1391573006,Other
Application_2010606095,Other
Application_1475010462,Other
Application_607415567,Other
Application_211385439,Other
Application_404630804,Other
Application_456148942,Accepted
Application_2124314844,Accepted
Application_2101631495,Other
Application_1659413718,Accepted
Application_577526345,Other
Application_1436209515,Other
Application_975508440,Accepted
Application_144847991,Other
Application_905862815,Other
Application_1286651294,Accepted
Application_1047460576,Other
Application_1157603950,Other
Application_205578680,Other
Application_653318631,Other
Application_179596964,Accepted
Application_1978616519,Other
Application_895914920,Other
Application_170263999,Other
Application_1149974626,Accepted
Application_328097345,Other
Application_1252266622,Accepted
Application_2014314666,Other
Application_1545521329,Other
Application_1601877381,Other
Application_914070474,Accepted
Application_1987994674,Accepted
Application_2108613059,Other
Application_600656470,Other
Application_282011643,Other
Application_462548652,Accepted
Application_231098052,Other
Application_1191141298,Other
Application_976343211,Other
Application_1826564545,Accepted
Application_1982105170,Other
Application_880654923,Other
Application_1963118358,Accepted
Application_1018658664,Other
Application_1448497255,Other
Application_49035945,Other
Application_172327988,Other
Application_233189168,Other
Application_136986393,Other
Application_1704446276,Other
Application_1137735607,Other
Application_1187776886,Accepted
Application_1048967634,Other
Application_412640437,Other
Application_1496368350,Other
Application_942482297,Other
Application_618472797,Other
Application_310407931,Other
Application_259831638,Other
Application_1885975653,Other
Application_242938815,Other
Application_207406679,Other
Application_1335453895,Accepted
Application_1634352428,Other
Application_1839260391,Other
Application_119698863,Other
Application_1190331363,Other
Application_1560386704,Accepted
Application_979440358,Other
Application_331009437,Other
Application_764770037,Other
Application_1257804728,Other
Application_1309910687,Accepted
Application_1263610495,Other
Application_882510521,Other
Application_183143684,Accepted
Application_1073884448,Accepted
Application_374530407,Accepted
Application_151057328,Other
Application_615680994,Accepted
Application_1772694162,Other
Application_45877425,Other
Application_1224901090,Other
Application_1343149415,Other
Application_1330998568,Other
Application_636319338,Other
Application_2134111316,Other
Application_833864820,Other
Application_207641348,Accepted
Application_1650536792,Accepted
Application_1490502423,Other
Application_1702470977,Accepted
Application_1606501584,Other
Application_1152922175,Accepted
Application_763971035,Other
Application_245240793,Other
Application_115605523,Other
Application_728771029,Accepted
Application_1919447067,Other
Application_853614468,Accepted
Application_1793305435,Other
Application_385677625,Accepted
Application_94818585,Other
Application_1169100815,Other
Application_417970911,Other
Application_912864391,Other
Application_11293173,Other
Application_597076666,Other
Application_1292607248,Other
Application_2139041320,Accepted
Application_48372571,Other
Application_1294986221,Other
Application_1069333518,Accepted
Application_702830036,Other
Application_2107655919,Other
Application_1677498057,Other
Application_595188783,Other
Application_1917846916,Other
Application_697482385,Accepted
Application_792254186,Other
Application_377066989,Other
Application_1353892758,Other
Application_271297769,Other
Application_844234101,Other
Application_229924151,Other
Application_1722999276,Other
Application_1033492370,Other
Application_1654461126,Accepted
Application_1918398423,Other
Application_1997637081,Other
Application_1690262422,Accepted
Application_1303118372,Other
Application_1344709581,Accepted
Application_915073564,Other
Application_1135785992,Other
Application_705989577,Other
Application_1875600933,Other
Application_1500804774,Other
Application_1433657952,Accepted
Application_932344220,Accepted
Application_188387122,Other
Application_447825701,Other
Application_750982530,Other
Application_504451004,Other
Application_1900025903,Other
Application_1703360562,Accepted
Application_2002352331,Other
Application_1864863385,Other
Application_1152976506,Other
Application_2073849026,Other
Application_2023147338,Other
Application_432846719,Other
Application_145165894,Accepted
Application_929234216,Other
Application_76713986,Accepted
Application_634947740,Other
Application_285716416,Other
Application_948940399,Other
Application_317073400,Accepted
Application_1265158401,Other
Application_2133669748,Other
Application_1363125191,Other
Application_288927991,Accepted
Application_764901320,Other
Application_1718343092,Accepted
Application_1512812900,Other
Application_1140966941,Other
Application_291440964,Other
Application_280618089,Other
Application_748196042,Other
Application_2126391715,Accepted
Application_323553281,Other
Application_768468545,Other
Application_1828614596,Accepted
Application_29713731,Other
Application_1139596302,Accepted
Application_1845834489,Other
Application_1943467759,Other
Application_645322893,Other
Application_1664895199,Other
Application_213750846,Other
Application_1277619240,Other
Application_294028593,Other
Application_424913241,Accepted
Application_1192408072,Accepted
Application_143862907,Other
Application_438995846,Other
Application_306566754,Other
Application_43358875,Other
Application_1690137722,Other
Application_1925086048,Other
Application_1225567788,Other
Application_71508464,Other
Application_91048792,Other
Application_1206748733,Other
Application_418849339,Accepted
Application_1227106242,Other
Application_1172139782,Accepted
Application_1927280869,Other
Application_1712375688,Other
Application_202807700,Accepted
Application_852463975,Other
Application_474531700,Other
Application_202034308,Other
Application_1043759662,Other
Application_1417307867,Other
Application_1369290283,Other
Application_95379113,Accepted
Application_290815426,Accepted
Application_193777844,Accepted
Application_1059824032,Accepted
Application_415635439,Other
Application_513583760,Accepted
Application_953338016,Other
Application_991291120,Other
Application_2072157411,Other
Application_1373010009,Other
Application_2075045295,Other
Application_1454867177,Other
Application_705171359,Accepted
Application_56652119,Other
Application_136658151,Other
Application_994018459,Accepted
Application_1769373289,Other
Application_505930815,Other
Application_64097049,Other
Application_700169853,Other
Application_489028753,Other
Application_1216024217,Other
Application_1623974394,Other
Application_1971509295,Other
Application_2142479419,Other
Application_915035854,Other
Application_1146706732,Other
Application_1148915549,Other
Application_701858736,Other
Application_496016240,Accepted
Application_534820879,Other
Application_700707357,Other
Application_497184170,Other
Application_2137522026,Other
Application_1966157925,Other
Application_1277392889,Other
Application_1362233162,Other
Application_1054610040,Other
Application_68465220,Other
Application_1597525905,Other
Application_532411192,Other
Application_1432762873,Other
Application_2146016025,Other
Application_707558755,Other
Application_1272342844,Other
Application_965181506,Other
Application_1248564607,Other
Application_200850510,Other
Application_1507168142,Accepted
Application_21990922,Accepted
Application_1149022520,Accepted
Application_968899175,Accepted
Application_1750357412,Other
Application_1926519234,Other
Application_1433830904,Other
Application_351135084,Accepted
Application_348375330,Other
Application_1068646658,Other
Application_650052643,Accepted
Application_706230820,Other
Application_203554673,Other
Application_653194138,Other
Application_1512354791,Other
Application_1061127918,Accepted
Application_1792600203,Accepted
Application_1836690227,Other
Application_1653926728,Accepted
Application_1025650501,Other
Application_8755596,Other
Application_45386818,Accepted
Application_306791898,Other
Application_761438606,Other
Application_1141616388,Other
Application_790322789,Other
Application_1283264254,Other
Application_208829283,Other
Application_32370388,Other
Application_780675030,Other
Application_1259857117,Other
Application_539936825,Other
Application_1757235578,Other
Application_1980514261,Other
Application_1951823974,Other
Application_1034933187,Other
Application_1368848764,Other
Application_50702087,Accepted
Application_275957099,Other
Application_1657805835,Other
Application_170853066,Other
Application_1366812015,Other
Application_1185696908,Other
Application_650412376,Other
Application_1187364612,Other
Application_1890424538,Accepted
Application_673003290,Other
Application_655459519,Other
Application_23659545,Other
Application_213186581,Accepted
Application_1738766936,Other
Application_781474807,Other
Application_1106033018,Other
Application_1473777322,Other
Application_1105196432,Accepted
Application_1919773133,Other
Application_884576170,Accepted
Application_2108766464,Accepted
Application_1263478076,Other
Application_654292217,Other
Application_304662674,Accepted
Application_327482415,Other
Application_1494825268,Accepted
Application_1482448782,Other
Application_1841481087,Other
Application_2121019444,Other
Application_1805450384,Accepted
Application_1405587833,Other
Application_2000446983,Other
Application_1363038701,Accepted
Application_322727488,Other
Application_824844453,Other
Application_1039708026,Accepted
Application_324997902,Accepted
Application_819635724,Other
Application_1886188565,Accepted
Application_1823899362,Other
Application_865338968,Other
Application_1054727336,Accepted
Application_692466604,Other
Application_821207705,Accepted
Application_1561504790,Other
Application_1772721848,Other
Application_1691810535,Other
Application_1840188335,Other
Application_878093890,Other
Application_519919221,Other
Application_363979314,Other
Application_141104677,Other
Application_1134604573,Other
Application_322967890,Other
Application_1377701708,Other
Application_948220422,Other
Application_758823597,Accepted
Application_840274915,Other
Application_1701470203,Other
Application_1914528542,Other
Application_939928359,Other
Application_594920985,Other
Application_1305219892,Accepted
Application_934987317,Other
Application_489091655,Other
Application_885880534,Accepted
Application_1765171410,Other
Application_1916433704,Accepted
Application_688962938,Accepted
Application_2093619721,Other
Application_309551659,Accepted
Application_251581514,Accepted
Application_306863763,Other
Application_1229771603,Other
Application_72327225,Other
Application_885659109,Accepted
Application_1767761933,Other
Application_2124420671,Other
Application_2116081318,Other
Application_1250272203,Other
Application_1669653980,Other
Application_942726811,Accepted
Application_592820539,Other
Application_817774483,Other
Application_391064347,Other
Application_757906667,Other
Application_1107373313,Other
Application_1070030033,Other
Application_2143922919,Other
Application_1819420512,Other
Application_1704316187,Accepted
Application_2028773311,Accepted
Application_121793783,Other
Application_403948083,Other
Application_544102091,Other
Application_330239418,Accepted
Application_159980013,Accepted
Application_1953341305,Other
Application_1514922172,Other
Application_1958616340,Other
Application_1017623303,Other
Application_1988794611,Accepted
Application_914516740,Other
Application_130786586,Other
Application_84178362,Accepted
Application_89893610,Other
Application_664218071,Other
Application_852288896,Other
Application_1231579880,Other
Application_1581140687,Accepted
Application_893293722,Other
Application_1809165374,Other
Application_600042816,Other
Application_564495631,Accepted
Application_1957035615,Other
Application_626786321,Other
Application_117735395,Accepted
Application_63322652,Accepted
Application_552744529,Accepted
Application_881907372,Accepted
Application_1837337240,Accepted
Application_1233920563,Other
Application_103222749,Accepted
Application_305576873,Accepted
Application_1023773636,Other
Application_713220169,Other
Application_2137242855,Accepted
Application_1178520814,Other
Application_1795336824,Other
Application_873318810,Other
Application_317782907,Other
Application_764308618,Accepted
Application_2133432057,Other
Application_1552216835,Other
Application_869233832,Accepted
Application_1383517319,Other
Application_1971489687,Accepted
Application_1965319023,Accepted
Application_1501561429,Other
Application_1963707751,Accepted
Application_543473480,Other
Application_281171585,Accepted
Application_548617266,Other
Application_169442823,Other
Application_885569118,Accepted
Application_1850371697,Accepted
Application_892787372,Other
Application_1540075126,Other
Application_1385507757,Accepted
Application_927330888,Other
Application_549538953,Other
Application_1995034869,Accepted
Application_162446818,Accepted
Application_340829391,Accepted
Application_496698057,Other
Application_1830218734,Other
Application_164229512,Accepted
Application_1207290531,Other
Application_1541568491,Other
Application_867065139,Other
Application_1566327381,Other
Application_228895936,Other
Application_1236023092,Accepted
Application_878013228,Other
Application_448448006,Other
Application_629610365,Other
Application_685199365,Other
Application_1506510815,Accepted
Application_1065962262,Other
Application_1248534944,Accepted
Application_713221754,Accepted
Application_1064804107,Other
Application_550900193,Accepted
Application_1250405904,Other
Application_2105173917,Other
Application_2144802001,Other
Application_1758414020,Other
Application_2106859024,Other
Application_623125490,Other
Application_404255143,Other
Application_362592653,Other
Application_1251112715,Other
Application_101731242,Accepted
Application_312371727,Accepted
Application_509001893,Other
Application_1222141680,Accepted
Application_1945067207,Accepted
Application_1637973095,Other
Application_617601984,Other
Application_561634415,Other
Application_837728579,Other
Application_521686635,Accepted
Application_475576835,Other
Application_159587357,Accepted
Application_1584186902,Other
Application_159733698,Other
Application_1458976110,Other
Application_1628300285,Other
Application_1285607081,Accepted
Application_1784455335,Other
Application_189161081,Accepted
Application_1003264681,Accepted
Application_905377894,Accepted
Application_631355726,Other
Application_1933536346,Other
Application_2138293651,Other
Application_1381631969,Other
Application_1512873029,Accepted
Application_440721202,Accepted
Application_999993467,Other
Application_777125023,Other
Application_567225290,Accepted
Application_262404188,Accepted
Application_929961647,Accepted
Application_234782126,Other
Application_2086620747,Accepted
Application_1449909064,Other
Application_743052720,Other
Application_554250192,Accepted
Application_933296823,Other
Application_1798954081,Other
Application_1425378083,Accepted
Application_1100311334,Other
Application_1794958456,Accepted
Application_1931815562,Other
Application_2022983306,Accepted
Application_1573007731,Other
Application_1934616115,Other
Application_1189337144,Accepted
Application_731906334,Other
Application_912911968,Other
Application_119597834,Accepted
Application_1066673370,Accepted
Application_1303751679,Other
Application_1348051707,Accepted
Application_1123248266,Other
Application_1502187020,Other
Application_1346402324,Accepted
Application_13239346,Accepted
Application_1869001550,Other
Application_2668090,Accepted
Application_1800420607,Other
Application_781494344,Accepted
Application_818383830,Other
Application_2110770473,Other
Application_1410088410,Other
Application_1178291031,Accepted
Application_934225716,Other
Application_1156335940,Other
Application_967948352,Accepted
Application_283246412,Other
Application_984201328,Accepted
Application_634401256,Accepted
Application_1081819343,Other
Application_432841829,Other
Application_1882054030,Other
Application_1229390398,Other
Application_599154404,Accepted
Application_1260548064,Other
Application_679418218,Other
Application_475362362,Accepted
Application_976570410,Other
Application_293522415,Accepted
Application_615974252,Accepted
Application_1983927912,Accepted
Application_1886833813,Other
Application_1762034779,Accepted
Application_1888470728,Other
Application_1159586223,Other
Application_670682830,Other
Application_617510232,Other
Application_672219365,Other
Application_256705596,Other
Application_2051267685,Other
Application_1260848760,Other
Application_1046067288,Other
Application_2100519070,Accepted
Application_1130565073,Accepted
Application_634308292,Accepted
Application_457494821,Other
Application_903131639,Other
Application_258527989,Accepted
Application_672470185,Accepted
Application_1466353702,Other
Application_1209012629,Other
Application_1691453608,Accepted
Application_1689713353,Accepted
Application_1979478985,Other
Application_758918787,Accepted
Application_294694772,Accepted
Application_1451363562,Accepted
Application_1674625636,Accepted
Application_2083175501,Other
Application_1849897013,Accepted
Application_785925974,Other
Application_1995418733,Other
Application_1583267403,Accepted
Application_1806568302,Other
Application_867476977,Other
Application_1362001652,Other
Application_1229055493,Accepted
Application_136283545,Accepted
Application_849189270,Accepted
Application_491093904,Accepted
Application_1295803417,Other
Application_937881682,Accepted
Application_1815306547,Other
Application_1987695431,Accepted
Application_1405983827,Other
Application_1773287709,Other
Application_1590553052,Accepted
Application_861795517,Other
Application_585224461,Accepted
Application_138858150,Other
Application_356486877,Other
Application_844008509,Other
Application_1944929289,Accepted
Application_492072718,Accepted
Application_1041645953,Other
Application_39716600,Accepted
Application_932969568,Other
Application_1652470616,Accepted
Application_721708606,Accepted
Application_936361584,Other
Application_939043540,Accepted
Application_1975285399,Other
Application_1263808654,Other
Application_509863044,Accepted
Application_180324511,Accepted
Application_363654425,Accepted
Application_1429560463,Other
Application_1655325505,Other
Application_1944463667,Other
Application_2125760464,Other
Application_1143583416,Other
Application_436649857,Accepted
Application_255635649,Other
Application_2909260,Other
Application_245583154,Other
Application_1085313302,Other
Application_944574465,Other
Application_2144876360,Accepted
Application_1901506778,Other
Application_1193161185,Other
Application_1509018937,Other
Application_1785835664,Accepted
Application_1507765152,Accepted
Application_139547047,Accepted
Application_140125661,Other
Application_255847143,Other
Application_717090944,Other
Application_932895718,Accepted
Application_1890667564,Accepted
Application_1517108876,Other
Application_142669558,Accepted
Application_1081958164,Other
Application_1557204332,Other
Application_2055346715,Accepted
Application_366571467,Other
Application_473455481,Other
Application_1850771395,Accepted
Application_1734549057,Other
Application_1199949831,Accepted
Application_856411257,Other
Application_641702584,Other
Application_351199303,Accepted
Application_675694882,Other
Application_876335402,Accepted
Application_838450726,Other
Application_1811767634,Other
Application_2058160245,Other
Application_646255491,Other
Application_1649496204,Other
Application_1884905979,Other
Application_2100137439,Accepted
Application_1527112278,Accepted
Application_1468073805,Other
Application_438269807,Other
Application_768846875,Accepted
Application_351438919,Other
Application_400877292,Accepted
Application_1141060428,Accepted
Application_1745647532,Accepted
Application_972709132,Other
Application_656598972,Other
Application_1744421968,Other
Application_2124133128,Accepted
Application_1176077410,Other
Application_791072667,Other
Application_226252774,Accepted
Application_426526420,Other
Application_403459560,Accepted
Application_1624884110,Accepted
Application_422781816,Accepted
Application_1152633256,Other
Application_1652641567,Other
Application_660259832,Accepted
Application_1723786816,Other
Application_1036829662,Other
Application_1218082757,Other
Application_1727469314,Other
Application_2110988636,Other
Application_1453558869,Other
Application_1122839645,Accepted
Application_372969138,Other
Application_2113362571,Accepted
Application_1452266783,Accepted
Application_1489320305,Accepted
Application_280309686,Accepted
Application_659619524,Other
Application_842492810,Other
Application_1504457237,Other
Application_1222232958,Accepted
Application_1250512192,Accepted
Application_926969528,Other
Application_1024151463,Accepted
Application_1306392109,Accepted
Application_1617021214,Other
Application_1803232046,Other
Application_969160974,Accepted
Application_163422334,Accepted
Application_888091604,Other
Application_2058925905,Other
Application_1323436150,Accepted
Application_2019186957,Other
Application_1829024669,Other
Application_779082689,Other
Application_745284550,Other
Application_1701524878,Accepted
Application_111590527,Accepted
Application_238288424,Accepted
Application_1341949768,Accepted
Application_1862758751,Other
Application_1972238545,Other
Application_1548597068,Other
Application_323503103,Other
Application_824427278,Accepted
Application_1612790417,Other
Application_87267606,Other
Application_719450818,Accepted
Application_590406101,Other
Application_2078374798,Accepted
Application_1938093015,Other
Application_501356691,Other
Application_1575947868,Other
Application_1575426961,Other
Application_1163712852,Accepted
Application_89666101,Other
Application_864267390,Accepted
Application_1730306413,Other
Application_1681957960,Other
Application_417360985,Accepted
Application_1302193360,Other
Application_1618112757,Accepted
Application_219664643,Other
Application_1132335933,Other
Application_908886534,Accepted
Application_1579115140,Other
Application_1934101562,Other
Application_2011055915,Other
Application_578355590,Other
Application_1169107422,Accepted
Application_939246776,Other
Application_1440885102,Accepted
Application_2017724694,Accepted
Application_1803445820,Other
Application_220730865,Other
Application_2014037087,Other
Application_792917828,Other
Application_936483069,Accepted
Application_1471467276,Other
Application_579061452,Accepted
Application_1661566710,Other
Application_901439262,Accepted
Application_1796430254,Accepted
Application_1922953436,Accepted
Application_1290822221,Other
Application_1697273423,Other
Application_1661858875,Other
Application_937706484,Other
Application_841388025,Accepted
Application_1449837143,Other
Application_586201363,Accepted
Application_1811996139,Other
Application_1261534325,Accepted
Application_1077685812,Accepted
Application_985988163,Accepted
Application_636194219,Other
Application_1073743483,Accepted
Application_1389874798,Accepted
Application_460053472,Accepted
Application_190351542,Accepted
Application_9079128,Other
Application_181209954,Other
Application_1837691373,Other
Application_1479772524,Other
Application_2040031821,Accepted
Application_2052177781,Accepted
Application_1682699832,Accepted
Application_1252273169,Accepted
Application_26283156,Accepted
Application_349476845,Other
Application_214938001,Accepted
Application_250077480,Other
Application_1206316951,Accepted
Application_1107336753,Other
Application_1312744154,Other
Application_958724983,Accepted
Application_238988223,Other
Application_629480518,Other
Application_341486582,Other
Application_295533034,Accepted
Application_1416013692,Other
Application_912386818,Other
Application_1491527622,Other
Application_282538124,Other
Application_101092690,Accepted
Application_1325558781,Other
Application_1683572643,Accepted
Application_1277311768,Accepted
Application_1237645122,Other
Application_1993856845,Accepted
Application_1312732080,Other
Application_411690248,Accepted
Application_1814010387,Accepted
Application_1127559708,Other
Application_601862065,Other
Application_816531730,Other
Application_623268834,Other
Application_273628767,Other
Application_27646111,Accepted
Application_781287190,Other
Application_1737739204,Other
Application_334823612,Accepted
Application_1291877105,Other
Application_1709885942,Accepted
Application_1344524409,Other
Application_2096235976,Other
Application_1379497552,Other
Application_676076040,Accepted
Application_534176474,Other
Application_81521642,Other
Application_1669103451,Other
Application_1743386065,Other
Application_1818076283,Accepted
Application_1286876788,Other
Application_1695584545,Other
Application_621887556,Accepted
Application_1064248036,Accepted
Application_330376375,Accepted
Application_113948767,Other
Application_306805974,Accepted
Application_1164410455,Other
Application_1526897565,Other
Application_1455413463,Other
Application_965885907,Other
Application_1886687394,Other
Application_1858410159,Accepted
Application_1237142395,Other
Application_619587123,Other
Application_279099840,Accepted
Application_414438383,Other
Application_248337955,Other
Application_463579484,Other
Application_1546433537,Other
Application_1671609597,Accepted
Application_2113590248,Accepted
Application_1881060752,Other
Application_153913317,Other
Application_15330255,Other
Application_1565090529,Accepted
Application_981296873,Other
Application_282147209,Accepted
Application_2027189160,Accepted
Application_1168592908,Accepted
Application_840797958,Other
Application_473820095,Other
Application_1097779964,Other
Application_158521766,Other
Application_797761417,Other
Application_1675638174,Other
Application_2071585565,Other
Application_243125034,Other
Application_468264495,Accepted
Application_159332276,Accepted
Application_915168581,Accepted
Application_1866718658,Accepted
Application_2100318477,Accepted
Application_1697318009,Other
Application_783245694,Other
Application_151521797,Accepted
Application_332283814,Other
Application_878119155,Accepted
Application_1347970167,Other
Application_1856440552,Accepted
Application_1120442870,Accepted
Application_1346451208,Other
Application_1775679205,Other
Application_701514059,Other
Application_1026118007,Accepted
Application_848476111,Accepted
Application_609090423,Accepted
Application_1062967516,Other
Application_417203206,Other
Application_800639740,Accepted
Application_226158643,Other
Application_1570888287,Other
Application_1920645209,Accepted
Application_954782487,Accepted
Application_2037422805,Accepted
Application_1420519230,Other
Application_575893657,Accepted
Application_925907733,Other
Application_1236495379,Other
Application_1236309124,Other
Application_1598913755,Other
Application_1451652837,Other
Application_657899666,Other
Application_659691842,Other
Application_983529201,Other
Application_2057675140,Other
Application_1868247765,Other
Application_2128359005,Other
Application_1233236605,Other
Application_1778874587,Other
Application_1919712333,Accepted
Application_797711613,Other
Application_137644224,Other
Application_596720994,Other
Application_706548641,Accepted
Application_634986308,Other
Application_1710591980,Other
Application_1066069389,Other
Application_2140500802,Other
Application_1933730888,Other
Application_1171943234,Other
Application_1787645438,Other
Application_436683148,Other
Application_913653041,Accepted
Application_1740827831,Other
Application_721340692,Other
Application_209029183,Other
Application_857539767,Accepted
Application_711752498,Other
Application_277881011,Other
Application_1361483863,Other
Application_1800343995,Other
Application_1106510484,Accepted
Application_1111963988,Accepted
Application_596024010,Other
Application_205344454,Other
Application_1065780614,Accepted
Application_1494020269,Accepted
Application_633938094,Accepted
Application_917926776,Accepted
Application_1634230904,Accepted
Application_598763957,Accepted
Application_384137354,Accepted
Application_2101842248,Accepted
Application_2101378510,Other
Application_885643503,Other
Application_1745230492,Other
Application_1501796340,Other
Application_419322579,Other
Application_743333113,Other
Application_577274960,Other
Application_231846269,Accepted
Application_1470706778,Other
Application_2102728872,Other
Application_1814075080,Accepted
Application_1380496421,Other
Application_1740397211,Other
Application_1057933942,Accepted
Application_341840404,Other
Application_1251648274,Accepted
Application_308757746,Accepted
Application_765830470,Other
Application_643238237,Other
Application_1717755289,Accepted
Application_1090342212,Other
Application_2100584102,Accepted
Application_1692826468,Other
Application_1384264678,Accepted
Application_1741929980,Accepted
Application_1380504217,Other
Application_772173989,Other
Application_768135375,Other
Application_1715743158,Accepted
Application_1083450906,Accepted
Application_441860911,Other
Application_31588368,Other
Application_1258227511,Other
Application_321053657,Accepted
Application_323493054,Other
Application_630942454,Other
Application_453605354,Accepted
Application_1536384462,Other
Application_1844455564,Accepted
Application_1751063655,Other
Application_1403661167,Other
Application_1755610300,Other
Application_1405848861,Accepted
Application_322546358,Accepted
Application_321879514,Other
Application_330149635,Accepted
Application_1258327544,Accepted
Application_689552512,Other
Application_1069252664,Accepted
Application_2142581054,Other
Application_1835222765,Accepted
Application_2051427659,Accepted
Application_1249077241,Accepted
Application_1836857131,Accepted
Application_1439374655,Other
Application_318018580,Other
Application_966801849,Other
Application_112140164,Other
Application_871980471,Accepted
Application_1251445113,Other
Application_1162542777,Accepted
Application_740432247,Accepted
Application_365806669,Accepted
Application_1440784613,Accepted
Application_1252719024,Other
Application_1619537149,Other
Application_1671391899,Accepted
Application_1129397530,Accepted
Application_699861330,Other
Application_1174816396,Other
Application_23849387,Accepted
Application_749268697,Accepted
Application_972042414,Other
Application_342966558,Accepted
Application_1903997904,Accepted
Application_1603096540,Accepted
Application_2109377431,Accepted
Application_1027086707,Accepted
Application_1136719475,Accepted
Application_487544747,Accepted
Application_1180176834,Accepted
Application_18554199,Accepted
Application_39745715,Other
Application_1121868055,Accepted
Application_1727290130,Accepted
Application_353959707,Accepted
Application_1868189446,Accepted
Application_968965370,Other
Application_1072286764,Other
Application_2140141136,Other
Application_2118939990,Other
Application_1797343303,Accepted
Application_1408250846,Other
Application_9558552,Accepted
Application_281067563,Accepted
Application_1100879546,Other
Application_721883805,Other
Application_1261765769,Other
Application_832722264,Accepted
Application_1477970050,Accepted
Application_403651034,Accepted
Application_262306667,Other
Application_907005220,Accepted
Application_72824563,Accepted
Application_356197099,Other
Application_1295882513,Accepted
Application_1166791291,Other
Application_1261985638,Other
Application_1224580155,Other
Application_2131234472,Accepted
Application_867292290,Accepted
Application_1602818108,Accepted
Application_1371053876,Other
Application_672607464,Other
Application_2264178,Accepted
Application_242449215,Other
Application_832289956,Accepted
Application_38900146,Other
Application_327458085,Other
Application_757181215,Other
Application_1967131510,Accepted
Application_1617403964,Accepted
Application_1745871797,Accepted
Application_1113846718,Other
Application_1493327487,Other
Application_468541679,Other
Application_1298379999,Other
Application_59111054,Other
Application_1015071619,Accepted
Application_168779090,Other
Application_905319675,Other
Application_1339305976,Other
Application_1479551106,Other
Application_2041031881,Accepted
Application_1150058149,Other
Application_1690672451,Other
Application_1203843798,Accepted
Application_2016822559,Accepted
Application_1650429463,Other
Application_265750243,Other
Application_1962298226,Accepted
Application_92397272,Accepted
Application_681844152,Other
Application_1452943382,Accepted
Application_168649007,Other
Application_307181501,Accepted
Application_882662504,Other
Application_1839529029,Other
Application_1613272314,Accepted
Application_1879940492,Accepted
Application_1263348489,Accepted
Application_458796160,Other
Application_506541958,Accepted
Application_1380421237,Other
Application_803377701,Accepted
Application_1309189676,Other
Application_1910646659,Other
Application_1398635691,Accepted
Application_1687476549,Accepted
Application_1254340991,Other
Application_885433828,Other
Application_96817501,Accepted
Application_1591913897,Other
Application_1646645347,Accepted
Application_10556867,Other
Application_536783052,Other
Application_39747567,Other
Application_31933940,Accepted
Application_748214036,Accepted
Application_891053076,Other
Application_1903639475,Other
Application_1628838115,Other
Application_1403799268,Other
Application_1467406201,Accepted
Application_1682071719,Other
Application_1573799824,Accepted
Application_981666430,Other
Application_1171339781,Other
Application_1512456670,Accepted
Application_1960892100,Other
Application_1477137664,Other
Application_1826967244,Other
Application_867930942,Other
Application_541689990,Other
Application_2109501654,Other
Application_942922998,Other
Application_2017026508,Accepted
Application_1733521545,Other
Application_524229711,Other
Application_2131061580,Accepted
Application_1224457581,Accepted
Application_200802550,Other
Application_757566786,Accepted
Application_801226400,Accepted
Application_451692880,Other
Application_1159523020,Accepted
Application_1947395411,Accepted
Application_1011256754,Other
Application_1226070473,Other
Application_1994476922,Accepted
Application_1134978802,Other
Application_589670521,Accepted
Application_275255183,Other
Application_807261738,Accepted
Application_104058265,Other
Application_907421280,Accepted
Application_1261273662,Other
Application_1223311194,Accepted
Application_1872763908,Accepted
Application_260393872,Accepted
Application_169342621,Other
Application_1170655120,Accepted
Application_1599946706,Other
Application_2119442632,Other
Application_1036485758,Accepted
Application_476164031,Other
Application_1544773319,Other
Application_93995216,Other
Application_964446799,Accepted
Application_892756312,Other
Application_1456724153,Accepted
Application_1672985909,Other
Application_1485884937,Other
Application_1671915970,Accepted
Application_31779493,Other
Application_226659500,Other
Application_1274481554,Accepted
Application_1280510760,Accepted
Application_1938499688,Other
Application_1622355877,Accepted
Application_1310092467,Other
Application_2131387077,Accepted
Application_634335471,Accepted
Application_486986234,Accepted
Application_587745191,Other
Application_848933089,Accepted
Application_82908674,Other
Application_660512176,Accepted
Application_1911051203,Accepted
Application_1504541985,Other
Application_276887998,Accepted
Application_635011682,Accepted
Application_491870428,Other
Application_56885089,Other
Application_1133126594,Accepted
Application_660451724,Other
Application_1581065763,Accepted
Application_1459013488,Other
Application_1905694144,Accepted
Application_97127623,Other
Application_310552938,Accepted
Application_1420012783,Other
Application_1295447773,Other
Application_664554025,Other
Application_418702437,Other
Application_979364590,Other
Application_638023559,Accepted
Application_1558501194,Other
Application_1920630766,Accepted
Application_1242545671,Other
Application_1978148587,Accepted
Application_1200890537,Other
Application_1501570322,Accepted
Application_87933994,Other
Application_852817101,Accepted
Application_422402108,Other
Application_2130847812,Other
Application_1931380497,Other
Application_1249041299,Accepted
Application_1272526402,Other
Application_15895190,Accepted
Application_613766151,Other
Application_205141048,Other
Application_877437617,Accepted
Application_837252365,Accepted
Application_368034450,Other
Application_1227849499,Other
Application_1794658977,Other
Application_1432353449,Other
Application_1777256257,Other
Application_1233972633,Other
Application_1596070205,Accepted
Application_20183531,Accepted
Application_453692151,Other
Application_199352898,Other
Application_95957590,Accepted
Application_417542734,Other
Application_236584990,Other
Application_1454068481,Accepted
Application_1230944650,Other
Application_2115161385,Other
Application_1413286774,Accepted
Application_1931089548,Accepted
Application_1389334509,Other
Application_1970573889,Accepted
Application_1545189817,Other
Application_1415736664,Accepted
Application_1317796894,Other
Application_1675628432,Other
Application_1502862199,Other
Application_1258270156,Accepted
Application_176251050,Accepted
Application_340534713,Other
Application_269454885,Accepted
Application_1970997546,Accepted
Application_1319211220,Other
Application_817470774,Other
Application_1900119920,Other
Application_936478493,Accepted
Application_2045103593,Accepted
Application_632014630,Accepted
Application_1201025402,Other
Application_842281859,Other
Application_1026157505,Other
Application_1724788717,Other
Application_963951048,Other
Application_769606576,Other
Application_588095080,Other
Application_485940681,Accepted
Application_2059033536,Accepted
Application_1878235116,Accepted
Application_1909926846,Accepted
Application_1686677105,Accepted
Application_1335280018,Other
Application_954025930,Accepted
Application_549914318,Other
Application_524222990,Accepted
Application_496579687,Other
Application_1181061808,Other
Application_2110029406,Accepted
Application_1755688016,Accepted
Application_2111433968,Other
Application_2065266450,Other
Application_1934831831,Other
Application_961981990,Other
Application_302885057,Other
Application_686342533,Accepted
Application_77600142,Accepted
Application_1685172233,Accepted
Application_1185756378,Other
Application_1965642575,Accepted
Application_901455291,Other
Application_135357060,Other
Application_1246236344,Other
Application_1098955308,Other
Application_1978792750,Accepted
Application_1966441501,Accepted
Application_1565631568,Other
Application_1512184833,Other
Application_1033493391,Other
Application_582586626,Other
Application_710114868,Other
Application_237909779,Accepted
Application_1122987607,Accepted
Application_208536691,Accepted
Application_587828910,Other
Application_878749762,Other
Application_1204758594,Other
Application_1908739238,Accepted
Application_1025480866,Accepted
Application_2052105533,Other
Application_1893072922,Other
Application_1905957509,Accepted
Application_652519324,Accepted
Application_1890831730,Other
Application_235442049,Other
Application_669375480,Accepted
Application_1031521256,Accepted
Application_1598375191,Other
Application_433724101,Other
Application_783607771,Accepted
Application_566987449,Accepted
Application_679375118,Accepted
Application_1142100568,Other
Application_1951482665,Accepted
Application_1003594594,Other
Application_1218775385,Accepted
Application_2103211755,Other
Application_403061988,Other
Application_367098983,Accepted
Application_500283352,Accepted
Application_285893390,Other
Application_930746427,Other
Application_715518518,Other
Application_2068014529,Other
Application_161282039,Other
Application_1240931046,Accepted
Application_1590744995,Other
Application_1979578965,Accepted
Application_675216858,Other
Application_1557692016,Accepted
Application_1149182,Other
Application_862658349,Other
Application_483006287,Accepted
Application_213549612,Accepted
Application_945665703,Accepted
Application_1613659113,Accepted
Application_722753168,Other
Application_486640310,Accepted
Application_128388823,Other
Application_1615639591,Accepted
Application_89879072,Accepted
Application_1502076473,Other
Application_532782787,Accepted
Application_2137378775,Accepted
Application_1711857176,Other
Application_915503259,Accepted
Application_591521700,Accepted
Application_1581623729,Other
Application_210296414,Other
Application_54290207,Other
Application_1215042838,Accepted
Application_2016063226,Other
Application_836822281,Other
Application_1630937792,Accepted
Application_1968905973,Other
Application_643423512,Other
Application_133806661,Accepted
Application_145628563,Other
Application_801957623,Other
Application_1471325128,Other
Application_1952618910,Accepted
Application_1902750510,Accepted
Application_676862159,Other
Application_866544876,Other
Application_139728999,Other
Application_1213104145,Accepted
Application_1926279546,Accepted
Application_490583398,Other
Application_627871717,Accepted
Application_235629887,Other
Application_1038498847,Other
Application_1635294849,Accepted
Application_1319189402,Accepted
Application_362903716,Other
Application_114395909,Other
Application_923276400,Accepted
Application_561769147,Accepted
Application_780336830,Other
Application_556965935,Accepted
Application_964745856,Other
Application_1805477322,Accepted
Application_592840232,Other
Application_1790028550,Other
Application_2046931212,Other
Application_876641639,Other
Application_1241622935,Other
Application_469084980,Other
Application_1441764586,Other
Application_399187920,Other
Application_835158084,Accepted
Application_1193293142,Accepted
Application_1440133651,Other
Application_1734458355,Other
Application_1124525609,Other
Application_2096883387,Other
Application_1915610737,Other
Application_1839087887,Other
Application_1023996114,Accepted
Application_50620498,Other
Application_307624926,Accepted
Application_1514800647,Accepted
Application_2093135903,Other
Application_1736245154,Other
Application_2052349775,Other
Application_1327373442,Accepted
Application_1006164631,Other
Application_1456994037,Accepted
Application_239310187,Other
Application_123601440,Accepted
Application_77477304,Accepted
Application_1160055548,Accepted
Application_439272088,Other
Application_793220640,Other
Application_1867480854,Accepted
Application_1509320782,Accepted
Application_2090184380,Other
Application_1579179340,Accepted
Application_1802608036,Other
Application_1356128158,Other
Application_281413501,Other
Application_369785843,Other
Application_569324339,Other
Application_76657882,Other
Application_278761295,Other
Application_1111858017,Other
Application_610451191,Accepted
Application_787824410,Accepted
Application_1870406883,Other
Application_1503297464,Other
Application_1990023052,Accepted
Application_1576982181,Other
Application_1037363488,Accepted
Application_1808303712,Other
Application_1361973250,Accepted
Application_658444280,Accepted
Application_207596397,Accepted
Application_638813041,Other
Application_1224457292,Accepted
Application_682602203,Other
Application_1938102374,Other
Application_870497092,Other
Application_1575177058,Accepted
Application_930144104,Other
Application_24531625,Other
Application_1665334644,Other
Application_1655449806,Other
Application_1116494225,Accepted
Application_709922704,Other
Application_926870086,Other
Application_1030731936,Other
Application_1666960622,Other
Application_1483659784,Other
Application_1423036521,Other
Application_1126528184,Accepted
Application_663500615,Accepted
Application_1091798622,Other
Application_1315018245,Other
Application_312193292,Other
Application_1101006464,Other
Application_1903540859,Accepted
Application_1388483180,Accepted
Application_1212636679,Other
Application_564537369,Other
Application_61929194,Accepted
Application_295714197,Other
Application_756770333,Accepted
Application_953999753,Other
Application_2140295223,Other
Application_1456350468,Accepted
Application_1791368518,Other
Application_1140915686,Accepted
Application_1861352527,Other
Application_930378949,Accepted
Application_1648525143,Other
Application_375203633,Accepted
Application_720563858,Other
Application_1078617051,Other
Application_947106743,Other
Application_1983554609,Other
Application_2020736720,Other
Application_1231928487,Accepted
Application_1775053889,Accepted
Application_373906261,Accepted
Application_2131487871,Other
Application_1841581377,Other
Application_910470491,Accepted
Application_748770747,Other
Application_948877864,Other
Application_1480308834,Other
Application_1826191145,Other
Application_1445051974,Other
Application_595946672,Other
Application_1375915632,Other
Application_783999795,Accepted
Application_426074382,Other
Application_1411816386,Accepted
Application_1858563159,Other
Application_1669332371,Other
Application_1488070527,Other
Application_1810136916,Accepted
Application_2126483374,Other
Application_1228707803,Other
Application_512470668,Other
Application_338416179,Accepted
Application_19470782,Other
Application_1724977442,Accepted
Application_1434185309,Other
Application_1112501306,Other
Application_1293442260,Other
Application_1942741620,Other
Application_1585935767,Accepted
Application_1741820894,Accepted
Application_1071820701,Other
Application_1549242228,Other
Application_1035092593,Accepted
Application_219841132,Accepted
Application_475366687,Accepted
Application_1928079150,Accepted
Application_1137613990,Other
Application_1417185462,Other
Application_1598276616,Other
Application_1029247764,Other
Application_156375840,Other
Application_1028246161,Other
Application_804201870,Other
Application_278461238,Other
Application_442783245,Other
Application_126917656,Other
Application_1594087706,Other
Application_879057120,Other
Application_449329426,Other
Application_1384887104,Accepted
Application_1201650771,Other
Application_1338509043,Accepted
Application_1202205724,Accepted
Application_1560250842,Other
Application_1715317954,Accepted
Application_127768591,Accepted
Application_577073397,Other
Application_197316137,Other
Application_86505635,Other
Application_874250500,Other
Application_1813669897,Accepted
Application_621867207,Other
Application_810980987,Other
Application_1703731762,Other
Application_2095552480,Other
Application_1655547659,Other
Application_1626098440,Other
Application_426309193,Accepted
Application_194637064,Other
Application_411506427,Accepted
Application_507645472,Accepted
Application_157112322,Accepted
Application_1307594107,Other
Application_983336218,Other
Application_1411478908,Accepted
Application_2068032817,Accepted
Application_1111709486,Other
Application_1368535752,Accepted
Application_1461793010,Other
Application_1112022949,Accepted
Application_897255991,Accepted
Application_736709793,Other
Application_81830869,Accepted
Application_260872741,Other
Application_690530126,Accepted
Application_1915763503,Accepted
Application_1414403553,Accepted
Application_1362568001,Other
Application_643134488,Other
Application_2012290274,Other
Application_1056924645,Other
Application_875451273,Other
Application_70363401,Accepted
Application_1539873875,Other
Application_1721522362,Other
Application_1564612353,Other
Application_1148576170,Accepted
Application_293482171,Other
Application_516661499,Other
Application_2009393611,Other
Application_646513699,Accepted
Application_1506240659,Other
Application_66610915,Accepted
Application_1932848433,Other
Application_428777019,Other
Application_138059966,Other
Application_90795790,Accepted
Application_659432519,Accepted
Application_1118493924,Accepted
Application_469913004,Other
Application_923395500,Other
Application_1033039379,Other
Application_1223811498,Other
Application_1545019901,Other
Application_791702299,Accepted
Application_1839855484,Other
Application_255745903,Other
Application_579105624,Other
Application_688791477,Accepted
Application_1754860039,Accepted
Application_1337760725,Accepted
Application_973884952,Accepted
Application_1842464968,Accepted
Application_1463747535,Other
Application_475622826,Other
Application_833766044,Accepted
Application_1175320097,Accepted
Application_1528728571,Other
Application_1395703893,Other
Application_35066581,Other
Application_1583209065,Accepted
Application_1683456298,Other
Application_1592781422,Accepted
Application_2002877311,Other
Application_1090987472,Accepted
Application_1533294371,Other
Application_1642301709,Accepted
Application_839133029,Other
Application_1452615214,Other
Application_200497167,Other
Application_448447285,Other
Application_885540392,Other
Application_1075100328,Other
Application_1766833568,Other
Application_695774784,Accepted
Application_572567761,Other
Application_1729908527,Other
Application_1944623174,Accepted
Application_1529510108,Other
Application_1384938182,Accepted
Application_955389375,Other
Application_765838125,Other
Application_451950621,Other
Application_302222228,Accepted
Application_127597799,Accepted
Application_491651670,Other
Application_949646433,Other
Application_1143013996,Accepted
Application_1689912743,Other
Application_1842470381,Other
Application_1942264843,Other
Application_1719043764,Other
Application_1653230338,Other
Application_510205264,Other
Application_734239829,Accepted
Application_544295397,Other
Application_1336886023,Accepted
Application_358302705,Other
Application_1559902945,Other
Application_2054855494,Other
Application_1817074561,Other
Application_455509463,Other
Application_115649379,Accepted
Application_99629453,Other
Application_1198497217,Other
Application_1891134606,Other
Application_1566769240,Accepted
Application_1956855802,Accepted
Application_1256855179,Other
Application_1955513014,Other
Application_258438517,Accepted
Application_1326001377,Other
Application_167432172,Other
Application_536060119,Other
Application_2024529302,Other
Application_907233746,Accepted
Application_1294454867,Accepted
Application_879697495,Other
Application_1608559958,Other
Application_650269997,Other
Application_171309024,Accepted
Application_1874052878,Accepted
Application_1566847946,Other
Application_1910646287,Other
Application_2142233304,Other
Application_855650696,Other
Application_619302279,Other
Application_261099714,Accepted
Application_1066042180,Other
Application_645346728,Other
Application_964915379,Accepted
Application_1201885222,Other
Application_1339897527,Accepted
Application_505906578,Accepted
Application_1339031841,Other
Application_576418583,Accepted
Application_1954578148,Accepted
Application_2135643654,Accepted
Application_872366334,Other
Application_59014720,Other
Application_1641773873,Other
Application_694365076,Other
Application_809707620,Accepted
Application_766735771,Other
Application_908021956,Other
Application_1137113571,Accepted
Application_307275498,Accepted
Application_318948108,Accepted
Application_958186013,Other
Application_99584326,Other
Application_763948675,Accepted
Application_1848912346,Accepted
Application_132154073,Accepted
Application_512338381,Accepted
Application_836669262,Other
Application_1846073266,Accepted
Application_1867274907,Accepted
Application_1134276434,Accepted
Application_1367012474,Accepted
Application_1961155623,Other
Application_2009469048,Other
Application_1617454068,Other
Application_1296873817,Accepted
Application_241540287,Other
Application_70616448,Other
Application_692000301,Accepted
Application_68724717,Accepted
Application_154500593,Other
Application_1200390276,Other
Application_1027284246,Other
Application_1198811492,Other
Application_848535842,Accepted
Application_1915062882,Accepted
Application_1297544801,Other
Application_1301725928,Other
Application_1237993068,Accepted
Application_2127589264,Other
Application_1733375456,Accepted
Application_864009964,Accepted
Application_1476467732,Other
Application_159582191,Other
Application_388511721,Other
Application_1463330651,Accepted
Application_902516117,Accepted
Application_2092629740,Other
Application_1247904651,Accepted
Application_1742840730,Other
Application_1737602251,Accepted
Application_1122721558,Accepted
Application_1668415369,Accepted
Application_339910304,Other
Application_30944115,Other
Application_1042876170,Accepted
Application_849331250,Other
Application_1846127281,Accepted
Application_830352767,Accepted
Application_2100496549,Other
Application_1191887357,Other
Application_2020582566,Accepted
Application_1729763634,Other
Application_414398059,Accepted
Application_31088227,Other
Application_164098190,Other
Application_831089373,Accepted
Application_1273389411,Other
Application_1181226423,Other
Application_2030856099,Other
Application_1889605504,Other
Application_2097665847,Other
Application_955766793,Other
Application_1650458580,Accepted
Application_1317874793,Accepted
Application_476640539,Accepted
Application_719540116,Accepted
Application_996202278,Other
Application_899377360,Other
Application_1345905916,Other
Application_2097890008,Accepted
Application_1420526909,Other
Application_967110648,Accepted
Application_634341703,Other
Application_181228162,Other
Application_551630136,Other
Application_41960888,Other
Application_331201516,Other
Application_259750984,Other
Application_523875733,Other
Application_1201848562,Other
Application_599481939,Other
Application_2085312367,Other
Application_1929021375,Accepted
Application_981920582,Accepted
Application_739582920,Accepted
Application_1910700120,Other
Application_2092189296,Other
Application_1375747504,Other
Application_17175416,Accepted
Application_1916484089,Other
Application_764833337,Accepted
Application_132793935,Other
Application_487839283,Accepted
Application_256114167,Accepted
Application_2128019508,Other
Application_1045971491,Other
Application_1264819718,Accepted
Application_1947659907,Other
Application_1370589333,Other
Application_1009201632,Other
Application_1873248270,Accepted
Application_944269054,Other
Application_594825338,Other
Application_445660501,Other
Application_3864581,Accepted
Application_1852483606,Other
Application_1490379173,Other
Application_1453451100,Accepted
Application_2125436925,Accepted
Application_2090930512,Other
Application_1451245290,Other
Application_972571109,Other
Application_1638227980,Accepted
Application_922441325,Other
Application_1761859471,Other
Application_1445827517,Accepted
Application_1901025348,Accepted
Application_79660320,Other
Application_143169917,Other
Application_526398159,Other
Application_1939724983,Other
Application_1536985663,Other
Application_1937469578,Other
Application_1102659552,Other
Application_1283807564,Accepted
Application_614889937,Accepted
Application_1047146745,Other
Application_1000867366,Accepted
Application_2144494680,Other
Application_1293585315,Other
Application_202002610,Other
Application_1926820440,Accepted
Application_833459537,Other
Application_203390431,Accepted
Application_112206225,Accepted
Application_835234143,Other
Application_689892969,Other
Application_2099068405,Other
Application_68479834,Accepted
Application_281385235,Accepted
Application_1856708778,Other
Application_578809699,Other
Application_728101227,Accepted
Application_1820192475,Accepted
Application_282421711,Accepted
Application_1783497318,Other
Application_1285779246,Accepted
Application_2014655010,Accepted
Application_345854511,Accepted
Application_199374481,Accepted
Application_668918895,Accepted
Application_1734702555,Other
Application_1418685801,Other
Application_2113668453,Accepted
Application_745437897,Other
Application_1047082157,Other
Application_552075027,Other
Application_415122614,Other
Application_1693920652,Accepted
Application_1597050170,Other
Application_1215025807,Other
Application_56680017,Other
Application_705896380,Other
Application_756037583,Other
Application_140527234,Accepted
Application_631038669,Other
Application_1755704465,Other
Application_2109731740,Accepted
Application_1890490076,Other
Application_1178642018,Accepted
Application_323690684,Other
Application_763308713,Accepted
Application_1142352367,Accepted
Application_826449526,Other
Application_128360215,Other
Application_527611646,Other
Application_1685957906,Accepted
Application_1070781459,Other
Application_2040030641,Accepted
Application_820977049,Accepted
Application_1600671916,Other
Application_1244698333,Accepted
Application_231581932,Other
Application_556116806,Accepted
Application_1225956047,Other
Application_1970094713,Other
Application_1934417139,Other
Application_1747143468,Accepted
Application_858397535,Other
Application_37051141,Accepted
Application_1287980730,Other
Application_891978500,Other
Application_609925410,Other
Application_812403249,Other
Application_51216654,Accepted
Application_1191444232,Other
Application_462454430,Other
Application_777047773,Other
Application_587271717,Other
Application_1465474093,Other
Application_1316983000,Accepted
Application_1981885050,Other
Application_1963263900,Other
Application_500712470,Other
Application_138645037,Accepted
Application_978087299,Other
Application_1677495548,Other
Application_2019183781,Other
Application_1319763036,Accepted
Application_1651462335,Other
Application_1436626469,Accepted
Application_64844054,Accepted
Application_192111078,Other
Application_119592148,Other
Application_512304073,Other
Application_1783800564,Other
Application_1704050255,Other
Application_1054275897,Other
Application_346200578,Accepted
Application_254793771,Other
Application_820153219,Accepted
Application_136487592,Accepted
Application_351324138,Accepted
Application_1642205486,Accepted
Application_846042277,Accepted
Application_1556550212,Other
Application_726235541,Accepted
Application_435425588,Other
Application_742161523,Other
Application_561687615,Accepted
Application_967428854,Accepted
Application_1919971626,Other
Application_1659132446,Accepted
Application_1923275788,Other
Application_2013582711,Accepted
Application_1656925411,Other
Application_1297361336,Other
Application_208205606,Other
Application_1565488598,Other
Application_1233939496,Other
Application_151505824,Accepted
Application_564258248,Other
Application_582409896,Accepted
Application_898217141,Other
Application_1625749161,Accepted
Application_1847808252,Other
Application_2007088325,Other
Application_1842906249,Accepted
Application_506553957,Accepted
Application_141960255,Other
Application_507950555,Accepted
Application_140683416,Accepted
Application_209909392,Other
Application_574300643,Other
Application_1370742295,Other
Application_1823648369,Other
Application_1174733384,Other
Application_1027235358,Accepted
Application_404707668,Other
Application_1174382778,Other
Application_1389225892,Other
Application_1173489036,Other
Application_1994894811,Other
Application_1352916681,Other
Application_1677325615,Accepted
Application_703403006,Other
Application_1248612188,Other
Application_667047386,Other
Application_793949964,Accepted
Application_466162313,Other
Application_1097085253,Accepted
Application_1328110682,Accepted
Application_396902726,Accepted
Application_2115980222,Accepted
Application_1765871394,Other
Application_1479868829,Accepted
Application_2116500021,Accepted
Application_782194972,Accepted
Application_1427149723,Other
Application_1751335552,Accepted
Application_300939668,Other
Application_111282505,Accepted
Application_337224137,Accepted
Application_1170586113,Accepted
Application_1100589857,Other
Application_717442270,Accepted
Application_1811477366,Accepted
Application_612394758,Accepted
Application_1535842055,Other
Application_311761829,Accepted
Application_88594001,Other
Application_1177360098,Other
Application_265708617,Other
Application_382762656,Other
Application_1352180807,Other
Application_880692737,Accepted
Application_811627388,Other
Application_1599731492,Accepted
Application_1241660225,Accepted
Application_1880587778,Other
Application_797323371,Accepted
Application_1244304746,Accepted
Application_1332775034,Accepted
Application_544909357,Other
Application_45194543,Other
Application_161041795,Other
Application_1604379174,Accepted
Application_1801636791,Accepted
Application_1419380655,Other
Application_1196281346,Other
Application_547563494,Accepted
Application_63813163,Accepted
Application_2127136910,Accepted
Application_2012986709,Accepted
Application_1633218801,Accepted
Application_1323381613,Accepted
Application_897894645,Accepted
Application_145983241,Other
Application_506650696,Accepted
Application_1105870633,Other
Application_1790271972,Accepted
Application_2125402892,Other
Application_2147069097,Accepted
Application_500740124,Accepted
Application_148094528,Other
Application_1071818076,Accepted
Application_874232279,Accepted
Application_716972938,Other
Application_1218730697,Other
Application_426809591,Other
Application_1993690110,Other
Application_1251593643,Accepted
Application_1559138834,Other
Application_277874896,Other
Application_500570899,Accepted
Application_150888226,Other
Application_575489556,Other
Application_72831329,Other
Application_894682877,Other
Application_1004618053,Accepted
Application_1794947467,Accepted
Application_1865235436,Accepted
Application_1425562303,Accepted
Application_1202414486,Other
Application_840273986,Accepted
Application_678796369,Other
Application_296477774,Other
Application_36497911,Other
Application_371936902,Other
Application_294289967,Accepted
Application_925295407,Other
Application_1403901381,Other
Application_1467009170,Other
Application_1049158506,Accepted
Application_1935368504,Accepted
Application_1236939670,Accepted
Application_439875863,Other
Application_65258367,Accepted
Application_279950705,Accepted
Application_381530489,Other
Application_206405306,Accepted
Application_994660843,Accepted
Application_2076523505,Accepted
Application_1400471722,Other
Application_1373369508,Other
Application_1941989391,Other
Application_287520348,Accepted
Application_1945498049,Other
Application_79331148,Other
Application_441671410,Accepted
Application_199473626,Other
Application_380667808,Other
Application_199964833,Accepted
Application_2067546046,Other
Application_1623885032,Other
Application_1369369156,Accepted
Application_1161499560,Accepted
Application_395267858,Accepted
Application_138227529,Other
Application_1936320401,Other
Application_1005342157,Accepted
Application_1220245028,Accepted
Application_2053053258,Accepted
Application_2083214341,Other
Application_221017762,Accepted
Application_1110018082,Accepted
Application_189609262,Accepted
Application_136866542,Accepted
Application_874629195,Accepted
Application_1253791375,Other
Application_1619492169,Other
Application_1285706300,Other
Application_835009684,Other
Application_1159051686,Other
Application_76138842,Other
Application_858786563,Accepted
Application_1220733305,Accepted
Application_1166636265,Other
Application_1426023653,Other
Application_1639521268,Other
Application_673572259,Accepted
Application_494354590,Other
Application_1450294116,Other
Application_1964211913,Accepted
Application_2144796153,Other
Application_2138066492,Accepted
Application_802478741,Other
Application_1126742085,Other
Application_507395971,Accepted
Application_697391264,Accepted
Application_14424166,Accepted
Application_734625358,Other
Application_455032552,Accepted
Application_870644031,Other
Application_491815396,Other
Application_1962617043,Other
Application_1312786789,Other
Application_1089680079,Other
Application_1206558139,Other
Application_945953863,Accepted
Application_1596597120,Accepted
Application_1371229325,Other
Application_1021612767,Other
Application_941390549,Accepted
Application_2066998196,Other
Application_697505357,Other
Application_82157828,Accepted
Application_794929451,Other
Application_1550757618,Other
Application_1189264355,Other
Application_686112140,Other
Application_513446861,Other
Application_1255396405,Other
Application_2022592444,Other
Application_1779124169,Other
Application_1062965575,Accepted
Application_697223870,Other
Application_347687299,Accepted
Application_181366823,Other
Application_692802646,Accepted
Application_65007766,Other
Application_1008926043,Other
Application_1797419227,Accepted
Application_1767165935,Accepted
Application_249052840,Other
Application_678972557,Other
Application_362963886,Accepted
Application_212308385,Accepted
Application_1080224644,Accepted
Application_1437374008,Accepted
Application_1571967882,Accepted
Application_806144894,Other
Application_1701593417,Accepted
Application_157231053,Accepted
Application_907053514,Other
Application_370368125,Accepted
Application_1811115011,Other
Application_1634060107,Other
Application_1015602490,Other
Application_1329072325,Other
Application_692414657,Accepted
Application_511344151,Accepted
Application_858655920,Accepted
Application_226411455,Other
Application_1055859984,Accepted
Application_1552260266,Accepted
Application_1202495955,Other
Application_1381844731,Accepted
Application_1744092101,Other
Application_1723977077,Other
Application_1938580800,Accepted
Application_1091570681,Other
Application_1306567712,Other
Application_1722346069,Accepted
Application_154442352,Other
Application_478359456,Other
Application_12805384,Other
Application_934735261,Other
Application_1668324182,Other
Application_1847079753,Other
Application_2132830273,Accepted
Application_1131856063,Accepted
Application_908223427,Other
Application_836763957,Accepted
Application_1373016712,Accepted
Application_298623351,Accepted
Application_479161029,Other
Application_655085004,Other
Application_86294174,Other
Application_1729281174,Accepted
Application_2087052509,Other
Application_1383698379,Other
Application_2133942481,Accepted
Application_1419226518,Other
Application_1188619723,Other
Application_2060684957,Accepted
Application_835011021,Accepted
Application_220200045,Accepted
Application_852019949,Other
Application_83865212,Other
Application_1909128913,Accepted
Application_1806235352,Other
Application_16672500,Other
Application_732940002,Other
Application_1082323306,Other
Application_269073521,Other
Application_2114237026,Other
Application_1095668663,Other
Application_1796660585,Accepted
Application_911960145,Other
Application_790396000,Other
Application_789302175,Other
Application_327168266,Other
Application_2871646,Other
Application_975830076,Other
Application_1401475879,Other
Application_2049802248,Accepted
Application_613076876,Other
Application_1265923967,Accepted
Application_1613926667,Accepted
Application_1822464391,Accepted
Application_2045572635,Accepted
Application_1174869216,Accepted
Application_1676187204,Other
Application_593391703,Other
Application_244655808,Other
Application_543580226,Other
Application_838529440,Accepted
Application_648238393,Other
Application_2035306547,Other
Application_952983390,Accepted
Application_1174430873,Other
Application_264173507,Accepted
Application_1176464406,Accepted
Application_1492250348,Other
Application_160781715,Other
Application_1987650050,Accepted
Application_1941288523,Accepted
Application_2094088113,Accepted
Application_2028093167,Other
Application_811515143,Other
Application_1174029708,Other
Application_262524620,Other
Application_593978944,Other
Application_101013624,Accepted
Application_1894380091,Other
Application_814620974,Other
Application_1714659530,Other
Application_817533738,Other
Application_21224548,Other
Application_588010971,Other
Application_904351878,Other
Application_942333522,Other
Application_2127561074,Accepted
Application_1273064804,Other
Application_1622777346,Other
Application_1241409815,Accepted
Application_953190930,Other
Application_856381188,Accepted
Application_507155820,Other
Application_48145373,Other
Application_225755320,Other
Application_1908282460,Accepted
Application_2140144820,Other
Application_2030111308,Accepted
Application_375093903,Accepted
Application_825801349,Other
Application_786055604,Accepted
Application_1236739972,Accepted
Application_408660548,Other
Application_47077345,Accepted
Application_1981051213,Other
Application_256471538,Other
Application_61094189,Other
Application_709809813,Accepted
Application_394624698,Accepted
Application_1302954680,Accepted
Application_2061594276,Other
Application_1900766055,Accepted
Application_1521590490,Other
Application_1178627898,Accepted
Application_1718838628,Other
Application_829883773,Other
Application_71278269,Accepted
Application_952725415,Other
Application_1301968298,Accepted
Application_604477014,Other
Application_1679564013,Other
Application_1916398049,Accepted
Application_2062743539,Other
Application_1917127312,Other
Application_1829819171,Other
Application_756090586,Accepted
Application_532975071,Accepted
Application_1799029121,Accepted
Application_1233325407,Other
Application_1607375745,Other
Application_1822335659,Other
Application_1102657045,Other
Application_1926030114,Other
Application_1497129579,Other
Application_1890624715,Other
Application_2043671550,Accepted
Application_271210485,Accepted
Application_620235186,Accepted
Application_238970379,Other
Application_1169406692,Other
Application_1392762495,Other
Application_1608788186,Other
Application_1376997987,Other
Application_410399562,Other
Application_772063621,Other
Application_961611529,Other
Application_374295626,Other
Application_1102655533,Other
Application_19721798,Other
Application_195261283,Accepted
Application_1836071906,Other
Application_540852471,Accepted
Application_1443427035,Other
Application_968702680,Accepted
Application_1891230341,Accepted
Application_2127204267,Other
Application_1322491005,Other
Application_1680521113,Other
Application_1766560747,Other
Application_1517928880,Other
Application_320202328,Accepted
Application_543460485,Other
Application_396895217,Accepted
Application_38725763,Other
Application_319803961,Accepted
Application_71094216,Accepted
Application_1574012698,Other
Application_456764763,Other
Application_19373519,Other
Application_618316810,Accepted
Application_976551022,Accepted
Application_683515957,Accepted
Application_1331923786,Other
Application_1693853072,Other
Application_1889067137,Accepted
Application_1526010181,Accepted
Application_1889397687,Accepted
Application_140683761,Accepted
Application_456647404,Other
Application_491550399,Other
Application_678463000,Other
Application_235330387,Accepted
Application_1646173454,Other
Application_1324365024,Other
Application_2108248192,Other
Application_1255605399,Other
Application_1470167814,Other
Application_1956826596,Other
Application_50459647,Other
Application_1960349615,Other
Application_868478580,Other
Application_750548040,Accepted
Application_465910768,Other
Application_1579395354,Accepted
Application_1466879927,Other
Application_743578701,Accepted
Application_742038726,Accepted
Application_595376428,Other
Application_468878204,Other
Application_1821211001,Other
Application_820105256,Other
Application_1713491132,Other
Application_1507624369,Accepted
Application_1318067591,Accepted
Application_1674108037,Other
Application_2013157184,Other
Application_1259023048,Other
Application_1313695020,Other
Application_697264992,Accepted
Application_385192314,Other
Application_420688571,Other
Application_1387448614,Accepted
Application_1197664398,Other
Application_1772463113,Other
Application_1957976550,Other
Application_1440542670,Other
Application_1225493523,Accepted
Application_1111459260,Other
Application_1911707775,Other
Application_1751849824,Other
Application_668926292,Other
Application_1109539306,Accepted
Application_793788513,Other
Application_748182361,Accepted
Application_254498965,Other
Application_1147819968,Accepted
Application_961057644,Other
Application_1374314808,Accepted
Application_107974001,Other
Application_434894699,Accepted
Application_1173167096,Other
Application_175062798,Accepted
Application_396911003,Accepted
Application_683272273,Other
Application_754963246,Other
Application_901006507,Accepted
Application_1658625919,Other
Application_1549050622,Accepted
Application_2114018284,Other
Application_207044911,Accepted
Application_176013984,Accepted
Application_508750310,Accepted
Application_469638847,Other
Application_612767040,Other
Application_257668085,Other
Application_319664833,Accepted
Application_1662795116,Other
Application_1186596204,Other
Application_250664703,Other
Application_1310163016,Other
Application_1626364649,Accepted
Application_1582910332,Other
Application_2076804854,Other
Application_819045764,Accepted
Application_503618101,Other
Application_111244812,Accepted
Application_578841281,Accepted
Application_322896225,Accepted
Application_1242485588,Other
Application_739883538,Accepted
Application_1384376197,Accepted
Application_1708894751,Accepted
Application_1814042936,Accepted
Application_2004450573,Other
Application_1100622320,Accepted
Application_1103750952,Other
Application_759355832,Other
Application_435005976,Other
Application_196760230,Accepted
Application_753503152,Accepted
Application_173309491,Other
Application_822218757,Other
Application_1961771482,Other
Application_1762066227,Other
Application_1639100424,Accepted
Application_1070282875,Other
Application_403277205,Other
Application_81591081,Other
Application_402295332,Accepted
Application_735273392,Other
Application_2047791251,Accepted
Application_1024726306,Other
Application_473696003,Other
Application_907659819,Other
Application_1088673531,Accepted
Application_600563527,Accepted
Application_1798891651,Accepted
Application_1778858429,Accepted
Application_480648101,Other
Application_906155625,Other
Application_386786926,Other
Application_601745614,Accepted
Application_1673270348,Accepted
Application_1492339205,Other
Application_2056764225,Other
Application_831059360,Other
Application_1703582669,Other
Application_837562349,Other
Application_246705993,Accepted
Application_676547780,Accepted
Application_1677022958,Accepted
Application_1676030595,Accepted
Application_927716121,Accepted
Application_144637233,Accepted
Application_470660347,Accepted
Application_1220630254,Accepted
Application_2112068483,Other
Application_1967675028,Accepted
Application_1307610290,Accepted
Application_634367533,Other
Application_238292115,Other
Application_583364017,Other
Application_231977792,Other
Application_117953942,Other
Application_1688144272,Accepted
Application_1033312536,Other
Application_1894182430,Other
Application_1971510566,Other
Application_1303949889,Other
Application_989930781,Other
Application_1540206585,Accepted
Application_907509316,Accepted
Application_1750694082,Accepted
Application_398775925,Other
Application_218161109,Other
Application_552818986,Accepted
Application_1164771296,Other
Application_1790497051,Accepted
Application_1865048748,Accepted
Application_1893824534,Accepted
Application_2005338663,Other
Application_90739686,Accepted
Application_1130679201,Other
Application_147157588,Other
Application_581248982,Accepted
Application_1268089645,Other
Application_1089919129,Other
Application_1304816880,Accepted
Application_482428569,Other
Application_530625745,Accepted
Application_1309921947,Other
Application_1498573324,Other
Application_1604813777,Other
Application_1928465676,Accepted
Application_1721794716,Accepted
Application_1618706875,Other
Application_1785999083,Other
Application_945120826,Accepted
Application_128888129,Accepted
Application_158781349,Other
Application_853127708,Other
Application_1575484054,Other
Application_610321082,Accepted
Application_1978423612,Other
Application_1684615342,Other
Application_1096028414,Accepted
Application_1591194403,Accepted
Application_418082819,Other
Application_205163550,Other
Application_1243408518,Other
Application_920144585,Other
Application_1554278721,Other
Application_570280280,Accepted
Application_2010232270,Other
Application_1653176604,Accepted
Application_526701330,Other
Application_419814802,Other
Application_1674817603,Other
Application_2057981835,Other
Application_550780031,Accepted
Application_28392770,Other
Application_864871373,Accepted
Application_1243898935,Other
Application_1596051766,Other
Application_2118940037,Other
Application_1247100915,Other
Application_353916403,Accepted
Application_1548855507,Other
Application_2097383903,Other
Application_1739577183,Accepted
Application_2099692942,Other
Application_753441891,Other
Application_374167668,Other
Application_320597520,Other
Application_264715981,Accepted
Application_1304120887,Accepted
Application_2091835099,Accepted
Application_941774290,Other
Application_974086831,Accepted
Application_483485135,Accepted
Application_2050796770,Other
Application_310763026,Other
Application_2050706556,Accepted
Application_1089072317,Other
Application_1464612761,Accepted
Application_1789103432,Other
Application_265680904,Accepted
Application_913885421,Other
Application_960585764,Other
Application_700836634,Other
Application_2004309101,Accepted
Application_1747039838,Accepted
Application_1390887753,Other
Application_1311751967,Accepted
Application_1088746600,Accepted
Application_1471669337,Accepted
Application_1158460069,Accepted
Application_381527536,Other
Application_1122610334,Accepted
Application_692407528,Accepted
Application_627424315,Accepted
Application_736563430,Accepted
Application_1528695569,Other
Application_1907251473,Accepted
Application_1875855435,Accepted
Application_19986585,Other
Application_201184125,Accepted
Application_627335126,Other
Application_1053010811,Accepted
Application_1459293823,Other
Application_1547939785,Other
Application_1028111530,Other
Application_54583513,Other
Application_303380211,Other
Application_627720321,Other
Application_52150154,Accepted
Application_933633671,Accepted
Application_2022641070,Other
Application_1723008557,Accepted
Application_1813409948,Other
Application_943266447,Accepted
Application_425406120,Other
Application_927702043,Other
Application_715530078,Accepted
Application_1292983087,Other
Application_970527993,Accepted
Application_23443236,Other
Application_1005465952,Accepted
Application_2088464691,Other
Application_1856884956,Other
Application_492024560,Accepted
Application_871511729,Other
Application_592195351,Accepted
Application_402530805,Other
Application_790606738,Accepted
Application_1658708741,Other
Application_1043286395,Other
Application_1866512161,Other
Application_1424203917,Accepted
Application_926829720,Other
Application_1008893228,Accepted
Application_1608654669,Accepted
Application_518112881,Accepted
Application_924432732,Accepted
Application_557964811,Other
Application_698325283,Other
Application_1612258564,Other
Application_1162069774,Other
Application_938354511,Accepted
Application_2147201499,Accepted
Application_1696914702,Accepted
Application_1010273024,Accepted
Application_1070602542,Accepted
Application_375498275,Other
Application_207521817,Accepted
Application_17871850,Accepted
Application_735953270,Other
Application_199680770,Other
Application_697272539,Other
Application_1700046494,Other
Application_1703692771,Other
Application_1986254841,Other
Application_1958962710,Other
Application_1676827421,Other
Application_1037222292,Accepted
Application_712906549,Other
Application_1439513706,Accepted
Application_718901527,Accepted
Application_1076995025,Other
Application_2008069497,Other
Application_588596495,Other
Application_1072401713,Accepted
Application_1045778286,Accepted
Application_722285358,Other
Application_866590834,Accepted
Application_1443028801,Accepted
Application_1785985834,Accepted
Application_1082342116,Other
Application_1472334971,Other
Application_1299031248,Other
Application_2120555540,Other
Application_73999412,Accepted
Application_583480308,Accepted
Application_924568325,Other
Application_1582160031,Other
Application_191933532,Other
Application_887723939,Other
Application_1079422107,Accepted
Application_510874632,Other
Application_1971306404,Other
Application_2008164821,Other
Application_1371882232,Other
Application_139942948,Other
Application_1398776647,Accepted
Application_506386990,Other
Application_61580238,Other
Application_399234802,Other
Application_1330322821,Accepted
Application_1291996724,Accepted
Application_1975575428,Other
Application_1956026520,Accepted
Application_1793974538,Other
Application_2017036590,Other
Application_1066268432,Other
Application_371130749,Other
Application_722948242,Accepted
Application_1791359571,Accepted
Application_1440022166,Other
Application_1656605745,Other
Application_1787987553,Other
Application_1764170744,Other
Application_2143631402,Other
Application_2115278850,Other
Application_873822932,Other
Application_1097323491,Accepted
Application_383557920,Other
Application_92653980,Accepted
Application_709546023,Other
Application_347458057,Other
Application_1922968828,Other
Application_1277972932,Other
Application_1797450520,Other
Application_377671638,Other
Application_188725444,Accepted
Application_1328058333,Other
Application_207512559,Other
Application_245599142,Other
Application_385512470,Other
Application_747784121,Other
Application_1046181469,Other
Application_414191190,Other
Application_893200957,Accepted
Application_1205432561,Accepted
Application_1101004527,Other
Application_1251112099,Other
Application_893420883,Other
Application_130844372,Other
Application_177109199,Other
Application_818288708,Accepted
Application_486461477,Other
Application_2070946605,Other
Application_1032409101,Other
Application_1799238063,Other
Application_1087211941,Other
Application_898394226,Other
Application_724935267,Other
Application_401483440,Other
Application_365402983,Other
Application_135229104,Accepted
Application_1372562754,Accepted
Application_1688529047,Other
Application_1081528891,Accepted
Application_226488418,Other
Application_719433520,Other
Application_237168632,Accepted
Application_795202050,Other
Application_478629417,Other
Application_287850303,Accepted
Application_1276238122,Other
Application_648589982,Other
Application_290055645,Other
Application_1936000813,Other
Application_1160543702,Other
Application_1747462957,Other
Application_93432302,Accepted
Application_785797887,Other
Application_1894941461,Accepted
Application_504551765,Other
Application_2083746765,Accepted
Application_73719461,Other
Application_297072684,Other
Application_652959423,Other
Application_109968543,Other
Application_1284871199,Other
Application_837688430,Other
Application_1811791985,Accepted
Application_1777390587,Other
Application_1418944256,Accepted
Application_1947449712,Other
Application_371362764,Other
Application_729657614,Accepted
Application_1309154792,Other
Application_161081620,Accepted
Application_1144466734,Other
Application_660097644,Accepted
Application_1110363752,Other
Application_1291983329,Accepted
Application_1812544642,Accepted
Application_1574426357,Other
Application_1081677393,Other
Application_500423235,Other
Application_288112554,Other
Application_27381481,Accepted
Application_80962990,Other
Application_643849419,Accepted
Application_1977233975,Accepted
Application_1755596535,Accepted
Application_635192431,Accepted
Application_824818538,Other
Application_1796402362,Other
Application_1581702148,Other
Application_730772455,Other
Application_637883747,Other
Application_1931585119,Other
Application_1300128202,Other
Application_1434695643,Other
Application_1219982473,Accepted
Application_641162405,Accepted
Application_830716004,Other
Application_1437013202,Other
Application_2131846420,Other
Application_1966254763,Other
Application_1946352800,Accepted
Application_1086606722,Other
Application_361904257,Accepted
Application_1441668659,Other
Application_1981460904,Accepted
Application_726367797,Accepted
Application_1084364321,Other
Application_342552261,Other
Application_142022568,Other
Application_1416882108,Accepted
Application_1136734850,Other
Application_397300197,Other
Application_1012033620,Other
Application_1336532322,Accepted
Application_901005116,Other
Application_976964340,Accepted
Application_2047779762,Other
Application_688466386,Other
Application_1173116422,Other
Application_174704191,Accepted
Application_250938982,Other
Application_98941075,Accepted
Application_213580893,Accepted
Application_403113885,Accepted
Application_249751634,Other
Application_1153080286,Other
Application_723233417,Other
Application_901087968,Other
Application_1897195061,Other
Application_995081132,Other
Application_1550156192,Other
Application_258252135,Accepted
Application_178266795,Accepted
Application_171128400,Accepted
Application_1276364099,Accepted
Application_215134358,Other
Application_67235628,Accepted
Application_1693232792,Other
Application_1501630848,Accepted
Application_585327085,Other
Application_1845368056,Accepted
Application_2097990912,Other
Application_644781534,Accepted
Application_2099584058,Other
Application_643216783,Other
Application_1329855411,Accepted
Application_1272542342,Accepted
Application_63052199,Accepted
Application_253027902,Accepted
Application_202971781,Other
Application_209655740,Accepted
Application_834818431,Other
Application_2023535345,Accepted
Application_1517534873,Other
Application_1837606480,Accepted
Application_1916106539,Accepted
Application_643793243,Other
Application_197976312,Other
Application_587809253,Other
Application_1179247848,Other
Application_821193639,Accepted
Application_807342160,Accepted
Application_1522847345,Other
Application_1771246428,Other
Application_696063574,Accepted
Application_1275868693,Other
Application_1410757137,Other
Application_1936192427,Other
Application_1177986362,Accepted
Application_742154312,Accepted
Application_198974740,Accepted
Application_422013778,Accepted
Application_738420231,Accepted
Application_26160493,Accepted
Application_1724201113,Other
Application_1407607460,Accepted
Application_698381539,Other
Application_1413297137,Other
Application_1888833702,Other
Application_1808048346,Accepted
Application_1450023502,Other
Application_189048217,Accepted
Application_1053715175,Other
Application_736070811,Other
Application_1053426492,Accepted
Application_805715989,Other
Application_1410086930,Other
Application_1319109970,Accepted
Application_1551954124,Other
Application_1891953028,Other
Application_1920876435,Other
Application_1051268159,Other
Application_1283114291,Other
Application_588227828,Accepted
Application_330249734,Other
Application_593221724,Accepted
Application_1533133218,Other
Application_1725343989,Other
Application_1535683675,Accepted
Application_1523939309,Other
Application_1953663502,Accepted
Application_1544975283,Other
Application_673177567,Other
Application_1070695176,Other
Application_1285560080,Other
Application_114490108,Other
Application_584250358,Accepted
Application_880170648,Other
Application_582576974,Other
Application_1101002718,Other
Application_1778498492,Other
Application_680644020,Accepted
Application_297201507,Other
Application_116500600,Accepted
Application_1659191821,Other
Application_964178714,Other
Application_580925078,Other
Application_269730428,Other
Application_484462466,Accepted
Application_305611931,Other
Application_1774986386,Accepted
Application_442831670,Accepted
Application_961030297,Other
Application_269535983,Accepted
Application_196569091,Other
Application_1384342971,Accepted
Application_1135908245,Accepted
Application_955021320,Accepted
Application_2038213317,Other
Application_2033425315,Accepted
Application_1521468514,Accepted
Application_2074051157,Other
Application_312820903,Accepted
Application_762858714,Other
Application_626953514,Other
Application_311393237,Other
Application_1549528192,Other
Application_957275923,Other
Application_1458582020,Other
Application_1673992348,Other
Application_232637291,Accepted
Application_598893129,Accepted
Application_91750912,Other
Application_920992880,Other
Application_661309478,Other
Application_2055334543,Other
Application_1428030101,Other
Application_1609658603,Other
Application_994468005,Other
Application_1393226557,Other
Application_1886191238,Other
Application_1030874129,Other
Application_668429599,Accepted
Application_52082296,Accepted
Application_1107137261,Accepted
Application_852873476,Other
Application_1484640389,Accepted
Application_1926915387,Accepted
Application_1986956059,Accepted
Application_1748394853,Accepted
Application_1424007259,Other
Application_1385917480,Other
Application_1062513151,Other
Application_1359296017,Accepted
Application_992726742,Other
Application_643341504,Other
Application_722435010,Other
Application_1029894854,Other
Application_357965927,Accepted
Application_126072395,Accepted
Application_1075244712,Accepted
Application_1171975334,Accepted
Application_1521890998,Other
Application_2004209779,Other
Application_1882834198,Other
Application_919758110,Accepted
Application_447188042,Accepted
Application_759156366,Accepted
Application_898845789,Accepted
Application_1781153117,Accepted
Application_1883491797,Other
Application_386412279,Other
Application_236018008,Other
Application_1426200021,Accepted
Application_1202753975,Other
Application_2009787869,Other
Application_630023697,Other
Application_2070835006,Accepted
Application_1712804718,Other
Application_1723442369,Other
Application_453710763,Accepted
Application_272275094,Other
Application_1391532035,Other
Application_1427105811,Other
Application_985369976,Other
Application_1784433618,Accepted
Application_2108627324,Accepted
Application_1785806502,Other
Application_1436672168,Accepted
Application_438441132,Other
Application_823119949,Other
Application_56427201,Accepted
Application_576133101,Accepted
Application_1388947970,Other
Application_2067453809,Other
Application_2039272155,Other
Application_325641043,Other
Application_629215437,Other
Application_182395695,Other
Application_1893052064,Accepted
Application_1677065365,Accepted
Application_452761826,Other
Application_824810948,Other
Application_177466388,Other
Application_1784375577,Other
Application_364194826,Accepted
Application_254148246,Other
Application_322995182,Accepted
Application_2133380122,Accepted
Application_898516979,Other
Application_1744379901,Accepted
Application_302995648,Other
Application_169827931,Accepted
Application_1863840603,Other
Application_2064960637,Accepted
Application_2028556595,Accepted
Application_1181886815,Accepted
Application_1714944401,Other
Application_889820392,Accepted
Application_945361250,Other
Application_721220406,Other
Application_1149650869,Other
Application_1650363528,Other
Application_2009441535,Other
Application_1670508693,Other
Application_1354319745,Other
Application_1715059399,Other
Application_926759261,Other
Application_2073663512,Other
Application_587192940,Other
Application_713715787,Accepted
Application_811715817,Accepted
Application_369269683,Accepted
Application_938818567,Other
Application_1865110856,Other
Application_1711400266,Accepted
Application_1860913539,Other
Application_936633799,Accepted
Application_43990462,Other
Application_233668629,Other
Application_488810636,Accepted
Application_1038569473,Accepted
Application_593511436,Other
Application_269415454,Other
Application_636746380,Other
Application_1863017074,Other
Application_1348987874,Accepted
Application_1509624164,Accepted
Application_1546197205,Accepted
Application_1853350634,Accepted
Application_1166694057,Other
Application_365704249,Accepted
Application_16601132,Accepted
Application_795903277,Accepted
Application_446144154,Other
Application_1065823078,Accepted
Application_223278638,Other
Application_1356643803,Other
Application_1867579509,Other
Application_1723296015,Other
Application_1509254113,Other
Application_1130298196,Other
Application_363577329,Other
Application_13769543,Accepted
Application_420249379,Accepted
Application_1828676985,Other
Application_1790771254,Accepted
Application_90436943,Other
Application_984016687,Other
Application_1430029357,Accepted
Application_1242571956,Other
Application_2039007818,Other
Application_1396568513,Other
Application_887713419,Accepted
Application_343153633,Other
Application_965424635,Accepted
Application_1867397303,Other
Application_1584906737,Other
Application_1260715904,Other
Application_1627266445,Other
Application_308848019,Accepted
Application_1050934351,Accepted
Application_1908629627,Accepted
Application_312602744,Other
Application_2130506567,Accepted
Application_1351208575,Other
Application_1438497757,Other
Application_2083098976,Other
Application_1117214768,Accepted
Application_70458128,Other
Application_1011933027,Other
Application_506061435,Accepted
Application_349303437,Accepted
Application_695404723,Accepted
Application_2096375121,Accepted
Application_1316947459,Accepted
Application_1488569792,Other
Application_1076621871,Other
Application_1433577530,Other
Application_883530983,Other
Application_1573931639,Other
Application_1496675632,Other
Application_1126569643,Accepted
Application_344057283,Other
Application_971574118,Accepted
Application_1297721487,Accepted
Application_1535772384,Other
Application_1725693460,Other
Application_2076637124,Accepted
Application_1617613545,Accepted
Application_887060321,Accepted
Application_1102152147,Other
Application_1837989268,Other
Application_311247356,Other
Application_1719770718,Accepted
Application_1138676625,Accepted
Application_887828275,Accepted
Application_1822788449,Other
Application_362911825,Other
Application_1189575749,Other
Application_534098429,Accepted
Application_344762008,Other
Application_1922414959,Other
Application_1813733478,Other
Application_1757054700,Other
Application_2064462934,Other
Application_2025293576,Other
Application_626850025,Accepted
Application_790964700,Other
Application_1005734659,Other
Application_1135538592,Other
Application_827890420,Accepted
Application_61083727,Accepted
Application_1447670031,Other
Application_1338365283,Other
Application_1448485825,Accepted
Application_947252991,Accepted
Application_1878278452,Accepted
Application_1772208117,Accepted
Application_2122082068,Other
Application_449252215,Other
Application_346361051,Accepted
Application_370233026,Accepted
Application_11949550,Accepted
Application_1847236945,Other
Application_879927368,Accepted
Application_1484785942,Other
Application_1842272464,Accepted
Application_1985641637,Other
Application_1488125115,Other
Application_1037416693,Accepted
Application_279359977,Other
Application_590572736,Other
Application_1848977499,Other
Application_41567090,Other
Application_404809366,Other
Application_1094185064,Other
Application_734033930,Other
Application_409668270,Other
Application_2119956964,Other
Application_1985486996,Accepted
Application_1492655437,Accepted
Application_400008065,Accepted
Application_54741060,Accepted
Application_1369231392,Accepted
Application_1554211234,Other
Application_2020303795,Accepted
Application_1661571980,Other
Application_399511354,Other
Application_790576909,Accepted
Application_501220275,Other
Application_1249009811,Accepted
Application_1628302398,Other
Application_1061985132,Accepted
Application_1285347797,Accepted
Application_2042499351,Accepted
Application_1355859620,Other
Application_1069151423,Other
Application_416853962,Accepted
Application_144837004,Other
Application_773553237,Accepted
Application_408343929,Other
Application_859158743,Other
Application_1491072227,Accepted
Application_1807238376,Other
Application_2008338620,Other
Application_1919307867,Other
Application_952362533,Accepted
Application_771141743,Accepted
Application_201170519,Other
Application_694128552,Accepted
Application_1427997254,Other
Application_2009452905,Other
Application_1876976496,Accepted
Application_1007507108,Other
Application_66592710,Other
Application_425096336,Other
Application_274341954,Other
Application_1345660235,Other
Application_1388870329,Other
Application_420452664,Accepted
Application_2012495782,Other
Application_1494422836,Other
Application_694470809,Accepted
Application_1716474301,Accepted
Application_1674083739,Accepted
Application_1971633144,Accepted
Application_1059019149,Accepted
Application_230399183,Other
Application_238838990,Accepted
Application_1538808623,Other
Application_1718350474,Other
Application_1635805190,Other
Application_63534053,Other
Application_2066685509,Other
Application_1893991951,Accepted
Application_1435120007,Other
Application_36079328,Other
Application_271317024,Other
Application_127232733,Other
Application_359130582,Accepted
Application_773546650,Accepted
Application_2001089944,Other
Application_1084227894,Accepted
Application_1425329540,Other
Application_87242903,Other
Application_403495380,Other
Application_33661599,Accepted
Application_774412072,Other
Application_134845596,Accepted
Application_341235639,Other
Application_1151460114,Accepted
Application_776595687,Other
Application_1744555667,Accepted
Application_992947556,Accepted
Application_402211027,Accepted
Application_1438767685,Accepted
Application_823890451,Other
Application_776574845,Other
Application_1702649789,Other
Application_628683326,Accepted
Application_943140633,Other
Application_246939886,Other
Application_1483560418,Accepted
Application_1216280539,Accepted
Application_1431022369,Accepted
Application_1702324166,Accepted
Application_1855342443,Accepted
Application_627776170,Accepted
Application_220533411,Accepted
Application_128706287,Other
Application_782053637,Accepted
Application_997154971,Other
Application_1211626865,Accepted
Application_1694238544,Other
Application_1599989064,Accepted
Application_1849953739,Accepted
Application_2061495461,Accepted
Application_1711825789,Other
Application_628946937,Accepted
Application_138837472,Accepted
Application_781296598,Accepted
Application_1430219992,Other
Application_1434118036,Other
Application_1921128270,Other
Application_1345825411,Other
Application_1158305851,Accepted
Application_995859694,Accepted
Application_616585570,Accepted
Application_169154582,Accepted
Application_2029312023,Accepted
Application_1039421213,Other
Application_1170084576,Other
Application_1232662610,Accepted
Application_1511583413,Other
Application_483863774,Other
Application_997954113,Accepted
Application_1490804892,Accepted
Application_1730750122,Other
Application_1574254398,Other
Application_1932486604,Other
Application_1807854777,Accepted
Application_2031244640,Other
Application_948856686,Other
Application_309708140,Other
Application_322092868,Accepted
Application_99192583,Other
Application_549518230,Accepted
Application_996213670,Other
Application_1577258370,Other
Application_2090028747,Accepted
Application_1642894481,Other
Application_1419547166,Accepted
Application_657401912,Accepted
Application_1028685813,Accepted
Application_414012088,Accepted
Application_1687327204,Other
Application_2003109935,Accepted
Application_2110926461,Other
Application_1606962340,Other
Application_1156111624,Accepted
Application_747108165,Other
Application_1103543467,Other
Application_105128819,Accepted
Application_754731016,Other
Application_1331865983,Accepted
Application_1435260546,Other
Application_1473131485,Accepted
Application_1916740992,Accepted
Application_1983751497,Accepted
Application_1895381071,Accepted
Application_1228470361,Accepted
Application_1451926446,Other
Application_211856892,Other
Application_392700433,Other
Application_182364884,Accepted
Application_1392862823,Accepted
Application_737115380,Accepted
Application_971509212,Other
Application_2080271302,Other
Application_1515163408,Other
Application_1239504308,Other
Application_1777736472,Other
Application_1462021928,Other
Application_83933262,Other
Application_433129943,Other
Application_817532877,Other
Application_594185536,Accepted
Application_2055348620,Accepted
Application_997927211,Other
Application_1891491340,Other
Application_1531410713,Accepted
Application_566186269,Accepted
Application_376526750,Accepted
Application_82681432,Accepted
Application_273273946,Other
Application_1139250324,Other
Application_951823599,Other
Application_1641037816,Other
Application_1308505203,Accepted
Application_2113523720,Other
Application_1537004906,Accepted
Application_454557784,Other
Application_123696793,Accepted
Application_546279616,Accepted
Application_206014574,Accepted
Application_383405365,Other
Application_1852845855,Accepted
Application_1323807979,Other
Application_1311768693,Other
Application_1747298008,Other
Application_993403591,Accepted
Application_2101312869,Accepted
Application_1979165351,Other
Application_803740178,Other
Application_454171733,Other
Application_242735301,Other
Application_118930492,Other
Application_121378132,Other
Application_1322895485,Accepted
Application_1133868803,Other
Application_960483365,Accepted
Application_1567394387,Other
Application_2102871666,Accepted
Application_818885923,Other
Application_1000086665,Other
Application_1387936941,Other
Application_1465971927,Other
Application_1967183911,Other
Application_25154984,Accepted
Application_21585776,Accepted
Application_396803514,Accepted
Application_781431798,Other
Application_351536838,Accepted
Application_667732390,Accepted
Application_1298495237,Other
Application_1851446313,Other
Application_1627660481,Other
Application_1808746771,Other
Application_42141968,Other
Application_271490883,Accepted
Application_772531741,Accepted
Application_1130519862,Accepted
Application_1540609269,Other
Application_1762422543,Accepted
Application_1664936050,Other
Application_1593090463,Accepted
Application_1460274498,Other
Application_913646853,Accepted
Application_306439710,Other
Application_32314342,Other
Application_148964903,Accepted
Application_919886189,Other
Application_1396079804,Other
Application_2118418615,Other
Application_672871160,Other
Application_522081554,Other
Application_311711460,Other
Application_145460789,Other
Application_1227872855,Accepted
Application_1381864522,Accepted
Application_322507412,Other
Application_701543959,Accepted
Application_297829589,Other
Application_1807847032,Other
Application_1087976695,Other
Application_1852775890,Accepted
Application_1820208307,Accepted
Application_602548276,Other
Application_1098376424,Other
Application_738518528,Other
Application_2118332983,Accepted
Application_1682540357,Other
Application_1872409011,Accepted
Application_1402769542,Other
Application_602722014,Accepted
Application_157859682,Accepted
Application_17177485,Other
Application_428405772,Other
Application_946072968,Accepted
Application_1194942496,Other
Application_1894185357,Other
Application_1419670646,Accepted
Application_1899352724,Accepted
Application_1376774099,Other
Application_946996361,Other
Application_340983909,Other
Application_243289331,Other
Application_1040145001,Other
Application_1879594096,Other
Application_1412915970,Other
Application_1531078673,Other
Application_1640435910,Accepted
Application_305384816,Accepted
Application_267269158,Other
Application_300004446,Accepted
Application_734165543,Other
Application_952071836,Other
Application_335153465,Accepted
Application_2116357806,Accepted
Application_1843639891,Other
Application_574626125,Accepted
Application_1160504691,Other
Application_1526702402,Other
Application_732000832,Other
Application_303296765,Other
Application_112913308,Accepted
Application_1625902951,Accepted
Application_1233927456,Other
Application_1196316190,Other
Application_1259173170,Accepted
Application_1392535568,Accepted
Application_1818619354,Other
Application_202231790,Other
Application_560710750,Other
Application_312141399,Accepted
Application_733598707,Other
Application_552546639,Other
Application_2140598609,Other
Application_2067841643,Other
Application_420468137,Accepted
Application_442130240,Other
Application_732884475,Accepted
Application_1672059340,Accepted
Application_618719641,Other
Application_1929649229,Accepted
Application_712590376,Other
Application_571721222,Other
Application_1075071428,Other
Application_1504919057,Accepted
Application_550930549,Accepted
Application_1927658928,Other
Application_1068833227,Other
Application_1866869887,Other
Application_49443279,Other
Application_649155064,Other
Application_202040744,Accepted
Application_1069651565,Accepted
Application_356937551,Other
Application_737288213,Other
Application_176806452,Other
Application_1287497278,Other
Application_1931635130,Other
Application_1707876062,Other
Application_1504704303,Accepted
Application_209208989,Other
Application_1133034840,Other
Application_218542352,Other
Application_732896107,Accepted
Application_640814394,Other
Application_728062194,Other
Application_971830733,Other
Application_2119793732,Accepted
Application_1921864303,Accepted
Application_1210272366,Other
Application_922511317,Other
Application_42976294,Other
Application_992370736,Other
Application_379041944,Accepted
Application_540669434,Other
Application_856569776,Accepted
Application_90618986,Other
Application_1047780365,Other
Application_1293690360,Other
Application_219225160,Other
Application_1296048962,Other
Application_1473697105,Accepted
Application_1910650707,Other
Application_71441261,Accepted
Application_373706329,Other
Application_221918270,Other
Application_493845714,Accepted
Application_83515745,Accepted
Application_720331822,Accepted
Application_88447508,Accepted
Application_1204527218,Other
Application_990080306,Accepted
Application_881214408,Other
Application_1429717404,Accepted
Application_2013208773,Other
Application_543096536,Accepted
Application_1175055215,Other
Application_941913331,Accepted
Application_710166464,Accepted
Application_82834503,Accepted
Application_522494401,Accepted
Application_737238752,Other
Application_1184146967,Other
Application_994667255,Other
Application_2077594957,Other
Application_1954624131,Other
Application_2144168642,Accepted
Application_560023666,Other
Application_2071536131,Accepted
Application_1203894572,Accepted
Application_520461844,Other
Application_158298641,Other
Application_56810676,Accepted
Application_1139158982,Accepted
Application_1288742895,Accepted
Application_2013360526,Other
Application_1417828983,Other
Application_1632710315,Accepted
Application_769473490,Accepted
Application_1199636460,Accepted
Application_875680828,Other
Application_1306862656,Accepted
Application_215707926,Other
Application_134111075,Accepted
Application_729965523,Other
Application_1588847225,Accepted
Application_1940204209,Accepted
Application_1198844656,Accepted
Application_1415473064,Other
Application_128676343,Other
Application_1426616311,Other
Application_950869281,Other
Application_727662378,Accepted
Application_188759323,Accepted
Application_1381946169,Other
Application_1191908636,Other
Application_1729454690,Accepted
Application_1196167730,Accepted
Application_1948605077,Other
Application_568691937,Other
Application_948688787,Other
Application_950675104,Accepted
Application_504323109,Other
Application_351028204,Accepted
Application_123759980,Other
Application_2136916351,Other
Application_1728453877,Accepted
Application_1911116937,Other
Application_1730653902,Accepted
Application_772789398,Accepted
Application_936365753,Other
Application_586784077,Accepted
Application_236009431,Other
Application_5392177,Accepted
Application_496263238,Accepted
Application_923788292,Accepted
Application_1273548646,Accepted
Application_494490774,Other
Application_313268750,Accepted
Application_154176152,Other
Application_1084438713,Other
Application_1738146755,Other
Application_1050689657,Accepted
Application_1197050291,Accepted
Application_491284635,Other
Application_237701040,Other
Application_298228996,Other
Application_1222679436,Other
Application_1546938529,Accepted
Application_1657923780,Accepted
Application_1917918136,Other
Application_1728172417,Other
Application_1369889662,Accepted
Application_148806752,Other
Application_1405598592,Accepted
Application_501431890,Accepted
Application_1457349776,Other
Application_1225775133,Accepted
Application_165878294,Accepted
Application_149956027,Accepted
Application_688796695,Other
Application_652414203,Other
Application_1725997094,Accepted
Application_953430855,Accepted
Application_478491113,Other
Application_160330707,Other
Application_829791576,Other
Application_1590083525,Other
Application_1980412246,Accepted
Application_1260255442,Other
Application_898010884,Other
Application_535873472,Other
Application_1230905151,Other
Application_496150190,Accepted
Application_812186683,Other
Application_683658637,Other
Application_771704504,Other
Application_310562367,Other
Application_672694793,Accepted
Application_1749963416,Other
Application_699853455,Accepted
Application_382630368,Accepted
Application_110222905,Accepted
Application_333493166,Accepted
Application_571157956,Other
Application_146046612,Accepted
Application_1248715190,Accepted
Application_1558881681,Other
Application_1782149725,Other
Application_1322168423,Accepted
Application_122975331,Accepted
Application_239426392,Other
Application_428827586,Other
Application_1108645320,Other
Application_750508670,Accepted
Application_1206489743,Other
Application_574230569,Accepted
Application_103255320,Other
Application_465973682,Accepted
Application_947740077,Accepted
Application_1401125106,Accepted
Application_768441627,Other
Application_2061792565,Other
Application_1969448807,Accepted
Application_1034132814,Other
Application_136629027,Accepted
Application_695787496,Other
Application_910438003,Other
Application_1992893166,Other
Application_1952516758,Other
Application_1582759922,Other
Application_1823584535,Accepted
Application_2029204184,Accepted
Application_1395812526,Other
Application_893638776,Other
Application_502039945,Other
Application_1959897699,Other
Application_1896780882,Accepted
Application_206120401,Accepted
Application_1908252531,Other
Application_834385480,Other
Application_1183922122,Other
Application_571889147,Other
Application_141976668,Other
Application_1544859913,Other
Application_1613565558,Other
Application_109009782,Other
Application_1044507870,Accepted
Application_1981495988,Accepted
Application_747688377,Other
Application_761099499,Other
Application_835323326,Accepted
Application_458283344,Other
Application_871919055,Other
Application_493877735,Other
Application_1329674466,Other
Application_421750305,Other
Application_2036156568,Accepted
Application_1756485356,Other
Application_1687472986,Accepted
Application_1225509152,Other
Application_2062383409,Accepted
Application_1505264161,Other
Application_1058982112,Accepted
Application_596871253,Other
Application_555391737,Other
Application_1069578306,Other
Application_971131336,Accepted
Application_95032478,Other
Application_392642507,Accepted
Application_1195815462,Accepted
Application_1100863252,Other
Application_218009115,Other
Application_1692532833,Other
Application_1301036213,Other
Application_976534661,Other
Application_2053058817,Accepted
Application_1994821903,Other
Application_483660708,Accepted
Application_847026682,Accepted
Application_1028069743,Other
Application_1603380713,Other
Application_1050447885,Accepted
Application_681341983,Other
Application_95943907,Other
Application_1754973857,Other
Application_1755100401,Accepted
Application_21813901,Other
Application_1267424964,Other
Application_185587945,Accepted
Application_144371889,Other
Application_325450289,Other
Application_1896104678,Accepted
Application_1530910022,Accepted
Application_595742517,Other
Application_39193123,Accepted
Application_251868309,Accepted
Application_559833987,Accepted
Application_917827543,Other
Application_1326678675,Other
Application_1550159006,Other
Application_641759919,Other
Application_957872680,Other
Application_623725791,Accepted
Application_552384140,Other
Application_1953905594,Other
Application_1846184631,Other
Application_540065767,Accepted
Application_763551682,Accepted
Application_2019169799,Accepted
Application_1589661239,Other
Application_1971575688,Other
Application_1999309921,Accepted
Application_124469386,Other
Application_773312325,Accepted
Application_818274541,Accepted
Application_439361692,Other
Application_89587997,Other
Application_1397625829,Other
Application_2094250791,Accepted
Application_569369605,Accepted
Application_893358373,Other
Application_1699185807,Other
Application_504178547,Other
Application_946261760,Accepted
Application_1902540621,Accepted
Application_1395642591,Accepted
Application_1660912829,Other
Application_1963375191,Other
Application_586735060,Accepted
Application_1420523367,Accepted
Application_1330310183,Accepted
Application_816539238,Accepted
Application_392686494,Other
Application_1799424010,Other
Application_1906761325,Accepted
Application_501528411,Accepted
Application_1508481328,Accepted
Application_1688853591,Other
Application_1776336493,Accepted
Application_1822494144,Other
Application_1127412052,Accepted
Application_187577598,Accepted
Application_606885963,Other
Application_100833857,Accepted
Application_795882574,Other
Application_1019051515,Other
Application_1579257458,Accepted
Application_281347151,Other
Application_193281431,Accepted
Application_1022726417,Accepted
Application_1865491663,Other
Application_1435461748,Accepted
Application_1355219967,Other
Application_1132137608,Other
Application_866386060,Other
Application_641777079,Other
Application_978702861,Other
Application_1262423377,Other
Application_1727266199,Accepted
Application_219029035,Other
Application_432999385,Accepted
Application_1874927913,Accepted
Application_944002555,Other
Application_1218809120,Other
Application_2027446503,Accepted
Application_1536354654,Accepted
Application_864566587,Accepted
Application_1752366800,Other
Application_1721360224,Other
Application_2131534113,Accepted
Application_143046658,Accepted
Application_292259448,Accepted
Application_726894639,Other
Application_145657292,Other
Application_1285892508,Other
Application_1148870716,Accepted
Application_652156305,Other
Application_70685965,Accepted
Application_287210829,Other
Application_936066506,Other
Application_35278004,Other
Application_794696598,Accepted
Application_613511520,Accepted
Application_1714792492,Other
Application_2050891234,Other
Application_1794042973,Accepted
Application_1347627987,Accepted
Application_566799230,Other
Application_781576941,Other
Application_602472844,Other
Application_210946823,Accepted
Application_111044796,Accepted
Application_1052918074,Other
Application_647705656,Other
Application_789175896,Other
Application_978903425,Other
Application_616471829,Other
Application_290999904,Other
Application_1007147744,Other
Application_2017428088,Other
Application_2062658476,Accepted
Application_1922388964,Accepted
Application_2089609536,Other
Application_1990637864,Other
Application_1358950929,Other
Application_2093191148,Other
Application_1472831382,Other
Application_1737769954,Other
Application_1548343111,Other
Application_1555815980,Accepted
Application_1770470976,Other
Application_484731490,Accepted
Application_591482833,Other
Application_376501883,Accepted
Application_1780607998,Other
Application_1120821250,Other
Application_442454869,Other
Application_349243808,Accepted
Application_1557662805,Other
Application_1780931544,Accepted
Application_1810620748,Other
Application_1153534757,Accepted
Application_947085123,Other
Application_791173567,Accepted
Application_79044571,Other
Application_276067961,Other
Application_283322724,Other
Application_784033917,Other
Application_1407560908,Accepted
Application_1940454946,Other
Application_2121515766,Other
Application_2014680207,Other
Application_1298405409,Other
Application_547842527,Other
Application_214347964,Accepted
Application_1217410507,Accepted
Application_1374646252,Other
Application_1158321707,Other
Application_711468190,Other
Application_210736578,Accepted
Application_847181037,Accepted
Application_1098988961,Other
Application_1912606962,Other
Application_2016738357,Other
Application_2054910020,Other
Application_1299789061,Other
Application_1658568516,Other
Application_1013244911,Other
Application_1829809582,Accepted
Application_2067643312,Accepted
Application_1499060089,Other
Application_188876363,Other
Application_160922085,Accepted
Application_1628518449,Other
Application_928253871,Other
Application_1584022467,Accepted
Application_2011802770,Other
Application_1571648146,Other
Application_126130156,Other
Application_315066056,Accepted
Application_877218240,Accepted
Application_1132978569,Other
Application_1759629692,Accepted
Application_1721216966,Other
Application_1819567650,Accepted
Application_838780138,Accepted
Application_1096513757,Other
Application_1223849909,Other
Application_1153607864,Other
Application_294512866,Other
Application_553039059,Other
Application_330503783,Other
Application_22906336,Accepted
Application_1706715151,Other
Application_2068429697,Other
Application_1853315636,Other
Application_588892225,Accepted
Application_273030385,Other
Application_59854998,Other
Application_156241906,Other
Application_514766982,Other
Application_1385712665,Other
Application_1510542341,Other
Application_1205007143,Other
Application_471295480,Accepted
Application_1231483033,Accepted
Application_891640409,Other
Application_1652151741,Accepted
Application_1640050784,Accepted
Application_2065093782,Other
Application_1706692208,Accepted
Application_1938438552,Accepted
Application_1725856541,Other
Application_2134398068,Other
Application_1380517366,Accepted
Application_592767974,Other
Application_918828182,Other
Application_85886017,Accepted
Application_598205518,Accepted
Application_2087753902,Other
Application_1897782424,Other
Application_1313926665,Accepted
Application_1638715645,Accepted
Application_1493092230,Other
Application_296223201,Other
Application_1481836231,Accepted
Application_2004606635,Accepted
Application_1822724802,Accepted
Application_1485962311,Other
Application_1262773552,Other
Application_856400318,Accepted
Application_36392371,Other
Application_405489763,Other
Application_1292127349,Accepted
Application_1161236255,Other
Application_37160543,Other
Application_55504505,Other
Application_1254797658,Other
Application_1032803337,Accepted
Application_405284029,Other
Application_41381929,Accepted
Application_399634253,Other
Application_892709259,Accepted
Application_1428786438,Accepted
Application_1113974453,Other
Application_1479572731,Other
Application_438493215,Other
Application_1386773105,Accepted
Application_1872013443,Other
Application_1690596969,Other
Application_2106097316,Accepted
Application_1141785784,Other
Application_825208146,Other
Application_193473512,Accepted
Application_257049161,Other
Application_1567338907,Other
Application_1965127982,Other
Application_2013858966,Accepted
Application_1518477094,Accepted
Application_398383394,Accepted
Application_580883257,Other
Application_181582451,Other
Application_674959639,Accepted
Application_358894160,Other
Application_1121456773,Other
Application_1956991442,Accepted
Application_1074360756,Other
Application_454712423,Other
Application_96907665,Other
Application_8276473,Other
Application_507190479,Other
Application_120630886,Other
Application_60598727,Accepted
Application_1029432816,Accepted
Application_1740309505,Other
Application_1401886286,Other
Application_909311943,Accepted
Application_685929040,Accepted
Application_1525849944,Other
Application_1574152600,Other
Application_1393455197,Accepted
Application_940804999,Other
Application_1513400995,Accepted
Application_1829297282,Other
Application_2145347941,Other
Application_172154410,Other
Application_1523244375,Other
Application_1688416290,Accepted
Application_1463161446,Other
Application_175707355,Accepted
Application_533701374,Other
Application_352518540,Accepted
Application_1223142280,Other
Application_87955600,Accepted
Application_515080942,Accepted
Application_567996407,Accepted
Application_1104470911,Accepted
Application_1025951958,Other
Application_1352224069,Other
Application_1676484486,Other
Application_1680898043,Accepted
Application_343307958,Accepted
Application_996025636,Other
Application_1456037360,Other
Application_1835885888,Other
Application_2109875459,Other
Application_994658271,Other
Application_1050440539,Other
Application_490219823,Accepted
Application_211976892,Other
Application_907218613,Accepted
Application_1384862328,Accepted
Application_2041293198,Other
Application_413054580,Accepted
Application_1111965526,Accepted
Application_794538372,Other
Application_90301492,Other
Application_279779080,Other
Application_246992730,Other
Application_1752858852,Accepted
Application_2068449583,Accepted
Application_1289016463,Other
Application_761641965,Other
Application_1691926026,Other
Application_1359408382,Accepted
Application_2103564840,Accepted
Application_2112601911,Other
Application_537810808,Accepted
Application_2098293145,Other
Application_1673548463,Accepted
Application_1092818447,Accepted
Application_1707915903,Accepted
Application_1072910305,Accepted
Application_2051781897,Accepted
Application_1598725907,Other
Application_840093800,Other
Application_93311659,Accepted
Application_811940862,Other
Application_1609359203,Other
Application_1301781735,Accepted
Application_666011420,Other
Application_164011283,Accepted
Application_1132732965,Accepted
Application_1265048301,Other
Application_1732064154,Accepted
Application_1613862738,Accepted
Application_1449380867,Other
Application_151551310,Other
Application_324095061,Other
Application_117069880,Other
Application_532118015,Accepted
Application_966450178,Accepted
Application_1383568566,Other
Application_1480268625,Accepted
Application_1271842045,Other
Application_1037424812,Other
Application_924943827,Other
Application_1438497181,Other
Application_508330970,Other
Application_679701882,Accepted
Application_1889016438,Other
Application_1835154157,Other
Application_1316844226,Other
Application_1384917143,Accepted
Application_1581661274,Other
Application_819661704,Other
Application_1275671401,Other
Application_1241563695,Other
Application_1624873179,Other
Application_851537005,Other
Application_459624437,Accepted
Application_601450447,Accepted
Application_590864422,Accepted
Application_480898669,Accepted
Application_1654194996,Other
Application_2105077158,Other
Application_850747761,Other
Application_627566647,Other
Application_248058244,Other
Application_737577489,Other
Application_917348427,Accepted
Application_736148491,Other
Application_1547052394,Accepted
Application_1807991465,Accepted
Application_1824105960,Other
Application_943799577,Accepted
Application_61362612,Other
Application_15194301,Other
Application_1235874514,Other
Application_1883110745,Other
Application_443101799,Other
Application_666149730,Other
Application_236376229,Accepted
Application_416459593,Accepted
Application_1200520255,Other
Application_1202364035,Accepted
Application_1478887879,Other
Application_1862284639,Other
Application_756221319,Other
Application_1042483528,Other
Application_1257391369,Accepted
Application_1917171061,Accepted
Application_2111071225,Other
Application_1698520663,Other
Application_1514007165,Other
Application_37262161,Other
Application_42593435,Other
Application_1949189358,Other
Application_1599386584,Other
Application_1317156249,Other
Application_967935480,Accepted
Application_1620832890,Other
Application_1877313210,Other
Application_3721328,Other
Application_1222923666,Accepted
Application_999090530,Accepted
Application_1265357146,Other
Application_1897098791,Accepted
Application_323094788,Accepted
Application_834969271,Accepted
Application_100433898,Accepted
Application_1829420678,Accepted
Application_1251303639,Other
Application_535468005,Other
Application_176985027,Other
Application_753765096,Other
Application_895310472,Other
Application_1967961775,Other
Application_178771648,Accepted
Application_1569220812,Other
Application_1278368816,Accepted
Application_937148179,Accepted
Application_1879538696,Accepted
Application_1118017926,Accepted
Application_675332373,Other
Application_19569669,Accepted
Application_206474288,Accepted
Application_655725302,Accepted
Application_1224319762,Other
Application_1725719107,Other
Application_2124546896,Accepted
Application_1281312480,Other
Application_940090280,Other
Application_1227190451,Other
Application_510934609,Accepted
Application_2121101614,Accepted
Application_1512003015,Accepted
Application_1735353966,Accepted
Application_938970061,Accepted
Application_46006985,Other
Application_1904021713,Other
Application_400155930,Accepted
Application_614985364,Other
Application_44287829,Accepted
Application_692206871,Accepted
Application_308951247,Accepted
Application_1766274802,Other
Application_1472911131,Other
Application_1044091896,Other
Application_409322916,Other
Application_1104606079,Other
Application_1969899977,Other
Application_1483549846,Other
Application_1356356111,Accepted
Application_1554626521,Accepted
Application_1364846126,Accepted
Application_2017526636,Other
Application_614511406,Other
Application_380265548,Other
Application_1100828328,Other
Application_1450314843,Other
Application_1463074378,Accepted
Application_1812490292,Other
Application_1860084065,Accepted
Application_776273327,Accepted
Application_965913780,Other
Application_18187902,Accepted
Application_232928630,Accepted
Application_2070251704,Other
Application_1596300679,Accepted
Application_1248555841,Other
Application_818717931,Accepted
Application_165847957,Other
Application_1002626536,Other
Application_686716450,Accepted
Application_893657945,Accepted
Application_1967999734,Other
Application_814787648,Other
Application_170185739,Accepted
Application_486168709,Accepted
Application_55827425,Other
Application_485889772,Other
Application_1098105077,Accepted
Application_669559167,Accepted
Application_1784378860,Other
Application_1721241599,Other
Application_2127204510,Other
Application_411831597,Other
Application_1327489527,Other
Application_311200494,Accepted
Application_890902257,Other
Application_1500108893,Accepted
Application_189444029,Accepted
Application_1834413022,Other
Application_309942471,Accepted
Application_69679300,Accepted
Application_1573472930,Other
Application_819172594,Other
Application_1143992630,Accepted
Application_1036066673,Other
Application_821342573,Accepted
Application_1839367200,Other
Application_1656557484,Other
Application_2031591352,Other
Application_630118498,Accepted
Application_573813116,Other
Application_659964690,Other
Application_904313133,Accepted
Application_1547546515,Other
Application_1938295304,Other
Application_1782409843,Other
Application_2142077264,Accepted
Application_1068168103,Accepted
Application_671712409,Other
Application_23284954,Accepted
Application_1518212981,Accepted
Application_1227954317,Other
Application_529367444,Other
Application_102424049,Other
Application_361948733,Other
Application_586870495,Other
Application_1235375803,Other
Application_528138564,Accepted
Application_153522539,Other
Application_502856537,Other
Application_546240296,Accepted
Application_196405104,Other
Application_1636306712,Other
Application_1135076593,Accepted
Application_1581390020,Other
Application_345821273,Other
Application_1566493196,Other
Application_593294637,Accepted
Application_918375426,Accepted
Application_1930514771,Other
Application_1585243864,Other
Application_1934760607,Other
Application_1302157094,Accepted
Application_924845256,Other
Application_2013529267,Accepted
Application_1999464065,Accepted
Application_1526621136,Accepted
Application_1072839460,Accepted
Application_1107550876,Other
Application_410077838,Accepted
Application_195372752,Other
Application_807092068,Other
Application_991693522,Other
Application_810614978,Other
Application_1927252012,Accepted
Application_881556838,Other
Application_1802428148,Accepted
Application_1924686443,Other
Application_1734649439,Accepted
Application_1944125148,Other
Application_488699778,Accepted
Application_1268992449,Other
Application_24137759,Other
Application_1250231420,Other
Application_1800148298,Other
Application_1636497905,Other
Application_903589746,Accepted
Application_119587961,Other
Application_592252714,Accepted
Application_883249953,Other
Application_954843630,Accepted
Application_868487000,Other
Application_544275203,Other
Application_357376397,Other
Application_1240688203,Other
Application_1230549881,Other
Application_537293333,Other
Application_775541466,Other
Application_1109029387,Other
Application_1857990221,Accepted
Application_1893798342,Other
Application_2038649709,Accepted
Application_1058243931,Other
Application_1281411150,Other
Application_861218490,Accepted
Application_338533270,Other
Application_360688817,Accepted
Application_1538503912,Other
Application_1609284729,Accepted
Application_399907329,Accepted
Application_556418503,Other
Application_535702484,Accepted
Application_197318439,Accepted
Application_2120377715,Other
Application_1950882001,Other
Application_1267540905,Other
Application_2041776868,Accepted
Application_609612226,Accepted
Application_1596747050,Other
Application_968952074,Other
Application_387239311,Other
Application_552064290,Other
Application_966986386,Other
Application_2040475559,Other
Application_1487597846,Accepted
Application_1163167598,Accepted
Application_378902542,Accepted
Application_335542011,Other
Application_1266688714,Other
Application_335778555,Other
Application_1726161229,Accepted
Application_1128002102,Accepted
Application_1629521011,Accepted
Application_53382655,Other
Application_88946052,Accepted
Application_2035231483,Other
Application_329000791,Other
Application_563582279,Other
Application_382572595,Accepted
Application_201647832,Accepted
Application_742367986,Accepted
Application_1106473363,Accepted
Application_2114030312,Accepted
Application_382045508,Accepted
Application_605022772,Accepted
Application_1141523957,Other
Application_418871870,Accepted
Application_2088440117,Accepted
Application_879411708,Accepted
Application_790844663,Accepted
Application_264880527,Other
Application_977664146,Accepted
Application_661815157,Other
Application_77082032,Accepted
Application_1555577038,Other
Application_722149860,Accepted
Application_1842610353,Other
Application_1048729110,Other
Application_1364723237,Other
Application_1824254485,Other
Application_1107872385,Accepted
Application_207073563,Other
Application_406902182,Other
Application_1462145417,Other
Application_2043981656,Other
Application_2061560568,Accepted
Application_1113584867,Other
Application_164872976,Accepted
Application_1015673643,Other
Application_2049877276,Other
Application_613278916,Other
Application_751982610,Accepted
Application_800457532,Accepted
Application_168840002,Other
Application_1249216138,Other
Application_1325688900,Accepted
Application_615780650,Other
Application_174341793,Accepted
Application_16002591,Other
Application_1698365784,Other
Application_1066604802,Other
Application_1157607495,Accepted
Application_1500750143,Other
Application_1858779625,Other
Application_552725985,Accepted
Application_644233326,Other
Application_1004752022,Other
Application_356286382,Accepted
Application_1482944313,Other
Application_1502413252,Other
Application_1728762018,Accepted
Application_2044627196,Other
Application_1619173621,Other
Application_401328325,Accepted
Application_1542929022,Accepted
Application_1972435020,Accepted
Application_1930272371,Other
Application_1420717238,Other
Application_1231161788,Accepted
Application_1931797067,Other
Application_76690796,Other
Application_279664800,Accepted
Application_469351693,Other
Application_2100081105,Other
Application_741674210,Accepted
Application_176231228,Other
Application_850857917,Accepted
Application_151530909,Accepted
Application_377570295,Accepted
Application_1674820360,Accepted
Application_171671657,Accepted
Application_2011509521,Other
Application_1632274116,Accepted
Application_667987943,Other
Application_629872268,Other
Application_1712296216,Accepted
Application_1388020348,Other
Application_1901663183,Other
Application_1748522787,Other
Application_1750118793,Accepted
Application_28400715,Other
Application_243188363,Other
Application_2101053073,Other
Application_744566612,Accepted
Application_900474462,Other
Application_1377652053,Other
Application_27014288,Accepted
Application_1001858108,Accepted
Application_1691041823,Other
Application_208951843,Other
Application_490151373,Accepted
Application_1341803243,Other
Application_535348974,Accepted
Application_294792655,Other
Application_1499923308,Accepted
Application_1686851677,Accepted
Application_1463630637,Accepted
Application_1792803646,Accepted
Application_1593413384,Other
Application_1871693504,Other
Application_392956867,Accepted
Application_315886767,Other
Application_682429766,Other
Application_1605167956,Accepted
Application_1400357497,Accepted
Application_1802527312,Accepted
Application_1540523838,Other
Application_399461965,Other
Application_1428865345,Accepted
Application_1753332657,Other
Application_1397838970,Other
Application_1051009052,Other
Application_1411484577,Other
Application_459477804,Other
Application_352244155,Accepted
Application_718418772,Accepted
Application_1085782057,Accepted
Application_1274955283,Accepted
Application_137918462,Accepted
Application_1060612423,Other
Application_870952735,Other
Application_509681078,Accepted
Application_1096201518,Accepted
Application_1378761613,Accepted
Application_1741002531,Accepted
Application_1717260520,Other
Application_1906828923,Accepted
Application_1165106560,Other
Application_368734251,Other
Application_1453826354,Accepted
Application_1554105347,Accepted
Application_1950077974,Other
Application_1778043105,Other
Application_34001621,Other
Application_224344568,Other
Application_1307383511,Other
Application_38800744,Other
Application_1017028247,Accepted
Application_1135819958,Other
Application_197013867,Other
Application_1064970021,Accepted
Application_1414469472,Other
Application_639957545,Other
Application_339614119,Accepted
Application_992420778,Other
Application_1881446334,Other
Application_1422104275,Accepted
Application_1984187262,Other
Application_1788544153,Other
Application_1936010937,Other
Application_634089348,Other
Application_85352614,Other
Application_1420263422,Other
Application_710877078,Accepted
Application_906615431,Other
Application_712800685,Accepted
Application_121822075,Other
Application_989938981,Other
Application_2116887441,Accepted
Application_1819890346,Accepted
Application_1175487283,Accepted
Application_745306298,Other
Application_477836862,Other
Application_119965779,Other
Application_1687420306,Other
Application_2045572038,Accepted
Application_1060151944,Other
Application_537804429,Other
Application_1104589935,Other
Application_1174205730,Other
Application_1490171715,Other
Application_195659775,Other
Application_1076597906,Other
Application_1894080282,Other
Application_182297894,Other
Application_1089268,Other
Application_822332970,Other
Application_725043072,Other
Application_818146137,Other
Application_1133909706,Other
Application_1433088302,Other
Application_975264140,Other
Application_465671025,Accepted
Application_1680564959,Accepted
Application_539317775,Accepted
Application_786613787,Other
Application_250438332,Other
Application_287741498,Accepted
Application_890172089,Accepted
Application_185981374,Other
Application_798105385,Other
Application_1469748031,Other
Application_798278447,Other
Application_1753186157,Accepted
Application_1825661646,Other
Application_1467348009,Other
Application_1783804141,Other
Application_762533799,Other
Application_404505015,Other
Application_1301647278,Other
Application_446548245,Other
Application_1674171863,Accepted
Application_1961706576,Accepted
Application_1571105295,Other
Application_1641646553,Other
Application_1460362786,Other
Application_184820054,Other
Application_747125505,Accepted
Application_1614324377,Other
Application_1964627306,Accepted
Application_825528388,Other
Application_229774778,Accepted
Application_220623625,Accepted
Application_1304398601,Other
Application_988527938,Accepted
Application_1051928014,Other
Application_1903410501,Accepted
Application_2033659843,Other
Application_1011891800,Other
Application_424390264,Other
Application_62144226,Accepted
Application_1453685616,Other
Application_514312646,Other
Application_114507926,Other
Application_243783154,Other
Application_209126981,Accepted
Application_1944286144,Accepted
Application_368908906,Other
Application_1277046112,Other
Application_2031600035,Accepted
Application_519991665,Accepted
Application_304688588,Other
Application_936446654,Accepted
Application_1296103550,Other
Application_1477176328,Other
Application_833767759,Accepted
Application_1554154006,Accepted
Application_1914256058,Other
Application_1879532332,Other
Application_835061017,Other
Application_480749845,Accepted
Application_928417280,Other
Application_2060445354,Accepted
Application_2020506085,Other
Application_834087694,Other
Application_655070165,Other
Application_1371172091,Other
Application_516901173,Other
Application_301900951,Accepted
Application_1376063026,Accepted
Application_685193659,Other
Application_369177730,Accepted
Application_1873172053,Other
Application_1624448035,Accepted
Application_1489197399,Other
Application_1331678650,Accepted
Application_257004713,Other
Application_798120040,Accepted
Application_953256994,Other
Application_1264794338,Accepted
Application_96864324,Accepted
Application_412380803,Accepted
Application_794561004,Other
Application_1295607438,Other
Application_345022329,Other
Application_54298626,Other
Application_866528862,Other
Application_1089971337,Other
Application_1952090116,Other
Application_1642650691,Accepted
Application_705838479,Accepted
Application_524749093,Accepted
Application_353955553,Other
Application_400564103,Accepted
Application_1436725359,Accepted
Application_1872163738,Accepted
Application_2132100576,Accepted
Application_2122927060,Accepted
Application_1405740233,Accepted
Application_186200182,Other
Application_1609953137,Other
Application_1268155620,Other
Application_1729395534,Other
Application_2046266647,Accepted
Application_1320832502,Other
Application_727958068,Accepted
Application_2094397461,Accepted
Application_1837996624,Other
Application_1167663086,Other
Application_588307494,Other
Application_1358901285,Other
Application_1540147673,Other
Application_381535196,Other
Application_1906392947,Accepted
Application_1444397115,Other
Application_1404332051,Accepted
Application_834881061,Accepted
Application_1264622531,Accepted
Application_683955365,Accepted
Application_333630267,Other
Application_282789165,Accepted
Application_1079314583,Other
Application_383512756,Other
Application_2132979342,Accepted
Application_731865627,Accepted
Application_1056167592,Accepted
Application_605517340,Other
Application_216175162,Other
Application_28986580,Accepted
Application_1381051165,Other
Application_768897257,Other
Application_444439696,Other
Application_1165219113,Accepted
Application_1946405715,Accepted
Application_1685076306,Other
Application_2073557198,Other
Application_1134053563,Other
Application_1526018389,Other
Application_1202012314,Other
Application_1054793147,Other
Application_604287906,Other
Application_254548341,Accepted
Application_2035073842,Other
Application_1103913514,Other
Application_108795242,Accepted
Application_552493017,Other
Application_326475446,Other
Application_524403711,Other
Application_1544226520,Accepted
Application_1680196896,Other
Application_1499003730,Accepted
Application_651190421,Other
Application_559690846,Other
Application_201504614,Other
Application_1894934924,Other
Application_2067642488,Other
Application_1532284975,Accepted
Application_1316943814,Other
Application_1001866944,Accepted
Application_1353474114,Accepted
Application_1109024067,Accepted
Application_81356623,Other
Application_119232807,Accepted
Application_2008818644,Other
Application_1120068093,Other
Application_2100403086,Accepted
Application_1776199761,Accepted
Application_1581849799,Accepted
Application_741349057,Other
Application_1496173908,Other
Application_744544314,Other
Application_670720408,Other
Application_205059651,Accepted
Application_828403356,Other
Application_532118680,Other
Application_85984770,Accepted
Application_1461338549,Other
Application_1748322188,Other
Application_120596088,Accepted
Application_436471925,Other
Application_1319720496,Other
Application_2107684964,Accepted
Application_1932257816,Other
Application_1144879883,Other
Application_607734977,Other
Application_448030736,Other
Application_304480398,Accepted
Application_1503376977,Accepted
Application_1112119066,Other
Application_1470400124,Accepted
Application_258924138,Accepted
Application_638761667,Accepted
Application_823215688,Accepted
Application_1037160374,Other
Application_1965758198,Accepted
Application_1899814861,Other
Application_601463919,Other
Application_828334298,Accepted
Application_1041561101,Accepted
Application_481350942,Other
Application_1747105194,Other
Application_1321757094,Other
Application_1931680252,Accepted
Application_1323695134,Other
Application_1972522268,Accepted
Application_2117206280,Accepted
Application_1094983427,Other
Application_1284341104,Other
Application_299935405,Other
Application_674842314,Accepted
Application_999487618,Accepted
Application_1174707204,Accepted
Application_1721593599,Other
Application_342458168,Accepted
Application_161715194,Other
Application_990946726,Other
Application_740373456,Other
Application_1055889043,Accepted
Application_2004065293,Other
Application_1187464160,Other
Application_1410516342,Other
Application_1064855496,Other
Application_277031060,Accepted
Application_96227409,Other
Application_333637605,Other
Application_986440732,Other
Application_516075206,Other
Application_1463906557,Accepted
Application_1105595069,Other
Application_2127576522,Other
Application_379434087,Other
Application_1101206136,Other
Application_541758555,Other
Application_1237030546,Other
Application_670059958,Accepted
Application_893360031,Accepted
Application_1659795567,Accepted
Application_286582496,Accepted
Application_1103658643,Accepted
Application_787636378,Other
Application_1751006414,Accepted
Application_1965524505,Accepted
Application_1609045364,Accepted
Application_2071342203,Other
Application_1861068199,Other
Application_997438094,Other
Application_1359603113,Other
Application_1170023988,Other
Application_628923868,Accepted
Application_1509358938,Other
Application_1712011594,Other
Application_1893382689,Accepted
Application_888146842,Accepted
Application_1173152851,Other
Application_398296405,Accepted
Application_177756951,Other
Application_230995409,Other
Application_454527041,Other
Application_1259972880,Other
Application_1895378728,Other
Application_1906590066,Other
Application_695027851,Accepted
Application_480266176,Accepted
Application_1107931407,Accepted
Application_643290432,Accepted
Application_1088797069,Other
Application_248861723,Accepted
Application_7913422,Accepted
Application_642781969,Other
Application_10744396,Accepted
Application_200068425,Accepted
Application_249543757,Other
Application_599117793,Accepted
Application_1140460820,Other
Application_1178880012,Accepted
Application_486875698,Other
Application_196107831,Accepted
Application_114556539,Other
Application_1190785063,Other
Application_2050552876,Other
Application_1075690226,Accepted
Application_259698722,Accepted
Application_100239804,Accepted
Application_372952774,Other
Application_1072250762,Accepted
Application_1887815302,Accepted
Application_1992973803,Other
Application_578934131,Accepted
Application_1080959219,Other
Application_503767468,Accepted
Application_684484812,Other
Application_2009709443,Accepted
Application_1873831667,Accepted
Application_1397369217,Other
Application_1973686010,Other
Application_1719397786,Accepted
Application_116384693,Accepted
Application_1123010275,Other
Application_1068244303,Accepted
Application_791607258,Accepted
Application_378914720,Other
Application_728468718,Other
Application_694958009,Other
Application_63511809,Other
Application_151353076,Other
Application_318678125,Other
Application_669990222,Accepted
Application_115147114,Other
Application_1094073787,Accepted
Application_1574492793,Other
Application_785738697,Accepted
Application_1752330786,Other
Application_2136075162,Other
Application_1946494915,Other
Application_1648945667,Accepted
Application_861062246,Accepted
Application_1987134156,Other
Application_776192026,Accepted
Application_622218475,Accepted
Application_1044113606,Accepted
Application_1368555089,Other
Application_2118483678,Accepted
Application_896328675,Other
Application_41053549,Other
Application_662003793,Accepted
Application_303387655,Accepted
Application_1685700035,Other
Application_1075876737,Accepted
Application_1726039495,Other
Application_84981156,Accepted
Application_1847622135,Other
Application_460687454,Accepted
Application_786783632,Accepted
Application_1220762865,Other
Application_88848007,Accepted
Application_479856560,Other
Application_903361547,Other
Application_1124811295,Other
Application_656959807,Accepted
Application_42008506,Accepted
Application_400174557,Other
Application_1436493006,Other
Application_1485554314,Other
Application_1361101494,Accepted
Application_1163091843,Other
Application_981860735,Accepted
Application_2013414688,Other
Application_1631366963,Other
Application_1650863750,Accepted
Application_2020341174,Other
Application_1845224449,Accepted
Application_1200561954,Other
Application_1416054615,Accepted
Application_1373840063,Other
Application_728760457,Accepted
Application_988724193,Other
Application_390596750,Accepted
Application_765582616,Other
Application_32330697,Accepted
Application_752772249,Other
Application_849546292,Accepted
Application_1133031472,Accepted
Application_2050464169,Other
Application_1547107498,Other
Application_624173733,Accepted
Application_968478182,Accepted
Application_2095339995,Other
Application_1733774163,Accepted
Application_1076046397,Other
Application_1522012515,Accepted
Application_1164741236,Other
Application_518046087,Accepted
Application_1868605879,Accepted
Application_2059001141,Other
Application_1743581078,Accepted
Application_219002997,Other
Application_714929749,Accepted
Application_89942016,Accepted
Application_1233589617,Other
Application_1334427669,Other
Application_89611615,Accepted
Application_1489025887,Other
Application_1017578132,Accepted
Application_575789459,Other
Application_1884111337,Accepted
Application_1918028048,Other
Application_1595126280,Other
Application_1879509147,Accepted
Application_978932694,Other
Application_1017105040,Other
Application_1436577209,Accepted
Application_1884930679,Other
Application_1919095094,Other
Application_653419987,Accepted
Application_1334132653,Other
Application_217776112,Other
Application_418370443,Other
Application_132043853,Other
Application_247218780,Other
Application_1148512690,Other
Application_1040470785,Other
Application_1364969454,Other
Application_1691148686,Accepted
Application_2015493284,Other
Application_1017548876,Other
Application_940805536,Other
Application_2010799641,Accepted
Application_1223409818,Other
Application_1209609930,Accepted
Application_1862860881,Other
Application_1230970456,Other
Application_1215456100,Other
Application_1234369259,Accepted
Application_1558720038,Other
Application_151869027,Other
Application_466995162,Other
Application_682379169,Other
Application_929743536,Other
Application_605485962,Accepted
Application_1967909286,Other
Application_1336110675,Accepted
Application_793191335,Other
Application_603568134,Accepted
Application_476432103,Accepted
Application_1346377514,Other
Application_1562004107,Accepted
Application_1658017534,Accepted
Application_207114246,Other
Application_1052488188,Accepted
Application_1383370916,Other
Application_1959700739,Other
Application_1712536446,Other
Application_1748525406,Accepted
Application_1302079040,Accepted
Application_818818485,Other
Application_31620715,Other
Application_685223154,Other
Application_749407121,Other
Application_17297122,Accepted
Application_240480311,Other
Application_1088659857,Accepted
Application_479128916,Other
Application_862579523,Accepted
Application_1058523855,Accepted
Application_327869700,Accepted
Application_1517932106,Accepted
Application_2017926774,Accepted
Application_2131837815,Accepted
Application_1908671300,Other
Application_1769646803,Accepted
Application_1546579068,Accepted
Application_427281832,Accepted
Application_625941843,Accepted
Application_204736971,Other
Application_1284720760,Other
Application_1569687495,Other
Application_416762983,Accepted
Application_863165198,Accepted
Application_738421934,Accepted
Application_860792467,Other
Application_659573040,Other
Application_871295989,Other
Application_681209641,Other
Application_657207068,Other
Application_1282123742,Accepted
Application_513506293,Accepted
Application_859848689,Other
Application_1935398045,Accepted
Application_1858400132,Accepted
Application_1949321751,Other
Application_1895493554,Accepted
Application_2076046642,Accepted
Application_1463972237,Other
Application_1637453084,Other
Application_748698261,Other
Application_1276311776,Other
Application_1638603830,Other
Application_71201942,Other
Application_1989201095,Accepted
Application_1288476240,Other
Application_1574312656,Other
Application_1289120302,Other
Application_1512468457,Accepted
Application_359647418,Other
Application_430928640,Other
Application_289271522,Other
Application_575605139,Accepted
Application_394778745,Other
Application_73070361,Other
Application_254140097,Accepted
Application_1722688700,Other
Application_1398191679,Other
Application_139338483,Other
Application_328986513,Accepted
Application_323652266,Other
Application_1213876016,Other
Application_1269024343,Accepted
Application_514963651,Accepted
Application_639558773,Accepted
Application_1237067600,Other
Application_1013997167,Other
Application_282145560,Other
Application_576399248,Accepted
Application_2125738701,Other
Application_1594111365,Other
Application_1140627285,Accepted
Application_363543132,Other
Application_1979568337,Other
Application_189663654,Accepted
Application_12466026,Other
Application_549928978,Other
Application_192007252,Other
Application_165927441,Accepted
Application_1632924257,Accepted
Application_1409027652,Other
Application_916621514,Other
Application_169221378,Other
Application_192484152,Accepted
Application_689986307,Other
Application_1776194345,Other
Application_693677145,Other
Application_368615757,Other
Application_1269488724,Accepted
Application_1780440993,Other
Application_1885719658,Other
Application_1239468939,Accepted
Application_821603347,Accepted
Application_245918757,Accepted
Application_883909682,Other
Application_632850152,Other
Application_856082345,Other
Application_226728881,Other
Application_1235563609,Accepted
Application_1551653862,Accepted
Application_883168549,Accepted
Application_659706171,Other
Application_1742304085,Accepted
Application_1832124960,Other
Application_1920728966,Accepted
Application_1219016966,Accepted
Application_94138888,Accepted
Application_1588507950,Accepted
Application_1365322822,Other
Application_602726641,Accepted
Application_1759034501,Other
Application_1847144238,Accepted
Application_2089789032,Accepted
Application_2053368847,Accepted
Application_596689115,Other
Application_2042672074,Accepted
Application_1726660043,Other
Application_1468710626,Other
Application_464795990,Accepted
Application_1278957199,Other
Application_1502074864,Other
Application_296709253,Other
Application_966040717,Other
Application_1787917053,Accepted
Application_110545677,Other
Application_1802626941,Other
Application_1484449962,Other
Application_1105999061,Accepted
Application_1046656489,Other
Application_1475732478,Other
Application_774833086,Other
Application_108884184,Accepted
Application_724249522,Other
Application_1348555436,Other
Application_76447144,Accepted
Application_352892926,Other
Application_816226672,Accepted
Application_2036273868,Other
Application_2047897708,Accepted
Application_666102668,Other
Application_1748806969,Accepted
Application_1246655594,Other
Application_1847299616,Accepted
Application_1497859391,Other
Application_35950487,Other
Application_622002299,Other
Application_179625523,Accepted
Application_2012273095,Accepted
Application_757500338,Other
Application_1163719541,Accepted
Application_1335505547,Accepted
Application_80774857,Accepted
Application_442799052,Other
Application_265258042,Other
Application_1516558369,Other
Application_1339452313,Other
Application_1496630650,Other
Application_1273372917,Other
Application_1393191614,Accepted
Application_668942386,Other
Application_755828719,Other
Application_1269840349,Other
Application_1615126132,Accepted
Application_1826765816,Other
Application_2108840438,Accepted
Application_1066900597,Other
Application_742461102,Other
Application_30900295,Accepted
Application_1537300058,Other
Application_1069591379,Other
Application_454651352,Accepted
Application_898775036,Accepted
Application_67412078,Other
Application_248663819,Other
Application_446685304,Other
Application_1197880442,Other
Application_536519866,Other
Application_233920391,Accepted
Application_392732686,Other
Application_251017299,Other
Application_1324853522,Other
Application_1898346910,Accepted
Application_118530696,Accepted
Application_1909816908,Accepted
Application_1892496318,Accepted
Application_1330111637,Accepted
Application_2045844721,Accepted
Application_1327880091,Accepted
Application_570864752,Accepted
Application_1463890637,Accepted
Application_1197315890,Other
Application_839059484,Other
Application_619297703,Other
Application_396344900,Accepted
Application_1291048951,Accepted
Application_1186039715,Accepted
Application_1472696186,Accepted
Application_1249249307,Accepted
Application_199159396,Other
Application_1687564315,Accepted
Application_2045613534,Other
Application_1891037414,Accepted
Application_470246220,Accepted
Application_1515064385,Other
Application_1895860682,Accepted
Application_1660718701,Accepted
Application_2115235106,Other
Application_1159531449,Other
Application_432952688,Accepted
Application_2104824738,Accepted
Application_791095088,Other
Application_1198981104,Other
Application_596460742,Other
Application_819701415,Accepted
Application_1765381475,Other
Application_834229371,Other
Application_331943537,Accepted
Application_17416347,Other
Application_212828596,Accepted
Application_24262449,Accepted
Application_1052472769,Accepted
Application_1376417984,Other
Application_1314856511,Accepted
Application_1761565261,Other
Application_1992633988,Other
Application_1585386179,Accepted
Application_832298180,Accepted
Application_1390090629,Other
Application_2085692123,Other
Application_396328991,Accepted
Application_1049029610,Other
Application_316306867,Other
Application_2036467555,Other
Application_148897910,Accepted
Application_318306614,Other
Application_1775934155,Other
Application_1903003307,Other
Application_1112341019,Other
Application_1470253605,Accepted
Application_2101184520,Other
Application_1471061836,Accepted
Application_1829078276,Accepted
Application_540142110,Accepted
Application_67524882,Other
Application_1111109233,Other
Application_768333251,Other
Application_1631913542,Other
Application_1188583215,Accepted
Application_52302394,Accepted
Application_376847764,Other
Application_594800690,Other
Application_1677525801,Other
Application_320852784,Other
Application_129510068,Other
Application_201219153,Accepted
Application_1353821060,Accepted
Application_1273537767,Other
Application_2069622628,Other
Application_1844943444,Other
Application_1786111798,Other
Application_1394691776,Accepted
Application_1082692565,Other
Application_325627553,Other
Application_1968521535,Accepted
Application_1477671193,Accepted
Application_2126672400,Other
Application_1754137741,Other
Application_93978123,Accepted
Application_2040360182,Accepted
Application_165933824,Other
Application_797676186,Other
Application_201608764,Other
Application_122255389,Other
Application_1287195311,Other
Application_2085304191,Accepted
Application_1139121680,Accepted
Application_1854482075,Accepted
Application_1097183316,Other
Application_1031708893,Other
Application_2101114607,Other
Application_1387333584,Other
Application_1133480312,Accepted
Application_775309158,Accepted
Application_433205372,Accepted
Application_1214212874,Other
Application_1048872077,Other
Application_699327024,Accepted
Application_130761111,Accepted
Application_517850949,Other
Application_379504129,Other
Application_701210560,Other
Application_2132530543,Other
Application_704173434,Other
Application_437326171,Other
Application_121688281,Accepted
Application_514742953,Accepted
Application_763197226,Other
Application_1460061930,Other
Application_1733768258,Accepted
Application_2091798360,Other
Application_1943497450,Other
Application_1386986736,Other
Application_301307706,Accepted
Application_945895230,Other
Application_1731458298,Other
Application_1863738487,Other
Application_692987194,Accepted
Application_789885577,Other
Application_1723223190,Accepted
Application_1938110978,Accepted
Application_765017487,Other
Application_1334031128,Other
Application_1144367673,Accepted
Application_870067958,Accepted
Application_554175753,Accepted
Application_957582239,Accepted
Application_1340929542,Other
Application_222815188,Other
Application_419508950,Accepted
Application_1020826018,Other
Application_955393908,Other
Application_445576375,Other
Application_163036129,Other
Application_1478847316,Other
Application_779868535,Other
Application_846444951,Other
Application_197705635,Other
Application_378791403,Other
Application_625364710,Accepted
Application_1004817800,Other
Application_623074670,Other
Application_1317761457,Other
Application_1001854554,Other
Application_1697411932,Accepted
Application_1767758317,Accepted
Application_2076554332,Accepted
Application_293805107,Accepted
Application_1291812084,Other
Application_1447758920,Other
Application_1700511835,Accepted
Application_1857372237,Accepted
Application_376101267,Other
Application_1257250417,Other
Application_941235036,Other
Application_1366797715,Accepted
Application_1982074482,Accepted
Application_1602918140,Other
Application_1925308985,Accepted
Application_493378651,Other
Application_1932955716,Other
Application_1574985137,Other
Application_2089083803,Other
Application_723970393,Other
Application_531651101,Accepted
Application_502223690,Accepted
Application_1234521135,Other
Application_940672229,Accepted
Application_1589800058,Other
Application_467958893,Other
Application_283197712,Other
Application_38051402,Other
Application_936164937,Other
Application_1608955984,Other
Application_1652642622,Accepted
Application_1268135902,Accepted
Application_1378703224,Other
Application_42882475,Other
Application_135572216,Accepted
Application_79530579,Other
Application_513242596,Accepted
Application_728147762,Other
Application_860326740,Accepted
Application_724675883,Accepted
Application_581464082,Accepted
Application_488063987,Accepted
Application_2139299948,Other
Application_1459650735,Other
Application_1792419203,Accepted
Application_1579838351,Other
Application_48378078,Accepted
Application_267552072,Accepted
Application_1465279640,Other
Application_1429983350,Other
Application_2145184299,Other
Application_1129813517,Accepted
Application_1202186730,Other
Application_183205870,Accepted
Application_164710414,Other
Application_747538337,Other
Application_498927525,Accepted
Application_502634987,Accepted
Application_1434317361,Accepted
Application_890786605,Other
Application_1462753483,Other
Application_2044127692,Accepted
Application_1391166438,Other
Application_1838182698,Other
Application_1165595037,Other
Application_1466181991,Accepted
Application_398699160,Other
Application_1103943576,Other
Application_1611473438,Other
Application_2051551258,Other
Application_1953648387,Other
Application_952230284,Other
Application_2016098013,Other
Application_1078140856,Accepted
Application_311889726,Accepted
Application_536560234,Accepted
Application_342422790,Other
Application_1997359367,Accepted
Application_1850895978,Other
Application_2040592119,Other
Application_1041373076,Accepted
Application_750667463,Other
Application_899962817,Accepted
Application_114118006,Other
Application_31681283,Accepted
Application_477589807,Other
Application_344093777,Other
Application_18292630,Other
Application_1848540504,Accepted
Application_1391286962,Accepted
Application_691956166,Accepted
Application_906947009,Other
Application_156785821,Other
Application_192954463,Other
Application_1990430478,Accepted
Application_169388172,Other
Application_742900885,Other
Application_315339851,Accepted
Application_1243262572,Other
Application_1670722958,Other
Application_1454051089,Accepted
Application_1987948537,Other
Application_1669003717,Accepted
Application_1793652948,Other
Application_1604007401,Other
Application_1229329574,Other
Application_162186579,Accepted
Application_1670001855,Accepted
Application_1792537332,Other
Application_2123005105,Other
Application_1982391656,Other
Application_1968028154,Other
Application_1606677659,Other
Application_684151184,Other
Application_1252849665,Other
Application_1401670101,Other
Application_702025577,Other
Application_1051823047,Accepted
Application_1818763604,Other
Application_1776954023,Accepted
Application_1034882659,Other
Application_708803408,Other
Application_1089786433,Other
Application_165314066,Other
Application_1348885388,Accepted
Application_1673275184,Accepted
Application_860647055,Accepted
Application_1093539525,Accepted
Application_1341977225,Other
Application_1523180723,Accepted
Application_1448406365,Accepted
Application_1090494093,Other
Application_412469024,Other
Application_588974536,Other
Application_1235452194,Accepted
Application_804440029,Other
Application_370462966,Accepted
Application_54222699,Accepted
Application_691577864,Accepted
Application_260763961,Other
Application_1396767238,Accepted
Application_583595029,Other
Application_908080813,Other
Application_276983363,Accepted
Application_421123534,Accepted
Application_770746649,Accepted
Application_54912177,Other
Application_1047503332,Other
Application_857963863,Other
Application_1220926209,Other
Application_1848656425,Other
Application_2121853033,Accepted
Application_446638965,Other
Application_768133720,Accepted
Application_628812952,Other
Application_311809965,Accepted
Application_627866500,Accepted
Application_1011007304,Accepted
Application_1327029049,Accepted
Application_1450602472,Other
Application_1362016551,Accepted
Application_2095302847,Accepted
Application_1769746148,Other
Application_415612242,Other
Application_515525098,Accepted
Application_1813457526,Accepted
Application_1463894255,Other
Application_1889143047,Accepted
Application_1516451949,Other
Application_1950355058,Other
Application_1882149827,Other
Application_1970637517,Other
Application_1431961130,Other
Application_263987552,Other
Application_1396903396,Accepted
Application_638063372,Other
Application_448566806,Accepted
Application_1890348834,Accepted
Application_295469559,Other
Application_476669244,Accepted
Application_1011752493,Other
Application_1193108149,Accepted
Application_512143990,Accepted
Application_10985218,Other
Application_212416636,Other
Application_1545822476,Other
Application_865163975,Accepted
Application_2110373693,Other
Application_1181352932,Accepted
Application_571349771,Other
Application_1606801839,Accepted
Application_323834896,Other
Application_1830266455,Accepted
Application_380005410,Accepted
Application_946448170,Accepted
Application_1578564148,Other
Application_1632068742,Other
Application_1897182857,Other
Application_418293974,Other
Application_330063928,Other
Application_655578777,Other
Application_1325128339,Other
Application_1101767212,Other
Application_1767214179,Accepted
Application_1747365230,Accepted
Application_1831903360,Other
Application_2104928520,Accepted
Application_1250249721,Other
Application_1473444748,Other
Application_2037184992,Other
Application_1182809003,Other
Application_1876413877,Other
Application_511892202,Other
Application_1971720427,Accepted
Application_1463444664,Other
Application_1366815086,Other
Application_1554699906,Other
Application_918691873,Accepted
Application_1365141583,Other
Application_175654750,Accepted
Application_326292262,Accepted
Application_1768376088,Other
Application_1190669233,Accepted
Application_1144404640,Accepted
Application_1632351206,Other
Application_1897903037,Other
Application_602588986,Other
Application_108955082,Other
Application_249195025,Other
Application_70148612,Accepted
Application_650133925,Other
Application_1320037210,Other
Application_1226970446,Other
Application_1677642158,Other
Application_1766362722,Accepted
Application_132943325,Other
Application_509114641,Other
Application_313929011,Other
Application_1593164638,Other
Application_921755768,Other
Application_1995780082,Other
Application_1836306254,Other
Application_1006019928,Accepted
Application_388300809,Accepted
Application_41644567,Accepted
Application_1041331103,Other
Application_573632045,Other
Application_1817060785,Other
Application_1474342117,Other
Application_535652479,Accepted
Application_28837634,Accepted
Application_312298657,Other
Application_717602014,Other
Application_1657226114,Other
Application_1097199430,Accepted
Application_2118276750,Other
Application_1101782393,Other
Application_1401968034,Other
Application_1990663544,Other
Application_371760584,Other
Application_1412762838,Other
Application_817804326,Other
Application_46821340,Other
Application_1773623165,Accepted
Application_2123753772,Other
Application_572940418,Other
Application_3734556,Other
Application_1004573204,Other
Application_68069959,Other
Application_720973336,Other
Application_2146875573,Other
Application_932083099,Accepted
Application_68371585,Other
Application_365271199,Other
Application_511847282,Other
Application_2135984446,Accepted
Application_322435054,Other
Application_1211152120,Other
Application_137496053,Accepted
Application_945320792,Accepted
Application_325914570,Accepted
Application_1254506843,Accepted
Application_1441265030,Other
Application_1433822964,Other
Application_1082382924,Accepted
Application_895133487,Other
Application_562494659,Accepted
Application_1215293683,Other
Application_724450804,Other
Application_1913156155,Other
Application_1438469301,Accepted
Application_2136362552,Other
Application_932773012,Other
Application_1389251993,Other
Application_708961211,Other
Application_365520945,Other
Application_293636946,Other
Application_540335769,Other
Application_1381211592,Accepted
Application_2105844282,Accepted
Application_577440815,Other
Application_1232675650,Other
Application_137308830,Accepted
Application_77596883,Accepted
Application_638406911,Other
Application_33741688,Accepted
Application_361779811,Accepted
Application_2010921173,Accepted
Application_2053742759,Other
Application_725980834,Accepted
Application_409817673,Other
Application_347971146,Other
Application_1619405802,Accepted
Application_140293758,Accepted
Application_860729268,Accepted
Application_1163352152,Accepted
Application_1609962521,Accepted
Application_1124552532,Accepted
Application_1979878718,Accepted
Application_1347543773,Other
Application_1126753818,Accepted
Application_536370272,Other
Application_1349767449,Other
Application_1735954744,Accepted
Application_1289320651,Accepted
Application_1160628757,Other
Application_714048937,Accepted
Application_221002088,Accepted
Application_519098687,Other
Application_574451800,Accepted
Application_140097264,Other
Application_74867820,Other
Application_506735875,Accepted
Application_1158107162,Accepted
Application_834373531,Other
Application_1522033603,Accepted
Application_1701335858,Accepted
Application_1882408870,Other
Application_1519740042,Other
Application_744234304,Accepted
Application_521099293,Accepted
Application_112753720,Other
Application_1723979616,Other
Application_1210438588,Other
Application_1854809720,Other
Application_1306084558,Other
Application_509929372,Accepted
Application_6748555,Other
Application_223448092,Accepted
Application_1701822296,Accepted
Application_1352291197,Other
Application_2040518787,Other
Application_108869739,Other
Application_1297566347,Other
Application_649116957,Other
Application_1667006798,Other
Application_98002498,Accepted
Application_965781874,Other
Application_1180553525,Other
Application_1871334144,Other
Application_1124781985,Other
Application_211056567,Other
Application_1179460470,Accepted
Application_2060281140,Other
Application_1870536747,Other
Application_1681111593,Accepted
Application_774882106,Other
Application_1647108674,Other
Application_1708378848,Accepted
Application_1087708979,Accepted
Application_1848712574,Accepted
Application_774738402,Accepted
Application_984330666,Accepted
Application_1346739478,Accepted
Application_363059077,Other
Application_462427556,Other
Application_1339376290,Other
Application_40074824,Other
Application_470129222,Other
Application_246889043,Other
Application_1472239801,Accepted
Application_1883135349,Other
Application_1984835147,Accepted
Application_1129687959,Accepted
Application_1877861285,Other
Application_1228547579,Other
Application_1063923348,Other
Application_495083838,Accepted
Application_18655268,Other
Application_1197758803,Other
Application_1203079611,Other
Application_1040604584,Other
Application_197488628,Other
Application_657864612,Other
Application_542785925,Other
Application_902255800,Other
Application_884274551,Other
Application_897705279,Accepted
Application_159425596,Other
Application_1980562800,Other
Application_1588082560,Other
Application_866301279,Other
Application_2071829046,Other
Application_1388384713,Accepted
Application_1715862186,Accepted
Application_1496406596,Other
Application_211519316,Other
Application_146419141,Other
Application_528305897,Other
Application_1285192268,Accepted
Application_1062351159,Other
Application_1637171414,Other
Application_545953547,Accepted
Application_735297648,Other
Application_153741460,Other
Application_22120112,Accepted
Application_774280556,Other
Application_724478163,Other
Application_71938863,Other
Application_1583568442,Other
Application_1110178163,Accepted
Application_28181572,Other
Application_565969012,Accepted
Application_351213512,Other
Application_916799923,Accepted
Application_1037036263,Other
Application_1224579942,Other
Application_2118729783,Other
Application_629086442,Other
Application_131798866,Other
Application_1768638676,Other
Application_1410637717,Other
Application_1322261455,Other
Application_1700302939,Accepted
Application_870359052,Accepted
Application_1964128665,Other
Application_1836313442,Other
Application_1204519976,Accepted
Application_1023419627,Other
Application_1326914842,Accepted
Application_1780521136,Accepted
Application_1455226092,Accepted
Application_2084907175,Other
Application_661305884,Accepted
Application_1887153866,Accepted
Application_409794348,Accepted
Application_1517991045,Other
Application_1542575929,Other
Application_16950765,Other
Application_806612966,Accepted
Application_558602093,Other
Application_46542449,Accepted
Application_269210092,Accepted
Application_342809290,Other
Application_704862376,Accepted
Application_124648733,Accepted
Application_739983357,Accepted
Application_692846616,Other
Application_1697023338,Other
Application_1515879736,Other
Application_1074267896,Other
Application_1388823629,Accepted
Application_290250917,Other
Application_1180903333,Other
Application_1675306728,Other
Application_1218878331,Other
Application_1399913342,Other
Application_1095694024,Other
Application_563321021,Accepted
Application_374069302,Other
Application_1535775445,Other
Application_1157627162,Accepted
Application_324510607,Accepted
Application_100942591,Accepted
Application_598384246,Other
Application_1053583470,Other
Application_1482996122,Accepted
Application_1586036107,Other
Application_1775391833,Accepted
Application_1272057571,Other
Application_1443666620,Other
Application_795154362,Accepted
Application_1490326264,Accepted
Application_1874210121,Accepted
Application_1950990840,Other
Application_1552793568,Other
Application_875888009,Accepted
Application_1911120920,Accepted
Application_235300,Accepted
Application_316251328,Accepted
Application_699163115,Other
Application_1270643496,Accepted
Application_1304924988,Accepted
Application_1774170527,Accepted
Application_737780300,Accepted
Application_1394170097,Accepted
Application_1036210171,Other
Application_694806355,Other
Application_1072307361,Other
Application_1878829874,Other
Application_372953923,Other
Application_1447372587,Accepted
Application_804223367,Other
Application_1199492830,Other
Application_1443989740,Other
Application_2097125550,Other
Application_1466974461,Accepted
Application_1049543567,Accepted
Application_766842272,Accepted
Application_2096251745,Accepted
Application_1847339956,Accepted
Application_799690438,Accepted
Application_201230314,Accepted
Application_20140969,Other
Application_33744271,Other
Application_1327475623,Other
Application_1646116338,Accepted
Application_1115683200,Other
Application_639917037,Accepted
Application_1903620688,Other
Application_1721990230,Accepted
Application_1737740215,Other
Application_2087853077,Other
Application_1116424913,Other
Application_1617405751,Other
Application_731449178,Accepted
Application_946894571,Other
Application_2042711538,Other
Application_494769990,Accepted
Application_394310355,Accepted
Application_1178004063,Other
Application_1530918775,Accepted
Application_1341454810,Other
Application_295187359,Accepted
Application_333156641,Other
Application_598140254,Other
Application_709731267,Accepted
Application_117208105,Accepted
Application_331963116,Other
Application_1327649595,Other
Application_1796628025,Other
Application_956076909,Accepted
Application_1884121918,Other
Application_2098987392,Other
Application_245473842,Other
Application_1239676081,Other
Application_2034111299,Other
Application_1604080572,Other
Application_959459897,Accepted
Application_1604635836,Accepted
Application_960146811,Accepted
Application_347235748,Accepted
Application_541220340,Accepted
Application_328004739,Other
Application_483759696,Accepted
Application_321639988,Other
Application_317578647,Accepted
Application_1409315053,Other
Application_509444637,Accepted
Application_1744084538,Accepted
Application_888744527,Other
Application_1747330652,Other
Application_1566117932,Other
Application_1860949790,Accepted
Application_1801693502,Other
Application_1706162886,Other
Application_1135235117,Other
Application_1346181465,Accepted
Application_444110212,Accepted
Application_1197494610,Accepted
Application_566384000,Accepted
Application_2091253135,Other
Application_1385762066,Other
Application_412624923,Accepted
Application_669700262,Other
Application_2075589631,Other
Application_733183304,Other
Application_484287260,Accepted
Application_303497790,Accepted
Application_2069965121,Accepted
Application_1492898109,Accepted
Application_1942978029,Other
Application_1461344628,Accepted
Application_1136724274,Accepted
Application_1460891278,Accepted
Application_828932178,Other
Application_509361227,Other
Application_414518017,Accepted
Application_668556154,Other
Application_487342216,Accepted
Application_1750979054,Accepted
Application_331516896,Other
Application_1406129719,Other
Application_1048386133,Other
Application_1450855265,Accepted
Application_472043324,Accepted
Application_695276329,Accepted
Application_658259771,Accepted
Application_1571287273,Accepted
Application_470835265,Accepted
Application_1098325509,Other
Application_797343379,Other
Application_1621369223,Other
Application_637945284,Other
Application_322077071,Other
Application_1156694253,Other
Application_414788062,Accepted
Application_254575976,Other
Application_2049378287,Other
Application_140919855,Other
Application_208583439,Other
Application_2085413796,Accepted
Application_1558313937,Accepted
Application_331704410,Accepted
Application_981057308,Other
Application_833691300,Other
Application_238528856,Other
Application_928710895,Accepted
Application_1410079605,Other
Application_976716523,Other
Application_145167085,Other
Application_1307615396,Accepted
Application_1583916667,Accepted
Application_564399840,Other
Application_545291805,Other
Application_133963133,Accepted
Application_224016112,Other
Application_1154136215,Accepted
Application_366513374,Accepted
Application_1870361968,Accepted
Application_2030440127,Other
Application_2082448350,Accepted
Application_814524123,Other
Application_1193805778,Accepted
Application_2112356047,Accepted
Application_1897403231,Accepted
Application_1262925104,Other
Application_946919193,Accepted
Application_1313162650,Accepted
Application_1804032230,Other
Application_2100649001,Other
Application_12723507,Other
Application_1190146392,Accepted
Application_14599342,Other
Application_1922772011,Other
Application_983570658,Accepted
Application_16230943,Other
Application_239456870,Other
Application_815880823,Accepted
Application_669204018,Other
Application_1890486734,Accepted
Application_1445920454,Accepted
Application_1601792198,Accepted
Application_948134668,Other
Application_1905716416,Other
Application_480341343,Accepted
Application_858838468,Other
Application_1183305356,Accepted
Application_477558940,Other
Application_1181518531,Other
Application_698059289,Other
Application_1919384439,Other
Application_1157146045,Other
Application_468467009,Accepted
Application_648236307,Other
Application_237038952,Accepted
Application_1892725165,Other
Application_2035776208,Other
Application_246692114,Accepted
Application_893791850,Other
Application_1286044283,Other
Application_2019135195,Other
Application_843919031,Other
Application_675848339,Accepted
Application_890351586,Other
Application_1750347023,Accepted
Application_1255491551,Other
Application_1812799892,Accepted
Application_2137050722,Accepted
Application_550323758,Other
Application_1397361690,Other
Application_1207840744,Other
Application_2013156737,Accepted
Application_1259203201,Other
Application_1958401992,Other
Application_747521358,Accepted
Application_742517136,Other
Application_1827266221,Other
Application_2128830510,Other
Application_1333969989,Accepted
Application_861621823,Accepted
Application_1514915275,Other
Application_439205989,Other
Application_1766625492,Other
Application_565738786,Other
Application_472649500,Accepted
Application_435587064,Accepted
Application_717363086,Accepted
Application_1657041834,Other
Application_1546625016,Accepted
Application_472095460,Other
Application_752424007,Other
Application_1679218231,Accepted
Application_2029075838,Other
Application_1973147822,Accepted
Application_1079258234,Other
Application_1694212632,Other
Application_1658187458,Accepted
Application_1510348914,Accepted
Application_558100091,Accepted
Application_410306757,Accepted
Application_1328893144,Accepted
Application_1979307810,Accepted
Application_1707632941,Accepted
Application_1666700356,Other
Application_1485496466,Accepted
Application_1808348598,Other
Application_2099036796,Other
Application_1429105942,Other
Application_375792755,Accepted
Application_119097478,Accepted
Application_417790922,Other
Application_63500338,Accepted
Application_705435809,Other
Application_492864314,Other
Application_418123471,Other
Application_776176016,Accepted
Application_1155604178,Other
Application_268421929,Accepted
Application_1351000861,Other
Application_1724183309,Other
Application_1504715265,Other
Application_1853703463,Other
Application_598682136,Accepted
Application_1038943317,Other
Application_358135917,Accepted
Application_796905040,Other
Application_1661702442,Accepted
Application_1022584147,Other
Application_2055211561,Accepted
Application_1593676238,Other
Application_1492170006,Accepted
Application_2023453818,Other
Application_1332774598,Accepted
Application_536734637,Other
Application_1043186322,Other
Application_819746483,Other
Application_389694047,Other
Application_769025423,Other
Application_1809364558,Accepted
Application_1112223889,Accepted
Application_29644259,Other
Application_1756182816,Other
Application_771135469,Accepted
Application_211307896,Accepted
Application_1285335794,Accepted
Application_590059645,Other
Application_1663975050,Accepted
Application_1977737150,Other
Application_1938341210,Other
Application_863782972,Accepted
Application_817818948,Other
Application_1836917660,Other
Application_2010713154,Accepted
Application_1812591337,Accepted
Application_329436565,Other
Application_833729862,Other
Application_1343126610,Other
Application_545158575,Other
Application_818988550,Other
Application_1902045530,Other
Application_1746169593,Other
Application_836680972,Other
Application_1054777483,Other
Application_151208097,Accepted
Application_2059989732,Other
Application_180846372,Other
Application_1255246205,Accepted
Application_1578712210,Other
Application_1968149397,Other
Application_1615607717,Other
Application_1046698737,Other
Application_1965485576,Other
Application_187701355,Other
Application_1688322529,Other
Application_2038208736,Other
Application_963179178,Other
Application_1339010125,Accepted
Application_263979596,Accepted
Application_1333694803,Other
Application_259612643,Accepted
Application_119303083,Accepted
Application_401272894,Accepted
Application_880689941,Other
Application_2144565738,Other
Application_1516825177,Other
Application_1588008492,Accepted
Application_2047363355,Accepted
Application_756198562,Other
Application_1482107031,Other
Application_1960404455,Other
Application_1697035471,Accepted
Application_1399533237,Other
Application_902668211,Accepted
Application_28958414,Other
Application_1772823996,Accepted
Application_1331590835,Other
Application_1326632613,Accepted
Application_2048492632,Other
Application_899761488,Accepted
Application_1586380636,Accepted
Application_1226101035,Other
Application_1322752957,Other
Application_2042942279,Other
Application_1516465659,Other
Application_433548753,Other
Application_2062443408,Other
Application_1042007673,Other
Application_683856223,Accepted
Application_824725999,Other
Application_1772614853,Other
Application_2012653003,Other
Application_1532212112,Other
Application_1351955953,Other
Application_206705015,Other
Application_329447519,Accepted
Application_1348744079,Other
Application_328932760,Accepted
Application_50576224,Accepted
Application_1259411948,Other
Application_800246704,Accepted
Application_1152749844,Other
Application_801900394,Other
Application_1537912499,Accepted
Application_202087955,Accepted
Application_711725234,Accepted
Application_226388361,Other
Application_154552322,Accepted
Application_1875695770,Other
Application_1926890930,Accepted
Application_1634586365,Accepted
Application_1410914854,Other
Application_544502817,Accepted
Application_1627209602,Accepted
Application_1291035946,Accepted
Application_2042997000,Other
Application_1853485475,Other
Application_1095186366,Accepted
Application_1275110984,Accepted
Application_1060140097,Accepted
Application_582907466,Other
Application_1799623115,Other
Application_696591930,Accepted
Application_1779218436,Accepted
Application_1058232166,Other
Application_1591380725,Other
Application_1505068060,Other
Application_1631905533,Other
Application_1016977130,Accepted
Application_1057124582,Accepted
Application_1503447671,Other
Application_842228995,Other
Application_205714646,Accepted
Application_557081147,Other
Application_947190136,Other
Application_1987259833,Accepted
Application_373627092,Other
Application_258230370,Other
Application_563181492,Other
Application_1303175719,Other
Application_1411335960,Other
Application_2125780393,Accepted
Application_1584063031,Other
Application_1512316419,Other
Application_156017418,Accepted
Application_554296517,Other
Application_1637270392,Other
Application_2122225410,Other
Application_1509175510,Other
Application_212310205,Other
Application_562060380,Other
Application_551514124,Accepted
Application_1758149250,Accepted
Application_1613406336,Other
Application_1926308840,Other
Application_1732543782,Other
Application_1300456520,Other
Application_1920816013,Other
Application_2058348157,Other
Application_1355018748,Other
Application_528009222,Other
Application_885911054,Other
Application_560224082,Other
Application_525478783,Other
Application_1157425174,Other
Application_151071258,Accepted
Application_552469674,Accepted
Application_1640686521,Other
Application_377193775,Accepted
Application_708467795,Other
Application_1607629489,Other
Application_2136585657,Other
Application_418977266,Accepted
Application_1727672274,Other
Application_94251497,Accepted
Application_797609517,Other
Application_283722286,Accepted
Application_663952046,Accepted
Application_666599414,Other
Application_889180637,Other
Application_1489167383,Other
Application_1173120713,Other
Application_884501072,Accepted
Application_2137333928,Other
Application_1264952511,Other
Application_1972537897,Other
Application_2082499091,Other
Application_1385296276,Other
Application_736423659,Other
Application_1097245728,Accepted
Application_1468030857,Accepted
Application_2039050263,Accepted
Application_740984735,Accepted
Application_1426883688,Accepted
Application_208022364,Accepted
Application_718036686,Other
Application_1650220511,Other
Application_1831173886,Other
Application_736365847,Accepted
Application_2031121918,Accepted
Application_1110679028,Accepted
Application_457635074,Other
Application_616353590,Accepted
Application_1750224714,Other
Application_1782101940,Other
Application_970722505,Other
Application_27269617,Accepted
Application_808785433,Other
Application_540396134,Other
Application_550234739,Other
Application_1850250024,Other
Application_1694775428,Other
Application_1886642603,Accepted
Application_1957814754,Other
Application_1037011977,Other
Application_197042529,Accepted
Application_453986624,Accepted
Application_1951854639,Accepted
Application_893461700,Other
Application_1389964655,Other
Application_313616696,Accepted
Application_747738027,Accepted
Application_334990768,Other
Application_1095206483,Other
Application_467003345,Accepted
Application_681292905,Accepted
Application_392175616,Other
Application_17860810,Other
Application_1621523623,Other
Application_1584479496,Accepted
Application_1637208771,Other
Application_1338026869,Accepted
Application_160078889,Other
Application_1446938915,Accepted
Application_138016526,Accepted
Application_511851215,Accepted
Application_706764263,Other
Application_1779259859,Other
Application_1412910283,Accepted
Application_443891075,Other
Application_639492793,Other
Application_1142700960,Accepted
Application_1019266700,Other
Application_736953048,Accepted
Application_1656790978,Other
Application_1442063096,Other
Application_959546362,Other
Application_1166347462,Accepted
Application_91723771,Accepted
Application_409717104,Accepted
Application_1618602912,Accepted
Application_1202941254,Accepted
Application_1839068775,Accepted
Application_1270884238,Accepted
Application_1949886827,Accepted
Application_243406211,Other
Application_374524978,Accepted
Application_1339038636,Accepted
Application_1880837817,Other
Application_1465368885,Other
Application_1754572868,Accepted
Application_698385238,Accepted
Application_1909968010,Other
Application_1425392632,Accepted
Application_1386592498,Accepted
Application_1436977103,Other
Application_2068972133,Accepted
Application_1711233931,Other
Application_886140378,Other
Application_1100936810,Accepted
Application_17571183,Other
Application_344142106,Accepted
Application_2066286284,Other
Application_1975004259,Other
Application_1258970243,Accepted
Application_311415281,Other
Application_1632648599,Other
Application_1912407341,Accepted
Application_439542460,Other
Application_2332561,Accepted
Application_1084966420,Other
Application_286172113,Other
Application_1996778657,Other
Application_732864251,Accepted
Application_63400703,Other
Application_729450852,Other
Application_344576661,Other
Application_192544350,Other
Application_1633301470,Accepted
Application_1780723721,Accepted
Application_929625973,Accepted
Application_43362368,Other
Application_1947259744,Other
Application_1272568966,Accepted
Application_1921897384,Other
Application_1454619110,Other
Application_534091898,Other
Application_393828783,Other
Application_2089668148,Other
Application_1372627300,Accepted
Application_523710429,Other
Application_1977529357,Accepted
Application_680247593,Other
Application_930818096,Other
Application_1037307756,Other
Application_2011122405,Other
Application_2085421895,Other
Application_1126595022,Other
Application_1830164241,Accepted
Application_1009728487,Other
Application_2073750191,Other
Application_1138703693,Other
Application_41015469,Accepted
Application_904877836,Other
Application_377639977,Other
Application_1033145253,Other
Application_1224776963,Accepted
Application_839794147,Other
Application_1005037911,Other
Application_53089832,Accepted
Application_680581385,Accepted
Application_109267986,Other
Application_2104061117,Other
Application_1106495925,Accepted
Application_1389662836,Other
Application_891766920,Other
Application_940874731,Other
Application_2134840042,Accepted
Application_1275227339,Other
Application_1597771561,Accepted
Application_1835139573,Other
Application_2109817580,Other
Application_1058433990,Other
Application_1970864584,Other
Application_1169787039,Other
Application_91326042,Accepted
Application_897198621,Other
Application_527112428,Accepted
Application_108990047,Other
Application_303445099,Accepted
Application_1251402961,Other
Application_376869890,Other
Application_31979019,Accepted
Application_1290281898,Other
Application_788992386,Other
Application_2007328695,Accepted
Application_1472080774,Other
Application_222928978,Other
Application_32841030,Other
Application_598680932,Other
Application_1546624070,Other
Application_1942386691,Accepted
Application_1467116720,Other
Application_1826901050,Other
Application_1385438519,Other
Application_1533079243,Other
Application_188877588,Accepted
Application_1457965798,Other
Application_37347503,Accepted
Application_1305807448,Accepted
Application_1088555315,Other
Application_397979327,Other
Application_1788393633,Other
Application_1046950400,Other
Application_399635365,Accepted
Application_788810853,Other
Application_2092265551,Other
Application_1049614618,Other
Application_750434984,Other
Application_213481315,Accepted
Application_647190946,Accepted
Application_181081490,Other
Application_1819637339,Other
Application_1022053539,Accepted
Application_753924463,Other
Application_949207469,Other
Application_1825797170,Other
Application_1024024843,Other
Application_1510581318,Accepted
Application_1450570694,Other
Application_952134472,Other
Application_1946832041,Accepted
Application_2034261618,Other
Application_2054163549,Accepted
Application_679213007,Accepted
Application_498148579,Accepted
Application_149561363,Accepted
Application_199989530,Other
Application_785454076,Other
Application_1869620075,Accepted
Application_1518296031,Accepted
Application_1129585793,Accepted
Application_297341030,Other
Application_646842913,Accepted
Application_1232438097,Accepted
Application_1668186730,Accepted
Application_1875592048,Other
Application_289376845,Accepted
Application_370211019,Other
Application_1233722618,Other
Application_2048775828,Accepted
Application_64480160,Other
Application_1234405130,Other
Application_1737465443,Other
Application_1332204808,Accepted
Application_1688802917,Other
Application_1345670537,Other
Application_1748982692,Other
Application_800321960,Other
Application_349559655,Other
Application_1565000666,Other
Application_1881145801,Other
Application_1845440583,Other
Application_1231829928,Other
Application_1046337221,Accepted
Application_1521565902,Accepted
Application_1682121050,Accepted
Application_1232536865,Other
Application_614929469,Other
Application_341284272,Other
Application_610732794,Other
Application_1171730339,Accepted
Application_1681372311,Other
Application_2110968644,Other
Application_1387327082,Accepted
Application_1610527211,Accepted
Application_608014242,Accepted
Application_412348175,Accepted
Application_485040507,Accepted
Application_1808557525,Accepted
Application_395040008,Other
Application_1222885726,Accepted
Application_180427873,Other
Application_397826081,Accepted
Application_1164458783,Accepted
Application_356411886,Accepted
Application_1731757967,Other
Application_907734141,Accepted
Application_1226147209,Accepted
Application_791969186,Other
Application_1423408779,Accepted
Application_101881919,Accepted
Application_1254125100,Other
Application_1350482993,Accepted
Application_1851936768,Accepted
Application_1193907202,Other
Application_1877698942,Accepted
Application_971321099,Other
Application_2054148060,Accepted
Application_901187051,Accepted
Application_1983173558,Other
Application_1078283655,Accepted
Application_1173149180,Other
Application_1086593705,Other
Application_1783939011,Other
Application_2099910974,Other
Application_288994042,Other
Application_72788143,Other
Application_243043341,Accepted
Application_639747826,Other
Application_1484014718,Accepted
Application_951038533,Other
Application_259611655,Other
Application_187245111,Accepted
Application_171025421,Other
Application_815092525,Accepted
Application_166720706,Accepted
Application_1208611198,Other
Application_10406431,Accepted
Application_482461007,Accepted
Application_446054891,Accepted
Application_239111250,Other
Application_1448228109,Accepted
Application_685530915,Accepted
Application_2027883818,Other
Application_61434858,Other
Application_1451482053,Other
Application_389378059,Other
Application_1263727247,Other
Application_665435950,Other
Application_2134045142,Other
Application_855238993,Accepted
Application_1277889386,Other
Application_347036929,Accepted
Application_90103587,Accepted
Application_970837782,Other
Application_533082803,Other
Application_602721348,Accepted
Application_845210015,Accepted
Application_532317358,Accepted
Application_1790628102,Other
Application_960846305,Other
Application_1927302661,Accepted
Application_2044448908,Other
Application_683424220,Accepted
Application_1189371863,Other
Application_973866535,Other
Application_2119757372,Other
Application_2023108021,Accepted
Application_1172109726,Accepted
Application_1604831942,Other
Application_1280619678,Accepted
Application_1173877265,Other
Application_525144046,Other
Application_594779922,Other
Application_1629792659,Accepted
Application_2021470473,Other
Application_1591900552,Other
Application_366313373,Other
Application_170357169,Accepted
Application_1775086376,Other
Application_334301727,Other
Application_1084427553,Other
Application_86381995,Accepted
Application_1729461509,Other
Application_145944162,Other
Application_811199547,Other
Application_1693308901,Other
Application_622247126,Accepted
Application_1904140209,Other
Application_130597015,Other
Application_1845393547,Other
Application_407053242,Accepted
Application_764896752,Other
Application_683363037,Other
Application_1264531188,Accepted
Application_1300025139,Other
Application_191843871,Other
Application_166365664,Accepted
Application_930181280,Accepted
Application_2075712510,Other
Application_1848783233,Other
Application_2005806979,Other
Application_772846349,Other
Application_2001201675,Accepted
Application_550588204,Accepted
Application_451478741,Accepted
Application_775502310,Other
Application_279555403,Accepted
Application_387672800,Accepted
Application_865538301,Other
Application_140118392,Accepted
Application_1078589100,Accepted
Application_1508344164,Accepted
Application_791977732,Accepted
Application_760306173,Other
Application_1436357295,Other
Application_128251318,Other
Application_1360689274,Other
Application_1727619066,Other
Application_1369082220,Other
Application_216567343,Accepted
Application_540780031,Other
Application_1331381983,Accepted
Application_394615734,Accepted
Application_2025690537,Other
Application_583351230,Other
Application_787711849,Accepted
Application_597788673,Other
Application_177457062,Other
Application_1108348898,Other
Application_1789989985,Other
Application_1979684916,Other
Application_1232713271,Other
Application_1679601906,Accepted
Application_339768782,Accepted
Application_647731628,Other
Application_2105322332,Other
Application_1368159243,Other
Application_1608584092,Other
Application_1730190343,Other
Application_1476282671,Other
Application_1103369161,Accepted
Application_1326200178,Accepted
Application_818539878,Other
Application_29832232,Other
Application_290135262,Other
Application_1514447703,Accepted
Application_747769316,Other
Application_440459075,Other
Application_1685691745,Other
Application_1039362794,Other
Application_967637921,Other
Application_157155173,Accepted
Application_391371212,Accepted
Application_1688992606,Accepted
Application_1343184,Other
Application_660102022,Other
Application_1427822589,Other
Application_1085280458,Other
Application_88044412,Accepted
Application_276618599,Other
Application_1747904186,Accepted
Application_2072188464,Other
Application_1122454870,Accepted
Application_2102984686,Other
Application_902276732,Accepted
Application_671352149,Other
Application_959809277,Accepted
Application_947074551,Other
Application_1903139749,Accepted
Application_1031791655,Other
Application_707163821,Accepted
Application_187390846,Accepted
Application_2062010,Accepted
Application_1754312511,Other
Application_1243007973,Other
Application_885314623,Other
Application_1174265277,Accepted
Application_495796607,Other
Application_811555286,Accepted
Application_894324950,Other
Application_671003501,Other
Application_308823209,Accepted
Application_754734698,Other
Application_1031423845,Other
Application_450087019,Accepted
Application_382130883,Other
Application_71717424,Accepted
Application_886698512,Other
Application_1653434250,Accepted
Application_1337644269,Other
Application_1969647067,Accepted
Application_2090870692,Accepted
Application_1328293623,Other
Application_1456623911,Accepted
Application_1903023122,Other
Application_1964585643,Other
Application_325203803,Other
Application_1120089248,Accepted
Application_1723595110,Other
Application_1481921967,Other
Application_1482998387,Other
Application_865090077,Other
Application_408538718,Accepted
Application_394721930,Other
Application_46695143,Other
Application_646249286,Accepted
Application_162158054,Accepted
Application_159861644,Other
Application_29797829,Other
Application_1792582721,Accepted
Application_2045136211,Accepted
Application_1318828833,Accepted
Application_2043243452,Accepted
Application_1908399793,Accepted
Application_969005522,Other
Application_353670997,Accepted
Application_1184050490,Other
Application_1806425069,Other
Application_2114081517,Other
Application_908404551,Other
Application_1729989823,Other
Application_276356968,Other
Application_719799622,Accepted
Application_1166215408,Accepted
Application_723558408,Other
Application_401151967,Other
Application_1722230762,Other
Application_749231890,Other
Application_1075376537,Other
Application_1296338355,Other
Application_1646422678,Other
Application_1686338224,Accepted
Application_1832907034,Accepted
Application_1643416406,Accepted
Application_1447886564,Accepted
Application_5850515,Other
Application_748474109,Other
Application_3275887,Accepted
Application_521346447,Accepted
Application_1165611239,Other
Application_1631337659,Other
Application_11605281,Accepted
Application_879853948,Accepted
Application_230292120,Other
Application_2123842920,Other
Application_1844825696,Other
Application_956045444,Other
Application_680158113,Other
Application_1066126238,Other
Application_912611341,Accepted
Application_340390465,Other
Application_749173937,Other
Application_1537032385,Accepted
Application_1094839044,Accepted
Application_1415917647,Accepted
Application_2112939066,Accepted
Application_1250809613,Accepted
Application_2146276332,Other
Application_1830400051,Accepted
Application_2127679401,Other
Application_1577235925,Accepted
Application_503186233,Accepted
Application_1108138981,Other
Application_325518276,Accepted
Application_1262448227,Other
Application_2099094124,Accepted
Application_2124550889,Other
Application_1835597482,Accepted
Application_2126285413,Other
Application_2132288368,Other
Application_1981557695,Other
Application_1800369945,Accepted
Application_933507248,Other
Application_394775224,Other
Application_1080583783,Accepted
Application_894322568,Accepted
Application_1751089094,Other
Application_36275758,Accepted
Application_668017212,Other
Application_1116036071,Other
Application_826230580,Accepted
Application_1908099632,Accepted
Application_1577555565,Other
Application_1767002359,Accepted
Application_1147800670,Other
Application_1337522327,Other
Application_1264861798,Accepted
Application_1980851195,Other
Application_743574491,Accepted
Application_1303242344,Other
Application_2083619106,Other
Application_1468511402,Other
Application_2030495798,Other
Application_1850931354,Accepted
Application_204145110,Other
Application_225913456,Accepted
Application_1460352487,Other
Application_1217470640,Other
Application_635712336,Accepted
Application_134389727,Accepted
Application_386585816,Other
Application_1086131911,Other
Application_829174928,Accepted
Application_173096538,Other
Application_62852196,Accepted
Application_1272466781,Other
Application_451022184,Other
Application_932158358,Accepted
Application_1308321086,Accepted
Application_2136614713,Other
Application_1255919690,Other
Application_2064654850,Accepted
Application_1531101186,Other
Application_1652395747,Other
Application_1976704643,Other
Application_1644835026,Other
Application_848681411,Other
Application_1277462178,Other
Application_1890917796,Accepted
Application_1755844561,Accepted
Application_47882237,Other
Application_1492814953,Other
Application_1269614744,Other
Application_322255548,Accepted
Application_338801507,Other
Application_848816525,Other
Application_1636587645,Accepted
Application_851197074,Accepted
Application_1866041589,Accepted
Application_379265653,Other
Application_349439107,Accepted
Application_779241778,Other
Application_2066126971,Accepted
Application_1650190902,Other
Application_2024887312,Accepted
Application_2080630593,Other
Application_1258004660,Other
Application_949730718,Accepted
Application_1788233290,Accepted
Application_2099367250,Other
Application_668946707,Other
Application_138268039,Accepted
Application_816235038,Accepted
Application_568193999,Accepted
Application_1232376780,Accepted
Application_2109299500,Other
Application_1624617914,Other
Application_480922958,Other
Application_1662005049,Other
Application_2035217890,Accepted
Application_1813935192,Other
Application_1679637849,Other
Application_1983434562,Accepted
Application_1667550025,Other
Application_1424698523,Other
Application_231225386,Other
Application_1061118395,Other
Application_857331426,Accepted
Application_1747808414,Other
Application_484138762,Accepted
Application_1203329108,Accepted
Application_335998237,Accepted
Application_586839753,Other
Application_1625324457,Other
Application_126362041,Other
Application_560444035,Accepted
Application_1129477770,Accepted
Application_1285245868,Other
Application_477787970,Other
Application_1296002822,Accepted
Application_948974689,Other
Application_1709453416,Accepted
Application_1369363942,Other
Application_277496154,Other
Application_877701215,Accepted
Application_971536653,Other
Application_554210743,Accepted
Application_1333478818,Other
Application_300795575,Accepted
Application_1190160893,Accepted
Application_1564248161,Other
Application_1054841023,Other
Application_2026256988,Accepted
Application_1663967562,Other
Application_1878616614,Other
Application_1347486467,Other
Application_715712722,Other
Application_1163673405,Other
Application_847062180,Accepted
Application_1673679476,Accepted
Application_519731897,Accepted
Application_726406188,Accepted
Application_1299771752,Other
Application_1358494607,Other
Application_2013762523,Accepted
Application_228161231,Other
Application_1453443109,Other
Application_387469828,Other
Application_985917358,Other
Application_205046676,Accepted
Application_1197801543,Other
Application_1421260446,Other
Application_1303762841,Accepted
Application_2017962366,Accepted
Application_1640661087,Other
Application_2054315803,Other
Application_1916071974,Other
Application_1676255292,Other
Application_1158659284,Other
Application_128623883,Accepted
Application_1537435818,Other
Application_1458190156,Other
Application_2004266090,Other
Application_2097078780,Accepted
Application_643409449,Other
Application_1200057798,Other
Application_1579079181,Other
Application_44450160,Accepted
Application_1928157584,Accepted
Application_2142863124,Other
Application_1211976487,Other
Application_1560845097,Other
Application_208029837,Accepted
Application_422952737,Other
Application_238039731,Other
Application_1224399683,Other
Application_1320433447,Other
Application_1390864472,Accepted
Application_1580397915,Other
Application_507899419,Accepted
Application_470080124,Other
Application_1390413008,Accepted
Application_1571678266,Accepted
Application_524817701,Other
Application_1223246120,Other
Application_1951023046,Other
Application_437464843,Other
Application_72640424,Other
Application_563680900,Other
Application_1227420940,Accepted
Application_995855801,Other
Application_1049588193,Other
Application_1231004386,Accepted
Application_1946326866,Accepted
Application_1400682051,Other
Application_1716564024,Other
Application_1368845459,Accepted
Application_155830982,Other
Application_1819821255,Other
Application_650174134,Accepted
Application_292052668,Other
Application_2128172349,Other
Application_1816416225,Other
Application_1224980756,Accepted
Application_1857272014,Other
Application_1012242407,Other
Application_2056104830,Other
Application_2057887171,Accepted
Application_1740201274,Accepted
Application_838877155,Accepted
Application_341970400,Other
Application_739325744,Other
Application_423301937,Other
Application_650187004,Accepted
Application_1282326405,Accepted
Application_427282452,Other
Application_2005060264,Accepted
Application_1792536752,Accepted
Application_299160925,Accepted
Application_1373246514,Accepted
Application_476684921,Other
Application_792573987,Other
Application_155075106,Other
Application_1629644295,Accepted
Application_462219635,Other
Application_1456458254,Other
Application_824570106,Other
Application_103779859,Other
Application_861554711,Accepted
Application_1042283919,Other
Application_617529015,Other
Application_969520641,Other
Application_476831528,Accepted
Application_1054185939,Other
Application_1412073514,Accepted
Application_1040968340,Other
Application_1244956957,Other
Application_1560816061,Other
Application_2003904023,Accepted
Application_1378417794,Accepted
Application_1842274873,Accepted
Application_1526692440,Accepted
Application_183829032,Other
Application_2136464858,Other
Application_397468372,Accepted
Application_1916264071,Accepted
Application_1304732890,Other
Application_1469310005,Accepted
Application_1107933452,Accepted
Application_865317151,Accepted
Application_40451019,Other
Application_1113899604,Other
Application_675898627,Other
Application_2043645926,Other
Application_796183815,Other
Application_105412419,Other
Application_606337459,Other
Application_464649945,Accepted
Application_609175592,Other
Application_102661342,Other
Application_970935362,Accepted
Application_756825451,Accepted
Application_1366807547,Other
Application_1779497745,Accepted
Application_2138986034,Accepted
Application_1591623907,Accepted
Application_1350000341,Accepted
Application_1981094567,Other
Application_2124213696,Other
Application_2104095290,Other
Application_705627078,Accepted
Application_887617997,Accepted
Application_331882477,Accepted
Application_762451505,Other
Application_555913321,Accepted
Application_985494596,Accepted
Application_2006322272,Accepted
Application_816318519,Accepted
Application_382616482,Other
Application_458419200,Other
Application_913539276,Accepted
Application_187839436,Other
Application_520705784,Other
Application_2069406446,Accepted
Application_1152069775,Accepted
Application_492739363,Other
Application_581387981,Other
Application_265293321,Other
Application_1837817873,Accepted
Application_2027439644,Other
Application_1186682952,Other
Application_1563852255,Accepted
Application_1509219957,Accepted
Application_317050501,Other
Application_1639971725,Accepted
Application_1580682783,Other
Application_1446602689,Other
Application_1774347320,Accepted
Application_1256203761,Other
Application_1617815677,Other
Application_1133512731,Accepted
Application_193913600,Accepted
Application_623423494,Other
Application_530815469,Accepted
Application_973145257,Accepted
Application_1670502758,Accepted
Application_2020317260,Other
Application_1200551534,Other
Application_1760819636,Accepted
Application_551363168,Accepted
Application_1415129534,Accepted
Application_903049357,Accepted
Application_49725499,Other
Application_965710730,Accepted
Application_913188566,Other
Application_1321866992,Other
Application_1391018300,Other
Application_893787296,Accepted
Application_187145462,Accepted
Application_1685534477,Accepted
Application_1762387335,Other
Application_1395018394,Other
Application_1710859751,Accepted
Application_681506881,Accepted
Application_1694047737,Accepted
Application_1396321988,Accepted
Application_1542517771,Other
Application_1058149338,Other
Application_2140491052,Accepted
Application_611429552,Other
Application_1002129113,Accepted
Application_1036621789,Other
Application_1054159025,Accepted
Application_2135089873,Other
Application_30311480,Other
Application_429246936,Accepted
Application_1376919648,Accepted
Application_1109248632,Accepted
Application_459575438,Other
Application_1111894490,Other
Application_2068513010,Other
Application_217646360,Other
Application_98684084,Other
Application_1392248452,Accepted
Application_607381529,Accepted
Application_984139021,Accepted
Application_676699598,Other
Application_1180599027,Other
Application_1940814877,Other
Application_784773106,Other
Application_603797177,Other
Application_1231253678,Accepted
Application_1258171682,Accepted
Application_1838174926,Accepted
Application_326245514,Other
Application_1114135550,Other
Application_738197775,Accepted
Application_1172154413,Other
Application_89382588,Accepted
Application_524221585,Other
Application_2075085261,Accepted
Application_1978307691,Accepted
Application_534047453,Accepted
Application_1618356577,Other
Application_1108750747,Accepted
Application_193771164,Other
Application_219941262,Accepted
Application_154861267,Accepted
Application_1987784086,Other
Application_992550113,Other
Application_702356488,Accepted
Application_81354277,Accepted
Application_705287164,Accepted
Application_1592972291,Accepted
Application_919925677,Other
Application_1405331079,Other
Application_8748931,Accepted
Application_263818750,Accepted
Application_1240015230,Other
Application_810387962,Accepted
Application_1402120708,Other
Application_533569237,Accepted
Application_1462717597,Other
Application_2093151175,Other
Application_456108515,Accepted
Application_1538912002,Accepted
Application_626383771,Other
Application_1460213013,Other
Application_1664799415,Accepted
Application_1550675590,Other
Application_890066582,Other
Application_709017422,Accepted
Application_1952297503,Accepted
Application_2027734836,Accepted
Application_2003633695,Other
Application_1642902017,Accepted
Application_1645764192,Accepted
Application_2061130376,Other
Application_661156507,Other
Application_505132400,Other
Application_884733880,Other
Application_569238520,Other
Application_1062051259,Accepted
Application_147047351,Other
Application_518055892,Other
Application_1592449231,Other
Application_1064306016,Other
Application_773777952,Other
Application_411283764,Other
Application_2054193319,Other
Application_157197335,Other
Application_790980779,Other
Application_176979331,Other
Application_737191525,Other
Application_581381069,Other
Application_155956206,Other
Application_791773717,Other
Application_804813806,Accepted
Application_1485507403,Other
Application_114134748,Other
Application_502394746,Accepted
Application_1202440901,Other
Application_967567402,Accepted
Application_1197199826,Accepted
Application_1235053807,Other
Application_591837894,Other
Application_1246734967,Other
Application_1858029829,Other
Application_1356558929,Other
Application_1660333572,Accepted
Application_1726993851,Other
Application_644972978,Other
Application_1348648361,Other
Application_1520227930,Other
Application_1019357279,Other
Application_2077112716,Other
Application_1523673060,Accepted
Application_550429515,Other
Application_1632177418,Other
Application_738855980,Other
Application_509086914,Accepted
Application_938687364,Accepted
Application_438768619,Other
Application_139258943,Other
Application_946373805,Other
Application_146029131,Other
Application_850162220,Accepted
Application_1221241673,Other
Application_144578923,Other
Application_2026644529,Accepted
Application_863187199,Accepted
Application_1315016443,Accepted
Application_507175982,Accepted
Application_1084464148,Other
Application_1004718670,Accepted
Application_69696186,Accepted
Application_1366667960,Other
Application_1087176482,Accepted
Application_1482978538,Accepted
Application_1568889114,Accepted
Application_539943438,Accepted
Application_1614337191,Accepted
Application_173233836,Other
Application_548080985,Accepted
Application_2055259233,Accepted
Application_490494821,Other
Application_899485434,Accepted
Application_1232187569,Other
Application_1158345779,Accepted
Application_1156584498,Accepted
Application_486802105,Accepted
Application_933244446,Other
Application_1442838582,Other
Application_710620400,Accepted
Application_2064424383,Accepted
Application_1622426828,Accepted
Application_2865545,Accepted
Application_1008548242,Other
Application_1412471029,Accepted
Application_1201797728,Accepted
Application_1212760797,Other
Application_2063165517,Other
Application_1402039815,Accepted
Application_1248579196,Accepted
Application_519848763,Accepted
Application_1594259231,Accepted
Application_474303087,Other
Application_1659557378,Other
Application_1309763634,Other
Application_2097834444,Accepted
Application_122220536,Accepted
Application_960288093,Other
Application_577102636,Accepted
Application_184706424,Other
Application_699765463,Other
Application_922943824,Other
Application_931352744,Other
Application_573125386,Other
Application_1217329872,Accepted
Application_286552024,Other
Application_1284694223,Accepted
Application_229549749,Other
Application_1647508089,Accepted
Application_1862396029,Accepted
Application_2039448578,Other
Application_152630449,Other
Application_784440003,Other
Application_1552997986,Other
Application_2110072650,Other
Application_1941383695,Other
Application_1528476582,Other
Application_424445882,Other
Application_1759715811,Accepted
Application_488168581,Accepted
Application_122938868,Other
Application_576154741,Other
Application_1913612876,Accepted
Application_46379480,Other
Application_1137712309,Accepted
Application_269595445,Accepted
Application_838243789,Accepted
Application_126328440,Accepted
Application_785618529,Other
Application_573092436,Accepted
Application_1138054161,Other
Application_55746855,Other
Application_1837514947,Other
Application_1075501196,Other
Application_1808715512,Accepted
Application_1646100892,Other
Application_667386688,Other
Application_1370448504,Accepted
Application_1498467738,Accepted
Application_1569868939,Other
Application_2112355678,Other
Application_566636279,Other
Application_1032916256,Other
Application_2035862434,Other
Application_1576631308,Other
Application_2069481439,Other
Application_635375278,Accepted
Application_633638288,Accepted
Application_58420713,Other
Application_709410136,Other
Application_419114283,Other
Application_1150139223,Accepted
Application_1204778754,Other
Application_130790140,Other
Application_18463847,Other
Application_1271342744,Accepted
Application_196785259,Other
Application_554973307,Accepted
Application_1879709128,Accepted
Application_1494631478,Accepted
Application_1553371710,Other
Application_1915548109,Other
Application_1672160937,Other
Application_1692652792,Accepted
Application_1916069999,Accepted
Application_2136433658,Other
Application_1238042393,Other
Application_1504350526,Accepted
Application_1594976866,Other
Application_841781311,Other
Application_660568043,Accepted
Application_297744777,Accepted
Application_570491119,Other
Application_819869374,Other
Application_2048950823,Accepted
Application_185425577,Accepted
Application_543297758,Other
Application_187616128,Accepted
Application_1893565813,Other
Application_1927239262,Other
Application_1603090232,Other
Application_1200224145,Accepted
Application_1814058939,Accepted
Application_562779064,Other
Application_1636388492,Accepted
Application_970690661,Other
Application_2095037781,Other
Application_304664980,Other
Application_1377952012,Other
Application_666143305,Accepted
Application_340321174,Other
Application_702418336,Accepted
Application_1462019004,Accepted
Application_339987884,Other
Application_161288461,Other
Application_1271999585,Other
Application_1736195967,Other
Application_1306165152,Accepted
Application_1129631496,Accepted
Application_1644344004,Other
Application_444615313,Accepted
Application_760449866,Accepted
Application_1470618211,Accepted
Application_1842419637,Other
Application_72773985,Accepted
Application_1003444518,Other
Application_687489581,Other
Application_235980552,Other
Application_88378711,Other
Application_1831762136,Other
Application_1436367268,Other
Application_610960768,Accepted
Application_382155221,Other
Application_1747286409,Accepted
Application_2097081505,Other
Application_972313681,Accepted
Application_1538915578,Accepted
Application_818607846,Accepted
Application_406935386,Other
Application_183836870,Other
Application_1964009221,Other
Application_1985547749,Accepted
Application_1737706670,Accepted
Application_1671535082,Other
Application_1988979828,Other
Application_914554508,Accepted
Application_1789934601,Other
Application_715313863,Other
Application_896369551,Accepted
Application_1852627843,Other
Application_1090195300,Accepted
Application_1255297178,Other
Application_551986930,Other
Application_402575573,Other
Application_359784193,Other
Application_1254692704,Other
Application_905132833,Other
Application_1835999682,Accepted
Application_1620675668,Other
Application_591122536,Other
Application_814806235,Accepted
Application_394952727,Accepted
Application_171594777,Accepted
Application_1735309915,Accepted
Application_1261418500,Accepted
Application_963271663,Other
Application_2024229345,Other
Application_1592255203,Accepted
Application_1639015703,Other
Application_1819981412,Accepted
Application_509887444,Other
Application_328433912,Other
Application_1546234552,Accepted
Application_1230143116,Accepted
Application_2032209718,Other
Application_1373878043,Other
Application_1406191417,Accepted
Application_1815738903,Other
Application_1230226715,Other
Application_1190132102,Accepted
Application_1770795129,Other
Application_868981332,Other
Application_1184861719,Other
Application_687684055,Accepted
Application_1904219955,Other
Application_28948130,Other
Application_31755620,Accepted
Application_1908585951,Other
Application_737223637,Other
Application_155908083,Other
Application_193925950,Other
Application_2040262919,Other
Application_1625442883,Other
Application_1983575333,Other
Application_523628252,Other
Application_1055862016,Accepted
Application_923026954,Other
Application_416275748,Other
Application_1052365608,Other
Application_547725647,Other
Application_1284583733,Other
Application_990273997,Other
Application_598415903,Other
Application_1807338650,Other
Application_1617648960,Other
Application_341219888,Accepted
Application_531023195,Accepted
Application_151382081,Accepted
Application_162523916,Other
Application_187409834,Other
Application_2040988132,Accepted
Application_1817583299,Other
Application_889235953,Other
Application_1973688340,Other
Application_1758854735,Accepted
Application_810760532,Other
Application_1601726728,Other
Application_608016587,Other
Application_919393208,Other
Application_1243918536,Other
Application_1691233008,Accepted
Application_1906134900,Other
Application_958069321,Accepted
Application_306011052,Accepted
Application_422699339,Accepted
Application_877399955,Other
Application_1340999860,Other
Application_1055293453,Accepted
Application_1919048321,Accepted
Application_981378347,Other
Application_1166635284,Accepted
Application_1381659604,Accepted
Application_238480450,Accepted
Application_1981291023,Other
Application_709167032,Accepted
Application_1688387892,Other
Application_268261813,Other
Application_2095872851,Other
Application_1451333632,Accepted
Application_930563402,Other
Application_451986642,Other
Application_1591863785,Other
Application_827957979,Other
Application_478252612,Other
Application_590786007,Accepted
Application_232633748,Accepted
Application_1826923280,Other
Application_1645843274,Accepted
Application_1036915113,Other
Application_1529775878,Other
Application_1473968018,Other
Application_1312311710,Other
Application_1628380935,Accepted
Application_114551747,Other
Application_563874950,Other
Application_1533049762,Accepted
Application_1216957963,Accepted
Application_613337042,Other
Application_18651881,Accepted
Application_117455644,Accepted
Application_1307822861,Other
Application_747782142,Accepted
Application_1305091751,Other
Application_1595696801,Accepted
Application_1470473934,Other
Application_1382264629,Other
Application_585993956,Other
Application_1664313894,Other
Application_678634348,Other
Application_2047642467,Other
Application_1113137799,Other
Application_1827521969,Other
Application_1502963665,Other
Application_31022671,Other
Application_2016383446,Other
Application_1886631633,Accepted
Application_497222046,Accepted
Application_244223278,Other
Application_105403727,Other
Application_1579461420,Other
Application_743418274,Accepted
Application_1193074618,Accepted
Application_146073776,Other
Application_716550665,Other
Application_104054636,Accepted
Application_1102829031,Accepted
Application_1293944388,Other
Application_67728732,Other
Application_1619705692,Accepted
Application_1404676439,Accepted
Application_1680832206,Other
Application_898889684,Accepted
Application_1829768760,Other
Application_604001575,Accepted
Application_254429277,Other
Application_1525443782,Accepted
Application_1874996091,Other
Application_2031914980,Other
Application_2067864728,Accepted
Application_407193791,Accepted
Application_1102377893,Other
Application_2138121259,Other
Application_1420373194,Accepted
Application_1172267700,Accepted
Application_803470615,Accepted
Application_188260426,Other
Application_8939615,Accepted
Application_257850762,Other
Application_323766130,Other
Application_55597937,Accepted
Application_1772361320,Other
Application_1549013519,Other
Application_1124268414,Other
Application_1774506123,Other
Application_2090544740,Other
Application_1127109471,Accepted
Application_1443021261,Other
Application_1256894291,Accepted
Application_940520301,Accepted
Application_1846820436,Accepted
Application_1084243867,Other
Application_1514390579,Accepted
Application_1945986549,Other
Application_1698204865,Other
Application_1516312544,Accepted
Application_1669188319,Other
Application_1977537556,Other
Application_372857444,Accepted
Application_596207787,Accepted
Application_1596381085,Accepted
Application_1946043482,Accepted
Application_834923920,Other
Application_1222885614,Accepted
Application_523743747,Other
Application_1004972579,Accepted
Application_306590357,Accepted
Application_13226847,Other
Application_4910660,Other
Application_319585293,Other
Application_59647812,Other
Application_574024988,Accepted
Application_1142798890,Other
Application_953032489,Other
Application_1004317586,Other
Application_1917050624,Accepted
Application_1592813368,Other
Application_339293788,Accepted
Application_1996843325,Other
Application_1948522795,Other
Application_1521046595,Other
Application_1837239143,Other
Application_220348476,Other
Application_1268854738,Accepted
Application_1235290118,Other
Application_1272659557,Other
Application_1719149286,Other
Application_788296154,Accepted
Application_713934901,Accepted
Application_132837731,Other
Application_135534555,Other
Application_349163680,Other
Application_849202555,Other
Application_1198776691,Other
Application_276036034,Other
Application_1522723823,Other
Application_1689126135,Other
Application_1919101504,Accepted
Application_2013517531,Other
Application_224462324,Other
Application_1779563048,Other
Application_1250276230,Other
Application_580539422,Accepted
Application_1024776595,Other
Application_1340284244,Other
Application_1614763685,Accepted
Application_76657894,Other
Application_1236800353,Other
Application_1611469181,Other
Application_278046816,Other
Application_80008918,Other
Application_1958998844,Other
Application_1118285538,Other
Application_895080467,Other
Application_1820031477,Accepted
Application_644676641,Accepted
Application_33783000,Other
Application_1545657501,Other
Application_1739393099,Other
Application_1792947271,Other
Application_1157763450,Accepted
Application_719403172,Other
Application_1435433537,Accepted
Application_1184136764,Other
Application_362288598,Accepted
Application_530276026,Accepted
Application_399954525,Other
Application_84199188,Other
Application_1252085352,Other
Application_902334074,Accepted
Application_1830730638,Other
Application_1199025487,Accepted
Application_1523431519,Other
Application_313466396,Other
Application_132751380,Accepted
Application_1746634702,Other
Application_1515048838,Accepted
Application_2104801019,Accepted
Application_1099008963,Other
Application_1031358870,Other
Application_1380669503,Accepted
Application_1663112260,Other
Application_1509893441,Accepted
Application_196506342,Accepted
Application_385754421,Other
Application_300621338,Accepted
Application_23650198,Other
Application_1956052238,Other
Application_1526642233,Accepted
Application_692585281,Other
Application_308324526,Accepted
Application_7676765,Accepted
Application_56167951,Other
Application_415073084,Other
Application_65350051,Other
Application_781536302,Other
Application_2108725266,Other
Application_207239610,Other
Application_994374813,Other
Application_2057586954,Accepted
Application_342089681,Other
Application_1734480722,Accepted
Application_1245020613,Accepted
Application_269713661,Other
Application_1284590362,Other
Application_1844867783,Accepted
Application_1860323632,Other
Application_374963361,Other
Application_699153704,Other
Application_1027561874,Other
Application_1463017895,Other
Application_1892946911,Accepted
Application_83648929,Accepted
Application_783000399,Other
Application_261637741,Other
Application_174118977,Other
Application_1365788972,Accepted
Application_685516265,Other
Application_1316473833,Other
Application_1215360266,Accepted
Application_1815535233,Other
Application_1000334415,Other
Application_172748181,Other
Application_395932112,Accepted
Application_610543575,Other
Application_1720867879,Other
Application_421921261,Other
Application_374608151,Other
Application_1080344458,Other
Application_884351994,Accepted
Application_495329826,Other
Application_1753076519,Accepted
Application_81002175,Accepted
Application_461125745,Other
Application_395304737,Accepted
Application_1577074476,Accepted
Application_774518756,Accepted
Application_1142409166,Other
Application_1466827336,Other
Application_753585685,Other
Application_496553592,Accepted
Application_1394374925,Other
Application_1824440334,Other
Application_1006458332,Accepted
Application_1652695429,Other
Application_2065212129,Other
Application_554480592,Other
Application_1789319384,Other
Application_1432123575,Other
Application_1825959865,Other
Application_359831672,Accepted
Application_1396303697,Other
Application_524828580,Other
Application_680226175,Accepted
Application_548370984,Other
Application_677929265,Other
Application_1756490624,Accepted
Application_1407713538,Other
Application_978031084,Other
Application_1916375185,Other
Application_1121339728,Other
Application_1573870055,Other
Application_1422251852,Other
Application_578946592,Accepted
Application_961455404,Accepted
Application_1803529283,Accepted
Application_1487527238,Other
Application_1909871555,Other
Application_829358227,Other
Application_2004102943,Other
Application_1461070581,Other
Application_71554822,Accepted
Application_433848400,Accepted
Application_148404117,Accepted
Application_1371700111,Accepted
Application_143112561,Accepted
Application_1432738029,Other
Application_651189090,Accepted
Application_1144179405,Accepted
Application_1003963311,Accepted
Application_2094527017,Accepted
Application_641614146,Other
Application_1336827722,Other
Application_1019687793,Other
Application_796344198,Other
Application_1323660280,Other
Application_1151915752,Accepted
Application_1800727100,Other
Application_824407416,Accepted
Application_1991304445,Other
Application_115002111,Other
Application_1793327000,Other
Application_1657769363,Other
Application_828348384,Accepted
Application_273406393,Accepted
Application_1735598790,Accepted
Application_1419573401,Accepted
Application_434504338,Other
Application_1923705639,Accepted
Application_640195112,Other
Application_1352656849,Accepted
Application_1919882360,Accepted
Application_300074728,Other
Application_649773411,Accepted
Application_1349749547,Accepted
Application_459887640,Other
Application_247634648,Other
Application_68384482,Other
Application_858444688,Other
Application_609844204,Accepted
Application_461219276,Other
Application_238260016,Other
Application_86184488,Other
Application_425140931,Other
Application_835956737,Other
Application_274061829,Accepted
Application_1910665464,Other
Application_2059946181,Other
Application_1615935014,Accepted
Application_1555861521,Other
Application_1985514481,Accepted
Application_1762050503,Other
Application_53171152,Other
Application_572215303,Other
Application_753387097,Other
Application_163326803,Accepted
Application_537055635,Other
Application_1665394241,Accepted
Application_1129158483,Accepted
Application_1635851785,Other
Application_1073544742,Other
Application_2022118906,Other
Application_2083312302,Other
Application_962958398,Other
Application_1378544711,Other
Application_2095055090,Other
Application_2010386944,Other
Application_1398759050,Accepted
Application_2059148687,Other
Application_118946914,Accepted
Application_1490960027,Other
Application_2099361259,Accepted
Application_1437765669,Accepted
Application_1834532024,Accepted
Application_383569754,Accepted
Application_1527082105,Accepted
Application_476337213,Other
Application_749258507,Accepted
Application_2056604415,Other
Application_656195315,Other
Application_520418807,Other
Application_183825585,Other
Application_1072740747,Other
Application_1729290911,Accepted
Application_1918980127,Other
Application_2198237,Other
Application_809356969,Accepted
Application_1006996577,Other
Application_777412650,Other
Application_1804461781,Other
Application_2019753121,Other
Application_1841580589,Accepted
Application_1469635127,Accepted
Application_1692817590,Accepted
Application_770111401,Other
Application_1340703774,Other
Application_1522107668,Accepted
Application_543554091,Other
Application_973187266,Other
Application_591063206,Other
Application_237210806,Other
Application_1058918555,Other
Application_1762326619,Other
Application_419564166,Other
Application_204668561,Other
Application_781937215,Other
Application_385581020,Other
Application_60899254,Other
Application_1636309897,Other
Application_1310033199,Other
Application_1135575063,Accepted
Application_864229685,Accepted
Application_779428150,Other
Application_252844139,Accepted
Application_1644341840,Other
Application_1359780350,Other
Application_219440919,Other
Application_973468393,Accepted
Application_216896195,Accepted
Application_834364871,Accepted
Application_218073218,Other
Application_646705408,Accepted
Application_299035755,Accepted
Application_1483136797,Other
Application_1373175446,Other
Application_213736891,Accepted
Application_942520788,Accepted
Application_2016299275,Other
Application_1367409326,Other
Application_1863577085,Other
Application_1940621799,Accepted
Application_1144464483,Other
Application_761430948,Accepted
Application_1142835445,Other
Application_1486566642,Other
Application_1777426659,Other
Application_1142473237,Accepted
Application_1349621569,Other
Application_1004581995,Other
Application_1500916629,Accepted
Application_185837798,Other
Application_427431662,Accepted
Application_1918768658,Other
Application_987998742,Accepted
Application_1097801713,Accepted
Application_408556605,Accepted
Application_1106146918,Other
Application_210708192,Other
Application_1342644312,Other
Application_1859331474,Accepted
Application_2073985261,Other
Application_991151505,Accepted
Application_1841985459,Other
Application_229331392,Accepted
Application_880047994,Other
Application_665947856,Other
Application_375232386,Other
Application_1464219119,Other
Application_1558682423,Other
Application_22269699,Other
Application_731883220,Other
Application_302362725,Other
Application_1951224038,Other
Application_1491902676,Other
Application_407420577,Other
Application_1555216362,Other
Application_1522309222,Other
Application_1096935499,Accepted
Application_607461585,Other
Application_257756026,Accepted
Application_1340690340,Other
Application_1900887647,Other
Application_376102281,Accepted
Application_1020410553,Other
Application_830101215,Other
Application_1911387790,Other
Application_1402086483,Other
Application_53706288,Other
Application_642994054,Other
Application_1400293382,Accepted
Application_936240090,Other
Application_425516740,Other
Application_554486326,Other
Application_933763277,Accepted
Application_260635392,Other
Application_72294864,Other
Application_129823529,Other
Application_2018242966,Other
Application_71540484,Other
Application_1360332664,Other
Application_2074047705,Accepted
Application_453427590,Accepted
Application_918402221,Other
Application_2009997839,Other
Application_495489073,Accepted
Application_2076729397,Other
Application_842227057,Other
Application_1217079506,Other
Application_1135612114,Other
Application_772782980,Other
Application_1906337896,Other
Application_87811774,Other
Application_994170286,Accepted
Application_1159673576,Accepted
Application_1605931329,Other
Application_834958339,Accepted
Application_524225454,Other
Application_485567867,Other
Application_712950422,Accepted
Application_1987616880,Other
Application_724099643,Other
Application_273258905,Accepted
Application_1355603725,Other
Application_905303516,Other
Application_275916200,Other
Application_489389643,Accepted
Application_73780007,Accepted
Application_1420447414,Other
Application_704011971,Accepted
Application_1205317613,Other
Application_1266063301,Accepted
Application_276032943,Other
Application_908162786,Other
Application_787472721,Accepted
Application_634640665,Other
Application_971453594,Accepted
Application_112338697,Other
Application_473510768,Other
Application_1991000839,Accepted
Application_1151703611,Accepted
Application_1872419959,Accepted
Application_172263181,Other
Application_1100923574,Accepted
Application_1045823875,Accepted
Application_1943145469,Other
Application_654711632,Other
Application_204040056,Accepted
Application_2049346502,Accepted
Application_1581333752,Accepted
Application_1223346952,Other
Application_140532189,Other
Application_1939215595,Accepted
Application_268099517,Other
Application_900169893,Other
Application_1290027081,Other
Application_2052500677,Other
Application_603543740,Other
Application_1075108328,Other
Application_904577400,Accepted
Application_894147543,Accepted
Application_1260314497,Other
Application_1224276686,Accepted
Application_1717037689,Other
Application_80028517,Other
Application_1988576361,Other
Application_1219660597,Accepted
Application_2074742722,Accepted
Application_1002961837,Other
Application_1635252169,Other
Application_1993385704,Other
Application_1060240430,Other
Application_491239496,Accepted
Application_141430358,Accepted
Application_874076579,Accepted
Application_1510226718,Other
Application_2141432503,Other
Application_78786276,Accepted
Application_877790321,Accepted
Application_553050461,Accepted
Application_177611812,Other
Application_913457474,Accepted
Application_890418181,Other
Application_400033749,Other
Application_211023085,Other
Application_897289138,Accepted
Application_572917575,Other
Application_1592873834,Accepted
Application_1232645495,Other
Application_1556895219,Accepted
Application_601584106,Other
Application_1663335005,Other
Application_1474270845,Accepted
Application_1999187497,Other
Application_2106083287,Other
Application_188710799,Accepted
Application_1667206692,Other
Application_1626355218,Other
Application_1975895085,Other
Application_1687087924,Other
Application_1036317008,Accepted
Application_535771661,Other
Application_1978831126,Accepted
Application_819824590,Other
Application_605062251,Other
Application_1040163465,Accepted
Application_1254754311,Other
Application_1679569134,Accepted
Application_1613835444,Other
Application_574500271,Other
Application_1244373099,Other
Application_1425508093,Other
Application_956677231,Accepted
Application_505370344,Accepted
Application_1335792057,Other
Application_179760118,Accepted
Application_529212589,Other
Application_1642837861,Accepted
Application_811251555,Other
Application_1975819852,Other
Application_318566185,Other
Application_1644913907,Accepted
Application_1979038815,Other
Application_1605988098,Other
Application_1829333594,Accepted
Application_26410828,Accepted
Application_1608206447,Other
Application_1831068372,Other
Application_1331999502,Accepted
Application_1684132908,Other
Application_812661774,Other
Application_889580394,Other
Application_564767878,Other
Application_509763524,Accepted
Application_949948255,Other
Application_166072087,Accepted
Application_533688408,Other
Application_318986510,Other
Application_1463307023,Accepted
Application_1113638665,Other
Application_1047117595,Other
Application_193801347,Accepted
Application_1906584253,Other
Application_2047183078,Accepted
Application_1701993832,Accepted
Application_2024261695,Other
Application_1392695197,Other
Application_1703306016,Other
Application_809736242,Other
Application_1134285154,Accepted
Application_960114937,Accepted
Application_2086905767,Accepted
Application_546939502,Accepted
Application_1295740769,Accepted
Application_2052097606,Accepted
Application_1893221184,Other
Application_519596393,Other
Application_1312762918,Other
Application_236745644,Other
Application_1922999248,Other
Application_1552917690,Accepted
Application_714735427,Accepted
Application_1551651697,Other
Application_1305849339,Other
Application_1453597657,Accepted
Application_1661434114,Accepted
Application_1446528775,Other
Application_1344175120,Other
Application_1306222263,Other
Application_544198948,Accepted
Application_251968852,Accepted
Application_1658891881,Other
Application_1343156220,Accepted
Application_976276424,Other
Application_86413773,Accepted
Application_541701108,Other
Application_1552421118,Accepted
Application_722472932,Other
Application_1105840098,Accepted
Application_684339494,Other
Application_50247804,Accepted
Application_172981091,Accepted
Application_1577667494,Other
Application_810820593,Other
Application_765274390,Accepted
Application_1127998853,Other
Application_1995236148,Other
Application_231454108,Accepted
Application_589627682,Accepted
Application_1055513619,Accepted
Application_1268880064,Other
Application_1445089965,Other
Application_1634757221,Other
Application_1000956993,Accepted
Application_557873610,Other
Application_1627074399,Other
Application_199016477,Other
Application_582367280,Other
Application_54095481,Other
Application_799949033,Other
Application_1802940331,Other
Application_1014798002,Other
Application_139199965,Other
Application_800079964,Other
Application_1803759725,Accepted
Application_2107605056,Other
Application_413990914,Other
Application_1488370615,Other
Application_1327638315,Other
Application_291708561,Other
Application_628825355,Other
Application_2123365055,Accepted
Application_830173525,Other
Application_1163088723,Accepted
Application_696885521,Accepted
Application_1042227438,Other
Application_1299815019,Accepted
Application_537432322,Other
Application_510051851,Other
Application_100896625,Other
Application_1224187740,Other
Application_1548361729,Other
Application_155812367,Accepted
Application_339059703,Other
Application_69496645,Other
Application_1927619809,Accepted
Application_869772657,Accepted
Application_1733347365,Other
Application_1132386159,Other
Application_68183680,Other
Application_1775373279,Accepted
Application_1480415258,Other
Application_1560578035,Accepted
Application_1555543463,Accepted
Application_1713985535,Other
Application_664511621,Other
Application_1014252876,Other
Application_1750627497,Other
Application_1773402025,Other
Application_1438793271,Other
Application_727155455,Accepted
Application_698254485,Other
Application_323183680,Other
Application_1579912928,Other
Application_60253162,Accepted
Application_551063414,Accepted
Application_639123732,Accepted
Application_1475706322,Other
Application_1620695939,Other
Application_318617520,Other
Application_146413236,Accepted
Application_354927185,Accepted
Application_770819033,Accepted
Application_1810466042,Accepted
Application_1402548352,Other
Application_1513278605,Other
Application_1003445359,Accepted
Application_79359653,Other
Application_421846619,Accepted
Application_1566042151,Other
Application_730212839,Other
Application_908785783,Other
Application_280142578,Accepted
Application_1801593563,Other
Application_1887761094,Other
Application_1762773036,Other
Application_877940586,Other
Application_1268337735,Other
Application_1943400958,Other
Application_804868298,Other
Application_841071833,Other
Application_1578331830,Other
Application_384806851,Other
Application_1000856802,Accepted
Application_1767608602,Accepted
Application_1855943606,Other
Application_140984179,Accepted
Application_322367520,Other
Application_362983989,Accepted
Application_1222104230,Other
Application_860025418,Other
Application_1015084008,Accepted
Application_282860911,Accepted
Application_775664139,Other
Application_59529029,Other
Application_1257036566,Other
Application_1842233998,Accepted
Application_894317228,Other
Application_941150522,Other
Application_1821063313,Other
Application_778813911,Other
Application_454974388,Accepted
Application_1225916510,Accepted
Application_1580686522,Other
Application_2086671549,Accepted
Application_1126819506,Other
Application_1223117710,Other
Application_1193086945,Other
Application_1577651263,Accepted
Application_1135403141,Other
Application_81891881,Other
Application_1484486980,Other
Application_1634958716,Other
Application_1301265494,Other
Application_1659335205,Other
Application_1418246037,Other
Application_216123233,Accepted
Application_2017109778,Other
Application_971436157,Accepted
Application_557828251,Accepted
Application_199815507,Other
Application_250395760,Other
Application_1803089540,Other
Application_1047090326,Accepted
Application_327054906,Other
Application_958544615,Other
Application_544021371,Accepted
Application_1553414615,Accepted
Application_1599824725,Accepted
Application_473146964,Other
Application_154276965,Accepted
Application_1482372625,Other
Application_2049851575,Accepted
Application_920252295,Other
Application_1973796032,Other
Application_1788128933,Other
Application_1871356927,Accepted
Application_942436952,Other
Application_988511725,Other
Application_1791533955,Accepted
Application_455598992,Accepted
Application_274240684,Other
Application_359420421,Accepted
Application_9854615,Accepted
Application_1252179918,Other
Application_1073216299,Other
Application_2139370843,Other
Application_1088516784,Accepted
Application_1438232150,Accepted
Application_1073143855,Other
Application_1011711759,Other
Application_1772274434,Other
Application_1792543928,Other
Application_750239463,Accepted
Application_1070475605,Accepted
Application_1933961581,Other
Application_1447070617,Other
Application_1073389432,Accepted
Application_1398272799,Other
Application_1773093189,Other
Application_2097118181,Accepted
Application_469061889,Other
Application_284945100,Accepted
Application_8061241,Accepted
Application_1386516832,Other
Application_5291332,Other
Application_1006457880,Other
Application_648606653,Other
Application_357149882,Other
Application_7047514,Other
Application_2143310324,Accepted
Application_1075443119,Accepted
Application_218707596,Other
Application_76750077,Other
Application_281200611,Other
Application_1874286045,Accepted
Application_801069570,Other
Application_1007501706,Other
Application_427432282,Accepted
Application_1076113152,Accepted
Application_1140438880,Other
Application_1919894156,Other
Application_1561614652,Other
Application_774189092,Accepted
Application_936073934,Other
Application_1223286385,Other
Application_1909900921,Other
Application_359567454,Other
Application_1549450256,Other
Application_1193046535,Other
Application_1407514455,Accepted
Application_1909407818,Accepted
Application_2124248870,Accepted
Application_1804714332,Other
Application_309268049,Accepted
Application_1190730157,Other
Application_866486447,Accepted
Application_1806758903,Accepted
Application_1526860350,Accepted
Application_2126056212,Accepted
Application_1301894087,Accepted
Application_1491299231,Other
Application_1663969744,Other
Application_547663015,Other
Application_906001961,Accepted
Application_219257383,Other
Application_19361335,Accepted
Application_924911278,Accepted
Application_920390174,Accepted
Application_865876796,Other
Application_91268185,Accepted
Application_748008952,Other
Application_974806669,Accepted
Application_326098909,Accepted
Application_1776218215,Other
Application_1331508870,Other
Application_1919142070,Accepted
Application_1696302685,Other
Application_850787108,Accepted
Application_1298411523,Accepted
Application_940497849,Other
Application_578302511,Accepted
Application_359180287,Other
Application_364887335,Accepted
Application_2047033461,Other
Application_1923634832,Accepted
Application_874966886,Accepted
Application_224819318,Accepted
Application_461817620,Other
Application_145404952,Other
Application_1739369075,Accepted
Application_1445606790,Other
Application_311195415,Other
Application_130226032,Other
Application_2069890013,Accepted
Application_1779614169,Other
Application_1501286336,Other
Application_46909223,Accepted
Application_1054711891,Other
Application_1277915446,Other
Application_2063997760,Other
Application_1451281752,Accepted
Application_1227857757,Other
Application_1506044705,Other
Application_1020606169,Accepted
Application_704781974,Other
Application_10142236,Other
Application_352307284,Accepted
Application_1152402914,Other
Application_2108527232,Other
Application_1229780540,Other
Application_1579405556,Accepted
Application_862970141,Accepted
Application_55192217,Accepted
Application_237359086,Accepted
Application_323638871,Other
Application_142398431,Accepted
Application_1319896089,Other
Application_940894656,Accepted
Application_996578249,Other
Application_497088642,Other
Application_720418044,Other
Application_2072055182,Accepted
Application_1372628437,Other
Application_1648615557,Other
Application_1425181046,Accepted
Application_1947247158,Accepted
Application_2124547388,Accepted
Application_934028989,Other
Application_575864845,Other
Application_1631586007,Other
Application_716799928,Accepted
Application_684707406,Other
Application_537326668,Other
Application_718535062,Accepted
Application_1151897755,Other
Application_501417923,Accepted
Application_1012691702,Other
Application_1185244417,Other
Application_1328770574,Other
Application_2141937893,Other
Application_1768973199,Other
Application_1453193170,Accepted
Application_1826921669,Other
Application_2142897957,Other
Application_1316854802,Other
Application_381941069,Accepted
Application_942304082,Other
Application_2143365352,Other
Application_1321493205,Other
Application_1767118310,Accepted
Application_1408897506,Accepted
Application_1067660857,Accepted
Application_199683266,Accepted
Application_1169268566,Accepted
Application_230044603,Accepted
Application_820121280,Other
Application_706419935,Accepted
Application_312029068,Other
Application_46179621,Accepted
Application_1263664452,Other
Application_1610815101,Accepted
Application_1320002231,Accepted
Application_1096227309,Other
Application_1475471270,Other
Application_1388526517,Other
Application_373274571,Other
Application_689335930,Accepted
Application_671576430,Other
Application_267548961,Other
Application_22921733,Accepted
Application_1570123628,Accepted
Application_379816683,Other
Application_867253457,Other
Application_197375392,Accepted
Application_1966735924,Accepted
Application_195447073,Other
Application_1485290813,Accepted
Application_591970869,Other
Application_1314960758,Accepted
Application_1829244352,Accepted
Application_1101222352,Other
Application_202897239,Other
Application_1392194089,Other
Application_1489308693,Other
Application_869518417,Other
Application_1579510520,Other
Application_1966757636,Other
Application_1949126654,Other
Application_2110566400,Accepted
Application_1946370907,Other
Application_1307289447,Other
Application_2088770085,Other
Application_1258325449,Accepted
Application_925588728,Other
Application_1287496139,Other
Application_573007376,Accepted
Application_889055514,Other
Application_935542778,Other
Application_1251427728,Other
Application_184677584,Other
Application_1728179072,Other
Application_1479752026,Other
Application_150536803,Other
Application_212437995,Accepted
Application_1988821188,Other
Application_516854571,Accepted
Application_833501732,Accepted
Application_70071745,Other
Application_481960071,Other
Application_33533430,Other
Application_1116413269,Other
Application_79852564,Accepted
Application_1293962191,Other
Application_1155624509,Other
Application_2118970714,Other
Application_1797773180,Other
Application_210652211,Other
Application_1977762225,Accepted
Application_441958769,Other
Application_288609505,Other
Application_478290782,Accepted
Application_1865318513,Accepted
Application_1962306771,Accepted
Application_492220493,Other
Application_1370196485,Accepted
Application_1741539429,Other
Application_1552077093,Accepted
Application_1227290065,Accepted
Application_649460876,Other
Application_1988514168,Accepted
Application_1293507681,Accepted
Application_1447035929,Accepted
Application_1223388090,Accepted
Application_794627224,Other
Application_1153327019,Other
Application_2025650024,Other
Application_79383594,Accepted
Application_728269195,Other
Application_437492472,Accepted
Application_427826420,Accepted
Application_246711110,Accepted
Application_402212681,Accepted
Application_1417431878,Other
Application_1708255292,Other
Application_1038561200,Other
Application_1194267259,Other
Application_1220369667,Other
Application_230511974,Other
Application_407174810,Other
Application_372320382,Accepted
Application_1418654903,Accepted
Application_702246299,Accepted
Application_267906508,Accepted
Application_853514718,Other
Application_513923819,Accepted
Application_1288901902,Accepted
Application_791232914,Other
Application_2089954598,Other
Application_1330702613,Accepted
Application_1165590028,Other
Application_1701285332,Other
Application_344579357,Other
Application_985017248,Other
Application_1882231829,Other
Application_1303619378,Accepted
Application_68144453,Accepted
Application_2061248118,Other
Application_987038050,Other
Application_193594092,Accepted
Application_2062350182,Accepted
Application_369187214,Accepted
Application_823496063,Other
Application_286126166,Other
Application_291533069,Other
Application_923524887,Accepted
Application_1139122833,Other
Application_367897050,Accepted
Application_930073139,Other
Application_153391913,Other
Application_56402689,Other
Application_1313444309,Other
Application_384475636,Accepted
Application_1705896341,Other
Application_989960968,Accepted
Application_2030381139,Accepted
Application_1590611073,Other
Application_1148233536,Other
Application_2072649253,Accepted
Application_1915727808,Other
Application_346466308,Accepted
Application_959155021,Other
Application_987876406,Other
Application_1489302537,Other
Application_1749023215,Other
Application_1507897801,Accepted
Application_348671098,Accepted
Application_961957338,Other
Application_1058516441,Accepted
Application_1745486032,Other
Application_727911915,Accepted
Application_2131850883,Accepted
Application_1689489318,Other
Application_501343879,Other
Application_1691187689,Other
Application_1510106241,Other
Application_707862325,Accepted
Application_1900010361,Other
Application_2010223346,Accepted
Application_2061502784,Other
Application_1710821235,Other
Application_247469104,Other
Application_1142285447,Other
Application_1073264363,Accepted
Application_1245901388,Accepted
Application_602576566,Other
Application_660685996,Other
Application_280015131,Other
Application_213692545,Other
Application_490551332,Other
Application_591424389,Other
Application_368168051,Accepted
Application_292396690,Other
Application_1275011377,Other
Application_478813862,Other
Application_1935719366,Accepted
Application_1654636815,Other
Application_416891627,Other
Application_539520165,Other
Application_1250712732,Accepted
Application_724017823,Accepted
Application_2112013769,Other
Application_1147004446,Other
Application_982963488,Accepted
Application_2074100628,Other
Application_1749803264,Accepted
Application_139275961,Accepted
Application_316027075,Accepted
Application_183895888,Accepted
Application_532424186,Other
Application_317474514,Other
Application_1830913642,Accepted
Application_630017020,Other
Application_672286474,Other
Application_178887399,Other
Application_1074320641,Other
Application_1837246755,Accepted
Application_631741672,Other
Application_442359304,Other
Application_1245828926,Other
Application_896125889,Other
Application_1524252048,Accepted
Application_1081940695,Accepted
Application_892468948,Other
Application_174310919,Other
Application_449589279,Other
Application_2013315899,Accepted
Application_1972382292,Accepted
Application_2064979349,Accepted
Application_187739322,Other
Application_136764955,Other
Application_1067992623,Accepted
Application_1257163754,Other
Application_1134689967,Accepted
Application_1887795284,Other
Application_171684004,Accepted
Application_511027380,Other
Application_186763230,Other
Application_1961979075,Other
Application_1269209878,Other
Application_514052232,Other
Application_1008803681,Other
Application_1404710242,Accepted
Application_1093899105,Other
Application_911736403,Other
Application_1085547103,Accepted
Application_1998921635,Accepted
Application_1447256897,Other
Application_1963884155,Other
Application_1134126556,Other
Application_10661478,Accepted
Application_1331255359,Other
Application_2059165420,Other
Application_106508308,Other
Application_1125858300,Accepted
Application_868953340,Accepted
Application_263519394,Other
Application_1368156696,Other
Application_1009921342,Other
Application_1345659499,Other
Application_649198720,Other
Application_219236433,Other
Application_957800172,Other
Application_605937832,Other
Application_1541142118,Other
Application_1500651966,Accepted
Application_803081978,Other
Application_542387968,Other
Application_1696462954,Accepted
Application_1371538732,Accepted
Application_1191916967,Other
Application_2039268034,Accepted
Application_2040998289,Other
Application_107527808,Other
Application_105679391,Accepted
Application_1110003824,Other
Application_1838808639,Other
Application_622513509,Other
Application_837433482,Accepted
Application_1905365934,Other
Application_224422385,Other
Application_727399275,Other
Application_1107928718,Accepted
Application_1297235279,Other
Application_538760293,Accepted
Application_670012525,Accepted
Application_260963824,Other
Application_1343438671,Accepted
Application_224037937,Accepted
Application_1709553007,Accepted
Application_1810164748,Other
Application_1620692641,Other
Application_624559576,Other
Application_300270464,Accepted
Application_1494352861,Other
Application_1896949629,Other
Application_840848027,Accepted
Application_1666118648,Accepted
Application_731298327,Other
Application_1493226100,Accepted
Application_1872571979,Other
Application_2062593321,Other
Application_86317716,Other
Application_1304411255,Accepted
Application_483020781,Other
Application_1445430212,Accepted
Application_268523137,Other
Application_1342824235,Other
Application_985110357,Other
Application_1163666739,Accepted
Application_1035434106,Other
Application_385867478,Other
Application_1827717115,Other
Application_1468608055,Other
Application_1717349009,Accepted
Application_1041893740,Other
Application_735623120,Other
Application_554443342,Accepted
Application_1611102005,Other
Application_393670409,Accepted
Application_1720608833,Accepted
Application_1894649110,Accepted
Application_1440059819,Accepted
Application_356892787,Accepted
Application_175574022,Other
Application_1891300899,Accepted
Application_1600812392,Accepted
Application_400031749,Other
Application_1259690237,Other
Application_2051234496,Other
Application_1339057059,Other
Application_1031161811,Other
Application_257928635,Other
Application_47791846,Other
Application_973860151,Other
Application_1121309546,Accepted
Application_1622583859,Other
Application_1815576897,Accepted
Application_1862489549,Accepted
Application_1112791540,Other
Application_1934358787,Other
Application_408948727,Other
Application_1865080562,Other
Application_33745946,Other
Application_962788627,Other
Application_1750700652,Accepted
Application_1847033425,Other
Application_1253832504,Other
Application_31043467,Other
Application_974307330,Accepted
Application_1462724514,Accepted
Application_261759597,Other
Application_1157543891,Other
Application_1469141944,Accepted
Application_1405856906,Other
Application_453619314,Other
Application_205016484,Accepted
Application_310079444,Accepted
Application_1959403091,Other
Application_1852677359,Other
Application_1243698113,Accepted
Application_1778672379,Other
Application_1779843639,Other
Application_1964342743,Accepted
Application_1856358573,Other
Application_1248474304,Other
Application_1624710371,Accepted
Application_1411578912,Other
Application_1965517564,Other
Application_308095854,Other
Application_93068183,Accepted
Application_387778376,Other
Application_1459006277,Other
Application_827202333,Other
Application_455525330,Other
Application_195476432,Other
Application_1010284825,Accepted
Application_1024263335,Other
Application_1903879559,Accepted
Application_2107300596,Other
Application_308361144,Accepted
Application_1391268046,Accepted
Application_1135544901,Accepted
Application_52801376,Other
Application_554013936,Other
Application_2102452744,Accepted
Application_1398993677,Accepted
Application_1777308389,Accepted
Application_313335774,Other
Application_663134091,Other
Application_984170071,Other
Application_1012695759,Other
Application_2106162333,Other
Application_673586593,Other
Application_46167977,Other
Application_54960489,Accepted
Application_526635436,Accepted
Application_192814577,Accepted
Application_1955520751,Other
Application_2125902177,Accepted
Application_912713238,Accepted
Application_1768009192,Accepted
Application_1989379038,Accepted
Application_772130537,Other
Application_700488110,Accepted
Application_1767669319,Accepted
Application_1644458040,Other
Application_1892920379,Accepted
Application_1096662178,Other
Application_157964662,Other
Application_1727916264,Accepted
Application_1240161970,Other
Application_1158595885,Other
Application_240331637,Accepted
Application_970805882,Accepted
Application_591424745,Other
Application_275466236,Other
Application_292751090,Other
Application_672288298,Other
Application_111948795,Other
Application_189501459,Other
Application_573074683,Accepted
Application_1798321158,Accepted
Application_2138666881,Other
Application_703707186,Accepted
Application_185779474,Other
Application_327753891,Other
Application_1507233481,Other
Application_663932945,Accepted
Application_1433157049,Accepted
Application_1276631866,Other
Application_1897968921,Other
Application_1895804164,Other
Application_1466127021,Other
Application_1705892464,Accepted
Application_2012468106,Other
Application_641585935,Other
Application_1823739665,Accepted
Application_1524582653,Other
Application_1137624858,Other
Application_1885869697,Other
Application_2130486641,Other
Application_1357719645,Other
Application_1648376407,Other
Application_1464650714,Other
Application_535579384,Other
Application_1357274410,Other
Application_643008287,Other
Application_2115402969,Other
Application_1753625106,Other
Application_1709163481,Accepted
Application_1167800799,Other
Application_1936992146,Other
Application_1864995319,Other
Application_264477800,Accepted
Application_496755201,Other
Application_812966780,Accepted
Application_389809813,Accepted
Application_263022572,Accepted
Application_808248259,Accepted
Application_2106660583,Accepted
Application_58809127,Other
Application_1133544291,Other
Application_1642837481,Other
Application_414880730,Accepted
Application_1035516498,Other
Application_1755488383,Other
Application_1465496190,Other
Application_1216723425,Other
Application_557656772,Other
Application_1852072938,Accepted
Application_1003896153,Other
Application_2077213998,Accepted
Application_1851246856,Accepted
Application_1867093856,Other
Application_1218735860,Accepted
Application_1218424359,Other
Application_1867949220,Accepted
Application_279346302,Other
Application_90587051,Accepted
Application_1860254570,Other
Application_2107941711,Other
Application_40403797,Accepted
Application_907576698,Other
Application_519115732,Other
Application_291184029,Other
Application_1229673502,Other
Application_797832883,Accepted
Application_649459695,Other
Application_2094684535,Other
Application_1430356727,Other
Application_609492600,Accepted
Application_432451384,Accepted
Application_1525694,Accepted
Application_782205831,Other
Application_1212002594,Accepted
Application_1844144971,Accepted
Application_799980852,Accepted
Application_472082312,Other
Application_29412323,Other
Application_1105217525,Accepted
Application_1303359620,Accepted
Application_286531657,Other
Application_863777202,Other
Application_345353913,Accepted
Application_602593449,Other
Application_473723128,Other
Application_1244791797,Other
Application_1878722433,Accepted
Application_649633662,Other
Application_1223939500,Accepted
Application_1476910902,Accepted
Application_971158179,Other
Application_1689013387,Accepted
Application_1730778542,Other
Application_13566959,Other
Application_2046912216,Other
Application_2099049982,Accepted
Application_592613102,Other
Application_1517844614,Other
Application_1702391411,Other
Application_942962556,Other
Application_425479326,Other
Application_1280739667,Other
Application_615181158,Other
Application_1299580563,Accepted
Application_2015658629,Other
Application_2095575918,Other
Application_342934243,Accepted
Application_1154486468,Accepted
Application_150900105,Accepted
Application_778712269,Other
Application_1010651948,Accepted
Application_1484409712,Accepted
Application_563878900,Other
Application_1225326734,Other
Application_1095167685,Other
Application_1878973527,Other
Application_1045189910,Accepted
Application_1869871087,Other
Application_1511838611,Accepted
Application_1709214037,Other
Application_2059261703,Accepted
Application_2065321001,Other
Application_1523673583,Other
Application_963128909,Other
Application_2141730530,Other
Application_1308570195,Other
Application_286054641,Other
Application_1361395486,Accepted
Application_91519769,Accepted
Application_987445453,Other
Application_2057881610,Other
Application_277915077,Accepted
Application_105563544,Other
Application_88365291,Accepted
Application_278710468,Other
Application_1413836638,Other
Application_659941685,Other
Application_273143422,Other
Application_460231462,Other
Application_2089281787,Accepted
Application_653416174,Other
Application_2013353236,Accepted
Application_1313031925,Other
Application_274949367,Accepted
Application_103945820,Accepted
Application_1309529098,Other
Application_416175396,Other
Application_844675942,Other
Application_99096400,Other
Application_1017917646,Other
Application_1380243291,Other
Application_410062967,Other
Application_759655308,Other
Application_1021582856,Other
Application_1388065031,Other
Application_1559050764,Accepted
Application_842802657,Accepted
Application_1207159027,Other
Application_2058344455,Other
Application_931038541,Other
Application_151742199,Accepted
Application_2093140915,Other
Application_2029149892,Accepted
Application_2030869901,Other
Application_1913809630,Accepted
Application_501796860,Other
Application_1449427873,Other
Application_1917369003,Other
Application_944606246,Accepted
Application_501149449,Accepted
Application_947922359,Accepted
Application_1448901947,Other
Application_699122241,Accepted
Application_690217501,Other
Application_1269315641,Other
Application_944236777,Accepted
Application_682967150,Accepted
Application_241032573,Other
Application_51211619,Accepted
Application_1631104025,Other
Application_149979612,Accepted
Application_2026854646,Other
Application_839952915,Accepted
Application_1146722050,Accepted
Application_58729520,Accepted
Application_164609752,Other
Application_387839828,Accepted
Application_1810312402,Accepted
Application_1148459765,Accepted
Application_1266312110,Accepted
Application_1094817175,Other
Application_1452738787,Accepted
Application_59682513,Other
Application_386822902,Accepted
Application_1455140638,Accepted
Application_1813304374,Other
Application_1092805390,Other
Application_256120907,Accepted
Application_1274923024,Other
Application_1452533285,Other
Application_1092109071,Accepted
Application_1635182798,Other
Application_1621926220,Accepted
Application_1398694173,Other
Application_507351896,Other
Application_56433055,Accepted
Application_2092282682,Accepted
Application_1300987441,Other
Application_179575792,Accepted
Application_897293969,Other
Application_534816743,Accepted
Application_176498770,Accepted
Application_1425374205,Other
Application_1349140702,Accepted
Application_1871480762,Accepted
Application_540203979,Accepted
Application_1009792822,Accepted
Application_1730169957,Other
Application_1911285022,Other
Application_184883322,Other
Application_543040758,Accepted
Application_92011841,Other
Application_1832380796,Accepted
Application_1245252781,Accepted
Application_595364898,Accepted
Application_131607996,Other
Application_192626481,Other
Application_899992630,Accepted
Application_1595937456,Other
Application_1119637300,Accepted
Application_1308060431,Other
Application_2056081913,Other
Application_182712917,Other
Application_397637186,Other
Application_1670072768,Accepted
Application_1084197155,Other
Application_1564009824,Other
Application_1876836940,Accepted
Application_1164875967,Other
Application_1514676753,Accepted
Application_136429674,Other
Application_326005778,Other
Application_1975081369,Other
Application_1753126590,Other
Application_1928935556,Other
Application_114628115,Accepted
Application_888201696,Other
Application_1111551070,Other
Application_1053290780,Accepted
Application_186264451,Other
Application_1941259301,Other
Application_1628949013,Accepted
Application_1277773105,Other
Application_1720139372,Other
Application_1909858229,Accepted
Application_255677723,Other
Application_456023338,Other
Application_2107701581,Other
Application_1572290589,Accepted
Application_574492057,Other
Application_890500471,Other
Application_380097845,Accepted
Application_431300505,Other
Application_423886336,Accepted
Application_997122700,Accepted
Application_782356169,Other
Application_1683062468,Other
Application_86694325,Accepted
Application_579075893,Other
Application_503029520,Accepted
Application_1055618357,Other
Application_1996834612,Accepted
Application_880200347,Other
Application_700306928,Other
Application_1571882566,Other
Application_1213956619,Other
Application_1791857589,Other
Application_1645262001,Accepted
Application_1430274790,Other
Application_1723021859,Accepted
Application_275890298,Accepted
Application_1428675766,Other
Application_1719653091,Other
Application_2044085060,Accepted
Application_104848544,Other
Application_1492885614,Accepted
Application_1330278916,Accepted
Application_299898701,Accepted
Application_1787530703,Other
Application_1594222977,Other
Application_1143452352,Other
Application_1468036663,Accepted
Application_774436640,Accepted
Application_46968866,Accepted
Application_1634791409,Other
Application_1792081975,Accepted
Application_1205477899,Accepted
Application_1663495460,Other
Application_609941821,Accepted
Application_1366108429,Accepted
Application_1555700605,Other
Application_2043974733,Other
Application_148765534,Accepted
Application_40833099,Other
Application_1378349288,Other
Application_2073348075,Accepted
Application_1509581746,Other
Application_1691139412,Accepted
Application_831992514,Other
Application_1190233891,Accepted
Application_1710983268,Other
Application_685892956,Other
Application_998917442,Other
Application_1144806380,Other
Application_620637900,Accepted
Application_204560032,Other
Application_1725718103,Other
Application_653391914,Other
Application_1270478188,Accepted
Application_762814226,Other
Application_910385622,Accepted
Application_1311586201,Other
Application_1577978004,Other
Application_1767523562,Accepted
Application_163177859,Accepted
Application_1634183264,Other
Application_1391645548,Other
Application_2081785037,Other
Application_1829492040,Other
Application_125527090,Other
Application_930400465,Other
Application_946124700,Accepted
Application_997205131,Other
Application_1931588226,Other
Application_1991732843,Other
Application_1953335721,Other
Application_128084187,Other
Application_840367454,Accepted
Application_699936538,Accepted
Application_96414790,Other
Application_875855616,Other
Application_1288948191,Accepted
Application_1711365717,Accepted
Application_1993639458,Other
Application_868901473,Other
Application_1062732443,Other
Application_1345076352,Other
Application_1328658030,Other
Application_1205575527,Other
Application_561027583,Accepted
Application_237526759,Other
Application_1568500508,Other
Application_1893062999,Accepted
Application_2027250869,Accepted
Application_1770364291,Other
Application_397690469,Other
Application_1092904701,Accepted
Application_1353905292,Accepted
Application_630399184,Accepted
Application_461559019,Other
Application_804203944,Accepted
Application_231371260,Other
Application_125735546,Other
Application_2128012720,Other
Application_1462290099,Other
Application_18574705,Accepted
Application_849493463,Accepted
Application_1072579777,Accepted
Application_1457794149,Other
Application_1700535233,Accepted
Application_993171091,Accepted
Application_625857025,Other
Application_2147356192,Accepted
Application_1359751152,Accepted
Application_1691575908,Other
Application_81862801,Accepted
Application_775052104,Other
Application_1065574295,Accepted
Application_410056038,Other
Application_618202849,Other
Application_799154441,Other
Application_839607386,Accepted
Application_456374234,Accepted
Application_413339779,Other
Application_1243522820,Other
Application_1811993938,Other
Application_1495831937,Accepted
Application_1080763304,Other
Application_1460054354,Other
Application_1505184474,Other
Application_852419476,Other
Application_1296612543,Other
Application_938318297,Other
Application_1456957653,Accepted
Application_1551324804,Accepted
Application_986494814,Accepted
Application_598141849,Other
Application_88372811,Other
Application_1293777787,Accepted
Application_1550643436,Other
Application_222827091,Other
Application_598187482,Other
Application_854858714,Accepted
Application_221122976,Other
Application_596049851,Other
Application_1496128141,Accepted
Application_851895556,Other
Application_594581112,Other
Application_595113390,Accepted
Application_235535721,Other
Application_237577413,Other
Application_69914728,Accepted
Application_2073698677,Accepted
Application_1224922215,Other
Application_592136373,Accepted
Application_233989937,Other
Application_1219055263,Other
Application_743200153,Other
Application_144815637,Accepted
Application_2145853328,Other
Application_1670926863,Accepted
Application_1228435455,Accepted
Application_919807065,Accepted
Application_1748551648,Other
Application_1969335807,Other
Application_1220541878,Other
Application_1667108176,Other
Application_146419660,Other
Application_1825309879,Accepted
Application_905072691,Accepted
Application_775422920,Other
Application_1932968376,Other
Application_394946724,Other
Application_592867023,Accepted
Application_914673270,Other
Application_944154674,Other
Application_1294597796,Other
Application_293509225,Other
Application_1639947439,Other
Application_1871548730,Accepted
Application_2018856892,Accepted
Application_565667109,Other
Application_933548333,Other
Application_146904914,Other
Application_1519909793,Other
Application_1221023187,Other
Application_1644723639,Other
Application_1963704196,Other
Application_2006978552,Accepted
Application_727748450,Accepted
Application_1968934644,Other
Application_1531439263,Accepted
Application_1215513637,Accepted
Application_933464832,Other
Application_267197236,Accepted
Application_183481406,Other
Application_1339781817,Other
Application_927374141,Other
Application_131382996,Accepted
Application_281670434,Accepted
Application_1652192703,Other
Application_775647630,Other
Application_1407517703,Accepted
Application_1858689003,Accepted
Application_306776565,Accepted
Application_561417443,Accepted
Application_1648372772,Accepted
Application_1256531358,Other
Application_570165308,Other
Application_1807824668,Other
Application_1959309423,Other
Application_352415567,Other
Application_1245677419,Accepted
Application_1570042343,Accepted
Application_1389114601,Other
Application_1228567666,Other
Application_2050296559,Accepted
Application_719765901,Accepted
Application_363052183,Other
Application_2104538472,Accepted
Application_901149349,Accepted
Application_2036987744,Other
Application_1721495711,Other
Application_1878442588,Accepted
Application_332811786,Other
Application_1175204305,Accepted
Application_614810920,Other
Application_1205027125,Other
Application_1563418612,Other
Application_861069239,Other
Application_2131614944,Accepted
Application_556051128,Accepted
Application_329799527,Accepted
Application_1557573818,Accepted
Application_1559945672,Accepted
Application_1629971398,Other
Application_1965608734,Other
Application_1116878017,Other
Application_686928215,Other
Application_250052548,Accepted
Application_574347873,Accepted
Application_1223404910,Other
Application_183230419,Accepted
Application_364421559,Other
Application_891038118,Accepted
Application_249685016,Other
Application_622068312,Other
Application_1674908659,Other
Application_1106177510,Accepted
Application_1651737074,Other
Application_344293557,Other
Application_1124681080,Other
Application_1237453984,Accepted
Application_1275065414,Other
Application_588758280,Other
Application_154756601,Other
Application_1591765651,Other
Application_1096869611,Accepted
Application_1785045761,Accepted
Application_1941319860,Accepted
Application_658069172,Accepted
Application_1087802012,Accepted
Application_416086838,Accepted
Application_1310964975,Other
Application_1820883466,Other
Application_1905113925,Other
Application_1632318580,Accepted
Application_1770149012,Accepted
Application_2015161420,Other
Application_1826347954,Other
Application_1579588184,Accepted
Application_339123431,Other
Application_1289156296,Other
Application_1503936617,Other
Application_1125391545,Accepted
Application_1227411327,Accepted
Application_634353469,Other
Application_1106610804,Other
Application_441890252,Other
Application_998658106,Accepted
Application_252272828,Other
Application_1253225820,Other
Application_1972164033,Other
Application_652906703,Accepted
Application_110355063,Other
Application_239377155,Accepted
Application_253831222,Accepted
Application_1526270064,Accepted
Application_1876138473,Other
Application_1057881509,Other
Application_1685581369,Accepted
Application_189631764,Other
Application_186381818,Other
Application_172659828,Accepted
Application_884494590,Accepted
Application_1756863996,Other
Application_1281027466,Accepted
Application_1125299308,Other
Application_548042971,Accepted
Application_1282231634,Other
Application_1594885806,Accepted
Application_1152323891,Other
Application_1246865304,Other
Application_927699599,Other
Application_603167283,Accepted
Application_479403761,Accepted
Application_903529535,Accepted
Application_1578794672,Accepted
Application_1936831272,Accepted
Application_195857924,Other
Application_1215926156,Other
Application_908451479,Accepted
Application_1595329738,Other
Application_1970071842,Accepted
Application_1626417881,Other
Application_1379975984,Other
Application_1264806747,Other
Application_2124018291,Accepted
Application_1808600682,Accepted
Application_2134544778,Accepted
Application_1738448869,Accepted
Application_409937505,Accepted
Application_1603745765,Accepted
Application_599426245,Other
Application_445609887,Other
Application_1989268764,Accepted
Application_634772779,Other
Application_9650923,Other
Application_1833582857,Other
Application_662773765,Accepted
Application_419887392,Accepted
Application_1959536677,Other
Application_520819518,Other
Application_2121005659,Accepted
Application_1183954314,Other
Application_312953572,Other
Application_535041048,Other
Application_101073762,Accepted
Application_1962604692,Accepted
Application_1781374917,Other
Application_961756784,Other
Application_1972637504,Other
Application_1618821415,Other
Application_1817080595,Other
Application_879553786,Other
Application_894382241,Other
Application_418114262,Accepted
Application_194951101,Accepted
Application_621575411,Other
Application_310339805,Other
Application_5834457,Other
Application_1968891746,Other
Application_1071392906,Other
Application_1963846753,Accepted
Application_1898457792,Other
Application_2105014216,Accepted
Application_532737341,Accepted
Application_182815865,Other
Application_1894051107,Other
Application_1245298665,Other
Application_1317869981,Other
Application_206222910,Other
Application_2076511986,Other
Application_902707640,Accepted
Application_1062777757,Accepted
Application_874775780,Accepted
Application_179601498,Other
Application_578297393,Accepted
Application_19378013,Other
Application_209007370,Accepted
Application_355824775,Accepted
Application_301491472,Accepted
Application_516418172,Accepted
Application_1241210447,Other
Application_1894219989,Accepted
Application_892000631,Accepted
Application_512884075,Other
Application_1886366008,Accepted
Application_1966428897,Accepted
Application_1347122551,Other
Application_1452318915,Other
Application_1236064158,Other
Application_1863583500,Accepted
Application_897350750,Other
Application_1761167654,Other
Application_1230677091,Accepted
Application_646831750,Accepted
Application_2077340959,Accepted
Application_1259110417,Accepted
Application_363517005,Other
Application_359009725,Other
Application_143772341,Accepted
Application_2023468525,Other
Application_723417034,Accepted
Application_1072700799,Other
Application_1287599754,Accepted
Application_1879115572,Other
Application_1500096317,Accepted
Application_1380707551,Other
Application_5188726,Other
Application_296496852,Other
Application_1140663211,Accepted
Application_752659004,Accepted
Application_104045138,Other
Application_283934839,Other
Application_720568545,Accepted
Application_362595912,Accepted
Application_791023956,Accepted
Application_1872835284,Accepted
Application_139023923,Other
Application_1140934167,Other
Application_174900979,Other
Application_604537136,Other
Application_1495927013,Accepted
Application_1375985326,Accepted
Application_2074645598,Other
Application_144959075,Other
Application_326061420,Accepted
Application_1718460500,Accepted
Application_2034295537,Other
Application_1183771225,Other
Application_436043028,Other
Application_1349926412,Other
Application_1712201753,Accepted
Application_1710525140,Accepted
Application_127457405,Other
Application_867925614,Accepted
Application_652956366,Other
Application_151760649,Other
Application_62413562,Accepted
Application_2147170228,Other
Application_165594970,Other
Application_780118274,Other
Application_798879962,Other
Application_474487263,Other
Application_1665438389,Other
Application_1871858135,Accepted
Application_1546747591,Other
Application_464957199,Other
Application_1065401414,Other
Application_98933157,Other
Application_1905573407,Accepted
Application_661370338,Other
Application_438042117,Other
Application_299068395,Other
Application_438711887,Other
Application_771432543,Accepted
Application_76227329,Other
Application_2136101614,Other
Application_136079266,Other
Application_45092093,Accepted
Application_579939266,Other
Application_761255267,Accepted
Application_2134267865,Other
Application_783880582,Other
Application_1467101602,Other
Application_1522749626,Other
Application_1137632392,Accepted
Application_424977058,Other
Application_639896341,Other
Application_2024680741,Other
Application_1070132276,Accepted
Application_2026841022,Other
Application_2087006463,Other
Application_1030645475,Other
Application_2033963946,Accepted
Application_1473120087,Accepted
Application_139153216,Other
Application_42038461,Accepted
Application_634953014,Other
Application_318775276,Other
Application_2023813696,Accepted
Application_1743529964,Other
Application_139962321,Accepted
Application_636784420,Other
Application_1292102059,Other
Application_1077448995,Other
Application_795113093,Accepted
Application_549818282,Other
Application_1992927499,Other
Application_1952006400,Other
Application_1276705319,Accepted
Application_1626388432,Accepted
Application_1987590560,Accepted
Application_601286059,Accepted
Application_791089089,Other
Application_1384106962,Other
Application_1763310451,Accepted
Application_1613424845,Other
Application_1963302945,Other
Application_596749181,Other
Application_1350728321,Other
Application_1158820544,Accepted
Application_834541803,Other
Application_155736295,Other
Application_1436502383,Other
Application_121770332,Other
Application_1193707095,Accepted
Application_735837174,Other
Application_1919917912,Other
Application_260257809,Other
Application_1633463208,Accepted
Application_2033107663,Other
Application_2055345764,Accepted
Application_1383161121,Accepted
Application_2090965872,Accepted
Application_1588316921,Accepted
Application_557390310,Other
Application_696087080,Accepted
Application_2094179036,Accepted
Application_1125350344,Other
Application_1769939835,Other
Application_732381008,Accepted
Application_1755688908,Accepted
Application_112115558,Accepted
Application_1166032926,Other
Application_1802283850,Other
Application_828739470,Other
Application_327168432,Other
Application_112225006,Other
Application_370126110,Other
Application_2016914505,Accepted
Application_2046336209,Accepted
Application_2003767759,Other
Application_1912132001,Accepted
Application_1208543050,Other
Application_1758628504,Other
Application_1042553173,Other
Application_227170121,Other
Application_993705404,Other
Application_1970302335,Other
Application_1945451645,Other
Application_1250500817,Other
Application_967486882,Other
Application_1258084186,Other
Application_870000904,Accepted
Application_1400829990,Accepted
Application_1186011075,Other
Application_1396434050,Accepted
Application_541146763,Other
Application_461173805,Other
Application_1615509090,Other
Application_33198689,Other
Application_2096669462,Other
Application_691940866,Accepted
Application_1210140571,Other
Application_971906635,Other
Application_1431000094,Other
Application_1922497660,Other
Application_784244379,Other
Application_509693034,Other
Application_727229570,Other
Application_1956961914,Accepted
Application_1735566698,Other
Application_1381887838,Other
Application_660836022,Other
Application_171473969,Accepted
Application_1164231409,Other
Application_95311556,Other
Application_407120255,Accepted
Application_540669440,Other
Application_317339492,Other
Application_630422544,Accepted
Application_94127270,Other
Application_1281884796,Other
Application_923583802,Other
Application_633371797,Other
Application_1715427761,Accepted
Application_1947593738,Accepted
Application_1496645833,Other
Application_1450319805,Other
Application_949023921,Accepted
Application_1264902566,Other
Application_1715884262,Accepted
Application_1750066014,Other
Application_1828802183,Other
Application_991756574,Accepted
Application_810348628,Other
Application_1256946882,Accepted
Application_863065095,Other
Application_708279953,Accepted
Application_210546815,Accepted
Application_1565653243,Accepted
Application_1924382044,Other
Application_492021644,Other
Application_1213205773,Accepted
Application_83968291,Accepted
Application_399934391,Other
Application_362543186,Other
Application_1784815865,Other
Application_850651693,Accepted
Application_492666721,Other
Application_267531989,Accepted
Application_1342451188,Accepted
Application_1960245250,Other
Application_1717256589,Other
Application_626884278,Other
Application_1591164230,Accepted
Application_2066996378,Other
Application_1706313428,Other
Application_1742443009,Accepted
Application_1290919139,Other
Application_432430277,Other
Application_1389708509,Accepted
Application_1208524243,Other
Application_757682522,Other
Application_1191061971,Accepted
Application_757456984,Other
Application_298129713,Other
Application_937946586,Accepted
Application_242815690,Accepted
Application_1644851848,Other
Application_859428294,Other
Application_543513898,Other
Application_16757439,Accepted
Application_629693731,Other
Application_480209137,Other
Application_1705844076,Other
Application_1194180835,Accepted
Application_1375303300,Other
Application_1017064738,Accepted
Application_1292033349,Accepted
Application_1380537001,Other
Application_2105333511,Other
Application_1915911926,Other
Application_1403984783,Other
Application_214453442,Other
Application_538816828,Accepted
Application_1030639194,Accepted
Application_706201656,Other
Application_1818700890,Other
Application_200956558,Other
Application_996050409,Other
Application_328046969,Other
Application_303703837,Other
Application_1753972754,Other
Application_2078582702,Accepted
Application_1583297793,Other
Application_379569745,Accepted
Application_1548060693,Other
Application_1333312143,Other
Application_563521504,Other
Application_816597475,Accepted
Application_1835712802,Other
Application_209962049,Accepted
Application_218466154,Other
Application_330251746,Other
Application_2114372453,Accepted
Application_895713530,Other
Application_105434976,Other
Application_319847090,Other
Application_547720957,Other
Application_1866125313,Accepted
Application_539162249,Other
Application_1536534288,Other
Application_2058903028,Other
Application_1920011483,Accepted
Application_1389044798,Other
Application_1199642180,Accepted
Application_740320002,Other
Application_1641565943,Other
Application_2020541045,Other
Application_1536568370,Other
Application_1751490782,Other
Application_198167506,Accepted
Application_1607348800,Other
Application_1824029008,Accepted
Application_1986790973,Other
Application_882854027,Other
Application_533206267,Other
Application_1260313275,Other
Application_567132779,Accepted
Application_946633977,Other
Application_1392867246,Other
Application_503107919,Other
Application_533324314,Accepted
Application_1454220575,Other
Application_1577601300,Accepted
Application_1007846031,Other
Application_479645384,Other
Application_341802627,Accepted
Application_944752099,Accepted
Application_1392174821,Other
Application_818535320,Other
Application_2036171309,Accepted
Application_2043967522,Other
Application_519801050,Other
Application_893661271,Other
Application_671639584,Other
Application_1274166676,Other
Application_1050938301,Accepted
Application_1085277284,Accepted
Application_1096932592,Other
Application_1398266061,Other
Application_635576510,Other
Application_89852804,Accepted
Application_1592579197,Accepted
Application_1773736131,Accepted
Application_1446757334,Other
Application_1611654974,Accepted
Application_1954441543,Other
Application_999993812,Accepted
Application_675510479,Other
Application_1546275434,Accepted
Application_1323283519,Other
Application_1367737307,Accepted
Application_1979031634,Accepted
Application_805828914,Other
Application_1252781397,Other
Application_44899860,Accepted
Application_2106397063,Accepted
Application_1965180973,Other
Application_1860164462,Other
Application_609139308,Other
Application_251097614,Other
Application_1240948520,Accepted
Application_883028257,Accepted
Application_737961399,Other
Application_460362418,Other
Application_219576331,Other
Application_136665186,Other
Application_187778549,Other
Application_1178554291,Other
Application_314854055,Other
Application_812842800,Other
Application_1297722987,Other
Application_1613644379,Accepted
Application_168619482,Accepted
Application_391841867,Accepted
Application_885039337,Other
Application_893569918,Other
Application_1609910072,Other
Application_1261044027,Accepted
Application_1216221984,Accepted
Application_1035060924,Other
Application_536051300,Other
Application_177985707,Other
Application_2048278308,Other
Application_2023070477,Other
Application_279402468,Other
Application_150329185,Other
Application_579664461,Other
Application_364773944,Accepted
Application_1275483894,Other
Application_1994051200,Accepted
Application_400792658,Accepted
Application_1099493178,Other
Application_1601395766,Other
Application_1791210166,Other
Application_1082188204,Other
Application_1597023499,Accepted
Application_1138441532,Other
Application_1782290741,Other
Application_1273932392,Accepted
Application_918963277,Other
Application_1141800606,Other
Application_1567410642,Other
Application_1790721805,Other
Application_281838380,Other
Application_355701690,Other
Application_283094751,Accepted
Application_152108853,Other
Application_158907794,Accepted
Application_207612102,Accepted
Application_489972645,Other
Application_1416337672,Other
Application_1226811227,Other
Application_852183469,Other
Application_1076592180,Accepted
Application_718602557,Other
Application_1506495475,Other
Application_473724297,Accepted
Application_852820937,Other
Application_536638211,Accepted
Application_1410406047,Other
Application_622543878,Accepted
Application_1936786242,Other
Application_1570331344,Other
Application_1928577170,Other
Application_576195649,Other
Application_1550854529,Other
Application_1572358495,Accepted
Application_1550148814,Accepted
Application_1102024188,Other
Application_1931739679,Other
Application_282312422,Accepted
Application_1655641907,Other
Application_384835333,Other
Application_107990461,Other
Application_1758466018,Other
Application_299628516,Accepted
Application_255326627,Other
Application_2131294819,Accepted
Application_1503602511,Other
Application_1403759473,Accepted
Application_1087895834,Other
Application_334306771,Other
Application_713701547,Other
Application_1417474847,Other
Application_1796529138,Other
Application_1382009065,Other
Application_33235604,Accepted
Application_1541647337,Other
Application_2059632280,Other
Application_1535977137,Accepted
Application_748388031,Other
Application_1180717049,Other
Application_1610815787,Accepted
Application_609719509,Other
Application_1397321296,Other
Application_1826872953,Other
Application_589032876,Accepted
Application_1308071555,Other
Application_1953215776,Other
Application_225586063,Other
Application_659749681,Accepted
Application_1663925804,Accepted
Application_1347988922,Other
Application_964309178,Other
Application_783154443,Other
Application_694226567,Other
Application_1515604872,Other
Application_693955071,Other
Application_884271564,Other
Application_505138130,Other
Application_1814903531,Accepted
Application_1625258206,Other
Application_1905372994,Other
Application_987537520,Accepted
Application_890963278,Other
Application_1492609631,Other
Application_1277664600,Accepted
Application_2103188157,Other
Application_1977118354,Accepted
Application_2081468177,Other
Application_1394896717,Other
Application_1667989141,Other
Application_1845996368,Other
Application_2141629750,Other
Application_254346617,Other
Application_19624742,Other
Application_369317657,Other
Application_1018276550,Other
Application_24255044,Accepted
Application_1702755069,Accepted
Application_1041438098,Accepted
Application_1457441196,Other
Application_1141437569,Other
Application_2089315207,Other
Application_1104110439,Other
Application_330499966,Accepted
Application_1767149478,Other
Application_1033306842,Other
Application_1509292111,Other
Application_721327732,Accepted
Application_1121950795,Accepted
Application_2101685927,Accepted
Application_291332257,Other
Application_2084774321,Other
Application_303866233,Accepted
Application_2140045431,Other
Application_753230285,Other
Application_1734771669,Other
Application_2046501407,Other
Application_1923940561,Accepted
Application_796051396,Other
Application_580728285,Accepted
Application_972570563,Other
Application_939576930,Other
Application_1295911338,Other
Application_28930757,Other
Application_295260103,Accepted
Application_282114630,Other
Application_1353447445,Other
Application_1137433050,Accepted
Application_873975353,Accepted
Application_1725559673,Accepted
Application_61237928,Other
Application_1738181448,Other
Application_2087672571,Accepted
Application_164319398,Other
Application_1697931268,Other
Application_1483046130,Other
Application_1991434759,Accepted
Application_1641722976,Other
Application_1359426670,Accepted
Application_1009860656,Accepted
Application_1484189145,Other
Application_1273243804,Other
Application_1083885618,Other
Application_620994991,Other
Application_1947521179,Accepted
Application_855787804,Accepted
Application_1045162022,Other
Application_156768160,Other
Application_163804730,Other
Application_781897426,Accepted
Application_616544005,Other
Application_831789044,Accepted
Application_237775087,Other
Application_452728375,Other
Application_1623875695,Other
Application_2004089393,Accepted
Application_161673389,Accepted
Application_1988818254,Other
Application_1807743268,Other
Application_1556585421,Accepted
Application_1555489073,Other
Application_927026866,Accepted
Application_1131195736,Accepted
Application_708366781,Accepted
Application_838884307,Other
Application_2076597438,Other
Application_2088073617,Accepted
Application_1368079884,Other
Application_1005677212,Accepted
Application_1450396663,Other
Application_1808705800,Accepted
Application_450127919,Other
Application_1697844636,Accepted
Application_1317536471,Other
Application_776250710,Other
Application_308292208,Accepted
Application_1452589973,Accepted
Application_1266837460,Accepted
Application_1077139293,Other
Application_244346264,Accepted
Application_1954655928,Other
Application_1130105636,Other
Application_1443827001,Accepted
Application_56106793,Other
Application_390034556,Other
Application_1557471536,Other
Application_617035933,Accepted
Application_1919362220,Accepted
Application_332083324,Accepted
Application_150955778,Other
Application_648063719,Accepted
Application_1694615111,Other
Application_1512972539,Other
Application_1332597245,Accepted
Application_1518048032,Other
Application_919959748,Other
Application_689969119,Accepted
Application_726262562,Accepted
Application_511259546,Other
Application_1904642080,Accepted
Application_1943498805,Other
Application_1980932342,Accepted
Application_1944799016,Other
Application_1717915911,Other
Application_804817365,Other
Application_1649699850,Other
Application_1400826575,Other
Application_1624152176,Other
Application_1341410947,Accepted
Application_318265642,Accepted
Application_137365192,Other
Application_743594726,Other
Application_1366776150,Accepted
Application_1402659168,Accepted
Application_1053059797,Accepted
Application_753126143,Accepted
Application_403350552,Accepted
Application_1662582332,Accepted
Application_328529547,Accepted
Application_172693422,Accepted
Application_1401776769,Other
Application_1043782904,Other
Application_1859431929,Other
Application_607145558,Accepted
Application_177572366,Other
Application_286811417,Other
Application_393028659,Other
Application_1449487653,Other
Application_749027963,Other
Application_1361883922,Accepted
Application_1540923403,Other
Application_92081663,Accepted
Application_441853106,Other
Application_718744938,Accepted
Application_933475652,Accepted
Application_1141609195,Accepted
Application_994135302,Accepted
Application_762323305,Other
Application_1411314331,Other
Application_1735741695,Other
Application_2110622452,Accepted
Application_1859784683,Other
Application_1653243438,Accepted
Application_2019969184,Accepted
Application_1992867148,Other
Application_573358947,Accepted
Application_1886128313,Accepted
Application_2029798656,Accepted
Application_1950726563,Other
Application_751588709,Other
Application_1446807165,Accepted
Application_1938026907,Other
Application_1714608768,Other
Application_1002747267,Other
Application_821671808,Accepted
Application_766986800,Accepted
Application_1144411709,Accepted
Application_1325830550,Other
Application_765506387,Other
Application_215596279,Other
Application_722212350,Other
Application_1133826059,Other
Application_754905940,Other
Application_1372277105,Other
Application_628662805,Other
Application_944654361,Other
Application_455921647,Accepted
Application_104406636,Other
Application_328120747,Other
Application_939229827,Other
Application_1587902709,Other
Application_215068330,Accepted
Application_22019692,Other
Application_1475128981,Accepted
Application_771960759,Other
Application_1104349279,Other
Application_2061546039,Accepted
Application_835407549,Accepted
Application_436204244,Accepted
Application_86380851,Other
Application_820509737,Other
Application_1712939718,Other
Application_2061861849,Other
Application_494802812,Accepted
Application_1143749034,Other
Application_243887576,Other
Application_320538845,Other
Application_97239157,Other
Application_2114529482,Other
Application_1191532637,Accepted
Application_1684479121,Other
Application_1333164530,Accepted
Application_1562906523,Accepted
Application_438919132,Other
Application_1959968858,Other
Application_1311228454,Other
Application_1656791018,Other
Application_1099430757,Other
Application_825284974,Other
Application_1085916302,Other
Application_965842748,Other
Application_249910385,Other
Application_1751546737,Other
Application_465190175,Other
Application_324579768,Other
Application_101285063,Other
Application_2125694475,Other
Application_465680144,Other
Application_394463523,Accepted
Application_617049693,Accepted
Application_608030098,Accepted
Application_761083149,Other
Application_1271159721,Other
Application_1115275695,Other
Application_1562170126,Other
Application_101639139,Accepted
Application_1111029132,Other
Application_499173053,Accepted
Application_1303779114,Other
Application_1737095579,Other
Application_1522004111,Other
Application_2022755119,Accepted
Application_1906109703,Other
Application_2022496881,Accepted
Application_1740022040,Accepted
Application_1587940519,Accepted
Application_1398309462,Other
Application_2047971948,Other
Application_107540463,Accepted
Application_389831964,Other
Application_621834834,Accepted
Application_769062494,Accepted
Application_128039205,Other
Application_1217205211,Accepted
Application_1720955378,Other
Application_1013192848,Other
Application_1175285346,Other
Application_1823893075,Other
Application_1793173151,Accepted
Application_633119231,Other
Application_991133806,Accepted
Application_1102148836,Other
Application_1137251453,Other
Application_1785695272,Accepted
Application_288925921,Other
Application_566347979,Other
Application_946739824,Other
Application_19204203,Other
Application_752995473,Accepted
Application_370626651,Other
Application_2146296643,Accepted
Application_130463013,Other
Application_398250446,Other
Application_706198046,Other
Application_1291280868,Other
Application_1171197563,Other
Application_1819504615,Other
Application_658211636,Accepted
Application_1108322445,Other
Application_1415930985,Other
Application_1145050189,Other
Application_1220006118,Other
Application_608359029,Accepted
Application_797995929,Other
Application_1925108895,Other
Application_1986394502,Accepted
Application_322404905,Other
Application_855901489,Other
Application_666250035,Other
Application_101281963,Accepted
Application_2118887844,Other
Application_1297676621,Accepted
Application_144911431,Other
Application_359817353,Accepted
Application_407461155,Other
Application_928264457,Other
Application_587119833,Other
Application_1792327676,Other
Application_914751570,Accepted
Application_2140770767,Other
Application_912014661,Accepted
Application_1101581774,Other
Application_221049718,Accepted
Application_2028180559,Other
Application_76083190,Other
Application_1191734939,Other
Application_137951178,Other
Application_496111899,Other
Application_308398565,Other
Application_49717724,Other
Application_2122873300,Other
Application_1382937184,Other
Application_1009850069,Other
Application_660161855,Other
Application_1546890088,Other
Application_82743664,Other
Application_907309048,Other
Application_2048323360,Other
Application_420380783,Other
Application_1285941099,Accepted
Application_788915158,Other
Application_1617657859,Other
Application_1149882287,Other
Application_1111057678,Other
Application_1473563456,Other
Application_978279321,Other
Application_253368351,Accepted
Application_476552696,Accepted
Application_1609568328,Other
Application_1762899868,Other
Application_1391267361,Other
Application_2121733472,Other
Application_1405620680,Other
Application_1209671482,Other
Application_2079930724,Accepted
Application_1797651087,Accepted
Application_1447809263,Accepted
Application_1815308756,Accepted
Application_722365864,Other
Application_1366579658,Accepted
Application_360217923,Other
Application_69370459,Other
Application_1210322027,Other
Application_1020792873,Accepted
Application_1651597384,Other
Application_1571707441,Other
Application_1859537046,Accepted
Application_1109943056,Accepted
Application_1569131660,Other
Application_94215,Other
Application_211694290,Other
Application_596435854,Accepted
Application_858754330,Other
Application_479471403,Accepted
Application_70563300,Other
Application_1503178371,Accepted
Application_1279149491,Other
Application_662867324,Other
Application_1085051521,Other
Application_1702514696,Accepted
Application_1417928243,Other
Application_263050310,Accepted
Application_1366769739,Other
Application_763357179,Accepted
Application_2090776603,Other
Application_1702996916,Accepted
Application_90621717,Other
Application_1872345916,Other
Application_2087113117,Accepted
Application_1375169811,Other
Application_537932825,Accepted
Application_983031085,Accepted
Application_537257163,Accepted
Application_1597614471,Other
Application_983083464,Accepted
Application_1164107164,Other
Application_478366268,Other
Application_1218318144,Accepted
Application_269341222,Other
Application_108368178,Accepted
Application_1545481822,Other
Application_1746821543,Other
Application_1675241784,Accepted
Application_1546375758,Other
Application_231751553,Other
Application_846209494,Other
Application_1187770735,Other
Application_1538851606,Accepted
Application_1260511828,Other
Application_914752474,Other
Application_107048111,Other
Application_1381169658,Other
Application_1191609344,Accepted
Application_267475970,Other
Application_591792207,Accepted
Application_366121400,Other
Application_201975224,Other
Application_518595534,Other
Application_602036798,Other
Application_1343544993,Accepted
Application_598409144,Accepted
Application_250783744,Other
Application_608845327,Other
Application_956411562,Accepted
Application_1602551060,Accepted
Application_1528161643,Other
Application_661982228,Other
Application_607340016,Accepted
Application_1040142986,Accepted
Application_823561619,Other
Application_411033447,Accepted
Application_288408704,Accepted
Application_2094685862,Other
Application_1884371893,Other
Application_35738339,Other
Application_482552215,Accepted
Application_166511158,Accepted
Application_1917257899,Other
Application_1038302868,Other
Application_591963029,Other
Application_957266234,Accepted
Application_641457453,Other
Application_2039657007,Other
Application_1589000981,Other
Application_1273109806,Other
Application_1836482704,Other
Application_1716450047,Other
Application_1307656047,Other
Application_794504760,Other
Application_1157095713,Other
Application_829417575,Other
Application_1145290276,Other
Application_1192677120,Accepted
Application_71422010,Accepted
Application_1575897956,Other
Application_649414621,Accepted
Application_1327686952,Other
Application_246462258,Accepted
Application_515970816,Accepted
Application_1910885918,Other
Application_589719704,Other
Application_140466456,Other
Application_2106173395,Other
Application_951427056,Other
Application_1131974200,Other
Application_1313249576,Accepted
Application_1032862024,Other
Application_2025703180,Accepted
Application_693894052,Accepted
Application_916998761,Accepted
Application_1204115959,Accepted
Application_711530912,Accepted
Application_2008195330,Other
Application_415008799,Accepted
Application_1248970009,Other
Application_532956567,Other
Application_31697623,Accepted
Application_56701139,Accepted
Application_592481165,Other
Application_2033252682,Other
Application_38694764,Accepted
Application_500715882,Accepted
Application_58295777,Other
Application_1895784029,Accepted
Application_1011166304,Accepted
Application_686829487,Other
Application_1457603790,Accepted
Application_774586514,Accepted
Application_993130220,Other
Application_1848636655,Other
Application_2037954458,Other
Application_2021390880,Accepted
Application_1764494728,Other
Application_1726806352,Other
Application_671678776,Other
Application_1046690197,Accepted
Application_832770467,Other
Application_1136942310,Other
Application_1335455949,Other
Application_1305064148,Other
Application_754575436,Accepted
Application_564882176,Other
Application_888438560,Other
Application_42107893,Other
Application_1554386060,Accepted
Application_180965664,Accepted
Application_759241232,Other
Application_1482452796,Accepted
Application_177481333,Other
Application_745820090,Other
Application_1385170315,Accepted
Application_2046683533,Accepted
Application_1275708382,Other
Application_1094370739,Other
Application_1174114825,Other
Application_56691092,Other
Application_1728707744,Other
Application_817528841,Other
Application_1651085521,Accepted
Application_1175418215,Other
Application_1687448539,Accepted
Application_971475658,Accepted
Application_48606429,Accepted
Application_254929735,Other
Application_2097420356,Other
Application_1152890590,Accepted
Application_1111168705,Other
Application_527357743,Accepted
Application_175544437,Accepted
Application_634521945,Accepted
Application_2099511368,Other
Application_1239060176,Other
Application_2013830829,Other
Application_1598268086,Other
Application_1969464423,Other
Application_1874833508,Other
Application_1726750534,Other
Application_1242477998,Other
Application_1041619039,Accepted
Application_988147224,Other
Application_1035194235,Accepted
Application_451838490,Other
Application_310638800,Accepted
Application_36645610,Accepted
Application_622417263,Other
Application_1039174345,Other
Application_38536393,Other
Application_151245494,Other
Application_1897975199,Other
Application_240449735,Accepted
Application_1216887388,Accepted
Application_730923928,Accepted
Application_1518826265,Accepted
Application_80298426,Accepted
Application_1839234610,Accepted
Application_951950932,Accepted
Application_2045562795,Other
Application_2026145465,Accepted
Application_1829392718,Other
Application_1471003921,Accepted
Application_428745471,Other
Application_1163291654,Other
Application_118364998,Other
Application_428021076,Accepted
Application_465876085,Other
Application_895362909,Accepted
Application_132220187,Other
Application_815439845,Other
Application_697297022,Other
Application_1903689163,Other
Application_242709495,Other
Application_1904164714,Accepted
Application_1747759228,Accepted
Application_1524427650,Accepted
Application_398276501,Other
Application_1316469526,Other
Application_886373645,Other
Application_528121029,Other
Application_1450689239,Other
Application_202572480,Accepted
Application_315771274,Accepted
Application_1014987100,Other
Application_948081892,Accepted
Application_631823084,Other
Application_518047810,Other
Application_876077850,Other
Application_307119027,Accepted
Application_956764835,Other
Application_61677455,Other
Application_554735160,Accepted
Application_2063179478,Other
Application_1275233629,Accepted
Application_559239075,Accepted
Application_746403636,Other
Application_2067948719,Other
Application_1226442731,Other
Application_1851360212,Accepted
Application_1828404203,Other
Application_1605473699,Accepted
Application_1865256281,Other
Application_1793506570,Other
Application_843181095,Other
Application_2088099791,Other
Application_663320149,Other
Application_1004702768,Accepted
Application_1233053729,Accepted
Application_1456225513,Accepted
Application_1069486579,Other
Application_604870238,Accepted
Application_714378768,Accepted
Application_1227089383,Accepted
Application_1922166710,Other
Application_1325117141,Other
Application_1787983531,Other
Application_903291337,Accepted
Application_713675823,Other
Application_1754660645,Other
Application_2112572794,Other
Application_786731748,Accepted
Application_1942174813,Accepted
Application_1862468287,Other
Application_286814897,Other
Application_1583662374,Other
Application_2125688599,Accepted
Application_1515336309,Other
Application_157370945,Accepted
Application_869335382,Other
Application_679736570,Other
Application_156618714,Other
Application_1239627323,Other
Application_2064798594,Other
Application_1680533625,Other
Application_216211515,Other
Application_1109500523,Other
Application_1170287611,Other
Application_298649490,Other
Application_649475347,Accepted
Application_81928342,Accepted
Application_1613754741,Accepted
Application_787705956,Other
Application_874039168,Other
Application_650870312,Other
Application_2022006022,Accepted
Application_1956063682,Other
Application_478367813,Other
Application_2130202525,Accepted
Application_49151202,Accepted
Application_1025001096,Other
Application_2084259712,Other
Application_1707866152,Other
Application_946851059,Other
Application_943827704,Other
Application_1731589435,Other
Application_1946760193,Other
Application_693050930,Other
Application_2086686091,Other
Application_159634573,Accepted
Application_274116683,Other
Application_298436021,Other
Application_656520046,Other
Application_1508659021,Other
Application_1133881047,Other
Application_910823018,Accepted
Application_277127069,Other
Application_1132453497,Accepted
Application_926094669,Accepted
Application_448145454,Other
Application_671264692,Other
Application_200680287,Other
Application_673399253,Other
Application_1781081103,Other
Application_549264279,Other
Application_668072382,Other
Application_1949325176,Accepted
Application_866670658,Other
Application_2045194309,Other
Application_1870666953,Other
Application_228928958,Accepted
Application_1283341810,Other
Application_396027178,Accepted
Application_40775043,Accepted
Application_275075423,Accepted
Application_218547280,Other
Application_1113545511,Accepted
Application_550501028,Other
Application_105906022,Other
Application_1258411411,Accepted
Application_184143337,Accepted
Application_1359737168,Accepted
Application_1819007640,Other
Application_788925867,Other
Application_1926626369,Other
Application_1871723330,Other
Application_1098309211,Other
Application_668326847,Other
Application_1804686886,Accepted
Application_1972046847,Other
Application_785827466,Other
Application_1865976384,Accepted
Application_89413462,Other
Application_812089634,Accepted
Application_1806449930,Other
Application_1646642236,Other
Application_1234659370,Accepted
Application_1584764827,Accepted
Application_347922674,Other
Application_1236814405,Other
Application_1046834008,Accepted
Application_1136188668,Other
Application_741297598,Other
Application_1417583092,Accepted
Application_966891264,Other
Application_643006847,Accepted
Application_335561858,Other
Application_1498001149,Accepted
Application_2064221350,Other
Application_1598726895,Other
Application_268406883,Other
Application_285668229,Accepted
Application_80850284,Other
Application_1666261287,Accepted
Application_2112881147,Other
Application_2064669284,Other
Application_1358946869,Other
Application_1721987709,Accepted
Application_591454326,Other
Application_78032372,Other
Application_1901919658,Accepted
Application_1594305363,Other
Application_1064102675,Other
Application_1826620975,Other
Application_297311392,Accepted
Application_116006946,Other
Application_1637842714,Other
Application_1380018606,Accepted
Application_1780269777,Other
Application_742991529,Accepted
Application_562058851,Accepted
Application_2006713022,Accepted
Application_1829753798,Accepted
Application_518624776,Other
Application_1302175045,Accepted
Application_916888461,Accepted
Application_797190984,Other
Application_76908735,Other
Application_972407424,Accepted
Application_1422930581,Other
Application_1739101194,Accepted
Application_2055185181,Other
Application_426226632,Accepted
Application_791487224,Other
Application_1925475950,Other
Application_460974455,Other
Application_600378234,Accepted
Application_238116647,Accepted
Application_1703523475,Other
Application_1736444832,Other
Application_679465044,Other
Application_171566549,Accepted
Application_521061754,Other
Application_1107974200,Other
Application_1689074281,Accepted
Application_109628015,Other
Application_606703204,Accepted
Application_1391730514,Accepted
Application_589041415,Other
Application_1901752708,Other
Application_2116821761,Accepted
Application_1676999623,Other
Application_1504307845,Other
Application_1221253147,Other
Application_1895363673,Accepted
Application_678025959,Accepted
Application_1470950916,Accepted
Application_1941527840,Accepted
Application_465777883,Other
Application_841240578,Other
Application_482770834,Other
Application_1575096564,Other
Application_1964644191,Other
Application_1116596448,Other
Application_238546830,Other
Application_173679501,Other
Application_475062324,Other
Application_1406835873,Other
Application_1118140052,Other
Application_824575725,Other
Application_601436698,Accepted
Application_1745388618,Other
Application_186021788,Other
Application_170273491,Other
Application_2137992191,Accepted
Application_1578832551,Accepted
Application_964208437,Accepted
Application_190170308,Other
Application_966129944,Other
Application_946813816,Other
Application_1884238596,Accepted
Application_1006138809,Other
Application_1981121598,Accepted
Application_1193925912,Accepted
Application_810658733,Other
Application_1338322049,Accepted
Application_1687637096,Other
Application_392275405,Other
Application_1981500950,Other
Application_680037229,Accepted
Application_743623670,Accepted
Application_907359229,Other
Application_1796290207,Other
Application_450974072,Other
Application_551617439,Accepted
Application_766612407,Accepted
Application_1308025514,Other
Application_1128726606,Accepted
Application_227299976,Other
Application_507755204,Other
Application_655246892,Accepted
Application_1920569696,Other
Application_2049849151,Other
Application_2026952165,Accepted
Application_1943723560,Accepted
Application_1630991786,Other
Application_2127274531,Accepted
Application_20738828,Other
Application_194193440,Accepted
Application_298744583,Other
Application_1095351720,Accepted
Application_2032179032,Other
Application_1146017257,Other
Application_1307447876,Other
Application_957614949,Other
Application_2048027930,Other
Application_955214239,Accepted
Application_369678299,Accepted
Application_559380460,Accepted
Application_1781105308,Other
Application_1589247607,Other
Application_114677449,Other
Application_571946061,Accepted
Application_2100311621,Other
Application_309817125,Other
Application_627140819,Accepted
Application_1521502972,Other
Application_885012170,Other
Application_1385747357,Accepted
Application_94447434,Accepted
Application_354865116,Accepted
Application_1020819842,Accepted
Application_1146624879,Accepted
Application_1429007819,Accepted
Application_1835611863,Other
Application_913122133,Other
Application_761503872,Other
Application_1359775338,Other
Application_1029674102,Other
Application_762713408,Accepted
Application_8255496,Accepted
Application_1834596790,Accepted
Application_2102378135,Other
Application_313152544,Other
Application_1234321250,Other
Application_1136138244,Other
Application_820031556,Accepted
Application_1316274797,Accepted
Application_1092918410,Other
Application_1921489029,Other
Application_379385864,Other
Application_695381096,Other
Application_1452854959,Accepted
Application_1453812922,Accepted
Application_309815171,Accepted
Application_82106546,Other
Application_298026760,Other
Application_1573876833,Other
Application_1384343806,Other
Application_617539010,Accepted
Application_1765577987,Other
Application_1814172045,Accepted
Application_774408913,Accepted
Application_399626423,Accepted
Application_1748789279,Accepted
Application_1534847619,Accepted
Application_1473092996,Accepted
Application_1531707627,Other
Application_299698075,Accepted
Application_845413592,Other
Application_917308364,Other
Application_671953999,Other
Application_1101636672,Accepted
Application_1314823602,Other
Application_139380272,Accepted
Application_1827919587,Other
Application_2042134376,Accepted
Application_867141147,Accepted
Application_1600253482,Other
Application_636773198,Accepted
Application_1750072176,Other
Application_1931050520,Other
Application_2114239561,Accepted
Application_415545433,Accepted
Application_414227837,Accepted
Application_925843789,Other
Application_1219106800,Other
Application_1788102662,Accepted
Application_844514474,Other
Application_326473270,Accepted
Application_1803046956,Accepted
Application_2119015867,Accepted
Application_1544217945,Accepted
Application_1980445674,Other
Application_1433981627,Accepted
Application_1824747835,Other
Application_2048171626,Accepted
Application_35745002,Other
Application_1004515382,Accepted
Application_1253032337,Accepted
Application_1160345889,Accepted
Application_393314030,Accepted
Application_2051799809,Accepted
Application_1859765717,Other
Application_1611103224,Accepted
Application_1286083897,Accepted
Application_384814296,Accepted
Application_1037771791,Other
Application_680044383,Other
Application_1485546748,Other
Application_963485644,Other
Application_44859446,Accepted
Application_389962709,Accepted
Application_35944338,Other
Application_2093874284,Accepted
Application_1870118526,Other
Application_962920598,Other
Application_1822344771,Other
Application_38081486,Accepted
Application_1437774690,Other
Application_507436089,Other
Application_1657679692,Accepted
Application_1008663678,Other
Application_1153332543,Accepted
Application_1751483231,Accepted
Application_1469836149,Other
Application_1119704576,Other
Application_759807900,Accepted
Application_1138682900,Accepted
Application_1256882757,Other
Application_255496047,Other
Application_1621505432,Accepted
Application_830672311,Other
Application_1120330039,Other
Application_1335180651,Other
Application_1619897367,Accepted
Application_329140480,Other
Application_958218647,Other
Application_1440477840,Other
Application_1728176160,Accepted
Application_1519103595,Other
Application_1012600292,Other
Application_1491300788,Other
Application_1268164546,Other
Application_825960193,Other
Application_1176924018,Other
Application_1750611156,Accepted
Application_1483800027,Accepted
Application_681746663,Accepted
Application_1389412266,Accepted
Application_1208202898,Other
Application_684221857,Accepted
Application_26954699,Accepted
Application_250158591,Other
Application_434354946,Other
Application_332704649,Other
Application_1269620603,Other
Application_173483337,Other
Application_327149374,Other
Application_508938604,Other
Application_1018770495,Accepted
Application_1401798992,Accepted
Application_1956665823,Accepted
Application_1408009203,Accepted
Application_1481928502,Accepted
Application_1026777184,Other
Application_399001926,Other
Application_613703128,Accepted
Application_1062509212,Accepted
Application_434840997,Other
Application_1059317915,Accepted
Application_2007562055,Other
Application_157851890,Accepted
Application_427975818,Other
Application_1114627184,Other
Application_518752038,Other
Application_1839163450,Other
Application_1411769393,Accepted
Application_1984475855,Accepted
Application_1498483020,Accepted
Application_1046222107,Other
Application_1235896381,Other
Application_1985757094,Other
Application_396092392,Other
Application_585529210,Accepted
Application_1751900898,Other
Application_867435788,Accepted
Application_543098684,Other
Application_1090974006,Accepted
Application_2087713022,Other
Application_564404935,Other
Application_455173433,Other
Application_644684670,Accepted
Application_1693078902,Other
Application_1010578897,Accepted
Application_1357377502,Other
Application_624172486,Accepted
Application_1505059688,Accepted
Application_978274104,Accepted
Application_1842370876,Other
Application_2081673241,Other
Application_631740354,Accepted
Application_1714501335,Other
Application_117660615,Other
Application_307362226,Accepted
Application_2010104450,Other
Application_1334997155,Other
Application_885372391,Other
Application_160157720,Accepted
Application_1012862839,Other
Application_269862060,Other
Application_46540488,Other
Application_1858211642,Accepted
Application_453987424,Other
Application_1711867932,Other
Application_979102055,Other
Application_1382204301,Other
Application_1731267696,Other
Application_192716320,Other
Application_324026343,Other
Application_308032472,Accepted
Application_1838195672,Other
Application_597372127,Other
Application_1386933499,Other
Application_2023800195,Accepted
Application_164778672,Accepted
Application_1007340039,Other
Application_1188845730,Accepted
Application_890075702,Other
Application_814961445,Accepted
Application_1987831323,Other
Application_1385143613,Accepted
Application_1875782782,Other
Application_2061162957,Accepted
Application_269524897,Accepted
Application_463412629,Accepted
Application_129573767,Other
Application_485368165,Other
Application_102597720,Accepted
Application_617431825,Accepted
Application_259502445,Accepted
Application_2014297760,Accepted
Application_805397283,Other
Application_598655970,Other
Application_1362664914,Accepted
Application_777232558,Other
Application_461107030,Accepted
Application_296888635,Other
Application_1975160417,Other
Application_1599405351,Accepted
Application_765925420,Accepted
Application_458227713,Other
Application_982338727,Accepted
Application_257082685,Other
Application_42337394,Other
Application_465715339,Other
Application_1654318352,Other
Application_808224273,Other
Application_1109722425,Other
Application_424064154,Other
Application_608775916,Other
Application_617376389,Accepted
Application_780791841,Other
Application_2144842406,Other
Application_1791993593,Accepted
Application_92624898,Other
Application_1896366046,Accepted
Application_1947622904,Accepted
Application_1315782276,Other
Application_1264408299,Other
Application_1580298940,Other
Application_1608263264,Accepted
Application_1966250349,Accepted
Application_270506031,Other
Application_130658775,Other
Application_1835001438,Other
Application_1339399261,Other
Application_398311287,Other
Application_579349612,Other
Application_1299856399,Other
Application_1118691851,Accepted
Application_1118317851,Other
Application_760288041,Accepted
Application_132830260,Accepted
Application_835024653,Other
Application_466597591,Accepted
Application_150503991,Other
Application_373875255,Other
Application_1998100072,Accepted
Application_1774613964,Other
Application_203678331,Other
Application_1634751250,Other
Application_1079589,Other
Application_1585601222,Other
Application_1309710626,Other
Application_1142291922,Other
Application_799850065,Accepted
Application_1733106091,Other
Application_1934171280,Accepted
Application_1487539906,Other
Application_1489786126,Other
Application_1630717104,Accepted
Application_345753341,Other
Application_173122257,Other
Application_1274866621,Other
Application_536009009,Accepted
Application_1151598575,Accepted
Application_1332066828,Other
Application_580014021,Accepted
Application_904306212,Accepted
Application_403304705,Other
Application_2069545303,Other
Application_1778799137,Other
Application_139141595,Accepted
Application_492258182,Other
Application_577888910,Accepted
Application_496050212,Accepted
Application_137438189,Other
Application_495428388,Other
Application_853712921,Accepted
Application_1364469216,Other
Application_1276203911,Accepted
Application_937270089,Other
Application_1944447595,Accepted
Application_1722936368,Other
Application_1069511528,Other
Application_1273931422,Other
Application_1104839673,Other
Application_492292182,Other
Application_416188880,Accepted
Application_1980887074,Accepted
Application_1294558199,Other
Application_1602891050,Other
Application_867400149,Other
Application_1056831748,Accepted
Application_206790509,Other
Application_994315361,Other
Application_1424659757,Other
Application_2018809027,Other
Application_1096460123,Accepted
Application_1639814791,Accepted
Application_109718783,Other
Application_1281070255,Other
Application_633655173,Other
Application_848421176,Accepted
Application_440813334,Accepted
Application_418738843,Other
Application_1978331738,Other
Application_1303460272,Accepted
Application_1558264214,Accepted
Application_2016510614,Other
Application_1291464093,Accepted
Application_575764720,Other
Application_1207519267,Other
Application_498556066,Accepted
Application_1411809915,Other
Application_1803710713,Other
Application_1930612093,Accepted
Application_1193407725,Other
Application_413991815,Accepted
Application_2004968371,Accepted
Application_159448414,Other
Application_199304010,Other
Application_584717195,Other
Application_229012140,Other
Application_200417599,Other
Application_844863430,Accepted
Application_1352726942,Other
Application_1670398352,Accepted
Application_346568508,Other
Application_776477117,Accepted
Application_1286125502,Accepted
Application_1027859705,Other
Application_1688232773,Accepted
Application_1857366417,Other
Application_1031465496,Other
Application_1416635588,Accepted
Application_2014671768,Other
Application_685452919,Other
Application_306086229,Other
Application_397038537,Other
Application_1750932659,Accepted
Application_1473464035,Other
Application_1666420643,Accepted
Application_2095793548,Accepted
Application_448783031,Accepted
Application_1331809820,Other
Application_1698334648,Other
Application_1505236670,Accepted
Application_1706866981,Other
Application_301727231,Accepted
Application_2124127933,Accepted
Application_1863192115,Accepted
Application_1194664458,Accepted
Application_1375807341,Accepted
Application_2133818678,Accepted
Application_1343499545,Accepted
Application_146114459,Other
Application_422637212,Accepted
Application_1234365113,Other
Application_1668457930,Accepted
Application_877522071,Accepted
Application_1920432865,Other
Application_198284297,Other
Application_500790886,Accepted
Application_875614911,Other
Application_768742802,Accepted
Application_1270826821,Accepted
Application_357880380,Other
Application_151961393,Accepted
Application_1523986735,Other
Application_1991464898,Accepted
Application_1953838407,Accepted
Application_1225769256,Other
Application_1089290640,Accepted
Application_734009956,Accepted
Application_1225025970,Other
Application_427316676,Other
Application_1549000634,Other
Application_1995644843,Other
Application_1672037226,Other
Application_312224974,Other
Application_12315854,Other
Application_1651532326,Accepted
Application_768687683,Other
Application_1425820279,Other
Application_1799331916,Accepted
Application_348990686,Other
Application_496532501,Accepted
Application_1063026978,Accepted
Application_84195997,Accepted
Application_1417653464,Other
Application_1775767690,Other
Application_1213009008,Other
Application_497474417,Accepted
Application_2139692519,Accepted
Application_1836370033,Accepted
Application_1052164642,Accepted
Application_11454632,Other
Application_1735095439,Accepted
Application_1093861933,Accepted
Application_1941614665,Other
Application_79681847,Other
Application_1413720992,Accepted
Application_1760797021,Accepted
Application_1846291324,Other
Application_5901167,Accepted
Application_270571049,Other
Application_1944896918,Other
Application_1632505002,Other
Application_200942443,Other
Application_1194573334,Other
Application_1485367187,Accepted
Application_1708591985,Accepted
Application_276603327,Other
Application_1038660996,Other
Application_1223092363,Accepted
Application_1529928107,Other
Application_2116628095,Accepted
Application_1691065242,Other
Application_639466397,Other
Application_2122822719,Other
Application_1607821509,Other
Application_1867138516,Other
Application_1509336603,Accepted
Application_1218332981,Accepted
Application_1201250492,Accepted
Application_1559533192,Accepted
Application_656903784,Accepted
Application_1107513596,Other
Application_417539169,Accepted
Application_2046377218,Other
Application_1486220145,Other
Application_842022801,Accepted
Application_1680183215,Other
Application_2038146278,Accepted
Application_380770908,Other
Application_1282746821,Accepted
Application_1710523057,Accepted
Application_945696184,Other
Application_647413273,Other
Application_1877362067,Other
Application_977273044,Accepted
Application_1771690507,Other
Application_1034775753,Accepted
Application_1156380786,Accepted
Application_2056174200,Other
Application_1288727835,Other
Application_2036474370,Other
Application_1538042026,Other
Application_394037983,Other
Application_339123229,Other
Application_1476487383,Accepted
Application_1221269355,Accepted
Application_858789639,Other
Application_2114671174,Other
Application_1752144011,Other
Application_625101684,Accepted
Application_449256078,Other
Application_949156991,Accepted
Application_112299550,Other
Application_519478762,Other
Application_894204901,Other
Application_327297232,Accepted
Application_134173506,Other
Application_697031349,Accepted
Application_1324680297,Other
Application_590215732,Other
Application_804644820,Accepted
Application_8404955,Accepted
Application_2086545012,Accepted
Application_1951442644,Accepted
Application_1521189869,Accepted
Application_1267533811,Accepted
Application_1140019355,Other
Application_2071863649,Other
Application_368529383,Accepted
Application_1304842887,Other
Application_455972560,Other
Application_2116062822,Other
Application_1732251203,Accepted
Application_942579594,Other
Application_375142001,Accepted
Application_58375214,Other
Application_308066254,Accepted
Application_1174968511,Other
Application_699052493,Accepted
Application_131244628,Other
Application_1331492368,Other
Application_589186855,Other
Application_795733035,Other
Application_123834627,Accepted
Application_951361217,Accepted
Application_1248532589,Other
Application_19269284,Other
Application_346988751,Other
Application_2073034588,Other
Application_2091517201,Accepted
Application_1775620157,Accepted
Application_998666405,Other
Application_1756698619,Accepted
Application_1273835556,Other
Application_2086754710,Other
Application_1771092914,Other
Application_2081457336,Accepted
Application_380969432,Other
Application_48361308,Other
Application_317789291,Other
Application_2121050611,Other
Application_1039200421,Other
Application_1472653306,Accepted
Application_1123655418,Other
Application_823830081,Accepted
Application_1321952381,Other
Application_2121891434,Accepted
Application_140463362,Other
Application_1265044597,Other
Application_1437966300,Accepted
Application_616416650,Other
Application_354974392,Other
Application_738335164,Other
Application_1200105859,Other
Application_116887817,Other
Application_2029271670,Other
Application_596574084,Accepted
Application_586969154,Accepted
Application_2031841757,Accepted
Application_2047886665,Other
Application_246097895,Other
Application_1768409536,Other
Application_1140214785,Accepted
Application_1452620578,Accepted
Application_1316556140,Accepted
Application_558507947,Other
Application_377692746,Other
Application_664337168,Other
Application_1157455039,Other
Application_892427793,Other
Application_1524859554,Other
Application_441988653,Accepted
Application_70606235,Other
Application_2051974818,Accepted
Application_88952849,Other
Application_1121095468,Accepted
Application_1487829407,Accepted
Application_2091145908,Other
Application_527482957,Other
Application_1781633903,Accepted
Application_1600471037,Other
Application_2111959979,Accepted
Application_1959538261,Accepted
Application_54902350,Accepted
Application_707770540,Accepted
Application_793997351,Other
Application_528558455,Other
Application_576386053,Accepted
Application_1254474288,Accepted
Application_306812685,Other
Application_1601194488,Other
Application_166936167,Accepted
Application_981954059,Other
Application_1837286038,Other
Application_1479317863,Other
Application_216444008,Accepted
Application_620336293,Accepted
Application_396978498,Accepted
Application_940705047,Other
Application_308748254,Accepted
Application_597522926,Accepted
Application_1970703703,Other
Application_1680088322,Accepted
Application_125846800,Accepted
Application_467957342,Other
Application_1169664042,Accepted
Application_1475968760,Other
Application_957957984,Other
Application_616910723,Other
Application_643047755,Accepted
Application_2111973389,Accepted
Application_92984842,Accepted
Application_286137335,Other
Application_1569475999,Accepted
Application_2033120546,Accepted
Application_84533120,Accepted
Application_111867995,Accepted
Application_1533785960,Other
Application_1963219466,Other
Application_1820504290,Other
Application_1336423282,Accepted
Application_610454003,Other
Application_260702936,Accepted
Application_955811445,Accepted
Application_632866158,Other
Application_454274132,Other
Application_372912766,Other
Application_747812656,Accepted
Application_1852538604,Other
Application_770018911,Other
Application_292866700,Other
Application_995537269,Accepted
Application_1449066412,Other
Application_251304842,Accepted
Application_376118809,Accepted
Application_750872976,Other
Application_1756143119,Other
Application_1684641986,Accepted
Application_681711857,Accepted
Application_1671150390,Other
Application_1241865852,Other
Application_1743002787,Other
Application_1835983478,Other
Application_310417357,Other
Application_1603793312,Accepted
Application_1027449105,Accepted
Application_565689430,Other
Application_637748400,Other
Application_1192817854,Other
Application_299209464,Other
Application_118076535,Other
Application_1571539418,Other
Application_1180779910,Other
Application_676903448,Accepted
Application_1292771933,Other
Application_1281227660,Accepted
Application_1091454310,Other
Application_2067187791,Accepted
Application_203590810,Other
Application_350793850,Accepted
Application_835755263,Other
Application_1277464254,Other
Application_1559916934,Other
Application_1909723515,Accepted
Application_349709198,Accepted
Application_96732613,Other
Application_1291843877,Accepted
Application_1616117711,Other
Application_1035618893,Other
Application_115387399,Other
Application_516500707,Other
Application_207185826,Other
Application_906296960,Other
Application_1151718196,Accepted
Application_856935152,Other
Application_1324210895,Other
Application_2024477286,Other
Application_567052727,Accepted
Application_242826105,Other
Application_976227600,Accepted
Application_1152706558,Other
Application_828330778,Other
Application_1289012778,Other
Application_1988195018,Other
Application_1004385970,Accepted
Application_823313933,Other
Application_1501607525,Accepted
Application_1185560776,Other
Application_884403770,Accepted
Application_188928908,Accepted
Application_426803060,Accepted
Application_1777192556,Other
Application_1145195394,Other
Application_2099334395,Other
Application_637712751,Accepted
Application_1147242139,Accepted
Application_280615913,Accepted
Application_192191311,Other
Application_1281219916,Accepted
Application_1282418399,Other
Application_1353848792,Accepted
Application_201115305,Accepted
Application_1896375934,Accepted
Application_1173481848,Accepted
Application_815196626,Accepted
Application_280347903,Accepted
Application_1757112551,Other
Application_421465179,Other
Application_97480244,Other
Application_1273899378,Other
Application_1172008352,Accepted
Application_199635820,Other
Application_561835971,Accepted
Application_785158436,Accepted
Application_197229144,Other
Application_413047262,Accepted
Application_1151306652,Accepted
Application_767764149,Other
Application_1307592624,Accepted
Application_2089979544,Accepted
Application_1736978527,Other
Application_1660705348,Accepted
Application_739670840,Accepted
Application_1182794641,Other
Application_435186946,Other
Application_85502316,Other
Application_1733732825,Other
Application_802752710,Other
Application_1614113082,Other
Application_2060708769,Other
Application_1271570199,Accepted
Application_2025018320,Accepted
Application_1769060911,Accepted
Application_1662487403,Other
Application_412434860,Accepted
Application_196951548,Accepted
Application_948141705,Accepted
Application_104922918,Other
Application_2022507317,Accepted
Application_2128191185,Other
Application_764226645,Accepted
Application_591439695,Accepted
Application_918979468,Other
Application_1989234441,Other
Application_1664858516,Other
Application_408864407,Other
Application_345264629,Other
Application_37787490,Other
Application_1365116675,Accepted
Application_952114406,Other
Application_590010761,Accepted
Application_1317388562,Accepted
Application_721895690,Accepted
Application_1046524820,Accepted
Application_1370945476,Other
Application_584583269,Accepted
Application_1259391556,Other
Application_908012089,Other
Application_398065440,Other
Application_31519304,Other
Application_1119346613,Accepted
Application_474380883,Accepted
Application_1669477442,Accepted
Application_714768274,Other
Application_354855594,Other
Application_294013307,Accepted
Application_172695266,Other
Application_781529602,Other
Application_1481242369,Other
Application_585298607,Other
Application_728981441,Other
Application_943868855,Accepted
Application_1449370855,Accepted
Application_1664236078,Other
Application_1914483239,Other
Application_178100585,Other
Application_946802204,Accepted
Application_1118794258,Accepted
Application_690024942,Accepted
Application_1879232225,Other
Application_2042834818,Other
Application_2020581879,Other
Application_1343349327,Other
Application_481277636,Other
Application_910003252,Other
Application_1099663893,Other
Application_253227112,Accepted
Application_158230798,Other
Application_1665515241,Other
Application_1341133743,Other
Application_1154947942,Accepted
Application_1874674743,Accepted
Application_129565630,Other
Application_1104784494,Other
Application_255370233,Other
Application_1263939811,Accepted
Application_245123210,Other
Application_89083515,Accepted
Application_684289625,Other
Application_972388617,Other
Application_227670423,Accepted
Application_1623687781,Other
Application_1096081779,Other
Application_1801822059,Other
Application_1444191625,Other
Application_811825935,Accepted
Application_440695787,Accepted
Application_793873060,Accepted
Application_1173289988,Other
Application_1738270116,Other
Application_346829278,Other
Application_1618215402,Other
Application_1706151514,Other
Application_1084951999,Other
Application_1108410496,Accepted
Application_1331678337,Other
Application_409154003,Accepted
Application_1400741815,Other
Application_1780196758,Other
Application_99697167,Other
Application_697324457,Accepted
Application_1669392427,Other
Application_974380976,Accepted
Application_1020696982,Accepted
Application_190734181,Other
Application_1686395823,Accepted
Application_2048381730,Other
Application_2015423706,Other
Application_1339681597,Accepted
Application_367455904,Accepted
Application_1662440609,Other
Application_1447384497,Other
Application_798496213,Accepted
Application_120400056,Accepted
Application_579275809,Other
Application_1375435938,Other
Application_789334077,Other
Application_680448181,Other
Application_642553020,Accepted
Application_2113040289,Accepted
Application_1754878754,Other
Application_520506247,Accepted
Application_972486124,Other
Application_1465025013,Other
Application_462882090,Other
Application_821026605,Accepted
Application_391099640,Other
Application_36831628,Other
Application_455616073,Accepted
Application_997240244,Other
Application_294586112,Other
Application_1578090032,Other
Application_1464780823,Other
Application_1148505526,Other
Application_1108553853,Accepted
Application_81196974,Other
Application_1296197799,Accepted
Application_644340095,Accepted
Application_1474055956,Other
Application_2122792904,Other
Application_95477936,Other
Application_1472969785,Other
Application_685130299,Accepted
Application_1307722721,Other
Application_1959777138,Accepted
Application_1971989358,Accepted
Application_1689701428,Accepted
Application_855239950,Other
Application_1230130783,Other
Application_642608905,Accepted
Application_251670774,Accepted
Application_213211686,Accepted
Application_1859387169,Other
Application_1523406683,Other
Application_159263293,Other
Application_538311021,Other
Application_604648984,Other
Application_182597722,Accepted
Application_2042847086,Other
Application_538869641,Other
Application_539120928,Accepted
Application_349515920,Other
Application_1811471028,Other
Application_1503054725,Other
Application_963564266,Accepted
Application_1288084480,Accepted
Application_420599570,Other
Application_2045954559,Other
Application_2076314524,Accepted
Application_1597735097,Accepted
Application_923730558,Other
Application_1104697616,Accepted
Application_207339253,Other
Application_1920062674,Accepted
Application_1785650204,Other
Application_1293120092,Other
Application_1284230014,Accepted
Application_926052296,Other
Application_568127104,Accepted
Application_522420767,Accepted
Application_564834372,Accepted
Application_1920137077,Other
Application_1469334320,Other
Application_74864529,Other
Application_2008203162,Other
Application_1291971664,Other
Application_1607880476,Other
Application_1919805494,Other
Application_1288647467,Accepted
Application_920967125,Other
Application_1110847631,Accepted
Application_1283651073,Other
Application_212002191,Other
Application_1918491897,Other
Application_936279128,Other
Application_1128308263,Other
Application_905082437,Other
Application_2092228035,Accepted
Application_214156122,Accepted
Application_844831749,Other
Application_528406867,Other
Application_102977791,Accepted
Application_1607153860,Other
Application_1160716330,Other
Application_717400110,Other
Application_1471430106,Other
Application_1432791901,Accepted
Application_175918237,Other
Application_365485542,Other
Application_540373333,Accepted
Application_359276048,Accepted
Application_1473625375,Accepted
Application_1435594188,Accepted
Application_1998307400,Accepted
Application_1295538492,Other
Application_1203000059,Other
Application_1302829474,Other
Application_154623800,Other
Application_1022084723,Other
Application_2061784142,Accepted
Application_1872244741,Other
Application_2097115739,Other
Application_1864868732,Other
Application_226209957,Other
Application_1625456407,Other
Application_1427438242,Accepted
Application_1924151739,Other
Application_583747115,Other
Application_204408152,Other
Application_1307546210,Other
Application_1665584404,Other
Application_929015547,Accepted
Application_1850153393,Accepted
Application_936141381,Other
Application_1711861534,Accepted
Application_2061020149,Other
Application_695960596,Accepted
Application_877772414,Accepted
Application_1345333868,Other
Application_548136507,Other
Application_232254008,Accepted
Application_147056337,Other
Application_121670659,Accepted
Application_307801348,Accepted
Application_1885130117,Other
Application_2075014351,Accepted
Application_1425800430,Other
Application_86314749,Other
Application_5904996,Other
Application_343744148,Accepted
Application_2694097,Accepted
Application_346848867,Accepted
Application_1721325720,Other
Application_637297513,Other
Application_781442980,Accepted
Application_1489510821,Accepted
Application_1140000103,Other
Application_1072302976,Other
Application_1300309831,Other
Application_1365437313,Other
Application_313527996,Other
Application_2055157815,Accepted
Application_1920623384,Other
Application_1840472630,Other
Application_1371434911,Other
Application_973398039,Accepted
Application_480070910,Accepted
Application_1731879894,Accepted
Application_1846693519,Accepted
Application_738077974,Other
Application_1480117653,Other
Application_1842271625,Other
Application_1650299745,Other
Application_323040575,Other
Application_125498955,Other
Application_763928658,Other
Application_752373732,Accepted
Application_760841149,Accepted
Application_470096249,Other
Application_292094395,Other
Application_339730120,Other
Application_385045680,Other
Application_566670119,Other
Application_1594317140,Accepted
Application_1388031954,Other
Application_978016195,Accepted
Application_1201267547,Other
Application_1473894342,Other
Application_386657742,Other
Application_973075457,Accepted
Application_526257863,Accepted
Application_749923491,Other
Application_991116281,Other
Application_101973919,Accepted
Application_240111953,Other
Application_548377578,Other
Application_1880895995,Other
Application_510096383,Other
Application_1205291296,Other
Application_1139095492,Accepted
Application_2066939992,Other
Application_1513197861,Accepted
Application_1138343850,Other
Application_755180147,Other
Application_1600982783,Accepted
Application_63986078,Other
Application_1620539143,Other
Application_1690998892,Other
Application_1757332206,Other
Application_1971226606,Accepted
Application_1464086854,Other
Application_1366950042,Other
Application_1084809711,Accepted
Application_402938046,Other
Application_179713283,Other
Application_997592088,Other
Application_976453500,Other
Application_983620351,Accepted
Application_1976127206,Accepted
Application_1555975178,Accepted
Application_175406399,Other
Application_173259774,Accepted
Application_1973871032,Accepted
Application_1331295233,Other
Application_1246985104,Other
Application_1086358390,Other
Application_340094554,Accepted
Application_319284701,Other
Application_2116148116,Other
Application_1395429395,Other
Application_1970086923,Accepted
Application_1824209977,Other
Application_995124359,Other
Application_1120624192,Other
Application_795804396,Accepted
Application_1278754356,Other
Application_2118057291,Accepted
Application_1392931200,Accepted
Application_734030906,Accepted
Application_2115042059,Other
Application_1685478310,Accepted
Application_1504346428,Other
Application_187611464,Accepted
Application_343088948,Accepted
Application_2112573494,Other
Application_1695492315,Other
Application_1272345729,Accepted
Application_1953871052,Other
Application_1742866950,Other
Application_1286165737,Accepted
Application_1086189813,Accepted
Application_775396942,Other
Application_125111453,Accepted
Application_1713552898,Other
Application_1018266027,Other
Application_1508285623,Accepted
Application_232070640,Accepted
Application_126161718,Accepted
Application_971594478,Accepted
Application_646977549,Other
Application_272933056,Accepted
Application_51430642,Accepted
Application_447126113,Accepted
Application_164769477,Other
Application_201839146,Accepted
Application_483931042,Other
Application_1744217682,Other
Application_1095263419,Accepted
Application_1468750557,Other
Application_1123432099,Accepted
Application_773698744,Accepted
Application_1895159318,Other
Application_2083683673,Accepted
Application_428955021,Other
Application_677442195,Other
Application_1241999769,Other
Application_1819818177,Other
Application_724415088,Accepted
Application_25063668,Other
Application_1713151358,Other
Application_1785468553,Accepted
Application_1427573691,Other
Application_1726057618,Accepted
Application_1641885593,Accepted
Application_1494414449,Accepted
Application_724859129,Accepted
Application_940496739,Accepted
Application_21634890,Other
Application_247317164,Accepted
Application_1102289179,Other
Application_1791109196,Other
Application_104061665,Accepted
Application_1925894693,Other
Application_472820667,Accepted
Application_788699480,Other
Application_743474553,Other
Application_1971362714,Other
Application_1248242433,Other
Application_1251689244,Accepted
Application_833399908,Other
Application_1610638954,Other
Application_1033574302,Other
Application_109912668,Accepted
Application_113474586,Accepted
Application_560070722,Accepted
Application_1427261936,Other
Application_872415486,Other
Application_194564472,Other
Application_738276182,Other
Application_525459142,Other
Application_1575815132,Accepted
Application_1891680505,Other
Application_1952474346,Other
Application_1562686459,Other
Application_1132898010,Other
Application_1448754624,Accepted
Application_1324391484,Accepted
Application_836856058,Other
Application_1033036371,Other
Application_1766681398,Accepted
Application_1693205382,Other
Application_1877814469,Accepted
Application_1670585897,Other
Application_1447107656,Other
Application_1031512096,Other
Application_742173495,Other
Application_1316346128,Other
Application_1145960664,Other
Application_1778205577,Other
Application_1946538188,Accepted
Application_1622160130,Other
Application_737324367,Other
Application_1318517683,Accepted
Application_559246751,Other
Application_197126464,Other
Application_1544460375,Other
Application_1761323771,Other
Application_1976004129,Other
Application_1081153991,Other
Application_1757787329,Other
Application_1782952770,Other
Application_86905976,Other
Application_563590726,Other
Application_929931999,Other
Application_836841943,Accepted
Application_512079496,Other
Application_368638647,Accepted
Application_154179391,Other
Application_545474396,Other
Application_1666465764,Other
Application_1316779443,Accepted
Application_1237086325,Other
Application_1131812437,Other
Application_1733949639,Accepted
Application_1510765360,Accepted
Application_717693758,Other
Application_138110394,Accepted
Application_66451278,Other
Application_1394483322,Accepted
Application_793038001,Accepted
Application_1016792765,Other
Application_1698620256,Other
Application_1325360487,Accepted
Application_2088969676,Other
Application_177897578,Accepted
Application_1222039007,Other
Application_905858527,Other
Application_640176586,Accepted
Application_821402088,Other
Application_2081068908,Other
Application_1361444752,Accepted
Application_749860099,Other
Application_1297559824,Other
Application_203631671,Other
Application_953179282,Accepted
Application_1277202210,Other
Application_321053191,Other
Application_645328035,Other
Application_753117730,Other
Application_904093739,Other
Application_1119128567,Accepted
Application_957947349,Accepted
Application_1659913497,Accepted
Application_1310269902,Other
Application_1918741535,Other
Application_739726794,Accepted
Application_1184253258,Other
Application_1518013035,Other
Application_2065559138,Other
Application_1366143473,Accepted
Application_1917346060,Other
Application_1567826735,Accepted
Application_1219949717,Accepted
Application_1293008903,Other
Application_1777715425,Other
Application_1992619767,Other
Application_149591383,Other
Application_229606305,Accepted
Application_579153284,Accepted
Application_993701683,Other
Application_1183476189,Other
Application_852716835,Other
Application_454064051,Other
Application_789108617,Other
Application_1643995941,Accepted
Application_92009906,Accepted
Application_2053888323,Other
Application_1124789802,Other
Application_1609027595,Other
Application_1530932646,Other
Application_1977502639,Other
Application_491192717,Other
Application_1365152370,Accepted
Application_1681361801,Other
Application_918572133,Accepted
Application_876712087,Other
Application_1494178086,Other
Application_1940707964,Accepted
Application_162990347,Accepted
Application_1495262961,Other
Application_1228403719,Accepted
Application_339327672,Other
Application_450250534,Accepted
Application_994101872,Other
Application_804273159,Accepted
Application_631716992,Accepted
Application_1751763296,Other
Application_710720262,Other
Application_565743734,Other
Application_1943739799,Accepted
Application_1993192295,Accepted
Application_1079472664,Other
Application_632913675,Accepted
Application_1579516377,Accepted
Application_1263997961,Other
Application_131097851,Other
Application_312166095,Other
Application_1813502823,Other
Application_222629422,Other
Application_1580674851,Other
Application_1218203113,Accepted
Application_228373770,Other
Application_725542335,Accepted
Application_706607240,Other
Application_483074478,Other
Application_233064512,Other
Application_946845929,Accepted
Application_59876773,Other
Application_163281313,Accepted
Application_521305631,Accepted
Application_2123204513,Other
Application_2041306952,Other
Application_151280488,Accepted
Application_1048834285,Other
Application_597721884,Other
Application_1495079062,Other
Application_341875321,Accepted
Application_1913890786,Other
Application_1690391662,Other
Application_974485148,Other
Application_1403951768,Other
Application_1795986679,Other
Application_1799654594,Accepted
Application_541694777,Accepted
Application_111536511,Other
Application_1511779865,Other
Application_352165642,Accepted
Application_614334599,Other
Application_1986459524,Accepted
Application_188726425,Accepted
Application_1957651168,Other
Application_537005538,Other
Application_466068830,Other
Application_970357595,Other
Application_1684306378,Accepted
Application_462216549,Accepted
Application_622214446,Accepted
Application_1529154801,Accepted
Application_1728000220,Accepted
Application_1682480934,Accepted
Application_1600155880,Accepted
Application_711124829,Other
Application_900844990,Other
Application_1437497198,Other
Application_1936633108,Other
Application_1612452340,Other
Application_533079487,Other
Application_254824641,Other
Application_549826152,Other
Application_542782205,Other
Application_1975504088,Other
Application_1242315969,Accepted
Application_1604619511,Other
Application_75877971,Accepted
Application_1340459622,Other
Application_1709823125,Accepted
Application_2142719268,Accepted
Application_1458277433,Accepted
Application_1395388115,Other
Application_1149826505,Other
Application_763847627,Other
Application_978787861,Accepted
Application_1623704275,Other
Application_166588001,Other
Application_182066441,Other
Application_549547786,Other
Application_1966193141,Other
Application_907136885,Other
Application_1408362802,Other
Application_1242352417,Accepted
Application_2264928,Accepted
Application_1711303027,Other
Application_1496349825,Accepted
Application_1636152294,Other
Application_1189444299,Accepted
Application_706504723,Accepted
Application_356808628,Accepted
Application_1744764747,Other
Application_2094441836,Other
Application_1850714835,Other
Application_1023037940,Other
Application_858881040,Other
Application_69735407,Accepted
Application_1792123382,Accepted
Application_444595223,Other
Application_1143725882,Other
Application_53352885,Accepted
Application_578344284,Accepted
Application_1136782466,Other
Application_854280555,Other
Application_1501636291,Accepted
Application_270485252,Other
Application_361573979,Accepted
Application_1183136852,Other
Application_1604779942,Accepted
Application_2053272389,Other
Application_2051951033,Other
Application_586877291,Other
Application_1826390013,Other
Application_903799216,Other
Application_1110334222,Accepted
Application_322297326,Other
Application_244396187,Other
Application_606749031,Accepted
Application_1856344011,Other
Application_1183534481,Accepted
Application_1331144446,Other
Application_457947056,Accepted
Application_782253363,Accepted
Application_72874899,Accepted
Application_757113787,Accepted
Application_1785860221,Other
Application_2063828851,Accepted
Application_2595810,Other
Application_1905967471,Other
Application_1189871359,Accepted
Application_1537507196,Other
Application_681649352,Accepted
Application_811679621,Other
Application_335537557,Other
Application_1258641337,Other
Application_1820733336,Other
Application_1343884694,Accepted
Application_2028590322,Other
Application_1760810906,Accepted
Application_327072822,Accepted
Application_51182407,Other
Application_241318555,Accepted
Application_1100253381,Accepted
Application_236717130,Accepted
Application_1857513367,Other
Application_2120715071,Other
Application_782627639,Other
Application_416694962,Other
Application_1523736860,Other
Application_2024244758,Other
Application_2055100599,Accepted
Application_592605828,Other
Application_942057035,Other
Application_1734947142,Other
Application_1546052937,Accepted
Application_1103698005,Other
Application_778555928,Other
Application_1314374663,Accepted
Application_1677049820,Other
Application_2116960252,Other
Application_1569683122,Other
Application_1759206616,Other
Application_1123320394,Other
Application_1312933469,Other
Application_1527338408,Other
Application_1489341726,Other
Application_2051550880,Other
Application_139724030,Accepted
Application_1125229039,Other
Application_910353899,Other
Application_13944300,Other
Application_858239432,Other
Application_634898760,Accepted
Application_1283751278,Other
Application_1196211316,Other
Application_519214643,Other
Application_1938909971,Other
Application_87659628,Other
Application_864148389,Other
Application_1527571617,Other
Application_2068853058,Accepted
Application_17002468,Accepted
Application_315782607,Other
Application_631788418,Other
Application_1209476276,Accepted
Application_704597830,Accepted
Application_132038140,Other
Application_1530321110,Other
Application_277674975,Other
Application_80286962,Accepted
Application_2004973545,Accepted
Application_1781623698,Accepted
Application_447138954,Other
Application_670470325,Accepted
Application_1146390793,Accepted
Application_922011706,Other
Application_8497910,Accepted
Application_998522150,Other
Application_1453589065,Other
Application_998908852,Accepted
Application_1323290543,Accepted
Application_2141999798,Accepted
Application_810901066,Other
Application_78080859,Other
Application_381087716,Other
Application_1717953510,Accepted
Application_5006458,Other
Application_1269305141,Other
Application_755318436,Other
Application_1070499420,Other
Application_1719088576,Other
Application_1958611901,Other
Application_2143988715,Other
Application_1434518975,Other
Application_1322307011,Other
Application_1768718354,Other
Application_637222323,Other
Application_144137365,Accepted
Application_304004510,Accepted
Application_1542614392,Other
Application_214453134,Accepted
Application_1612709587,Accepted
Application_745883138,Accepted
Application_1499935603,Other
Application_665637236,Accepted
Application_494960481,Accepted
Application_282254984,Accepted
Application_673160372,Accepted
Application_1679927360,Other
Application_542632548,Other
Application_597486380,Other
Application_1300870804,Accepted
Application_597065437,Accepted
Application_1498610522,Other
Application_1606123452,Accepted
Application_638041030,Accepted
Application_254836121,Other
Application_1712515047,Other
Application_1856006798,Accepted
Application_1565590572,Accepted
Application_1240814574,Other
Application_989692273,Other
Application_1557296300,Other
Application_676717540,Accepted
Application_293379010,Other
Application_483126363,Other
Application_1630913903,Other
Application_365332446,Accepted
Application_1564442059,Accepted
Application_2133089583,Accepted
Application_1910023757,Other
Application_1531851576,Other
Application_1493979926,Accepted
Application_653567105,Other
Application_1028665365,Accepted
Application_1728090308,Other
Application_453847467,Other
Application_295284443,Other
Application_1417750933,Other
Application_231527175,Other
Application_563891423,Accepted
Application_453833865,Other
Application_419933910,Other
Application_368167256,Other
Application_11773925,Other
Application_282719864,Other
Application_1120966006,Accepted
Application_1550626027,Accepted
Application_145403764,Accepted
Application_935089662,Other
Application_903728505,Other
Application_1227908598,Other
Application_1726110813,Accepted
Application_2134329256,Accepted
Application_285972935,Accepted
Application_651776694,Other
Application_1862334976,Other
Application_1512081282,Accepted
Application_497824769,Other
Application_1157633683,Accepted
Application_711429355,Accepted
Application_142712048,Accepted
Application_206930078,Accepted
Application_1307811463,Other
Application_1007290684,Accepted
Application_2035567213,Accepted
Application_942266449,Other
Application_2097086369,Other
Application_618149506,Other
Application_1854419089,Other
Application_1151036554,Other
Application_1529844219,Other
Application_657531637,Other
Application_152784845,Other
Application_309095903,Accepted
Application_785116695,Other
Application_1856711010,Other
Application_1169662405,Other
Application_458048315,Other
Application_312947543,Other
Application_1029146502,Other
Application_903877048,Other
Application_705715651,Accepted
Application_1242470738,Other
Application_2104678316,Accepted
Application_1153365113,Other
Application_1784981500,Other
Application_1932791683,Other
Application_1024275715,Accepted
Application_261754810,Other
Application_664700159,Accepted
Application_997711293,Other
Application_673530624,Other
Application_1970894093,Other
Application_256457381,Accepted
Application_888343256,Other
Application_1116429997,Other
Application_1339549651,Other
Application_808281760,Other
Application_94810379,Accepted
Application_1961091101,Other
Application_762969152,Other
Application_581695948,Other
Application_1031742655,Other
Application_1222681139,Other
Application_2054710672,Accepted
Application_1873532965,Accepted
Application_364013609,Other
Application_1825325327,Accepted
Application_1446200189,Other
Application_543892819,Accepted
Application_743499007,Other
Application_655052891,Other
Application_1694106848,Accepted
Application_2051845040,Other
Application_1697237703,Other
Application_1044081389,Other
Application_121345362,Accepted
Application_614406430,Other
Application_1222140034,Accepted
Application_1764772652,Other
Application_1913934547,Other
Application_548713916,Other
Application_658429775,Other
Application_649919254,Other
Application_295551192,Other
Application_893807170,Accepted
Application_1694956311,Other
Application_454300514,Accepted
Application_1909691284,Other
Application_679407246,Other
Application_1453309038,Other
Application_370524880,Other
Application_1821764746,Accepted
Application_1822768825,Other
Application_1506967944,Accepted
Application_1097327496,Accepted
Application_2114960877,Other
Application_1315626794,Accepted
Application_392778706,Other
Application_230639381,Other
Application_609842612,Other
Application_1319119150,Accepted
Application_1469553374,Other
Application_1066046865,Other
Application_640754434,Other
Application_1967731097,Accepted
Application_2107513204,Other
Application_76767926,Accepted
Application_1891033664,Accepted
Application_737232376,Other
Application_1104023817,Other
Application_678738864,Accepted
Application_1963129054,Accepted
Application_1196087089,Other
Application_880283627,Other
Application_1764734609,Accepted
Application_1583345011,Accepted
Application_2143661118,Accepted
Application_546498807,Other
Application_255704360,Other
Application_1582743424,Other
Application_386587234,Other
Application_176915858,Other
Application_617441643,Other
Application_1415473117,Other
Application_873463247,Other
Application_1509521523,Accepted
Application_1352943538,Other
Application_947366120,Other
Application_1827582183,Other
Application_2072227038,Accepted
Application_1637284981,Other
Application_815840382,Other
Application_1439914536,Other
Application_1898937831,Other
Application_305250453,Other
Application_681547690,Accepted
Application_1715521459,Accepted
Application_632567869,Other
Application_1423878486,Accepted
Application_375164420,Other
Application_555699088,Other
Application_1774939620,Accepted
Application_1790937442,Accepted
Application_56762945,Accepted
Application_2082425963,Other
Application_1845982965,Accepted
Application_1452366150,Other
Application_329422501,Other
Application_2143151465,Other
Application_1508240195,Accepted
Application_1394260995,Accepted
Application_615003342,Accepted
Application_1818695540,Accepted
Application_2070255847,Other
Application_1192171561,Accepted
Application_1765198966,Accepted
Application_1880797595,Accepted
Application_626476793,Other
Application_861775476,Other
Application_1308725862,Accepted
Application_2131147799,Other
Application_308949717,Other
Application_1304365916,Other
Application_1631343495,Other
Application_342819769,Other
Application_161440331,Other
Application_2003208027,Other
Application_1491561902,Other
Application_1268336526,Other
Application_1822273581,Accepted
Application_1167919196,Other
Application_1058701252,Accepted
Application_1376348282,Other
Application_2079791742,Other
Application_2067650595,Accepted
Application_97275566,Accepted
Application_642367414,Other
Application_833798814,Other
Application_1197309763,Other
Application_171960473,Other
Application_1555010506,Other
Application_1342845149,Other
Application_2037909772,Accepted
Application_18186068,Accepted
Application_1417487350,Accepted
Application_714056251,Other
Application_88851864,Other
Application_1768215254,Accepted
Application_1604168929,Other
Application_804372620,Other
Application_1449291154,Accepted
Application_935010621,Other
Application_596305914,Other
Application_838485586,Other
Application_1921259299,Other
Application_245143253,Accepted
Application_1155915722,Other
Application_308591889,Other
Application_461975173,Other
Application_103975512,Other
Application_1876758370,Other
Application_2057810216,Other
Application_1487358805,Other
Application_1353492880,Other
Application_2057622735,Accepted
Application_270517825,Other
Application_1290314755,Accepted
Application_102404144,Accepted
Application_1594940843,Accepted
Application_1188427872,Other
Application_1533943599,Other
Application_1329405544,Other
Application_1678984118,Accepted
Application_1236613235,Other
Application_844884019,Accepted
Application_1803983196,Other
Application_86016468,Accepted
Application_1680892245,Accepted
Application_2114763562,Accepted
Application_614368625,Other
Application_1031388577,Other
Application_93994529,Other
Application_1671457513,Accepted
Application_908763226,Other
Application_719107626,Other
Application_308637091,Accepted
Application_1819482857,Accepted
Application_1669650118,Accepted
Application_905349890,Other
Application_886146031,Other
Application_1337091667,Other
Application_1551786791,Accepted
Application_95444242,Other
Application_917778219,Other
Application_299626708,Other
Application_1868286692,Other
Application_1536382522,Accepted
Application_864228968,Other
Application_2128128445,Other
Application_1945476643,Other
Application_626689908,Other
Application_1239673210,Other
Application_1023606733,Other
Application_624588306,Other
Application_634153439,Accepted
Application_1513836050,Accepted
Application_1728807997,Other
Application_643794221,Other
Application_221473441,Other
Application_647105703,Other
Application_297353532,Other
Application_1791361744,Other
Application_1601830954,Other
Application_1292574553,Other
Application_429009123,Accepted
Application_1105229091,Other
Application_1980701244,Accepted
Application_4677883,Accepted
Application_1050646177,Other
Application_892851738,Accepted
Application_468762842,Other
Application_927280713,Other
Application_1943716127,Accepted
Application_1568861006,Accepted
Application_1952572658,Accepted
Application_1993116103,Accepted
Application_212887220,Other
Application_136943471,Accepted
Application_1482631803,Other
Application_642335639,Accepted
Application_1793022941,Other
Application_1603703311,Other
Application_1986875818,Accepted
Application_1776691613,Accepted
Application_1462162949,Other
Application_1560705000,Other
Application_748726008,Other
Application_2138438586,Accepted
Application_9293304,Accepted
Application_325311769,Other
Application_1216283184,Accepted
Application_191824161,Other
Application_1215004066,Accepted
Application_1034172997,Other
Application_712514512,Other
Application_214412662,Other
Application_661026251,Other
Application_1792989829,Other
Application_353618899,Accepted
Application_667310369,Other
Application_1480982846,Accepted
Application_731054531,Other
Application_1414276189,Other
Application_1730126086,Other
Application_1789018492,Other
Application_1080788023,Accepted
Application_491837295,Accepted
Application_130375488,Other
Application_859216500,Other
Application_1306993673,Other
Application_729494720,Other
Application_1184776496,Other
Application_1939417730,Other
Application_1309271875,Other
Application_368219209,Other
Application_1122151985,Accepted
Application_857664053,Other
Application_1308422311,Accepted
Application_685451921,Other
Application_1480383161,Other
Application_493778424,Other
Application_505368867,Other
Application_143630403,Other
Application_998722780,Other
Application_2021514424,Other
Application_793341768,Accepted
Application_72928711,Other
Application_795434722,Other
Application_279002186,Other
Application_2051103777,Other
Application_1153650473,Accepted
Application_680098686,Accepted
Application_995953093,Other
Application_1485877917,Other
Application_1932288008,Accepted
Application_1124023030,Other
Application_840178886,Accepted
Application_81830972,Other
Application_992198577,Other
Application_1247659934,Other
Application_2145055012,Accepted
Application_1694469667,Other
Application_57776234,Accepted
Application_1803270801,Other
Application_700409130,Other
Application_881741064,Accepted
Application_1110558665,Accepted
Application_1965563143,Other
Application_1742514819,Accepted
Application_18593266,Accepted
Application_562703048,Other
Application_1055536343,Other
Application_377014556,Other
Application_777962826,Other
Application_1135936231,Other
Application_1777155847,Other
Application_704902711,Other
Application_2075927775,Accepted
Application_61121501,Accepted
Application_962796971,Other
Application_879185541,Accepted
Application_125185651,Other
Application_1663648698,Other
Application_1325405480,Accepted
Application_804597145,Other
Application_1098498254,Other
Application_1827217035,Accepted
Application_374119345,Accepted
Application_159300793,Accepted
Application_735610980,Other
Application_1197871000,Accepted
Application_1968875370,Other
Application_1058590424,Accepted
Application_1239762522,Other
Application_1509144859,Other
Application_1900831405,Other
Application_1583681139,Accepted
Application_1252110212,Accepted
Application_1131588689,Other
Application_1312902296,Other
Application_1780440689,Other
Application_836389034,Accepted
Application_184083402,Other
Application_1695461065,Accepted
Application_1396244782,Accepted
Application_1017220956,Accepted
Application_95249419,Other
Application_979185640,Other
Application_1734409648,Other
Application_1401634845,Other
Application_1810505243,Accepted
Application_2050571499,Accepted
Application_908129971,Other
Application_863868107,Accepted
Application_1343390609,Other
Application_2123639820,Other
Application_5733741,Other
Application_597073052,Other
Application_217634970,Other
Application_1662782689,Accepted
Application_1591405559,Accepted
Application_942436331,Accepted
Application_1872600475,Other
Application_656601025,Accepted
Application_146650261,Other
Application_1489702216,Accepted
Application_871494636,Accepted
Application_1919383044,Other
Application_1061764162,Other
Application_720271570,Other
Application_1163931741,Accepted
Application_81400760,Other
Application_2067516303,Other
Application_1279542983,Other
Application_580613034,Other
Application_231706727,Other
Application_1699693958,Other
Application_717856936,Other
Application_1202498150,Accepted
Application_2030070785,Other
Application_1596032771,Other
Application_1956370444,Other
Application_1988732462,Accepted
Application_1661353649,Accepted
Application_873572965,Other
Application_213878489,Other
Application_1237708187,Accepted
Application_538169581,Other
Application_913565403,Accepted
Application_1412655400,Accepted
Application_139354683,Accepted
Application_370191543,Other
Application_542945180,Other
Application_2092494977,Other
Application_1226994121,Other
Application_74879530,Other
Application_1388588699,Other
Application_1603336383,Other
Application_336983203,Other
Application_1311723179,Other
Application_614870883,Other
Application_1526742780,Other
Application_335581048,Other
Application_1577698883,Other
Application_1286451240,Other
Application_1810142000,Other
Application_188033371,Other
Application_1135919263,Other
Application_1712881768,Accepted
Application_125225552,Other
Application_317286636,Other
Application_1969376709,Accepted
Application_1830261390,Accepted
Application_377946876,Other
Application_2102558833,Accepted
Application_1605512326,Accepted
Application_1606631152,Other
Application_1243342863,Other
Application_1318432512,Other
Application_1894052702,Other
Application_2034665751,Other
Application_473947723,Other
Application_1278442463,Accepted
Application_195791653,Other
Application_831945086,Accepted
Application_1828870553,Other
Application_920250519,Other
Application_2102301623,Other
Application_1568010629,Accepted
Application_2136573543,Other
Application_1770453247,Other
Application_1328238857,Accepted
Application_1892394315,Accepted
Application_2027499518,Accepted
Application_130653490,Other
Application_1070807650,Accepted
Application_1095104169,Other
Application_837329814,Other
Application_1122854866,Other
Application_2084407394,Other
Application_1435504879,Other
Application_1440806794,Accepted
Application_7640074,Accepted
Application_3575600,Other
Application_1077802585,Other
Application_365799467,Accepted
Application_1087361782,Accepted
Application_931528070,Other
Application_92071720,Other
Application_1285608570,Accepted
Application_1711767983,Accepted
Application_1782198949,Other
Application_333905118,Accepted
Application_293739411,Other
Application_787973169,Accepted
Application_1163869706,Other
Application_1322558151,Other
Application_404868831,Accepted
Application_2013171518,Accepted
Application_930473495,Other
Application_1291158706,Other
Application_1256502858,Other
Application_1437553021,Accepted
Application_1632754032,Other
Application_930816441,Other
Application_1952405075,Other
Application_322102475,Accepted
Application_1584556673,Other
Application_1317004789,Accepted
Application_1719040859,Other
Application_1340467389,Other
Application_1159647718,Other
Application_1755318381,Other
Application_494716403,Other
Application_427956403,Other
Application_1076959874,Other
Application_270744376,Accepted
Application_588444446,Other
Application_1351428864,Other
Application_300477732,Other
Application_658384558,Other
Application_75663961,Accepted
Application_307672567,Other
Application_30639530,Other
Application_1982581306,Other
Application_407010106,Other
Application_1044940133,Accepted
Application_662049888,Other
Application_1746613852,Other
Application_828007234,Other
Application_1396822070,Other
Application_1049376478,Accepted
Application_1222103386,Accepted
Application_31108797,Accepted
Application_1474745448,Other
Application_2123253856,Accepted
Application_1747296180,Accepted
Application_1305704058,Other
Application_1515622970,Accepted
Application_546567068,Accepted
Application_1605786633,Other
Application_215646616,Other
Application_903795625,Accepted
Application_1407490115,Other
Application_1976246233,Other
Application_400334699,Other
Application_2131822593,Other
Application_2022281352,Other
Application_1197889328,Accepted
Application_1380332522,Other
Application_2021325909,Accepted
Application_1839957236,Other
Application_2025173856,Other
Application_1392494853,Accepted
Application_1182045705,Other
Application_2012391145,Other
Application_388623198,Other
Application_550590684,Other
Application_1457230344,Other
Application_1773437231,Other
Application_1846502351,Other
Application_318805669,Other
Application_390518803,Accepted
Application_549317081,Other
Application_120450797,Accepted
Application_1410285531,Accepted
Application_1953648569,Other
Application_20756984,Other
Application_1020830584,Other
Application_1370301821,Accepted
Application_1686397683,Other
Application_444199448,Other
Application_1127317112,Accepted
Application_630885216,Accepted
Application_441255864,Accepted
Application_186670484,Other
Application_1961369857,Accepted
Application_945218374,Other
Application_2123359397,Accepted
Application_1194278424,Other
Application_1933903807,Accepted
Application_1777172908,Other
Application_667929164,Accepted
Application_128258840,Accepted
Application_601987144,Accepted
Application_1010825982,Accepted
Application_244038478,Accepted
Application_2143271804,Accepted
Application_1231423519,Accepted
Application_917933158,Accepted
Application_1140505774,Other
Application_365169523,Accepted
Application_227136917,Other
Application_828345629,Other
Application_1300625552,Other
Application_1625631203,Accepted
Application_399804336,Other
Application_1749301905,Other
Application_2058314938,Other
Application_418355103,Other
Application_93884526,Other
Application_1049772483,Other
Application_1674949270,Accepted
Application_339407729,Accepted
Application_1295599717,Other
Application_1105925592,Accepted
Application_31924676,Accepted
Application_717781808,Other
Application_972625713,Accepted
Application_623112993,Accepted
Application_1525515552,Other
Application_1697908264,Accepted
Application_1685751325,Other
Application_161248895,Other
Application_1614789186,Accepted
Application_1116736783,Accepted
Application_286873144,Other
Application_540471605,Accepted
Application_1374324644,Other
Application_1811479780,Accepted
Application_2030167708,Other
Application_1313489992,Accepted
Application_851943059,Other
Application_1744051272,Accepted
Application_1360556476,Other
Application_607669715,Other
Application_249437501,Other
Application_1664614522,Other
Application_1627790606,Other
Application_1285342453,Other
Application_553247416,Accepted
Application_330153287,Accepted
Application_1269575140,Other
Application_2057354751,Other
Application_90260130,Other
Application_983760603,Other
Application_760332880,Accepted
Application_1387679604,Other
Application_178752186,Other
Application_804402629,Other
Application_1095452972,Accepted
Application_113709871,Accepted
Application_2024566478,Other
Application_2089315093,Accepted
Application_1318266756,Accepted
Application_1474309108,Other
Application_1131778419,Accepted
Application_772221126,Accepted
Application_211870043,Accepted
Application_80099284,Accepted
Application_370675690,Accepted
Application_619730681,Accepted
Application_1991735900,Accepted
Application_1696294684,Other
Application_2020582584,Accepted
Application_620734845,Other
Application_406361456,Accepted
Application_1337249907,Other
Application_1054883456,Accepted
Application_1454712100,Other
Application_2052460683,Accepted
Application_77518101,Other
Application_237867019,Accepted
Application_1004601801,Other
Application_979814684,Other
Application_621694962,Other
Application_1703721614,Other
Application_2049369187,Other
Application_1090891539,Other
Application_1329577059,Other
Application_2101816492,Other
Application_1109017383,Other
Application_759433129,Other
Application_1054644292,Other
Application_458368971,Accepted
Application_1751472175,Other
Application_1527873568,Other
Application_382781915,Other
Application_600084950,Other
Application_10431674,Other
Application_1084874653,Accepted
Application_1346588557,Accepted
Application_2044328508,Other
Application_606265893,Other
Application_535094497,Other
Application_459492793,Accepted
Application_1705393050,Other
Application_1319213620,Accepted
Application_2047957251,Other
Application_844931912,Other
Application_1325302224,Other
Application_1540267654,Accepted
Application_821314733,Other
Application_88473878,Other
Application_437767223,Accepted
Application_719982445,Other
Application_1425136490,Other
Application_1796845896,Other
Application_350652330,Accepted
Application_1063334591,Accepted
Application_1748600294,Accepted
Application_962221093,Accepted
Application_2043676047,Other
Application_31630312,Other
Application_149596655,Other
Application_1167218989,Accepted
Application_244825819,Accepted
Application_1231464056,Accepted
Application_414001577,Accepted
Application_595363130,Other
Application_2042761377,Accepted
Application_1299469760,Other
Application_1813761377,Other
Application_1354903400,Accepted
Application_2118429749,Other
Application_781847509,Other
Application_1840614207,Accepted
Application_1203184751,Other
Application_39868697,Accepted
Application_1906307438,Accepted
Application_890428082,Accepted
Application_1033444821,Other
Application_48490086,Other
Application_309092058,Other
Application_1265413720,Other
Application_907768926,Other
Application_684359829,Other
Application_1767363735,Other
Application_2125221710,Accepted
Application_1386564931,Other
Application_1332567294,Accepted
Application_2053301194,Accepted
Application_1518333773,Other
Application_331373069,Accepted
Application_434982465,Other
Application_824325013,Accepted
Application_64747043,Accepted
Application_695714980,Other
Application_506291317,Other
Application_757207055,Accepted
Application_28299345,Other
Application_471347316,Other
Application_1517065409,Other
Application_1792807150,Other
Application_354038814,Other
Application_855274864,Other
Application_942667715,Accepted
Application_1292171120,Other
Application_361129072,Other
Application_1464437874,Other
Application_944562718,Other
Application_1289751033,Other
Application_1647830097,Other
Application_1754698041,Other
Application_352581778,Accepted
Application_409698808,Other
Application_1483928070,Other
Application_1469856555,Accepted
Application_214380816,Other
Application_1662936819,Other
Application_1297366419,Accepted
Application_1107950925,Other
Application_2000391541,Other
Application_353480544,Other
Application_145921979,Other
Application_1221422293,Other
Application_215162392,Other
Application_1992033392,Accepted
Application_564280997,Other
Application_680438590,Other
Application_2099960291,Other
Application_1580066848,Accepted
Application_901633533,Accepted
Application_585641427,Other
Application_1631798706,Accepted
Application_1765755529,Other
Application_497490559,Other
Application_399487431,Accepted
Application_1284111301,Other
Application_797468359,Other
Application_1576819977,Other
Application_962826231,Other
Application_264669276,Accepted
Application_1893569216,Other
Application_1139587159,Accepted
Application_1202415638,Accepted
Application_444247314,Other
Application_309030545,Other
Application_1610707738,Other
Application_2051352129,Accepted
Application_1929025400,Other
Application_1865491187,Other
Application_1346708837,Other
Application_1714104881,Accepted
Application_818544524,Other
Application_1650416539,Other
Application_1176826367,Accepted
Application_1753972267,Accepted
Application_1834515661,Accepted
Application_175875884,Accepted
Application_339050206,Accepted
Application_1574871736,Other
Application_274300371,Accepted
Application_474718991,Other
Application_1237394333,Other
Application_790779450,Other
Application_672871272,Accepted
Application_314497877,Other
Application_47407194,Accepted
Application_1624295834,Other
Application_598122150,Other
Application_1939778064,Other
Application_1815342522,Accepted
Application_1322203709,Accepted
Application_239477558,Other
Application_118524871,Accepted
Application_1099777932,Other
Application_825460349,Accepted
Application_900320294,Accepted
Application_2067372278,Other
Application_542586744,Other
Application_1102933096,Other
Application_1974444755,Other
Application_1284443099,Other
Application_152090342,Other
Application_863774773,Other
Application_526507473,Accepted
Application_92982126,Other
Application_669667104,Other
Application_269993344,Accepted
Application_1562291654,Other
Application_488035660,Accepted
Application_1924377980,Other
Application_605367983,Other
Application_606196992,Accepted
Application_1238018991,Other
Application_611092804,Other
Application_926871261,Accepted
Application_156087508,Other
Application_25181870,Other
Application_2009085424,Other
Application_925344672,Other
Application_1241310529,Other
Application_364222888,Accepted
Application_1487320768,Accepted
Application_270300649,Other
Application_835234957,Accepted
Application_1377067074,Other
Application_361368763,Accepted
Application_677637617,Accepted
Application_726395032,Accepted
Application_1409912288,Accepted
Application_356639618,Other
Application_672929604,Other
Application_1807304387,Other
Application_362042856,Accepted
Application_716417972,Accepted
Application_1163193079,Accepted
Application_1310531701,Other
Application_1271426699,Other
Application_1056684759,Other
Application_353132847,Other
Application_2055667501,Accepted
Application_1165924661,Accepted
Application_1404558282,Other
Application_1420038790,Other
Application_475848616,Accepted
Application_420528716,Other
Application_422395087,Accepted
Application_1175493423,Accepted
Application_477170224,Other
Application_1273378053,Other
Application_573409420,Other
Application_190552415,Other
Application_24270864,Other
Application_508615021,Other
Application_723389752,Other
Application_483215002,Other
Application_1122482586,Other
Application_2098447669,Other
Application_1429725995,Other
Application_2035341294,Accepted
Application_482074650,Accepted
Application_844394684,Other
Application_1025457860,Other
Application_1339084588,Accepted
Application_1703509179,Other
Application_892444494,Other
Application_1509740627,Other
Application_1590453625,Other
Application_959028510,Accepted
Application_2033490195,Accepted
Application_2038249469,Other
Application_74095387,Other
Application_372771478,Other
Application_2060092602,Accepted
Application_1702207070,Other
Application_1300909718,Other
Application_75055078,Accepted
Application_371422401,Other
Application_1031467191,Other
Application_211237020,Other
Application_1718649293,Accepted
Application_867437609,Other
Application_1214035810,Accepted
Application_1710327474,Accepted
Application_1357845307,Accepted
Application_1210329743,Other
Application_16788049,Other
Application_2009554924,Other
Application_809034186,Accepted
Application_391675176,Other
Application_1509198590,Other
Application_1683189142,Accepted
Application_1280565629,Accepted
Application_362185894,Other
Application_1745680840,Other
Application_1176104412,Other
Application_124288958,Accepted
Application_570875507,Accepted
Application_2067204767,Accepted
Application_1312733757,Other
Application_933620779,Other
Application_609106039,Other
Application_977974864,Other
Application_329041133,Accepted
Application_619754126,Other
Application_21872303,Other
Application_970503441,Other
Application_1354066062,Other
Application_2007094916,Accepted
Application_507216164,Other
Application_971318597,Accepted
Application_801889364,Other
Application_1816932338,Other
Application_2099002424,Other
Application_317543316,Other
Application_1849739044,Other
Application_1057130346,Other
Application_336250197,Accepted
Application_1346612073,Accepted
Application_1878960760,Other
Application_1495351732,Other
Application_2188153,Other
Application_313951333,Other
Application_1405826636,Other
Application_253964593,Other
Application_649819908,Other
Application_65717423,Other
Application_1140599197,Accepted
Application_507570451,Accepted
Application_869556376,Accepted
Application_6091391,Accepted
Application_1005228320,Other
Application_1894562710,Other
Application_1444165100,Other
Application_66692782,Other
Application_1063519740,Other
Application_1713280237,Other
Application_1289787823,Other
Application_2144993835,Other
Application_1065388275,Other
Application_1066386001,Accepted
Application_10750697,Other
Application_211406000,Other
Application_870788218,Accepted
Application_1214717043,Other
Application_2137261298,Other
Application_1494462305,Accepted
Application_239576189,Accepted
Application_108975302,Other
Application_206958042,Other
Application_2103762647,Accepted
Application_951477217,Other
Application_39907373,Accepted
Application_1853216913,Other
Application_1034123285,Other
Application_313537150,Other
Application_945608690,Accepted
Application_1503697905,Accepted
Application_1926088015,Accepted
Application_1209968775,Accepted
Application_585037499,Other
Application_2003563740,Accepted
Application_309853327,Other
Application_1122739100,Other
Application_290930697,Accepted
Application_1045534588,Accepted
Application_28343073,Accepted
Application_217974632,Other
Application_1426929415,Accepted
Application_1465306938,Accepted
Application_955500524,Accepted
Application_509076290,Other
Application_1704022308,Other
Application_413158301,Other
Application_585382591,Other
Application_1003291296,Other
Application_489550304,Other
Application_1488146222,Other
Application_1703568228,Accepted
Application_1732988770,Other
Application_334270615,Other
Application_1052198739,Accepted
Application_573409679,Accepted
Application_58538311,Accepted
Application_1871006480,Accepted
Application_1868755154,Other
Application_903106887,Accepted
Application_1870978242,Other
Application_1992831212,Accepted
Application_1793992683,Other
Application_1797276682,Other
Application_975946794,Other
Application_2048261328,Other
Application_1922430231,Accepted
Application_981705597,Accepted
Application_1701983265,Accepted
Application_1255603560,Accepted
Application_905878935,Accepted
Application_471484016,Accepted
Application_1617413255,Other
Application_574810235,Other
Application_892223013,Accepted
Application_2077147247,Accepted
Application_182230304,Other
Application_1817553519,Other
Application_777336393,Other
Application_965113608,Accepted
Application_1314683306,Other
Application_1467934474,Other
Application_394515882,Accepted
Application_90041934,Other
Application_957297083,Accepted
Application_746932178,Accepted
Application_233012825,Other
Application_19902638,Accepted
Application_1123487192,Other
Application_1681794627,Accepted
Application_2098518347,Accepted
Application_1560374875,Accepted
Application_1114088888,Accepted
Application_899248977,Accepted
Application_1636466059,Other
Application_1179132529,Other
Application_200623911,Other
Application_1892752886,Other
Application_2107501162,Other
Application_1635282054,Other
Application_1161220202,Accepted
Application_1812362363,Other
Application_1454329645,Other
Application_48128651,Accepted
Application_1908521808,Accepted
Application_1485710725,Accepted
Application_1861181811,Accepted
Application_1183957528,Other
Application_102338755,Accepted
Application_390522628,Other
Application_99210081,Other
Application_1950237720,Other
Application_394129589,Other
Application_1261424268,Accepted
Application_1323041202,Other
Application_965268021,Other
Application_100886157,Other
Application_214939523,Other
Application_614865485,Other
Application_643691008,Accepted
Application_281141251,Other
Application_1955841156,Other
Application_296299859,Accepted
Application_1265633548,Other
Application_1581528480,Other
Application_1504386349,Other
Application_466648449,Other
Application_1250084864,Other
Application_133935411,Other
Application_1612817160,Other
Application_1264113522,Accepted
Application_189815000,Other
Application_581105213,Other
Application_1938485547,Accepted
Application_1753374182,Other
Application_1580560695,Accepted
Application_1640033565,Other
Application_864162052,Other
Application_1831243137,Accepted
Application_709870610,Accepted
Application_1649679491,Accepted
Application_929368625,Other
Application_153600539,Other
Application_1975269949,Other
Application_1455988851,Other
Application_746812609,Other
Application_1197366230,Accepted
Application_114560083,Accepted
Application_1452181523,Accepted
Application_1502744153,Other
Application_1583440896,Other
Application_2083866451,Other
Application_334155346,Accepted
Application_381999736,Other
Application_1139528532,Other
Application_1362590392,Other
Application_153662314,Accepted
Application_916135710,Other
Application_556819046,Accepted
Application_996819598,Accepted
Application_327745005,Accepted
Application_2071977490,Accepted
Application_1220090149,Other
Application_1130795851,Other
Application_555276992,Other
Application_315698810,Other
Application_1500082122,Other
Application_91567678,Other
Application_994357941,Other
Application_767319788,Accepted
Application_2073760361,Other
Application_678098874,Accepted
Application_1451515921,Other
Application_1514842927,Accepted
Application_1135553856,Accepted
Application_1275545255,Other
Application_91523066,Other
Application_1465486025,Accepted
Application_84849067,Other
Application_2002603034,Other
Application_2060693162,Accepted
Application_601857796,Accepted
Application_1374552314,Other
Application_1846263192,Accepted
Application_1997272398,Other
Application_1782208203,Other
Application_1365801149,Accepted
Application_1502851295,Accepted
Application_1123629809,Other
Application_1740531421,Other
Application_2063868735,Accepted
Application_1791914839,Other
Application_1888350749,Other
Application_1007601292,Other
Application_1791228804,Other
Application_816734015,Other
Application_275122815,Accepted
Application_1312537655,Other
Application_1502105826,Accepted
Application_1156056055,Other
Application_964290361,Other
Application_1417834440,Other
Application_1855519591,Other
Application_94902734,Other
Application_944171237,Other
Application_1280739052,Other
Application_90743535,Other
Application_343628671,Other
Application_2058119051,Other
Application_1095638977,Other
Application_551444244,Other
Application_807642821,Other
Application_2041978198,Other
Application_1419488876,Accepted
Application_1854025624,Other
Application_555852588,Accepted
Application_1327486929,Accepted
Application_1090489225,Accepted
Application_569214142,Accepted
Application_695190318,Other
Application_1053489256,Other
Application_1395696555,Accepted
Application_55240812,Other
Application_371118023,Other
Application_624429547,Other
Application_981465623,Accepted
Application_622941435,Other
Application_985160394,Other
Application_2093060269,Other
Application_1520049058,Other
Application_627088243,Other
Application_272645051,Other
Application_1517703496,Other
Application_639400430,Other
Application_795526115,Other
Application_1793160101,Accepted
Application_837911105,Other
Application_124810635,Accepted
Application_440426323,Other
Application_275348392,Other
Application_116395049,Accepted
Application_912681536,Accepted
Application_1323794365,Other
Application_1068273919,Accepted
Application_1828381789,Accepted
Application_1382111001,Accepted
Application_1773800749,Accepted
Application_927305192,Other
Application_690863786,Other
Application_880598776,Other
Application_1213737526,Accepted
Application_1930165253,Accepted
Application_1861298112,Other
Application_1648736780,Accepted
Application_997848693,Accepted
Application_681016501,Accepted
Application_944860637,Accepted
Application_1437537263,Accepted
Application_253804994,Accepted
Application_736395295,Accepted
Application_1116244383,Accepted
Application_1074738376,Other
Application_2137837243,Accepted
Application_1967560502,Other
Application_1515048435,Accepted
Application_327968396,Other
Application_946565789,Other
Application_1759946750,Accepted
Application_896441766,Other
Application_2080516029,Other
Application_1829351727,Accepted
Application_1825713542,Other
Application_1399501567,Other
Application_1442369492,Other
Application_138912330,Other
Application_1631898559,Accepted
Application_550228710,Accepted
Application_320004079,Other
Application_1402742037,Other
Application_1078614640,Accepted
Application_1280243861,Accepted
Application_629867343,Other
Application_1895224589,Accepted
Application_2083328557,Accepted
Application_746672835,Other
Application_1445597770,Other
Application_1231269305,Other
Application_397372842,Other
Application_244920825,Other
Application_1498613188,Other
Application_1897876276,Accepted
Application_1694904885,Accepted
Application_83093719,Other
Application_296572329,Other
Application_868329739,Accepted
Application_1024176807,Other
Application_1206648420,Accepted
Application_1526587361,Other
Application_561864163,Other
Application_1312529552,Other
Application_1692583211,Accepted
Application_1291779828,Other
Application_1029175063,Accepted
Application_662896680,Other
Application_680160715,Other
Application_1959429828,Other
Application_1538422690,Other
Application_2027799986,Accepted
Application_1177646759,Accepted
Application_1539704560,Other
Application_1537320657,Accepted
Application_1727057027,Accepted
Application_1572708761,Other
Application_2102819676,Accepted
Application_1019756607,Accepted
Application_1466389629,Other
Application_1656792289,Accepted
Application_123016072,Accepted
Application_956166407,Other
Application_1179722001,Accepted
Application_1318628263,Accepted
Application_316223868,Other
Application_1837263594,Other
Application_1024774116,Other
Application_489358039,Other
Application_1205789692,Accepted
Application_720027679,Other
Application_942762775,Accepted
Application_272984769,Other
Application_2142516993,Other
Application_1571475247,Other
Application_1426260594,Other
Application_1203077095,Accepted
Application_2070123392,Other
Application_1847012732,Other
Application_772868903,Other
Application_812148864,Other
Application_1570046633,Other
Application_1196260965,Accepted
Application_1828081301,Other
Application_2071184240,Other
Application_2024966703,Other
Application_1497767483,Accepted
Application_1316424910,Other
Application_813307149,Other
Application_376682366,Other
Application_423078189,Accepted
Application_2131260692,Other
Application_555781382,Other
Application_379716265,Accepted
Application_21610314,Other
Application_1456223716,Other
Application_1256797311,Other
Application_1460401130,Other
Application_1818313246,Other
Application_1742464377,Accepted
Application_1835447552,Other
Application_1137072794,Accepted
Application_183198602,Accepted
Application_364299565,Other
Application_64580395,Accepted
Application_817327339,Other
Application_1824310007,Accepted
Application_1651882834,Other
Application_1832493729,Other
Application_758200875,Other
Application_661194677,Other
Application_1180383220,Accepted
Application_1617272391,Accepted
Application_1972589782,Accepted
Application_1891150389,Accepted
Application_1175093878,Accepted
Application_2080868684,Accepted
Application_709251515,Accepted
Application_64770427,Other
Application_864484571,Accepted
Application_801388233,Other
Application_2100612556,Other
Application_245908497,Other
Application_1791899364,Other
Application_71451073,Other
Application_1595644784,Accepted
Application_1027387746,Other
Application_703097816,Accepted
Application_31244249,Accepted
Application_1462952668,Other
Application_1755263044,Other
Application_988369102,Other
Application_1178172301,Other
Application_104317572,Other
Application_2063282031,Other
Application_1358744041,Other
Application_2043047993,Other
Application_852744231,Accepted
Application_1147719014,Accepted
Application_1615315247,Accepted
Application_319696917,Other
Application_1470270483,Accepted
Application_315644368,Accepted
Application_665402126,Accepted
Application_2118644430,Accepted
Application_1465150255,Accepted
Application_1612070951,Other
Application_32936700,Accepted
Application_1115432729,Accepted
Application_1686314556,Other
Application_1254085728,Other
Application_1236733745,Other
Application_1794381253,Other
Application_1553016273,Other
Application_1885923563,Other
Application_677134216,Other
Application_1789875301,Accepted
Application_1885765431,Accepted
Application_1140953198,Other
Application_892251286,Other
Application_172021397,Other
Application_1974117177,Accepted
Application_463289149,Accepted
Application_169115961,Other
Application_1785864224,Other
Application_1542028428,Accepted
Application_1345545536,Accepted
Application_1286997267,Accepted
Application_1105903637,Accepted
Application_1796438229,Other
Application_604618408,Other
Application_1751558677,Other
Application_1854095435,Accepted
Application_1699193343,Accepted
Application_1349989477,Accepted
Application_493571606,Other
Application_69886194,Other
Application_293186607,Accepted
Application_337854299,Other
Application_852082039,Other
Application_1291286264,Other
Application_1472456050,Other
Application_399086807,Accepted
Application_296111386,Other
Application_1853491319,Other
Application_1669429484,Other
Application_1998036485,Other
Application_1033509575,Accepted
Application_650088661,Other
Application_856904799,Other
Application_1540112874,Accepted
Application_1635121236,Accepted
Application_903761516,Other
Application_1632702551,Other
Application_2021996669,Other
Application_1518765385,Other
Application_625205810,Accepted
Application_1788428875,Accepted
Application_181886224,Accepted
Application_1319249477,Other
Application_1129969277,Accepted
Application_862319891,Other
Application_512570243,Other
Application_2059460268,Accepted
Application_199560590,Other
Application_2001409988,Other
Application_765444982,Other
Application_139196339,Other
Application_76077728,Other
Application_1364761716,Other
Application_1021332815,Other
Application_764210003,Accepted
Application_284722986,Accepted
Application_1210876281,Other
Application_185750292,Accepted
Application_941665501,Other
Application_1797034930,Other
Application_293081460,Accepted
Application_1772618335,Other
Application_1203975466,Accepted
Application_1376887477,Accepted
Application_1600020197,Other
Application_1621901239,Other
Application_1581655140,Other
Application_797417927,Accepted
Application_1584953437,Accepted
Application_1648189282,Accepted
Application_862284635,Other
Application_2080395563,Other
Application_1460504921,Other
Application_566145527,Other
Application_1267164884,Other
Application_864621005,Accepted
Application_573128940,Accepted
Application_139089952,Other
Application_1937760784,Other
Application_1160309805,Other
Application_1273686478,Other
Application_1378219675,Other
Application_1592967370,Other
Application_1619420792,Other
Application_779887573,Other
Application_1052606575,Other
Application_2025229391,Accepted
Application_610018749,Accepted
Application_420214466,Other
Application_1367490967,Other
Application_952025553,Other
Application_1275779621,Other
Application_1667424466,Accepted
Application_1944625042,Accepted
Application_918932747,Other
Application_1141108757,Other
Application_1489581984,Other
Application_1990971128,Other
Application_923517455,Other
Application_1494056730,Other
Application_1937302912,Other
Application_1131744527,Accepted
Application_476768361,Accepted
Application_1230081214,Other
Application_933312827,Accepted
Application_36692111,Other
Application_144638430,Other
Application_936417560,Other
Application_1098883900,Other
Application_287618269,Other
Application_468729534,Other
Application_1667164492,Other
Application_147869159,Accepted
Application_1010657155,Other
Application_362083369,Other
Application_541435146,Other
Application_1039990121,Accepted
Application_541270963,Accepted
Application_174523797,Other
Application_465906899,Accepted
Application_1959276834,Accepted
Application_722930672,Other
Application_1844570681,Accepted
Application_2025810393,Other
Application_831557107,Accepted
Application_1761923867,Other
Application_1985157106,Other
Application_1232392890,Other
Application_2028489444,Other
Application_1904206333,Other
Application_1680734516,Other
Application_1910954034,Other
Application_1531762977,Other
Application_984637042,Accepted
Application_180312905,Accepted
Application_1535488836,Other
Application_1202543218,Other
Application_2008855109,Accepted
Application_1600961137,Accepted
Application_790630836,Accepted
Application_1969322143,Other
Application_98763482,Other
Application_1468800964,Accepted
Application_1402421765,Accepted
Application_681868731,Other
Application_1682805570,Other
Application_1980172661,Other
Application_2135977945,Accepted
Application_1604844530,Accepted
Application_1621378726,Other
Application_1364438939,Accepted
Application_1974408424,Other
Application_320656653,Other
Application_4725841,Accepted
Application_41457718,Other
Application_357595149,Accepted
Application_1079252932,Other
Application_2043769562,Other
Application_1547985122,Other
Application_1356606116,Accepted
Application_29907847,Accepted
Application_1049752339,Accepted
Application_392342439,Accepted
Application_1196222682,Accepted
Application_1411667328,Other
Application_240075618,Other
Application_1094857756,Other
Application_413226186,Other
Application_1991542825,Accepted
Application_1801799778,Other
Application_660898265,Other
Application_985184981,Other
Application_726893387,Other
Application_729468313,Accepted
Application_1610326543,Other
Application_1803607870,Other
Application_235207605,Accepted
Application_1791752256,Accepted
Application_1312464776,Other
Application_410550546,Accepted
Application_668695663,Other
Application_413655543,Other
Application_2022277549,Other
Application_1611334093,Other
Application_815351292,Accepted
Application_515224882,Other
Application_14043266,Other
Application_1350859573,Other
Application_1048229669,Accepted
Application_1810497253,Other
Application_1431271047,Other
Application_1781035334,Accepted
Application_388690811,Accepted
Application_746588446,Accepted
Application_516455825,Other
Application_1165348053,Other
Application_874667301,Accepted
Application_673756097,Accepted
Application_989790181,Other
Application_443770026,Other
Application_1642811374,Other
Application_1891253476,Other
Application_334707315,Accepted
Application_650730518,Accepted
Application_423354116,Other
Application_1253032803,Other
Application_1764808452,Accepted
Application_250165774,Other
Application_1076896696,Other
Application_1454026823,Other
Application_1706407359,Other
Application_876355916,Other
Application_1443389561,Accepted
Application_1836169687,Other
Application_1777048467,Other
Application_247180552,Other
Application_1326172373,Accepted
Application_1300773256,Other
Application_1140614876,Other
Application_721338074,Accepted
Application_36278501,Other
Application_453521125,Accepted
Application_668422437,Accepted
Application_1156750817,Accepted
Application_346800107,Other
Application_30950654,Other
Application_679891172,Other
Application_654932562,Other
Application_1084469664,Other
Application_1509297391,Accepted
Application_10364301,Accepted
Application_750865641,Other
Application_1710293659,Accepted
Application_806720781,Other
Application_1164942045,Accepted
Application_619397340,Other
Application_2127858700,Accepted
Application_909952098,Accepted
Application_560521157,Accepted
Application_522446320,Other
Application_2131199353,Other
Application_1415886047,Other
Application_1923395272,Other
Application_2047347964,Other
Application_1587546099,Other
Application_1740533240,Other
Application_1548616764,Other
Application_1168237766,Other
Application_1614968186,Accepted
Application_2124615783,Other
Application_1040902596,Accepted
Application_1744329481,Other
Application_1011743105,Other
Application_1373903371,Other
Application_1615943310,Other
Application_545952433,Other
Application_904028135,Accepted
Application_1152621540,Other
Application_46596447,Other
Application_1263979201,Accepted
Application_669701594,Other
Application_1409065357,Other
Application_1025696634,Other
Application_802516061,Other
Application_1744206812,Accepted
Application_118455744,Other
Application_62646212,Other
Application_1009604939,Other
Application_821809391,Accepted
Application_1456019868,Accepted
Application_1266586980,Accepted
Application_894842968,Accepted
Application_1038835670,Other
Application_1619859813,Other
Application_823681174,Other
Application_901390369,Other
Application_1535844879,Other
Application_368467703,Other
Application_235841717,Other
Application_46641543,Accepted
Application_317164413,Accepted
Application_2084447947,Other
Application_1390822818,Other
Application_1829767472,Accepted
Application_1535972219,Accepted
Application_233348227,Other
Application_43612522,Other
Application_2100889693,Accepted
Application_637536789,Other
Application_827208491,Other
Application_1662524797,Other
Application_523131122,Accepted
Application_1528403015,Other
Application_1338784084,Other
Application_597580909,Other
Application_1326570106,Accepted
Application_1349492321,Other
Application_603322364,Accepted
Application_1302385232,Other
Application_560407870,Other
Application_908229321,Accepted
Application_1811563411,Accepted
Application_276062500,Other
Application_625813474,Other
Application_129724786,Accepted
Application_497495747,Accepted
Application_1196891456,Accepted
Application_303581122,Accepted
Application_1663792484,Accepted
Application_461576889,Other
Application_1317848716,Other
Application_2054705159,Accepted
Application_1898724773,Other
Application_2055213669,Accepted
Application_1700085215,Accepted
Application_2020372305,Other
Application_1818374911,Other
Application_1370023294,Accepted
Application_1583920195,Other
Application_1754816676,Accepted
Application_1978035381,Other
Application_681547497,Other
Application_2029693986,Accepted
Application_72844461,Accepted
Application_894374405,Other
Application_306162839,Other
Application_438616024,Other
Application_1408575602,Other
Application_78225089,Accepted
Application_587185431,Accepted
Application_1369623649,Other
Application_1559105602,Other
Application_1039841723,Other
Application_808506107,Accepted
Application_552235286,Accepted
Application_818973933,Other
Application_1055057439,Other
Application_2049505116,Other
Application_676010641,Accepted
Application_1193197506,Other
Application_1475545655,Other
Application_1593526429,Accepted
Application_1378573995,Accepted
Application_683270258,Other
Application_1008012118,Other
Application_1838695086,Accepted
Application_308306449,Other
Application_1625337065,Accepted
Application_1974921440,Accepted
Application_1013759462,Other
Application_629281341,Accepted
Application_1522165721,Other
Application_450199756,Other
Application_1398939332,Other
Application_1238104643,Other
Application_602455530,Accepted
Application_825818565,Other
Application_1044858457,Other
Application_97035604,Accepted
Application_1590791050,Other
Application_1465705504,Other
Application_1328690304,Other
Application_1910779163,Other
Application_2026330587,Accepted
Application_103241719,Other
Application_836151428,Accepted
Application_635277910,Accepted
Application_251924785,Other
Application_395238377,Accepted
Application_753356368,Other
Application_62072340,Other
Application_1191648553,Other
Application_973750778,Other
Application_1945936957,Accepted
Application_219075718,Other
Application_610717758,Other
Application_1531639125,Other
Application_1558911791,Accepted
Application_859455921,Accepted
Application_515490930,Accepted
Application_1911105271,Other
Application_1561581762,Accepted
Application_992653953,Other
Application_1212433332,Other
Application_952678589,Other
Application_299706642,Other
Application_30994806,Accepted
Application_1102768033,Other
Application_1965289028,Other
Application_1817755137,Other
Application_454052907,Other
Application_1403810042,Accepted
Application_1602281715,Other
Application_1548314268,Other
Application_560750680,Other
Application_1314919756,Other
Application_97494529,Accepted
Application_1458035543,Other
Application_1267136375,Accepted
Application_362437843,Other
Application_1293016027,Other
Application_507640161,Other
Application_1674370729,Accepted
Application_1268060810,Other
Application_1641156565,Accepted
Application_1042909603,Other
Application_1894731804,Other
Application_1198846379,Accepted
Application_314004071,Other
Application_1531372937,Other
Application_1965518974,Accepted
Application_882125644,Accepted
Application_525287846,Other
Application_1641924285,Accepted
Application_1383315955,Other
Application_1747435808,Accepted
Application_1869129677,Other
Application_423439630,Other
Application_1741516274,Accepted
Application_1507280418,Accepted
Application_982782738,Accepted
Application_2111139636,Other
Application_351085295,Accepted
Application_1479013620,Other
Application_1925786885,Accepted
Application_2115489972,Other
Application_822441404,Other
Application_279199020,Other
Application_1906284757,Accepted
Application_1042808029,Other
Application_461222959,Other
Application_2053544331,Other
Application_1543333489,Other
Application_1611095248,Other
Application_1973462456,Other
Application_1982226096,Accepted
Application_1894462613,Other
Application_1937518370,Accepted
Application_1621414360,Accepted
Application_682303472,Accepted
Application_1444888275,Other
Application_1212507368,Accepted
Application_13495839,Other
Application_176109526,Other
Application_2133333772,Accepted
Application_1250455189,Accepted
Application_1574960885,Accepted
Application_581256241,Other
Application_1347888391,Other
Application_265449268,Other
Application_183981334,Other
Application_976522950,Accepted
Application_196759164,Accepted
Application_1385574087,Other
Application_681955242,Other
Application_2092004160,Other
Application_1482415464,Accepted
Application_1765444083,Other
Application_342956454,Other
Application_804571961,Other
Application_549023518,Other
Application_772329068,Accepted
Application_1887563703,Other
Application_1124796741,Accepted
Application_75752751,Accepted
Application_2055289424,Other
Application_1084208541,Other
Application_2137603606,Accepted
Application_1832980257,Accepted
Application_632417971,Accepted
Application_442893951,Accepted
Application_1314534152,Accepted
Application_1091000447,Other
Application_1824032488,Other
Application_1750255251,Accepted
Application_457070743,Other
Application_1388237664,Other
Application_760107630,Other
Application_1109832317,Accepted
Application_44827837,Other
Application_818706394,Accepted
Application_1329630120,Other
Application_478613355,Other
Application_1965853107,Accepted
Application_1545184523,Accepted
Application_1755477476,Other
Application_1722579608,Other
Application_1090618586,Other
Application_1213499868,Other
Application_1934030888,Other
Application_803621789,Accepted
Application_1844716442,Other
Application_1727581145,Other
Application_1733898114,Accepted
Application_2100809239,Other
Application_772281578,Other
Application_329375107,Accepted
Application_492379324,Other
Application_139987324,Other
Application_729141109,Other
Application_1051896537,Accepted
Application_1418293533,Other
Application_335735060,Accepted
Application_1847406506,Other
Application_862120289,Other
Application_989429368,Other
Application_419876746,Other
Application_1158972347,Other
Application_769674466,Other
Application_2089776619,Accepted
Application_796471169,Accepted
Application_1813924813,Other
Application_1042047447,Other
Application_1727260877,Accepted
Application_566677607,Accepted
Application_210544229,Accepted
Application_12556077,Other
Application_728202734,Other
Application_1437553493,Other
Application_1871885244,Other
Application_792733103,Accepted
Application_11915841,Other
Application_235239251,Other
Application_2025285981,Accepted
Application_982813856,Other
Application_1885927615,Accepted
Application_1165438159,Other
Application_1667598015,Other
Application_1477277765,Other
Application_407498656,Accepted
Application_849742887,Accepted
Application_225177309,Accepted
Application_82979191,Other
Application_1670768029,Other
Application_1489256650,Accepted
Application_1379879215,Other
Application_1741874816,Other
Application_1695370777,Other
Application_478644845,Other
Application_366370058,Other
Application_751880402,Other
Application_581438988,Accepted
Application_796205430,Other
Application_1352841261,Other
Application_2086306319,Other
Application_438352016,Accepted
Application_54901363,Other
Application_1137992645,Other
Application_788242505,Other
Application_420683416,Other
Application_1494571017,Accepted
Application_440790291,Other
Application_799038872,Other
Application_1588476660,Other
Application_2062326086,Other
Application_1158368771,Other
Application_1832603494,Other
Application_2050054509,Other
Application_1585076082,Accepted
Application_1837232546,Other
Application_383880109,Other
Application_2087424613,Accepted
Application_580391923,Other
Application_1730467320,Other
Application_1883089376,Other
Application_1658966712,Other
Application_1157789718,Accepted
Application_489460667,Other
Application_799931863,Other
Application_1009170679,Other
Application_379239472,Accepted
Application_1696590587,Other
Application_1338594891,Other
Application_1481481291,Accepted
Application_1130289017,Other
Application_56141168,Accepted
Application_373749624,Accepted
Application_1646039554,Other
Application_123583334,Other
Application_544522022,Other
Application_1492342444,Other
Application_369962818,Accepted
Application_155375371,Other
Application_1479030831,Accepted
Application_1019849833,Other
Application_1066050010,Other
Application_1493773800,Accepted
Application_874590663,Accepted
Application_907188218,Accepted
Application_1707249101,Other
Application_1100629848,Accepted
Application_1585141886,Accepted
Application_1161266589,Other
Application_1865316803,Other
Application_1797452094,Accepted
Application_1684602051,Other
Application_463617637,Other
Application_1411774040,Other
Application_1348384755,Other
Application_801606105,Accepted
Application_1261235975,Other
Application_545803836,Accepted
Application_503122563,Other
Application_187058934,Other
Application_1648205335,Other
Application_76073117,Other
Application_501271301,Other
Application_863402872,Accepted
Application_1577366036,Accepted
Application_567402421,Other
Application_515201459,Accepted
Application_836151343,Other
Application_146968001,Other
Application_1613334429,Other
Application_1685939887,Other
Application_455057107,Other
Application_1086862400,Accepted
Application_1636562792,Other
Application_871461194,Accepted
Application_139266275,Accepted
Application_569847015,Other
Application_1758175578,Other
Application_2002111319,Accepted
Application_1218452071,Other
Application_1511769778,Other
Application_2141581748,Other
Application_214993756,Accepted
Application_488502263,Accepted
Application_429020300,Other
Application_1578640551,Other
Application_1641979166,Other
Application_295621979,Accepted
Application_1036492833,Other
Application_1771326157,Accepted
Application_1360599225,Other
Application_467208365,Accepted
Application_1099364481,Accepted
Application_1162568399,Other
Application_1847389115,Other
Application_1665277555,Other
Application_355591291,Other
Application_999464866,Other
Application_74945240,Accepted
Application_569685100,Accepted
Application_432789106,Other
Application_1290126676,Accepted
Application_800651640,Other
Application_77752533,Other
Application_1815373434,Other
Application_1780516109,Other
Application_789848416,Accepted
Application_1038389815,Other
Application_1624434007,Other
Application_148777979,Accepted
Application_1999120078,Other
Application_1983041428,Other
Application_576248321,Accepted
Application_1667186103,Accepted
Application_364322589,Other
Application_1004853526,Accepted
Application_1661574532,Other
Application_66116892,Other
Application_1279676331,Accepted
Application_972636630,Accepted
Application_1797886138,Accepted
Application_1616850980,Other
Application_277122874,Other
Application_841851350,Other
Application_1908851243,Accepted
Application_2137411951,Accepted
Application_7606451,Other
Application_1339754223,Other
Application_257109989,Accepted
Application_936392619,Other
Application_645533161,Other
Application_1655319212,Accepted
Application_1971957937,Other
Application_1421090029,Accepted
Application_1213195413,Other
Application_2007540464,Other
Application_1592408197,Accepted
Application_129957359,Accepted
Application_834563183,Other
Application_238984243,Other
Application_131503089,Other
Application_1024372028,Other
Application_1454314920,Accepted
Application_1205649880,Other
Application_1248765312,Other
Application_705749409,Other
Application_48850720,Other
Application_886547471,Accepted
Application_2107939979,Other
Application_1591371681,Accepted
Application_1966302326,Accepted
Application_345709580,Other
Application_511350922,Other
Application_1962542067,Other
Application_888740551,Other
Application_1195912965,Other
Application_1773249073,Accepted
Application_952227386,Other
Application_2143102476,Other
Application_1583027757,Other
Application_1639833431,Other
Application_1015843971,Other
Application_529398103,Other
Application_1568951817,Accepted
Application_924638731,Other
Application_64246554,Accepted
Application_1956927270,Other
Application_1603047177,Other
Application_1927415133,Other
Application_2042454883,Other
Application_654096412,Accepted
Application_1493485488,Accepted
Application_663554342,Accepted
Application_2120459067,Other
Application_416216061,Accepted
Application_295059389,Other
Application_1164113596,Other
Application_1827376481,Other
Application_2117346170,Accepted
Application_302452407,Other
Application_1609732331,Other
Application_2051690593,Other
Application_1128268161,Accepted
Application_661165121,Accepted
Application_722650830,Other
Application_2055926405,Accepted
Application_1219509855,Other
Application_1866614061,Accepted
Application_317144905,Other
Application_1342529425,Other
Application_618229289,Accepted
Application_312442939,Other
Application_403539418,Other
Application_483982092,Other
Application_1037039544,Accepted
Application_1664621088,Other
Application_590377898,Other
Application_1249411801,Other
Application_1705931507,Other
Application_276171401,Other
Application_1358966881,Accepted
Application_1367573970,Other
Application_799781255,Other
Application_66537879,Other
Application_1443913959,Other
Application_1229045331,Other
Application_1553960104,Other
Application_1170631454,Accepted
Application_1848644842,Other
Application_1364263035,Accepted
Application_264373481,Accepted
Application_1157307010,Other
Application_2134836084,Other
Application_486324246,Other
Application_970965406,Other
Application_273199649,Other
Application_107556729,Other
Application_802643457,Other
Application_1266010499,Other
Application_1696760888,Other
Application_489281993,Other
Application_432596360,Other
Application_1948065851,Other
Application_1522555361,Accepted
Application_2139497576,Other
Application_630861561,Other
Application_1590359938,Accepted
Application_263206383,Other
Application_1804015364,Other
Application_1155107642,Accepted
Application_2055536976,Other
Application_1877732225,Other
Application_794921244,Other
Application_1152946944,Other
Application_224241639,Other
Application_251776757,Other
Application_1327286359,Accepted
Application_977695424,Accepted
Application_276445174,Accepted
Application_633961814,Other
Application_795526517,Accepted
Application_1335070161,Accepted
Application_635829958,Other
Application_61792329,Other
Application_254178417,Accepted
Application_634740343,Other
Application_1562493713,Other
Application_1768971882,Accepted
Application_1441743982,Accepted
Application_1799899920,Other
Application_1151018525,Other
Application_1237245886,Other
Application_1023366085,Other
Application_1451184688,Other
Application_2127436939,Accepted
Application_1411148727,Other
Application_2092956119,Accepted
Application_1877345729,Other
Application_215908767,Accepted
Application_395018530,Other
Application_1234532723,Other
Application_1223688517,Accepted
Application_2129515607,Other
Application_622978094,Accepted
Application_1412847046,Other
Application_2130655155,Accepted
Application_766473476,Other
Application_1590235235,Other
Application_1399166331,Other
Application_1769401425,Other
Application_1445348248,Other
Application_858142548,Other
Application_223837496,Other
Application_666870643,Other
Application_1233198025,Other
Application_2123334132,Accepted
Application_1270175388,Other
Application_536907652,Other
Application_313695465,Other
Application_768808611,Other
Application_760550782,Accepted
Application_401803713,Accepted
Application_680978499,Accepted
Application_309081417,Other
Application_322796669,Accepted
Application_2126586609,Other
Application_1806079752,Other
Application_1444349875,Accepted
Application_533966981,Accepted
Application_849701067,Other
Application_692252700,Other
Application_1044938448,Other
Application_24406425,Accepted
Application_605659934,Accepted
Application_1455822776,Accepted
Application_1097699720,Other
Application_1902601657,Other
Application_1541826188,Accepted
Application_1765017489,Accepted
Application_1095112381,Accepted
Application_1318334365,Other
Application_847860705,Accepted
Application_639055240,Accepted
Application_348193355,Accepted
Application_1296453540,Other
Application_1924578239,Other
Application_1742568771,Other
Application_1478185792,Accepted
Application_1566541695,Other
Application_1120157210,Other
Application_1110591903,Accepted
Application_743918944,Other
Application_1101177535,Other
Application_338944736,Other
Application_1332266263,Other
Application_1210336267,Accepted
Application_1568090978,Other
Application_1151479099,Accepted
Application_1209989055,Other
Application_292415091,Other
Application_566948279,Other
Application_790167194,Other
Application_2104100621,Other
Application_1388302229,Other
Application_366057893,Other
Application_82461480,Accepted
Application_713608338,Other
Application_676078634,Accepted
Application_1000386745,Accepted
Application_368291286,Accepted
Application_1030996,Accepted
Application_898181445,Other
Application_1072284879,Other
Application_2073946665,Accepted
Application_1731633392,Accepted
Application_1370133696,Accepted
Application_2002318127,Accepted
Application_1147011434,Other
Application_722965319,Other
Application_1081966829,Other
Application_1778537715,Accepted
Application_1063130816,Accepted
Application_80880051,Other
Application_1067894025,Accepted
Application_1777257181,Other
Application_1384821775,Accepted
Application_127639994,Other
Application_368899409,Accepted
Application_44239326,Other
Application_1270439259,Other
Application_945899913,Other
Application_1146466172,Other
Application_1470819740,Other
Application_1084818261,Other
Application_2144108594,Other
Application_1533701290,Accepted
Application_217025274,Other
Application_381339861,Other
Application_943060504,Accepted
Application_1791241142,Accepted
Application_1142354661,Other
Application_1579221526,Accepted
Application_13482285,Other
Application_1005568510,Other
Application_397384889,Accepted
Application_306357665,Other
Application_465329305,Other
Application_84921509,Accepted
Application_1176095926,Other
Application_1745617065,Accepted
Application_199184776,Other
Application_525329368,Accepted
Application_491957667,Other
Application_809842364,Accepted
Application_76843824,Other
Application_1430619837,Other
Application_1638189515,Other
Application_806858853,Accepted
Application_1813380390,Other
Application_1369206272,Other
Application_561867924,Accepted
Application_19080728,Other
Application_368924590,Other
Application_959242917,Other
Application_2127105351,Other
Application_1777454448,Other
Application_1359639481,Other
Application_590885667,Accepted
Application_73130035,Other
Application_276561013,Accepted
Application_587158528,Other
Application_330426541,Accepted
Application_1404323685,Other
Application_1526558485,Other
Application_1459981505,Accepted
Application_1034800486,Other
Application_600869793,Other
Application_608181227,Accepted
Application_1817477268,Other
Application_2098216717,Other
Application_423893885,Other
Application_1313071265,Accepted
Application_1112696012,Other
Application_1364517552,Other
Application_1022411160,Other
Application_413306143,Accepted
Application_729207835,Other
Application_1486481420,Other
Application_1480184247,Accepted
Application_39161984,Accepted
Application_588418009,Other
Application_798973991,Other
Application_167026411,Other
Application_1556896276,Accepted
Application_1333464585,Other
Application_405187583,Accepted
Application_2023685616,Accepted
Application_161865777,Accepted
Application_409611296,Other
Application_1197487517,Other
Application_152697057,Accepted
Application_481145471,Accepted
Application_2025342600,Other
Application_1338704516,Accepted
Application_399128694,Accepted
Application_1082816707,Other
Application_589847268,Accepted
Application_162500417,Accepted
Application_1047370810,Accepted
Application_1493484457,Accepted
Application_1236537862,Other
Application_2057199590,Other
Application_1972106715,Accepted
Application_1708743675,Accepted
Application_421485165,Accepted
Application_284749993,Other
Application_1853597293,Other
Application_1495588845,Other
Application_1344840884,Other
Application_1397721881,Other
Application_1017685010,Accepted
Application_416633628,Other
Application_27578277,Other
Application_1390442348,Other
Application_421333270,Other
Application_737251826,Other
Application_1020019812,Other
Application_1524653471,Other
Application_67563909,Accepted
Application_585494318,Other
Application_270623019,Other
Application_1096401729,Other
Application_1787045022,Accepted
Application_1605888035,Accepted
Application_1988650480,Other
Application_1097388913,Other
Application_713914859,Accepted
Application_459683568,Other
Application_79957873,Other
Application_1534175598,Other
Application_1155355584,Other
Application_1054392347,Other
Application_2062920725,Other
Application_150572905,Accepted
Application_64467309,Other
Application_1017053119,Other
Application_220891404,Accepted
Application_1716250296,Accepted
Application_1853348131,Other
Application_1638379755,Other
Application_1961302485,Accepted
Application_2051466803,Other
Application_1447516455,Other
Application_799419769,Accepted
Application_15984038,Other
Application_242124370,Other
Application_68213815,Other
Application_834614072,Accepted
Application_1715190498,Accepted
Application_1475071478,Accepted
Application_788568078,Other
Application_978200426,Accepted
Application_491922375,Other
Application_329445112,Accepted
Application_1347132009,Accepted
Application_102615973,Accepted
Application_1115113981,Other
Application_308814724,Accepted
Application_808374175,Other
Application_1780482603,Accepted
Application_1032230604,Other
Application_2070777076,Other
Application_4267974,Other
Application_311851403,Accepted
Application_274778692,Accepted
Application_776525776,Accepted
Application_1100944321,Accepted
Application_1114645548,Accepted
Application_1618792169,Other
Application_810081626,Other
Application_2094731703,Accepted
Application_1015413412,Other
Application_1394721737,Accepted
Application_1044941168,Accepted
Application_1518842217,Other
Application_596261331,Other
Application_172281488,Other
Application_1043190619,Other
Application_29159295,Accepted
Application_1103004057,Other
Application_1356784595,Other
Application_1741360610,Other
Application_1724016912,Accepted
Application_1109311467,Accepted
Application_1938975575,Other
Application_983527429,Other
Application_189410230,Other
Application_1039800233,Other
Application_1401953169,Accepted
Application_1671936252,Accepted
Application_2029945978,Other
Application_1821393246,Other
Application_1882241636,Accepted
Application_1895651075,Other
Application_1570000108,Accepted
Application_2104060084,Accepted
Application_1105710144,Other
Application_1320153688,Other
Application_676837330,Other
Application_109176319,Other
Application_181023175,Other
Application_1183609061,Accepted
Application_1552304409,Accepted
Application_1882563257,Accepted
Application_1659255564,Other
Application_1383670779,Other
Application_119108505,Other
Application_944859420,Other
Application_763402942,Other
Application_1644051138,Other
Application_90070020,Other
Application_596539843,Accepted
Application_1399113964,Other
Application_1018583202,Other
Application_1381657413,Other
Application_58822062,Other
Application_488753134,Accepted
Application_952594930,Other
Application_1310645919,Accepted
Application_129792384,Accepted
Application_1589624760,Other
Application_835326390,Other
Application_479355477,Accepted
Application_1128492937,Accepted
Application_1528113685,Accepted
Application_535108628,Accepted
Application_318776969,Other
Application_1543359526,Other
Application_1679215860,Other
Application_547285151,Other
Application_1654037961,Other
Application_1295832185,Accepted
Application_1751419807,Other
Application_430703608,Accepted
Application_116207051,Other
Application_616691734,Other
Application_2031031437,Accepted
Application_1564472847,Accepted
Application_1627432412,Accepted
Application_1782998013,Other
Application_2107465166,Accepted
Application_1593639164,Accepted
Application_474967319,Accepted
Application_824825338,Other
Application_1124052442,Other
Application_1473585870,Other
Application_521806599,Other
Application_1739097898,Other
Application_1389933200,Accepted
Application_1954046396,Other
Application_694825379,Other
Application_1044554836,Other
Application_38305454,Accepted
Application_1061631975,Other
Application_699979563,Other
Application_1402434819,Other
Application_375246621,Accepted
Application_160303236,Accepted
Application_1458413157,Accepted
Application_1968616288,Accepted
Application_1970227571,Accepted
Application_66905401,Other
Application_1989155733,Accepted
Application_496748439,Other
Application_1631312288,Accepted
Application_133715808,Accepted
Application_148486446,Accepted
Application_1357696952,Other
Application_726080078,Other
Application_1721568336,Accepted
Application_1371829661,Accepted
Application_917194739,Accepted
Application_2134430711,Accepted
Application_774171312,Other
Application_1945196347,Other
Application_1149545371,Other
Application_1257836355,Other
Application_1165780533,Other
Application_887681298,Other
Application_83386929,Accepted
Application_1249769519,Other
Application_1612557107,Other
Application_1962303803,Other
Application_809891558,Accepted
Application_1390985286,Other
Application_8352800,Accepted
Application_891126700,Other
Application_937423447,Other
Application_1187942887,Accepted
Application_1029567692,Accepted
Application_1210820530,Other
Application_1388565428,Other
Application_381274116,Other
Application_739400593,Accepted
Application_1402092304,Accepted
Application_2033977705,Other
Application_450057471,Accepted
Application_1388824644,Accepted
Application_95461104,Other
Application_1755206432,Other
Application_2031504669,Other
Application_1817634000,Other
Application_1493091584,Other
Application_107207908,Accepted
Application_822603471,Accepted
Application_1574526252,Other
Application_1717449649,Other
Application_963481013,Other
Application_453112637,Accepted
Application_1164895484,Other
Application_2121891840,Other
Application_179812217,Accepted
Application_1675255697,Accepted
Application_1179073626,Other
Application_964109049,Other
Application_1680514270,Other
Application_2126475285,Other
Application_2029300358,Accepted
Application_1174558661,Other
Application_959893793,Other
Application_812506944,Other
Application_417332815,Accepted
Application_2111055752,Accepted
Application_535782889,Accepted
Application_1184507659,Other
Application_1932919770,Other
Application_1532313179,Other
Application_646819130,Other
Application_963573698,Other
Application_268431474,Accepted
Application_449631390,Accepted
Application_1181332355,Other
Application_223017587,Other
Application_1107540872,Other
Application_1870730003,Other
Application_1675830729,Other
Application_957907246,Other
Application_591683505,Accepted
Application_1350665034,Accepted
Application_963957540,Other
Application_268903185,Other
Application_26668050,Accepted
Application_1103643884,Other
Application_1549825970,Other
Application_1673456670,Other
Application_1321092926,Accepted
Application_959292453,Other
Application_1420560825,Other
Application_1096250748,Accepted
Application_1120345453,Other
Application_2072468842,Other
Application_1921969224,Accepted
Application_1203606289,Other
Application_1471201542,Other
Application_619760598,Accepted
Application_834511232,Other
Application_229037664,Accepted
Application_1311928691,Other
Application_115875432,Other
Application_1325073852,Accepted
Application_1000610355,Other
Application_1742386048,Other
Application_232649243,Other
Application_1037467898,Other
Application_682126266,Accepted
Application_1031850261,Accepted
Application_28960323,Other
Application_516603717,Other
Application_1115199869,Accepted
Application_1814409422,Other
Application_1455055378,Other
Application_806506806,Accepted
Application_380711094,Other
Application_1755675083,Other
Application_538280852,Accepted
Application_1292203372,Other
Application_997398855,Other
Application_392537069,Other
Application_767198533,Accepted
Application_2114516423,Accepted
Application_1849672335,Accepted
Application_1326874644,Other
Application_1822579002,Other
Application_1127579449,Accepted
Application_56525493,Other
Application_1017620318,Other
Application_45900350,Other
Application_1820042021,Accepted
Application_493036402,Accepted
Application_2099075534,Other
Application_890472683,Other
Application_507124292,Other
Application_1451714555,Other
Application_45634864,Accepted
Application_403630678,Other
Application_1949069602,Other
Application_1494602337,Other
Application_1304759315,Accepted
Application_1402501923,Other
Application_1111014911,Other
Application_227804496,Other
Application_476285944,Accepted
Application_370470886,Other
Application_1309820423,Accepted
Application_480067192,Other
Application_1958949497,Other
Application_1263390157,Accepted
Application_188552988,Accepted
Application_1635698698,Other
Application_5257934,Other
Application_1259862735,Accepted
Application_654470447,Accepted
Application_1088706419,Other
Application_1736189273,Accepted
Application_1492232175,Other
Application_1774695082,Other
Application_195441309,Other
Application_1226041324,Other
Application_1762923723,Other
Application_1998502100,Accepted
Application_826894059,Other
Application_207191056,Other
Application_437287792,Other
Application_1957939247,Accepted
Application_946540113,Accepted
Application_630653306,Other
Application_504620785,Accepted
Application_1334425086,Accepted
Application_2130538842,Other
Application_1199526050,Accepted
Application_1562513686,Other
Application_1878585963,Other
Application_429633044,Other
Application_138690674,Other
Application_584878848,Other
Application_1676230455,Accepted
Application_1296338723,Other
Application_1646895413,Other
Application_453755052,Accepted
Application_1777350724,Accepted
Application_405637316,Other
Application_668679688,Other
Application_714818592,Accepted
Application_1905711892,Accepted
Application_1902185850,Other
Application_1721140061,Accepted
Application_545831438,Other
Application_140542545,Accepted
Application_1204431926,Other
Application_1251068642,Other
Application_2007487750,Accepted
Application_1646316879,Other
Application_1166955549,Other
Application_535372826,Other
Application_412322134,Other
Application_1273202358,Other
Application_1947537850,Other
Application_1445301194,Other
Application_200086367,Accepted
Application_522443860,Accepted
Application_113825560,Other
Application_872000062,Other
Application_973851961,Other
Application_1191906778,Other
Application_1908235422,Accepted
Application_53705750,Accepted
Application_1583874174,Accepted
Application_392859662,Other
Application_1454429781,Accepted
Application_506741540,Accepted
Application_1139089034,Other
Application_701552965,Other
Application_1995168124,Other
Application_1411383492,Accepted
Application_471678315,Other
Application_514416902,Accepted
Application_1007255451,Other
Application_1180537839,Accepted
Application_147324724,Other
Application_1160019646,Other
Application_747084251,Accepted
Application_944206598,Other
Application_1900413757,Other
Application_1413647211,Other
Application_322293895,Other
Application_402137039,Other
Application_751811746,Accepted
Application_1813196768,Other
Application_1589946896,Other
Application_1747457779,Other
Application_1972029705,Other
Application_1407908132,Other
Application_1495187612,Other
Application_2049934323,Other
Application_652119414,Other
Application_415528538,Accepted
Application_596823707,Other
Application_1908165167,Other
Application_1013194708,Other
Application_272717482,Other
Application_379598624,Other
Application_156118453,Other
Application_95886030,Other
Application_202695521,Other
Application_2039565789,Accepted
Application_1882772763,Other
Application_1659523402,Other
Application_958762299,Other
Application_301072428,Other
Application_1963851177,Other
Application_1973533961,Accepted
Application_397244752,Other
Application_81121528,Other
Application_1308628295,Accepted
Application_495074860,Accepted
Application_675914140,Other
Application_1750416539,Other
Application_749980393,Accepted
Application_1703969285,Other
Application_584887022,Accepted
Application_1253908388,Accepted
Application_1038953283,Other
Application_82678662,Other
Application_266918360,Accepted
Application_1107169322,Other
Application_246311204,Other
Application_674131289,Other
Application_1395028182,Other
Application_632579771,Accepted
Application_130601033,Accepted
Application_1002602375,Accepted
Application_260150735,Accepted
Application_70476991,Accepted
Application_1180991784,Accepted
Application_968189026,Other
Application_875812233,Accepted
Application_660773864,Other
Application_1295686698,Other
Application_1114361455,Accepted
Application_1862652828,Other
Application_1358070929,Accepted
Application_1429834706,Other
Application_1068062776,Accepted
Application_298135524,Accepted
Application_508396198,Accepted
Application_136107584,Accepted
Application_293590020,Other
Application_788455374,Other
Application_1215704539,Accepted
Application_476036438,Accepted
Application_705059143,Other
Application_496997843,Accepted
Application_471822932,Accepted
Application_1255489836,Accepted
Application_1428362322,Other
Application_995569000,Other
Application_640250593,Other
Application_1440106205,Accepted
Application_857889523,Accepted
Application_642433479,Other
Application_1716972964,Accepted
Application_1216179909,Other
Application_1904897225,Accepted
Application_1210607742,Accepted
Application_1243754559,Other
Application_358922437,Other
Application_457837294,Accepted
Application_1565641655,Other
Application_1654987414,Other
Application_1512229591,Accepted
Application_2004651610,Other
Application_1065460501,Other
Application_699543314,Other
Application_1656189522,Other
Application_491147322,Accepted
Application_2006710736,Accepted
Application_1211102759,Accepted
Application_1893489688,Accepted
Application_1685601249,Accepted
Application_2141808398,Other
Application_64771754,Accepted
Application_512315997,Other
Application_698131674,Accepted
Application_761317512,Accepted
Application_1827685541,Other
Application_2009274259,Accepted
Application_799442244,Accepted
Application_1770123129,Accepted
Application_1555178270,Other
Application_196846064,Other
Application_1079946708,Other
Application_650411814,Other
Application_1269805846,Other
Application_2089218629,Other
Application_581457283,Other
Application_1196023569,Other
Application_905282795,Other
Application_1101931698,Accepted
Application_752586469,Other
Application_320595534,Other
Application_1452954952,Other
Application_1047194763,Other
Application_830859051,Other
Application_1020036346,Other
Application_557767583,Accepted
Application_747479812,Other
Application_80557353,Other
Application_228069219,Other
Application_1300319505,Other
Application_136002576,Accepted
Application_938297888,Accepted
Application_155555799,Accepted
Application_1229977722,Accepted
Application_298849877,Other
Application_880330136,Accepted
Application_1801180457,Accepted
Application_2009371128,Accepted
Application_937515890,Accepted
Application_1261868792,Accepted
Application_96540087,Other
Application_191922766,Other
Application_109712434,Accepted
Application_542599834,Other
Application_167825309,Accepted
Application_1954244581,Other
Application_1982448100,Other
Application_1552182273,Other
Application_966598082,Accepted
Application_1400467505,Accepted
Application_498594805,Accepted
Application_1959891562,Other
Application_1896576715,Other
Application_2019122599,Other
Application_820279576,Other
Application_1287950240,Other
Application_1505801050,Other
Application_1544580039,Accepted
Application_891430949,Other
Application_747928417,Other
Application_1473159696,Other
Application_1982999758,Accepted
Application_1113580705,Accepted
Application_39302544,Other
Application_1471829510,Other
Application_182692737,Other
Application_613891711,Other
Application_622688791,Accepted
Application_1081922748,Accepted
Application_512698300,Other
Application_458098005,Other
Application_40477267,Accepted
Application_566861080,Other
Application_1650070556,Other
Application_176502121,Other
Application_1722967892,Accepted
Application_2126583947,Accepted
Application_424329054,Other
Application_793376272,Other
Application_639333261,Other
Application_1081779435,Other
Application_216273399,Other
Application_1290488002,Accepted
Application_2033874050,Other
Application_1407692539,Other
Application_2074202194,Accepted
Application_1146099400,Accepted
Application_451813045,Other
Application_1223590063,Other
Application_913654136,Accepted
Application_1035739361,Accepted
Application_589219094,Accepted
Application_878238256,Other
Application_1952549224,Other
Application_1366905703,Other
Application_1716488937,Other
Application_1235123682,Other
Application_1989128442,Other
Application_876478835,Other
Application_2118959355,Other
Application_37978891,Accepted
Application_620584761,Other
Application_1357127846,Other
Application_1364190015,Other
Application_2064405187,Accepted
Application_471904357,Other
Application_164281407,Other
Application_863470764,Other
Application_278286722,Accepted
Application_910355851,Accepted
Application_434445330,Other
Application_701033782,Other
Application_1783531743,Other
Application_1353762934,Other
Application_1998480538,Other
Application_1463666597,Other
Application_865137936,Accepted
Application_100930614,Other
Application_537232908,Other
Application_238582681,Other
Application_1359020658,Accepted
Application_1926453434,Other
Application_232321104,Other
Application_1356472998,Other
Application_1361162937,Other
Application_1458483878,Other
Application_928156547,Other
Application_705051999,Other
Application_223074907,Other
Application_653726659,Accepted
Application_834709723,Other
Application_1905561540,Other
Application_2019817059,Other
Application_937212077,Accepted
Application_868540202,Other
Application_1323867616,Other
Application_1592706393,Other
Application_1279531338,Other
Application_1658899086,Other
Application_517198185,Accepted
Application_694199032,Accepted
Application_1667746075,Other
Application_1388864560,Other
Application_819550615,Accepted
Application_128524933,Accepted
Application_621309500,Accepted
Application_528553820,Accepted
Application_419328742,Other
Application_368259393,Other
Application_1899255652,Other
Application_1575691668,Accepted
Application_1449083066,Other
Application_750712023,Accepted
Application_561182430,Other
Application_378614367,Accepted
Application_340703406,Other
Application_2021247694,Accepted
Application_2072387574,Other
Application_1840222468,Other
Application_901150708,Other
Application_362852963,Accepted
Application_281607427,Other
Application_2037088925,Accepted
Application_1882893523,Accepted
Application_1337491799,Other
Application_1712513447,Accepted
Application_2075356216,Other
Application_1587233128,Accepted
Application_1965849532,Other
Application_1262324843,Other
Application_938425131,Accepted
Application_1641576878,Accepted
Application_504905109,Accepted
Application_138336932,Other
Application_935686626,Other
Application_291431226,Accepted
Application_720903786,Accepted
Application_1656801440,Accepted
Application_1150497363,Accepted
Application_508861682,Other
Application_1571300931,Accepted
Application_1600658059,Other
Application_1620041366,Other
Application_1221443804,Other
Application_1768567221,Accepted
Application_828015798,Other
Application_528984196,Other
Application_545440810,Other
Application_638199657,Other
Application_223400033,Accepted
Application_1048060037,Accepted
Application_472844290,Other
Application_601594697,Other
Application_285811325,Other
Application_1218176080,Other
Application_1660566754,Accepted
Application_1551643269,Accepted
Application_1862264307,Other
Application_562473232,Accepted
Application_1612901949,Accepted
Application_1250773885,Accepted
Application_8039711,Other
Application_435700999,Accepted
Application_1853671913,Other
Application_1509724255,Other
Application_1780975856,Other
Application_1580503830,Accepted
Application_297860033,Accepted
Application_974575173,Other
Application_532043630,Accepted
Application_1849495113,Other
Application_1272241720,Accepted
Application_1195247550,Other
Application_1669784380,Other
Application_65199173,Other
Application_1017644369,Other
Application_1931690466,Other
Application_1727628752,Other
Application_1484955476,Other
Application_1705571424,Accepted
Application_515101580,Accepted
Application_435518705,Accepted
Application_969888320,Other
Application_424363323,Other
Application_1159585631,Accepted
Application_1674012141,Other
Application_353397724,Other
Application_2057919760,Other
Application_568941744,Accepted
Application_932953546,Other
Application_168568235,Other
Application_205456732,Other
Application_1336309549,Accepted
Application_462387356,Accepted
Application_620674374,Accepted
Application_1355747901,Accepted
Application_222189951,Other
Application_2077817650,Accepted
Application_1694062959,Accepted
Application_455023384,Other
Application_1627526150,Other
Application_1879667666,Accepted
Application_807155180,Other
Application_1694434637,Accepted
Application_286309155,Other
Application_198091646,Accepted
Application_2092061065,Accepted
Application_1630475769,Other
Application_1865804738,Accepted
Application_1731122486,Accepted
Application_1692002404,Other
Application_869677096,Other
Application_944419573,Other
Application_1506721954,Accepted
Application_1899237950,Accepted
Application_946583171,Accepted
Application_1696668995,Accepted
Application_516260428,Other
Application_351447593,Other
Application_301476952,Other
Application_701032854,Accepted
Application_1649116695,Other
Application_1131149871,Other
Application_494333708,Accepted
Application_422742047,Accepted
Application_1362011526,Other
Application_226313055,Accepted
Application_982697253,Accepted
Application_1635754210,Accepted
Application_1206779440,Other
Application_1939640271,Other
Application_1159445220,Accepted
Application_694377004,Accepted
Application_636211698,Other
Application_1394633662,Accepted
Application_1016809148,Other
Application_1438619325,Accepted
Application_804976669,Other
Application_581494514,Other
Application_15275072,Other
Application_1058972301,Other
Application_377544827,Accepted
Application_695083820,Other
Application_1965599410,Other
Application_1750129865,Other
Application_1484214444,Other
Application_1252333862,Other
Application_808162283,Other
Application_165345006,Other
Application_2059656186,Other
Application_1919468152,Other
Application_1928513473,Other
Application_1292292431,Accepted
Application_1920008336,Other
Application_846668143,Other
Application_165310345,Other
Application_1052506814,Other
Application_559623520,Other
Application_949702714,Other
Application_1094834620,Accepted
Application_1201359633,Other
Application_1767906244,Accepted
Application_1050628695,Accepted
Application_283917402,Accepted
Application_381116619,Accepted
Application_523083441,Other
Application_1140236377,Other
Application_2085455067,Other
Application_699126971,Accepted
Application_1128851023,Other
Application_235493091,Accepted
Application_962505423,Accepted
Application_1971831087,Accepted
Application_2131766598,Accepted
Application_559145199,Other
Application_800066706,Accepted
Application_145683841,Other
Application_713830240,Other
Application_1459684566,Other
Application_1851874120,Other
Application_2030985552,Accepted
Application_1901687072,Other
Application_181522494,Other
Application_1132528029,Other
Application_1671598539,Other
Application_1894559551,Other
Application_723918543,Other
Application_159963009,Other
Application_564937473,Other
Application_289350668,Other
Application_1885551119,Accepted
Application_1710821500,Accepted
Application_2026733199,Other
Application_1462194619,Other
Application_455209625,Other
Application_1855681221,Other
Application_1413250805,Accepted
Application_183528099,Other
Application_790236241,Other
Application_292461471,Other
Application_938184987,Accepted
Application_1119306976,Other
Application_2061810096,Accepted
Application_935269154,Other
Application_71649767,Other
Application_1575570277,Other
Application_1680315596,Other
Application_1993290049,Accepted
Application_1652374080,Other
Application_1942946338,Other
Application_1294550702,Accepted
Application_476454760,Other
Application_83385957,Accepted
Application_1337748196,Accepted
Application_12324686,Other
Application_1093058248,Other
Application_2127831807,Accepted
Application_735555779,Accepted
Application_2119963425,Other
Application_929827604,Other
Application_1471510503,Other
Application_1111235083,Accepted
Application_732428362,Other
Application_341808795,Accepted
Application_657716944,Accepted
Application_1146014097,Other
Application_1505912637,Accepted
Application_1212971337,Accepted
Application_1983689717,Other
Application_1612004507,Accepted
Application_931609833,Other
Application_502308903,Accepted
Application_548417596,Other
Application_714861923,Other
Application_1374482966,Accepted
Application_1625271956,Other
Application_431263829,Other
Application_578567461,Other
Application_1000604502,Other
Application_1905959046,Accepted
Application_1493156036,Other
Application_435221277,Other
Application_110914214,Other
Application_213182586,Accepted
Application_1904961288,Other
Application_1442097997,Other
Application_1883784032,Accepted
Application_63932076,Other
Application_570793200,Other
Application_212653287,Other
Application_1233149304,Other
Application_1861250409,Accepted
Application_546700899,Accepted
Application_1938715121,Other
Application_1001484676,Accepted
Application_675032963,Other
Application_458524875,Accepted
Application_1162627178,Other
Application_1890915392,Other
Application_1758983925,Accepted
Application_1242764622,Accepted
Application_1834562586,Accepted
Application_1687097579,Accepted
Application_1124966685,Other
Application_43601953,Other
Application_1275152820,Other
Application_655546228,Accepted
Application_1838351905,Other
Application_2132219362,Other
Application_1088621827,Accepted
Application_1278282603,Other
Application_629753510,Other
Application_930390995,Other
Application_42873866,Accepted
Application_214000838,Other
Application_536044692,Other
Application_1087137354,Accepted
Application_438124674,Other
Application_88534754,Accepted
Application_12716824,Other
Application_1942375524,Other
Application_1752993054,Other
Application_904225542,Other
Application_1191708035,Other
Application_1549644894,Other
Application_2046609381,Other
Application_681692432,Other
Application_259817176,Accepted
Application_908586068,Accepted
Application_599524194,Other
Application_1767731218,Accepted
Application_2084882126,Other
Application_1143978311,Other
Application_820046936,Accepted
Application_1220307410,Other
Application_1401605203,Other
Application_95535126,Other
Application_1467650398,Other
Application_1623607293,Other
Application_2103006676,Other
Application_1745004593,Accepted
Application_1312457363,Other
Application_1695688535,Accepted
Application_409843902,Other
Application_1030783985,Accepted
Application_1811976667,Accepted
Application_1428804895,Other
Application_1113024793,Other
Application_1885602665,Accepted
Application_1493733461,Other
Application_1844911312,Accepted
Application_2034581042,Accepted
Application_1140209320,Accepted
Application_274633120,Accepted
Application_36547175,Other
Application_988366578,Other
Application_826854912,Accepted
Application_464098432,Accepted
Application_610034914,Other
Application_1682029053,Other
Application_1458852944,Other
Application_949514127,Other
Application_1833857395,Accepted
Application_1914051970,Accepted
Application_1014628070,Other
Application_575050679,Other
Application_107058559,Other
Application_2041204599,Accepted
Application_1124016645,Other
Application_64965901,Other
Application_419232141,Accepted
Application_1729824097,Other
Application_1911030393,Accepted
Application_1175375112,Other
Application_1491072794,Accepted
Application_708067308,Other
Application_2048466456,Other
Application_2023401888,Other
Application_1825060181,Other
Application_750561726,Other
Application_839069643,Other
Application_392314150,Accepted
Application_322674067,Other
Application_727760467,Other
Application_1469294844,Other
Application_1953029550,Other
Application_1831134059,Accepted
Application_1399762813,Other
Application_575931876,Accepted
Application_213664539,Other
Application_1468495573,Accepted
Application_1106464121,Accepted
Application_1128945225,Other
Application_678219364,Accepted
Application_2037905525,Other
Application_970172259,Accepted
Application_1685418490,Accepted
Application_109999371,Other
Application_826353357,Accepted
Application_459955569,Other
Application_1882783264,Accepted
Application_492470670,Accepted
Application_2087521978,Other
Application_1124562062,Other
Application_1181412903,Accepted
Application_967577338,Other
Application_1683592982,Other
Application_1721513096,Other
Application_647329744,Other
Application_280797942,Other
Application_844605700,Other
Application_156660458,Accepted
Application_299054642,Other
Application_1571452825,Accepted
Application_1954175744,Other
Application_1419458810,Other
Application_194208452,Accepted
Application_121612402,Accepted
Application_716501244,Other
Application_530444177,Other
Application_1605593231,Other
Application_1919629146,Other
Application_1989416782,Accepted
Application_917476215,Accepted
Application_2035483447,Accepted
Application_1610596108,Other
Application_1963113833,Other
Application_1400832878,Other
Application_1685553482,Accepted
Application_1369571234,Other
Application_287357474,Accepted
Application_1513321238,Other
Application_110384193,Accepted
Application_619819743,Other
Application_1669984193,Other
Application_1693259722,Other
Application_1384990566,Other
Application_1170931347,Other
Application_1254769573,Other
Application_905022889,Other
Application_1199714746,Accepted
Application_1010390571,Other
Application_1562532315,Other
Application_1372997016,Other
Application_442169489,Other
Application_117667027,Other
Application_775689800,Other
Application_766537064,Other
Application_1999345768,Other
Application_40026814,Other
Application_402090966,Other
Application_625287642,Other
Application_1699165633,Other
Application_759582319,Other
Application_983073417,Other
Application_43195645,Accepted
Application_807788459,Other
Application_896367681,Other
Application_1965696946,Accepted
Application_1017777344,Other
Application_1290492777,Accepted
Application_623063857,Accepted
Application_109019861,Accepted
Application_332230732,Other
Application_606748316,Other
Application_325370159,Accepted
Application_102041449,Other
Application_1399254000,Other
Application_1997885144,Accepted
Application_1568049809,Other
Application_261962420,Other
Application_399381230,Other
Application_667274829,Other
Application_346181860,Other
Application_356588813,Accepted
Application_422327040,Other
Application_272415884,Accepted
Application_2014464461,Accepted
Application_914960694,Other
Application_1854102565,Other
Application_1251055212,Accepted
Application_581329093,Accepted
Application_103473608,Other
Application_982136058,Accepted
Application_1091165384,Other
Application_2064250769,Accepted
Application_1184500047,Accepted
Application_805627056,Accepted
Application_513106304,Other
Application_943624516,Other
Application_2015936535,Other
Application_1758727131,Accepted
Application_1579902110,Accepted
Application_880950366,Other
Application_1205215421,Accepted
Application_978512250,Other
Application_1559634770,Accepted
Application_2086684889,Accepted
Application_562228671,Other
Application_212775744,Other
Application_1857316370,Other
Application_2017829434,Accepted
Application_1927683874,Other
Application_388550314,Other
Application_1076724533,Other
Application_539906487,Accepted
Application_1035232735,Accepted
Application_333737479,Other
Application_531296723,Other
Application_1848685618,Other
Application_1562508102,Accepted
Application_774509847,Other
Application_1395900304,Other
Application_1619262727,Other
Application_764749022,Other
Application_987372681,Accepted
Application_2106803691,Other
Application_1816208063,Other
Application_177678443,Accepted
Application_1847020617,Other
Application_503919356,Other
Application_1070094567,Other
Application_1971384449,Accepted
Application_568907714,Accepted
Application_379321877,Other
Application_189605659,Accepted
Application_901390041,Other
Application_2129809170,Other
Application_751071872,Other
Application_755691679,Other
Application_399569642,Other
Application_389282611,Accepted
Application_980700134,Accepted
Application_1706556182,Accepted
Application_2064700670,Accepted
Application_639140332,Other
Application_988769752,Other
Application_8860825,Other
Application_1279139907,Other
Application_322832249,Other
Application_580207746,Accepted
Application_376690381,Accepted
Application_2015410281,Other
Application_2074520281,Accepted
Application_988274349,Other
Application_780296156,Accepted
Application_2077996229,Other
Application_1568109043,Accepted
Application_2142018582,Other
Application_1084424128,Accepted
Application_704139340,Other
Application_399854442,Other
Application_1034454,Other
Application_3614173,Other
Application_2091895631,Other
Application_1442980784,Other
Application_1731907819,Other
Application_973645066,Accepted
Application_649420116,Other
Application_839751740,Other
Application_2057771265,Other
Application_1408549067,Other
Application_1733134376,Other
Application_482965445,Other
Application_722944980,Other
Application_912680237,Accepted
Application_2128190681,Accepted
Application_1349452827,Other
Application_52511126,Accepted
Application_796519168,Other
Application_612914602,Accepted
Application_147809631,Other
Application_876488558,Other
Application_23575323,Accepted
Application_199519930,Other
Application_872601561,Other
Application_1167079577,Other
Application_2124106051,Other
Application_12818310,Other
Application_1130845322,Accepted
Application_435802321,Accepted
Application_56315967,Accepted
Application_991440803,Accepted
Application_1774968610,Other
Application_1712822769,Other
Application_1708773132,Other
Application_1346081876,Other
Application_125944151,Accepted
Application_352224008,Other
Application_2038392140,Other
Application_1434923894,Other
Application_725147343,Other
Application_1049619167,Other
Application_1361510669,Other
Application_1561536834,Other
Application_13850224,Accepted
Application_726154989,Other
Application_1847062642,Other
Application_1556952402,Accepted
Application_373109848,Accepted
Application_988067784,Accepted
Application_1017445442,Other
Application_1634831751,Other
Application_552268672,Other
Application_922063750,Accepted
Application_475818880,Accepted
Application_1403714641,Other
Application_1581096487,Accepted
Application_1905422139,Other
Application_1943247002,Accepted
Application_1497050490,Other
Application_1999348863,Other
Application_1663711273,Accepted
Application_1031666995,Accepted
Application_1446591622,Accepted
Application_1997224474,Other
Application_1054590917,Accepted
Application_1277946786,Other
Application_1660154570,Other
Application_54309881,Accepted
Application_235293683,Other
Application_1737595763,Accepted
Application_2111897411,Accepted
Application_337794163,Accepted
Application_1100925770,Accepted
Application_161489406,Other
Application_2129089731,Accepted
Application_1481302660,Other
Application_115695512,Accepted
Application_1708208710,Other
Application_867048229,Accepted
Application_1367761225,Accepted
Application_1009741271,Other
Application_1852368370,Accepted
Application_1480712559,Accepted
Application_313920006,Other
Application_729340980,Other
Application_331396477,Other
Application_60615076,Other
Application_988854237,Other
Application_1780999556,Other
Application_1124845188,Other
Application_185493618,Accepted
Application_1486848512,Other
Application_547422624,Other
Application_307606890,Other
Application_702829933,Other
Application_121254132,Accepted
Application_1523593634,Other
Application_700094592,Other
Application_1995611254,Accepted
Application_1459114131,Other
Application_439060282,Accepted
Application_375799252,Accepted
Application_488434326,Other
Application_1753681160,Other
Application_1454660257,Accepted
Application_421585404,Accepted
Application_1496148798,Accepted
Application_8118144,Other
Application_1820165451,Other
Application_1290334354,Other
Application_413628206,Other
Application_431307591,Accepted
Application_63947631,Accepted
Application_634382665,Accepted
Application_149980465,Accepted
Application_847278478,Other
Application_342828964,Other
Application_422558572,Other
Application_1496728399,Other
Application_1281064164,Other
Application_1709020414,Accepted
Application_634404760,Accepted
Application_1902619812,Accepted
Application_830170446,Other
Application_312082194,Other
Application_1462132978,Other
Application_1426681137,Accepted
Application_344085083,Other
Application_1359786959,Other
Application_666941036,Accepted
Application_2093027855,Other
Application_419724347,Other
Application_722567623,Other
Application_27100045,Other
Application_709688339,Accepted
Application_1791944136,Accepted
Application_1786918756,Accepted
Application_1343814701,Other
Application_354402076,Accepted
Application_47029740,Accepted
Application_1708393332,Other
Application_420669904,Other
Application_258749628,Accepted
Application_18547553,Accepted
Application_1146810684,Other
Application_1619793657,Other
Application_1905206825,Accepted
Application_1173080063,Other
Application_1809362004,Other
Application_1995092888,Accepted
Application_1931880339,Other
Application_152088581,Accepted
Application_164152579,Accepted
Application_1496751218,Other
Application_2064931341,Other
Application_696705115,Accepted
Application_1037792917,Other
Application_1416971836,Accepted
Application_1795530227,Other
Application_802854661,Other
Application_731053814,Other
Application_128895870,Other
Application_912571590,Other
Application_270600793,Other
Application_47358462,Other
Application_1589590132,Other
Application_906393285,Accepted
Application_1988628098,Accepted
Application_1405116066,Other
Application_1223354907,Other
Application_156205308,Accepted
Application_917640298,Other
Application_1233625625,Other
Application_690050804,Accepted
Application_2131158409,Other
Application_1671183664,Other
Application_453337956,Accepted
Application_1439034221,Other
Application_811493670,Other
Application_1041474698,Other
Application_157617137,Other
Application_506387829,Accepted
Application_1589109398,Other
Application_1658869403,Other
Application_1735390692,Accepted
Application_1477327683,Accepted
Application_1296990203,Other
Application_580245327,Accepted
Application_1621312451,Other
Application_904451412,Other
Application_474011024,Other
Application_1224592697,Other
Application_1958977845,Other
Application_1615711427,Accepted
Application_2107633163,Accepted
Application_1829485980,Accepted
Application_1391641676,Other
Application_1749792883,Accepted
Application_2064387905,Accepted
Application_1432396679,Accepted
Application_980593207,Accepted
Application_186667038,Accepted
Application_1077356396,Other
Application_895880399,Other
Application_752129547,Other
Application_1068144226,Other
Application_1468251260,Other
Application_390614305,Other
Application_302086977,Other
Application_753005548,Accepted
Application_683749311,Accepted
Application_1469289455,Accepted
Application_576893560,Other
Application_1571228698,Other
Application_1194598473,Other
Application_147095816,Other
Application_593935959,Other
Application_673828188,Other
Application_670770300,Accepted
Application_1899152730,Other
Application_2110656628,Other
Application_1609788234,Accepted
Application_2041624603,Accepted
Application_1543521670,Accepted
Application_123785844,Other
Application_1181289999,Accepted
Application_1386927037,Accepted
Application_1197789168,Accepted
Application_2006398286,Accepted
Application_1968486052,Accepted
Application_671852829,Other
Application_1888687616,Other
Application_1711249494,Other
Application_2027016208,Accepted
Application_810347380,Accepted
Application_485042805,Accepted
Application_261823208,Other
Application_668992760,Other
Application_931316063,Other
Application_2131674188,Other
Application_1782240690,Other
Application_1716865791,Other
Application_1216511082,Other
Application_576907537,Other
Application_216754029,Other
Application_1286860918,Other
Application_524435127,Other
Application_1716698141,Other
Application_954830822,Other
Application_2115637548,Other
Application_1686152726,Accepted
Application_1296679854,Other
Application_538667985,Other
Application_785051963,Other
Application_1270199280,Accepted
Application_1859157542,Other
Application_1649220617,Other
Application_274583570,Accepted
Application_489522386,Other
Application_1732322692,Other
Application_1210328211,Accepted
Application_1858818143,Accepted
Application_595612823,Other
Application_1461654162,Accepted
Application_1891223976,Other
Application_2079011186,Other
Application_432545630,Other
Application_816701109,Other
Application_238988465,Other
Application_85776840,Accepted
Application_1696233759,Other
Application_1506673860,Other
Application_1427125327,Accepted
Application_1855047203,Other
Application_1641972620,Other
Application_1248150861,Other
Application_1056628969,Other
Application_1627130886,Other
Application_1437532627,Other
Application_771286338,Other
Application_421841965,Accepted
Application_73738380,Other
Application_1282312320,Other
Application_418638674,Other
Application_1661566238,Other
Application_704673299,Other
Application_515232769,Other
Application_1231420166,Accepted
Application_1778559212,Other
Application_16362248,Other
Application_456529452,Other
Application_2030168144,Other
Application_2122659093,Accepted
Application_1907891343,Other
Application_913238444,Other
Application_1355715243,Other
Application_1172380323,Accepted
Application_583743819,Other
Application_1727040001,Accepted
Application_1265200930,Other
Application_1848065299,Other
Application_332549605,Other
Application_333758826,Accepted
Application_113084488,Other
Application_1522272001,Accepted
Application_1836314441,Accepted
Application_592450149,Accepted
Application_2096597980,Accepted
Application_1452593339,Other
Application_377998077,Other
Application_679723515,Accepted
Application_92831750,Accepted
Application_800393339,Other
Application_2127123557,Other
Application_1681194502,Other
Application_1942456208,Other
Application_445562509,Accepted
Application_680162255,Other
Application_39497570,Other
Application_389299871,Accepted
Application_1839878297,Other
Application_1535887425,Accepted
Application_1157629544,Accepted
Application_36439873,Other
Application_612404359,Other
Application_209142304,Other
Application_1207241892,Accepted
Application_503299627,Accepted
Application_288379803,Accepted
Application_224662530,Accepted
Application_793939885,Accepted
Application_1921072973,Other
Application_1622141165,Accepted
Application_1802121036,Accepted
Application_871215308,Accepted
Application_1372339201,Accepted
Application_1561692075,Other
Application_1992130871,Other
Application_508299436,Other
Application_937048157,Accepted
Application_1585721321,Other
Application_1834669009,Accepted
Application_1190091553,Other
Application_1377182882,Other
Application_1949935692,Accepted
Application_579964835,Accepted
Application_1280729591,Accepted
Application_851079180,Accepted
Application_197286762,Accepted
Application_152396051,Other
Application_583032151,Accepted
Application_806234153,Other
Application_1059867108,Other
Application_499343172,Other
Application_1988789101,Other
Application_1083132746,Accepted
Application_577246785,Other
Application_1276950247,Other
Application_1018249155,Other
Application_1376161196,Accepted
Application_202743024,Other
Application_578480581,Other
Application_500901648,Accepted
Application_1944171441,Accepted
Application_1990285970,Other
Application_1294741511,Accepted
Application_1268235401,Other
Application_1087053459,Accepted
Application_2063746491,Other
Application_1982638542,Accepted
Application_514153976,Accepted
Application_434150091,Other
Application_1633005310,Other
Application_2062813997,Other
Application_1742086313,Other
Application_1312322500,Other
Application_947700835,Other
Application_429482627,Accepted
Application_135180486,Accepted
Application_834650046,Accepted
Application_816376942,Other
Application_456606586,Accepted
Application_483057784,Other
Application_624994443,Other
Application_465060650,Accepted
Application_322806868,Accepted
Application_1022069965,Other
Application_1289132611,Other
Application_1899900881,Other
Application_319276505,Accepted
Application_96304459,Other
Application_1576985623,Accepted
Application_1635482301,Other
Application_1319602969,Other
Application_125718857,Other
Application_826791651,Other
Application_406572229,Other
Application_419116262,Accepted
Application_103087302,Accepted
Application_1542605425,Accepted
Application_1670458395,Other
Application_1826685201,Other
Application_248613166,Other
Application_606587496,Accepted
Application_1259751461,Other
Application_2104220031,Other
Application_620031665,Other
Application_459407663,Other
Application_1747757725,Other
Application_1295203711,Accepted
Application_1619735813,Other
Application_1102726494,Other
Application_1612667171,Accepted
Application_773635043,Other
Application_963069606,Accepted
Application_805043529,Accepted
Application_1974968061,Other
Application_461492498,Accepted
Application_1958282351,Other
Application_1486078982,Other
Application_221786502,Other
Application_869220020,Accepted
Application_1378740460,Other
Application_1568412373,Accepted
Application_213538350,Accepted
Application_1248680314,Other
Application_671488964,Other
Application_1934534935,Accepted
Application_1130621069,Accepted
Application_43229443,Other
Application_271787481,Other
Application_844845235,Other
Application_1476900236,Other
Application_1756652661,Other
Application_1962983064,Other
Application_2118883861,Other
Application_847875764,Accepted
Application_682347878,Accepted
Application_1613537882,Accepted
Application_1398322102,Other
Application_564808529,Accepted
Application_1761486530,Other
Application_1816863492,Other
Application_1003146166,Other
Application_1395107445,Accepted
Application_1719507589,Other
Application_1688063211,Accepted
Application_2067335172,Accepted
Application_1364013859,Other
Application_999632431,Other
Application_384277580,Accepted
Application_1758193094,Other
Application_1395990857,Other
Application_674467574,Other
Application_238430644,Accepted
Application_429161933,Accepted
Application_391897610,Accepted
Application_842716286,Other
Application_1474356920,Accepted
Application_1207703232,Other
Application_1656558410,Accepted
Application_1913610903,Other
Application_1190841805,Other
Application_1001114274,Other
Application_511603944,Other
Application_69913766,Other
Application_241443069,Other
Application_390816288,Other
Application_74441301,Other
Application_1028335742,Other
Application_2102194190,Accepted
Application_1176335358,Other
Application_420715176,Other
Application_228318739,Other
Application_807384853,Other
Application_1123235662,Other
Application_1186617043,Accepted
Application_48616900,Other
Application_229840349,Other
Application_1305073860,Accepted
Application_1763494631,Other
Application_1691653218,Other
Application_1882655907,Other
Application_1597138122,Other
Application_131965778,Other
Application_601219508,Other
Application_1206133916,Accepted
Application_856341410,Accepted
Application_472770940,Accepted
Application_1023646798,Other
Application_1539865472,Accepted
Application_2106009667,Other
Application_1399403690,Other
Application_1631604760,Other
Application_228538500,Other
Application_2093502340,Other
Application_1235145497,Accepted
Application_236577693,Other
Application_737606033,Accepted
Application_125959990,Other
Application_488752245,Accepted
Application_1200079309,Other
Application_1167248095,Accepted
Application_817508008,Accepted
Application_1859548293,Other
Application_91776621,Other
Application_1921145636,Accepted
Application_1355696450,Other
Application_1170192930,Other
Application_550891135,Other
Application_105434929,Other
Application_539113630,Other
Application_390553107,Other
Application_258023934,Accepted
Application_1043739510,Other
Application_1817506213,Other
Application_1907801928,Accepted
Application_1085661880,Other
Application_744357049,Accepted
Application_1464798669,Accepted
Application_208251490,Accepted
Application_2099935440,Accepted
Application_158145312,Accepted
Application_157200774,Other
Application_473241090,Other
Application_839319778,Other
Application_769670015,Other
Application_401991590,Other
Application_313331619,Accepted
Application_44606820,Other
Application_1600840489,Other
Application_884534601,Accepted
Application_389338691,Accepted
Application_242423863,Other
Application_1529898946,Other
Application_2026840687,Other
Application_1669077820,Other
Application_1905583805,Other
Application_547388165,Other
Application_1301399748,Other
Application_227911113,Other
Application_1251406798,Accepted
Application_926747574,Other
Application_294970768,Other
Application_146467601,Other
Application_1254258895,Accepted
Application_1469190095,Other
Application_622759609,Accepted
Application_837217041,Accepted
Application_1002567868,Other
Application_1691340094,Other
Application_1914064930,Other
Application_1601588285,Accepted
Application_948445207,Other
Application_1198234313,Other
Application_183519926,Other
Application_1616490044,Other
Application_1690576895,Other
Application_304214284,Other
Application_242026080,Other
Application_498714194,Accepted
Application_1256604586,Accepted
Application_522578850,Other
Application_1596918091,Accepted
Application_454397872,Other
Application_104674625,Other
Application_1890154784,Accepted
Application_320133093,Accepted
Application_1518920904,Other
Application_2133828413,Other
Application_950739291,Other
Application_1649732255,Other
Application_1584430954,Other
Application_1024089863,Other
Application_699879086,Other
Application_510067941,Other
Application_580878200,Other
Application_1446043148,Other
Application_1521696629,Other
Application_142832348,Accepted
Application_795919928,Other
Application_1145270559,Other
Application_1986627137,Accepted
Application_1636659317,Other
Application_472320001,Accepted
Application_796198104,Accepted
Application_2059959100,Other
Application_715750489,Other
Application_252195723,Other
Application_177309042,Accepted
Application_830132818,Accepted
Application_1396402414,Accepted
Application_1061609344,Other
Application_1251803432,Accepted
Application_501690338,Accepted
Application_72110147,Other
Application_1420346445,Accepted
Application_375157461,Accepted
Application_707061506,Accepted
Application_1869471031,Other
Application_1346722124,Accepted
Application_1123402400,Accepted
Application_731024122,Accepted
Application_1202702224,Accepted
Application_1834532023,Other
Application_1472029656,Other
Application_730570072,Accepted
Application_1705068509,Other
Application_704311443,Other
Application_732246793,Other
Application_54290162,Other
Application_1244475241,Other
Application_527944664,Other
Application_411413017,Other
Application_1600925698,Other
Application_1931704478,Other
Application_344998689,Other
Application_795845061,Other
Application_1096634112,Other
Application_309988784,Other
Application_1845988951,Accepted
Application_1656510218,Other
Application_662281043,Other
Application_472301327,Accepted
Application_1438933809,Other
Application_1670410559,Other
Application_1424424888,Other
Application_977404337,Other
Application_1705897613,Other
Application_427647748,Other
Application_874167626,Other
Application_511563908,Other
Application_1794387130,Other
Application_1921127090,Other
Application_1222568421,Accepted
Application_348006244,Other
Application_734084927,Other
Application_545310813,Other
Application_1735419863,Other
Application_132415986,Accepted
Application_73731371,Other
Application_1756609605,Accepted
Application_356707934,Other
Application_816158074,Other
Application_726307664,Other
Application_247014049,Other
Application_1248133491,Accepted
Application_64360728,Other
Application_1422566899,Accepted
Application_1076267702,Other
Application_1925312246,Other
Application_1440531646,Other
Application_1990518220,Accepted
Application_2146510026,Accepted
Application_1925249196,Other
Application_1359982228,Other
Application_62547622,Other
Application_717860332,Accepted
Application_1774393650,Accepted
Application_1833543407,Other
Application_1447085496,Other
Application_1763148577,Other
Application_2023998015,Accepted
Application_445451577,Accepted
Application_68169913,Other
Application_1073769593,Other
Application_1772653667,Accepted
Application_759966350,Other
Application_1517753959,Accepted
Application_1369515779,Other
Application_791953519,Other
Application_63353190,Other
Application_160003850,Other
Application_567969025,Accepted
Application_216490542,Other
Application_713888323,Other
Application_1899322200,Other
Application_1718125663,Accepted
Application_635961265,Accepted
Application_196897237,Accepted
Application_7240047,Accepted
Application_2133247369,Other
Application_1837331483,Accepted
Application_1259810621,Accepted
Application_1449518436,Other
Application_1581835262,Accepted
Application_1995429442,Accepted
Application_509226930,Accepted
Application_1440003038,Other
Application_574438686,Accepted
Application_2060651887,Other
Application_1871662711,Other
Application_69508445,Accepted
Application_562376851,Other
Application_905537894,Other
Application_87979435,Other
Application_159413614,Other
Application_358719047,Accepted
Application_1357676096,Other
Application_2073930539,Other
Application_1649679763,Other
Application_727235919,Other
Application_91560007,Other
Application_449764986,Accepted
Application_2131037404,Other
Application_1657954071,Accepted
Application_1364310567,Other
Application_1056924498,Other
Application_1361632912,Other
Application_2076812467,Accepted
Application_1171303407,Other
Application_724622213,Accepted
Application_726405167,Other
Application_1556332679,Accepted
Application_1088305734,Accepted
Application_2133672696,Accepted
Application_1366758339,Other
Application_138984809,Other
Application_16193774,Other
Application_1086182019,Other
Application_1090720403,Other
Application_1448741572,Accepted
Application_208025497,Other
Application_1152608339,Other
Application_657313890,Accepted
Application_1723013026,Other
Application_1939318281,Accepted
Application_995003683,Other
Application_333750415,Other
Application_1866179922,Other
Application_257218041,Accepted
Application_101540725,Accepted
Application_425876981,Other
Application_1149906160,Other
Application_657520131,Other
Application_1252751917,Other
Application_1444652783,Other
Application_1568196538,Other
Application_881471119,Other
Application_2023303619,Other
Application_1955274322,Accepted
Application_1516067273,Accepted
Application_278409526,Other
Application_935224559,Other
Application_720508715,Other
Application_366773259,Other
Application_429480937,Accepted
Application_1010579931,Accepted
Application_1638196726,Other
Application_1423276028,Accepted
Application_1765839113,Other
Application_914591581,Other
Application_567704531,Accepted
Application_1296400112,Other
Application_379851390,Accepted
Application_846387353,Other
Application_496688865,Other
Application_281817768,Accepted
Application_238247352,Other
Application_1980119112,Accepted
Application_1230789489,Other
Application_531039968,Other
Application_1508412981,Other
Application_1634619568,Other
Application_1931888690,Other
Application_1211453918,Other
Application_928850755,Other
Application_848940095,Accepted
Application_566989428,Other
Application_235120908,Accepted
Application_652307166,Other
Application_865571965,Other
Application_576025779,Other
Application_162819257,Other
Application_2109451552,Accepted
Application_1417336666,Other
Application_705321101,Accepted
Application_886906159,Accepted
Application_52615781,Other
Application_933010263,Other
Application_617035977,Accepted
Application_19485364,Accepted
Application_1888981731,Other
Application_1443446332,Accepted
Application_1503318376,Accepted
Application_206510393,Accepted
Application_921271215,Other
Application_1210486698,Other
Application_499448595,Other
Application_1935686311,Other
Application_954294342,Accepted
Application_232908541,Other
Application_506728302,Other
Application_861923294,Accepted
Application_1469964020,Accepted
Application_1853593768,Other
Application_2108691979,Accepted
Application_159075089,Accepted
Application_1800884069,Accepted
Application_1938585575,Accepted
Application_1623166177,Accepted
Application_91404010,Other
Application_613322431,Accepted
Application_1275810391,Accepted
Application_1300944492,Other
Application_942665232,Other
Application_2140398412,Accepted
Application_1939679303,Other
Application_1505953522,Accepted
Application_1223636711,Other
Application_574722304,Other
Application_218935050,Accepted
Application_541755335,Accepted
Application_1240900910,Other
Application_1979534631,Other
Application_88370644,Accepted
Application_467462527,Accepted
Application_1170818565,Other
Application_981045818,Accepted
Application_2118703101,Other
Application_349291575,Accepted
Application_538446285,Other
Application_1050012939,Other
Application_194702089,Other
Application_1652572414,Other
Application_888511202,Other
Application_2086836037,Accepted
Application_513111665,Other
Application_1277023399,Accepted
Application_944027092,Other
Application_1203310471,Other
Application_587334519,Other
Application_2017278363,Accepted
Application_1814104190,Other
Application_1592036910,Other
Application_1114775234,Accepted
Application_892981638,Accepted
Application_2131721658,Other
Application_100853745,Other
Application_661022130,Other
Application_847355266,Accepted
Application_2016773681,Other
Application_1391906687,Accepted
Application_119439312,Other
Application_1317497251,Other
Application_942110520,Other
Application_49190546,Other
Application_847312063,Accepted
Application_1604706641,Accepted
Application_1944618138,Other
Application_1737604202,Other
Application_1531680018,Accepted
Application_2146359852,Accepted
Application_1323717038,Other
Application_840319917,Other
Application_1270379726,Other
Application_637658579,Other
Application_1063029257,Accepted
Application_713507046,Other
Application_1586981976,Accepted
Application_1397993015,Accepted
Application_702998309,Other
Application_220112,Other
Application_595653145,Accepted
Application_1956283946,Other
Application_1466122701,Other
Application_1812318096,Other
Application_1083688690,Other
Application_1433215421,Other
Application_739987633,Other
Application_123758220,Accepted
Application_1076932760,Other
Application_1809866027,Other
Application_2528658,Other
Application_217082987,Other
Application_735430709,Other
Application_992021980,Accepted
Application_1931667450,Other
Application_1775428933,Accepted
Application_687714265,Other
Application_1760710948,Accepted
Application_2118190331,Accepted
Application_386368827,Other
Application_769590861,Other
Application_1102243338,Accepted
Application_1931358760,Accepted
Application_1170149194,Other
Application_458203317,Other
Application_560335551,Accepted
Application_904462466,Other
Application_1410774737,Other
Application_1125233866,Accepted
Application_2053523741,Other
Application_1322965783,Accepted
Application_1738323716,Other
Application_1700453452,Other
Application_60311652,Accepted
Application_1015522224,Other
Application_2102311097,Accepted
Application_1634597540,Other
Application_1013496029,Other
Application_689175775,Other
Application_195053177,Accepted
Application_229644529,Other
Application_1418041387,Other
Application_1059851748,Accepted
Application_129022590,Other
Application_343501813,Accepted
Application_1710813445,Other
Application_140048308,Accepted
Application_1540449226,Other
Application_1204089991,Other
Application_1564372447,Other
Application_686843208,Accepted
Application_1011449253,Accepted
Application_882719698,Other
Application_701643096,Other
Application_2108788489,Other
Application_1392309869,Accepted
Application_1090606231,Accepted
Application_451653094,Accepted
Application_1660981636,Accepted
Application_1318153169,Other
Application_2089121798,Other
Application_243970966,Accepted
Application_20422820,Accepted
Application_656422328,Other
Application_130839886,Other
Application_2144121980,Other
Application_1512607613,Accepted
Application_1767165931,Other
Application_1959306775,Accepted
Application_767619670,Other
Application_814003882,Accepted
Application_261020841,Accepted
Application_2030124555,Other
Application_1078441982,Accepted
Application_1727146404,Other
Application_2041039158,Other
Application_1342479260,Other
Application_777790214,Other
Application_201290364,Other
Application_1007516030,Accepted
Application_1449742723,Accepted
Application_1067190693,Other
Application_843880240,Other
Application_148953278,Accepted
Application_1443058892,Other
Application_1219810283,Accepted
Application_14678751,Accepted
Application_372887894,Other
Application_145687907,Other
Application_1581842297,Other
Application_658199813,Other
Application_1732558342,Other
Application_1411706021,Other
Application_993551362,Other
Application_735531610,Accepted
Application_1384903164,Accepted
Application_489968350,Accepted
Application_1050826945,Accepted
Application_1865878674,Other
Application_2079352801,Other
Application_836643620,Other
Application_622231919,Other
Application_516936074,Other
Application_344097245,Other
Application_91037017,Other
Application_1165350009,Accepted
Application_1825535812,Other
Application_1769684418,Accepted
Application_1097624027,Accepted
Application_473380178,Other
Application_725733853,Other
Application_1176372876,Accepted
Application_851976076,Accepted
Application_1521819397,Other
Application_1928755301,Other
Application_2017081495,Other
Application_1986864007,Accepted
Application_1291876657,Other
Application_1068641466,Accepted
Application_269274043,Other
Application_522530819,Other
Application_164627438,Accepted
Application_477865802,Accepted
Application_924845483,Other
Application_1469675638,Accepted
Application_1254888275,Accepted
Application_781155845,Other
Application_165868800,Other
Application_158534171,Other
Application_1053351118,Accepted
Application_244480567,Other
Application_2013092298,Other
Application_2024039503,Other
Application_961923966,Accepted
Application_1016778548,Accepted
Application_68620955,Accepted
Application_257145798,Other
Application_1620218906,Accepted
Application_1612709224,Other
Application_1894445869,Other
Application_458485755,Other
Application_538245491,Other
Application_888280534,Other
Application_750701241,Accepted
Application_535920840,Accepted
Application_162163279,Other
Application_1611309750,Accepted
Application_910028508,Accepted
Application_1189117993,Other
Application_898682531,Other
Application_469259850,Other
Application_48166613,Other
Application_1026537393,Other
Application_1250140735,Accepted
Application_260311774,Other
Application_89338654,Other
Application_674990050,Other
Application_1166441303,Other
Application_1985375601,Other
Application_1232895098,Other
Application_600275596,Other
Application_672076662,Accepted
Application_490798513,Other
Application_1181449425,Other
Application_242285000,Accepted
Application_149740685,Other
Application_473958694,Other
Application_821166786,Other
Application_471531433,Other
Application_960353524,Accepted
Application_602332422,Accepted
Application_506199022,Other
Application_1268423061,Other
Application_594032894,Other
Application_496626090,Accepted
Application_1570059554,Accepted
Application_812090672,Accepted
Application_1190582100,Other
Application_144896742,Other
Application_235124275,Other
Application_288149746,Accepted
Application_98481559,Other
Application_1488744890,Other
Application_1181343060,Other
Application_1456725714,Other
Application_810684538,Other
Application_1322563969,Other
Application_608741500,Accepted
Application_1244985500,Other
Application_311608004,Other
Application_477347990,Other
Application_1536154411,Other
Application_597870415,Other
Application_1741871294,Other
Application_1884152306,Other
Application_1273397750,Other
Application_83766113,Accepted
Application_1879472364,Other
Application_1897505822,Accepted
Application_1248866426,Other
Application_819763295,Other
Application_596694536,Other
Application_55032348,Other
Application_323815579,Other
Application_800012445,Accepted
Application_441994285,Other
Application_1398947853,Accepted
Application_315713743,Accepted
Application_67524538,Accepted
Application_478594077,Other
Application_1177964671,Accepted
Application_1299558679,Other
Application_1553094955,Other
Application_1877584615,Other
Application_1186210756,Other
Application_398604232,Other
Application_403050246,Other
Application_1523366481,Other
Application_1400453918,Other
Application_910553000,Accepted
Application_1218321608,Other
Application_1431541349,Other
Application_1607208848,Other
Application_1038568085,Other
Application_2124154186,Other
Application_1534677416,Accepted
Application_1724359898,Other
Application_1088144213,Other
Application_575315073,Other
Application_1292717690,Other
Application_1507569145,Other
Application_930360796,Accepted
Application_1995565356,Other
Application_1806077821,Other
Application_2130663585,Other
Application_1503520688,Accepted
Application_1280168713,Other
Application_840561404,Accepted
Application_289978097,Accepted
Application_607744520,Other
Application_1528644410,Other
Application_1502525690,Other
Application_237322160,Other
Application_87131485,Other
Application_718038013,Other
Application_71565050,Other
Application_456698969,Other
Application_10226694,Accepted
Application_1905033774,Accepted
Application_1897179254,Other
Application_956314976,Accepted
Application_1314660127,Accepted
Application_324725057,Accepted
Application_682334885,Accepted
Application_623419462,Other
Application_457634247,Accepted
Application_1822980124,Other
Application_1204504979,Other
Application_217659158,Other
Application_275282562,Other
Application_498361333,Other
Application_1300414618,Other
Application_584542438,Accepted
Application_744347637,Accepted
Application_1751932238,Other
Application_1975311192,Other
Application_1826628650,Other
Application_1963803374,Other
Application_1568705555,Other
Application_1331937055,Accepted
Application_133656076,Other
Application_533938154,Other
Application_367518257,Other
Application_548266088,Other
Application_1603607754,Other
Application_369352662,Accepted
Application_1270772824,Other
Application_1923175458,Accepted
Application_1830330262,Other
Application_1198919634,Accepted
Application_222839327,Other
Application_269523042,Accepted
Application_585633052,Accepted
Application_1305623736,Accepted
Application_1041804033,Other
Application_1535139589,Other
Application_1381700202,Other
Application_1506964328,Other
Application_712864514,Other
Application_337171996,Other
Application_299430656,Other
Application_861681242,Other
Application_1596066079,Accepted
Application_587519320,Other
Application_372456525,Other
Application_263309025,Other
Application_946413213,Other
Application_1039191375,Accepted
Application_254045828,Accepted
Application_377939370,Accepted
Application_1183810144,Other
Application_1398777870,Other
Application_1814688365,Other
Application_1751571908,Accepted
Application_785238766,Accepted
Application_832057009,Other
Application_1181636340,Other
Application_478240779,Other
Application_288862349,Accepted
Application_344444367,Other
Application_892739637,Accepted
Application_845522755,Other
Application_1786240451,Accepted
Application_1055522547,Accepted
Application_858068540,Accepted
Application_1755320006,Accepted
Application_62126540,Other
Application_266976061,Accepted
Application_663993599,Other
Application_592637105,Accepted
Application_1881842235,Accepted
Application_2015889423,Accepted
Application_1899765973,Other
Application_1196296078,Other
Application_1553018097,Accepted
Application_631587664,Accepted
Application_307213807,Other
Application_487837355,Other
Application_163600875,Other
Application_127090472,Other
Application_908845024,Other
Application_1659067728,Accepted
Application_2038559947,Accepted
Application_1932580833,Accepted
Application_1047815162,Other
Application_857634035,Other
Application_128936338,Other
Application_216061222,Other
Application_506341680,Other
Application_1235233905,Other
Application_1425234599,Other
Application_1985389192,Other
Application_1660880921,Other
Application_1605639627,Other
Application_1281199569,Accepted
Application_722729820,Other
Application_72514552,Accepted
Application_542837145,Other
Application_867172664,Other
Application_65307205,Other
Application_684536307,Other
Application_1008848932,Other
Application_1548659687,Other
Application_1198596650,Other
Application_1926351537,Accepted
Application_2023342635,Other
Application_1159562501,Other
Application_218585226,Accepted
Application_570026516,Other
Application_2018452703,Accepted
Application_211410066,Other
Application_217163587,Accepted
Application_1427318023,Other
Application_1660322928,Accepted
Application_1775961548,Accepted
Application_1055648332,Other
Application_1444544030,Other
Application_1726812265,Other
Application_388982134,Other
Application_391663554,Accepted
Application_52637026,Accepted
Application_1548619869,Other
Application_267160125,Other
Application_82377754,Other
Application_679916716,Other
Application_1667612160,Other
Application_1994437056,Other
Application_403404439,Other
Application_803374351,Accepted
Application_81340347,Other
Application_1988978577,Other
Application_1446933781,Accepted
Application_391617926,Other
Application_132371996,Accepted
Application_1572640461,Other
Application_2014986834,Accepted
Application_1648425665,Other
Application_1659632502,Accepted
Application_1992334936,Other
Application_1371916895,Other
Application_1213601605,Accepted
Application_493148167,Other
Application_328328477,Other
Application_690259244,Other
Application_1254314632,Accepted
Application_938526981,Other
Application_1886595681,Other
Application_2012649270,Other
Application_1452571698,Other
Application_1206746120,Accepted
Application_271354179,Other
Application_280819840,Accepted
Application_1203453672,Other
Application_944872559,Other
Application_234244386,Other
Application_931161319,Other
Application_1419215445,Other
Application_1506518255,Other
Application_2014291061,Other
Application_2012801414,Other
Application_1789535619,Accepted
Application_1348101743,Other
Application_1422289499,Other
Application_173826941,Accepted
Application_584055749,Other
Application_1892177671,Other
Application_1255807279,Other
Application_1964992476,Accepted
Application_1312774650,Other
Application_1069793799,Other
Application_1715369188,Other
Application_581575651,Accepted
Application_813290165,Other
Application_143345509,Other
Application_601450685,Accepted
Application_441224195,Accepted
Application_355045913,Other
Application_1563342673,Other
Application_1994134418,Other
Application_1779214801,Other
Application_1871293757,Accepted
Application_203699573,Other
Application_910678714,Other
Application_595243250,Other
Application_171367276,Other
Application_871474450,Other
Application_2000725110,Other
Application_1257655392,Other
Application_1076971157,Accepted
Application_593504885,Other
Application_1782010296,Accepted
Application_1430774137,Other
Application_1430205739,Other
Application_296817651,Other
Application_625784341,Other
Application_806179171,Other
Application_2005318947,Other
Application_926354715,Accepted
Application_1107607942,Other
Application_1986970421,Accepted
Application_783041368,Other
Application_1233498462,Other
Application_1481977845,Accepted
Application_272438983,Other
Application_915151764,Other
Application_666587749,Other
Application_486188359,Other
Application_1568546217,Other
Application_1792326483,Accepted
Application_378168775,Other
Application_551233581,Accepted
Application_337803852,Other
Application_488603488,Other
Application_586083090,Other
Application_236759502,Other
Application_129816772,Other
Application_922669832,Accepted
Application_160163429,Other
Application_514516624,Other
Application_164152785,Other
Application_1569534118,Accepted
Application_814208823,Other
Application_1130116171,Accepted
Application_1769949181,Other
Application_841084918,Accepted
Application_1836826811,Other
Application_954233630,Accepted
Application_916438034,Other
Application_592054830,Other
Application_1229830292,Other
Application_1537499253,Other
Application_1953761964,Other
Application_379906515,Other
Application_702903601,Accepted
Application_1534897397,Other
Application_2045042705,Accepted
Application_868295384,Accepted
Application_1500059522,Other
Application_955824026,Accepted
Application_477310662,Accepted
Application_604847823,Accepted
Application_381687362,Other
Application_1790927441,Other
Application_1995896700,Accepted
Application_1941058447,Other
Application_1939845148,Other
Application_590989889,Other
Application_957766894,Other
Application_1537957763,Other
Application_1896239575,Accepted
Application_82353525,Other
Application_398145910,Other
Application_992214561,Accepted
Application_619152743,Other
Application_302909261,Other
Application_1065521969,Other
Application_463787640,Accepted
Application_644677439,Accepted
Application_16766247,Accepted
Application_1098949698,Other
Application_1145618193,Accepted
Application_268386026,Other
Application_1991748354,Other
Application_2087565219,Accepted
Application_1317584206,Accepted
Application_967777558,Other
Application_1139883069,Accepted
Application_251117652,Accepted
Application_115615538,Accepted
Application_208547968,Accepted
Application_832271260,Other
Application_508058444,Other
Application_1897895464,Accepted
Application_1454914218,Accepted
Application_1313948571,Accepted
Application_1638658091,Other
Application_1605798904,Other
Application_1795338235,Accepted
Application_2058015247,Accepted
Application_1732926428,Other
Application_1101048882,Accepted
Application_970502155,Accepted
Application_603184043,Other
Application_327906091,Other
Application_1894263677,Other
Application_939316996,Accepted
Application_1659601112,Other
Application_2003062161,Other
Application_921400054,Accepted
Application_1136165010,Accepted
Application_1080844867,Other
Application_1982634211,Other
Application_1537097696,Accepted
Application_1718051306,Accepted
Application_1047582740,Accepted
Application_1494383403,Other
Application_504778583,Other
Application_215812182,Accepted
Application_142058100,Other
Application_1788970459,Other
Application_2087370744,Other
Application_210311121,Accepted
Application_513852915,Other
Application_291963023,Other
Application_1937962025,Other
Application_1579444231,Other
Application_1509384817,Other
Application_1631210332,Other
Application_1855944075,Other
Application_1424417284,Accepted
Application_1437729547,Other
Application_2001932949,Other
Application_634831049,Other
Application_453816713,Accepted
Application_437726617,Other
Application_1130698396,Accepted
Application_316115232,Other
Application_509718181,Other
Application_920418478,Accepted
Application_1817528156,Accepted
Application_1832796446,Other
Application_2144895256,Other
Application_1720416885,Accepted
Application_424050019,Other
Application_1152743776,Other
Application_1068338293,Other
Application_718523864,Other
Application_579821311,Other
Application_1062041374,Other
Application_1858057166,Other
Application_753322555,Other
Application_1473749161,Accepted
Application_1724202676,Accepted
Application_1943399915,Other
Application_1307126191,Other
Application_860031407,Accepted
Application_8639196,Other
Application_1269425537,Accepted
Application_948762898,Accepted
Application_1691382379,Other
Application_1816860043,Other
Application_2136785979,Other
Application_1369957045,Accepted
Application_28309282,Other
Application_1223783277,Other
Application_1373811154,Accepted
Application_187009614,Other
Application_174895313,Other
Application_533038097,Accepted
Application_2030328365,Other
Application_942530347,Other
Application_140100899,Other
Application_1949023010,Other
Application_511609780,Other
Application_882997950,Other
Application_1232417767,Accepted
Application_1812517027,Other
Application_1980650110,Other
Application_915017332,Other
Application_1035361851,Accepted
Application_49585910,Other
Application_544505161,Accepted
Application_806033516,Other
Application_1631176581,Other
Application_1458471269,Other
Application_1581084985,Accepted
Application_1067190799,Other
Application_688832703,Other
Application_788182565,Other
Application_1217715016,Other
Application_1728492857,Other
Application_1917923627,Other
Application_1677844905,Other
Application_1303072211,Other
Application_603873624,Other
Application_1677722680,Other
Application_1985086758,Other
Application_1542780878,Other
Application_434636699,Other
Application_361521807,Accepted
Application_1220291031,Other
Application_1768475674,Accepted
Application_1865447865,Other
Application_1069275163,Accepted
Application_694330916,Other
Application_909810703,Other
Application_531062056,Other
Application_1092048449,Other
Application_188935499,Other
Application_237635980,Other
Application_1485563285,Accepted
Application_766536007,Other
Application_838340812,Other
Application_1706320755,Accepted
Application_587688925,Other
Application_1162516931,Other
Application_1573701770,Accepted
Application_231970224,Accepted
Application_424432627,Accepted
Application_982620545,Other
Application_1662637174,Other
Application_1986755838,Other
Application_1747554764,Accepted
Application_92486096,Other
Application_560012181,Accepted
Application_1291275220,Other
Application_1607247834,Accepted
Application_593223294,Other
Application_1603738355,Other
Application_1792687095,Accepted
Application_237690186,Accepted
Application_406889230,Accepted
Application_600788947,Other
Application_1562801332,Accepted
Application_837266390,Accepted
Application_520194586,Other
Application_1131485787,Other
Application_1512962191,Accepted
Application_1159709495,Other
Application_511114636,Accepted
Application_85708625,Other
Application_702203713,Accepted
Application_1287686643,Other
Application_1637883702,Accepted
Application_1785319353,Other
Application_2000018435,Other
Application_61571417,Other
Application_141572677,Other
Application_1516032553,Other
Application_1778929740,Accepted
Application_1589286873,Accepted
Application_380535005,Other
Application_142254881,Accepted
Application_47037036,Other
Application_718432981,Accepted
Application_638408365,Other
Application_168516850,Accepted
Application_779559950,Accepted
Application_2105628468,Other
Application_703922647,Other
Application_1563029665,Other
Application_2100121222,Other
Application_488720885,Other
Application_1120379399,Other
Application_79391457,Other
Application_1729852643,Other
Application_813308967,Accepted
Application_1937646963,Accepted
Application_1722592475,Other
Application_45251359,Other
Application_586430010,Accepted
Application_886482893,Other
Application_2122012941,Other
Application_1843232594,Accepted
Application_1746250121,Accepted
Application_809632541,Accepted
Application_84311476,Other
Application_1168372021,Accepted
Application_1669672980,Accepted
Application_14097006,Other
Application_1229851589,Other
Application_2110228261,Other
Application_1616238013,Accepted
Application_1280325005,Other
Application_1544952493,Accepted
Application_1217378577,Other
Application_770397679,Other
Application_117342811,Other
Application_965278193,Accepted
Application_1331346987,Accepted
Application_1107993134,Accepted
Application_2103458006,Other
Application_59622033,Accepted
Application_303923658,Accepted
Application_1350494635,Other
