case_id,outcome
A,1
B,0
C,0
D,1
E,1
F,1
G,1
H,1
I,1
J,1
K,1
L,0
M,1
N,1
O,1
P,1
Q,1
R,1
S,1
T,1
U,0
V,0
W,1
X,0
Y,1
Z,0
AA,1
BA,1
CA,1
DA,1
EA,1
FA,1
GA,1
HA,1
IA,1
JA,1
KA,0
LA,1
MA,1
,0
OA,1
PA,0
QA,1
RA,1
SA,1
TA,1
UA,1
VA,1
WA,1
XA,1
YA,1
ZA,1
AB,1
BB,1
CB,1
DB,1
EB,1
FB,1
GB,1
HB,1
IB,1
JB,1
KB,1
LB,1
MB,1
NB,0
OB,1
PB,0
QB,1
RB,1
SB,1
TB,0
UB,1
VB,1
WB,1
XB,1
YB,1
ZB,1
AC,1
BC,1
CC,1
DC,1
EC,1
FC,1
GC,1
HC,1
IC,1
JC,1
KC,0
LC,1
MC,1
NC,1
OC,1
PC,0
QC,1
RC,0
SC,1
TC,1
UC,0
VC,1
WC,0
XC,1
YC,1
ZC,1
AD,1
BD,1
CD,1
DD,1
ED,1
FD,1
GD,0
HD,1
ID,1
JD,1
KD,1
LD,1
MD,1
ND,1
OD,1
PD,1
QD,1
RD,1
SD,1
TD,1
UD,1
VD,1
WD,1
XD,1
YD,1
ZD,0
AE,0
BE,1
CE,0
DE,0
EE,0
FE,0
GE,0
HE,0
IE,0
JE,0
KE,0
LE,0
ME,0
NE,0
OE,0
PE,0
QE,0
RE,0
SE,0
TE,0
UE,0
VE,0
WE,0
XE,0
YE,1
ZE,1
AF,1
BF,1
CF,1
DF,0
EF,1
FF,0
GF,0
HF,0
IF,1
JF,1
KF,1
LF,1
MF,1
NF,1
OF,1
PF,1
QF,1
RF,1
SF,1
TF,0
UF,1
VF,1
WF,1
XF,1
YF,1
ZF,1
AG,1
BG,1
CG,0
DG,1
EG,1
FG,0
GG,1
HG,1
IG,1
JG,1
KG,1
LG,1
MG,1
NG,1
OG,1
PG,1
QG,1
RG,1
SG,0
TG,0
UG,1
VG,0
WG,1
XG,1
YG,1
ZG,1
AH,1
BH,0
CH,1
DH,1
EH,1
FH,0
GH,0
HH,1
IH,0
JH,0
KH,0
LH,1
MH,0
NH,1
OH,1
PH,0
QH,1
RH,1
SH,1
TH,1
UH,1
VH,1
WH,1
XH,1
YH,1
ZH,1
AI,0
BI,1
CI,1
DI,0
EI,1
FI,1
GI,1
HI,1
II,0
JI,1
KI,1
LI,0
MI,0
NI,0
OI,0
PI,1
QI,0
RI,0
SI,0
TI,0
UI,0
VI,1
WI,0
XI,1
YI,1
ZI,1
AJ,1
BJ,1
CJ,1
DJ,1
EJ,1
FJ,1
GJ,1
HJ,1
IJ,1
JJ,1
KJ,1
LJ,1
MJ,1
NJ,1
OJ,1
PJ,1
QJ,1
RJ,0
SJ,1
TJ,1
UJ,0
VJ,1
WJ,1
XJ,0
YJ,1
ZJ,1
AK,1
BK,1
CK,1
DK,1
EK,1
FK,1
GK,0
HK,1
IK,1
JK,1
KK,1
LK,1
MK,1
NK,1
OK,1
PK,1
QK,1
RK,1
SK,0
TK,1
UK,1
VK,1
WK,0
XK,1
YK,0
ZK,0
AL,1
BL,1
CL,1
DL,1
EL,1
FL,1
GL,1
HL,1
IL,1
JL,1
KL,1
LL,1
ML,1
NL,1
OL,1
PL,1
QL,1
RL,0
SL,1
TL,1
UL,1
VL,0
WL,0
XL,1
YL,1
ZL,1
AM,1
BM,1
CM,1
DM,1
EM,1
FM,1
GM,1
HM,1
IM,0
JM,0
KM,0
LM,0
MM,0
NM,0
OM,0
PM,0
QM,0
RM,0
SM,0
TM,0
UM,0
VM,0
WM,1
XM,1
YM,1
ZM,1
AN,1
BN,1
CN,1
DN,1
EN,1
FN,0
GN,1
HN,1
IN,0
JN,0
KN,1
LN,1
MN,0
NN,1
ON,0
PN,0
QN,1
RN,1
SN,1
TN,0
UN,0
VN,0
WN,0
XN,0
YN,1
ZN,1
AO,1
BO,1
CO,1
DO,1
EO,1
FO,1
GO,1
HO,1
IO,0
JO,1
KO,1
LO,1
MO,1
NO,1
OO,1
PO,1
QO,1
RO,1
SO,1
TO,1
UO,1
VO,1
WO,0
XO,1
YO,1
ZO,0
AP,0
BP,0
CP,0
DP,1
EP,1
FP,1
GP,1
HP,1
IP,1
JP,1
KP,1
LP,1
MP,1
NP,1
OP,0
PP,1
QP,1
RP,1
SP,0
TP,1
UP,1
VP,1
WP,1
XP,1
YP,1
ZP,1
AQ,0
BQ,1
CQ,1
DQ,0
EQ,0
FQ,0
GQ,0
HQ,0
IQ,0
JQ,0
KQ,0
LQ,1
MQ,1
NQ,1
OQ,1
PQ,0
QQ,1
RQ,1
SQ,1
TQ,1
UQ,1
VQ,1
WQ,1
XQ,1
YQ,1
ZQ,1
AR,0
BR,1
CR,0
DR,0
ER,0
FR,0
GR,0
HR,0
IR,0
JR,0
KR,0
LR,0
MR,0
NR,0
OR,0
PR,0
QR,0
RR,1
SR,0
TR,1
UR,1
VR,1
WR,0
XR,1
YR,1
ZR,1
AS,0
BS,0
CS,1
DS,1
ES,1
FS,1
GS,1
HS,1
IS,1
JS,1
KS,1
LS,1
MS,1
NS,1
OS,0
PS,1
QS,0
RS,1
SS,1
TS,1
US,1
VS,0
WS,1
XS,0
YS,1
ZS,0
AT,1
BT,1
CT,1
DT,1
ET,0
FT,1
GT,1
HT,1
IT,1
JT,1
KT,1
LT,0
MT,1
NT,1
OT,1
PT,0
QT,0
RT,1
ST,1
TT,0
UT,0
VT,0
WT,0
XT,0
YT,0
ZT,0
AU,0
BU,0
CU,0
DU,0
EU,0
FU,0
GU,1
HU,1
IU,1
JU,1
KU,1
LU,1
MU,1
NU,1
OU,1
PU,1
QU,1
RU,0
SU,1
TU,1
UU,1
VU,0
WU,1
XU,1
YU,1
ZU,1
AV,1
BV,0
CV,0
DV,1
EV,1
FV,1
GV,1
HV,1
IV,1
JV,1
KV,1
LV,1
MV,1
NV,1
OV,1
PV,1
QV,0
RV,0
SV,1
TV,0
UV,1
VV,1
WV,1
XV,1
YV,1
ZV,1
AW,1
BW,1
CW,1
DW,1
EW,1
FW,1
GW,0
HW,1
IW,1
JW,1
KW,1
LW,0
MW,1
NW,0
OW,1
PW,0
QW,1
RW,1
SW,0
TW,0
UW,1
VW,1
WW,1
XW,1
YW,1
ZW,0
AX,0
BX,1
CX,1
DX,0
EX,1
FX,1
GX,1
HX,1
IX,0
JX,1
KX,1
LX,0
MX,1
NX,1
OX,1
PX,0
QX,0
RX,1
SX,1
TX,1
UX,1
VX,1
WX,1
XX,1
YX,1
ZX,0
AY,0
BY,0
CY,0
DY,0
EY,0
FY,0
GY,0
HY,0
IY,0
JY,0
KY,0
LY,0
MY,0
NY,0
OY,0
PY,0
QY,0
RY,0
SY,1
TY,1
UY,0
VY,0
WY,1
XY,1
YY,1
ZY,1
AZ,1
BZ,1
CZ,1
DZ,1
EZ,1
FZ,0
GZ,0
HZ,0
IZ,0
JZ,0
KZ,0
LZ,0
MZ,0
NZ,0
OZ,0
PZ,0
QZ,0
RZ,0
SZ,0
TZ,0
UZ,0
VZ,0
WZ,0
XZ,0
YZ,0
ZZ,0
AAA,0
BAA,1
CAA,0
DAA,1
EAA,1
FAA,1
GAA,1
HAA,1
IAA,1
JAA,1
KAA,1
LAA,1
MAA,1
NAA,1
OAA,1
PAA,0
QAA,1
RAA,0
SAA,0
TAA,0
UAA,1
VAA,1
WAA,1
XAA,1
YAA,1
ZAA,1
ABA,1
BBA,1
CBA,1
DBA,1
EBA,1
FBA,1
GBA,0
HBA,1
IBA,1
JBA,1
KBA,1
LBA,0
MBA,1
NBA,1
OBA,1
PBA,1
QBA,1
RBA,1
SBA,1
TBA,0
UBA,1
VBA,1
WBA,1
XBA,1
YBA,0
ZBA,0
ACA,1
BCA,1
CCA,0
DCA,1
ECA,1
FCA,1
GCA,0
HCA,1
ICA,1
JCA,1
KCA,1
LCA,1
MCA,0
NCA,0
OCA,1
PCA,0
QCA,1
RCA,1
SCA,1
TCA,1
UCA,1
VCA,1
WCA,1
XCA,1
YCA,0
ZCA,1
ADA,1
BDA,1
CDA,1
DDA,1
EDA,1
FDA,1
GDA,1
HDA,1
IDA,1
JDA,1
KDA,1
LDA,1
MDA,0
NDA,1
ODA,1
PDA,1
QDA,1
RDA,1
SDA,0
TDA,1
UDA,1
VDA,1
WDA,1
XDA,1
YDA,1
ZDA,1
AEA,1
BEA,1
CEA,0
DEA,0
EEA,0
FEA,0
GEA,0
HEA,0
IEA,0
JEA,0
KEA,1
LEA,1
MEA,1
NEA,1
OEA,1
PEA,1
QEA,1
REA,1
SEA,1
TEA,1
UEA,0
VEA,1
WEA,1
XEA,1
YEA,0
ZEA,1
AFA,1
BFA,1
CFA,1
DFA,1
EFA,1
FFA,1
GFA,1
HFA,1
IFA,1
JFA,1
KFA,1
LFA,1
MFA,1
NFA,1
OFA,1
PFA,1
QFA,1
RFA,1
SFA,1
TFA,1
UFA,1
VFA,1
WFA,0
XFA,1
YFA,0
ZFA,1
AGA,1
BGA,1
CGA,1
DGA,0
EGA,1
FGA,0
GGA,1
HGA,0
IGA,1
JGA,1
KGA,1
LGA,1
MGA,1
NGA,1
OGA,1
PGA,1
QGA,0
RGA,1
SGA,1
TGA,1
UGA,1
VGA,1
WGA,0
XGA,1
YGA,1
ZGA,1
AHA,1
BHA,1
CHA,0
DHA,1
EHA,1
FHA,1
GHA,0
HHA,1
IHA,1
JHA,1
KHA,1
LHA,1
MHA,1
NHA,1
OHA,1
PHA,1
QHA,1
RHA,1
SHA,0
THA,0
UHA,1
VHA,1
WHA,1
XHA,1
YHA,1
ZHA,1
AIA,1
BIA,1
CIA,1
DIA,1
EIA,1
FIA,1
GIA,0
HIA,1
IIA,1
JIA,1
KIA,0
LIA,0
MIA,0
NIA,1
OIA,0
PIA,1
QIA,1
RIA,1
SIA,1
TIA,1
UIA,0
VIA,0
WIA,0
XIA,0
YIA,0
ZIA,0
AJA,0
BJA,0
CJA,0
DJA,0
EJA,0
FJA,0
GJA,0
HJA,0
IJA,0
JJA,0
KJA,1
LJA,1
MJA,1
NJA,1
OJA,1
PJA,1
QJA,0
RJA,1
SJA,1
TJA,1
UJA,0
VJA,1
WJA,1
XJA,1
YJA,1
ZJA,1
AKA,1
BKA,1
CKA,1
DKA,1
EKA,1
FKA,1
GKA,1
HKA,1
IKA,1
JKA,1
KKA,1
LKA,1
MKA,1
NKA,1
OKA,1
PKA,0
QKA,1
RKA,1
SKA,1
TKA,0
UKA,1
VKA,1
WKA,1
XKA,1
YKA,1
ZKA,0
ALA,0
BLA,1
CLA,1
DLA,0
ELA,0
FLA,1
GLA,1
HLA,1
ILA,1
JLA,1
KLA,1
LLA,0
MLA,1
NLA,1
OLA,0
PLA,0
QLA,0
RLA,0
SLA,0
TLA,0
ULA,0
VLA,0
WLA,0
XLA,1
YLA,0
ZLA,0
AMA,0
BMA,0
CMA,0
DMA,0
EMA,0
FMA,0
GMA,0
HMA,0
IMA,0
JMA,1
KMA,1
LMA,1
MMA,1
NMA,1
OMA,1
PMA,0
QMA,1
RMA,0
SMA,0
TMA,1
UMA,1
VMA,1
WMA,0
XMA,0
YMA,1
ZMA,1
ANA,1
BNA,1
CNA,1
DNA,1
ENA,1
FNA,1
GNA,1
HNA,1
INA,1
JNA,1
KNA,1
LNA,1
MNA,1
NNA,1
ONA,1
PNA,1
QNA,1
RNA,0
SNA,0
TNA,0
UNA,0
VNA,0
WNA,0
XNA,0
YNA,1
ZNA,1
AOA,1
BOA,1
COA,1
DOA,1
EOA,1
FOA,1
GOA,1
HOA,1
IOA,1
JOA,1
KOA,1
LOA,1
MOA,1
NOA,1
OOA,1
POA,1
QOA,1
ROA,1
SOA,0
TOA,1
UOA,1
VOA,1
WOA,1
XOA,1
YOA,1
ZOA,1
APA,1
BPA,1
CPA,1
DPA,1
EPA,1
FPA,1
GPA,1
HPA,1
IPA,0
JPA,1
KPA,0
LPA,1
MPA,1
NPA,1
OPA,1
PPA,1
QPA,0
RPA,1
SPA,0
TPA,1
UPA,1
VPA,1
WPA,1
XPA,1
YPA,1
ZPA,1
AQA,1
BQA,1
CQA,1
DQA,1
EQA,1
FQA,1
GQA,1
HQA,1
IQA,1
JQA,1
KQA,1
LQA,1
MQA,1
NQA,1
OQA,0
PQA,0
QQA,1
RQA,1
SQA,1
TQA,1
UQA,1
VQA,1
WQA,1
XQA,1
YQA,1
ZQA,1
ARA,1
BRA,1
CRA,1
DRA,1
ERA,1
FRA,0
GRA,1
HRA,1
IRA,1
JRA,1
KRA,1
LRA,1
MRA,0
NRA,1
ORA,1
PRA,1
QRA,1
RRA,1
SRA,1
TRA,1
URA,0
VRA,1
WRA,0
XRA,1
YRA,1
ZRA,1
ASA,1
BSA,1
CSA,1
DSA,1
ESA,1
FSA,1
GSA,1
HSA,1
ISA,1
JSA,1
KSA,1
LSA,1
MSA,1
NSA,1
OSA,1
PSA,1
QSA,1
RSA,1
SSA,1
TSA,1
USA,1
VSA,0
WSA,0
XSA,0
YSA,0
ZSA,0
ATA,0
BTA,0
CTA,0
DTA,0
ETA,0
FTA,0
GTA,0
HTA,0
ITA,0
JTA,0
KTA,0
LTA,0
MTA,0
NTA,0
OTA,0
PTA,0
QTA,0
RTA,0
STA,0
TTA,0
UTA,0
VTA,0
WTA,0
XTA,0
YTA,0
ZTA,0
AUA,0
BUA,0
CUA,0
DUA,0
EUA,0
FUA,0
GUA,0
HUA,0
IUA,0
JUA,0
KUA,0
LUA,1
MUA,1
NUA,1
OUA,0
PUA,1
QUA,1
RUA,1
SUA,1
TUA,1
UUA,1
VUA,1
WUA,0
XUA,1
YUA,1
ZUA,1
AVA,1
BVA,1
CVA,1
DVA,1
EVA,1
FVA,0
GVA,1
HVA,0
IVA,0
JVA,1
KVA,1
LVA,1
MVA,1
NVA,1
OVA,0
PVA,1
QVA,1
RVA,1
SVA,1
TVA,1
UVA,1
VVA,1
WVA,0
XVA,1
YVA,0
ZVA,1
AWA,1
BWA,1
CWA,0
DWA,1
EWA,0
FWA,1
GWA,1
HWA,1
IWA,1
JWA,1
KWA,1
LWA,1
MWA,1
NWA,1
OWA,1
PWA,1
QWA,1
RWA,1
SWA,1
TWA,0
UWA,1
VWA,1
WWA,1
XWA,0
YWA,1
ZWA,0
AXA,1
BXA,1
CXA,1
DXA,0
EXA,0
FXA,1
GXA,0
HXA,1
IXA,1
JXA,1
KXA,1
LXA,1
MXA,1
NXA,1
OXA,1
PXA,1
QXA,1
RXA,1
SXA,1
TXA,1
UXA,1
VXA,0
WXA,0
XXA,1
YXA,1
ZXA,1
AYA,1
BYA,1
CYA,1
DYA,1
EYA,1
FYA,1
GYA,1
HYA,1
IYA,1
JYA,1
KYA,0
LYA,0
MYA,0
NYA,0
OYA,0
PYA,0
QYA,0
RYA,0
SYA,0
TYA,0
UYA,0
VYA,0
WYA,0
XYA,0
YYA,0
ZYA,0
AZA,0
BZA,0
CZA,0
DZA,0
EZA,0
FZA,0
GZA,0
HZA,0
IZA,0
JZA,0
KZA,0
LZA,0
MZA,0
NZA,0
OZA,0
PZA,0
QZA,0
RZA,0
SZA,0
TZA,0
UZA,0
VZA,0
WZA,0
XZA,0
YZA,0
ZZA,0
AAB,0
BAB,0
CAB,0
DAB,1
EAB,1
FAB,1
GAB,0
HAB,1
IAB,1
JAB,1
KAB,1
LAB,1
MAB,1
NAB,0
OAB,1
PAB,1
QAB,1
RAB,1
SAB,1
TAB,1
UAB,1
VAB,1
WAB,1
XAB,1
YAB,1
ZAB,1
ABB,1
BBB,1
CBB,1
DBB,1
EBB,1
FBB,1
GBB,1
HBB,1
IBB,1
JBB,1
KBB,0
LBB,1
MBB,1
NBB,0
OBB,1
PBB,0
QBB,1
RBB,1
SBB,1
TBB,0
UBB,1
VBB,1
WBB,1
XBB,1
YBB,0
ZBB,1
ACB,1
BCB,1
CCB,1
DCB,0
ECB,1
FCB,1
GCB,0
HCB,1
ICB,1
JCB,1
KCB,1
LCB,1
MCB,0
NCB,1
OCB,1
PCB,1
QCB,1
RCB,1
SCB,1
TCB,1
UCB,1
VCB,1
WCB,1
XCB,1
YCB,1
ZCB,1
ADB,1
BDB,1
CDB,1
DDB,0
EDB,0
FDB,1
GDB,1
HDB,1
IDB,1
JDB,1
KDB,0
LDB,1
MDB,1
NDB,1
ODB,1
PDB,1
QDB,1
RDB,0
SDB,1
TDB,1
UDB,1
VDB,1
WDB,1
XDB,1
YDB,1
ZDB,1
AEB,1
BEB,1
CEB,1
DEB,0
EEB,1
FEB,0
GEB,1
HEB,1
IEB,1
JEB,1
KEB,0
LEB,1
MEB,0
NEB,1
OEB,1
PEB,1
QEB,0
REB,1
SEB,1
TEB,1
UEB,1
VEB,1
WEB,1
XEB,1
YEB,1
ZEB,1
AFB,0
BFB,1
CFB,1
DFB,1
EFB,1
FFB,0
GFB,0
HFB,1
IFB,1
JFB,1
KFB,1
LFB,1
MFB,1
NFB,1
OFB,1
PFB,1
QFB,1
RFB,1
SFB,1
TFB,1
UFB,1
VFB,1
WFB,1
XFB,1
YFB,1
ZFB,1
AGB,1
BGB,1
CGB,1
DGB,1
EGB,1
FGB,1
GGB,0
HGB,0
IGB,0
JGB,0
KGB,0
LGB,0
MGB,0
NGB,0
OGB,0
PGB,0
QGB,0
RGB,0
SGB,0
TGB,0
UGB,0
VGB,0
WGB,1
XGB,1
YGB,0
ZGB,1
AHB,1
BHB,1
CHB,1
DHB,0
EHB,1
FHB,1
GHB,1
HHB,1
IHB,1
JHB,0
KHB,1
LHB,1
MHB,1
NHB,1
OHB,1
PHB,0
QHB,1
RHB,1
SHB,1
THB,1
UHB,1
VHB,0
WHB,1
XHB,1
YHB,1
ZHB,1
AIB,1
BIB,1
CIB,1
DIB,0
EIB,1
FIB,1
GIB,1
HIB,1
IIB,1
JIB,1
KIB,1
LIB,1
MIB,1
NIB,1
OIB,1
PIB,1
QIB,1
RIB,1
SIB,1
TIB,1
UIB,1
VIB,1
WIB,0
XIB,1
YIB,1
ZIB,1
AJB,0
BJB,1
CJB,1
DJB,1
EJB,0
FJB,1
GJB,1
HJB,1
IJB,1
JJB,1
KJB,1
LJB,1
MJB,1
NJB,1
OJB,1
PJB,1
QJB,1
RJB,0
SJB,1
TJB,0
UJB,1
VJB,1
WJB,1
XJB,0
YJB,1
ZJB,0
AKB,1
BKB,1
CKB,1
DKB,1
EKB,1
FKB,1
GKB,1
HKB,0
IKB,0
JKB,0
KKB,1
LKB,1
MKB,0
NKB,0
OKB,1
PKB,1
QKB,1
RKB,1
SKB,1
TKB,0
UKB,0
VKB,0
WKB,0
XKB,0
YKB,0
ZKB,0
ALB,0
BLB,0
CLB,0
DLB,0
ELB,0
FLB,0
GLB,0
HLB,1
ILB,1
JLB,1
KLB,1
LLB,1
MLB,1
NLB,0
OLB,0
PLB,0
QLB,0
RLB,1
SLB,1
TLB,1
ULB,1
VLB,1
WLB,0
XLB,1
YLB,1
ZLB,1
AMB,1
BMB,1
CMB,0
DMB,1
EMB,1
FMB,1
GMB,1
HMB,1
IMB,1
JMB,1
KMB,1
LMB,1
MMB,1
NMB,1
OMB,1
PMB,0
QMB,1
RMB,1
SMB,1
TMB,1
UMB,1
VMB,1
WMB,1
XMB,0
YMB,0
ZMB,1
ANB,0
BNB,0
CNB,1
DNB,1
ENB,1
FNB,1
GNB,1
HNB,1
INB,1
JNB,1
KNB,1
LNB,1
MNB,1
NNB,1
ONB,1
PNB,1
QNB,0
RNB,1
SNB,1
TNB,0
UNB,0
VNB,1
WNB,1
XNB,0
YNB,1
ZNB,1
AOB,1
BOB,1
COB,1
DOB,0
EOB,1
FOB,1
GOB,1
HOB,1
IOB,1
JOB,0
KOB,0
LOB,0
MOB,0
NOB,0
OOB,0
POB,0
QOB,0
ROB,0
SOB,0
TOB,0
UOB,1
VOB,1
WOB,1
XOB,1
YOB,1
ZOB,1
APB,1
BPB,1
CPB,1
DPB,1
EPB,1
FPB,1
GPB,1
HPB,1
IPB,0
JPB,0
KPB,0
LPB,0
MPB,0
NPB,0
OPB,0
PPB,0
QPB,0
RPB,0
SPB,0
TPB,0
UPB,0
VPB,0
WPB,0
XPB,0
YPB,0
ZPB,0
AQB,0
BQB,1
CQB,1
DQB,1
EQB,1
FQB,1
GQB,1
HQB,1
IQB,1
JQB,1
KQB,0
LQB,0
MQB,0
NQB,1
OQB,0
PQB,1
QQB,1
RQB,1
SQB,1
TQB,0
UQB,1
VQB,1
WQB,1
XQB,1
YQB,1
ZQB,1
ARB,1
BRB,1
CRB,1
DRB,1
ERB,1
FRB,1
GRB,1
HRB,1
IRB,1
JRB,0
KRB,1
LRB,1
MRB,1
NRB,1
ORB,1
PRB,1
QRB,0
RRB,0
SRB,0
TRB,0
URB,1
VRB,1
WRB,0
XRB,1
YRB,1
ZRB,0
ASB,1
BSB,1
CSB,1
DSB,1
ESB,0
FSB,0
GSB,1
HSB,1
ISB,0
JSB,1
KSB,1
LSB,1
MSB,1
NSB,1
OSB,0
PSB,1
QSB,1
RSB,1
SSB,1
TSB,1
USB,1
VSB,1
WSB,1
XSB,1
YSB,1
ZSB,1
ATB,1
BTB,1
CTB,1
DTB,1
ETB,0
FTB,1
GTB,1
HTB,1
ITB,0
JTB,1
KTB,0
LTB,1
MTB,1
NTB,1
OTB,1
PTB,1
QTB,1
RTB,1
STB,1
TTB,0
UTB,1
VTB,1
WTB,1
XTB,1
YTB,0
ZTB,1
AUB,0
BUB,1
CUB,1
DUB,1
EUB,1
FUB,1
GUB,1
HUB,1
IUB,1
JUB,1
KUB,1
LUB,1
MUB,1
NUB,1
OUB,1
PUB,1
QUB,0
RUB,1
SUB,1
TUB,1
UUB,0
VUB,1
WUB,1
XUB,1
YUB,0
ZUB,1
AVB,1
BVB,1
CVB,1
DVB,0
EVB,0
FVB,1
GVB,1
HVB,1
IVB,1
JVB,1
KVB,1
LVB,1
MVB,1
NVB,1
OVB,1
PVB,1
QVB,1
RVB,1
SVB,1
TVB,1
UVB,1
VVB,0
WVB,1
XVB,1
YVB,1
ZVB,1
AWB,1
BWB,1
CWB,1
DWB,1
EWB,0
FWB,0
GWB,0
HWB,0
IWB,0
JWB,0
KWB,0
LWB,0
MWB,0
NWB,0
OWB,0
PWB,0
QWB,0
RWB,0
SWB,0
TWB,0
UWB,0
VWB,0
WWB,0
XWB,0
YWB,0
ZWB,0
AXB,0
BXB,0
CXB,0
DXB,0
EXB,0
FXB,0
GXB,0
HXB,0
IXB,0
JXB,0
KXB,0
LXB,0
MXB,0
NXB,0
OXB,0
PXB,0
QXB,0
RXB,0
SXB,0
TXB,0
UXB,0
VXB,0
WXB,0
XXB,0
YXB,0
ZXB,0
AYB,0
BYB,0
CYB,0
DYB,0
EYB,0
FYB,0
GYB,1
HYB,1
IYB,1
JYB,1
KYB,1
LYB,1
MYB,1
NYB,1
OYB,1
PYB,1
QYB,1
RYB,0
SYB,1
TYB,1
UYB,1
VYB,1
WYB,1
XYB,0
YYB,0
ZYB,1
AZB,1
BZB,0
CZB,1
DZB,1
EZB,1
FZB,0
GZB,1
HZB,0
IZB,1
JZB,1
KZB,1
LZB,1
MZB,0
NZB,1
OZB,1
PZB,1
QZB,0
RZB,1
SZB,1
TZB,1
UZB,1
VZB,0
WZB,1
XZB,1
YZB,1
ZZB,1
AAC,1
BAC,1
CAC,1
DAC,1
EAC,1
FAC,0
GAC,1
HAC,1
IAC,1
JAC,1
KAC,1
LAC,1
MAC,1
NAC,1
OAC,1
PAC,1
QAC,1
RAC,1
SAC,1
TAC,1
UAC,1
VAC,1
WAC,0
XAC,1
YAC,1
ZAC,1
ABC,1
BBC,1
CBC,1
DBC,1
EBC,1
FBC,1
GBC,1
HBC,1
IBC,1
JBC,1
KBC,1
LBC,1
MBC,0
NBC,0
OBC,0
PBC,0
QBC,1
RBC,1
SBC,1
TBC,1
UBC,0
VBC,1
WBC,0
XBC,0
YBC,0
ZBC,1
ACC,1
BCC,1
CCC,1
DCC,1
ECC,1
FCC,1
GCC,1
HCC,1
ICC,1
JCC,1
KCC,1
LCC,1
MCC,1
NCC,1
OCC,1
PCC,1
QCC,1
RCC,1
SCC,1
TCC,1
UCC,1
VCC,1
WCC,1
XCC,1
YCC,1
ZCC,1
ADC,1
BDC,1
CDC,1
DDC,0
EDC,1
FDC,1
GDC,0
HDC,1
IDC,1
JDC,1
KDC,1
LDC,1
MDC,1
NDC,1
ODC,1
PDC,1
QDC,1
RDC,0
SDC,1
TDC,1
UDC,1
VDC,0
WDC,1
XDC,0
YDC,1
ZDC,0
AEC,1
BEC,1
CEC,0
DEC,0
EEC,0
FEC,0
GEC,0
HEC,0
IEC,0
JEC,0
KEC,0
LEC,0
MEC,0
NEC,0
OEC,0
PEC,0
QEC,0
REC,0
SEC,0
TEC,0
UEC,0
VEC,0
WEC,0
XEC,0
YEC,0
ZEC,0
AFC,0
BFC,0
CFC,0
DFC,0
EFC,0
FFC,0
GFC,0
HFC,0
IFC,0
JFC,0
KFC,1
LFC,1
MFC,1
NFC,1
OFC,1
PFC,1
QFC,0
RFC,1
SFC,1
TFC,0
UFC,1
VFC,1
WFC,0
XFC,1
YFC,1
ZFC,1
AGC,1
BGC,1
CGC,1
DGC,1
EGC,1
FGC,1
GGC,1
HGC,1
IGC,0
JGC,1
KGC,1
LGC,1
MGC,1
NGC,1
OGC,1
PGC,0
QGC,1
RGC,1
SGC,0
TGC,0
UGC,1
VGC,0
WGC,1
XGC,1
YGC,1
ZGC,1
AHC,1
BHC,1
CHC,1
DHC,0
EHC,1
FHC,1
GHC,1
HHC,1
IHC,1
JHC,1
KHC,1
LHC,1
MHC,1
NHC,0
OHC,1
PHC,1
QHC,1
RHC,1
SHC,1
THC,1
UHC,1
VHC,1
WHC,0
XHC,1
YHC,1
ZHC,1
AIC,1
BIC,1
CIC,1
DIC,1
EIC,1
FIC,1
GIC,1
HIC,1
IIC,0
JIC,0
KIC,0
LIC,0
MIC,0
NIC,0
OIC,0
PIC,0
QIC,0
RIC,0
SIC,0
TIC,0
UIC,0
VIC,0
WIC,0
XIC,0
YIC,0
ZIC,0
AJC,0
BJC,0
CJC,0
DJC,1
EJC,1
FJC,0
GJC,1
HJC,0
IJC,1
JJC,0
KJC,1
LJC,0
MJC,0
NJC,1
OJC,0
PJC,1
QJC,1
RJC,1
SJC,1
TJC,1
UJC,1
VJC,1
WJC,1
XJC,1
YJC,1
ZJC,1
AKC,0
BKC,0
CKC,1
DKC,1
EKC,0
FKC,1
GKC,1
HKC,1
IKC,1
JKC,1
KKC,1
LKC,1
MKC,1
NKC,1
OKC,1
PKC,1
QKC,1
RKC,1
SKC,1
TKC,1
UKC,0
VKC,1
WKC,1
XKC,1
YKC,1
ZKC,0
ALC,1
BLC,1
CLC,1
DLC,1
ELC,1
FLC,1
GLC,1
HLC,1
ILC,1
JLC,1
KLC,1
LLC,1
MLC,0
NLC,1
OLC,1
PLC,1
QLC,1
RLC,1
SLC,1
TLC,0
ULC,1
VLC,1
WLC,0
XLC,1
YLC,1
ZLC,1
AMC,1
BMC,1
CMC,1
DMC,1
EMC,0
FMC,1
GMC,1
HMC,1
IMC,1
JMC,0
KMC,0
LMC,0
MMC,0
NMC,0
OMC,0
PMC,1
QMC,1
RMC,0
SMC,1
TMC,0
UMC,1
VMC,0
WMC,1
XMC,1
YMC,0
ZMC,1
ANC,1
BNC,1
CNC,1
DNC,1
ENC,1
FNC,1
GNC,1
HNC,1
INC,1
JNC,0
KNC,1
LNC,1
MNC,1
NNC,1
ONC,1
PNC,0
QNC,0
RNC,0
SNC,0
TNC,0
UNC,0
VNC,0
WNC,0
XNC,0
YNC,0
ZNC,0
AOC,0
BOC,0
COC,0
DOC,0
EOC,0
FOC,0
GOC,0
HOC,0
IOC,0
JOC,0
KOC,0
LOC,0
MOC,0
NOC,0
OOC,0
POC,0
QOC,0
ROC,0
SOC,0
TOC,0
UOC,0
VOC,0
WOC,0
XOC,0
YOC,0
ZOC,0
APC,0
BPC,0
CPC,0
DPC,0
EPC,1
FPC,1
GPC,1
HPC,1
IPC,1
JPC,1
KPC,1
LPC,1
MPC,1
NPC,1
OPC,1
PPC,0
QPC,1
RPC,1
SPC,0
TPC,1
UPC,1
VPC,1
WPC,1
XPC,1
YPC,1
ZPC,1
AQC,1
BQC,0
CQC,1
DQC,1
EQC,1
FQC,1
GQC,0
HQC,0
IQC,1
JQC,0
KQC,1
LQC,1
MQC,1
NQC,1
OQC,1
PQC,1
QQC,1
RQC,1
SQC,1
TQC,1
UQC,1
VQC,1
WQC,1
XQC,0
YQC,1
ZQC,1
ARC,1
BRC,1
CRC,1
DRC,1
ERC,1
FRC,1
GRC,1
HRC,1
IRC,1
JRC,1
KRC,1
LRC,1
MRC,1
NRC,1
ORC,1
PRC,1
QRC,1
RRC,0
SRC,1
TRC,1
URC,1
VRC,1
WRC,0
XRC,1
YRC,1
ZRC,1
ASC,1
BSC,1
CSC,1
DSC,0
ESC,0
FSC,0
GSC,0
HSC,0
ISC,0
JSC,1
KSC,0
LSC,0
MSC,0
NSC,0
OSC,0
PSC,0
QSC,0
RSC,0
SSC,0
TSC,0
USC,0
VSC,0
WSC,0
XSC,0
YSC,0
ZSC,0
ATC,0
BTC,1
CTC,1
DTC,1
ETC,1
FTC,1
GTC,1
HTC,1
ITC,0
JTC,0
KTC,0
LTC,0
MTC,0
NTC,0
OTC,0
PTC,0
QTC,0
RTC,0
STC,0
TTC,0
UTC,0
VTC,0
WTC,1
XTC,1
YTC,1
ZTC,1
AUC,1
BUC,1
CUC,1
DUC,1
EUC,1
FUC,1
GUC,1
HUC,1
IUC,1
JUC,1
KUC,0
LUC,1
MUC,1
NUC,1
OUC,0
PUC,0
QUC,1
RUC,0
SUC,0
TUC,1
UUC,1
VUC,1
WUC,1
XUC,1
YUC,1
ZUC,1
AVC,1
BVC,1
CVC,1
DVC,1
EVC,1
FVC,1
GVC,1
HVC,0
IVC,1
JVC,1
KVC,1
LVC,1
MVC,1
NVC,1
OVC,1
PVC,1
QVC,1
RVC,0
SVC,1
TVC,1
UVC,0
VVC,1
WVC,1
XVC,1
YVC,1
ZVC,0
AWC,1
BWC,1
CWC,1
DWC,1
EWC,1
FWC,1
GWC,1
HWC,0
IWC,1
JWC,1
KWC,1
LWC,1
MWC,1
NWC,1
OWC,1
PWC,1
QWC,1
RWC,0
SWC,1
TWC,0
UWC,0
VWC,1
WWC,1
XWC,1
YWC,1
ZWC,1
AXC,1
BXC,1
CXC,1
DXC,1
EXC,1
FXC,1
GXC,1
HXC,1
IXC,1
JXC,1
KXC,1
LXC,1
MXC,1
NXC,0
OXC,0
PXC,1
QXC,1
RXC,1
SXC,1
TXC,1
UXC,1
VXC,0
WXC,0
XXC,0
YXC,1
ZXC,1
AYC,0
BYC,0
CYC,1
DYC,1
EYC,1
FYC,0
GYC,1
HYC,1
IYC,1
JYC,1
KYC,1
LYC,1
MYC,1
NYC,1
OYC,1
PYC,1
QYC,1
RYC,1
SYC,1
TYC,1
UYC,1
VYC,1
WYC,1
XYC,1
YYC,1
ZYC,1
AZC,1
BZC,1
CZC,1
DZC,1
EZC,1
FZC,1
GZC,1
HZC,1
IZC,1
JZC,1
KZC,0
LZC,0
MZC,0
NZC,0
OZC,0
PZC,0
QZC,0
RZC,0
SZC,0
TZC,0
UZC,0
VZC,0
WZC,0
XZC,0
YZC,0
ZZC,0
AAD,0
BAD,0
CAD,0
DAD,0
EAD,0
FAD,0
GAD,1
HAD,0
IAD,0
JAD,0
KAD,0
LAD,0
MAD,0
NAD,0
OAD,0
PAD,0
QAD,0
RAD,0
SAD,0
TAD,0
UAD,0
VAD,0
WAD,0
XAD,1
YAD,1
ZAD,0
ABD,1
BBD,1
CBD,1
DBD,0
EBD,1
FBD,1
GBD,1
HBD,1
IBD,1
JBD,1
KBD,1
LBD,1
MBD,1
NBD,1
OBD,0
PBD,1
QBD,0
RBD,1
SBD,1
TBD,0
UBD,1
VBD,1
WBD,1
XBD,1
YBD,1
ZBD,1
ACD,1
BCD,0
CCD,1
DCD,1
ECD,1
FCD,0
GCD,1
HCD,1
ICD,1
JCD,1
KCD,1
LCD,1
MCD,1
NCD,1
OCD,1
PCD,1
QCD,1
RCD,1
SCD,1
TCD,1
UCD,1
VCD,1
WCD,1
XCD,1
YCD,1
ZCD,1
ADD,1
BDD,0
CDD,1
DDD,0
EDD,1
FDD,1
GDD,1
HDD,1
IDD,1
JDD,1
KDD,1
LDD,0
MDD,1
NDD,1
ODD,1
PDD,1
QDD,1
RDD,1
SDD,1
TDD,1
UDD,1
VDD,1
WDD,1
XDD,1
YDD,1
ZDD,1
AED,1
BED,1
CED,1
DED,1
EED,1
FED,1
GED,1
HED,1
IED,0
JED,0
KED,1
LED,0
MED,1
NED,1
OED,0
PED,1
QED,1
RED,1
SED,1
TED,1
UED,0
VED,1
WED,1
XED,1
YED,1
ZED,1
AFD,1
BFD,1
CFD,0
DFD,1
EFD,1
FFD,0
GFD,1
HFD,1
IFD,1
JFD,1
KFD,1
LFD,1
MFD,1
NFD,1
OFD,1
PFD,1
QFD,0
RFD,1
SFD,1
TFD,1
UFD,1
VFD,1
WFD,1
XFD,1
YFD,1
ZFD,1
AGD,1
BGD,1
CGD,1
DGD,1
EGD,0
FGD,0
GGD,0
HGD,0
IGD,0
JGD,0
KGD,0
LGD,0
MGD,0
NGD,0
OGD,0
PGD,0
QGD,0
RGD,0
SGD,0
TGD,0
UGD,0
VGD,0
WGD,0
XGD,0
YGD,0
ZGD,0
AHD,0
BHD,0
CHD,0
DHD,0
EHD,0
FHD,0
GHD,0
HHD,0
IHD,0
JHD,0
KHD,0
LHD,0
MHD,0
NHD,1
OHD,1
PHD,1
QHD,1
RHD,1
SHD,1
THD,1
UHD,1
VHD,1
WHD,1
XHD,0
YHD,1
ZHD,1
AID,1
BID,1
CID,1
DID,1
EID,1
FID,1
GID,0
HID,1
IID,1
JID,1
KID,1
LID,1
MID,1
NID,1
OID,1
PID,1
QID,1
RID,1
SID,1
TID,1
UID,1
VID,1
WID,1
XID,1
YID,0
ZID,1
AJD,1
BJD,1
CJD,1
DJD,1
EJD,1
FJD,1
GJD,1
HJD,1
IJD,1
JJD,1
KJD,1
LJD,1
MJD,1
NJD,1
OJD,1
PJD,1
QJD,1
RJD,1
SJD,1
TJD,1
UJD,0
VJD,1
WJD,1
XJD,1
YJD,1
ZJD,1
AKD,1
BKD,1
CKD,1
DKD,1
EKD,1
FKD,1
GKD,1
HKD,1
IKD,1
JKD,1
KKD,1
LKD,1
MKD,1
NKD,1
OKD,1
PKD,1
QKD,1
RKD,0
SKD,0
TKD,1
UKD,1
VKD,1
WKD,1
XKD,1
YKD,1
ZKD,1
ALD,1
BLD,1
CLD,1
DLD,1
ELD,1
FLD,0
GLD,1
HLD,1
ILD,1
JLD,0
KLD,0
LLD,0
MLD,0
NLD,0
OLD,1
PLD,0
QLD,0
RLD,0
SLD,0
TLD,1
ULD,1
VLD,1
WLD,1
XLD,1
YLD,1
ZLD,0
AMD,1
BMD,1
CMD,1
DMD,1
EMD,1
FMD,1
GMD,1
HMD,1
IMD,0
JMD,1
KMD,1
LMD,1
MMD,1
NMD,1
OMD,0
PMD,1
QMD,0
RMD,1
SMD,1
TMD,1
UMD,0
VMD,1
WMD,1
XMD,1
YMD,1
ZMD,1
AND,1
BND,1
CND,1
DND,1
END,1
FND,1
GND,1
HND,1
IND,1
JND,1
KND,1
LND,1
MND,1
NND,1
OND,1
PND,1
QND,1
RND,1
SND,1
TND,1
UND,1
VND,1
WND,1
XND,1
YND,1
ZND,1
AOD,1
BOD,1
COD,1
DOD,1
EOD,1
FOD,1
GOD,1
HOD,0
IOD,1
JOD,1
KOD,0
LOD,1
MOD,0
NOD,1
OOD,1
POD,1
QOD,1
ROD,1
SOD,1
TOD,1
UOD,1
VOD,1
WOD,1
XOD,1
YOD,1
ZOD,1
APD,1
BPD,1
CPD,1
DPD,1
EPD,1
FPD,1
GPD,1
HPD,1
IPD,1
JPD,1
KPD,1
LPD,1
MPD,1
NPD,1
OPD,1
PPD,1
QPD,1
RPD,1
SPD,1
TPD,1
UPD,1
VPD,1
WPD,1
XPD,1
YPD,1
ZPD,1
AQD,1
BQD,1
CQD,1
DQD,1
EQD,0
FQD,1
GQD,1
HQD,1
IQD,1
JQD,1
KQD,0
LQD,1
MQD,1
NQD,1
OQD,0
PQD,0
QQD,1
RQD,0
SQD,1
TQD,1
UQD,1
VQD,1
WQD,1
XQD,0
YQD,1
ZQD,1
ARD,1
BRD,1
CRD,1
DRD,1
ERD,1
FRD,1
GRD,0
HRD,1
IRD,1
JRD,1
KRD,1
LRD,1
MRD,1
NRD,1
ORD,1
PRD,1
QRD,0
RRD,0
SRD,1
TRD,0
URD,0
VRD,1
WRD,1
XRD,1
YRD,0
ZRD,1
ASD,1
BSD,1
CSD,1
DSD,0
ESD,0
FSD,0
GSD,0
HSD,0
ISD,0
JSD,0
KSD,0
LSD,0
MSD,0
NSD,0
OSD,0
PSD,0
QSD,0
RSD,0
SSD,0
TSD,0
USD,1
VSD,1
WSD,1
XSD,0
YSD,1
ZSD,1
ATD,1
BTD,0
CTD,1
DTD,1
ETD,1
FTD,1
GTD,1
HTD,1
ITD,1
JTD,1
KTD,1
LTD,1
MTD,1
NTD,1
OTD,1
PTD,1
QTD,1
RTD,1
STD,1
TTD,1
UTD,0
VTD,1
WTD,1
XTD,1
YTD,0
ZTD,1
AUD,1
BUD,0
CUD,0
DUD,1
EUD,1
FUD,1
GUD,1
HUD,1
IUD,1
JUD,1
KUD,1
LUD,1
MUD,1
NUD,1
OUD,1
PUD,1
QUD,1
RUD,1
SUD,1
TUD,1
UUD,1
VUD,1
WUD,1
XUD,1
YUD,1
ZUD,1
AVD,1
BVD,1
CVD,1
DVD,1
EVD,0
FVD,1
GVD,0
HVD,1
IVD,1
JVD,1
KVD,1
LVD,1
MVD,0
NVD,1
OVD,1
PVD,1
QVD,1
RVD,1
SVD,1
TVD,1
UVD,0
VVD,1
WVD,0
XVD,0
YVD,0
ZVD,0
AWD,0
BWD,0
CWD,0
DWD,0
EWD,0
FWD,0
GWD,0
HWD,0
IWD,0
JWD,0
KWD,0
LWD,0
MWD,0
NWD,0
OWD,1
PWD,1
QWD,1
RWD,1
SWD,1
TWD,1
UWD,1
VWD,1
WWD,1
XWD,1
YWD,1
ZWD,0
AXD,1
BXD,1
CXD,1
DXD,0
EXD,1
FXD,1
GXD,1
HXD,1
IXD,1
JXD,0
KXD,0
LXD,1
MXD,0
NXD,1
OXD,1
PXD,1
QXD,1
RXD,1
SXD,1
TXD,1
UXD,0
VXD,1
WXD,1
XXD,1
YXD,1
ZXD,1
AYD,1
BYD,0
CYD,1
DYD,1
EYD,1
FYD,1
GYD,1
HYD,1
IYD,1
JYD,0
KYD,0
LYD,1
MYD,1
NYD,1
OYD,1
PYD,1
QYD,1
RYD,1
SYD,1
TYD,0
UYD,0
VYD,0
WYD,0
XYD,1
YYD,0
ZYD,1
AZD,1
BZD,1
CZD,1
DZD,1
EZD,1
FZD,0
GZD,1
HZD,1
IZD,1
JZD,1
KZD,1
LZD,1
MZD,1
NZD,1
OZD,1
PZD,1
QZD,1
RZD,1
SZD,1
TZD,1
UZD,1
VZD,1
WZD,1
XZD,1
YZD,1
ZZD,1
AAE,0
BAE,1
CAE,1
DAE,1
EAE,1
FAE,0
GAE,1
HAE,1
IAE,1
JAE,1
KAE,1
LAE,1
MAE,1
NAE,1
OAE,1
PAE,0
QAE,1
RAE,0
SAE,1
TAE,1
UAE,1
VAE,1
WAE,1
XAE,1
YAE,1
ZAE,1
ABE,1
BBE,1
CBE,1
DBE,1
EBE,1
FBE,1
GBE,1
HBE,1
IBE,1
JBE,1
KBE,1
LBE,1
MBE,1
NBE,1
OBE,0
PBE,0
QBE,1
RBE,1
SBE,1
TBE,1
UBE,0
VBE,1
WBE,1
XBE,1
YBE,1
ZBE,1
ACE,1
BCE,1
CCE,1
DCE,1
ECE,1
FCE,1
GCE,1
HCE,1
ICE,0
JCE,1
KCE,0
LCE,1
MCE,1
NCE,1
OCE,1
PCE,1
QCE,1
RCE,0
SCE,1
TCE,1
UCE,1
VCE,1
WCE,1
XCE,1
YCE,1
ZCE,1
ADE,1
BDE,1
CDE,1
DDE,1
EDE,1
FDE,1
GDE,1
HDE,1
IDE,1
JDE,0
KDE,1
LDE,1
MDE,1
NDE,1
ODE,1
PDE,1
QDE,1
RDE,0
SDE,1
TDE,0
UDE,0
VDE,1
WDE,0
XDE,1
YDE,0
ZDE,1
AEE,1
BEE,1
CEE,1
DEE,1
EEE,1
FEE,0
GEE,0
HEE,0
IEE,0
JEE,0
KEE,0
LEE,0
MEE,0
NEE,0
OEE,0
PEE,0
QEE,0
REE,0
SEE,0
TEE,1
UEE,0
VEE,0
WEE,0
XEE,0
YEE,0
ZEE,0
AFE,0
BFE,1
CFE,0
DFE,1
EFE,0
FFE,1
GFE,1
HFE,1
IFE,1
JFE,1
KFE,1
LFE,0
MFE,1
NFE,0
OFE,1
PFE,0
QFE,1
RFE,0
SFE,1
TFE,1
UFE,1
VFE,1
WFE,1
XFE,1
YFE,1
ZFE,1
AGE,1
BGE,0
CGE,1
DGE,1
EGE,1
FGE,1
GGE,1
HGE,1
IGE,1
JGE,1
KGE,1
LGE,1
MGE,1
NGE,0
OGE,0
PGE,1
QGE,1
RGE,0
SGE,1
TGE,0
UGE,1
VGE,1
WGE,0
XGE,1
YGE,1
ZGE,1
AHE,1
BHE,1
CHE,1
DHE,1
EHE,1
FHE,0
GHE,1
HHE,1
IHE,1
JHE,1
KHE,1
LHE,1
MHE,1
NHE,1
OHE,1
PHE,1
QHE,1
RHE,1
SHE,1
THE,0
UHE,1
VHE,1
WHE,1
XHE,1
YHE,1
ZHE,1
AIE,1
BIE,1
CIE,1
DIE,1
EIE,1
FIE,1
GIE,1
HIE,1
IIE,1
JIE,0
KIE,1
LIE,0
MIE,1
NIE,1
OIE,1
PIE,1
QIE,1
RIE,0
SIE,1
TIE,1
UIE,1
VIE,0
WIE,1
XIE,0
YIE,0
ZIE,1
AJE,1
BJE,1
CJE,1
DJE,0
EJE,1
FJE,1
GJE,1
HJE,1
IJE,1
JJE,1
KJE,1
LJE,0
MJE,1
NJE,1
OJE,1
PJE,0
QJE,0
RJE,0
SJE,0
TJE,0
UJE,0
VJE,0
WJE,0
XJE,0
YJE,0
ZJE,0
AKE,0
BKE,0
CKE,0
DKE,0
EKE,0
FKE,0
GKE,0
HKE,0
IKE,0
JKE,0
KKE,0
LKE,0
MKE,0
NKE,0
OKE,0
PKE,0
QKE,0
RKE,0
SKE,0
TKE,0
UKE,0
VKE,0
WKE,0
XKE,0
YKE,0
ZKE,0
ALE,0
BLE,0
CLE,0
DLE,0
ELE,0
FLE,0
GLE,0
HLE,0
ILE,0
JLE,0
KLE,0
LLE,0
MLE,0
NLE,0
OLE,1
PLE,1
QLE,1
RLE,1
SLE,1
TLE,1
ULE,1
VLE,1
WLE,0
XLE,1
YLE,1
ZLE,1
AME,1
BME,1
CME,1
DME,1
EME,1
FME,1
GME,1
HME,1
IME,1
JME,1
KME,1
LME,1
MME,1
NME,1
OME,1
PME,0
QME,0
RME,1
SME,1
TME,0
UME,1
VME,1
WME,1
XME,1
YME,1
ZME,1
ANE,1
BNE,1
CNE,1
DNE,1
ENE,1
FNE,1
GNE,1
HNE,1
INE,0
JNE,1
KNE,1
LNE,1
MNE,1
NNE,1
ONE,1
PNE,1
QNE,1
RNE,1
SNE,0
TNE,1
UNE,1
VNE,1
WNE,1
XNE,1
YNE,1
ZNE,1
AOE,1
BOE,1
COE,1
DOE,1
EOE,1
FOE,1
GOE,1
HOE,1
IOE,0
JOE,1
KOE,1
LOE,1
MOE,0
NOE,0
OOE,0
POE,0
QOE,0
ROE,1
SOE,1
TOE,1
UOE,0
VOE,1
WOE,1
XOE,1
YOE,1
ZOE,1
APE,1
BPE,1
CPE,1
DPE,1
EPE,1
FPE,1
GPE,1
HPE,1
IPE,1
JPE,1
KPE,1
LPE,1
MPE,1
NPE,1
OPE,1
PPE,1
QPE,1
RPE,1
SPE,0
TPE,1
UPE,1
VPE,1
WPE,1
XPE,1
YPE,1
ZPE,1
AQE,1
BQE,1
CQE,1
DQE,1
EQE,1
FQE,1
GQE,0
HQE,1
IQE,0
JQE,1
KQE,1
LQE,1
MQE,1
NQE,1
OQE,1
PQE,1
QQE,1
RQE,1
SQE,1
TQE,1
UQE,1
VQE,1
WQE,1
XQE,1
YQE,1
ZQE,0
ARE,1
BRE,1
CRE,1
DRE,0
ERE,1
FRE,1
GRE,1
HRE,0
IRE,0
JRE,0
KRE,0
LRE,1
MRE,1
NRE,1
ORE,1
PRE,1
QRE,1
RRE,1
SRE,1
TRE,1
URE,0
VRE,1
WRE,1
XRE,1
YRE,1
ZRE,1
ASE,1
BSE,1
CSE,1
DSE,1
ESE,1
FSE,1
GSE,0
HSE,1
ISE,1
JSE,0
KSE,0
LSE,0
MSE,1
NSE,1
OSE,1
PSE,0
QSE,0
RSE,0
SSE,0
TSE,0
USE,0
VSE,0
WSE,0
XSE,0
YSE,0
ZSE,0
ATE,0
BTE,0
CTE,0
DTE,0
ETE,0
FTE,0
GTE,0
HTE,0
ITE,0
JTE,0
KTE,0
LTE,0
MTE,0
NTE,0
OTE,0
PTE,0
QTE,0
RTE,0
STE,0
TTE,0
UTE,0
VTE,0
WTE,0
XTE,0
YTE,0
ZTE,0
AUE,0
BUE,1
CUE,1
DUE,1
EUE,1
FUE,0
GUE,1
HUE,1
IUE,1
JUE,1
KUE,0
LUE,0
MUE,1
NUE,1
OUE,0
PUE,0
QUE,1
RUE,1
SUE,0
TUE,1
UUE,1
VUE,1
WUE,0
XUE,0
YUE,1
ZUE,1
AVE,1
BVE,1
CVE,1
DVE,1
EVE,1
FVE,1
GVE,1
HVE,0
IVE,1
JVE,1
KVE,1
LVE,1
MVE,1
NVE,0
OVE,1
PVE,0
QVE,1
RVE,1
SVE,0
TVE,1
UVE,1
VVE,1
WVE,1
XVE,1
YVE,1
ZVE,1
AWE,1
BWE,0
CWE,0
DWE,1
EWE,1
FWE,1
GWE,1
HWE,0
IWE,1
JWE,1
KWE,1
LWE,1
MWE,1
NWE,1
OWE,1
PWE,1
QWE,0
RWE,1
SWE,0
TWE,1
UWE,1
VWE,1
WWE,1
XWE,1
YWE,1
ZWE,1
AXE,1
BXE,1
CXE,1
DXE,1
EXE,1
FXE,0
GXE,1
HXE,1
IXE,0
JXE,0
KXE,1
LXE,0
MXE,0
NXE,1
OXE,0
PXE,0
QXE,0
RXE,0
SXE,0
TXE,1
UXE,1
VXE,0
WXE,1
XXE,0
YXE,0
ZXE,0
AYE,0
BYE,0
CYE,0
DYE,1
EYE,1
FYE,0
GYE,0
HYE,1
IYE,1
JYE,1
KYE,1
LYE,0
MYE,1
NYE,1
OYE,1
PYE,0
QYE,1
RYE,1
SYE,1
TYE,1
UYE,1
VYE,1
WYE,1
XYE,0
YYE,0
ZYE,1
AZE,1
BZE,1
CZE,1
DZE,1
EZE,1
FZE,1
GZE,0
HZE,0
IZE,0
JZE,1
KZE,1
LZE,1
MZE,0
NZE,1
OZE,1
PZE,1
QZE,1
RZE,0
SZE,0
TZE,1
UZE,1
VZE,1
WZE,1
XZE,0
YZE,1
ZZE,1
AAF,0
BAF,1
CAF,1
DAF,0
EAF,1
FAF,1
GAF,1
HAF,1
IAF,0
JAF,1
KAF,1
LAF,1
MAF,1
NAF,1
OAF,1
PAF,1
QAF,1
RAF,1
SAF,0
TAF,0
UAF,0
VAF,0
WAF,0
XAF,1
YAF,0
ZAF,0
ABF,0
BBF,0
CBF,0
DBF,1
EBF,0
FBF,0
GBF,0
HBF,0
IBF,0
JBF,0
KBF,0
LBF,0
MBF,0
NBF,0
OBF,0
PBF,1
QBF,0
RBF,0
SBF,0
TBF,0
UBF,0
VBF,0
WBF,0
XBF,0
YBF,1
ZBF,1
ACF,0
BCF,0
CCF,0
DCF,0
ECF,1
FCF,0
GCF,0
HCF,0
ICF,0
JCF,0
KCF,0
LCF,1
MCF,0
NCF,1
OCF,1
PCF,1
QCF,1
RCF,1
SCF,1
TCF,1
UCF,1
VCF,1
WCF,1
XCF,1
YCF,1
ZCF,1
ADF,1
BDF,1
CDF,0
DDF,0
EDF,0
FDF,0
GDF,1
HDF,1
IDF,1
JDF,1
KDF,1
LDF,1
MDF,1
NDF,0
ODF,1
PDF,0
QDF,1
RDF,1
SDF,1
TDF,1
UDF,1
VDF,1
WDF,1
XDF,1
YDF,1
ZDF,0
AEF,1
BEF,1
CEF,1
DEF,1
EEF,1
FEF,1
GEF,1
HEF,1
IEF,1
JEF,0
KEF,0
LEF,0
MEF,1
NEF,1
OEF,1
PEF,1
QEF,1
REF,1
SEF,1
TEF,0
UEF,1
VEF,1
WEF,1
XEF,1
YEF,0
ZEF,1
AFF,1
BFF,1
CFF,1
DFF,1
EFF,1
FFF,1
GFF,1
HFF,1
IFF,1
JFF,1
KFF,1
LFF,0
MFF,1
NFF,1
OFF,0
PFF,0
QFF,1
RFF,0
SFF,1
TFF,1
UFF,1
VFF,1
WFF,1
XFF,1
YFF,1
ZFF,1
AGF,1
BGF,1
CGF,1
DGF,1
EGF,1
FGF,1
GGF,1
HGF,0
IGF,0
JGF,1
KGF,1
LGF,1
MGF,1
NGF,0
OGF,1
PGF,1
QGF,1
RGF,1
SGF,0
TGF,1
UGF,0
VGF,1
WGF,0
XGF,1
YGF,1
ZGF,1
AHF,0
BHF,0
CHF,1
DHF,1
EHF,1
FHF,1
GHF,1
HHF,1
IHF,1
JHF,1
KHF,1
LHF,1
MHF,1
NHF,1
OHF,1
PHF,1
QHF,1
RHF,1
SHF,1
THF,1
UHF,1
VHF,1
WHF,1
XHF,1
YHF,1
ZHF,1
AIF,0
BIF,1
CIF,1
DIF,1
EIF,1
FIF,0
GIF,1
HIF,1
IIF,0
JIF,0
KIF,0
LIF,1
MIF,1
NIF,1
OIF,1
PIF,1
QIF,1
RIF,0
SIF,1
TIF,1
UIF,1
VIF,1
WIF,1
XIF,1
YIF,1
ZIF,1
AJF,1
BJF,0
CJF,1
DJF,1
EJF,0
FJF,0
GJF,0
HJF,0
IJF,1
JJF,0
KJF,0
LJF,0
MJF,0
NJF,0
OJF,0
PJF,0
QJF,0
RJF,1
SJF,0
TJF,0
UJF,0
VJF,0
WJF,0
XJF,0
YJF,0
ZJF,0
AKF,0
BKF,1
CKF,0
DKF,0
EKF,0
FKF,0
GKF,0
HKF,0
IKF,1
JKF,1
KKF,1
LKF,1
MKF,1
NKF,0
OKF,1
PKF,0
QKF,1
RKF,1
SKF,1
TKF,1
UKF,1
VKF,1
WKF,0
XKF,1
YKF,1
ZKF,0
ALF,1
BLF,1
CLF,1
DLF,1
ELF,1
FLF,1
GLF,1
HLF,1
ILF,1
JLF,1
KLF,1
LLF,0
MLF,1
NLF,1
OLF,0
PLF,0
QLF,1
RLF,1
SLF,0
TLF,1
ULF,1
VLF,1
WLF,1
XLF,1
YLF,1
ZLF,1
AMF,0
BMF,0
CMF,1
DMF,1
EMF,0
FMF,1
GMF,1
HMF,1
IMF,1
JMF,0
KMF,1
LMF,0
MMF,1
NMF,1
OMF,1
PMF,1
QMF,1
RMF,0
SMF,1
TMF,1
UMF,1
VMF,1
WMF,1
XMF,1
YMF,0
ZMF,1
ANF,1
BNF,1
CNF,0
DNF,1
ENF,1
FNF,1
GNF,1
HNF,1
INF,1
JNF,0
KNF,1
LNF,1
MNF,0
NNF,1
ONF,1
PNF,1
QNF,1
RNF,1
SNF,1
TNF,1
UNF,0
VNF,1
WNF,1
XNF,1
YNF,1
ZNF,1
AOF,1
BOF,0
COF,0
DOF,0
EOF,0
FOF,0
GOF,0
HOF,0
IOF,0
JOF,0
KOF,0
LOF,0
MOF,0
NOF,0
OOF,0
POF,0
QOF,0
ROF,0
SOF,0
TOF,0
UOF,0
VOF,0
WOF,0
XOF,0
YOF,0
ZOF,0
APF,0
BPF,0
CPF,0
DPF,0
EPF,0
FPF,0
GPF,0
HPF,0
IPF,0
JPF,0
KPF,0
LPF,0
MPF,0
NPF,0
OPF,0
PPF,1
QPF,1
RPF,1
SPF,1
TPF,0
UPF,0
VPF,1
WPF,1
XPF,1
YPF,1
ZPF,0
AQF,1
BQF,1
CQF,1
DQF,1
EQF,1
FQF,1
GQF,1
HQF,0
IQF,1
JQF,0
KQF,1
LQF,1
MQF,1
NQF,1
OQF,1
PQF,1
QQF,1
RQF,1
SQF,0
TQF,1
UQF,1
VQF,1
WQF,1
XQF,1
YQF,1
ZQF,0
ARF,1
BRF,1
CRF,1
DRF,1
ERF,1
FRF,1
GRF,1
HRF,1
IRF,0
JRF,1
KRF,1
LRF,1
MRF,1
NRF,1
ORF,1
PRF,0
QRF,0
RRF,0
SRF,1
TRF,1
URF,0
VRF,1
WRF,1
XRF,1
YRF,1
ZRF,1
ASF,0
BSF,1
CSF,1
DSF,1
ESF,1
FSF,0
GSF,1
HSF,1
ISF,1
JSF,1
KSF,1
LSF,1
MSF,1
NSF,1
OSF,1
PSF,1
QSF,0
RSF,0
SSF,0
TSF,0
USF,0
VSF,0
WSF,0
XSF,0
YSF,0
ZSF,0
ATF,0
BTF,0
CTF,0
DTF,0
ETF,0
FTF,0
GTF,0
HTF,1
ITF,0
JTF,0
KTF,0
LTF,0
MTF,1
NTF,1
OTF,1
PTF,1
QTF,1
RTF,1
STF,1
TTF,1
UTF,1
VTF,1
WTF,1
XTF,1
YTF,0
ZTF,1
AUF,1
BUF,1
CUF,1
DUF,1
EUF,1
FUF,1
GUF,1
HUF,1
IUF,1
JUF,0
KUF,0
LUF,0
MUF,0
NUF,1
OUF,1
PUF,1
QUF,1
RUF,1
SUF,0
TUF,1
UUF,1
VUF,1
WUF,1
XUF,1
YUF,1
ZUF,1
AVF,1
BVF,1
CVF,1
DVF,1
EVF,1
FVF,1
GVF,1
HVF,1
IVF,0
JVF,1
KVF,1
LVF,1
MVF,0
NVF,1
OVF,1
PVF,1
QVF,0
RVF,1
SVF,1
TVF,1
UVF,1
VVF,1
WVF,1
XVF,1
YVF,0
ZVF,0
AWF,1
BWF,1
CWF,1
DWF,1
EWF,1
FWF,1
GWF,1
HWF,1
IWF,1
JWF,1
KWF,1
LWF,0
MWF,1
NWF,1
OWF,1
PWF,1
QWF,1
RWF,0
SWF,1
TWF,1
UWF,0
VWF,1
WWF,1
XWF,1
YWF,1
ZWF,1
AXF,1
BXF,1
CXF,1
DXF,1
EXF,1
FXF,1
GXF,0
HXF,0
IXF,1
JXF,1
KXF,1
LXF,1
MXF,1
NXF,1
OXF,1
PXF,1
QXF,1
RXF,0
SXF,0
TXF,1
UXF,0
VXF,1
WXF,0
XXF,0
YXF,1
ZXF,1
AYF,1
BYF,1
CYF,1
DYF,1
EYF,1
FYF,1
GYF,1
HYF,0
IYF,0
JYF,0
KYF,0
LYF,0
MYF,0
NYF,0
OYF,0
PYF,0
QYF,0
RYF,0
SYF,0
TYF,0
UYF,0
VYF,0
WYF,0
XYF,0
YYF,0
ZYF,0
AZF,0
BZF,0
CZF,1
DZF,0
EZF,1
FZF,1
GZF,1
HZF,1
IZF,1
JZF,1
KZF,1
LZF,1
MZF,0
NZF,1
OZF,1
PZF,1
QZF,1
RZF,1
SZF,0
TZF,1
UZF,1
VZF,1
WZF,1
XZF,1
YZF,1
ZZF,1
AAG,0
BAG,1
CAG,1
DAG,1
EAG,1
FAG,1
GAG,1
HAG,1
IAG,1
JAG,1
KAG,1
LAG,1
MAG,1
NAG,1
OAG,0
PAG,1
QAG,1
RAG,1
SAG,0
TAG,1
UAG,0
VAG,1
WAG,1
XAG,1
YAG,1
ZAG,0
ABG,1
BBG,1
CBG,1
DBG,1
EBG,0
FBG,1
GBG,1
HBG,0
IBG,1
JBG,1
KBG,1
LBG,1
MBG,1
NBG,1
OBG,1
PBG,1
QBG,1
RBG,1
SBG,1
TBG,1
UBG,0
VBG,1
WBG,0
XBG,0
YBG,0
ZBG,0
ACG,0
BCG,0
CCG,0
DCG,1
ECG,1
FCG,1
GCG,1
HCG,1
ICG,1
JCG,1
KCG,1
LCG,1
MCG,1
NCG,1
OCG,1
PCG,1
QCG,1
RCG,1
SCG,0
TCG,1
UCG,1
VCG,1
WCG,1
XCG,1
YCG,1
ZCG,1
ADG,0
BDG,1
CDG,1
DDG,1
EDG,1
FDG,1
GDG,0
HDG,0
IDG,0
JDG,0
KDG,0
LDG,0
MDG,0
NDG,1
ODG,1
PDG,1
QDG,1
RDG,0
SDG,1
TDG,1
UDG,1
VDG,1
WDG,1
XDG,1
YDG,1
ZDG,1
AEG,0
BEG,1
CEG,1
DEG,1
EEG,1
FEG,0
GEG,1
HEG,0
IEG,1
JEG,1
KEG,1
LEG,0
MEG,1
NEG,1
OEG,1
PEG,1
QEG,1
REG,1
SEG,1
TEG,1
UEG,1
VEG,1
WEG,1
XEG,1
YEG,1
ZEG,1
AFG,1
BFG,1
CFG,1
DFG,1
EFG,0
FFG,0
GFG,1
HFG,1
IFG,1
JFG,1
KFG,1
LFG,1
MFG,1
NFG,1
OFG,1
PFG,1
QFG,1
RFG,1
SFG,1
TFG,1
UFG,1
VFG,0
WFG,1
XFG,1
YFG,1
ZFG,1
AGG,1
BGG,0
CGG,1
DGG,1
EGG,1
FGG,1
GGG,1
HGG,1
IGG,0
JGG,1
KGG,1
LGG,1
MGG,1
NGG,0
OGG,1
PGG,1
QGG,0
RGG,1
SGG,1
TGG,1
UGG,1
VGG,1
WGG,1
XGG,1
YGG,1
ZGG,1
AHG,1
BHG,1
CHG,1
DHG,0
EHG,1
FHG,1
GHG,1
HHG,1
IHG,0
JHG,1
KHG,1
LHG,1
MHG,1
NHG,1
OHG,1
PHG,1
QHG,1
RHG,0
SHG,0
THG,0
UHG,1
VHG,1
WHG,1
XHG,1
YHG,1
ZHG,0
AIG,1
BIG,1
CIG,0
DIG,1
EIG,1
FIG,1
GIG,1
HIG,1
IIG,1
JIG,1
KIG,0
LIG,0
MIG,0
NIG,0
OIG,0
PIG,0
QIG,0
RIG,0
SIG,0
TIG,0
UIG,0
VIG,0
WIG,0
XIG,0
YIG,0
ZIG,0
AJG,0
BJG,0
CJG,0
DJG,0
EJG,0
FJG,0
GJG,0
HJG,0
IJG,0
JJG,0
KJG,0
LJG,0
MJG,0
NJG,0
OJG,1
PJG,0
QJG,0
RJG,0
SJG,0
TJG,0
UJG,0
VJG,0
WJG,0
XJG,0
YJG,0
ZJG,0
AKG,0
BKG,0
CKG,0
DKG,0
EKG,0
FKG,0
GKG,1
HKG,1
IKG,1
JKG,1
KKG,1
LKG,1
MKG,1
NKG,1
OKG,1
PKG,1
QKG,1
RKG,1
SKG,0
TKG,1
UKG,1
VKG,1
WKG,0
XKG,0
YKG,1
ZKG,1
ALG,0
BLG,1
CLG,1
DLG,1
ELG,1
FLG,1
GLG,1
HLG,0
ILG,1
JLG,1
KLG,1
LLG,1
MLG,1
NLG,0
OLG,1
PLG,0
QLG,1
RLG,0
SLG,1
TLG,0
ULG,1
VLG,1
WLG,1
XLG,1
YLG,0
ZLG,1
AMG,1
BMG,0
CMG,1
DMG,1
EMG,1
FMG,1
GMG,0
HMG,0
IMG,0
JMG,1
KMG,0
LMG,1
MMG,1
NMG,0
OMG,1
PMG,0
QMG,1
RMG,1
SMG,1
TMG,1
UMG,1
VMG,1
WMG,0
XMG,1
YMG,1
ZMG,1
ANG,1
BNG,1
CNG,1
DNG,0
ENG,0
FNG,1
GNG,1
HNG,1
ING,1
JNG,1
KNG,0
LNG,0
MNG,0
NNG,1
ONG,1
PNG,1
QNG,1
RNG,0
SNG,0
TNG,1
UNG,1
VNG,1
WNG,1
XNG,1
YNG,1
ZNG,1
AOG,1
BOG,1
COG,1
DOG,1
EOG,1
FOG,1
GOG,1
HOG,1
IOG,1
JOG,1
KOG,0
LOG,0
MOG,1
NOG,1
OOG,1
POG,1
QOG,1
ROG,1
SOG,1
TOG,1
UOG,1
VOG,1
WOG,1
XOG,0
YOG,1
ZOG,1
APG,1
BPG,1
CPG,1
DPG,1
EPG,1
FPG,1
GPG,1
HPG,0
IPG,0
JPG,0
KPG,0
LPG,0
MPG,0
NPG,0
OPG,0
PPG,0
QPG,0
RPG,0
SPG,0
TPG,0
UPG,0
VPG,0
WPG,0
XPG,0
YPG,0
ZPG,0
AQG,0
BQG,0
CQG,0
DQG,0
EQG,0
FQG,0
GQG,0
HQG,0
IQG,0
JQG,0
KQG,0
LQG,0
MQG,0
NQG,0
OQG,1
PQG,0
QQG,0
RQG,0
SQG,0
TQG,0
UQG,0
VQG,0
WQG,0
XQG,0
YQG,0
ZQG,0
ARG,0
BRG,0
CRG,0
DRG,0
ERG,0
FRG,0
GRG,0
HRG,0
IRG,0
JRG,0
KRG,0
LRG,0
MRG,1
NRG,1
ORG,1
PRG,1
QRG,1
RRG,1
SRG,1
TRG,0
URG,0
VRG,1
WRG,1
XRG,0
YRG,1
ZRG,1
ASG,1
BSG,0
CSG,0
DSG,0
ESG,1
FSG,0
GSG,1
HSG,1
ISG,1
JSG,1
KSG,1
LSG,1
MSG,1
NSG,1
OSG,1
PSG,1
QSG,1
RSG,0
SSG,1
TSG,1
USG,1
VSG,1
WSG,1
XSG,1
YSG,1
ZSG,1
ATG,1
BTG,1
CTG,1
DTG,1
ETG,1
FTG,1
GTG,1
HTG,1
ITG,0
JTG,1
KTG,1
LTG,1
MTG,1
NTG,1
OTG,1
PTG,1
QTG,1
RTG,1
STG,1
TTG,1
UTG,1
VTG,1
WTG,1
XTG,1
YTG,1
ZTG,1
AUG,1
BUG,1
CUG,1
DUG,1
EUG,1
FUG,1
GUG,1
HUG,1
IUG,0
JUG,0
KUG,1
LUG,0
MUG,1
NUG,1
OUG,1
PUG,1
QUG,0
RUG,1
SUG,1
TUG,1
UUG,1
VUG,1
WUG,1
XUG,1
YUG,1
ZUG,1
AVG,1
BVG,1
CVG,1
DVG,0
EVG,1
FVG,1
GVG,1
HVG,1
IVG,1
JVG,1
KVG,1
LVG,1
MVG,1
NVG,1
OVG,1
PVG,1
QVG,1
RVG,1
SVG,1
TVG,1
UVG,1
VVG,0
WVG,1
XVG,1
YVG,1
ZVG,0
AWG,0
BWG,0
CWG,1
DWG,1
EWG,1
FWG,1
GWG,1
HWG,1
IWG,0
JWG,1
KWG,1
LWG,1
MWG,1
NWG,1
OWG,1
PWG,1
QWG,1
RWG,1
SWG,1
TWG,1
UWG,1
VWG,1
WWG,1
XWG,0
YWG,0
ZWG,1
AXG,0
BXG,1
CXG,1
DXG,0
EXG,1
FXG,1
GXG,1
HXG,1
IXG,0
JXG,1
KXG,1
LXG,1
MXG,1
NXG,1
OXG,1
PXG,0
QXG,0
RXG,1
SXG,1
TXG,1
UXG,1
VXG,1
WXG,1
XXG,1
YXG,0
ZXG,0
AYG,0
BYG,1
CYG,1
DYG,1
EYG,1
FYG,1
GYG,0
HYG,0
IYG,1
JYG,1
KYG,1
LYG,1
MYG,1
NYG,1
OYG,1
PYG,1
QYG,1
RYG,1
SYG,0
TYG,1
UYG,1
VYG,1
WYG,1
XYG,0
YYG,1
ZYG,1
AZG,1
BZG,1
CZG,1
DZG,1
EZG,1
FZG,1
GZG,1
HZG,1
IZG,1
JZG,1
KZG,1
LZG,1
MZG,1
NZG,1
OZG,1
PZG,1
QZG,0
RZG,1
SZG,1
TZG,0
UZG,0
VZG,1
WZG,1
XZG,1
YZG,1
ZZG,0
AAH,1
BAH,1
CAH,1
DAH,0
EAH,1
FAH,1
GAH,1
HAH,1
IAH,1
JAH,0
KAH,1
LAH,1
MAH,0
NAH,0
OAH,1
PAH,1
QAH,1
RAH,0
SAH,1
TAH,0
UAH,1
VAH,1
WAH,1
XAH,1
YAH,1
ZAH,1
ABH,1
BBH,0
CBH,1
DBH,1
EBH,1
FBH,1
GBH,1
HBH,1
IBH,1
JBH,1
KBH,1
LBH,1
MBH,1
NBH,1
OBH,1
PBH,1
QBH,0
RBH,1
SBH,1
TBH,1
UBH,0
VBH,0
WBH,0
XBH,1
YBH,0
ZBH,0
ACH,0
BCH,0
CCH,0
DCH,0
ECH,0
FCH,0
GCH,0
HCH,0
ICH,0
JCH,0
KCH,0
LCH,0
MCH,0
NCH,0
OCH,0
PCH,0
QCH,0
RCH,1
SCH,1
TCH,0
UCH,1
VCH,1
WCH,1
XCH,1
YCH,1
ZCH,1
ADH,1
BDH,1
CDH,1
DDH,1
EDH,1
FDH,1
GDH,1
HDH,1
IDH,1
JDH,1
KDH,1
LDH,1
MDH,1
NDH,1
ODH,0
PDH,1
QDH,1
RDH,1
SDH,0
TDH,1
UDH,1
VDH,1
WDH,0
XDH,1
YDH,1
ZDH,1
AEH,1
BEH,1
CEH,1
DEH,1
EEH,1
FEH,1
GEH,1
HEH,1
IEH,0
JEH,0
KEH,0
LEH,0
MEH,0
NEH,1
OEH,0
PEH,1
QEH,1
REH,1
SEH,1
TEH,1
UEH,0
VEH,1
WEH,1
XEH,1
YEH,1
ZEH,1
AFH,1
BFH,0
CFH,1
DFH,1
EFH,0
FFH,1
GFH,1
HFH,1
IFH,1
JFH,1
KFH,1
LFH,0
MFH,0
NFH,1
OFH,1
PFH,0
QFH,1
RFH,1
SFH,0
TFH,0
UFH,0
VFH,0
WFH,0
XFH,0
YFH,0
ZFH,0
AGH,0
BGH,0
CGH,0
DGH,0
EGH,0
FGH,0
GGH,0
HGH,0
IGH,1
JGH,0
KGH,1
LGH,1
MGH,1
NGH,0
OGH,0
PGH,1
QGH,1
RGH,1
SGH,1
TGH,1
UGH,0
VGH,0
WGH,0
XGH,0
YGH,1
ZGH,1
AHH,0
BHH,1
CHH,1
DHH,1
EHH,1
FHH,0
GHH,0
HHH,0
IHH,0
JHH,1
KHH,1
LHH,0
MHH,1
NHH,0
OHH,0
PHH,1
QHH,1
RHH,1
SHH,1
THH,1
UHH,1
VHH,0
WHH,0
XHH,0
YHH,1
ZHH,1
AIH,1
BIH,1
CIH,1
DIH,1
EIH,1
FIH,1
GIH,1
HIH,1
IIH,1
JIH,1
KIH,1
LIH,1
MIH,1
NIH,1
OIH,1
PIH,1
QIH,1
RIH,1
SIH,1
TIH,0
UIH,1
VIH,0
WIH,1
XIH,1
YIH,1
ZIH,1
AJH,1
BJH,0
CJH,0
DJH,0
EJH,1
FJH,1
GJH,1
HJH,1
IJH,1
JJH,1
KJH,1
LJH,1
MJH,1
NJH,1
OJH,1
PJH,1
QJH,1
RJH,0
SJH,1
TJH,1
UJH,1
VJH,1
WJH,1
XJH,1
YJH,1
ZJH,1
AKH,1
BKH,1
CKH,0
DKH,1
EKH,0
FKH,0
GKH,1
HKH,1
IKH,1
JKH,1
KKH,1
LKH,1
MKH,1
NKH,1
OKH,1
PKH,1
QKH,1
RKH,1
SKH,1
TKH,0
UKH,1
VKH,1
WKH,0
XKH,0
YKH,0
ZKH,1
ALH,1
BLH,1
CLH,1
DLH,1
ELH,1
FLH,1
GLH,1
HLH,1
ILH,1
JLH,1
KLH,1
LLH,1
MLH,1
NLH,1
OLH,1
PLH,0
QLH,1
RLH,0
SLH,0
TLH,0
ULH,1
VLH,1
WLH,1
XLH,1
YLH,1
ZLH,1
AMH,1
BMH,1
CMH,1
DMH,1
EMH,1
FMH,1
GMH,1
HMH,0
IMH,1
JMH,1
KMH,1
LMH,1
MMH,1
NMH,1
OMH,0
PMH,1
QMH,1
RMH,1
SMH,1
TMH,1
UMH,1
VMH,1
WMH,0
XMH,1
YMH,1
ZMH,0
ANH,0
BNH,1
CNH,0
DNH,1
ENH,1
FNH,1
GNH,1
HNH,1
INH,1
JNH,1
KNH,1
LNH,1
MNH,1
NNH,1
ONH,0
PNH,1
QNH,0
RNH,0
SNH,0
TNH,0
UNH,0
VNH,0
WNH,0
XNH,0
YNH,0
ZNH,0
AOH,0
BOH,0
COH,0
DOH,0
EOH,0
FOH,0
GOH,0
HOH,0
IOH,0
JOH,0
KOH,0
LOH,0
MOH,0
NOH,0
OOH,0
POH,0
QOH,0
ROH,1
SOH,1
TOH,0
UOH,1
VOH,1
WOH,1
XOH,1
YOH,1
ZOH,1
APH,1
BPH,0
CPH,1
DPH,1
EPH,1
FPH,1
GPH,1
HPH,1
IPH,1
JPH,1
KPH,1
LPH,1
MPH,1
NPH,1
OPH,1
PPH,1
QPH,1
RPH,1
SPH,1
TPH,0
UPH,1
VPH,1
WPH,0
XPH,0
YPH,1
ZPH,1
AQH,1
BQH,1
CQH,1
DQH,1
EQH,1
FQH,1
GQH,0
HQH,0
IQH,1
JQH,1
KQH,0
LQH,1
MQH,1
NQH,0
OQH,1
PQH,1
QQH,1
RQH,1
SQH,1
TQH,1
UQH,1
VQH,1
WQH,1
XQH,1
YQH,1
ZQH,1
ARH,1
BRH,1
CRH,0
DRH,1
ERH,0
FRH,1
GRH,1
HRH,1
IRH,1
JRH,1
KRH,0
LRH,1
MRH,1
NRH,1
ORH,1
PRH,1
QRH,1
RRH,1
SRH,1
TRH,0
URH,0
VRH,1
WRH,1
XRH,1
YRH,1
ZRH,1
ASH,1
BSH,0
CSH,1
DSH,1
ESH,1
FSH,1
GSH,0
HSH,1
ISH,1
JSH,1
KSH,1
LSH,1
MSH,1
NSH,1
OSH,1
PSH,1
QSH,1
RSH,1
SSH,1
TSH,0
USH,0
VSH,1
WSH,1
XSH,0
YSH,0
ZSH,1
ATH,0
BTH,0
CTH,0
DTH,0
ETH,0
FTH,0
GTH,0
HTH,0
ITH,0
JTH,0
KTH,0
LTH,0
MTH,0
NTH,0
OTH,1
PTH,0
QTH,0
RTH,0
STH,0
TTH,0
UTH,0
VTH,0
WTH,0
XTH,0
YTH,0
ZTH,0
AUH,0
BUH,0
CUH,0
DUH,0
EUH,0
FUH,0
GUH,0
HUH,0
IUH,0
JUH,0
KUH,0
LUH,0
MUH,0
NUH,0
OUH,0
PUH,0
QUH,0
RUH,0
SUH,0
TUH,0
UUH,0
VUH,0
WUH,0
XUH,0
YUH,0
ZUH,0
AVH,0
BVH,0
CVH,0
DVH,0
EVH,0
FVH,0
GVH,0
HVH,0
IVH,0
JVH,0
KVH,0
LVH,1
MVH,1
NVH,1
OVH,0
PVH,0
QVH,0
RVH,1
SVH,1
TVH,1
UVH,1
VVH,1
WVH,1
XVH,1
YVH,1
ZVH,1
AWH,1
BWH,1
CWH,1
DWH,1
EWH,1
FWH,1
GWH,1
HWH,1
IWH,0
JWH,1
KWH,1
LWH,1
MWH,1
NWH,1
OWH,1
PWH,0
QWH,0
RWH,1
SWH,1
TWH,1
UWH,1
VWH,1
WWH,1
XWH,0
YWH,1
ZWH,1
AXH,1
BXH,1
CXH,1
DXH,1
EXH,1
FXH,1
GXH,1
HXH,1
IXH,1
JXH,1
KXH,0
LXH,1
MXH,0
NXH,1
OXH,1
PXH,1
QXH,1
RXH,0
SXH,1
TXH,0
UXH,1
VXH,1
WXH,1
XXH,1
YXH,1
ZXH,1
AYH,1
BYH,1
CYH,1
DYH,1
EYH,0
FYH,0
GYH,0
HYH,1
IYH,0
JYH,1
KYH,1
LYH,1
MYH,1
NYH,1
OYH,1
PYH,1
QYH,1
RYH,1
SYH,0
TYH,1
UYH,1
VYH,1
WYH,1
XYH,1
YYH,1
ZYH,1
AZH,1
BZH,1
CZH,1
DZH,0
EZH,1
FZH,0
GZH,1
HZH,1
IZH,0
JZH,0
KZH,1
LZH,1
MZH,0
NZH,0
OZH,0
PZH,0
QZH,0
RZH,0
SZH,0
TZH,0
UZH,1
VZH,1
WZH,1
XZH,1
YZH,0
ZZH,1
AAI,1
BAI,1
CAI,0
DAI,1
EAI,1
FAI,1
GAI,1
HAI,1
IAI,1
JAI,1
KAI,1
LAI,1
MAI,1
NAI,1
OAI,1
PAI,1
QAI,1
RAI,1
SAI,1
TAI,1
UAI,1
VAI,0
WAI,1
XAI,1
YAI,1
ZAI,1
ABI,1
BBI,1
CBI,1
DBI,1
EBI,1
FBI,1
GBI,1
HBI,1
IBI,1
JBI,0
KBI,1
LBI,1
MBI,1
NBI,1
OBI,1
PBI,1
QBI,1
RBI,1
SBI,1
TBI,1
UBI,1
VBI,1
WBI,1
XBI,1
YBI,1
ZBI,0
ACI,1
BCI,1
CCI,1
DCI,0
ECI,1
FCI,1
GCI,1
HCI,1
ICI,1
JCI,0
KCI,1
LCI,1
MCI,1
NCI,1
OCI,1
PCI,1
QCI,1
RCI,1
SCI,1
TCI,1
UCI,1
VCI,1
WCI,1
XCI,1
YCI,1
ZCI,1
ADI,1
BDI,1
CDI,1
DDI,0
EDI,0
FDI,0
GDI,0
HDI,0
IDI,0
JDI,0
KDI,0
LDI,1
MDI,1
NDI,1
ODI,1
PDI,1
QDI,1
RDI,1
SDI,1
TDI,1
UDI,1
VDI,1
WDI,1
XDI,1
YDI,0
ZDI,1
AEI,1
BEI,1
CEI,1
DEI,0
EEI,1
FEI,0
GEI,1
HEI,1
IEI,1
JEI,1
KEI,1
LEI,1
MEI,1
NEI,1
OEI,1
PEI,1
QEI,1
REI,1
SEI,1
TEI,1
UEI,0
VEI,1
WEI,1
XEI,1
YEI,1
ZEI,1
AFI,1
BFI,1
CFI,1
DFI,1
EFI,1
FFI,1
GFI,1
HFI,1
IFI,1
JFI,1
KFI,1
LFI,1
MFI,1
NFI,1
OFI,0
PFI,1
QFI,0
RFI,1
SFI,1
TFI,1
UFI,1
VFI,0
WFI,1
XFI,1
YFI,1
ZFI,1
AGI,1
BGI,1
CGI,0
DGI,1
EGI,1
FGI,1
GGI,1
HGI,1
IGI,1
JGI,1
KGI,1
LGI,1
MGI,1
NGI,1
OGI,1
PGI,1
QGI,1
RGI,0
SGI,0
TGI,0
UGI,0
VGI,0
WGI,0
XGI,0
YGI,0
ZGI,0
AHI,1
BHI,0
CHI,0
DHI,0
EHI,0
FHI,0
GHI,1
HHI,1
IHI,1
JHI,0
KHI,0
LHI,1
MHI,1
NHI,1
OHI,1
PHI,0
QHI,0
RHI,0
SHI,1
THI,1
UHI,1
VHI,1
WHI,0
XHI,0
YHI,1
ZHI,1
AII,1
BII,1
CII,1
DII,1
EII,1
FII,1
GII,1
HII,1
III,1
JII,1
KII,1
LII,1
MII,0
NII,1
OII,1
PII,0
QII,0
RII,1
SII,1
TII,1
UII,0
VII,1
WII,1
XII,1
YII,1
ZII,0
AJI,1
BJI,1
CJI,1
DJI,0
EJI,1
FJI,0
GJI,1
HJI,1
IJI,1
JJI,1
KJI,0
LJI,1
MJI,1
NJI,1
OJI,1
PJI,1
QJI,1
RJI,1
SJI,1
TJI,1
UJI,1
VJI,1
WJI,0
XJI,1
YJI,1
ZJI,1
AKI,1
BKI,1
CKI,1
DKI,1
EKI,1
FKI,1
GKI,1
HKI,1
IKI,1
JKI,1
KKI,1
LKI,0
MKI,1
NKI,1
OKI,1
PKI,1
QKI,1
RKI,1
SKI,1
TKI,1
UKI,1
VKI,1
WKI,1
XKI,1
YKI,1
ZKI,1
ALI,1
BLI,1
CLI,0
DLI,0
ELI,1
FLI,1
GLI,0
HLI,0
ILI,0
JLI,1
KLI,1
LLI,1
MLI,1
NLI,1
OLI,1
PLI,1
QLI,1
RLI,1
SLI,1
TLI,1
ULI,1
VLI,1
WLI,1
XLI,1
YLI,1
ZLI,1
AMI,1
BMI,1
CMI,1
DMI,1
EMI,1
FMI,1
GMI,1
HMI,1
IMI,1
JMI,1
KMI,1
LMI,1
MMI,1
NMI,1
OMI,0
PMI,1
QMI,1
RMI,1
SMI,1
TMI,1
UMI,0
VMI,1
WMI,1
XMI,1
YMI,0
ZMI,1
ANI,1
BNI,0
CNI,1
DNI,1
ENI,1
FNI,1
GNI,1
HNI,1
INI,1
JNI,1
KNI,1
LNI,0
MNI,1
NNI,1
ONI,1
PNI,1
QNI,1
RNI,1
SNI,1
TNI,1
UNI,1
VNI,1
WNI,1
XNI,1
YNI,1
ZNI,1
AOI,1
BOI,1
COI,1
DOI,1
EOI,1
FOI,0
GOI,1
HOI,0
IOI,0
JOI,0
KOI,0
LOI,0
MOI,0
NOI,0
OOI,0
POI,0
QOI,0
ROI,0
SOI,0
TOI,0
UOI,0
VOI,0
WOI,0
XOI,0
YOI,0
ZOI,0
API,0
BPI,0
CPI,0
DPI,0
EPI,0
FPI,0
GPI,0
HPI,0
IPI,0
JPI,0
KPI,0
LPI,0
MPI,0
NPI,0
OPI,0
PPI,0
QPI,0
RPI,0
SPI,0
TPI,0
UPI,0
VPI,0
WPI,0
XPI,0
YPI,1
ZPI,1
AQI,0
BQI,1
CQI,1
DQI,1
EQI,1
FQI,1
GQI,1
HQI,1
IQI,1
JQI,1
KQI,0
LQI,1
MQI,1
NQI,1
OQI,1
PQI,0
QQI,0
RQI,0
SQI,1
TQI,1
UQI,0
VQI,0
WQI,1
XQI,1
YQI,1
ZQI,1
ARI,1
BRI,0
CRI,0
DRI,0
ERI,1
FRI,1
GRI,1
HRI,1
IRI,1
JRI,0
KRI,0
LRI,1
MRI,1
NRI,1
ORI,1
PRI,1
QRI,1
RRI,1
SRI,1
TRI,1
URI,0
VRI,1
WRI,1
XRI,1
YRI,0
ZRI,0
ASI,0
BSI,1
CSI,1
DSI,1
ESI,1
FSI,0
GSI,1
HSI,1
ISI,1
JSI,1
KSI,1
LSI,0
MSI,1
NSI,1
OSI,1
PSI,1
QSI,0
RSI,1
SSI,1
TSI,1
USI,0
VSI,1
WSI,1
XSI,1
YSI,1
ZSI,1
ATI,1
BTI,0
CTI,1
DTI,1
ETI,1
FTI,1
GTI,1
HTI,1
ITI,1
JTI,1
KTI,1
LTI,0
MTI,0
NTI,0
OTI,0
PTI,0
QTI,0
RTI,0
STI,0
TTI,0
UTI,0
VTI,0
WTI,0
XTI,0
YTI,0
ZTI,0
AUI,0
BUI,0
CUI,0
DUI,0
EUI,0
FUI,0
GUI,0
HUI,0
IUI,0
JUI,0
KUI,0
LUI,0
MUI,0
NUI,0
OUI,0
PUI,1
QUI,1
RUI,1
SUI,1
TUI,1
UUI,1
VUI,1
WUI,1
XUI,1
YUI,1
ZUI,1
AVI,1
BVI,1
CVI,1
DVI,0
EVI,1
FVI,0
GVI,1
HVI,1
IVI,1
JVI,0
KVI,1
LVI,0
MVI,1
NVI,1
OVI,1
PVI,1
QVI,1
RVI,1
SVI,1
TVI,1
UVI,1
VVI,1
WVI,1
XVI,1
YVI,0
ZVI,1
AWI,0
BWI,1
CWI,1
DWI,1
EWI,0
FWI,1
GWI,1
HWI,1
IWI,1
JWI,1
KWI,1
LWI,1
MWI,1
NWI,1
OWI,1
PWI,1
QWI,1
RWI,1
SWI,1
TWI,1
UWI,1
VWI,0
WWI,1
XWI,0
YWI,1
ZWI,1
AXI,1
BXI,1
CXI,1
DXI,1
EXI,1
FXI,1
GXI,1
HXI,0
IXI,1
JXI,1
KXI,1
LXI,1
MXI,1
NXI,1
OXI,1
PXI,1
QXI,1
RXI,0
SXI,1
TXI,1
UXI,1
VXI,1
WXI,1
XXI,1
YXI,1
ZXI,1
AYI,1
BYI,1
CYI,1
DYI,1
EYI,1
FYI,1
GYI,1
HYI,1
IYI,1
JYI,1
KYI,1
LYI,1
MYI,1
NYI,1
OYI,1
PYI,1
QYI,1
RYI,1
SYI,1
TYI,1
UYI,1
VYI,1
WYI,0
XYI,1
YYI,0
ZYI,1
AZI,1
BZI,1
CZI,1
DZI,0
EZI,0
FZI,1
GZI,1
HZI,1
IZI,1
JZI,1
KZI,1
LZI,1
MZI,0
NZI,0
OZI,1
PZI,1
QZI,1
RZI,1
SZI,1
TZI,1
UZI,1
VZI,1
WZI,1
XZI,1
YZI,1
ZZI,0
AAJ,1
BAJ,1
CAJ,1
DAJ,1
EAJ,1
FAJ,0
GAJ,0
HAJ,0
IAJ,1
JAJ,1
KAJ,1
LAJ,1
MAJ,1
NAJ,0
OAJ,1
PAJ,1
QAJ,1
RAJ,0
SAJ,1
TAJ,1
UAJ,1
VAJ,1
WAJ,0
XAJ,1
YAJ,0
ZAJ,0
ABJ,1
BBJ,1
CBJ,1
DBJ,1
EBJ,0
FBJ,1
GBJ,1
HBJ,1
IBJ,1
JBJ,0
KBJ,0
LBJ,0
MBJ,0
NBJ,0
OBJ,0
PBJ,0
QBJ,0
RBJ,0
SBJ,0
TBJ,0
UBJ,0
VBJ,0
WBJ,1
XBJ,1
YBJ,1
ZBJ,0
ACJ,1
BCJ,1
CCJ,1
DCJ,1
ECJ,1
FCJ,1
GCJ,1
HCJ,1
ICJ,1
JCJ,1
KCJ,1
LCJ,1
MCJ,1
NCJ,1
OCJ,1
PCJ,1
QCJ,0
RCJ,1
SCJ,1
TCJ,1
UCJ,1
VCJ,1
WCJ,1
XCJ,1
YCJ,1
ZCJ,1
ADJ,1
BDJ,1
CDJ,1
DDJ,1
EDJ,1
FDJ,0
GDJ,1
HDJ,0
IDJ,0
JDJ,1
KDJ,1
LDJ,1
MDJ,0
NDJ,0
ODJ,1
PDJ,1
QDJ,0
RDJ,1
SDJ,1
TDJ,1
UDJ,1
VDJ,0
WDJ,0
XDJ,1
YDJ,1
ZDJ,1
AEJ,1
BEJ,1
CEJ,1
DEJ,1
EEJ,1
FEJ,1
GEJ,1
HEJ,1
IEJ,1
JEJ,1
KEJ,1
LEJ,1
MEJ,1
NEJ,1
OEJ,1
PEJ,1
QEJ,1
REJ,1
SEJ,1
TEJ,1
UEJ,1
VEJ,1
WEJ,1
XEJ,1
YEJ,1
ZEJ,1
AFJ,1
BFJ,1
CFJ,1
DFJ,1
EFJ,1
FFJ,0
GFJ,1
HFJ,1
IFJ,1
JFJ,1
KFJ,0
LFJ,1
MFJ,0
NFJ,1
OFJ,1
PFJ,1
QFJ,1
RFJ,1
SFJ,0
TFJ,0
UFJ,0
VFJ,0
WFJ,0
XFJ,1
YFJ,0
ZFJ,0
AGJ,0
BGJ,0
CGJ,0
DGJ,0
EGJ,0
FGJ,0
GGJ,0
HGJ,0
IGJ,0
JGJ,0
KGJ,0
LGJ,0
MGJ,0
NGJ,0
OGJ,0
PGJ,0
QGJ,0
RGJ,0
SGJ,0
TGJ,0
UGJ,0
VGJ,0
WGJ,0
XGJ,0
YGJ,0
ZGJ,0
AHJ,0
BHJ,0
CHJ,0
DHJ,0
EHJ,0
FHJ,0
GHJ,0
HHJ,0
IHJ,0
JHJ,0
KHJ,0
LHJ,0
MHJ,0
NHJ,0
OHJ,0
PHJ,0
QHJ,1
RHJ,1
SHJ,1
THJ,1
UHJ,1
VHJ,1
WHJ,0
XHJ,1
YHJ,0
ZHJ,1
AIJ,1
BIJ,1
CIJ,1
DIJ,1
EIJ,1
FIJ,1
GIJ,0
HIJ,0
IIJ,0
JIJ,1
KIJ,1
LIJ,0
MIJ,1
NIJ,1
OIJ,1
PIJ,1
QIJ,1
RIJ,1
SIJ,1
TIJ,1
UIJ,1
VIJ,0
WIJ,1
XIJ,1
YIJ,1
ZIJ,1
AJJ,1
BJJ,1
CJJ,1
DJJ,1
EJJ,1
FJJ,1
GJJ,0
HJJ,1
IJJ,1
JJJ,1
KJJ,1
LJJ,0
MJJ,1
NJJ,1
OJJ,1
PJJ,1
QJJ,1
RJJ,1
SJJ,1
TJJ,1
UJJ,1
VJJ,1
WJJ,1
XJJ,1
YJJ,0
ZJJ,1
AKJ,1
BKJ,1
CKJ,1
DKJ,0
EKJ,1
FKJ,1
GKJ,1
HKJ,1
IKJ,1
JKJ,1
KKJ,1
LKJ,1
MKJ,1
NKJ,1
OKJ,1
PKJ,1
QKJ,1
RKJ,1
SKJ,1
TKJ,1
UKJ,1
VKJ,1
WKJ,1
XKJ,1
YKJ,1
ZKJ,1
ALJ,1
BLJ,1
CLJ,1
DLJ,1
ELJ,0
FLJ,0
GLJ,0
HLJ,0
ILJ,0
JLJ,0
KLJ,0
LLJ,0
MLJ,0
NLJ,0
OLJ,0
PLJ,0
QLJ,1
RLJ,0
SLJ,0
TLJ,0
ULJ,0
VLJ,0
WLJ,0
XLJ,1
YLJ,1
ZLJ,1
AMJ,1
BMJ,1
CMJ,0
DMJ,1
EMJ,1
FMJ,1
GMJ,1
HMJ,0
IMJ,1
JMJ,1
KMJ,1
LMJ,1
MMJ,1
NMJ,1
OMJ,1
PMJ,1
QMJ,1
RMJ,1
SMJ,1
TMJ,0
UMJ,1
VMJ,1
WMJ,1
XMJ,0
YMJ,0
ZMJ,1
ANJ,0
BNJ,0
CNJ,0
DNJ,0
ENJ,0
FNJ,1
GNJ,1
HNJ,1
INJ,1
JNJ,1
KNJ,0
LNJ,1
MNJ,1
NNJ,1
ONJ,1
PNJ,0
QNJ,1
RNJ,1
SNJ,1
TNJ,1
UNJ,1
VNJ,1
WNJ,1
XNJ,1
YNJ,1
ZNJ,1
AOJ,1
BOJ,1
COJ,1
DOJ,1
EOJ,1
FOJ,1
GOJ,1
HOJ,1
IOJ,1
JOJ,1
KOJ,1
LOJ,1
MOJ,1
NOJ,1
OOJ,1
POJ,1
QOJ,1
ROJ,0
SOJ,0
TOJ,0
UOJ,1
VOJ,1
WOJ,0
XOJ,1
YOJ,1
ZOJ,1
APJ,1
BPJ,1
CPJ,1
DPJ,1
EPJ,1
FPJ,1
GPJ,1
HPJ,1
IPJ,1
JPJ,1
KPJ,1
LPJ,1
MPJ,1
NPJ,0
OPJ,1
PPJ,0
QPJ,1
RPJ,1
SPJ,1
TPJ,1
UPJ,1
VPJ,0
WPJ,1
XPJ,1
YPJ,1
ZPJ,1
AQJ,1
BQJ,1
CQJ,1
DQJ,1
EQJ,0
FQJ,0
GQJ,1
HQJ,0
IQJ,1
JQJ,0
KQJ,1
LQJ,1
MQJ,0
NQJ,0
OQJ,1
PQJ,1
QQJ,1
RQJ,1
SQJ,1
TQJ,1
UQJ,1
VQJ,1
WQJ,1
XQJ,1
YQJ,1
ZQJ,1
ARJ,0
BRJ,1
CRJ,1
DRJ,1
ERJ,1
FRJ,1
GRJ,1
HRJ,1
IRJ,1
JRJ,1
KRJ,0
LRJ,1
MRJ,1
NRJ,1
ORJ,1
PRJ,1
QRJ,0
RRJ,1
SRJ,1
TRJ,1
URJ,1
VRJ,1
WRJ,1
XRJ,1
YRJ,1
ZRJ,1
ASJ,1
BSJ,1
CSJ,1
DSJ,1
ESJ,1
FSJ,1
GSJ,1
HSJ,1
ISJ,1
JSJ,1
KSJ,1
LSJ,0
MSJ,1
NSJ,1
OSJ,1
PSJ,1
QSJ,0
RSJ,0
SSJ,0
TSJ,0
USJ,0
VSJ,0
WSJ,0
XSJ,0
YSJ,0
ZSJ,0
ATJ,1
BTJ,0
CTJ,0
DTJ,0
ETJ,0
FTJ,0
GTJ,0
HTJ,0
ITJ,0
JTJ,0
KTJ,0
LTJ,0
MTJ,0
NTJ,0
OTJ,0
PTJ,0
QTJ,0
RTJ,0
STJ,0
TTJ,0
UTJ,0
VTJ,0
WTJ,0
XTJ,0
YTJ,0
ZTJ,0
AUJ,0
BUJ,0
CUJ,0
DUJ,0
EUJ,1
FUJ,1
GUJ,1
HUJ,1
IUJ,1
JUJ,0
KUJ,1
LUJ,1
MUJ,1
NUJ,1
OUJ,0
PUJ,1
QUJ,1
RUJ,1
SUJ,1
TUJ,0
UUJ,0
VUJ,1
WUJ,0
XUJ,0
YUJ,1
ZUJ,1
AVJ,1
BVJ,1
CVJ,1
DVJ,1
EVJ,0
FVJ,1
GVJ,0
HVJ,0
IVJ,1
JVJ,1
KVJ,1
LVJ,1
MVJ,1
NVJ,1
OVJ,1
PVJ,0
QVJ,1
RVJ,1
SVJ,1
TVJ,1
UVJ,1
VVJ,1
WVJ,1
XVJ,1
YVJ,1
ZVJ,1
AWJ,1
BWJ,1
CWJ,1
DWJ,1
EWJ,1
FWJ,0
GWJ,1
HWJ,1
IWJ,1
JWJ,1
KWJ,1
LWJ,1
MWJ,1
NWJ,0
OWJ,1
PWJ,1
QWJ,0
RWJ,1
SWJ,1
TWJ,0
UWJ,1
VWJ,0
WWJ,1
XWJ,0
YWJ,1
ZWJ,1
AXJ,0
BXJ,1
CXJ,1
DXJ,1
EXJ,1
FXJ,1
GXJ,1
HXJ,1
IXJ,1
JXJ,1
KXJ,0
LXJ,0
MXJ,0
NXJ,1
OXJ,1
PXJ,1
QXJ,1
RXJ,0
SXJ,1
TXJ,1
UXJ,1
VXJ,1
WXJ,1
XXJ,0
YXJ,0
ZXJ,0
AYJ,1
BYJ,0
CYJ,1
DYJ,1
EYJ,1
FYJ,1
GYJ,1
HYJ,1
IYJ,1
JYJ,0
KYJ,1
LYJ,1
MYJ,1
NYJ,1
OYJ,1
PYJ,1
QYJ,1
RYJ,1
SYJ,1
TYJ,1
UYJ,1
VYJ,1
WYJ,0
XYJ,1
YYJ,1
ZYJ,1
AZJ,1
BZJ,1
CZJ,1
DZJ,1
EZJ,1
FZJ,1
GZJ,1
HZJ,1
IZJ,0
JZJ,0
KZJ,1
LZJ,1
MZJ,0
NZJ,1
OZJ,1
PZJ,1
QZJ,1
RZJ,1
SZJ,1
TZJ,0
UZJ,0
VZJ,0
WZJ,0
XZJ,1
YZJ,0
ZZJ,0
AAK,0
BAK,0
CAK,0
DAK,0
EAK,0
FAK,0
GAK,0
HAK,0
IAK,0
JAK,0
KAK,0
LAK,0
MAK,0
NAK,0
OAK,0
PAK,0
QAK,0
RAK,0
SAK,0
TAK,0
UAK,0
VAK,0
WAK,0
XAK,0
YAK,0
ZAK,0
ABK,0
BBK,0
CBK,0
DBK,0
EBK,0
FBK,0
GBK,0
HBK,0
IBK,0
JBK,0
KBK,0
LBK,0
MBK,0
NBK,0
OBK,0
PBK,1
QBK,1
RBK,0
SBK,1
TBK,1
UBK,1
VBK,1
WBK,1
XBK,1
YBK,1
ZBK,1
ACK,1
BCK,1
CCK,1
DCK,1
ECK,1
FCK,1
GCK,1
HCK,1
ICK,1
JCK,0
KCK,1
LCK,1
MCK,0
NCK,1
OCK,1
PCK,1
QCK,0
RCK,1
SCK,1
TCK,1
UCK,1
VCK,1
WCK,1
XCK,1
YCK,0
ZCK,1
ADK,1
BDK,1
CDK,1
DDK,1
EDK,0
FDK,1
GDK,1
HDK,1
IDK,1
JDK,1
KDK,1
LDK,1
MDK,1
NDK,1
ODK,1
PDK,1
QDK,1
RDK,1
SDK,1
TDK,1
UDK,1
VDK,1
WDK,1
XDK,1
YDK,1
ZDK,1
AEK,1
BEK,1
CEK,0
DEK,0
EEK,1
FEK,1
GEK,1
HEK,1
IEK,1
JEK,1
KEK,1
LEK,1
MEK,1
NEK,1
OEK,0
PEK,1
QEK,1
REK,0
SEK,1
TEK,1
UEK,1
VEK,1
WEK,1
XEK,0
YEK,0
ZEK,0
AFK,0
BFK,1
CFK,1
DFK,1
EFK,1
FFK,1
GFK,1
HFK,1
IFK,1
JFK,1
KFK,1
LFK,1
MFK,1
NFK,1
OFK,1
PFK,1
QFK,1
RFK,1
SFK,1
TFK,1
UFK,1
VFK,1
WFK,0
XFK,1
YFK,0
ZFK,1
AGK,1
BGK,1
CGK,1
DGK,1
EGK,1
FGK,1
GGK,1
HGK,1
IGK,1
JGK,0
KGK,1
LGK,0
MGK,1
NGK,1
OGK,1
PGK,1
QGK,1
RGK,1
SGK,1
TGK,0
UGK,1
VGK,1
WGK,1
XGK,1
YGK,1
ZGK,0
AHK,1
BHK,1
CHK,1
DHK,1
EHK,1
FHK,1
GHK,1
HHK,1
IHK,1
JHK,0
KHK,1
LHK,1
MHK,1
NHK,1
OHK,1
PHK,1
QHK,1
RHK,0
SHK,1
THK,1
UHK,0
VHK,1
WHK,1
XHK,1
YHK,1
ZHK,1
AIK,1
BIK,1
CIK,1
DIK,1
EIK,1
FIK,1
GIK,1
HIK,1
IIK,1
JIK,1
KIK,1
LIK,1
MIK,1
NIK,0
OIK,1
PIK,1
QIK,0
RIK,1
SIK,0
TIK,1
UIK,1
VIK,1
WIK,1
XIK,1
YIK,1
ZIK,1
AJK,1
BJK,1
CJK,1
DJK,1
EJK,0
FJK,1
GJK,1
HJK,0
IJK,1
JJK,1
KJK,1
LJK,0
MJK,0
NJK,0
OJK,0
PJK,0
QJK,0
RJK,0
SJK,0
TJK,0
UJK,0
VJK,0
WJK,0
XJK,0
YJK,0
ZJK,0
AKK,0
BKK,0
CKK,0
DKK,0
EKK,0
FKK,0
GKK,0
HKK,0
IKK,0
JKK,0
KKK,0
LKK,0
MKK,0
NKK,0
OKK,0
PKK,0
QKK,0
RKK,0
SKK,0
TKK,0
UKK,0
VKK,0
WKK,0
XKK,0
YKK,0
ZKK,0
ALK,0
BLK,0
CLK,0
DLK,0
ELK,0
FLK,0
GLK,0
HLK,0
ILK,1
JLK,1
KLK,1
LLK,1
MLK,1
NLK,1
OLK,0
PLK,1
QLK,1
RLK,1
SLK,1
TLK,1
ULK,1
VLK,1
WLK,1
XLK,1
YLK,1
ZLK,1
AMK,1
BMK,1
CMK,0
DMK,1
EMK,1
FMK,1
GMK,1
HMK,1
IMK,0
JMK,1
KMK,0
LMK,1
MMK,1
NMK,1
OMK,1
PMK,1
QMK,1
RMK,1
SMK,1
TMK,1
UMK,1
VMK,1
WMK,1
XMK,1
YMK,1
ZMK,1
ANK,1
BNK,1
CNK,1
DNK,1
ENK,0
FNK,1
GNK,1
HNK,1
INK,1
JNK,1
KNK,1
LNK,1
MNK,1
NNK,1
ONK,1
PNK,1
QNK,1
RNK,1
SNK,1
TNK,1
UNK,1
VNK,1
WNK,1
XNK,1
YNK,0
ZNK,1
AOK,1
BOK,1
COK,1
DOK,1
EOK,1
FOK,1
GOK,1
HOK,1
IOK,1
JOK,1
KOK,1
LOK,1
MOK,1
NOK,1
OOK,0
POK,1
QOK,1
ROK,0
SOK,0
TOK,0
UOK,0
VOK,0
WOK,0
XOK,0
YOK,0
ZOK,0
APK,0
BPK,0
CPK,0
DPK,0
EPK,0
FPK,0
GPK,0
HPK,0
IPK,0
JPK,1
KPK,1
LPK,1
MPK,1
NPK,1
OPK,1
PPK,1
QPK,1
RPK,1
SPK,1
TPK,1
UPK,1
VPK,0
WPK,0
XPK,1
YPK,1
ZPK,1
AQK,1
BQK,0
CQK,1
DQK,1
EQK,1
FQK,1
GQK,1
HQK,0
IQK,0
JQK,0
KQK,0
LQK,1
MQK,1
NQK,1
OQK,1
PQK,0
QQK,1
RQK,1
SQK,1
TQK,1
UQK,0
VQK,1
WQK,1
XQK,1
YQK,1
ZQK,1
ARK,1
BRK,1
CRK,0
DRK,0
ERK,1
FRK,1
GRK,1
HRK,1
IRK,1
JRK,1
KRK,1
LRK,1
MRK,1
NRK,0
ORK,0
PRK,0
QRK,1
RRK,1
SRK,1
TRK,1
URK,1
VRK,1
WRK,1
XRK,1
YRK,1
ZRK,0
ASK,1
BSK,1
CSK,1
DSK,1
ESK,1
FSK,1
GSK,1
HSK,1
ISK,1
JSK,1
KSK,1
LSK,1
MSK,1
NSK,1
OSK,1
PSK,1
QSK,1
RSK,1
SSK,1
TSK,1
USK,1
VSK,1
WSK,1
XSK,1
YSK,1
ZSK,1
ATK,1
BTK,1
CTK,1
DTK,1
ETK,1
FTK,1
GTK,1
HTK,0
ITK,1
JTK,1
KTK,1
LTK,1
MTK,1
NTK,1
OTK,0
PTK,1
QTK,1
RTK,1
STK,0
TTK,1
UTK,0
VTK,1
WTK,1
XTK,1
YTK,1
ZTK,1
AUK,1
BUK,1
CUK,0
DUK,1
EUK,1
FUK,0
GUK,1
HUK,1
IUK,1
JUK,1
KUK,1
LUK,1
MUK,1
NUK,1
OUK,1
PUK,1
QUK,0
RUK,1
SUK,1
TUK,1
UUK,1
VUK,0
WUK,1
XUK,1
YUK,0
ZUK,1
AVK,1
BVK,1
CVK,1
DVK,1
EVK,0
FVK,0
GVK,1
HVK,1
IVK,1
JVK,1
KVK,1
LVK,1
MVK,1
NVK,1
OVK,1
PVK,1
QVK,1
RVK,1
SVK,1
TVK,1
UVK,0
VVK,1
WVK,1
XVK,1
YVK,1
ZVK,1
AWK,0
BWK,1
CWK,1
DWK,1
EWK,1
FWK,1
GWK,1
HWK,1
IWK,1
JWK,1
KWK,0
LWK,0
MWK,0
NWK,0
OWK,0
PWK,0
QWK,0
RWK,0
SWK,0
TWK,0
UWK,0
VWK,0
WWK,0
XWK,0
YWK,0
ZWK,0
AXK,0
BXK,0
CXK,0
DXK,0
EXK,0
FXK,0
GXK,0
HXK,0
IXK,0
JXK,0
KXK,0
LXK,0
MXK,0
NXK,0
OXK,0
PXK,0
QXK,0
RXK,0
SXK,0
TXK,1
UXK,0
VXK,1
WXK,0
XXK,1
YXK,1
ZXK,1
AYK,1
BYK,0
CYK,1
DYK,1
EYK,1
FYK,0
GYK,1
HYK,1
IYK,1
JYK,1
KYK,1
LYK,1
MYK,1
NYK,1
OYK,1
PYK,1
QYK,1
RYK,1
SYK,1
TYK,1
UYK,1
VYK,1
WYK,1
XYK,1
YYK,1
ZYK,1
AZK,0
BZK,1
CZK,1
DZK,1
EZK,1
FZK,1
GZK,1
HZK,1
IZK,1
JZK,1
KZK,1
LZK,1
MZK,1
NZK,1
OZK,1
PZK,1
QZK,1
RZK,1
SZK,0
TZK,1
UZK,1
VZK,0
WZK,0
XZK,1
YZK,1
ZZK,1
AAL,1
BAL,1
CAL,1
DAL,1
EAL,1
FAL,0
GAL,1
HAL,0
IAL,1
JAL,0
KAL,1
LAL,1
MAL,0
NAL,1
OAL,1
PAL,1
QAL,0
RAL,1
SAL,0
TAL,1
UAL,1
VAL,1
WAL,0
XAL,1
YAL,1
ZAL,1
ABL,1
BBL,1
CBL,1
DBL,1
EBL,1
FBL,1
GBL,1
HBL,1
IBL,1
JBL,1
KBL,1
LBL,1
MBL,1
NBL,1
OBL,0
PBL,1
QBL,1
RBL,1
SBL,1
TBL,0
UBL,0
VBL,1
WBL,0
XBL,1
YBL,0
ZBL,0
ACL,0
BCL,0
CCL,0
DCL,0
ECL,0
FCL,0
GCL,0
HCL,0
ICL,0
JCL,0
KCL,0
LCL,0
MCL,0
NCL,0
OCL,0
PCL,0
QCL,0
RCL,0
SCL,0
TCL,0
UCL,0
VCL,0
WCL,0
XCL,0
YCL,0
ZCL,0
ADL,0
BDL,0
CDL,0
DDL,0
EDL,0
FDL,0
GDL,0
HDL,0
IDL,0
JDL,0
KDL,0
LDL,0
MDL,0
NDL,0
ODL,0
PDL,0
QDL,0
RDL,0
SDL,0
TDL,0
UDL,0
VDL,0
WDL,1
XDL,1
YDL,1
ZDL,0
AEL,1
BEL,1
CEL,1
DEL,1
EEL,1
FEL,1
GEL,1
HEL,1
IEL,0
JEL,0
KEL,1
LEL,1
MEL,1
NEL,1
OEL,0
PEL,1
QEL,1
REL,1
SEL,1
TEL,1
UEL,1
VEL,1
WEL,1
XEL,1
YEL,1
ZEL,1
AFL,1
BFL,1
CFL,1
DFL,1
EFL,1
FFL,1
GFL,1
HFL,0
IFL,1
JFL,1
KFL,1
LFL,0
MFL,1
NFL,1
OFL,1
PFL,0
QFL,1
RFL,1
SFL,1
TFL,0
UFL,1
VFL,1
WFL,1
XFL,1
YFL,0
ZFL,1
AGL,1
BGL,1
CGL,1
DGL,1
EGL,1
FGL,1
GGL,1
HGL,1
IGL,0
JGL,1
KGL,1
LGL,1
MGL,1
NGL,0
OGL,0
PGL,0
QGL,1
RGL,1
SGL,1
TGL,1
UGL,0
VGL,0
WGL,0
XGL,0
YGL,0
ZGL,0
AHL,0
BHL,0
CHL,0
DHL,0
EHL,0
FHL,0
GHL,1
HHL,1
IHL,0
JHL,1
KHL,1
LHL,1
MHL,1
NHL,1
OHL,1
PHL,1
QHL,1
RHL,1
SHL,1
THL,1
UHL,1
VHL,0
WHL,1
XHL,1
YHL,0
ZHL,1
AIL,1
BIL,0
CIL,1
DIL,1
EIL,1
FIL,0
GIL,0
HIL,1
IIL,0
JIL,0
KIL,1
LIL,1
MIL,1
NIL,1
OIL,1
PIL,1
QIL,1
RIL,1
SIL,0
TIL,1
UIL,1
VIL,1
WIL,1
XIL,1
YIL,1
ZIL,1
AJL,1
BJL,1
CJL,1
DJL,1
EJL,1
FJL,1
GJL,1
HJL,0
IJL,1
JJL,1
KJL,1
LJL,0
MJL,1
NJL,0
OJL,1
PJL,1
QJL,1
RJL,1
SJL,1
TJL,1
UJL,1
VJL,1
WJL,1
XJL,1
YJL,1
ZJL,1
AKL,1
BKL,1
CKL,1
DKL,1
EKL,1
FKL,1
GKL,1
HKL,1
IKL,1
JKL,0
KKL,0
LKL,1
MKL,1
NKL,1
OKL,1
PKL,1
QKL,1
RKL,1
SKL,1
TKL,1
UKL,1
VKL,1
WKL,1
XKL,1
YKL,1
ZKL,1
ALL,1
BLL,1
CLL,1
DLL,1
ELL,1
FLL,1
GLL,1
HLL,1
ILL,1
JLL,1
KLL,1
LLL,1
MLL,1
NLL,0
OLL,1
PLL,1
QLL,0
RLL,0
SLL,0
TLL,0
ULL,0
VLL,0
WLL,0
XLL,0
YLL,0
ZLL,0
AML,0
BML,0
CML,0
DML,0
EML,0
FML,0
GML,0
HML,0
IML,0
JML,0
KML,0
LML,0
MML,0
NML,0
OML,0
PML,0
QML,0
RML,0
SML,1
TML,0
UML,0
VML,0
WML,0
XML,0
YML,0
ZML,0
ANL,0
BNL,0
CNL,0
DNL,0
ENL,0
FNL,0
GNL,0
HNL,0
INL,0
JNL,0
KNL,1
LNL,1
MNL,1
NNL,1
ONL,1
PNL,0
QNL,1
RNL,0
SNL,1
TNL,0
UNL,1
VNL,1
WNL,0
XNL,0
YNL,1
ZNL,1
AOL,1
BOL,1
COL,1
DOL,1
EOL,0
FOL,1
GOL,1
HOL,1
IOL,1
JOL,1
KOL,1
LOL,1
MOL,1
NOL,0
OOL,1
POL,1
QOL,1
ROL,0
SOL,1
TOL,1
UOL,0
VOL,1
WOL,1
XOL,1
YOL,1
ZOL,0
APL,1
BPL,1
CPL,1
DPL,1
EPL,1
FPL,1
GPL,1
HPL,1
IPL,0
JPL,1
KPL,1
LPL,1
MPL,1
NPL,1
OPL,0
PPL,1
QPL,1
RPL,1
SPL,1
TPL,1
UPL,1
VPL,1
WPL,1
XPL,1
YPL,1
ZPL,1
AQL,1
BQL,0
CQL,0
DQL,0
EQL,1
FQL,1
GQL,1
HQL,1
IQL,1
JQL,1
KQL,1
LQL,1
MQL,1
NQL,1
OQL,1
PQL,1
QQL,1
RQL,1
SQL,0
TQL,0
UQL,0
VQL,0
WQL,0
XQL,0
YQL,0
ZQL,0
ARL,0
BRL,0
CRL,0
DRL,0
ERL,0
FRL,0
GRL,0
HRL,0
IRL,0
JRL,0
KRL,0
LRL,1
MRL,1
NRL,0
ORL,0
PRL,1
QRL,1
RRL,1
SRL,1
TRL,1
URL,1
VRL,1
WRL,1
XRL,1
YRL,1
ZRL,0
ASL,1
BSL,1
CSL,1
DSL,0
ESL,1
FSL,0
GSL,0
HSL,0
ISL,1
JSL,1
KSL,1
LSL,1
MSL,1
NSL,1
OSL,1
PSL,1
QSL,1
RSL,1
SSL,1
TSL,1
USL,1
VSL,1
WSL,1
XSL,1
YSL,1
ZSL,1
ATL,1
BTL,1
CTL,0
DTL,1
ETL,0
FTL,1
GTL,1
HTL,1
ITL,1
JTL,0
KTL,1
LTL,1
MTL,0
NTL,0
OTL,1
PTL,0
QTL,0
RTL,1
STL,0
TTL,1
UTL,0
VTL,1
WTL,1
XTL,1
YTL,1
ZTL,1
AUL,1
BUL,1
CUL,1
DUL,1
EUL,1
FUL,1
GUL,0
HUL,0
IUL,1
JUL,1
KUL,1
LUL,1
MUL,1
NUL,1
OUL,1
PUL,1
QUL,1
RUL,1
SUL,1
TUL,1
UUL,1
VUL,1
WUL,0
XUL,1
YUL,1
ZUL,1
AVL,1
BVL,1
CVL,0
DVL,1
EVL,1
FVL,1
GVL,1
HVL,0
IVL,0
JVL,1
KVL,1
LVL,1
MVL,1
NVL,1
OVL,0
PVL,1
QVL,1
RVL,1
SVL,1
TVL,1
UVL,1
VVL,0
WVL,0
XVL,1
YVL,1
ZVL,0
AWL,1
BWL,1
CWL,0
DWL,1
EWL,1
FWL,1
GWL,1
HWL,0
IWL,1
JWL,1
KWL,1
LWL,1
MWL,1
NWL,1
OWL,1
PWL,1
QWL,1
RWL,1
SWL,1
TWL,1
UWL,1
VWL,1
WWL,1
XWL,1
YWL,1
ZWL,1
AXL,1
BXL,1
CXL,1
DXL,1
EXL,1
FXL,1
GXL,1
HXL,1
IXL,1
JXL,1
KXL,1
LXL,1
MXL,1
NXL,1
OXL,1
PXL,1
QXL,1
RXL,1
SXL,1
TXL,1
UXL,1
VXL,1
WXL,1
XXL,1
YXL,1
ZXL,1
AYL,1
BYL,0
CYL,0
DYL,0
EYL,0
FYL,0
GYL,0
HYL,0
IYL,0
JYL,0
KYL,0
LYL,0
MYL,0
NYL,0
OYL,0
PYL,0
QYL,0
RYL,0
SYL,0
TYL,0
UYL,0
VYL,0
WYL,0
XYL,0
YYL,0
ZYL,0
AZL,0
BZL,0
CZL,0
DZL,0
EZL,0
FZL,0
GZL,0
HZL,0
IZL,0
JZL,0
KZL,0
LZL,0
MZL,0
NZL,0
OZL,0
PZL,0
QZL,0
RZL,0
SZL,0
TZL,0
UZL,0
VZL,0
WZL,0
XZL,0
YZL,1
ZZL,1
AAM,1
BAM,1
CAM,1
DAM,1
EAM,0
FAM,1
GAM,1
HAM,1
IAM,1
JAM,1
KAM,0
LAM,1
MAM,1
NAM,1
OAM,1
PAM,1
QAM,1
RAM,1
SAM,0
TAM,1
UAM,1
VAM,1
WAM,1
XAM,1
YAM,1
ZAM,1
ABM,1
BBM,0
CBM,1
DBM,1
EBM,1
FBM,1
GBM,0
HBM,1
IBM,1
JBM,1
KBM,1
LBM,1
MBM,0
NBM,1
OBM,1
PBM,1
QBM,1
RBM,1
SBM,1
TBM,1
UBM,1
VBM,1
WBM,1
XBM,1
YBM,1
ZBM,1
ACM,1
BCM,1
CCM,1
DCM,1
ECM,1
FCM,1
GCM,1
HCM,1
ICM,0
JCM,1
KCM,0
LCM,1
MCM,1
NCM,1
OCM,1
PCM,1
QCM,1
RCM,1
SCM,1
TCM,1
UCM,1
VCM,1
WCM,1
XCM,1
YCM,1
ZCM,0
ADM,1
BDM,1
CDM,1
DDM,1
EDM,1
FDM,0
GDM,0
HDM,0
IDM,1
JDM,1
KDM,1
LDM,1
MDM,0
NDM,1
ODM,0
PDM,1
QDM,1
RDM,1
SDM,1
TDM,0
UDM,1
VDM,1
WDM,1
XDM,1
YDM,1
ZDM,1
AEM,0
BEM,0
CEM,0
DEM,0
EEM,0
FEM,0
GEM,0
HEM,0
IEM,0
JEM,0
KEM,0
LEM,0
MEM,0
NEM,0
OEM,0
PEM,0
QEM,0
REM,0
SEM,0
TEM,0
UEM,0
VEM,0
WEM,0
XEM,0
YEM,0
ZEM,0
AFM,0
BFM,0
CFM,0
DFM,0
EFM,0
FFM,0
GFM,0
HFM,0
IFM,0
JFM,0
KFM,0
LFM,0
MFM,0
NFM,0
OFM,0
PFM,0
QFM,0
RFM,0
SFM,0
TFM,0
UFM,1
VFM,1
WFM,1
XFM,1
YFM,1
ZFM,0
AGM,1
BGM,1
CGM,1
DGM,1
EGM,1
FGM,0
GGM,1
HGM,0
IGM,0
JGM,0
KGM,0
LGM,1
MGM,1
NGM,0
OGM,1
PGM,1
QGM,1
RGM,1
SGM,1
TGM,0
UGM,1
VGM,1
WGM,0
XGM,1
YGM,1
ZGM,1
AHM,1
BHM,1
CHM,1
DHM,0
EHM,1
FHM,1
GHM,0
HHM,1
IHM,1
JHM,0
KHM,0
LHM,1
MHM,1
NHM,1
OHM,1
PHM,1
QHM,1
RHM,1
SHM,1
THM,1
UHM,0
VHM,1
WHM,1
XHM,1
YHM,1
ZHM,1
AIM,1
BIM,1
CIM,1
DIM,1
EIM,1
FIM,1
GIM,1
HIM,1
IIM,1
JIM,1
KIM,1
LIM,1
MIM,1
NIM,0
OIM,1
PIM,0
QIM,1
RIM,1
SIM,1
TIM,0
UIM,0
VIM,1
WIM,1
XIM,1
YIM,1
ZIM,1
AJM,1
BJM,1
CJM,1
DJM,1
EJM,1
FJM,1
GJM,1
HJM,0
IJM,0
JJM,0
KJM,0
LJM,0
MJM,0
NJM,0
OJM,0
PJM,0
QJM,0
RJM,0
SJM,1
TJM,0
UJM,0
VJM,0
WJM,0
XJM,0
YJM,0
ZJM,0
AKM,1
BKM,1
CKM,0
DKM,1
EKM,1
FKM,1
GKM,1
HKM,1
IKM,1
JKM,1
KKM,1
LKM,1
MKM,1
NKM,0
OKM,1
PKM,1
QKM,1
RKM,1
SKM,1
TKM,1
UKM,1
VKM,1
WKM,1
XKM,1
YKM,1
ZKM,0
ALM,1
BLM,1
CLM,1
DLM,1
ELM,1
FLM,0
GLM,1
HLM,1
ILM,1
JLM,1
KLM,1
LLM,1
MLM,1
NLM,1
OLM,0
PLM,0
QLM,1
RLM,1
SLM,1
TLM,1
ULM,1
VLM,1
WLM,1
XLM,1
YLM,1
ZLM,1
AMM,0
BMM,1
CMM,0
DMM,1
EMM,1
FMM,1
GMM,1
HMM,1
IMM,1
JMM,1
KMM,1
LMM,1
MMM,1
NMM,1
OMM,0
PMM,1
QMM,1
RMM,1
SMM,0
TMM,1
UMM,1
VMM,1
WMM,1
XMM,1
YMM,1
ZMM,0
ANM,1
BNM,1
CNM,0
DNM,0
ENM,1
FNM,0
GNM,1
HNM,1
INM,1
JNM,1
KNM,1
LNM,1
MNM,1
NNM,1
ONM,1
PNM,1
QNM,1
RNM,1
SNM,1
TNM,1
UNM,1
VNM,1
WNM,0
XNM,1
YNM,1
ZNM,1
AOM,1
BOM,1
COM,0
DOM,0
EOM,0
FOM,0
GOM,0
HOM,0
IOM,0
JOM,0
KOM,0
LOM,0
MOM,0
NOM,0
OOM,0
POM,1
QOM,1
ROM,1
SOM,1
TOM,1
UOM,1
VOM,1
WOM,1
XOM,1
YOM,1
ZOM,1
APM,1
BPM,1
CPM,1
DPM,1
EPM,1
FPM,0
GPM,1
HPM,1
IPM,0
JPM,1
KPM,1
LPM,1
MPM,1
NPM,1
OPM,1
PPM,1
QPM,1
RPM,0
SPM,0
TPM,0
UPM,1
VPM,1
WPM,1
XPM,1
YPM,1
ZPM,1
AQM,1
BQM,1
CQM,1
DQM,0
EQM,1
FQM,1
GQM,0
HQM,1
IQM,1
JQM,1
KQM,1
LQM,1
MQM,1
NQM,1
OQM,1
PQM,1
QQM,1
RQM,1
SQM,1
TQM,1
UQM,1
VQM,1
WQM,1
XQM,1
YQM,1
ZQM,1
ARM,1
BRM,1
CRM,1
DRM,1
ERM,1
FRM,1
GRM,0
HRM,1
IRM,1
JRM,0
KRM,1
LRM,1
MRM,0
NRM,1
ORM,0
PRM,0
QRM,1
RRM,0
SRM,0
TRM,1
URM,1
VRM,1
WRM,0
XRM,0
YRM,0
ZRM,0
ASM,0
BSM,0
CSM,0
DSM,0
ESM,0
FSM,0
GSM,0
HSM,0
ISM,0
JSM,1
KSM,1
LSM,1
MSM,1
NSM,1
OSM,1
PSM,1
QSM,1
RSM,1
SSM,1
TSM,1
USM,1
VSM,1
WSM,1
XSM,1
YSM,1
ZSM,1
ATM,1
BTM,0
CTM,0
DTM,0
ETM,0
FTM,0
GTM,1
HTM,1
ITM,0
JTM,1
KTM,1
LTM,1
MTM,1
NTM,1
OTM,1
PTM,1
QTM,1
RTM,0
STM,1
TTM,0
UTM,1
VTM,0
WTM,0
XTM,0
YTM,0
ZTM,1
AUM,1
BUM,1
CUM,1
DUM,1
EUM,1
FUM,0
GUM,1
HUM,1
IUM,1
JUM,1
KUM,0
LUM,1
MUM,1
NUM,0
OUM,0
PUM,1
QUM,1
RUM,1
SUM,1
TUM,1
UUM,1
VUM,1
WUM,1
XUM,1
YUM,1
ZUM,1
AVM,1
BVM,1
CVM,1
DVM,1
EVM,1
FVM,1
GVM,1
HVM,1
IVM,0
JVM,1
KVM,1
LVM,0
MVM,1
NVM,0
OVM,0
PVM,0
QVM,0
RVM,0
SVM,0
TVM,0
UVM,0
VVM,0
WVM,0
XVM,0
YVM,0
ZVM,0
AWM,0
BWM,0
CWM,0
DWM,0
EWM,0
FWM,0
GWM,0
HWM,0
IWM,0
JWM,0
KWM,0
LWM,0
MWM,0
NWM,0
OWM,0
PWM,0
QWM,1
RWM,1
SWM,1
TWM,1
UWM,1
VWM,1
WWM,1
XWM,1
YWM,1
ZWM,1
AXM,1
BXM,1
CXM,1
DXM,1
EXM,1
FXM,1
GXM,1
HXM,1
IXM,1
JXM,0
KXM,1
LXM,0
MXM,1
NXM,1
OXM,1
PXM,1
QXM,1
RXM,0
SXM,0
TXM,1
UXM,0
VXM,1
WXM,0
XXM,1
YXM,1
ZXM,0
AYM,1
BYM,1
CYM,1
DYM,0
EYM,1
FYM,0
GYM,1
HYM,1
IYM,1
JYM,1
KYM,1
LYM,0
MYM,1
NYM,1
OYM,1
PYM,0
QYM,0
RYM,1
SYM,1
TYM,1
UYM,1
VYM,1
WYM,1
XYM,1
YYM,1
ZYM,1
AZM,1
BZM,1
CZM,1
DZM,0
EZM,1
FZM,0
GZM,1
HZM,0
IZM,1
JZM,0
KZM,1
LZM,1
MZM,1
NZM,1
OZM,1
PZM,1
QZM,0
RZM,1
SZM,1
TZM,1
UZM,1
VZM,1
WZM,0
XZM,1
YZM,1
ZZM,1
AAN,1
BAN,1
CAN,1
DAN,1
EAN,1
FAN,1
GAN,1
HAN,1
IAN,1
JAN,1
KAN,1
LAN,0
MAN,1
NAN,1
OAN,1
PAN,1
QAN,0
RAN,1
SAN,1
TAN,1
UAN,1
VAN,1
WAN,1
XAN,1
YAN,1
ZAN,1
ABN,1
BBN,1
CBN,1
DBN,1
EBN,0
FBN,1
GBN,1
HBN,1
IBN,0
JBN,1
KBN,1
LBN,1
MBN,1
NBN,1
OBN,1
PBN,0
QBN,0
RBN,0
SBN,0
TBN,0
UBN,0
VBN,0
WBN,0
XBN,0
YBN,0
ZBN,0
ACN,0
BCN,0
CCN,0
DCN,0
ECN,0
FCN,0
GCN,0
HCN,0
ICN,0
JCN,0
KCN,0
LCN,0
MCN,0
NCN,0
OCN,0
PCN,0
QCN,0
RCN,0
SCN,0
TCN,0
UCN,0
VCN,0
WCN,0
XCN,0
YCN,1
ZCN,1
ADN,1
BDN,1
CDN,1
DDN,1
EDN,1
FDN,1
GDN,1
HDN,0
IDN,1
JDN,1
KDN,1
LDN,1
MDN,1
NDN,1
ODN,1
PDN,1
QDN,1
RDN,1
SDN,1
TDN,1
UDN,1
VDN,1
WDN,1
XDN,1
YDN,1
ZDN,1
AEN,1
BEN,1
CEN,1
DEN,1
EEN,1
FEN,1
GEN,1
HEN,1
IEN,1
JEN,1
KEN,1
LEN,1
MEN,1
NEN,0
OEN,1
PEN,1
QEN,1
REN,0
SEN,1
TEN,1
UEN,1
VEN,1
WEN,0
XEN,1
YEN,1
ZEN,1
AFN,1
BFN,1
CFN,1
DFN,1
EFN,1
FFN,1
GFN,1
HFN,1
IFN,1
JFN,1
KFN,1
LFN,0
MFN,0
NFN,1
OFN,1
PFN,1
QFN,1
RFN,1
SFN,1
TFN,1
UFN,0
VFN,1
WFN,1
XFN,0
YFN,1
ZFN,1
AGN,0
BGN,1
CGN,1
DGN,1
EGN,1
FGN,0
GGN,1
HGN,1
IGN,1
JGN,1
KGN,1
LGN,1
MGN,1
NGN,0
OGN,1
PGN,1
QGN,1
RGN,1
SGN,1
TGN,1
UGN,1
VGN,1
WGN,0
XGN,1
YGN,1
ZGN,1
AHN,1
BHN,1
CHN,1
DHN,0
EHN,0
FHN,0
GHN,0
HHN,0
IHN,0
JHN,0
KHN,0
LHN,0
MHN,1
NHN,1
OHN,1
PHN,0
QHN,1
RHN,1
SHN,1
THN,1
UHN,1
VHN,1
WHN,1
XHN,1
YHN,1
ZHN,1
AIN,0
BIN,1
CIN,1
DIN,0
EIN,1
FIN,1
GIN,1
HIN,1
IIN,0
JIN,0
KIN,1
LIN,1
MIN,0
NIN,0
OIN,1
PIN,0
QIN,1
RIN,1
SIN,1
TIN,1
UIN,1
VIN,1
WIN,1
XIN,1
YIN,1
ZIN,0
AJN,1
BJN,0
CJN,1
DJN,1
EJN,0
FJN,1
GJN,1
HJN,1
IJN,1
JJN,1
KJN,0
LJN,1
MJN,0
NJN,1
OJN,1
PJN,1
QJN,1
RJN,1
SJN,1
TJN,1
UJN,0
VJN,1
WJN,0
XJN,1
YJN,0
ZJN,1
AKN,0
BKN,1
CKN,1
DKN,1
EKN,1
FKN,1
GKN,1
HKN,1
IKN,1
JKN,1
KKN,1
LKN,1
MKN,0
NKN,1
OKN,1
PKN,1
QKN,1
RKN,1
SKN,1
TKN,1
UKN,1
VKN,0
WKN,1
XKN,1
YKN,1
ZKN,1
ALN,1
BLN,1
CLN,1
DLN,1
ELN,1
FLN,1
GLN,1
HLN,0
ILN,1
JLN,1
KLN,1
LLN,1
MLN,1
NLN,1
OLN,1
PLN,1
QLN,1
RLN,1
SLN,1
TLN,1
ULN,1
VLN,1
WLN,1
XLN,1
YLN,0
ZLN,0
AMN,1
BMN,1
CMN,1
DMN,1
EMN,1
FMN,1
GMN,1
HMN,1
IMN,1
JMN,1
KMN,0
LMN,0
MMN,0
NMN,0
OMN,0
PMN,0
QMN,0
RMN,0
SMN,0
TMN,1
UMN,1
VMN,1
WMN,1
XMN,0
YMN,1
ZMN,1
ANN,1
BNN,1
CNN,1
DNN,1
ENN,1
FNN,1
GNN,1
HNN,1
INN,1
JNN,0
KNN,1
LNN,1
MNN,1
NNN,1
ONN,1
PNN,0
QNN,1
RNN,0
SNN,1
TNN,1
UNN,1
VNN,0
WNN,1
XNN,1
YNN,0
ZNN,1
AON,0
BON,1
CON,0
DON,0
EON,1
FON,1
GON,1
HON,1
ION,1
JON,1
KON,1
LON,1
MON,1
NON,1
OON,1
PON,1
QON,0
RON,1
SON,1
TON,1
UON,1
VON,1
WON,1
XON,1
YON,0
ZON,1
APN,1
BPN,1
CPN,1
DPN,1
EPN,1
FPN,1
GPN,1
HPN,1
IPN,1
JPN,1
KPN,1
LPN,1
MPN,1
NPN,1
OPN,1
PPN,0
QPN,1
RPN,1
SPN,1
TPN,1
UPN,0
VPN,1
WPN,1
XPN,1
YPN,1
ZPN,1
AQN,1
BQN,1
CQN,1
DQN,1
EQN,0
FQN,1
GQN,1
HQN,0
IQN,1
JQN,0
KQN,1
LQN,0
MQN,1
NQN,1
OQN,1
PQN,1
QQN,1
RQN,1
SQN,1
TQN,1
UQN,1
VQN,1
WQN,1
XQN,0
YQN,1
ZQN,1
ARN,0
BRN,0
CRN,1
DRN,0
ERN,0
FRN,0
GRN,1
HRN,0
IRN,0
JRN,0
KRN,0
LRN,0
MRN,0
NRN,0
ORN,0
PRN,1
QRN,0
RRN,1
SRN,0
TRN,1
URN,1
VRN,1
WRN,1
XRN,1
YRN,1
ZRN,0
ASN,0
BSN,1
CSN,1
DSN,0
ESN,0
FSN,0
GSN,0
HSN,1
ISN,1
JSN,1
KSN,1
LSN,0
MSN,1
NSN,1
OSN,0
PSN,1
QSN,0
RSN,1
SSN,1
TSN,1
USN,1
VSN,1
WSN,1
XSN,1
YSN,0
ZSN,1
ATN,0
BTN,0
CTN,1
DTN,1
ETN,1
FTN,1
GTN,1
HTN,1
ITN,1
JTN,1
KTN,1
LTN,1
MTN,0
NTN,1
OTN,1
PTN,1
QTN,1
RTN,1
STN,1
TTN,1
UTN,1
VTN,1
WTN,1
XTN,1
YTN,0
ZTN,1
AUN,1
BUN,1
CUN,1
DUN,1
EUN,0
FUN,1
GUN,1
HUN,0
IUN,1
JUN,1
KUN,1
LUN,1
MUN,1
NUN,1
OUN,1
PUN,1
QUN,1
RUN,1
SUN,1
TUN,1
UUN,1
VUN,1
WUN,1
XUN,1
YUN,1
ZUN,1
AVN,1
BVN,1
CVN,1
DVN,1
EVN,1
FVN,1
GVN,1
HVN,1
IVN,1
JVN,1
KVN,1
LVN,1
MVN,1
NVN,1
OVN,1
PVN,1
QVN,1
RVN,1
SVN,1
TVN,1
UVN,1
VVN,1
WVN,0
XVN,0
YVN,1
ZVN,1
AWN,0
BWN,1
CWN,1
DWN,1
EWN,1
FWN,1
GWN,1
HWN,1
IWN,1
JWN,1
KWN,1
LWN,1
MWN,1
NWN,1
OWN,1
PWN,1
QWN,1
RWN,1
SWN,1
TWN,1
UWN,1
VWN,0
WWN,1
XWN,1
YWN,1
ZWN,1
AXN,1
BXN,1
CXN,0
DXN,0
EXN,1
FXN,1
GXN,1
HXN,1
IXN,0
JXN,0
KXN,0
LXN,0
MXN,0
NXN,0
OXN,0
PXN,0
QXN,0
RXN,0
SXN,0
TXN,0
UXN,0
VXN,0
WXN,0
XXN,0
YXN,0
ZXN,0
AYN,0
BYN,0
CYN,0
DYN,0
EYN,0
FYN,0
GYN,0
HYN,0
IYN,0
JYN,0
KYN,0
LYN,0
MYN,0
NYN,0
OYN,0
PYN,0
QYN,0
RYN,0
SYN,0
TYN,0
UYN,0
VYN,0
WYN,0
XYN,0
YYN,0
ZYN,0
AZN,0
BZN,1
CZN,1
DZN,1
EZN,1
FZN,1
GZN,1
HZN,0
IZN,1
JZN,1
KZN,1
LZN,1
MZN,1
NZN,1
OZN,1
PZN,1
QZN,1
RZN,1
SZN,1
TZN,1
UZN,1
VZN,0
WZN,1
XZN,0
YZN,1
ZZN,1
AAO,1
BAO,1
CAO,1
DAO,1
EAO,1
FAO,1
GAO,1
HAO,1
IAO,1
JAO,1
KAO,0
LAO,1
MAO,1
NAO,1
OAO,1
PAO,1
QAO,1
RAO,1
SAO,0
TAO,1
UAO,1
VAO,0
WAO,1
XAO,0
YAO,1
ZAO,1
ABO,1
BBO,1
CBO,1
DBO,1
EBO,1
FBO,1
GBO,1
HBO,1
IBO,1
JBO,1
KBO,1
LBO,0
MBO,1
NBO,1
OBO,0
PBO,1
QBO,1
RBO,0
SBO,1
TBO,0
UBO,0
VBO,1
WBO,1
XBO,1
YBO,0
ZBO,1
ACO,1
BCO,1
CCO,1
DCO,1
ECO,1
FCO,0
GCO,1
HCO,0
ICO,1
JCO,1
KCO,1
LCO,1
MCO,1
NCO,1
OCO,1
PCO,1
QCO,1
RCO,1
SCO,1
TCO,1
UCO,1
VCO,1
WCO,1
XCO,1
YCO,1
ZCO,1
ADO,1
BDO,1
CDO,1
DDO,1
EDO,0
FDO,1
GDO,1
HDO,0
IDO,1
JDO,1
KDO,1
LDO,1
MDO,1
NDO,1
ODO,1
PDO,1
QDO,1
RDO,1
SDO,1
TDO,1
UDO,1
VDO,1
WDO,1
XDO,1
YDO,0
ZDO,1
AEO,0
BEO,1
CEO,1
DEO,1
EEO,1
FEO,1
GEO,1
HEO,0
IEO,0
JEO,0
KEO,1
LEO,0
MEO,0
NEO,0
OEO,0
PEO,0
QEO,0
REO,0
SEO,0
TEO,0
UEO,0
VEO,0
WEO,0
XEO,0
YEO,0
ZEO,0
AFO,0
BFO,0
CFO,0
DFO,1
EFO,0
FFO,0
GFO,0
HFO,0
IFO,0
JFO,0
KFO,1
LFO,0
MFO,0
NFO,0
OFO,0
PFO,0
QFO,0
RFO,0
SFO,1
TFO,0
UFO,0
VFO,0
WFO,0
XFO,0
YFO,0
ZFO,1
AGO,0
BGO,0
CGO,0
DGO,0
EGO,0
FGO,0
GGO,0
HGO,0
IGO,0
JGO,0
KGO,1
LGO,0
MGO,0
NGO,0
OGO,0
PGO,0
QGO,0
RGO,0
SGO,0
TGO,0
UGO,0
VGO,0
WGO,0
XGO,1
YGO,1
ZGO,1
AHO,1
BHO,1
CHO,1
DHO,1
EHO,1
FHO,1
GHO,1
HHO,1
IHO,1
JHO,0
KHO,1
LHO,0
MHO,1
NHO,1
OHO,0
PHO,0
QHO,1
RHO,1
SHO,1
THO,1
UHO,1
VHO,1
WHO,1
XHO,1
YHO,1
ZHO,1
AIO,1
BIO,0
CIO,1
DIO,1
EIO,1
FIO,1
GIO,0
HIO,1
IIO,1
JIO,1
KIO,1
LIO,1
MIO,1
NIO,1
OIO,0
PIO,1
QIO,1
RIO,1
SIO,0
TIO,1
UIO,1
VIO,1
WIO,1
XIO,1
YIO,1
ZIO,1
AJO,1
BJO,1
CJO,1
DJO,0
EJO,1
FJO,1
GJO,1
HJO,1
IJO,1
JJO,1
KJO,1
LJO,1
MJO,1
NJO,0
OJO,0
PJO,1
QJO,1
RJO,1
SJO,1
TJO,0
UJO,1
VJO,0
WJO,0
XJO,1
YJO,1
ZJO,1
AKO,1
BKO,1
CKO,0
DKO,1
EKO,1
FKO,0
GKO,0
HKO,1
IKO,1
JKO,1
KKO,0
LKO,1
MKO,1
NKO,1
OKO,1
PKO,1
QKO,1
RKO,1
SKO,0
TKO,1
UKO,1
VKO,0
WKO,1
XKO,1
YKO,0
ZKO,1
ALO,1
BLO,1
CLO,0
DLO,1
ELO,1
FLO,1
GLO,1
HLO,1
ILO,0
JLO,1
KLO,1
LLO,1
MLO,0
NLO,0
OLO,0
PLO,0
QLO,0
RLO,1
SLO,0
TLO,0
ULO,1
VLO,0
WLO,0
XLO,0
YLO,0
ZLO,1
AMO,1
BMO,0
CMO,1
DMO,1
EMO,1
FMO,1
GMO,1
HMO,1
IMO,1
JMO,1
KMO,1
LMO,1
MMO,1
NMO,1
OMO,1
PMO,0
QMO,1
RMO,1
SMO,0
TMO,0
UMO,1
VMO,1
WMO,1
XMO,1
YMO,1
ZMO,1
ANO,1
BNO,0
CNO,1
DNO,1
ENO,1
FNO,1
GNO,1
HNO,0
INO,0
JNO,1
KNO,1
LNO,1
MNO,1
NNO,1
ONO,0
PNO,0
QNO,0
RNO,0
SNO,1
TNO,1
UNO,1
VNO,1
WNO,1
XNO,1
YNO,0
ZNO,1
AOO,1
BOO,1
COO,1
DOO,1
EOO,1
FOO,0
GOO,1
HOO,1
IOO,0
JOO,0
KOO,1
LOO,0
MOO,1
NOO,1
OOO,1
POO,1
QOO,1
ROO,1
SOO,1
TOO,0
UOO,1
VOO,1
WOO,1
XOO,0
YOO,0
ZOO,0
APO,1
BPO,1
CPO,1
DPO,1
EPO,1
FPO,1
GPO,1
HPO,1
IPO,1
JPO,0
KPO,1
LPO,1
MPO,0
NPO,1
OPO,1
PPO,1
QPO,1
RPO,1
SPO,1
TPO,0
UPO,1
VPO,0
WPO,1
XPO,1
YPO,1
ZPO,1
AQO,1
BQO,1
CQO,1
DQO,1
EQO,1
FQO,1
GQO,1
HQO,1
IQO,1
JQO,1
KQO,1
LQO,1
MQO,1
NQO,1
OQO,0
PQO,1
QQO,1
RQO,0
SQO,1
TQO,1
UQO,1
VQO,1
WQO,1
XQO,1
YQO,1
ZQO,1
ARO,1
BRO,1
CRO,0
DRO,0
ERO,0
FRO,0
GRO,0
HRO,0
IRO,0
JRO,0
KRO,0
LRO,0
MRO,0
NRO,1
ORO,1
PRO,1
QRO,1
RRO,1
SRO,1
TRO,1
URO,1
VRO,1
WRO,0
XRO,0
YRO,0
ZRO,1
ASO,1
BSO,1
CSO,0
DSO,1
ESO,1
FSO,0
GSO,1
HSO,1
ISO,1
JSO,1
KSO,1
LSO,1
MSO,1
NSO,1
OSO,1
PSO,0
QSO,1
RSO,1
SSO,1
TSO,1
USO,1
VSO,1
WSO,1
XSO,1
YSO,1
ZSO,0
ATO,1
BTO,1
CTO,1
DTO,1
ETO,1
FTO,1
GTO,1
HTO,1
ITO,1
JTO,1
KTO,1
LTO,1
MTO,0
NTO,1
OTO,1
PTO,1
QTO,1
RTO,1
STO,1
TTO,1
UTO,1
VTO,1
WTO,1
XTO,1
YTO,1
ZTO,1
AUO,1
BUO,1
CUO,1
DUO,0
EUO,0
FUO,0
GUO,0
HUO,1
IUO,0
JUO,0
KUO,0
LUO,0
MUO,0
NUO,0
OUO,0
PUO,0
QUO,0
RUO,0
SUO,0
TUO,1
UUO,1
VUO,1
WUO,0
XUO,1
YUO,0
ZUO,1
AVO,1
BVO,1
CVO,1
DVO,1
EVO,1
FVO,0
GVO,0
HVO,1
IVO,1
JVO,1
KVO,1
LVO,1
MVO,1
NVO,1
OVO,1
PVO,1
QVO,0
RVO,1
SVO,1
TVO,1
UVO,1
VVO,1
WVO,1
XVO,1
YVO,1
ZVO,1
AWO,1
BWO,0
CWO,1
DWO,0
EWO,1
FWO,1
GWO,0
HWO,0
IWO,1
JWO,1
KWO,1
LWO,1
MWO,0
NWO,1
OWO,1
PWO,1
QWO,1
RWO,0
SWO,0
TWO,1
UWO,1
VWO,1
WWO,1
XWO,0
YWO,1
ZWO,1
AXO,1
BXO,1
CXO,1
DXO,1
EXO,1
FXO,1
GXO,1
HXO,1
IXO,1
JXO,1
KXO,1
LXO,1
MXO,1
NXO,1
OXO,1
PXO,1
QXO,1
RXO,1
SXO,1
TXO,1
UXO,1
VXO,1
WXO,1
XXO,1
YXO,1
ZXO,1
AYO,1
BYO,1
CYO,1
DYO,0
EYO,1
FYO,1
GYO,1
HYO,1
IYO,1
JYO,1
KYO,1
LYO,1
MYO,1
NYO,1
OYO,1
PYO,0
QYO,0
RYO,1
SYO,1
TYO,1
UYO,1
VYO,0
WYO,1
XYO,1
YYO,1
ZYO,1
AZO,1
BZO,1
CZO,1
DZO,1
EZO,1
FZO,0
GZO,1
HZO,0
IZO,1
JZO,1
KZO,1
LZO,1
MZO,1
NZO,1
OZO,1
PZO,1
QZO,1
RZO,1
SZO,1
TZO,1
UZO,1
VZO,1
WZO,1
XZO,1
YZO,1
ZZO,1
AAP,1
BAP,1
CAP,1
DAP,1
EAP,1
FAP,1
GAP,1
HAP,1
IAP,1
JAP,1
KAP,1
LAP,1
MAP,1
NAP,1
OAP,1
PAP,1
QAP,1
RAP,1
SAP,1
TAP,1
UAP,1
VAP,1
WAP,1
XAP,1
YAP,1
ZAP,1
ABP,1
BBP,1
CBP,0
DBP,1
EBP,1
FBP,1
GBP,1
HBP,1
IBP,1
JBP,1
KBP,1
LBP,1
MBP,1
NBP,1
OBP,1
PBP,1
QBP,1
RBP,1
SBP,1
TBP,1
UBP,1
VBP,1
WBP,1
XBP,1
YBP,0
ZBP,1
ACP,0
BCP,1
CCP,0
DCP,1
ECP,0
FCP,1
GCP,1
HCP,1
ICP,1
JCP,1
KCP,1
LCP,1
MCP,1
NCP,1
OCP,1
PCP,0
QCP,1
RCP,0
SCP,0
TCP,1
UCP,0
VCP,0
WCP,0
XCP,0
YCP,0
ZCP,0
ADP,0
BDP,0
CDP,0
DDP,0
EDP,0
FDP,0
GDP,0
HDP,0
IDP,0
JDP,0
KDP,0
LDP,1
MDP,0
NDP,1
ODP,1
PDP,1
QDP,0
RDP,0
SDP,1
TDP,0
UDP,1
VDP,1
WDP,1
XDP,1
YDP,0
ZDP,1
AEP,1
BEP,0
CEP,0
DEP,0
EEP,0
FEP,1
GEP,1
HEP,0
IEP,0
JEP,1
KEP,1
LEP,1
MEP,1
NEP,1
OEP,1
PEP,1
QEP,1
REP,1
SEP,1
TEP,1
UEP,1
VEP,1
WEP,1
XEP,1
YEP,1
ZEP,1
AFP,1
BFP,1
CFP,1
DFP,0
EFP,1
FFP,1
GFP,1
HFP,1
IFP,1
JFP,1
KFP,1
LFP,0
MFP,1
NFP,0
OFP,1
PFP,1
QFP,1
RFP,1
SFP,1
TFP,1
UFP,1
VFP,0
WFP,1
XFP,1
YFP,0
ZFP,0
AGP,1
BGP,1
CGP,1
DGP,0
EGP,1
FGP,1
GGP,1
HGP,1
IGP,1
JGP,1
KGP,1
LGP,1
MGP,1
NGP,1
OGP,1
PGP,1
QGP,1
RGP,0
SGP,1
TGP,1
UGP,0
VGP,1
WGP,0
XGP,1
YGP,1
ZGP,1
AHP,1
BHP,1
CHP,1
DHP,1
EHP,1
FHP,1
GHP,1
HHP,1
IHP,1
JHP,1
KHP,1
LHP,1
MHP,1
NHP,1
OHP,1
PHP,1
QHP,1
RHP,1
SHP,1
THP,1
UHP,1
VHP,1
WHP,0
XHP,1
YHP,1
ZHP,1
AIP,1
BIP,1
CIP,1
DIP,1
EIP,1
FIP,1
GIP,0
HIP,0
IIP,1
JIP,0
KIP,0
LIP,1
MIP,0
NIP,0
OIP,0
PIP,0
QIP,0
RIP,0
SIP,0
TIP,0
UIP,0
VIP,0
WIP,0
XIP,0
YIP,0
ZIP,0
AJP,1
BJP,1
CJP,0
DJP,0
EJP,1
FJP,0
GJP,0
HJP,0
IJP,0
JJP,0
KJP,0
LJP,0
MJP,0
NJP,0
OJP,1
PJP,0
QJP,0
RJP,0
SJP,0
TJP,0
UJP,0
VJP,0
WJP,0
XJP,0
YJP,0
ZJP,0
AKP,0
BKP,0
CKP,0
DKP,0
EKP,1
FKP,0
GKP,1
HKP,1
IKP,1
JKP,1
KKP,1
LKP,1
MKP,0
NKP,1
OKP,1
PKP,1
QKP,1
RKP,0
SKP,1
TKP,1
UKP,1
VKP,1
WKP,1
XKP,1
YKP,1
ZKP,0
ALP,1
BLP,1
CLP,1
DLP,1
ELP,1
FLP,1
GLP,1
HLP,1
ILP,1
JLP,0
KLP,1
LLP,1
MLP,1
NLP,1
OLP,1
PLP,1
QLP,1
RLP,1
SLP,1
TLP,0
ULP,1
VLP,1
WLP,1
XLP,1
YLP,1
ZLP,1
AMP,1
BMP,1
CMP,1
DMP,1
EMP,1
FMP,1
GMP,1
HMP,0
IMP,1
JMP,1
KMP,0
LMP,1
MMP,1
NMP,0
OMP,1
PMP,1
QMP,1
RMP,1
SMP,0
TMP,1
UMP,1
VMP,1
WMP,1
XMP,1
YMP,1
ZMP,1
ANP,1
BNP,0
CNP,1
DNP,1
ENP,1
FNP,1
GNP,1
HNP,1
INP,1
JNP,1
KNP,1
LNP,1
MNP,1
NNP,0
ONP,1
PNP,1
QNP,1
RNP,1
SNP,1
TNP,0
UNP,1
VNP,1
WNP,0
XNP,0
YNP,0
ZNP,0
AOP,0
BOP,0
COP,0
DOP,0
EOP,1
FOP,0
GOP,0
HOP,1
IOP,0
JOP,0
KOP,0
LOP,0
MOP,1
NOP,1
OOP,0
POP,0
QOP,1
ROP,0
SOP,1
TOP,0
UOP,0
VOP,1
WOP,1
XOP,1
YOP,1
ZOP,1
APP,1
BPP,1
CPP,1
DPP,1
EPP,1
FPP,1
GPP,0
HPP,1
IPP,1
JPP,1
KPP,1
LPP,1
MPP,1
NPP,1
OPP,1
PPP,1
QPP,1
RPP,0
SPP,1
TPP,1
UPP,1
VPP,1
WPP,1
XPP,1
YPP,1
ZPP,1
AQP,1
BQP,1
CQP,1
DQP,1
EQP,0
FQP,1
GQP,1
HQP,1
IQP,1
JQP,1
KQP,0
LQP,1
MQP,1
NQP,1
OQP,1
PQP,1
QQP,1
RQP,1
SQP,1
TQP,1
UQP,1
VQP,1
WQP,1
XQP,1
YQP,0
ZQP,1
ARP,1
BRP,0
CRP,1
DRP,1
ERP,1
FRP,1
GRP,1
HRP,1
IRP,1
JRP,1
KRP,1
LRP,1
MRP,1
NRP,1
ORP,0
PRP,0
QRP,1
RRP,1
SRP,1
TRP,1
URP,0
VRP,1
WRP,1
XRP,1
YRP,0
ZRP,1
ASP,0
BSP,1
CSP,1
DSP,1
ESP,1
FSP,1
GSP,1
HSP,1
ISP,1
JSP,1
KSP,1
LSP,1
MSP,1
NSP,1
OSP,0
PSP,1
QSP,1
RSP,1
SSP,1
TSP,1
USP,1
VSP,1
WSP,1
XSP,1
YSP,0
ZSP,0
ATP,0
BTP,1
CTP,1
DTP,1
ETP,1
FTP,1
GTP,1
HTP,0
ITP,1
JTP,1
KTP,1
LTP,1
MTP,1
NTP,1
OTP,0
PTP,0
QTP,1
RTP,1
STP,0
TTP,0
UTP,1
VTP,0
WTP,0
XTP,0
YTP,0
ZTP,0
AUP,1
BUP,0
CUP,0
DUP,1
EUP,1
FUP,1
GUP,1
HUP,1
IUP,1
JUP,1
KUP,1
LUP,1
MUP,1
NUP,0
OUP,1
PUP,1
QUP,1
RUP,1
SUP,1
TUP,1
UUP,1
VUP,1
WUP,1
XUP,1
YUP,0
ZUP,1
AVP,1
BVP,0
CVP,1
DVP,1
EVP,0
FVP,1
GVP,1
HVP,1
IVP,1
JVP,1
KVP,1
LVP,1
MVP,1
NVP,1
OVP,1
PVP,1
QVP,1
RVP,0
SVP,1
TVP,1
UVP,1
VVP,0
WVP,1
XVP,1
YVP,1
ZVP,0
AWP,1
BWP,1
CWP,1
DWP,1
EWP,1
FWP,1
GWP,1
HWP,1
IWP,1
JWP,1
KWP,1
LWP,1
MWP,1
NWP,1
OWP,1
PWP,1
QWP,1
RWP,1
SWP,1
TWP,0
UWP,0
VWP,0
WWP,0
XWP,0
YWP,0
ZWP,1
AXP,0
BXP,0
CXP,0
DXP,0
EXP,0
FXP,0
GXP,0
HXP,0
IXP,0
JXP,1
KXP,1
LXP,1
MXP,1
NXP,1
OXP,1
PXP,1
QXP,1
RXP,0
SXP,1
TXP,1
UXP,1
VXP,1
WXP,1
XXP,1
YXP,1
ZXP,1
AYP,1
BYP,1
CYP,0
DYP,0
EYP,1
FYP,0
GYP,1
HYP,1
IYP,1
JYP,1
KYP,0
LYP,0
MYP,0
NYP,0
OYP,1
PYP,1
QYP,1
RYP,0
SYP,1
TYP,0
UYP,1
VYP,1
WYP,1
XYP,1
YYP,1
ZYP,1
AZP,1
BZP,1
CZP,1
DZP,1
EZP,1
FZP,1
GZP,0
HZP,1
IZP,0
JZP,1
KZP,1
LZP,1
MZP,1
NZP,0
OZP,1
PZP,1
QZP,1
RZP,1
SZP,1
TZP,1
UZP,1
VZP,0
WZP,0
XZP,0
YZP,0
ZZP,0
AAQ,0
BAQ,0
CAQ,0
DAQ,0
EAQ,0
FAQ,0
GAQ,0
HAQ,0
IAQ,0
JAQ,0
KAQ,0
LAQ,0
MAQ,0
NAQ,0
OAQ,1
PAQ,1
QAQ,1
RAQ,1
SAQ,1
TAQ,0
UAQ,0
VAQ,1
WAQ,1
XAQ,1
YAQ,1
ZAQ,1
ABQ,1
BBQ,1
CBQ,1
DBQ,1
EBQ,0
FBQ,1
GBQ,1
HBQ,0
IBQ,1
JBQ,1
KBQ,1
LBQ,1
MBQ,1
NBQ,1
OBQ,1
PBQ,1
QBQ,1
RBQ,1
SBQ,1
TBQ,1
UBQ,1
VBQ,0
WBQ,1
XBQ,0
YBQ,1
ZBQ,1
ACQ,1
BCQ,1
CCQ,1
DCQ,1
ECQ,1
FCQ,1
GCQ,1
HCQ,1
ICQ,1
JCQ,1
KCQ,1
LCQ,1
MCQ,1
NCQ,1
OCQ,1
PCQ,1
QCQ,1
RCQ,0
SCQ,1
TCQ,1
UCQ,1
VCQ,1
WCQ,1
XCQ,1
YCQ,0
ZCQ,1
ADQ,1
BDQ,1
CDQ,1
DDQ,1
EDQ,1
FDQ,1
GDQ,1
HDQ,0
IDQ,0
JDQ,1
KDQ,1
LDQ,1
MDQ,1
NDQ,1
ODQ,1
PDQ,0
QDQ,0
RDQ,0
SDQ,1
TDQ,1
UDQ,0
VDQ,1
WDQ,1
XDQ,1
YDQ,1
ZDQ,1
AEQ,1
BEQ,1
CEQ,1
DEQ,1
EEQ,1
FEQ,1
GEQ,0
HEQ,0
IEQ,1
JEQ,1
KEQ,1
LEQ,1
MEQ,1
NEQ,0
OEQ,1
PEQ,1
QEQ,1
REQ,1
SEQ,0
TEQ,1
UEQ,1
VEQ,1
WEQ,1
XEQ,1
YEQ,1
ZEQ,1
AFQ,0
BFQ,1
CFQ,1
DFQ,1
EFQ,1
FFQ,1
GFQ,1
HFQ,1
IFQ,1
JFQ,1
KFQ,1
LFQ,1
MFQ,0
NFQ,1
OFQ,1
PFQ,1
QFQ,1
RFQ,0
SFQ,0
TFQ,0
UFQ,0
VFQ,0
WFQ,1
XFQ,0
YFQ,0
ZFQ,0
AGQ,0
BGQ,0
CGQ,1
DGQ,0
EGQ,0
FGQ,0
GGQ,1
HGQ,0
IGQ,0
JGQ,0
KGQ,0
LGQ,0
MGQ,0
NGQ,0
OGQ,0
PGQ,0
QGQ,0
RGQ,0
SGQ,0
TGQ,0
UGQ,0
VGQ,0
WGQ,0
XGQ,0
YGQ,0
ZGQ,0
AHQ,0
BHQ,0
CHQ,0
DHQ,0
EHQ,0
FHQ,1
GHQ,1
HHQ,1
IHQ,0
JHQ,1
KHQ,1
LHQ,1
MHQ,1
NHQ,1
OHQ,1
PHQ,1
QHQ,1
RHQ,0
SHQ,1
THQ,0
UHQ,1
VHQ,0
WHQ,1
XHQ,1
YHQ,1
ZHQ,1
AIQ,1
BIQ,1
CIQ,0
DIQ,0
EIQ,0
FIQ,1
GIQ,1
HIQ,0
IIQ,1
JIQ,1
KIQ,1
LIQ,1
MIQ,1
NIQ,1
OIQ,1
PIQ,1
QIQ,1
RIQ,1
SIQ,1
TIQ,1
UIQ,0
VIQ,1
WIQ,1
XIQ,1
YIQ,1
ZIQ,1
AJQ,0
BJQ,1
CJQ,1
DJQ,1
EJQ,0
FJQ,1
GJQ,1
HJQ,1
IJQ,1
JJQ,1
KJQ,1
LJQ,1
MJQ,1
NJQ,1
OJQ,1
PJQ,0
QJQ,1
RJQ,1
SJQ,0
TJQ,1
UJQ,0
VJQ,1
WJQ,1
XJQ,1
YJQ,1
ZJQ,0
AKQ,1
BKQ,1
CKQ,1
DKQ,0
EKQ,1
FKQ,1
GKQ,1
HKQ,1
IKQ,1
JKQ,1
KKQ,1
LKQ,1
MKQ,1
NKQ,1
OKQ,1
PKQ,1
QKQ,1
RKQ,1
SKQ,1
TKQ,0
UKQ,1
VKQ,0
WKQ,0
XKQ,0
YKQ,1
ZKQ,1
ALQ,1
BLQ,1
CLQ,1
DLQ,1
ELQ,1
FLQ,1
GLQ,1
HLQ,1
ILQ,0
JLQ,1
KLQ,1
LLQ,1
MLQ,1
NLQ,0
OLQ,1
PLQ,1
QLQ,1
RLQ,1
SLQ,1
TLQ,0
ULQ,0
VLQ,0
WLQ,0
XLQ,0
YLQ,0
ZLQ,0
AMQ,0
BMQ,0
CMQ,0
DMQ,0
EMQ,0
FMQ,0
GMQ,0
HMQ,0
IMQ,0
JMQ,0
KMQ,0
LMQ,0
MMQ,0
NMQ,0
OMQ,0
PMQ,0
QMQ,0
RMQ,0
SMQ,0
TMQ,0
UMQ,0
VMQ,1
WMQ,0
XMQ,0
YMQ,0
ZMQ,0
ANQ,0
BNQ,0
CNQ,0
DNQ,0
ENQ,1
FNQ,0
GNQ,0
HNQ,0
INQ,0
JNQ,1
KNQ,0
LNQ,0
MNQ,1
NNQ,1
ONQ,1
PNQ,1
QNQ,1
RNQ,1
SNQ,1
TNQ,1
UNQ,1
VNQ,1
WNQ,1
XNQ,1
YNQ,1
ZNQ,0
AOQ,1
BOQ,1
COQ,1
DOQ,1
EOQ,0
FOQ,1
GOQ,1
HOQ,1
IOQ,1
JOQ,1
KOQ,1
LOQ,1
MOQ,0
NOQ,0
OOQ,0
POQ,1
QOQ,1
ROQ,1
SOQ,0
TOQ,1
UOQ,1
VOQ,0
WOQ,1
XOQ,1
YOQ,1
ZOQ,1
APQ,1
BPQ,1
CPQ,1
DPQ,1
EPQ,0
FPQ,1
GPQ,1
HPQ,1
IPQ,1
JPQ,1
KPQ,1
LPQ,1
MPQ,1
NPQ,1
OPQ,1
PPQ,0
QPQ,0
RPQ,1
SPQ,1
TPQ,1
UPQ,1
VPQ,1
WPQ,1
XPQ,1
YPQ,1
ZPQ,1
AQQ,1
BQQ,0
CQQ,0
DQQ,0
EQQ,0
FQQ,0
GQQ,1
HQQ,1
IQQ,0
JQQ,1
KQQ,0
LQQ,0
MQQ,1
NQQ,0
OQQ,1
PQQ,1
QQQ,1
RQQ,1
SQQ,1
TQQ,1
UQQ,1
VQQ,1
WQQ,1
XQQ,1
YQQ,1
ZQQ,1
ARQ,1
BRQ,1
CRQ,1
DRQ,1
ERQ,1
FRQ,1
GRQ,1
HRQ,1
IRQ,1
JRQ,1
KRQ,1
LRQ,1
MRQ,1
NRQ,1
ORQ,1
PRQ,1
QRQ,1
RRQ,1
SRQ,1
TRQ,1
URQ,0
VRQ,1
WRQ,1
XRQ,1
YRQ,1
ZRQ,1
ASQ,1
BSQ,0
CSQ,1
DSQ,1
ESQ,1
FSQ,1
GSQ,0
HSQ,0
ISQ,1
JSQ,0
KSQ,1
LSQ,1
MSQ,1
NSQ,1
OSQ,0
PSQ,1
QSQ,0
RSQ,1
SSQ,1
TSQ,1
USQ,1
VSQ,1
WSQ,1
XSQ,1
YSQ,1
ZSQ,1
ATQ,1
BTQ,1
CTQ,1
DTQ,0
ETQ,1
FTQ,1
GTQ,1
HTQ,0
ITQ,0
JTQ,1
KTQ,1
LTQ,1
MTQ,1
NTQ,1
OTQ,1
PTQ,1
QTQ,1
RTQ,1
STQ,1
TTQ,1
UTQ,1
VTQ,1
WTQ,1
XTQ,1
YTQ,1
ZTQ,1
AUQ,1
BUQ,1
CUQ,1
DUQ,1
EUQ,1
FUQ,1
GUQ,1
HUQ,1
IUQ,1
JUQ,1
KUQ,1
LUQ,1
MUQ,1
NUQ,0
OUQ,1
PUQ,0
QUQ,1
RUQ,1
SUQ,1
TUQ,1
UUQ,1
VUQ,1
WUQ,0
XUQ,1
YUQ,1
ZUQ,1
AVQ,0
BVQ,0
CVQ,1
DVQ,1
EVQ,1
FVQ,1
GVQ,1
HVQ,1
IVQ,1
JVQ,1
KVQ,1
LVQ,0
MVQ,1
NVQ,1
OVQ,1
PVQ,1
QVQ,0
RVQ,1
SVQ,0
TVQ,0
UVQ,0
VVQ,0
WVQ,0
XVQ,1
YVQ,1
ZVQ,1
AWQ,1
BWQ,1
CWQ,0
DWQ,1
EWQ,1
FWQ,1
GWQ,1
HWQ,0
IWQ,1
JWQ,0
KWQ,1
LWQ,0
MWQ,0
NWQ,1
OWQ,0
PWQ,0
QWQ,0
RWQ,0
SWQ,1
TWQ,1
UWQ,0
VWQ,1
WWQ,1
XWQ,1
YWQ,0
ZWQ,1
AXQ,1
BXQ,1
CXQ,0
DXQ,1
EXQ,0
FXQ,1
GXQ,1
HXQ,1
IXQ,1
JXQ,1
KXQ,1
LXQ,1
MXQ,1
NXQ,0
OXQ,1
PXQ,1
QXQ,1
RXQ,1
SXQ,1
TXQ,1
UXQ,1
VXQ,0
WXQ,1
XXQ,1
YXQ,1
ZXQ,1
AYQ,1
BYQ,1
CYQ,0
DYQ,1
EYQ,0
FYQ,1
GYQ,1
HYQ,1
IYQ,1
JYQ,1
KYQ,1
LYQ,1
MYQ,1
NYQ,1
OYQ,1
PYQ,0
QYQ,0
RYQ,1
SYQ,0
TYQ,1
UYQ,1
VYQ,1
WYQ,1
XYQ,1
YYQ,0
ZYQ,1
AZQ,0
BZQ,1
CZQ,1
DZQ,1
EZQ,1
FZQ,1
GZQ,1
HZQ,1
IZQ,1
JZQ,1
KZQ,1
LZQ,1
MZQ,1
NZQ,1
OZQ,1
PZQ,1
QZQ,1
RZQ,1
SZQ,0
TZQ,1
UZQ,1
VZQ,0
WZQ,1
XZQ,1
YZQ,0
ZZQ,0
AAR,1
BAR,0
CAR,0
DAR,0
EAR,0
FAR,0
GAR,1
HAR,1
IAR,1
JAR,0
KAR,1
LAR,0
MAR,0
NAR,1
OAR,1
PAR,1
QAR,1
RAR,0
SAR,0
TAR,0
UAR,0
VAR,1
WAR,0
XAR,1
YAR,1
ZAR,1
ABR,1
BBR,1
CBR,1
DBR,1
EBR,0
FBR,1
GBR,1
HBR,1
IBR,1
JBR,1
KBR,0
LBR,1
MBR,0
NBR,1
OBR,1
PBR,1
QBR,1
RBR,1
SBR,1
TBR,1
UBR,0
VBR,1
WBR,0
XBR,1
YBR,1
ZBR,1
ACR,1
BCR,1
CCR,1
DCR,1
ECR,1
FCR,1
GCR,1
HCR,1
ICR,1
JCR,0
KCR,1
LCR,1
MCR,1
NCR,1
OCR,1
PCR,1
QCR,1
RCR,1
SCR,1
TCR,1
UCR,0
VCR,1
WCR,0
XCR,1
YCR,0
ZCR,1
ADR,0
BDR,1
CDR,1
DDR,1
EDR,0
FDR,1
GDR,1
HDR,1
IDR,1
JDR,1
KDR,1
LDR,1
MDR,1
NDR,1
ODR,1
PDR,1
QDR,1
RDR,1
SDR,1
TDR,1
UDR,1
VDR,1
WDR,1
XDR,1
YDR,1
ZDR,1
AER,1
BER,1
CER,1
DER,0
EER,1
FER,1
GER,1
HER,1
IER,0
JER,1
KER,0
LER,1
MER,1
NER,1
OER,1
PER,1
QER,0
RER,1
SER,1
TER,1
UER,1
VER,1
WER,1
XER,1
YER,1
ZER,1
AFR,1
BFR,1
CFR,1
DFR,1
EFR,1
FFR,1
GFR,0
HFR,0
IFR,1
JFR,0
KFR,0
LFR,0
MFR,0
NFR,0
OFR,0
PFR,0
QFR,0
RFR,0
SFR,0
TFR,0
UFR,0
VFR,0
WFR,0
XFR,0
YFR,1
ZFR,0
AGR,0
BGR,0
CGR,1
DGR,1
EGR,1
FGR,0
GGR,1
HGR,1
IGR,1
JGR,1
KGR,1
LGR,1
MGR,1
NGR,0
OGR,0
PGR,1
QGR,1
RGR,0
SGR,1
TGR,1
UGR,1
VGR,1
WGR,1
XGR,1
YGR,1
ZGR,1
AHR,0
BHR,1
CHR,1
DHR,1
EHR,1
FHR,1
GHR,1
HHR,1
IHR,1
JHR,1
KHR,1
LHR,1
MHR,1
NHR,0
OHR,1
PHR,1
QHR,1
RHR,1
SHR,0
THR,0
UHR,0
VHR,0
WHR,0
XHR,0
YHR,0
ZHR,0
AIR,0
BIR,0
CIR,0
DIR,0
EIR,0
FIR,0
GIR,0
HIR,0
IIR,0
JIR,0
KIR,0
LIR,0
MIR,0
NIR,0
OIR,0
PIR,0
QIR,0
RIR,0
SIR,0
TIR,0
UIR,0
VIR,0
WIR,0
XIR,0
YIR,0
ZIR,0
AJR,0
BJR,0
CJR,0
DJR,0
EJR,0
FJR,0
GJR,0
HJR,0
IJR,0
JJR,0
KJR,0
LJR,0
MJR,0
NJR,0
OJR,0
PJR,0
QJR,0
RJR,0
SJR,0
TJR,0
UJR,0
VJR,1
WJR,1
XJR,1
YJR,1
ZJR,1
AKR,0
BKR,1
CKR,1
DKR,1
EKR,1
FKR,1
GKR,1
HKR,1
IKR,1
JKR,1
KKR,1
LKR,1
MKR,1
NKR,1
OKR,1
PKR,1
QKR,1
RKR,1
SKR,1
TKR,0
UKR,1
VKR,1
WKR,1
XKR,1
YKR,0
ZKR,1
ALR,1
BLR,1
CLR,1
DLR,1
ELR,1
FLR,1
GLR,1
HLR,1
ILR,1
JLR,1
KLR,1
LLR,0
MLR,1
NLR,1
OLR,1
PLR,1
QLR,1
RLR,1
SLR,1
TLR,1
ULR,1
VLR,1
WLR,1
XLR,1
YLR,1
ZLR,1
AMR,0
BMR,0
CMR,1
DMR,1
EMR,1
FMR,1
GMR,1
HMR,0
IMR,1
JMR,1
KMR,1
LMR,1
MMR,1
NMR,1
OMR,1
PMR,1
QMR,1
RMR,1
SMR,0
TMR,1
UMR,1
VMR,1
WMR,1
XMR,1
YMR,0
ZMR,1
ANR,1
BNR,1
CNR,1
DNR,1
ENR,1
FNR,0
GNR,0
HNR,0
INR,0
JNR,0
KNR,0
LNR,0
MNR,0
NNR,0
ONR,0
PNR,0
QNR,0
RNR,0
SNR,0
TNR,0
UNR,0
VNR,1
WNR,1
XNR,0
YNR,1
ZNR,1
AOR,1
BOR,1
COR,1
DOR,1
EOR,1
FOR,0
GOR,1
HOR,1
IOR,0
JOR,1
KOR,1
LOR,1
MOR,1
NOR,1
OOR,1
POR,1
QOR,1
ROR,1
SOR,1
TOR,1
UOR,1
VOR,1
WOR,1
XOR,0
YOR,0
ZOR,0
APR,1
BPR,1
CPR,0
DPR,1
EPR,1
FPR,1
GPR,1
HPR,1
IPR,1
JPR,0
KPR,0
LPR,1
MPR,1
NPR,1
OPR,1
PPR,1
QPR,1
RPR,0
SPR,1
TPR,1
UPR,1
VPR,1
WPR,0
XPR,1
YPR,1
ZPR,1
AQR,1
BQR,1
CQR,1
DQR,1
EQR,1
FQR,1
GQR,1
HQR,1
IQR,1
JQR,1
KQR,1
LQR,1
MQR,1
NQR,0
OQR,1
PQR,1
QQR,0
RQR,0
SQR,0
TQR,0
UQR,0
VQR,0
WQR,0
XQR,0
YQR,0
ZQR,0
ARR,0
BRR,0
CRR,0
DRR,0
ERR,0
FRR,1
GRR,1
HRR,1
IRR,1
JRR,1
KRR,1
LRR,1
MRR,1
NRR,1
ORR,1
PRR,1
QRR,0
RRR,1
SRR,1
TRR,1
URR,0
VRR,1
WRR,1
XRR,1
YRR,0
ZRR,1
ASR,1
BSR,1
CSR,1
DSR,1
ESR,1
FSR,1
GSR,1
HSR,1
ISR,1
JSR,1
KSR,1
LSR,0
MSR,1
NSR,1
OSR,0
PSR,1
QSR,1
RSR,1
SSR,1
TSR,1
USR,1
VSR,0
WSR,1
XSR,0
YSR,1
ZSR,1
ATR,1
BTR,1
CTR,1
DTR,1
ETR,1
FTR,1
GTR,1
HTR,0
ITR,0
JTR,0
KTR,0
LTR,0
MTR,0
NTR,1
OTR,1
PTR,1
QTR,1
RTR,0
STR,1
TTR,1
UTR,1
VTR,1
WTR,1
XTR,1
YTR,1
ZTR,0
AUR,1
BUR,1
CUR,1
DUR,1
EUR,1
FUR,1
GUR,1
HUR,1
IUR,0
JUR,1
KUR,1
LUR,1
MUR,1
NUR,0
OUR,0
PUR,0
QUR,0
RUR,0
SUR,0
TUR,0
UUR,1
VUR,0
WUR,0
XUR,1
YUR,0
ZUR,1
AVR,1
BVR,1
CVR,1
DVR,1
EVR,0
FVR,1
GVR,0
HVR,1
IVR,1
JVR,1
KVR,1
LVR,1
MVR,1
NVR,1
OVR,1
PVR,1
QVR,1
RVR,1
SVR,1
TVR,1
UVR,1
VVR,1
WVR,1
XVR,1
YVR,0
ZVR,1
AWR,0
BWR,0
CWR,0
DWR,0
EWR,1
FWR,0
GWR,1
HWR,0
IWR,1
JWR,1
KWR,1
LWR,1
MWR,1
NWR,1
OWR,1
PWR,1
QWR,0
RWR,1
SWR,1
TWR,1
UWR,1
VWR,1
WWR,1
XWR,1
YWR,1
ZWR,1
AXR,0
BXR,1
CXR,1
DXR,1
EXR,1
FXR,1
GXR,1
HXR,1
IXR,0
JXR,1
KXR,1
LXR,1
MXR,1
NXR,1
OXR,1
PXR,1
QXR,0
RXR,0
SXR,1
TXR,1
UXR,1
VXR,1
WXR,1
XXR,0
YXR,1
ZXR,1
AYR,1
BYR,1
CYR,1
DYR,1
EYR,1
FYR,1
GYR,1
HYR,1
IYR,1
JYR,1
KYR,0
LYR,0
MYR,1
NYR,1
OYR,0
PYR,1
QYR,1
RYR,1
SYR,1
TYR,1
UYR,1
VYR,1
WYR,0
XYR,1
YYR,1
ZYR,1
AZR,1
BZR,1
CZR,1
DZR,1
EZR,1
FZR,1
GZR,1
HZR,1
IZR,1
JZR,1
KZR,0
LZR,1
MZR,0
NZR,1
OZR,1
PZR,1
QZR,1
RZR,1
SZR,1
TZR,0
UZR,1
VZR,1
WZR,0
XZR,0
YZR,0
ZZR,0
AAS,1
BAS,0
CAS,0
DAS,0
EAS,0
FAS,0
GAS,0
HAS,0
IAS,0
JAS,1
KAS,0
LAS,0
MAS,0
NAS,0
OAS,1
PAS,1
QAS,0
RAS,0
SAS,0
TAS,0
UAS,1
VAS,0
WAS,0
XAS,0
YAS,0
ZAS,0
ABS,0
BBS,0
CBS,0
DBS,0
EBS,1
FBS,0
GBS,0
HBS,0
IBS,0
JBS,0
KBS,0
LBS,0
MBS,0
NBS,0
OBS,0
PBS,0
QBS,0
RBS,0
SBS,0
TBS,0
UBS,0
VBS,0
WBS,0
XBS,0
YBS,1
ZBS,1
ACS,1
BCS,1
CCS,0
DCS,1
ECS,1
FCS,1
GCS,1
HCS,1
ICS,0
JCS,1
KCS,1
LCS,1
MCS,1
NCS,1
OCS,1
PCS,1
QCS,0
RCS,0
SCS,1
TCS,0
UCS,1
VCS,1
WCS,0
XCS,1
YCS,0
ZCS,1
ADS,1
BDS,1
CDS,1
DDS,1
EDS,1
FDS,0
GDS,1
HDS,1
IDS,1
JDS,1
KDS,1
LDS,1
MDS,1
NDS,0
ODS,1
PDS,1
QDS,0
RDS,1
SDS,1
TDS,1
UDS,1
VDS,1
WDS,1
XDS,1
YDS,1
ZDS,1
AES,1
BES,1
CES,0
DES,1
EES,1
FES,1
GES,1
HES,0
IES,1
JES,1
KES,1
LES,1
MES,1
NES,1
OES,1
PES,0
QES,1
RES,1
SES,1
TES,1
UES,1
VES,0
WES,1
XES,1
YES,0
ZES,1
AFS,1
BFS,0
CFS,0
DFS,0
EFS,1
FFS,0
GFS,0
HFS,0
IFS,0
JFS,0
KFS,0
LFS,0
MFS,1
NFS,0
OFS,1
PFS,1
QFS,1
RFS,1
SFS,1
TFS,1
UFS,1
VFS,1
WFS,1
XFS,1
YFS,1
ZFS,1
AGS,1
BGS,1
CGS,1
DGS,1
EGS,1
FGS,1
GGS,1
HGS,1
IGS,1
JGS,1
KGS,1
LGS,1
MGS,1
NGS,1
OGS,1
PGS,1
QGS,1
RGS,1
SGS,0
TGS,1
UGS,0
VGS,1
WGS,0
XGS,1
YGS,1
ZGS,1
AHS,1
BHS,1
CHS,0
DHS,1
EHS,1
FHS,1
GHS,1
HHS,1
IHS,1
JHS,1
KHS,1
LHS,1
MHS,1
NHS,1
OHS,1
PHS,0
QHS,1
RHS,0
SHS,1
THS,1
UHS,0
VHS,1
WHS,1
XHS,1
YHS,1
ZHS,1
AIS,1
BIS,1
CIS,1
DIS,1
EIS,1
FIS,1
GIS,1
HIS,1
IIS,0
JIS,1
KIS,1
LIS,1
MIS,1
NIS,1
OIS,1
PIS,1
QIS,0
RIS,1
SIS,1
TIS,1
UIS,0
VIS,1
WIS,1
XIS,1
YIS,1
ZIS,0
AJS,1
BJS,1
CJS,0
DJS,0
EJS,0
FJS,1
GJS,0
HJS,0
IJS,0
JJS,1
KJS,1
LJS,0
MJS,0
NJS,0
OJS,0
PJS,0
QJS,0
RJS,0
SJS,0
TJS,0
UJS,0
VJS,0
WJS,0
XJS,0
YJS,0
ZJS,0
AKS,1
BKS,0
CKS,0
DKS,1
EKS,1
FKS,1
GKS,1
HKS,1
IKS,1
JKS,1
KKS,0
LKS,1
MKS,1
NKS,1
OKS,1
PKS,1
QKS,1
RKS,1
SKS,0
TKS,0
UKS,0
VKS,0
WKS,0
XKS,0
YKS,0
ZKS,0
ALS,0
BLS,0
CLS,0
DLS,0
ELS,0
FLS,0
GLS,0
HLS,0
ILS,0
JLS,0
KLS,0
LLS,0
MLS,1
NLS,0
OLS,0
PLS,0
QLS,0
RLS,0
SLS,0
TLS,0
ULS,0
VLS,0
WLS,0
XLS,0
YLS,1
ZLS,1
AMS,1
BMS,1
CMS,1
DMS,1
EMS,1
FMS,0
GMS,1
HMS,0
IMS,1
JMS,1
KMS,1
LMS,1
MMS,1
NMS,1
OMS,1
PMS,0
QMS,1
RMS,1
SMS,1
TMS,1
UMS,1
VMS,1
WMS,0
XMS,0
YMS,1
ZMS,1
ANS,1
BNS,1
CNS,1
DNS,1
ENS,1
FNS,1
GNS,0
HNS,0
INS,1
JNS,1
KNS,1
LNS,1
MNS,1
NNS,1
ONS,1
PNS,0
QNS,1
RNS,1
SNS,1
TNS,0
UNS,1
VNS,1
WNS,1
XNS,1
YNS,1
ZNS,1
AOS,1
BOS,1
COS,1
DOS,1
EOS,1
FOS,1
GOS,1
HOS,1
IOS,1
JOS,1
KOS,1
LOS,1
MOS,0
NOS,1
OOS,1
POS,1
QOS,1
ROS,1
SOS,0
TOS,1
UOS,1
VOS,1
WOS,1
XOS,0
YOS,1
ZOS,1
APS,1
BPS,1
CPS,1
DPS,1
EPS,1
FPS,1
GPS,1
HPS,1
IPS,1
JPS,1
KPS,0
LPS,1
MPS,0
NPS,0
OPS,0
PPS,0
QPS,0
RPS,0
SPS,0
TPS,1
UPS,0
VPS,0
WPS,0
XPS,0
YPS,0
ZPS,1
AQS,1
BQS,1
CQS,1
DQS,1
EQS,0
FQS,1
GQS,1
HQS,1
IQS,0
JQS,1
KQS,1
LQS,1
MQS,1
NQS,1
OQS,0
PQS,0
QQS,1
RQS,1
SQS,1
TQS,1
UQS,1
VQS,1
WQS,1
XQS,1
YQS,1
ZQS,1
ARS,0
BRS,1
CRS,1
DRS,1
ERS,1
FRS,1
GRS,1
HRS,0
IRS,1
JRS,1
KRS,0
LRS,0
MRS,0
NRS,1
ORS,0
PRS,0
QRS,1
RRS,1
SRS,1
TRS,0
URS,1
VRS,1
WRS,1
XRS,1
YRS,0
ZRS,1
ASS,1
BSS,1
CSS,1
DSS,1
ESS,1
FSS,0
GSS,1
HSS,1
ISS,1
JSS,1
KSS,1
LSS,1
MSS,1
NSS,1
OSS,1
PSS,1
QSS,1
RSS,1
SSS,1
TSS,1
USS,1
VSS,0
WSS,1
XSS,1
YSS,1
ZSS,1
ATS,1
BTS,1
CTS,1
DTS,1
ETS,1
FTS,1
GTS,1
HTS,1
ITS,1
JTS,1
KTS,1
LTS,1
MTS,0
NTS,1
OTS,1
PTS,0
QTS,1
RTS,1
STS,1
TTS,1
UTS,1
VTS,1
WTS,1
XTS,1
YTS,1
ZTS,1
AUS,1
BUS,1
CUS,1
DUS,1
EUS,1
FUS,1
GUS,1
HUS,1
IUS,1
JUS,1
KUS,1
LUS,1
MUS,1
NUS,1
OUS,1
PUS,1
QUS,0
RUS,1
SUS,1
TUS,1
UUS,1
VUS,1
WUS,1
XUS,1
YUS,1
ZUS,1
AVS,1
BVS,1
CVS,1
DVS,0
EVS,1
FVS,1
GVS,1
HVS,1
IVS,1
JVS,1
KVS,0
LVS,1
MVS,1
NVS,0
OVS,0
PVS,1
QVS,0
RVS,1
SVS,1
TVS,0
UVS,0
VVS,1
WVS,0
XVS,1
YVS,1
ZVS,1
AWS,0
BWS,1
CWS,1
DWS,1
EWS,1
FWS,0
GWS,1
HWS,1
IWS,1
JWS,1
KWS,1
LWS,1
MWS,1
NWS,0
OWS,0
PWS,0
QWS,0
RWS,1
SWS,0
TWS,0
UWS,0
VWS,0
WWS,0
XWS,0
YWS,0
ZWS,0
AXS,1
BXS,0
CXS,0
DXS,0
EXS,0
FXS,0
GXS,0
HXS,0
IXS,0
JXS,0
KXS,1
LXS,0
MXS,1
NXS,0
OXS,0
PXS,0
QXS,0
RXS,0
SXS,0
TXS,0
UXS,0
VXS,0
WXS,0
XXS,1
YXS,1
ZXS,1
AYS,0
BYS,1
CYS,1
DYS,1
EYS,1
FYS,1
GYS,1
HYS,1
IYS,1
JYS,1
KYS,0
LYS,1
MYS,1
NYS,1
OYS,1
PYS,1
QYS,1
RYS,1
SYS,1
TYS,1
UYS,1
VYS,1
WYS,1
XYS,1
YYS,1
ZYS,1
AZS,1
BZS,1
CZS,1
DZS,0
EZS,0
FZS,1
GZS,1
HZS,0
IZS,1
JZS,0
KZS,1
LZS,1
MZS,1
NZS,1
OZS,1
PZS,1
QZS,1
RZS,1
SZS,1
TZS,1
UZS,1
VZS,1
WZS,1
XZS,1
YZS,1
ZZS,1
AAT,1
BAT,1
CAT,1
DAT,1
EAT,1
FAT,1
GAT,1
HAT,1
IAT,1
JAT,1
KAT,0
LAT,0
MAT,1
NAT,1
OAT,1
PAT,1
QAT,0
RAT,1
SAT,1
TAT,1
UAT,1
VAT,1
WAT,1
XAT,1
YAT,1
ZAT,0
ABT,0
BBT,1
CBT,1
DBT,1
EBT,1
FBT,1
GBT,1
HBT,1
IBT,1
JBT,0
KBT,1
LBT,1
MBT,1
NBT,0
OBT,1
PBT,1
QBT,1
RBT,1
SBT,1
TBT,1
UBT,1
VBT,1
WBT,1
XBT,1
YBT,0
ZBT,0
ACT,1
BCT,1
CCT,1
DCT,1
ECT,1
FCT,1
GCT,1
HCT,1
ICT,1
JCT,0
KCT,1
LCT,1
MCT,1
NCT,1
OCT,1
PCT,1
QCT,1
RCT,1
SCT,0
TCT,0
UCT,0
VCT,0
WCT,0
XCT,0
YCT,1
ZCT,0
ADT,0
BDT,0
CDT,0
DDT,0
EDT,1
FDT,0
GDT,0
HDT,0
IDT,0
JDT,0
KDT,0
LDT,0
MDT,1
NDT,0
ODT,0
PDT,0
QDT,1
RDT,1
SDT,1
TDT,1
UDT,1
VDT,1
WDT,1
XDT,1
YDT,1
ZDT,1
AET,1
BET,1
CET,1
DET,1
EET,1
FET,1
GET,1
HET,0
IET,0
JET,0
KET,0
LET,1
MET,1
NET,1
OET,1
PET,1
QET,1
RET,1
SET,1
TET,1
UET,1
VET,1
WET,1
XET,1
YET,1
ZET,1
AFT,1
BFT,1
CFT,1
DFT,1
EFT,1
FFT,1
GFT,1
HFT,0
IFT,1
JFT,1
KFT,1
LFT,1
MFT,1
NFT,1
OFT,1
PFT,0
QFT,0
RFT,1
SFT,1
TFT,1
UFT,1
VFT,1
WFT,1
XFT,1
YFT,1
ZFT,1
AGT,1
BGT,1
CGT,1
DGT,1
EGT,0
FGT,1
GGT,1
HGT,1
IGT,1
JGT,0
KGT,1
LGT,1
MGT,1
NGT,1
OGT,0
PGT,1
QGT,1
RGT,0
SGT,1
TGT,1
UGT,0
VGT,1
WGT,1
XGT,1
YGT,1
ZGT,1
AHT,0
BHT,0
CHT,1
DHT,1
EHT,1
FHT,1
GHT,1
HHT,1
IHT,1
JHT,1
KHT,1
LHT,1
MHT,1
NHT,1
OHT,1
PHT,1
QHT,0
RHT,1
SHT,1
THT,1
UHT,0
VHT,1
WHT,1
XHT,1
YHT,0
ZHT,1
AIT,1
BIT,1
CIT,1
DIT,1
EIT,1
FIT,1
GIT,1
HIT,1
IIT,1
JIT,1
KIT,1
LIT,1
MIT,1
NIT,1
OIT,1
PIT,0
QIT,1
RIT,0
SIT,1
TIT,1
UIT,1
VIT,0
WIT,1
XIT,0
YIT,1
ZIT,1
AJT,1
BJT,1
CJT,1
DJT,0
EJT,0
FJT,0
GJT,0
HJT,0
IJT,0
JJT,0
KJT,0
LJT,0
MJT,0
NJT,0
OJT,1
PJT,0
QJT,1
RJT,1
SJT,1
TJT,1
UJT,1
VJT,1
WJT,1
XJT,0
YJT,1
ZJT,1
AKT,1
BKT,1
CKT,1
DKT,0
EKT,1
FKT,1
GKT,1
HKT,1
IKT,1
JKT,1
KKT,1
LKT,1
MKT,1
NKT,1
OKT,1
PKT,1
QKT,1
RKT,1
SKT,1
TKT,1
UKT,1
VKT,1
WKT,1
XKT,1
YKT,0
ZKT,0
ALT,1
BLT,1
CLT,1
DLT,1
ELT,0
FLT,1
GLT,1
HLT,1
ILT,1
JLT,1
KLT,1
LLT,1
MLT,1
NLT,1
OLT,1
PLT,1
QLT,1
RLT,1
SLT,1
TLT,1
ULT,1
VLT,0
WLT,1
XLT,1
YLT,1
ZLT,1
AMT,1
BMT,1
CMT,1
DMT,1
EMT,1
FMT,1
GMT,1
HMT,1
IMT,1
JMT,1
KMT,1
LMT,0
MMT,1
NMT,1
OMT,1
PMT,1
QMT,1
RMT,1
SMT,1
TMT,1
UMT,1
VMT,1
WMT,1
XMT,1
YMT,1
ZMT,1
ANT,1
BNT,1
CNT,1
DNT,1
ENT,0
FNT,1
GNT,1
HNT,1
INT,1
JNT,1
KNT,1
LNT,1
MNT,1
NNT,0
ONT,1
PNT,0
QNT,1
RNT,1
SNT,1
TNT,1
UNT,1
VNT,0
WNT,0
XNT,0
YNT,1
ZNT,0
AOT,0
BOT,0
COT,0
DOT,0
EOT,0
FOT,1
GOT,0
HOT,1
IOT,0
JOT,1
KOT,0
LOT,1
MOT,0
NOT,0
OOT,1
POT,1
QOT,0
ROT,1
SOT,1
TOT,1
UOT,1
VOT,1
WOT,1
XOT,1
YOT,1
ZOT,1
APT,1
BPT,1
CPT,0
DPT,1
EPT,1
FPT,1
GPT,1
HPT,1
IPT,1
JPT,1
KPT,1
LPT,0
MPT,0
NPT,1
OPT,1
PPT,1
QPT,1
RPT,1
SPT,1
TPT,1
UPT,0
VPT,1
WPT,1
XPT,1
YPT,1
ZPT,1
AQT,0
BQT,1
CQT,1
DQT,1
EQT,1
FQT,0
GQT,0
HQT,0
IQT,0
JQT,1
KQT,0
LQT,0
MQT,0
NQT,0
OQT,0
PQT,1
QQT,1
RQT,1
SQT,0
TQT,1
UQT,1
VQT,1
WQT,1
XQT,1
YQT,1
ZQT,1
ART,1
BRT,1
CRT,0
DRT,0
ERT,0
FRT,0
GRT,0
HRT,1
IRT,0
JRT,1
KRT,1
LRT,0
MRT,1
NRT,0
ORT,1
PRT,1
QRT,1
RRT,1
SRT,1
TRT,1
URT,0
VRT,0
WRT,1
XRT,1
YRT,1
ZRT,1
AST,0
BST,0
CST,1
DST,1
EST,0
FST,0
GST,0
HST,0
IST,0
JST,1
KST,1
LST,1
MST,1
NST,1
OST,1
PST,1
QST,1
RST,1
SST,1
TST,1
UST,1
VST,1
WST,1
XST,1
YST,1
ZST,1
ATT,1
BTT,1
CTT,1
DTT,1
ETT,1
FTT,1
GTT,1
HTT,1
ITT,1
JTT,1
KTT,0
LTT,1
MTT,1
NTT,1
OTT,1
PTT,1
QTT,1
RTT,1
STT,0
TTT,0
UTT,0
VTT,1
WTT,1
XTT,1
YTT,1
ZTT,1
AUT,1
BUT,1
CUT,1
DUT,1
EUT,0
FUT,1
GUT,1
HUT,0
IUT,1
JUT,1
KUT,1
LUT,0
MUT,1
NUT,1
OUT,0
PUT,1
QUT,1
RUT,1
SUT,1
TUT,1
UUT,0
VUT,1
WUT,1
XUT,1
YUT,1
ZUT,1
AVT,1
BVT,1
CVT,1
DVT,1
EVT,0
FVT,1
GVT,1
HVT,0
IVT,0
JVT,0
KVT,0
LVT,0
MVT,0
NVT,0
OVT,0
PVT,0
QVT,0
RVT,0
SVT,0
TVT,0
UVT,0
VVT,0
WVT,0
XVT,0
YVT,0
ZVT,0
AWT,0
BWT,0
CWT,0
DWT,1
EWT,1
FWT,1
GWT,0
HWT,1
IWT,1
JWT,1
KWT,1
LWT,1
MWT,0
NWT,0
OWT,1
PWT,1
QWT,1
RWT,1
SWT,1
TWT,1
UWT,1
VWT,1
WWT,1
XWT,1
YWT,0
ZWT,0
AXT,1
BXT,1
CXT,1
DXT,1
EXT,1
FXT,1
GXT,1
HXT,1
IXT,0
JXT,0
KXT,0
LXT,0
MXT,1
NXT,1
OXT,1
PXT,0
QXT,1
RXT,1
SXT,1
TXT,1
UXT,1
VXT,1
WXT,1
XXT,1
YXT,0
ZXT,1
AYT,1
BYT,0
CYT,1
DYT,1
EYT,0
FYT,0
GYT,1
HYT,0
IYT,1
JYT,1
KYT,1
LYT,0
MYT,1
NYT,0
OYT,0
PYT,1
QYT,0
RYT,1
SYT,1
TYT,1
UYT,1
VYT,1
WYT,1
XYT,1
YYT,1
ZYT,1
AZT,0
BZT,1
CZT,1
DZT,1
EZT,1
FZT,1
GZT,1
HZT,1
IZT,1
JZT,1
KZT,1
LZT,1
MZT,1
NZT,1
OZT,1
PZT,0
QZT,0
RZT,1
SZT,0
TZT,0
UZT,0
VZT,0
WZT,1
XZT,0
YZT,0
ZZT,0
AAU,0
BAU,1
CAU,0
DAU,0
EAU,0
FAU,0
GAU,0
HAU,0
IAU,0
JAU,0
KAU,0
LAU,0
MAU,0
NAU,0
OAU,0
PAU,0
QAU,0
RAU,0
SAU,0
TAU,0
UAU,0
VAU,0
WAU,0
XAU,1
YAU,0
ZAU,0
ABU,0
BBU,0
CBU,0
DBU,0
EBU,0
FBU,0
GBU,0
HBU,0
IBU,0
JBU,0
KBU,0
LBU,0
MBU,0
NBU,0
OBU,1
PBU,1
QBU,1
RBU,1
SBU,1
TBU,1
UBU,1
VBU,1
WBU,1
XBU,1
YBU,1
ZBU,1
ACU,1
BCU,1
CCU,1
DCU,1
ECU,1
FCU,1
GCU,1
HCU,1
ICU,1
JCU,1
KCU,1
LCU,1
MCU,1
NCU,1
OCU,0
PCU,1
QCU,1
RCU,1
SCU,1
TCU,1
UCU,1
VCU,1
WCU,1
XCU,1
YCU,1
ZCU,1
ADU,1
BDU,1
CDU,0
DDU,1
EDU,1
FDU,1
GDU,1
HDU,1
IDU,1
JDU,1
KDU,1
LDU,1
MDU,0
NDU,1
ODU,1
PDU,1
QDU,1
RDU,1
SDU,1
TDU,1
UDU,1
VDU,1
WDU,1
XDU,0
YDU,1
ZDU,1
AEU,1
BEU,1
CEU,1
DEU,1
EEU,1
FEU,0
GEU,1
HEU,1
IEU,0
JEU,0
KEU,0
LEU,0
MEU,1
NEU,1
OEU,0
PEU,0
QEU,0
REU,0
SEU,1
TEU,0
UEU,1
VEU,0
WEU,1
XEU,1
YEU,1
ZEU,1
AFU,1
BFU,1
CFU,1
DFU,1
EFU,1
FFU,1
GFU,1
HFU,1
IFU,1
JFU,1
KFU,1
LFU,0
MFU,1
NFU,1
OFU,1
PFU,1
QFU,1
RFU,1
SFU,1
TFU,1
UFU,0
VFU,1
WFU,1
XFU,1
YFU,1
ZFU,1
AGU,0
BGU,1
CGU,0
DGU,1
EGU,1
FGU,1
GGU,1
HGU,1
IGU,1
JGU,1
KGU,1
LGU,0
MGU,1
NGU,1
OGU,1
PGU,1
QGU,1
RGU,1
SGU,1
TGU,1
UGU,1
VGU,1
WGU,1
XGU,1
YGU,1
ZGU,1
AHU,1
BHU,1
CHU,1
DHU,1
EHU,1
FHU,1
GHU,1
HHU,0
IHU,1
JHU,1
KHU,1
LHU,1
MHU,1
NHU,1
OHU,1
PHU,1
QHU,0
RHU,1
SHU,1
THU,1
UHU,1
VHU,1
WHU,0
XHU,1
YHU,0
ZHU,1
AIU,1
BIU,1
CIU,1
DIU,1
EIU,1
FIU,0
GIU,1
HIU,1
IIU,1
JIU,1
KIU,1
LIU,1
MIU,1
NIU,1
OIU,1
PIU,1
QIU,1
RIU,1
SIU,1
TIU,0
UIU,0
VIU,1
WIU,1
XIU,0
YIU,0
ZIU,0
AJU,1
BJU,1
CJU,1
DJU,0
EJU,1
FJU,1
GJU,1
HJU,1
IJU,1
JJU,1
KJU,1
LJU,0
MJU,1
NJU,0
OJU,0
PJU,1
QJU,1
RJU,0
SJU,1
TJU,1
UJU,0
VJU,0
WJU,0
XJU,1
YJU,0
ZJU,0
AKU,0
BKU,1
CKU,1
DKU,1
EKU,0
FKU,0
GKU,1
HKU,0
IKU,0
JKU,0
KKU,1
LKU,1
MKU,1
NKU,1
OKU,1
PKU,1
QKU,1
RKU,1
SKU,0
TKU,0
UKU,0
VKU,1
WKU,1
XKU,1
YKU,1
ZKU,1
ALU,1
BLU,1
CLU,1
DLU,1
ELU,1
FLU,1
GLU,1
HLU,1
ILU,1
JLU,1
KLU,1
LLU,1
MLU,1
NLU,1
OLU,1
PLU,1
QLU,1
RLU,1
SLU,1
TLU,1
ULU,1
VLU,1
WLU,1
XLU,1
YLU,1
ZLU,1
AMU,1
BMU,1
CMU,1
DMU,1
EMU,1
FMU,0
GMU,0
HMU,0
IMU,1
JMU,1
KMU,1
LMU,1
MMU,1
NMU,1
OMU,1
PMU,1
QMU,1
RMU,0
SMU,1
TMU,1
UMU,1
VMU,1
WMU,1
XMU,1
YMU,1
ZMU,1
ANU,1
BNU,1
CNU,1
DNU,1
ENU,1
FNU,1
GNU,1
HNU,1
INU,1
JNU,1
KNU,1
LNU,1
MNU,1
NNU,1
ONU,1
PNU,1
QNU,1
RNU,1
SNU,1
TNU,1
UNU,1
VNU,1
WNU,0
XNU,0
YNU,1
ZNU,1
AOU,1
BOU,1
COU,1
DOU,1
EOU,1
FOU,1
GOU,1
HOU,1
IOU,1
JOU,1
KOU,1
LOU,1
MOU,1
NOU,1
OOU,1
POU,1
QOU,1
ROU,1
SOU,1
TOU,1
UOU,1
VOU,1
WOU,1
XOU,1
YOU,1
ZOU,1
APU,1
BPU,1
CPU,1
DPU,1
EPU,0
FPU,1
GPU,1
HPU,0
IPU,1
JPU,0
KPU,0
LPU,1
MPU,1
NPU,1
OPU,1
PPU,1
QPU,0
RPU,1
SPU,1
TPU,1
UPU,1
VPU,1
WPU,1
XPU,0
YPU,0
ZPU,0
AQU,0
BQU,1
CQU,1
DQU,0
EQU,1
FQU,1
GQU,0
HQU,0
IQU,0
JQU,0
KQU,1
LQU,1
MQU,1
NQU,1
OQU,1
PQU,0
QQU,1
RQU,1
SQU,1
TQU,1
UQU,1
VQU,1
WQU,1
XQU,0
YQU,1
ZQU,1
ARU,1
BRU,1
CRU,0
DRU,0
ERU,1
FRU,1
GRU,1
HRU,1
IRU,1
JRU,1
KRU,1
LRU,1
MRU,1
NRU,1
ORU,0
PRU,1
QRU,1
RRU,1
SRU,0
TRU,0
URU,0
VRU,1
WRU,1
XRU,0
YRU,1
ZRU,0
ASU,1
BSU,1
CSU,1
DSU,1
ESU,1
FSU,1
GSU,1
HSU,1
ISU,1
JSU,1
KSU,1
LSU,0
MSU,1
NSU,1
OSU,0
PSU,0
QSU,0
RSU,0
SSU,0
TSU,0
USU,0
VSU,0
WSU,0
XSU,0
YSU,0
ZSU,0
ATU,0
BTU,0
CTU,0
DTU,0
ETU,0
FTU,0
GTU,0
HTU,0
ITU,0
JTU,0
KTU,0
LTU,0
MTU,0
NTU,0
OTU,0
PTU,0
QTU,0
RTU,0
STU,0
TTU,0
UTU,0
VTU,0
WTU,1
XTU,1
YTU,1
ZTU,1
AUU,1
BUU,1
CUU,1
DUU,1
EUU,1
FUU,1
GUU,0
HUU,1
IUU,0
JUU,1
KUU,1
LUU,1
MUU,1
NUU,1
OUU,1
PUU,1
QUU,1
RUU,0
SUU,1
TUU,1
UUU,1
VUU,1
WUU,1
XUU,1
YUU,1
ZUU,1
AVU,1
BVU,1
CVU,1
DVU,1
EVU,1
FVU,1
GVU,1
HVU,1
IVU,1
JVU,1
KVU,1
LVU,1
MVU,1
NVU,1
OVU,1
PVU,0
QVU,1
RVU,1
SVU,1
TVU,1
UVU,1
VVU,1
WVU,1
XVU,1
YVU,1
ZVU,0
AWU,1
BWU,1
CWU,1
DWU,1
EWU,1
FWU,1
GWU,0
HWU,0
IWU,1
JWU,1
KWU,1
LWU,1
MWU,1
NWU,1
OWU,1
PWU,1
QWU,1
RWU,0
SWU,1
TWU,0
UWU,0
VWU,1
WWU,1
XWU,1
YWU,1
ZWU,1
AXU,1
BXU,1
CXU,1
DXU,1
EXU,1
FXU,1
GXU,0
HXU,0
IXU,0
JXU,1
KXU,1
LXU,1
MXU,1
NXU,0
OXU,1
PXU,1
QXU,1
RXU,1
SXU,1
TXU,0
UXU,0
VXU,0
WXU,0
XXU,1
YXU,1
ZXU,1
AYU,1
BYU,1
CYU,1
DYU,1
EYU,1
FYU,1
GYU,1
HYU,0
IYU,0
JYU,0
KYU,0
LYU,0
MYU,0
NYU,0
OYU,0
PYU,0
QYU,1
RYU,0
SYU,0
TYU,0
UYU,1
VYU,1
WYU,0
XYU,1
YYU,1
ZYU,1
AZU,1
BZU,0
CZU,1
DZU,1
EZU,0
FZU,1
GZU,1
HZU,1
IZU,1
JZU,0
KZU,1
LZU,1
MZU,1
NZU,0
OZU,1
PZU,0
QZU,0
RZU,0
SZU,0
TZU,0
UZU,0
VZU,0
WZU,0
XZU,0
YZU,0
ZZU,0
AAV,0
BAV,0
CAV,0
DAV,0
EAV,0
FAV,0
GAV,0
HAV,0
IAV,0
JAV,0
KAV,0
LAV,0
MAV,0
NAV,0
OAV,0
PAV,0
QAV,0
RAV,1
SAV,0
TAV,0
UAV,0
VAV,0
WAV,0
XAV,0
YAV,0
ZAV,0
ABV,0
BBV,0
CBV,0
DBV,0
EBV,0
FBV,0
GBV,0
HBV,0
IBV,0
JBV,0
KBV,0
LBV,0
MBV,0
NBV,1
OBV,0
PBV,0
QBV,0
RBV,0
SBV,0
TBV,0
UBV,0
VBV,0
WBV,0
XBV,0
YBV,0
ZBV,0
ACV,0
BCV,0
CCV,0
DCV,0
ECV,0
FCV,1
GCV,1
HCV,1
ICV,1
JCV,1
KCV,1
LCV,1
MCV,0
NCV,1
OCV,1
PCV,1
QCV,1
RCV,1
SCV,1
TCV,1
UCV,1
VCV,1
WCV,1
XCV,1
YCV,1
ZCV,1
ADV,1
BDV,1
CDV,1
DDV,1
EDV,1
FDV,0
GDV,1
HDV,1
IDV,1
JDV,1
KDV,1
LDV,1
MDV,1
NDV,1
ODV,1
PDV,1
QDV,1
RDV,1
SDV,1
TDV,1
UDV,1
VDV,0
WDV,0
XDV,1
YDV,1
ZDV,0
AEV,1
BEV,0
CEV,0
DEV,0
EEV,0
FEV,1
GEV,1
HEV,1
IEV,1
JEV,1
KEV,1
LEV,1
MEV,1
NEV,1
OEV,1
PEV,1
QEV,0
REV,1
SEV,1
TEV,1
UEV,1
VEV,1
WEV,1
XEV,1
YEV,0
ZEV,1
AFV,0
BFV,1
CFV,0
DFV,1
EFV,1
FFV,1
GFV,1
HFV,1
IFV,1
JFV,1
KFV,1
LFV,1
MFV,1
NFV,1
OFV,1
PFV,1
QFV,1
RFV,1
SFV,1
TFV,1
UFV,1
VFV,1
WFV,0
XFV,1
YFV,0
ZFV,0
AGV,0
BGV,0
CGV,0
DGV,0
EGV,0
FGV,0
GGV,0
HGV,0
IGV,0
JGV,0
KGV,0
LGV,0
MGV,0
NGV,0
OGV,0
PGV,0
QGV,0
RGV,1
SGV,1
TGV,1
UGV,1
VGV,1
WGV,1
XGV,1
YGV,1
ZGV,1
AHV,1
BHV,1
CHV,1
DHV,1
EHV,0
FHV,1
GHV,1
HHV,1
IHV,1
JHV,0
KHV,1
LHV,0
MHV,1
NHV,1
OHV,1
PHV,1
QHV,1
RHV,1
SHV,1
THV,1
UHV,1
VHV,1
WHV,1
XHV,1
YHV,0
ZHV,1
AIV,1
BIV,1
CIV,1
DIV,1
EIV,1
FIV,1
GIV,1
HIV,1
IIV,0
JIV,1
KIV,0
LIV,1
MIV,1
NIV,1
OIV,1
PIV,1
QIV,0
RIV,0
SIV,1
TIV,1
UIV,1
VIV,1
WIV,1
XIV,1
YIV,1
ZIV,1
AJV,1
BJV,1
CJV,1
DJV,1
EJV,1
FJV,1
GJV,1
HJV,1
IJV,0
JJV,1
KJV,1
LJV,1
MJV,1
NJV,1
OJV,1
PJV,1
QJV,1
RJV,1
SJV,1
TJV,1
UJV,1
VJV,1
WJV,1
XJV,1
YJV,1
ZJV,0
AKV,0
BKV,1
CKV,1
DKV,1
EKV,1
FKV,1
GKV,1
HKV,1
IKV,0
JKV,0
KKV,0
LKV,1
MKV,0
NKV,0
OKV,0
PKV,0
QKV,0
RKV,1
SKV,1
TKV,1
UKV,1
VKV,1
WKV,1
XKV,1
YKV,0
ZKV,0
ALV,1
BLV,1
CLV,1
DLV,1
ELV,1
FLV,1
GLV,1
HLV,1
ILV,0
JLV,1
KLV,1
LLV,0
MLV,0
NLV,1
OLV,1
PLV,0
QLV,1
RLV,1
SLV,1
TLV,1
ULV,0
VLV,1
WLV,0
XLV,1
YLV,0
ZLV,1
AMV,1
BMV,1
CMV,1
DMV,1
EMV,1
FMV,1
GMV,1
HMV,1
IMV,1
JMV,1
KMV,0
LMV,1
MMV,1
NMV,1
OMV,1
PMV,1
QMV,1
RMV,1
SMV,1
TMV,1
UMV,1
VMV,1
WMV,1
XMV,1
YMV,1
ZMV,1
ANV,1
BNV,1
CNV,1
DNV,1
ENV,1
FNV,1
GNV,1
HNV,1
INV,1
JNV,1
KNV,1
LNV,1
MNV,1
NNV,0
ONV,1
PNV,1
QNV,1
RNV,1
SNV,1
TNV,0
UNV,1
VNV,1
WNV,1
XNV,1
YNV,1
ZNV,1
AOV,0
BOV,1
COV,1
DOV,0
EOV,1
FOV,1
GOV,1
HOV,1
IOV,1
JOV,1
KOV,1
LOV,1
MOV,1
NOV,1
OOV,1
POV,1
QOV,0
ROV,1
SOV,1
TOV,0
UOV,0
VOV,1
WOV,1
XOV,0
YOV,1
ZOV,1
APV,1
BPV,1
CPV,1
DPV,1
EPV,1
FPV,1
GPV,1
HPV,1
IPV,1
JPV,1
KPV,1
LPV,1
MPV,1
NPV,1
OPV,1
PPV,1
QPV,1
RPV,1
SPV,1
TPV,1
UPV,1
VPV,1
WPV,1
XPV,0
YPV,1
ZPV,1
AQV,1
BQV,0
CQV,1
DQV,1
EQV,1
FQV,1
GQV,1
HQV,1
IQV,1
JQV,1
KQV,1
LQV,1
MQV,1
NQV,0
OQV,0
PQV,0
QQV,0
RQV,0
SQV,0
TQV,0
UQV,1
VQV,1
WQV,1
XQV,1
YQV,0
ZQV,1
ARV,0
BRV,1
CRV,1
DRV,1
ERV,1
FRV,1
GRV,0
HRV,1
IRV,1
JRV,1
KRV,1
LRV,1
MRV,1
NRV,1
ORV,1
PRV,1
QRV,1
RRV,1
SRV,1
TRV,1
URV,1
VRV,0
WRV,1
XRV,1
YRV,1
ZRV,1
ASV,1
BSV,1
CSV,1
DSV,0
ESV,1
FSV,1
GSV,1
HSV,1
ISV,0
JSV,1
KSV,1
LSV,0
MSV,1
NSV,1
OSV,0
PSV,1
QSV,1
RSV,1
SSV,1
TSV,1
USV,1
VSV,1
WSV,1
XSV,1
YSV,1
ZSV,1
ATV,1
BTV,1
CTV,1
DTV,1
ETV,0
FTV,0
GTV,1
HTV,1
ITV,1
JTV,1
KTV,1
LTV,1
MTV,1
NTV,1
OTV,1
PTV,1
QTV,1
RTV,0
STV,0
TTV,0
UTV,1
VTV,0
WTV,0
XTV,1
YTV,1
ZTV,1
AUV,1
BUV,1
CUV,1
DUV,0
EUV,1
FUV,1
GUV,1
HUV,1
IUV,0
JUV,1
KUV,1
LUV,1
MUV,1
NUV,0
OUV,0
PUV,1
QUV,0
RUV,1
SUV,1
TUV,1
UUV,1
VUV,1
WUV,1
XUV,1
YUV,1
ZUV,0
AVV,1
BVV,1
CVV,1
DVV,0
EVV,1
FVV,1
GVV,1
HVV,0
IVV,1
JVV,1
KVV,1
LVV,1
MVV,1
NVV,1
OVV,1
PVV,0
QVV,1
RVV,1
SVV,1
TVV,1
UVV,1
VVV,1
WVV,1
XVV,1
YVV,1
ZVV,1
AWV,1
BWV,0
CWV,1
DWV,0
EWV,1
FWV,0
GWV,0
HWV,1
IWV,1
JWV,1
KWV,1
LWV,1
MWV,1
NWV,1
OWV,1
PWV,1
QWV,1
RWV,1
SWV,1
TWV,1
UWV,1
VWV,1
WWV,1
XWV,0
YWV,1
ZWV,1
AXV,1
BXV,1
CXV,1
DXV,0
EXV,0
FXV,1
GXV,1
HXV,1
IXV,0
JXV,1
KXV,0
LXV,1
MXV,1
NXV,1
OXV,1
PXV,1
QXV,1
RXV,1
SXV,1
TXV,1
UXV,1
VXV,1
WXV,1
XXV,1
YXV,1
ZXV,0
AYV,0
BYV,0
CYV,1
DYV,1
EYV,1
FYV,1
GYV,1
HYV,1
IYV,1
JYV,1
KYV,1
LYV,1
MYV,1
NYV,1
OYV,1
PYV,1
QYV,1
RYV,1
SYV,1
TYV,1
UYV,1
VYV,1
WYV,1
XYV,0
YYV,0
ZYV,0
AZV,0
BZV,0
CZV,0
DZV,1
EZV,1
FZV,1
GZV,0
HZV,1
IZV,1
JZV,0
KZV,1
LZV,1
MZV,0
NZV,0
OZV,0
PZV,0
QZV,0
RZV,0
SZV,0
TZV,0
UZV,0
VZV,0
WZV,0
XZV,0
YZV,0
ZZV,0
AAW,0
BAW,0
CAW,0
DAW,0
EAW,0
FAW,0
GAW,0
HAW,0
IAW,0
JAW,0
KAW,0
LAW,0
MAW,0
NAW,0
OAW,0
PAW,0
QAW,0
RAW,1
SAW,1
TAW,0
UAW,0
VAW,0
WAW,0
XAW,0
YAW,0
ZAW,1
ABW,1
BBW,1
CBW,1
DBW,1
EBW,1
FBW,1
GBW,1
HBW,1
IBW,1
JBW,0
KBW,1
LBW,1
MBW,1
NBW,1
OBW,1
PBW,0
QBW,1
RBW,1
SBW,1
TBW,1
UBW,1
VBW,1
WBW,1
XBW,0
YBW,1
ZBW,1
ACW,1
BCW,1
CCW,1
DCW,1
ECW,1
FCW,1
GCW,1
HCW,1
ICW,1
JCW,1
KCW,1
LCW,1
MCW,0
NCW,0
OCW,1
PCW,1
QCW,1
RCW,1
SCW,1
TCW,1
UCW,1
VCW,1
WCW,1
XCW,0
YCW,1
ZCW,1
ADW,1
BDW,1
CDW,1
DDW,1
EDW,1
FDW,1
GDW,1
HDW,1
IDW,0
JDW,1
KDW,1
LDW,1
MDW,1
NDW,1
ODW,1
PDW,1
QDW,1
RDW,1
SDW,1
TDW,1
UDW,1
VDW,1
WDW,1
XDW,1
YDW,1
ZDW,1
AEW,0
BEW,1
CEW,1
DEW,1
EEW,1
FEW,1
GEW,1
HEW,1
IEW,1
JEW,1
KEW,0
LEW,1
MEW,1
NEW,1
OEW,1
PEW,1
QEW,1
REW,1
SEW,1
TEW,1
UEW,1
VEW,1
WEW,1
XEW,1
YEW,1
ZEW,1
AFW,1
BFW,0
CFW,1
DFW,1
EFW,1
FFW,1
GFW,0
HFW,1
IFW,1
JFW,1
KFW,1
LFW,1
MFW,1
NFW,1
OFW,1
PFW,1
QFW,0
RFW,1
SFW,1
TFW,1
UFW,1
VFW,1
WFW,1
XFW,1
YFW,1
ZFW,1
AGW,0
BGW,0
CGW,1
DGW,0
EGW,1
FGW,1
GGW,1
HGW,1
IGW,1
JGW,1
KGW,1
LGW,1
MGW,1
NGW,1
OGW,0
PGW,0
QGW,0
RGW,0
SGW,0
TGW,0
UGW,0
VGW,0
WGW,0
XGW,1
YGW,0
ZGW,0
AHW,0
BHW,0
CHW,0
DHW,0
EHW,0
FHW,0
GHW,0
HHW,0
IHW,0
JHW,0
KHW,0
LHW,0
MHW,0
NHW,0
OHW,0
PHW,0
QHW,0
RHW,0
SHW,1
THW,1
UHW,1
VHW,1
WHW,1
XHW,1
YHW,1
ZHW,1
AIW,1
BIW,1
CIW,1
DIW,1
EIW,1
FIW,1
GIW,1
HIW,0
IIW,1
JIW,1
KIW,0
LIW,1
MIW,1
NIW,0
OIW,1
PIW,0
QIW,1
RIW,1
SIW,1
TIW,1
UIW,1
VIW,0
WIW,1
XIW,1
YIW,1
ZIW,1
AJW,1
BJW,1
CJW,1
DJW,1
EJW,1
FJW,1
GJW,1
HJW,1
IJW,1
JJW,1
KJW,1
LJW,1
MJW,1
NJW,1
OJW,1
PJW,1
QJW,0
RJW,1
SJW,1
TJW,1
UJW,1
VJW,1
WJW,1
XJW,0
YJW,1
ZJW,1
AKW,1
BKW,1
CKW,1
DKW,1
EKW,1
FKW,1
GKW,1
HKW,1
IKW,1
JKW,1
KKW,1
LKW,1
MKW,1
NKW,0
OKW,1
PKW,1
QKW,1
RKW,1
SKW,1
TKW,1
UKW,1
VKW,0
WKW,1
XKW,1
YKW,1
ZKW,1
ALW,1
BLW,1
CLW,1
DLW,1
ELW,1
FLW,1
GLW,1
HLW,1
ILW,1
JLW,1
KLW,1
LLW,1
MLW,0
NLW,0
OLW,0
PLW,1
QLW,0
RLW,0
SLW,0
TLW,0
ULW,1
VLW,1
WLW,1
XLW,1
YLW,1
ZLW,1
AMW,1
BMW,1
CMW,1
DMW,1
EMW,1
FMW,1
GMW,1
HMW,1
IMW,1
JMW,1
KMW,1
LMW,1
MMW,1
NMW,0
OMW,1
PMW,1
QMW,1
RMW,1
SMW,1
TMW,1
UMW,1
VMW,1
WMW,1
XMW,1
YMW,1
ZMW,1
ANW,0
BNW,1
CNW,1
DNW,0
ENW,1
FNW,1
GNW,1
HNW,0
INW,1
JNW,0
KNW,1
LNW,1
MNW,1
NNW,1
ONW,1
PNW,1
QNW,1
RNW,1
SNW,1
TNW,1
UNW,1
VNW,1
WNW,1
XNW,1
YNW,0
ZNW,0
AOW,1
BOW,0
COW,1
DOW,1
EOW,1
FOW,1
GOW,1
HOW,1
IOW,1
JOW,1
KOW,0
LOW,1
MOW,1
NOW,1
OOW,1
POW,1
QOW,0
ROW,1
SOW,1
TOW,1
UOW,1
VOW,1
WOW,1
XOW,1
YOW,1
ZOW,1
APW,1
BPW,1
CPW,1
DPW,1
EPW,1
FPW,1
GPW,1
HPW,1
IPW,1
JPW,1
KPW,1
LPW,1
MPW,1
NPW,1
OPW,1
PPW,1
QPW,1
RPW,1
SPW,1
TPW,1
UPW,1
VPW,1
WPW,1
XPW,1
YPW,0
ZPW,0
AQW,0
BQW,0
CQW,0
DQW,0
EQW,0
FQW,0
GQW,0
HQW,0
IQW,0
JQW,0
KQW,0
LQW,0
MQW,0
NQW,0
OQW,0
PQW,0
QQW,0
RQW,1
SQW,0
TQW,0
UQW,0
VQW,0
WQW,0
XQW,0
YQW,0
ZQW,0
ARW,0
BRW,1
CRW,1
DRW,1
ERW,0
FRW,1
GRW,1
HRW,1
IRW,1
JRW,1
KRW,0
LRW,1
MRW,1
NRW,1
ORW,1
PRW,1
QRW,1
RRW,1
SRW,1
TRW,1
URW,1
VRW,1
WRW,1
XRW,1
YRW,1
ZRW,1
ASW,1
BSW,1
CSW,1
DSW,1
ESW,1
FSW,1
GSW,1
HSW,1
ISW,1
JSW,1
KSW,1
LSW,1
MSW,0
NSW,0
OSW,0
PSW,0
QSW,1
RSW,1
SSW,1
TSW,1
USW,1
VSW,0
WSW,1
XSW,0
YSW,1
ZSW,1
ATW,1
BTW,0
CTW,1
DTW,1
ETW,0
FTW,1
GTW,0
HTW,1
ITW,1
JTW,1
KTW,1
LTW,1
MTW,1
NTW,0
OTW,1
PTW,1
QTW,0
RTW,0
STW,1
TTW,1
UTW,1
VTW,1
WTW,1
XTW,1
YTW,1
ZTW,1
AUW,1
BUW,1
CUW,1
DUW,1
EUW,1
FUW,1
GUW,1
HUW,1
IUW,1
JUW,1
KUW,1
LUW,1
MUW,1
NUW,1
OUW,0
PUW,1
QUW,0
RUW,1
SUW,1
TUW,1
UUW,1
VUW,0
WUW,0
XUW,0
YUW,0
ZUW,0
AVW,0
BVW,0
CVW,0
DVW,1
EVW,1
FVW,1
GVW,1
HVW,1
IVW,1
JVW,0
KVW,0
LVW,1
MVW,1
NVW,1
OVW,1
PVW,1
QVW,1
RVW,1
SVW,1
TVW,1
UVW,1
VVW,1
WVW,1
XVW,1
YVW,1
ZVW,1
AWW,1
BWW,1
CWW,1
DWW,1
EWW,1
FWW,0
GWW,1
HWW,1
IWW,1
JWW,1
KWW,1
LWW,1
MWW,1
NWW,1
OWW,1
PWW,1
QWW,1
RWW,1
SWW,1
TWW,1
UWW,1
VWW,1
WWW,0
XWW,0
YWW,1
ZWW,1
AXW,1
BXW,1
CXW,0
DXW,0
EXW,1
FXW,1
GXW,1
HXW,1
IXW,1
JXW,1
KXW,1
LXW,1
MXW,1
NXW,1
OXW,1
PXW,1
QXW,1
RXW,1
SXW,1
TXW,1
UXW,1
VXW,0
WXW,1
XXW,1
YXW,1
ZXW,1
AYW,1
BYW,1
CYW,1
DYW,1
EYW,1
FYW,1
GYW,1
HYW,1
IYW,1
JYW,1
KYW,1
LYW,0
MYW,0
NYW,1
OYW,0
PYW,0
QYW,1
RYW,1
SYW,1
TYW,1
UYW,1
VYW,1
WYW,1
XYW,1
YYW,1
ZYW,1
AZW,1
BZW,1
CZW,1
DZW,1
EZW,1
FZW,1
GZW,1
HZW,0
IZW,1
JZW,0
KZW,1
LZW,1
MZW,1
NZW,1
OZW,1
PZW,1
QZW,1
RZW,1
SZW,1
TZW,1
UZW,0
VZW,0
WZW,1
XZW,1
YZW,1
ZZW,1
AAX,0
BAX,0
CAX,1
DAX,1
EAX,1
FAX,1
GAX,1
HAX,1
IAX,1
JAX,1
KAX,1
LAX,1
MAX,1
NAX,1
OAX,1
PAX,1
QAX,1
RAX,1
SAX,1
TAX,1
UAX,1
VAX,1
WAX,1
XAX,0
YAX,1
ZAX,1
ABX,1
BBX,1
CBX,1
DBX,1
EBX,1
FBX,1
GBX,1
HBX,1
IBX,1
JBX,0
KBX,1
LBX,1
MBX,1
NBX,1
OBX,1
PBX,1
QBX,1
RBX,1
SBX,1
TBX,1
UBX,0
VBX,1
WBX,1
XBX,1
YBX,1
ZBX,1
ACX,1
BCX,1
CCX,0
DCX,0
ECX,0
FCX,0
GCX,0
HCX,0
ICX,0
JCX,0
KCX,0
LCX,0
MCX,0
NCX,0
OCX,0
PCX,0
QCX,0
RCX,0
SCX,0
TCX,0
UCX,0
VCX,0
WCX,0
XCX,0
YCX,0
ZCX,0
ADX,0
BDX,0
CDX,0
DDX,0
EDX,0
FDX,1
GDX,1
HDX,0
IDX,0
JDX,0
KDX,0
LDX,0
MDX,1
NDX,1
ODX,0
PDX,1
QDX,1
RDX,1
SDX,1
TDX,1
UDX,1
VDX,1
WDX,1
XDX,0
YDX,1
ZDX,1
AEX,1
BEX,1
CEX,1
DEX,1
EEX,1
FEX,1
GEX,1
HEX,1
IEX,1
JEX,1
KEX,1
LEX,1
MEX,0
NEX,1
OEX,1
PEX,1
QEX,0
REX,1
SEX,0
TEX,1
UEX,1
VEX,1
WEX,1
XEX,1
YEX,1
ZEX,1
AFX,1
BFX,1
CFX,1
DFX,1
EFX,1
FFX,1
GFX,1
HFX,1
IFX,1
JFX,0
KFX,1
LFX,1
MFX,1
NFX,1
OFX,1
PFX,1
QFX,1
RFX,0
SFX,1
TFX,0
UFX,1
VFX,1
WFX,1
XFX,1
YFX,0
ZFX,0
AGX,1
BGX,1
CGX,1
DGX,1
EGX,1
FGX,1
GGX,1
HGX,1
IGX,1
JGX,1
KGX,0
LGX,0
MGX,0
NGX,0
OGX,0
PGX,0
QGX,0
RGX,0
SGX,0
TGX,0
UGX,0
VGX,0
WGX,0
XGX,0
YGX,0
ZGX,0
AHX,0
BHX,0
CHX,0
DHX,0
EHX,0
FHX,0
GHX,0
HHX,0
IHX,0
JHX,0
KHX,0
LHX,0
MHX,0
NHX,0
OHX,0
PHX,0
QHX,0
RHX,0
SHX,0
THX,0
UHX,0
VHX,0
WHX,0
XHX,0
YHX,0
ZHX,0
AIX,0
BIX,1
CIX,1
DIX,1
EIX,1
FIX,1
GIX,1
HIX,1
IIX,0
JIX,1
KIX,1
LIX,1
MIX,1
NIX,1
OIX,1
PIX,0
QIX,1
RIX,1
SIX,1
TIX,1
UIX,1
VIX,1
WIX,1
XIX,1
YIX,1
ZIX,1
AJX,0
BJX,1
CJX,1
DJX,0
EJX,1
FJX,1
GJX,1
HJX,1
IJX,0
JJX,0
KJX,0
LJX,0
MJX,1
NJX,0
OJX,1
PJX,1
QJX,1
RJX,1
SJX,0
TJX,1
UJX,1
VJX,1
WJX,1
XJX,1
YJX,1
ZJX,1
AKX,1
BKX,1
CKX,1
DKX,1
EKX,0
FKX,0
GKX,1
HKX,1
IKX,1
JKX,1
KKX,0
LKX,1
MKX,1
NKX,1
OKX,0
PKX,1
QKX,1
RKX,0
SKX,1
TKX,0
UKX,1
VKX,1
WKX,1
XKX,1
YKX,1
ZKX,0
ALX,1
BLX,1
CLX,1
DLX,1
ELX,1
FLX,0
GLX,1
HLX,1
ILX,0
JLX,1
KLX,0
LLX,1
MLX,1
NLX,1
OLX,0
PLX,1
QLX,1
RLX,1
SLX,1
TLX,0
ULX,0
VLX,0
WLX,0
XLX,0
YLX,1
ZLX,1
AMX,1
BMX,1
CMX,1
DMX,1
EMX,1
FMX,0
GMX,1
HMX,1
IMX,1
JMX,1
KMX,1
LMX,1
MMX,1
NMX,1
OMX,1
PMX,1
QMX,1
RMX,1
SMX,1
TMX,1
UMX,1
VMX,1
WMX,1
XMX,1
YMX,1
ZMX,1
ANX,0
BNX,0
CNX,1
DNX,1
ENX,0
FNX,1
GNX,1
HNX,1
INX,1
JNX,1
KNX,1
LNX,0
MNX,1
NNX,1
ONX,1
PNX,1
QNX,1
RNX,0
SNX,1
TNX,0
UNX,1
VNX,1
WNX,1
XNX,1
YNX,1
ZNX,1
AOX,0
BOX,0
COX,0
DOX,0
EOX,0
FOX,1
GOX,1
HOX,1
IOX,1
JOX,1
KOX,1
LOX,1
MOX,1
NOX,1
OOX,1
POX,1
QOX,1
ROX,1
SOX,1
TOX,1
UOX,1
VOX,1
WOX,0
XOX,1
YOX,0
ZOX,0
APX,0
BPX,1
CPX,0
DPX,0
EPX,0
FPX,0
GPX,0
HPX,0
IPX,0
JPX,0
KPX,0
LPX,0
MPX,0
NPX,0
OPX,0
PPX,0
QPX,0
RPX,0
SPX,0
TPX,1
UPX,1
VPX,1
WPX,1
XPX,1
YPX,1
ZPX,1
AQX,1
BQX,1
CQX,1
DQX,1
EQX,1
FQX,1
GQX,1
HQX,1
IQX,1
JQX,0
KQX,1
LQX,0
MQX,1
NQX,1
OQX,1
PQX,0
QQX,1
RQX,1
SQX,1
TQX,1
UQX,1
VQX,0
WQX,1
XQX,1
YQX,1
ZQX,1
ARX,1
BRX,1
CRX,1
DRX,1
ERX,1
FRX,1
GRX,1
HRX,0
IRX,1
JRX,1
KRX,1
LRX,1
MRX,0
NRX,1
ORX,1
PRX,1
QRX,1
RRX,1
SRX,1
TRX,1
URX,1
VRX,1
WRX,1
XRX,1
YRX,1
ZRX,1
ASX,1
BSX,1
CSX,1
DSX,1
ESX,0
FSX,1
GSX,1
HSX,1
ISX,1
JSX,1
KSX,1
LSX,1
MSX,1
NSX,1
OSX,1
PSX,0
QSX,1
RSX,0
SSX,0
TSX,0
USX,0
VSX,0
WSX,0
XSX,0
YSX,0
ZSX,0
ATX,0
BTX,0
CTX,0
DTX,0
ETX,0
FTX,0
GTX,0
HTX,0
ITX,0
JTX,0
KTX,0
LTX,0
MTX,0
NTX,0
OTX,0
PTX,0
QTX,0
RTX,0
STX,0
TTX,0
UTX,0
VTX,0
WTX,0
XTX,0
YTX,0
ZTX,0
AUX,0
BUX,0
CUX,0
DUX,0
EUX,1
FUX,1
GUX,1
HUX,1
IUX,1
JUX,0
KUX,0
LUX,0
MUX,1
NUX,0
OUX,0
PUX,0
QUX,0
RUX,0
SUX,0
TUX,0
UUX,0
VUX,1
WUX,1
XUX,1
YUX,1
ZUX,1
AVX,1
BVX,1
CVX,1
DVX,1
EVX,1
FVX,1
GVX,1
HVX,1
IVX,0
JVX,1
KVX,1
LVX,1
MVX,1
NVX,0
OVX,1
PVX,1
QVX,1
RVX,0
SVX,1
TVX,1
UVX,1
VVX,1
WVX,1
XVX,1
YVX,1
ZVX,1
AWX,1
BWX,1
CWX,1
DWX,1
EWX,1
FWX,1
GWX,1
HWX,1
IWX,1
JWX,1
KWX,1
LWX,1
MWX,1
NWX,1
OWX,1
PWX,1
QWX,1
RWX,1
SWX,0
TWX,1
UWX,1
VWX,0
WWX,0
XWX,0
YWX,1
ZWX,0
AXX,1
BXX,1
CXX,1
DXX,1
EXX,1
FXX,1
GXX,1
HXX,1
IXX,1
JXX,1
KXX,0
LXX,1
MXX,1
NXX,1
OXX,1
PXX,1
QXX,1
RXX,1
SXX,1
TXX,1
UXX,1
VXX,1
WXX,1
XXX,1
YXX,1
ZXX,1
AYX,1
BYX,1
CYX,1
DYX,1
EYX,1
FYX,1
GYX,0
HYX,1
IYX,1
JYX,1
KYX,1
LYX,1
MYX,1
NYX,1
OYX,1
PYX,1
QYX,1
RYX,1
SYX,1
TYX,1
UYX,1
VYX,1
WYX,1
XYX,1
YYX,1
ZYX,1
AZX,1
BZX,1
CZX,1
DZX,0
EZX,1
FZX,1
GZX,0
HZX,1
IZX,0
JZX,1
KZX,0
LZX,1
MZX,0
NZX,1
OZX,1
PZX,1
QZX,1
RZX,1
SZX,1
TZX,1
UZX,1
VZX,1
WZX,1
XZX,1
YZX,1
ZZX,1
AAY,1
BAY,0
CAY,1
DAY,1
EAY,0
FAY,0
GAY,0
HAY,0
IAY,0
JAY,0
KAY,0
LAY,0
MAY,0
NAY,0
OAY,0
PAY,1
QAY,0
RAY,0
SAY,0
TAY,0
UAY,0
VAY,0
WAY,0
XAY,0
YAY,0
ZAY,0
ABY,0
BBY,0
CBY,0
DBY,1
EBY,0
FBY,0
GBY,1
HBY,1
IBY,1
JBY,1
KBY,1
LBY,1
MBY,1
NBY,1
OBY,0
PBY,1
QBY,0
RBY,1
SBY,1
TBY,1
UBY,1
VBY,1
WBY,1
XBY,1
YBY,1
ZBY,1
ACY,1
BCY,1
CCY,1
DCY,1
ECY,1
FCY,0
GCY,0
HCY,0
ICY,0
JCY,0
KCY,1
LCY,1
MCY,0
NCY,1
OCY,1
PCY,0
QCY,1
RCY,0
SCY,0
TCY,1
UCY,0
VCY,1
WCY,1
XCY,1
YCY,1
ZCY,1
ADY,0
BDY,1
CDY,1
DDY,0
EDY,1
FDY,0
GDY,1
HDY,0
IDY,1
JDY,0
KDY,1
LDY,1
MDY,1
NDY,0
ODY,1
PDY,1
QDY,1
RDY,1
SDY,1
TDY,1
UDY,1
VDY,0
WDY,1
XDY,0
YDY,0
ZDY,1
AEY,1
BEY,1
CEY,1
DEY,1
EEY,1
FEY,1
GEY,1
HEY,1
IEY,1
JEY,1
KEY,1
LEY,1
MEY,1
NEY,1
OEY,1
PEY,1
QEY,1
REY,1
SEY,0
TEY,0
UEY,1
VEY,1
WEY,0
XEY,1
YEY,1
ZEY,1
AFY,0
BFY,0
CFY,0
DFY,1
EFY,0
FFY,0
GFY,0
HFY,1
IFY,1
JFY,1
KFY,0
LFY,0
MFY,0
NFY,0
OFY,0
PFY,0
QFY,0
RFY,0
SFY,0
TFY,0
UFY,0
VFY,0
WFY,0
XFY,0
YFY,0
ZFY,0
AGY,0
BGY,0
CGY,0
DGY,0
EGY,0
FGY,0
GGY,0
HGY,1
IGY,0
JGY,0
KGY,0
LGY,0
MGY,0
NGY,0
OGY,0
PGY,0
QGY,0
RGY,0
SGY,0
TGY,0
UGY,0
VGY,0
WGY,0
XGY,1
YGY,0
ZGY,0
AHY,1
BHY,1
CHY,1
DHY,1
EHY,1
FHY,1
GHY,1
HHY,0
IHY,1
JHY,1
KHY,1
LHY,1
MHY,1
NHY,1
OHY,1
PHY,1
QHY,1
RHY,1
SHY,1
THY,1
UHY,0
VHY,1
WHY,0
XHY,1
YHY,0
ZHY,0
AIY,1
BIY,0
CIY,1
DIY,0
EIY,1
FIY,1
GIY,1
HIY,0
IIY,1
JIY,1
KIY,1
LIY,1
MIY,1
NIY,1
OIY,1
PIY,0
QIY,1
RIY,1
SIY,1
TIY,1
UIY,1
VIY,1
WIY,1
XIY,1
YIY,1
ZIY,1
AJY,1
BJY,1
CJY,1
DJY,1
EJY,1
FJY,0
GJY,1
HJY,1
IJY,1
JJY,1
KJY,1
LJY,1
MJY,1
NJY,1
OJY,0
PJY,0
QJY,1
RJY,1
SJY,1
TJY,1
UJY,1
VJY,1
WJY,1
XJY,1
YJY,1
ZJY,0
AKY,1
BKY,1
CKY,0
DKY,1
EKY,1
FKY,1
GKY,1
HKY,1
IKY,0
JKY,1
KKY,0
LKY,0
MKY,1
NKY,1
OKY,1
PKY,1
QKY,1
RKY,1
SKY,1
TKY,1
UKY,1
VKY,1
WKY,1
XKY,1
YKY,1
ZKY,1
ALY,1
BLY,1
CLY,1
DLY,1
ELY,1
FLY,0
GLY,0
HLY,0
ILY,0
JLY,0
KLY,0
LLY,0
MLY,0
NLY,0
OLY,0
PLY,0
QLY,0
RLY,0
SLY,0
TLY,0
ULY,0
VLY,0
WLY,0
XLY,0
YLY,0
ZLY,0
AMY,0
BMY,0
CMY,0
DMY,0
EMY,0
FMY,0
GMY,0
HMY,0
IMY,0
JMY,0
KMY,0
LMY,0
MMY,0
NMY,0
OMY,0
PMY,0
QMY,0
RMY,0
SMY,0
TMY,0
UMY,0
VMY,0
WMY,1
XMY,0
YMY,1
ZMY,0
ANY,0
BNY,0
CNY,0
DNY,0
ENY,0
FNY,0
GNY,1
HNY,1
INY,1
JNY,1
KNY,1
LNY,1
MNY,1
NNY,1
ONY,1
PNY,1
QNY,1
RNY,1
SNY,0
TNY,1
UNY,1
VNY,1
WNY,1
XNY,1
YNY,1
ZNY,1
AOY,1
BOY,1
COY,1
DOY,1
EOY,1
FOY,0
GOY,1
HOY,0
IOY,1
JOY,1
KOY,1
LOY,1
MOY,1
NOY,1
OOY,1
POY,1
QOY,1
ROY,1
SOY,1
TOY,1
UOY,1
VOY,1
WOY,1
XOY,1
YOY,0
ZOY,1
APY,1
BPY,1
CPY,1
DPY,1
EPY,1
FPY,1
GPY,1
HPY,1
IPY,1
JPY,1
KPY,1
LPY,1
MPY,1
NPY,1
OPY,1
PPY,1
QPY,1
RPY,1
SPY,1
TPY,1
UPY,1
VPY,1
WPY,1
XPY,1
YPY,1
ZPY,1
AQY,1
BQY,1
CQY,1
DQY,1
EQY,1
FQY,1
GQY,1
HQY,1
IQY,1
JQY,1
KQY,1
LQY,1
MQY,1
NQY,1
OQY,0
PQY,1
QQY,1
RQY,1
SQY,1
TQY,1
UQY,1
VQY,1
WQY,0
XQY,1
YQY,1
ZQY,1
ARY,1
BRY,1
CRY,0
DRY,1
ERY,1
FRY,1
GRY,1
HRY,1
IRY,1
JRY,1
KRY,0
LRY,1
MRY,1
NRY,1
ORY,1
PRY,1
QRY,1
RRY,0
SRY,1
TRY,1
URY,1
VRY,1
WRY,1
XRY,1
YRY,1
ZRY,1
ASY,1
BSY,1
CSY,1
DSY,1
ESY,0
FSY,1
GSY,1
HSY,1
ISY,1
JSY,1
KSY,1
LSY,1
MSY,1
NSY,1
OSY,1
PSY,1
QSY,1
RSY,0
SSY,1
TSY,1
USY,1
VSY,1
WSY,1
XSY,1
YSY,1
ZSY,0
ATY,1
BTY,1
CTY,1
DTY,1
ETY,1
FTY,1
GTY,1
HTY,1
ITY,1
JTY,1
KTY,1
LTY,1
MTY,1
NTY,1
OTY,1
PTY,1
QTY,1
RTY,1
STY,1
TTY,1
UTY,1
VTY,1
WTY,1
XTY,1
YTY,0
ZTY,0
AUY,1
BUY,1
CUY,1
DUY,0
EUY,0
FUY,0
GUY,0
HUY,0
IUY,0
JUY,0
KUY,0
LUY,0
MUY,0
NUY,0
OUY,0
PUY,0
QUY,0
RUY,0
SUY,0
TUY,0
UUY,0
VUY,0
WUY,1
XUY,0
YUY,0
ZUY,0
AVY,0
BVY,0
CVY,0
DVY,0
EVY,0
FVY,0
GVY,0
HVY,0
IVY,0
JVY,0
KVY,0
LVY,0
MVY,1
NVY,1
OVY,1
PVY,1
QVY,1
RVY,0
SVY,1
TVY,1
UVY,1
VVY,1
WVY,1
XVY,1
YVY,1
ZVY,1
AWY,1
BWY,1
CWY,1
DWY,1
EWY,1
FWY,1
GWY,0
HWY,0
IWY,0
JWY,0
KWY,0
LWY,1
MWY,1
NWY,0
OWY,1
PWY,1
QWY,1
RWY,1
SWY,1
TWY,1
UWY,1
VWY,1
WWY,1
XWY,1
YWY,1
ZWY,1
AXY,1
BXY,1
CXY,1
DXY,1
EXY,1
FXY,1
GXY,1
HXY,1
IXY,1
JXY,1
KXY,1
LXY,1
MXY,1
NXY,1
OXY,1
PXY,1
QXY,1
RXY,1
SXY,1
TXY,1
UXY,1
VXY,1
WXY,0
XXY,1
YXY,1
ZXY,0
AYY,1
BYY,1
CYY,1
DYY,0
EYY,1
FYY,1
GYY,1
HYY,1
IYY,1
JYY,1
KYY,1
LYY,1
MYY,1
NYY,0
OYY,0
PYY,0
QYY,0
RYY,0
SYY,1
TYY,0
UYY,0
VYY,0
WYY,1
XYY,1
YYY,1
ZYY,0
AZY,0
BZY,0
CZY,0
DZY,0
EZY,0
FZY,0
GZY,0
HZY,0
IZY,0
JZY,0
KZY,0
LZY,0
MZY,0
NZY,0
OZY,0
PZY,0
QZY,0
RZY,0
SZY,0
TZY,0
UZY,1
VZY,1
WZY,1
XZY,1
YZY,1
ZZY,1
AAZ,1
BAZ,1
CAZ,0
DAZ,1
EAZ,1
FAZ,1
GAZ,1
HAZ,0
IAZ,1
JAZ,1
KAZ,1
LAZ,1
MAZ,1
NAZ,1
OAZ,1
PAZ,1
QAZ,1
RAZ,1
SAZ,1
TAZ,1
UAZ,1
VAZ,0
WAZ,1
XAZ,1
YAZ,1
ZAZ,1
ABZ,0
BBZ,1
CBZ,1
DBZ,0
EBZ,1
FBZ,1
GBZ,1
HBZ,0
IBZ,1
JBZ,1
KBZ,1
LBZ,0
MBZ,0
NBZ,0
OBZ,0
PBZ,0
QBZ,0
RBZ,0
SBZ,0
TBZ,0
UBZ,0
VBZ,0
WBZ,0
XBZ,0
YBZ,0
ZBZ,0
ACZ,0
BCZ,0
CCZ,1
DCZ,0
ECZ,1
FCZ,1
GCZ,1
HCZ,0
ICZ,1
JCZ,1
KCZ,1
LCZ,1
MCZ,1
NCZ,1
OCZ,1
PCZ,1
QCZ,1
RCZ,0
SCZ,1
TCZ,1
UCZ,1
VCZ,1
WCZ,1
XCZ,0
YCZ,1
ZCZ,1
ADZ,1
BDZ,1
CDZ,1
DDZ,0
EDZ,1
FDZ,1
GDZ,1
HDZ,0
IDZ,1
JDZ,0
KDZ,0
LDZ,0
MDZ,0
NDZ,0
ODZ,1
PDZ,0
QDZ,1
RDZ,1
SDZ,1
TDZ,1
UDZ,1
VDZ,1
WDZ,1
XDZ,1
YDZ,1
ZDZ,1
AEZ,1
BEZ,0
CEZ,1
DEZ,1
EEZ,1
FEZ,0
GEZ,1
HEZ,1
IEZ,1
JEZ,1
KEZ,1
LEZ,1
MEZ,1
NEZ,1
OEZ,1
PEZ,1
QEZ,1
REZ,1
SEZ,1
TEZ,1
UEZ,1
VEZ,1
WEZ,1
XEZ,1
YEZ,1
ZEZ,1
AFZ,1
BFZ,1
CFZ,1
DFZ,1
EFZ,1
FFZ,1
GFZ,1
HFZ,1
IFZ,1
JFZ,1
KFZ,1
LFZ,0
MFZ,0
NFZ,1
OFZ,1
PFZ,1
QFZ,1
RFZ,1
SFZ,1
TFZ,1
UFZ,0
VFZ,1
WFZ,1
XFZ,1
YFZ,1
ZFZ,0
AGZ,0
BGZ,0
CGZ,1
DGZ,1
EGZ,1
FGZ,0
GGZ,1
HGZ,1
IGZ,1
JGZ,1
KGZ,1
LGZ,1
MGZ,1
NGZ,1
OGZ,1
PGZ,0
QGZ,1
RGZ,1
SGZ,1
TGZ,1
UGZ,1
VGZ,1
WGZ,1
XGZ,1
YGZ,1
ZGZ,1
AHZ,1
BHZ,1
CHZ,0
DHZ,1
EHZ,0
FHZ,1
GHZ,1
HHZ,1
IHZ,1
JHZ,0
KHZ,1
LHZ,1
MHZ,1
NHZ,1
OHZ,1
PHZ,1
QHZ,1
RHZ,0
SHZ,0
THZ,0
UHZ,0
VHZ,0
WHZ,0
XHZ,0
YHZ,0
ZHZ,0
AIZ,0
BIZ,0
CIZ,0
DIZ,0
EIZ,0
FIZ,0
GIZ,0
HIZ,0
IIZ,0
JIZ,0
KIZ,0
LIZ,0
MIZ,0
NIZ,0
OIZ,0
PIZ,0
QIZ,0
RIZ,0
SIZ,0
TIZ,0
UIZ,0
VIZ,0
WIZ,0
XIZ,0
YIZ,0
ZIZ,0
AJZ,0
BJZ,0
CJZ,0
DJZ,0
EJZ,0
FJZ,0
GJZ,0
HJZ,0
IJZ,0
JJZ,0
KJZ,0
LJZ,0
MJZ,0
NJZ,0
OJZ,0
PJZ,1
QJZ,1
RJZ,1
SJZ,1
TJZ,0
UJZ,1
VJZ,1
WJZ,1
XJZ,1
YJZ,1
ZJZ,1
AKZ,1
BKZ,1
CKZ,1
DKZ,1
EKZ,1
FKZ,1
GKZ,0
HKZ,1
IKZ,1
JKZ,1
KKZ,1
LKZ,1
MKZ,1
NKZ,1
OKZ,1
PKZ,1
QKZ,1
RKZ,1
SKZ,1
TKZ,1
UKZ,0
VKZ,1
WKZ,1
XKZ,1
YKZ,1
ZKZ,1
ALZ,1
BLZ,1
CLZ,1
DLZ,1
ELZ,1
FLZ,1
GLZ,1
HLZ,1
ILZ,1
JLZ,1
KLZ,0
LLZ,1
MLZ,1
NLZ,1
OLZ,1
PLZ,1
QLZ,1
RLZ,1
SLZ,0
TLZ,0
ULZ,1
VLZ,1
WLZ,1
XLZ,1
YLZ,0
ZLZ,1
AMZ,1
BMZ,0
CMZ,1
DMZ,0
EMZ,1
FMZ,1
GMZ,1
HMZ,1
IMZ,1
JMZ,1
KMZ,1
LMZ,1
MMZ,0
NMZ,1
OMZ,0
PMZ,1
QMZ,1
RMZ,1
SMZ,0
TMZ,1
UMZ,1
VMZ,1
WMZ,1
XMZ,1
YMZ,0
ZMZ,1
ANZ,1
BNZ,1
CNZ,1
DNZ,1
ENZ,1
FNZ,1
GNZ,1
HNZ,0
INZ,0
JNZ,1
KNZ,0
LNZ,1
MNZ,1
NNZ,1
ONZ,1
PNZ,1
QNZ,1
RNZ,1
SNZ,1
TNZ,1
UNZ,1
VNZ,1
WNZ,1
XNZ,1
YNZ,1
ZNZ,1
AOZ,1
BOZ,1
COZ,1
DOZ,1
EOZ,0
FOZ,1
GOZ,1
HOZ,1
IOZ,1
JOZ,1
KOZ,1
LOZ,0
MOZ,1
NOZ,0
OOZ,0
POZ,0
QOZ,0
ROZ,0
SOZ,0
TOZ,0
UOZ,0
VOZ,0
WOZ,0
XOZ,0
YOZ,0
ZOZ,0
APZ,0
BPZ,0
CPZ,0
DPZ,0
EPZ,0
FPZ,0
GPZ,0
HPZ,0
IPZ,0
JPZ,0
KPZ,0
LPZ,0
MPZ,0
NPZ,0
OPZ,0
PPZ,0
QPZ,0
RPZ,0
SPZ,0
TPZ,0
UPZ,1
VPZ,1
WPZ,1
XPZ,0
YPZ,0
ZPZ,0
AQZ,0
BQZ,0
CQZ,0
DQZ,0
EQZ,1
FQZ,1
GQZ,1
HQZ,1
IQZ,1
JQZ,1
KQZ,1
LQZ,1
MQZ,1
NQZ,1
OQZ,1
PQZ,1
QQZ,1
RQZ,1
SQZ,1
TQZ,1
UQZ,1
VQZ,1
WQZ,1
XQZ,0
YQZ,1
ZQZ,1
ARZ,1
BRZ,1
CRZ,1
DRZ,1
ERZ,1
FRZ,1
GRZ,1
HRZ,0
IRZ,1
JRZ,1
KRZ,1
LRZ,1
MRZ,1
NRZ,1
ORZ,1
PRZ,1
QRZ,0
RRZ,1
SRZ,1
TRZ,1
URZ,1
VRZ,1
WRZ,1
XRZ,0
YRZ,0
ZRZ,1
ASZ,1
BSZ,1
CSZ,1
DSZ,1
ESZ,1
FSZ,0
GSZ,1
HSZ,1
ISZ,1
JSZ,1
KSZ,1
LSZ,1
MSZ,1
NSZ,1
OSZ,1
PSZ,1
QSZ,1
RSZ,1
SSZ,1
TSZ,1
USZ,1
VSZ,1
WSZ,1
XSZ,1
YSZ,1
ZSZ,1
ATZ,1
BTZ,1
CTZ,1
DTZ,1
ETZ,1
FTZ,1
GTZ,1
HTZ,1
ITZ,0
JTZ,0
KTZ,0
LTZ,0
MTZ,0
NTZ,0
OTZ,0
PTZ,1
QTZ,1
RTZ,1
STZ,1
TTZ,1
UTZ,1
VTZ,1
WTZ,0
XTZ,1
YTZ,1
ZTZ,1
AUZ,1
BUZ,1
CUZ,1
DUZ,1
EUZ,0
FUZ,1
GUZ,1
HUZ,1
IUZ,1
JUZ,1
KUZ,1
LUZ,1
MUZ,1
NUZ,1
OUZ,1
PUZ,1
QUZ,0
RUZ,1
SUZ,1
TUZ,1
UUZ,1
VUZ,1
WUZ,1
XUZ,1
YUZ,1
ZUZ,1
AVZ,0
BVZ,1
CVZ,1
DVZ,1
EVZ,1
FVZ,0
GVZ,1
HVZ,1
IVZ,1
JVZ,1
KVZ,1
LVZ,1
MVZ,1
NVZ,1
OVZ,1
PVZ,1
QVZ,1
RVZ,0
SVZ,1
TVZ,1
UVZ,0
VVZ,1
WVZ,0
XVZ,1
YVZ,1
ZVZ,1
AWZ,0
BWZ,1
CWZ,1
DWZ,1
EWZ,1
FWZ,1
GWZ,1
HWZ,1
IWZ,1
JWZ,1
KWZ,1
LWZ,1
MWZ,0
NWZ,1
OWZ,1
PWZ,1
QWZ,1
RWZ,1
SWZ,1
TWZ,1
UWZ,1
VWZ,1
WWZ,1
XWZ,1
YWZ,1
ZWZ,1
AXZ,1
BXZ,1
CXZ,0
DXZ,0
EXZ,0
FXZ,1
GXZ,1
HXZ,1
IXZ,1
JXZ,1
KXZ,1
LXZ,1
MXZ,1
NXZ,1
OXZ,1
PXZ,1
QXZ,0
RXZ,0
SXZ,1
TXZ,1
UXZ,1
VXZ,1
WXZ,0
XXZ,1
YXZ,1
ZXZ,1
AYZ,0
BYZ,1
CYZ,1
DYZ,1
EYZ,1
FYZ,1
GYZ,1
HYZ,1
IYZ,1
JYZ,1
KYZ,1
LYZ,0
MYZ,0
NYZ,0
OYZ,0
PYZ,0
QYZ,1
RYZ,1
SYZ,1
TYZ,1
UYZ,1
VYZ,1
WYZ,1
XYZ,1
YYZ,1
ZYZ,1
AZZ,1
BZZ,1
CZZ,1
DZZ,1
EZZ,1
FZZ,1
GZZ,1
HZZ,1
IZZ,1
JZZ,1
KZZ,1
LZZ,0
MZZ,1
NZZ,1
OZZ,1
PZZ,1
QZZ,1
RZZ,1
SZZ,1
TZZ,1
UZZ,0
VZZ,1
WZZ,1
XZZ,1
YZZ,1
ZZZ,1
AAAA,1
BAAA,1
CAAA,1
DAAA,1
EAAA,1
FAAA,1
GAAA,1
HAAA,1
IAAA,1
JAAA,1
KAAA,1
LAAA,1
MAAA,1
NAAA,1
OAAA,1
PAAA,1
QAAA,1
RAAA,0
SAAA,0
TAAA,1
UAAA,0
VAAA,1
WAAA,1
XAAA,1
YAAA,1
ZAAA,1
ABAA,1
BBAA,1
CBAA,1
DBAA,0
EBAA,1
FBAA,1
GBAA,1
HBAA,1
IBAA,1
JBAA,1
KBAA,1
LBAA,0
MBAA,1
NBAA,0
OBAA,0
PBAA,0
QBAA,0
RBAA,0
SBAA,0
TBAA,0
UBAA,0
VBAA,0
WBAA,0
XBAA,1
YBAA,0
ZBAA,1
ACAA,1
BCAA,1
CCAA,1
DCAA,1
ECAA,1
FCAA,1
GCAA,1
HCAA,1
ICAA,1
JCAA,1
KCAA,1
LCAA,1
MCAA,1
NCAA,1
OCAA,0
PCAA,1
QCAA,1
RCAA,1
SCAA,1
TCAA,1
UCAA,1
VCAA,1
WCAA,1
XCAA,1
YCAA,1
ZCAA,0
ADAA,0
BDAA,0
CDAA,0
DDAA,0
EDAA,0
FDAA,0
GDAA,0
HDAA,0
IDAA,0
JDAA,0
KDAA,0
LDAA,0
MDAA,0
NDAA,0
ODAA,0
PDAA,1
QDAA,1
RDAA,1
SDAA,1
TDAA,1
UDAA,1
VDAA,1
WDAA,1
XDAA,1
YDAA,1
ZDAA,1
AEAA,1
BEAA,1
CEAA,1
DEAA,0
EEAA,1
FEAA,1
GEAA,1
HEAA,1
IEAA,1
JEAA,1
KEAA,0
LEAA,0
MEAA,1
NEAA,0
OEAA,0
PEAA,0
QEAA,0
REAA,0
SEAA,0
TEAA,1
UEAA,1
VEAA,1
WEAA,0
XEAA,1
YEAA,1
ZEAA,1
AFAA,1
BFAA,1
CFAA,1
DFAA,1
EFAA,1
FFAA,1
GFAA,1
HFAA,1
IFAA,1
JFAA,0
KFAA,0
LFAA,1
MFAA,1
NFAA,1
OFAA,1
PFAA,1
QFAA,1
RFAA,1
SFAA,1
TFAA,1
UFAA,1
VFAA,1
WFAA,1
XFAA,1
YFAA,1
ZFAA,1
AGAA,1
BGAA,1
CGAA,1
DGAA,1
EGAA,1
FGAA,1
GGAA,0
HGAA,0
IGAA,1
JGAA,0
KGAA,0
LGAA,0
MGAA,0
NGAA,0
OGAA,1
PGAA,1
QGAA,1
RGAA,1
SGAA,1
TGAA,1
UGAA,0
VGAA,1
WGAA,1
XGAA,1
YGAA,1
ZGAA,1
AHAA,1
BHAA,1
CHAA,1
DHAA,1
EHAA,1
FHAA,1
GHAA,1
HHAA,1
IHAA,1
JHAA,0
KHAA,0
LHAA,1
MHAA,1
NHAA,1
OHAA,1
PHAA,1
QHAA,1
RHAA,1
SHAA,1
THAA,1
UHAA,0
VHAA,0
WHAA,1
XHAA,1
YHAA,1
ZHAA,0
AIAA,1
BIAA,0
CIAA,0
DIAA,1
EIAA,1
FIAA,1
GIAA,1
HIAA,0
IIAA,0
JIAA,1
KIAA,1
LIAA,1
MIAA,1
NIAA,1
OIAA,1
PIAA,1
QIAA,0
RIAA,1
SIAA,1
TIAA,1
UIAA,1
VIAA,0
WIAA,1
XIAA,1
YIAA,0
ZIAA,1
AJAA,1
BJAA,1
CJAA,1
DJAA,1
EJAA,1
FJAA,0
GJAA,1
HJAA,1
IJAA,1
JJAA,1
KJAA,0
LJAA,1
MJAA,1
NJAA,1
OJAA,1
PJAA,1
QJAA,1
RJAA,0
SJAA,0
TJAA,0
UJAA,0
VJAA,0
WJAA,0
XJAA,0
YJAA,0
ZJAA,0
AKAA,0
BKAA,0
CKAA,0
DKAA,0
EKAA,0
FKAA,0
GKAA,0
HKAA,1
IKAA,0
JKAA,0
KKAA,0
LKAA,0
MKAA,0
NKAA,0
OKAA,0
PKAA,0
QKAA,0
RKAA,0
SKAA,0
TKAA,0
UKAA,0
VKAA,0
WKAA,0
XKAA,0
YKAA,0
ZKAA,0
ALAA,0
BLAA,0
CLAA,0
DLAA,0
ELAA,0
FLAA,0
GLAA,0
HLAA,0
ILAA,1
JLAA,1
KLAA,1
LLAA,1
MLAA,1
NLAA,0
OLAA,1
PLAA,0
QLAA,0
RLAA,0
SLAA,1
TLAA,1
ULAA,0
VLAA,1
WLAA,1
XLAA,1
YLAA,1
ZLAA,0
AMAA,0
BMAA,1
CMAA,0
DMAA,1
EMAA,1
FMAA,1
GMAA,1
HMAA,0
IMAA,1
JMAA,1
KMAA,1
LMAA,1
MMAA,0
NMAA,1
OMAA,1
PMAA,1
QMAA,1
RMAA,1
SMAA,0
TMAA,1
UMAA,1
VMAA,1
WMAA,1
XMAA,1
YMAA,1
ZMAA,1
ANAA,0
BNAA,0
CNAA,0
DNAA,0
ENAA,1
FNAA,1
GNAA,1
HNAA,1
INAA,1
JNAA,1
KNAA,1
LNAA,1
MNAA,1
NNAA,1
ONAA,0
PNAA,1
QNAA,1
RNAA,1
SNAA,1
TNAA,1
UNAA,1
VNAA,1
WNAA,1
XNAA,1
YNAA,0
ZNAA,0
AOAA,1
BOAA,1
COAA,1
DOAA,1
EOAA,1
FOAA,1
GOAA,1
HOAA,1
IOAA,1
JOAA,1
KOAA,1
LOAA,1
MOAA,1
NOAA,0
OOAA,1
POAA,1
QOAA,1
ROAA,1
SOAA,1
TOAA,1
UOAA,1
VOAA,1
WOAA,0
XOAA,1
YOAA,1
ZOAA,1
APAA,1
BPAA,0
CPAA,1
DPAA,0
EPAA,1
FPAA,1
GPAA,1
HPAA,1
IPAA,1
JPAA,1
KPAA,0
LPAA,1
MPAA,1
NPAA,1
OPAA,1
PPAA,0
QPAA,1
RPAA,1
SPAA,1
TPAA,1
UPAA,1
VPAA,0
WPAA,0
XPAA,1
YPAA,1
ZPAA,1
AQAA,1
BQAA,0
CQAA,0
DQAA,0
EQAA,0
FQAA,1
GQAA,1
HQAA,0
IQAA,1
JQAA,1
KQAA,0
LQAA,0
MQAA,0
NQAA,0
OQAA,0
PQAA,0
QQAA,0
RQAA,0
SQAA,0
TQAA,0
UQAA,0
VQAA,0
WQAA,0
XQAA,0
YQAA,0
ZQAA,0
ARAA,0
BRAA,0
CRAA,0
DRAA,0
ERAA,0
FRAA,0
GRAA,0
HRAA,0
IRAA,0
JRAA,0
KRAA,0
LRAA,0
MRAA,0
NRAA,0
ORAA,0
PRAA,0
QRAA,0
RRAA,0
SRAA,0
TRAA,0
URAA,0
VRAA,0
WRAA,0
XRAA,0
YRAA,0
ZRAA,0
ASAA,0
BSAA,0
CSAA,0
DSAA,0
ESAA,0
FSAA,0
GSAA,0
HSAA,1
ISAA,1
JSAA,1
KSAA,1
LSAA,1
MSAA,1
NSAA,1
OSAA,0
PSAA,1
QSAA,1
RSAA,1
SSAA,1
TSAA,1
USAA,1
VSAA,1
WSAA,1
XSAA,1
YSAA,1
ZSAA,1
ATAA,1
BTAA,1
CTAA,1
DTAA,1
ETAA,1
FTAA,1
GTAA,1
HTAA,1
ITAA,1
JTAA,1
KTAA,1
LTAA,1
MTAA,1
NTAA,1
OTAA,1
PTAA,1
QTAA,1
RTAA,1
STAA,1
TTAA,1
UTAA,1
VTAA,1
WTAA,1
XTAA,1
YTAA,1
ZTAA,1
AUAA,1
BUAA,1
CUAA,1
DUAA,1
EUAA,1
FUAA,1
GUAA,1
HUAA,0
IUAA,1
JUAA,1
KUAA,1
LUAA,1
MUAA,1
NUAA,1
OUAA,1
PUAA,1
QUAA,1
RUAA,1
SUAA,1
TUAA,1
UUAA,1
VUAA,1
WUAA,1
XUAA,1
YUAA,1
ZUAA,1
AVAA,1
BVAA,1
CVAA,1
DVAA,1
EVAA,1
FVAA,0
GVAA,1
HVAA,1
IVAA,1
JVAA,1
KVAA,1
LVAA,1
MVAA,1
NVAA,1
OVAA,1
PVAA,1
QVAA,1
RVAA,0
SVAA,1
TVAA,0
UVAA,1
VVAA,1
WVAA,1
XVAA,1
YVAA,1
ZVAA,0
AWAA,0
BWAA,1
CWAA,0
DWAA,0
EWAA,0
FWAA,0
GWAA,0
HWAA,0
IWAA,0
JWAA,0
KWAA,0
LWAA,0
MWAA,0
NWAA,0
OWAA,0
PWAA,0
QWAA,0
RWAA,0
SWAA,0
TWAA,0
UWAA,0
VWAA,0
WWAA,0
XWAA,0
YWAA,0
ZWAA,0
AXAA,1
BXAA,1
CXAA,1
DXAA,1
EXAA,1
FXAA,1
GXAA,1
HXAA,1
IXAA,1
JXAA,1
KXAA,1
LXAA,1
MXAA,1
NXAA,1
OXAA,1
PXAA,0
QXAA,1
RXAA,1
SXAA,1
TXAA,1
UXAA,1
VXAA,1
WXAA,1
XXAA,1
YXAA,1
ZXAA,1
AYAA,1
BYAA,1
CYAA,1
DYAA,1
EYAA,1
FYAA,1
GYAA,1
HYAA,1
IYAA,1
JYAA,1
KYAA,1
LYAA,1
MYAA,1
NYAA,1
OYAA,1
PYAA,1
QYAA,1
RYAA,1
SYAA,1
TYAA,1
UYAA,1
VYAA,1
WYAA,1
XYAA,1
YYAA,1
ZYAA,1
AZAA,1
BZAA,0
CZAA,1
DZAA,1
EZAA,1
FZAA,1
GZAA,1
HZAA,1
IZAA,1
JZAA,0
KZAA,1
LZAA,1
MZAA,0
NZAA,1
OZAA,1
PZAA,1
QZAA,1
RZAA,1
SZAA,1
TZAA,1
UZAA,1
VZAA,1
WZAA,1
XZAA,1
YZAA,1
ZZAA,1
AABA,1
BABA,1
CABA,1
DABA,1
EABA,1
FABA,1
GABA,0
HABA,1
IABA,1
JABA,1
KABA,1
LABA,1
MABA,1
NABA,0
OABA,1
PABA,1
QABA,1
RABA,0
SABA,0
TABA,1
UABA,1
VABA,0
WABA,0
XABA,1
YABA,1
ZABA,1
ABBA,1
BBBA,1
CBBA,1
DBBA,0
EBBA,1
FBBA,1
GBBA,1
HBBA,0
IBBA,1
JBBA,1
KBBA,1
LBBA,0
MBBA,1
NBBA,1
OBBA,1
PBBA,1
QBBA,1
RBBA,1
SBBA,1
TBBA,1
UBBA,1
VBBA,1
WBBA,1
XBBA,1
YBBA,1
ZBBA,1
ACBA,1
BCBA,1
CCBA,0
DCBA,0
ECBA,0
FCBA,0
GCBA,0
HCBA,1
ICBA,1
JCBA,1
KCBA,1
LCBA,1
MCBA,1
NCBA,1
OCBA,1
PCBA,1
QCBA,1
RCBA,1
SCBA,1
TCBA,1
UCBA,0
VCBA,0
WCBA,0
XCBA,0
YCBA,0
ZCBA,0
ADBA,1
BDBA,0
CDBA,0
DDBA,0
EDBA,1
FDBA,1
GDBA,1
HDBA,0
IDBA,1
JDBA,1
KDBA,1
LDBA,1
MDBA,1
NDBA,1
ODBA,1
PDBA,0
QDBA,1
RDBA,1
SDBA,1
TDBA,1
UDBA,1
VDBA,0
WDBA,1
XDBA,1
YDBA,1
ZDBA,1
AEBA,1
BEBA,1
CEBA,1
DEBA,1
EEBA,1
FEBA,1
GEBA,0
HEBA,1
IEBA,1
JEBA,1
KEBA,1
LEBA,1
MEBA,1
NEBA,1
OEBA,1
PEBA,1
QEBA,1
REBA,1
SEBA,1
TEBA,1
UEBA,1
VEBA,1
WEBA,1
XEBA,1
YEBA,1
ZEBA,1
AFBA,1
BFBA,0
CFBA,1
DFBA,1
EFBA,1
FFBA,1
GFBA,1
HFBA,1
IFBA,0
JFBA,1
KFBA,1
LFBA,1
MFBA,0
NFBA,1
OFBA,1
PFBA,1
QFBA,1
RFBA,1
SFBA,1
TFBA,1
UFBA,1
VFBA,1
WFBA,1
XFBA,1
YFBA,0
ZFBA,0
AGBA,1
BGBA,1
CGBA,0
DGBA,1
EGBA,0
FGBA,1
GGBA,1
HGBA,0
IGBA,1
JGBA,0
KGBA,1
LGBA,1
MGBA,1
NGBA,1
OGBA,1
PGBA,1
QGBA,1
RGBA,1
SGBA,0
TGBA,0
UGBA,1
VGBA,0
WGBA,0
XGBA,0
YGBA,0
ZGBA,0
AHBA,0
BHBA,0
CHBA,0
DHBA,0
EHBA,0
FHBA,0
GHBA,0
HHBA,0
IHBA,0
JHBA,0
KHBA,0
LHBA,1
MHBA,0
NHBA,1
OHBA,1
PHBA,0
QHBA,1
RHBA,1
SHBA,1
THBA,1
UHBA,0
VHBA,0
WHBA,0
XHBA,0
YHBA,0
ZHBA,0
AIBA,1
BIBA,0
CIBA,1
DIBA,1
EIBA,1
FIBA,1
GIBA,1
HIBA,1
IIBA,1
JIBA,0
KIBA,0
LIBA,0
MIBA,0
NIBA,0
OIBA,0
PIBA,0
QIBA,0
RIBA,0
SIBA,0
TIBA,1
UIBA,1
VIBA,1
WIBA,1
XIBA,1
YIBA,1
ZIBA,1
AJBA,1
BJBA,1
CJBA,1
DJBA,0
EJBA,1
FJBA,1
GJBA,0
HJBA,1
IJBA,1
JJBA,0
KJBA,1
LJBA,1
MJBA,1
NJBA,1
OJBA,1
PJBA,1
QJBA,1
RJBA,1
SJBA,1
TJBA,1
UJBA,1
VJBA,0
WJBA,1
XJBA,0
YJBA,1
ZJBA,0
AKBA,1
BKBA,1
CKBA,1
DKBA,1
EKBA,0
FKBA,0
GKBA,0
HKBA,0
IKBA,0
JKBA,0
KKBA,1
LKBA,0
MKBA,1
NKBA,1
OKBA,1
PKBA,0
QKBA,1
RKBA,1
SKBA,0
TKBA,1
UKBA,0
VKBA,0
WKBA,1
XKBA,1
YKBA,1
ZKBA,1
ALBA,1
BLBA,1
CLBA,1
DLBA,1
ELBA,1
FLBA,1
GLBA,1
HLBA,1
ILBA,0
JLBA,1
KLBA,1
LLBA,1
MLBA,1
NLBA,1
OLBA,1
PLBA,1
QLBA,0
RLBA,1
SLBA,1
TLBA,0
ULBA,1
VLBA,1
WLBA,1
XLBA,0
YLBA,0
ZLBA,1
AMBA,1
BMBA,1
CMBA,1
DMBA,0
EMBA,1
FMBA,1
GMBA,0
HMBA,1
IMBA,1
JMBA,1
KMBA,1
LMBA,1
MMBA,1
NMBA,1
OMBA,0
PMBA,1
QMBA,1
RMBA,1
SMBA,1
TMBA,1
UMBA,1
VMBA,1
WMBA,1
XMBA,1
YMBA,0
ZMBA,1
ANBA,1
BNBA,1
CNBA,0
DNBA,1
ENBA,1
FNBA,1
GNBA,1
HNBA,0
INBA,1
JNBA,1
KNBA,1
LNBA,1
MNBA,1
NNBA,1
ONBA,1
PNBA,0
QNBA,1
RNBA,1
SNBA,1
TNBA,0
UNBA,1
VNBA,1
WNBA,1
XNBA,1
YNBA,1
ZNBA,1
AOBA,0
BOBA,1
COBA,1
DOBA,1
EOBA,0
FOBA,1
GOBA,1
HOBA,0
IOBA,0
JOBA,0
KOBA,0
LOBA,0
MOBA,0
NOBA,0
OOBA,0
POBA,0
QOBA,0
ROBA,0
SOBA,0
TOBA,0
UOBA,0
VOBA,0
WOBA,0
XOBA,0
YOBA,0
ZOBA,0
APBA,0
BPBA,0
CPBA,0
DPBA,0
EPBA,0
FPBA,0
GPBA,0
HPBA,0
IPBA,0
JPBA,0
KPBA,0
LPBA,0
MPBA,0
NPBA,0
OPBA,0
PPBA,0
QPBA,0
RPBA,0
SPBA,1
TPBA,0
UPBA,0
VPBA,1
WPBA,0
XPBA,1
YPBA,1
ZPBA,1
AQBA,1
BQBA,1
CQBA,1
DQBA,1
EQBA,1
FQBA,1
GQBA,1
HQBA,1
IQBA,1
JQBA,1
KQBA,1
LQBA,1
MQBA,1
NQBA,1
OQBA,1
PQBA,1
QQBA,1
RQBA,1
SQBA,1
TQBA,1
UQBA,1
VQBA,1
WQBA,0
XQBA,1
YQBA,0
ZQBA,1
ARBA,1
BRBA,0
CRBA,1
DRBA,1
ERBA,1
FRBA,0
GRBA,0
HRBA,1
IRBA,1
JRBA,1
KRBA,1
LRBA,0
MRBA,1
NRBA,1
ORBA,1
PRBA,1
QRBA,1
RRBA,1
SRBA,1
TRBA,1
URBA,1
VRBA,1
WRBA,1
XRBA,1
YRBA,1
ZRBA,1
ASBA,1
BSBA,1
CSBA,1
DSBA,1
ESBA,1
FSBA,1
GSBA,1
HSBA,1
ISBA,1
JSBA,1
KSBA,1
LSBA,0
MSBA,1
NSBA,1
OSBA,1
PSBA,0
QSBA,1
RSBA,1
SSBA,1
TSBA,1
USBA,1
VSBA,1
WSBA,1
XSBA,1
YSBA,1
ZSBA,1
ATBA,1
BTBA,1
CTBA,1
DTBA,0
ETBA,0
FTBA,1
GTBA,1
HTBA,1
ITBA,1
JTBA,1
KTBA,1
LTBA,1
MTBA,0
NTBA,1
OTBA,1
PTBA,1
QTBA,1
RTBA,1
STBA,1
TTBA,1
UTBA,1
VTBA,0
WTBA,1
XTBA,1
YTBA,1
ZTBA,0
AUBA,1
BUBA,1
CUBA,1
DUBA,1
EUBA,1
FUBA,1
GUBA,1
HUBA,1
IUBA,1
JUBA,1
KUBA,1
LUBA,0
MUBA,0
NUBA,1
OUBA,1
PUBA,0
QUBA,1
RUBA,1
SUBA,0
TUBA,0
UUBA,1
VUBA,1
WUBA,1
XUBA,0
YUBA,0
ZUBA,1
AVBA,0
BVBA,0
CVBA,0
DVBA,0
EVBA,0
FVBA,0
GVBA,0
HVBA,0
IVBA,0
JVBA,0
KVBA,0
LVBA,0
MVBA,0
NVBA,0
OVBA,0
PVBA,0
QVBA,0
RVBA,0
SVBA,0
TVBA,0
UVBA,0
VVBA,0
WVBA,0
XVBA,0
YVBA,0
ZVBA,0
AWBA,0
BWBA,0
CWBA,0
DWBA,0
EWBA,0
FWBA,0
GWBA,0
HWBA,0
IWBA,0
JWBA,0
KWBA,0
LWBA,0
MWBA,0
NWBA,0
OWBA,0
PWBA,0
QWBA,0
RWBA,1
SWBA,1
TWBA,1
UWBA,1
VWBA,1
WWBA,1
XWBA,1
YWBA,1
ZWBA,1
AXBA,1
BXBA,1
CXBA,1
DXBA,1
EXBA,1
FXBA,1
GXBA,0
HXBA,1
IXBA,1
JXBA,1
KXBA,1
LXBA,0
MXBA,1
NXBA,0
OXBA,1
PXBA,1
QXBA,1
RXBA,1
SXBA,1
TXBA,1
UXBA,1
VXBA,1
WXBA,1
XXBA,1
YXBA,1
ZXBA,1
AYBA,1
BYBA,1
CYBA,1
DYBA,0
EYBA,1
FYBA,0
GYBA,1
HYBA,1
IYBA,1
JYBA,1
KYBA,1
LYBA,1
MYBA,1
NYBA,1
OYBA,1
PYBA,1
QYBA,1
RYBA,1
SYBA,1
TYBA,1
UYBA,1
VYBA,1
WYBA,1
XYBA,1
YYBA,1
ZYBA,1
AZBA,1
BZBA,1
CZBA,1
DZBA,1
EZBA,1
FZBA,1
GZBA,0
HZBA,1
IZBA,1
JZBA,1
KZBA,1
LZBA,1
MZBA,1
NZBA,1
OZBA,1
PZBA,1
QZBA,0
RZBA,0
SZBA,1
TZBA,0
UZBA,1
VZBA,1
WZBA,1
XZBA,1
YZBA,0
ZZBA,1
AACA,0
BACA,1
CACA,1
DACA,1
EACA,1
FACA,0
GACA,1
HACA,1
IACA,1
JACA,1
KACA,1
LACA,1
MACA,1
NACA,1
OACA,1
PACA,0
QACA,0
RACA,0
SACA,0
TACA,0
UACA,1
VACA,1
WACA,1
XACA,1
YACA,1
ZACA,1
ABCA,1
BBCA,1
CBCA,1
DBCA,0
EBCA,0
FBCA,1
GBCA,1
HBCA,0
IBCA,1
JBCA,0
KBCA,1
LBCA,1
MBCA,1
NBCA,1
OBCA,1
PBCA,1
QBCA,1
RBCA,1
SBCA,1
TBCA,1
UBCA,1
VBCA,1
WBCA,1
XBCA,0
YBCA,1
ZBCA,1
ACCA,1
BCCA,1
CCCA,1
DCCA,1
ECCA,0
FCCA,1
GCCA,0
HCCA,1
ICCA,0
JCCA,0
KCCA,1
LCCA,1
MCCA,1
NCCA,1
OCCA,1
PCCA,1
QCCA,1
RCCA,1
SCCA,1
TCCA,1
UCCA,1
VCCA,0
WCCA,0
XCCA,1
YCCA,1
ZCCA,1
ADCA,1
BDCA,1
CDCA,0
DDCA,1
EDCA,1
FDCA,1
GDCA,1
HDCA,1
IDCA,1
JDCA,1
KDCA,1
LDCA,1
MDCA,0
NDCA,1
ODCA,1
PDCA,1
QDCA,1
RDCA,1
SDCA,1
TDCA,1
UDCA,1
VDCA,0
WDCA,1
XDCA,1
YDCA,1
ZDCA,1
AECA,1
BECA,1
CECA,1
DECA,1
EECA,1
FECA,1
GECA,1
HECA,1
IECA,1
JECA,1
KECA,1
LECA,1
MECA,0
NECA,1
OECA,1
PECA,1
QECA,1
RECA,1
SECA,1
TECA,1
UECA,1
VECA,1
WECA,1
XECA,0
YECA,0
ZECA,0
AFCA,0
BFCA,1
CFCA,1
DFCA,1
EFCA,1
FFCA,1
GFCA,1
HFCA,1
IFCA,1
JFCA,1
KFCA,1
LFCA,1
MFCA,1
NFCA,1
OFCA,1
PFCA,1
QFCA,1
RFCA,1
SFCA,1
TFCA,1
UFCA,1
VFCA,1
WFCA,0
XFCA,1
YFCA,1
ZFCA,1
AGCA,1
BGCA,1
CGCA,1
DGCA,0
EGCA,0
FGCA,1
GGCA,1
HGCA,1
IGCA,1
JGCA,1
KGCA,1
LGCA,1
MGCA,1
NGCA,0
OGCA,1
PGCA,1
QGCA,1
RGCA,1
SGCA,1
TGCA,0
UGCA,0
VGCA,0
WGCA,1
XGCA,1
YGCA,0
ZGCA,1
AHCA,1
BHCA,1
CHCA,1
DHCA,1
EHCA,1
FHCA,1
GHCA,1
HHCA,1
IHCA,1
JHCA,1
KHCA,1
LHCA,0
MHCA,1
NHCA,1
OHCA,1
PHCA,0
QHCA,0
RHCA,1
SHCA,1
THCA,1
UHCA,1
VHCA,1
WHCA,1
XHCA,1
YHCA,1
ZHCA,1
AICA,1
BICA,1
CICA,1
DICA,1
EICA,1
FICA,1
GICA,1
HICA,1
IICA,0
JICA,0
KICA,0
LICA,0
MICA,0
NICA,0
OICA,0
PICA,0
QICA,1
RICA,1
SICA,1
TICA,0
UICA,1
VICA,1
WICA,1
XICA,0
YICA,1
ZICA,0
AJCA,1
BJCA,1
CJCA,1
DJCA,0
EJCA,1
FJCA,1
GJCA,1
HJCA,0
IJCA,0
JJCA,0
KJCA,0
LJCA,0
MJCA,0
NJCA,0
OJCA,1
PJCA,1
QJCA,1
RJCA,1
SJCA,1
TJCA,1
UJCA,1
VJCA,1
WJCA,1
XJCA,1
YJCA,1
ZJCA,1
AKCA,1
BKCA,1
CKCA,1
DKCA,1
EKCA,1
FKCA,1
GKCA,1
HKCA,1
IKCA,1
JKCA,0
KKCA,0
LKCA,1
MKCA,1
NKCA,1
OKCA,0
PKCA,1
QKCA,1
RKCA,1
SKCA,1
TKCA,1
UKCA,1
VKCA,1
WKCA,1
XKCA,1
YKCA,1
ZKCA,1
ALCA,1
BLCA,1
CLCA,1
DLCA,1
ELCA,1
FLCA,1
GLCA,1
HLCA,1
ILCA,1
JLCA,0
KLCA,0
LLCA,1
MLCA,1
NLCA,0
OLCA,0
PLCA,0
QLCA,0
RLCA,0
SLCA,0
TLCA,1
ULCA,1
VLCA,1
WLCA,1
XLCA,0
YLCA,1
ZLCA,1
AMCA,0
BMCA,1
CMCA,1
DMCA,1
EMCA,0
FMCA,1
GMCA,1
HMCA,1
IMCA,1
JMCA,1
KMCA,1
LMCA,1
MMCA,0
NMCA,1
OMCA,1
PMCA,1
QMCA,1
RMCA,1
SMCA,0
TMCA,1
UMCA,1
VMCA,1
WMCA,1
XMCA,1
YMCA,1
ZMCA,1
ANCA,1
BNCA,1
CNCA,1
DNCA,1
ENCA,1
FNCA,1
GNCA,1
HNCA,0
INCA,1
JNCA,1
KNCA,1
LNCA,1
MNCA,1
NNCA,1
ONCA,1
PNCA,0
QNCA,0
RNCA,1
SNCA,1
TNCA,1
UNCA,1
VNCA,1
WNCA,1
XNCA,1
YNCA,1
ZNCA,1
AOCA,1
BOCA,1
COCA,1
DOCA,1
EOCA,1
FOCA,1
GOCA,0
HOCA,1
IOCA,1
JOCA,1
KOCA,1
LOCA,1
MOCA,1
NOCA,1
OOCA,1
POCA,1
QOCA,1
ROCA,1
SOCA,1
TOCA,1
UOCA,1
VOCA,1
WOCA,1
XOCA,1
YOCA,1
ZOCA,1
APCA,1
BPCA,0
CPCA,1
DPCA,1
EPCA,1
FPCA,1
GPCA,1
HPCA,1
IPCA,1
JPCA,1
KPCA,1
LPCA,1
MPCA,1
NPCA,1
OPCA,0
PPCA,1
QPCA,1
RPCA,1
SPCA,0
TPCA,1
UPCA,0
VPCA,1
WPCA,0
XPCA,1
YPCA,0
ZPCA,1
AQCA,1
BQCA,1
CQCA,1
DQCA,1
EQCA,1
FQCA,0
GQCA,0
HQCA,0
IQCA,0
JQCA,0
KQCA,0
LQCA,0
MQCA,1
NQCA,0
OQCA,0
PQCA,0
QQCA,0
RQCA,0
SQCA,0
TQCA,0
UQCA,0
VQCA,0
WQCA,0
XQCA,0
YQCA,0
ZQCA,0
ARCA,0
BRCA,0
CRCA,0
DRCA,0
ERCA,0
FRCA,0
GRCA,0
HRCA,0
IRCA,0
JRCA,0
KRCA,0
LRCA,0
MRCA,0
NRCA,0
ORCA,0
PRCA,0
QRCA,1
RRCA,0
SRCA,1
TRCA,1
URCA,1
VRCA,1
WRCA,1
XRCA,1
YRCA,0
ZRCA,1
ASCA,1
BSCA,1
CSCA,1
DSCA,0
ESCA,1
FSCA,1
GSCA,1
HSCA,1
ISCA,1
JSCA,1
KSCA,1
LSCA,1
MSCA,1
NSCA,1
OSCA,1
PSCA,1
QSCA,1
RSCA,1
SSCA,1
TSCA,1
USCA,1
VSCA,1
WSCA,1
XSCA,1
YSCA,1
ZSCA,1
ATCA,0
BTCA,1
CTCA,1
DTCA,1
ETCA,1
FTCA,1
GTCA,1
HTCA,1
ITCA,1
JTCA,1
KTCA,1
LTCA,1
MTCA,0
NTCA,0
OTCA,1
PTCA,1
QTCA,1
RTCA,1
STCA,1
TTCA,1
UTCA,1
VTCA,1
WTCA,1
XTCA,1
YTCA,1
ZTCA,1
AUCA,1
BUCA,0
CUCA,1
DUCA,1
EUCA,1
FUCA,1
GUCA,1
HUCA,1
IUCA,1
JUCA,0
KUCA,1
LUCA,0
MUCA,1
NUCA,0
OUCA,1
PUCA,0
QUCA,1
RUCA,1
SUCA,1
TUCA,1
UUCA,1
VUCA,1
WUCA,1
XUCA,1
YUCA,1
ZUCA,1
AVCA,1
BVCA,1
CVCA,0
DVCA,1
EVCA,0
FVCA,1
GVCA,1
HVCA,1
IVCA,1
JVCA,1
KVCA,1
LVCA,1
MVCA,1
NVCA,1
OVCA,1
PVCA,0
QVCA,1
RVCA,0
SVCA,0
TVCA,0
UVCA,0
VVCA,0
WVCA,0
XVCA,0
YVCA,0
ZVCA,0
AWCA,0
BWCA,0
CWCA,0
DWCA,0
EWCA,0
FWCA,0
GWCA,0
HWCA,0
IWCA,0
JWCA,0
KWCA,0
LWCA,0
MWCA,0
NWCA,0
OWCA,0
PWCA,0
QWCA,0
RWCA,0
SWCA,0
TWCA,0
UWCA,0
VWCA,0
WWCA,0
XWCA,0
YWCA,0
ZWCA,0
AXCA,0
BXCA,0
CXCA,0
DXCA,0
EXCA,0
FXCA,0
GXCA,0
HXCA,0
IXCA,0
JXCA,0
KXCA,0
LXCA,1
MXCA,1
NXCA,1
OXCA,1
PXCA,1
QXCA,1
RXCA,1
SXCA,1
TXCA,0
UXCA,1
VXCA,1
WXCA,1
XXCA,1
YXCA,1
ZXCA,1
AYCA,1
BYCA,1
CYCA,1
DYCA,1
EYCA,0
FYCA,0
GYCA,1
HYCA,1
IYCA,1
JYCA,1
KYCA,1
LYCA,1
MYCA,1
NYCA,1
OYCA,1
PYCA,1
QYCA,1
RYCA,1
SYCA,1
TYCA,1
UYCA,1
VYCA,0
WYCA,1
XYCA,1
YYCA,1
ZYCA,1
AZCA,1
BZCA,1
CZCA,1
DZCA,1
EZCA,1
FZCA,1
GZCA,1
HZCA,1
IZCA,0
JZCA,1
KZCA,1
LZCA,1
MZCA,1
NZCA,1
OZCA,1
PZCA,1
QZCA,1
RZCA,1
SZCA,1
TZCA,1
UZCA,1
VZCA,1
WZCA,1
XZCA,0
YZCA,1
ZZCA,1
AADA,1
BADA,1
CADA,1
DADA,1
EADA,1
FADA,1
GADA,1
HADA,0
IADA,0
JADA,1
KADA,1
LADA,1
MADA,1
NADA,1
OADA,1
PADA,0
QADA,1
RADA,1
SADA,1
TADA,1
UADA,1
VADA,1
WADA,1
XADA,1
YADA,1
ZADA,1
ABDA,1
BBDA,1
CBDA,1
DBDA,1
EBDA,1
FBDA,1
GBDA,1
HBDA,0
IBDA,1
JBDA,1
KBDA,1
LBDA,1
MBDA,1
NBDA,1
OBDA,1
PBDA,1
QBDA,1
RBDA,1
SBDA,1
TBDA,1
UBDA,1
VBDA,0
WBDA,0
XBDA,0
YBDA,0
ZBDA,0
ACDA,0
BCDA,0
CCDA,0
DCDA,0
ECDA,0
FCDA,0
GCDA,0
HCDA,0
ICDA,0
JCDA,1
KCDA,1
LCDA,1
MCDA,1
NCDA,1
OCDA,1
PCDA,1
QCDA,1
RCDA,1
SCDA,1
TCDA,1
UCDA,1
VCDA,1
WCDA,1
XCDA,0
YCDA,1
ZCDA,1
ADDA,1
BDDA,1
CDDA,1
DDDA,1
EDDA,1
FDDA,1
GDDA,1
HDDA,1
IDDA,1
JDDA,1
KDDA,1
LDDA,0
MDDA,1
NDDA,1
ODDA,1
PDDA,1
QDDA,1
RDDA,1
SDDA,1
TDDA,1
UDDA,1
VDDA,1
WDDA,1
XDDA,1
YDDA,1
ZDDA,0
AEDA,1
BEDA,1
CEDA,1
DEDA,1
EEDA,1
FEDA,0
GEDA,1
HEDA,1
IEDA,1
JEDA,1
KEDA,1
LEDA,1
MEDA,1
NEDA,0
OEDA,1
PEDA,1
QEDA,1
REDA,1
SEDA,1
TEDA,1
UEDA,1
VEDA,1
WEDA,1
XEDA,1
YEDA,1
ZEDA,1
AFDA,1
BFDA,1
CFDA,1
DFDA,1
EFDA,1
FFDA,1
GFDA,1
HFDA,1
IFDA,1
JFDA,1
KFDA,1
LFDA,1
MFDA,1
NFDA,1
OFDA,1
PFDA,0
QFDA,1
RFDA,1
SFDA,0
TFDA,1
UFDA,1
VFDA,0
WFDA,1
XFDA,1
YFDA,0
ZFDA,0
AGDA,0
BGDA,0
CGDA,0
DGDA,0
EGDA,0
FGDA,0
GGDA,0
HGDA,0
IGDA,1
JGDA,1
KGDA,1
LGDA,1
MGDA,1
NGDA,1
OGDA,1
PGDA,0
QGDA,1
RGDA,1
SGDA,1
TGDA,1
UGDA,1
VGDA,0
WGDA,1
XGDA,1
YGDA,1
ZGDA,1
AHDA,1
BHDA,1
CHDA,1
DHDA,1
EHDA,1
FHDA,0
GHDA,1
HHDA,1
IHDA,1
JHDA,1
KHDA,1
LHDA,1
MHDA,1
NHDA,0
OHDA,0
PHDA,0
QHDA,0
RHDA,0
SHDA,0
THDA,1
UHDA,1
VHDA,1
WHDA,1
XHDA,1
YHDA,1
ZHDA,1
AIDA,1
BIDA,1
CIDA,1
DIDA,0
EIDA,0
FIDA,1
GIDA,1
HIDA,1
IIDA,1
JIDA,0
KIDA,1
LIDA,1
MIDA,1
NIDA,1
OIDA,1
PIDA,1
QIDA,1
RIDA,1
SIDA,1
TIDA,1
UIDA,1
VIDA,1
WIDA,1
XIDA,1
YIDA,1
ZIDA,1
AJDA,1
BJDA,1
CJDA,1
DJDA,1
EJDA,1
FJDA,1
GJDA,1
HJDA,0
IJDA,1
JJDA,1
KJDA,1
LJDA,1
MJDA,1
NJDA,0
OJDA,1
PJDA,1
QJDA,1
RJDA,1
SJDA,1
TJDA,1
UJDA,1
VJDA,1
WJDA,1
XJDA,1
YJDA,1
ZJDA,1
AKDA,0
BKDA,1
CKDA,0
DKDA,1
EKDA,1
FKDA,1
GKDA,1
HKDA,1
IKDA,1
JKDA,1
KKDA,1
LKDA,0
MKDA,0
NKDA,0
OKDA,0
PKDA,0
QKDA,0
RKDA,0
SKDA,0
TKDA,0
UKDA,0
VKDA,0
WKDA,0
XKDA,0
YKDA,0
ZKDA,1
ALDA,0
BLDA,0
CLDA,1
DLDA,0
ELDA,1
FLDA,1
GLDA,1
HLDA,1
ILDA,1
JLDA,1
KLDA,1
LLDA,1
MLDA,1
NLDA,0
OLDA,1
PLDA,1
QLDA,0
RLDA,0
SLDA,1
TLDA,1
ULDA,0
VLDA,1
WLDA,1
XLDA,1
YLDA,0
ZLDA,0
AMDA,1
BMDA,1
CMDA,1
DMDA,1
EMDA,1
FMDA,1
GMDA,1
HMDA,1
IMDA,1
JMDA,1
KMDA,1
LMDA,0
MMDA,1
NMDA,1
OMDA,1
PMDA,0
QMDA,0
RMDA,0
SMDA,0
TMDA,0
UMDA,1
VMDA,1
WMDA,1
XMDA,0
YMDA,1
ZMDA,1
ANDA,1
BNDA,1
CNDA,1
DNDA,0
ENDA,1
FNDA,1
GNDA,1
HNDA,1
INDA,1
JNDA,1
KNDA,1
LNDA,1
MNDA,1
NNDA,0
ONDA,0
PNDA,0
QNDA,0
RNDA,0
SNDA,1
TNDA,1
UNDA,0
VNDA,1
WNDA,1
XNDA,0
YNDA,1
ZNDA,1
AODA,1
BODA,0
CODA,1
DODA,1
EODA,1
FODA,1
GODA,0
HODA,1
IODA,1
JODA,1
KODA,1
LODA,1
MODA,1
NODA,1
OODA,0
PODA,1
QODA,1
RODA,1
SODA,1
TODA,1
UODA,1
VODA,1
WODA,1
XODA,1
YODA,1
ZODA,1
APDA,1
BPDA,0
CPDA,0
DPDA,0
EPDA,1
FPDA,1
GPDA,1
HPDA,1
IPDA,1
JPDA,0
KPDA,1
LPDA,1
MPDA,1
NPDA,1
OPDA,1
PPDA,1
QPDA,1
RPDA,1
SPDA,1
TPDA,1
UPDA,1
VPDA,1
WPDA,1
XPDA,1
YPDA,1
ZPDA,1
AQDA,1
BQDA,1
CQDA,1
DQDA,1
EQDA,1
FQDA,1
GQDA,1
HQDA,0
IQDA,1
JQDA,1
KQDA,1
LQDA,1
MQDA,0
NQDA,1
OQDA,1
PQDA,1
QQDA,1
RQDA,1
SQDA,1
TQDA,1
UQDA,1
VQDA,0
WQDA,1
XQDA,1
YQDA,0
ZQDA,0
ARDA,1
BRDA,1
CRDA,1
DRDA,1
ERDA,0
FRDA,1
GRDA,1
HRDA,1
IRDA,1
JRDA,1
KRDA,1
LRDA,1
MRDA,1
NRDA,1
ORDA,1
PRDA,1
QRDA,0
RRDA,0
SRDA,0
TRDA,0
URDA,0
VRDA,0
WRDA,0
XRDA,0
YRDA,0
ZRDA,0
ASDA,0
BSDA,0
CSDA,0
DSDA,0
ESDA,0
FSDA,0
GSDA,0
HSDA,0
ISDA,0
JSDA,0
KSDA,0
LSDA,0
MSDA,0
NSDA,0
OSDA,0
PSDA,0
QSDA,0
RSDA,0
SSDA,0
TSDA,0
USDA,0
VSDA,0
WSDA,0
XSDA,0
YSDA,0
ZSDA,0
ATDA,0
BTDA,0
CTDA,0
DTDA,0
ETDA,1
FTDA,1
GTDA,1
HTDA,1
ITDA,0
JTDA,0
KTDA,0
LTDA,0
MTDA,0
NTDA,0
OTDA,0
PTDA,0
QTDA,1
RTDA,0
STDA,1
TTDA,1
UTDA,1
VTDA,0
WTDA,1
XTDA,1
YTDA,1
ZTDA,1
AUDA,1
BUDA,1
CUDA,1
DUDA,1
EUDA,1
FUDA,0
GUDA,1
HUDA,1
IUDA,1
JUDA,1
KUDA,1
LUDA,1
MUDA,1
NUDA,1
OUDA,1
PUDA,1
QUDA,1
RUDA,0
SUDA,1
TUDA,1
UUDA,1
VUDA,1
WUDA,1
XUDA,1
YUDA,1
ZUDA,1
AVDA,1
BVDA,1
CVDA,1
DVDA,1
EVDA,1
FVDA,1
GVDA,1
HVDA,0
IVDA,1
JVDA,1
KVDA,0
LVDA,1
MVDA,1
NVDA,1
OVDA,1
PVDA,1
QVDA,0
RVDA,1
SVDA,1
TVDA,1
UVDA,1
VVDA,0
WVDA,0
XVDA,0
YVDA,0
ZVDA,1
AWDA,0
BWDA,1
CWDA,1
DWDA,1
EWDA,1
FWDA,1
GWDA,1
HWDA,1
IWDA,1
JWDA,0
KWDA,1
LWDA,1
MWDA,1
NWDA,1
OWDA,1
PWDA,1
QWDA,1
RWDA,1
SWDA,1
TWDA,0
UWDA,1
VWDA,1
WWDA,1
XWDA,1
YWDA,1
ZWDA,1
AXDA,0
BXDA,1
CXDA,1
DXDA,1
EXDA,1
FXDA,1
GXDA,1
HXDA,0
IXDA,0
JXDA,0
KXDA,1
LXDA,1
MXDA,1
NXDA,1
OXDA,1
PXDA,1
QXDA,0
RXDA,0
SXDA,0
TXDA,0
UXDA,0
VXDA,0
WXDA,0
XXDA,0
YXDA,0
ZXDA,0
AYDA,0
BYDA,0
CYDA,0
DYDA,0
EYDA,0
FYDA,0
GYDA,0
HYDA,0
IYDA,0
JYDA,0
KYDA,0
LYDA,0
MYDA,0
NYDA,0
OYDA,0
PYDA,0
QYDA,0
RYDA,0
SYDA,0
TYDA,0
UYDA,0
VYDA,0
WYDA,0
XYDA,0
YYDA,0
ZYDA,0
AZDA,1
BZDA,0
CZDA,0
DZDA,0
EZDA,0
FZDA,0
GZDA,0
HZDA,0
IZDA,0
JZDA,1
KZDA,1
LZDA,1
MZDA,1
NZDA,1
OZDA,1
PZDA,1
QZDA,1
RZDA,1
SZDA,1
TZDA,1
UZDA,1
VZDA,1
WZDA,1
XZDA,0
YZDA,1
ZZDA,1
AAEA,1
BAEA,1
CAEA,1
DAEA,1
EAEA,1
FAEA,1
GAEA,1
HAEA,1
IAEA,1
JAEA,1
KAEA,1
LAEA,0
MAEA,0
NAEA,1
OAEA,1
PAEA,0
QAEA,1
RAEA,0
SAEA,1
TAEA,1
UAEA,1
VAEA,1
WAEA,1
XAEA,1
YAEA,0
ZAEA,1
ABEA,1
BBEA,1
CBEA,1
DBEA,1
EBEA,0
FBEA,1
GBEA,1
HBEA,1
IBEA,1
JBEA,1
KBEA,0
LBEA,1
MBEA,1
NBEA,1
OBEA,1
PBEA,1
QBEA,1
RBEA,1
SBEA,1
TBEA,1
UBEA,1
VBEA,1
WBEA,1
XBEA,1
YBEA,1
ZBEA,1
ACEA,1
BCEA,1
CCEA,1
DCEA,0
ECEA,1
FCEA,1
GCEA,1
HCEA,0
ICEA,1
JCEA,1
KCEA,0
LCEA,0
MCEA,1
NCEA,1
OCEA,1
PCEA,1
QCEA,1
RCEA,0
SCEA,1
TCEA,1
UCEA,1
VCEA,1
WCEA,0
XCEA,1
YCEA,0
ZCEA,1
ADEA,1
BDEA,1
CDEA,0
DDEA,1
EDEA,0
FDEA,1
GDEA,1
HDEA,1
IDEA,1
JDEA,1
KDEA,1
LDEA,1
MDEA,1
NDEA,1
ODEA,1
PDEA,1
QDEA,1
RDEA,1
SDEA,1
TDEA,1
UDEA,1
VDEA,0
WDEA,1
XDEA,1
YDEA,1
ZDEA,1
AEEA,0
BEEA,1
CEEA,1
DEEA,0
EEEA,1
FEEA,1
GEEA,1
HEEA,1
IEEA,1
JEEA,1
KEEA,0
LEEA,1
MEEA,1
NEEA,1
OEEA,1
PEEA,1
QEEA,1
REEA,0
SEEA,0
TEEA,0
UEEA,0
VEEA,0
WEEA,1
XEEA,0
YEEA,0
ZEEA,1
AFEA,1
BFEA,1
CFEA,0
DFEA,0
EFEA,0
FFEA,1
GFEA,1
HFEA,1
IFEA,0
JFEA,1
KFEA,1
LFEA,1
MFEA,1
NFEA,1
OFEA,1
PFEA,1
QFEA,1
RFEA,1
SFEA,1
TFEA,1
UFEA,1
VFEA,0
WFEA,1
XFEA,1
YFEA,1
ZFEA,1
AGEA,1
BGEA,1
CGEA,1
DGEA,1
EGEA,1
FGEA,1
GGEA,0
HGEA,0
IGEA,1
JGEA,1
KGEA,1
LGEA,1
MGEA,1
NGEA,1
OGEA,0
PGEA,1
QGEA,0
RGEA,1
SGEA,1
TGEA,1
UGEA,1
VGEA,1
WGEA,1
XGEA,1
YGEA,1
ZGEA,1
AHEA,1
BHEA,1
CHEA,1
DHEA,1
EHEA,1
FHEA,0
GHEA,1
HHEA,1
IHEA,1
JHEA,1
KHEA,1
LHEA,1
MHEA,1
NHEA,1
OHEA,0
PHEA,1
QHEA,1
RHEA,1
SHEA,0
THEA,1
UHEA,0
VHEA,1
WHEA,1
XHEA,0
YHEA,1
ZHEA,1
AIEA,1
BIEA,1
CIEA,1
DIEA,1
EIEA,1
FIEA,1
GIEA,1
HIEA,0
IIEA,1
JIEA,1
KIEA,1
LIEA,1
MIEA,1
NIEA,1
OIEA,1
PIEA,1
QIEA,1
RIEA,1
SIEA,1
TIEA,1
UIEA,1
VIEA,0
WIEA,1
XIEA,1
YIEA,1
ZIEA,1
AJEA,1
BJEA,1
CJEA,1
DJEA,1
EJEA,1
FJEA,1
GJEA,1
HJEA,1
IJEA,1
JJEA,1
KJEA,1
LJEA,1
MJEA,1
NJEA,1
OJEA,1
PJEA,1
QJEA,1
RJEA,1
SJEA,1
TJEA,1
UJEA,1
VJEA,0
WJEA,1
XJEA,1
YJEA,1
ZJEA,1
AKEA,1
BKEA,1
CKEA,1
DKEA,1
EKEA,0
FKEA,1
GKEA,1
HKEA,1
IKEA,1
JKEA,1
KKEA,0
LKEA,1
MKEA,1
NKEA,1
OKEA,0
PKEA,1
QKEA,1
RKEA,1
SKEA,1
TKEA,1
UKEA,1
VKEA,1
WKEA,1
XKEA,1
YKEA,1
ZKEA,1
ALEA,0
BLEA,0
CLEA,1
DLEA,1
ELEA,0
FLEA,1
GLEA,1
HLEA,1
ILEA,0
JLEA,0
KLEA,1
LLEA,0
MLEA,0
NLEA,0
OLEA,0
PLEA,0
QLEA,1
RLEA,1
SLEA,0
TLEA,1
ULEA,1
VLEA,1
WLEA,1
XLEA,1
YLEA,1
ZLEA,1
AMEA,0
BMEA,0
CMEA,0
DMEA,1
EMEA,0
FMEA,0
GMEA,1
HMEA,0
IMEA,1
JMEA,0
KMEA,1
LMEA,1
MMEA,1
NMEA,1
OMEA,0
PMEA,1
QMEA,1
RMEA,0
SMEA,1
TMEA,1
UMEA,1
VMEA,1
WMEA,1
XMEA,1
YMEA,1
ZMEA,1
ANEA,1
BNEA,1
CNEA,1
DNEA,1
ENEA,1
FNEA,1
GNEA,1
HNEA,1
INEA,1
JNEA,1
KNEA,1
LNEA,1
MNEA,0
NNEA,1
ONEA,1
PNEA,0
QNEA,1
RNEA,1
SNEA,1
TNEA,1
UNEA,1
VNEA,1
WNEA,1
XNEA,0
YNEA,1
ZNEA,0
AOEA,1
BOEA,0
COEA,0
DOEA,0
EOEA,0
FOEA,0
GOEA,0
HOEA,1
IOEA,0
JOEA,1
KOEA,1
LOEA,0
MOEA,1
NOEA,1
OOEA,1
POEA,1
QOEA,1
ROEA,1
SOEA,1
TOEA,1
UOEA,0
VOEA,1
WOEA,1
XOEA,1
YOEA,0
ZOEA,0
APEA,0
BPEA,0
CPEA,0
DPEA,0
EPEA,0
FPEA,0
GPEA,0
HPEA,0
IPEA,1
JPEA,0
KPEA,1
LPEA,1
MPEA,0
NPEA,1
OPEA,1
PPEA,1
QPEA,1
RPEA,1
SPEA,1
TPEA,1
UPEA,1
VPEA,1
WPEA,1
XPEA,0
YPEA,1
ZPEA,1
AQEA,1
BQEA,1
CQEA,0
DQEA,1
EQEA,1
FQEA,1
GQEA,1
HQEA,1
IQEA,1
JQEA,1
KQEA,1
LQEA,0
MQEA,0
NQEA,1
OQEA,0
PQEA,1
QQEA,1
RQEA,1
SQEA,1
TQEA,1
UQEA,1
VQEA,1
WQEA,1
XQEA,1
YQEA,1
ZQEA,1
AREA,1
BREA,1
CREA,1
DREA,1
EREA,1
FREA,1
GREA,1
HREA,1
IREA,1
JREA,1
KREA,1
LREA,0
MREA,1
NREA,1
OREA,1
PREA,1
QREA,1
RREA,1
SREA,0
TREA,1
UREA,1
VREA,1
WREA,1
XREA,1
YREA,1
ZREA,1
ASEA,1
BSEA,1
CSEA,1
DSEA,1
ESEA,1
FSEA,1
GSEA,1
HSEA,1
ISEA,1
JSEA,1
KSEA,1
LSEA,1
MSEA,1
NSEA,1
OSEA,0
PSEA,1
QSEA,1
RSEA,1
SSEA,1
TSEA,1
USEA,1
VSEA,1
WSEA,1
XSEA,1
YSEA,1
ZSEA,0
ATEA,1
BTEA,0
CTEA,1
DTEA,1
ETEA,1
FTEA,1
GTEA,1
HTEA,1
ITEA,1
JTEA,1
KTEA,1
LTEA,0
MTEA,0
NTEA,0
OTEA,0
PTEA,0
QTEA,0
RTEA,0
STEA,0
TTEA,0
UTEA,0
VTEA,0
WTEA,0
XTEA,0
YTEA,0
ZTEA,0
AUEA,0
BUEA,0
CUEA,0
DUEA,0
EUEA,0
FUEA,0
GUEA,0
HUEA,0
IUEA,0
JUEA,0
KUEA,0
LUEA,0
MUEA,0
NUEA,0
OUEA,1
PUEA,1
QUEA,1
RUEA,1
SUEA,1
TUEA,0
UUEA,1
VUEA,0
WUEA,0
XUEA,1
YUEA,1
ZUEA,1
AVEA,1
BVEA,1
CVEA,1
DVEA,1
EVEA,1
FVEA,1
GVEA,0
HVEA,1
IVEA,1
JVEA,1
KVEA,1
LVEA,1
MVEA,1
NVEA,1
OVEA,1
PVEA,1
QVEA,1
RVEA,0
SVEA,1
TVEA,1
UVEA,1
VVEA,1
WVEA,1
XVEA,1
YVEA,1
ZVEA,1
AWEA,0
BWEA,1
CWEA,1
DWEA,1
EWEA,1
FWEA,1
GWEA,1
HWEA,1
IWEA,1
JWEA,1
KWEA,1
LWEA,1
MWEA,1
NWEA,1
OWEA,1
PWEA,1
QWEA,1
RWEA,1
SWEA,1
TWEA,1
UWEA,1
VWEA,1
WWEA,0
XWEA,1
YWEA,1
ZWEA,1
AXEA,1
BXEA,1
CXEA,1
DXEA,1
EXEA,1
FXEA,1
GXEA,1
HXEA,1
IXEA,1
JXEA,1
KXEA,1
LXEA,1
MXEA,0
NXEA,0
OXEA,1
PXEA,0
QXEA,1
RXEA,1
SXEA,1
TXEA,1
UXEA,0
VXEA,0
WXEA,0
XXEA,0
YXEA,0
ZXEA,0
AYEA,0
BYEA,0
CYEA,0
DYEA,0
EYEA,0
FYEA,0
GYEA,0
HYEA,0
IYEA,0
JYEA,0
KYEA,0
LYEA,0
MYEA,1
NYEA,1
OYEA,1
PYEA,1
QYEA,1
RYEA,0
SYEA,1
TYEA,1
UYEA,1
VYEA,1
WYEA,1
XYEA,1
YYEA,1
ZYEA,0
AZEA,0
BZEA,1
CZEA,1
DZEA,1
EZEA,1
FZEA,1
GZEA,1
HZEA,1
IZEA,1
JZEA,0
KZEA,1
LZEA,1
MZEA,1
NZEA,0
OZEA,1
PZEA,1
QZEA,0
RZEA,1
SZEA,1
TZEA,1
UZEA,1
VZEA,1
WZEA,1
XZEA,1
YZEA,1
ZZEA,0
AAFA,1
BAFA,1
CAFA,0
DAFA,1
EAFA,1
FAFA,1
GAFA,1
HAFA,1
IAFA,1
JAFA,1
KAFA,1
LAFA,1
MAFA,1
NAFA,0
OAFA,1
PAFA,1
QAFA,1
RAFA,1
SAFA,1
TAFA,0
UAFA,0
VAFA,0
WAFA,0
XAFA,0
YAFA,0
ZAFA,1
ABFA,1
BBFA,1
CBFA,1
DBFA,1
EBFA,1
FBFA,1
GBFA,1
HBFA,1
IBFA,1
JBFA,1
KBFA,1
LBFA,1
MBFA,1
NBFA,1
OBFA,0
PBFA,1
QBFA,1
RBFA,1
SBFA,1
TBFA,1
UBFA,1
VBFA,1
WBFA,1
XBFA,1
YBFA,0
ZBFA,0
ACFA,1
BCFA,1
CCFA,1
DCFA,1
ECFA,1
FCFA,1
GCFA,0
HCFA,1
ICFA,1
JCFA,1
KCFA,1
LCFA,1
MCFA,1
NCFA,1
OCFA,1
PCFA,1
QCFA,1
RCFA,1
SCFA,1
TCFA,1
UCFA,1
VCFA,1
WCFA,1
XCFA,1
YCFA,1
ZCFA,1
ADFA,1
BDFA,0
CDFA,1
DDFA,1
EDFA,1
FDFA,1
GDFA,1
HDFA,1
IDFA,1
JDFA,1
KDFA,0
LDFA,0
MDFA,1
NDFA,1
ODFA,1
PDFA,0
QDFA,1
RDFA,0
SDFA,1
TDFA,1
UDFA,0
VDFA,0
WDFA,1
XDFA,1
YDFA,0
ZDFA,1
AEFA,1
BEFA,0
CEFA,1
DEFA,1
EEFA,1
FEFA,1
GEFA,1
HEFA,1
IEFA,0
JEFA,1
KEFA,1
LEFA,0
MEFA,1
NEFA,1
OEFA,1
PEFA,0
QEFA,0
REFA,0
SEFA,0
TEFA,1
UEFA,1
VEFA,1
WEFA,1
XEFA,1
YEFA,1
ZEFA,1
AFFA,1
BFFA,1
CFFA,1
DFFA,1
EFFA,1
FFFA,1
GFFA,1
HFFA,1
IFFA,1
JFFA,1
KFFA,1
LFFA,1
MFFA,1
NFFA,0
OFFA,1
PFFA,0
QFFA,1
RFFA,1
SFFA,1
TFFA,1
UFFA,1
VFFA,1
WFFA,1
XFFA,0
YFFA,1
ZFFA,0
AGFA,1
BGFA,1
CGFA,0
DGFA,1
EGFA,1
FGFA,1
GGFA,1
HGFA,1
IGFA,1
JGFA,1
KGFA,1
LGFA,1
MGFA,1
NGFA,1
OGFA,1
PGFA,1
QGFA,1
RGFA,1
SGFA,0
TGFA,0
UGFA,0
VGFA,0
WGFA,0
XGFA,0
YGFA,0
ZGFA,0
AHFA,0
BHFA,0
CHFA,0
DHFA,0
EHFA,0
FHFA,0
GHFA,0
HHFA,0
IHFA,1
JHFA,1
KHFA,1
LHFA,1
MHFA,1
NHFA,1
OHFA,1
PHFA,1
QHFA,1
RHFA,1
SHFA,1
THFA,0
UHFA,1
VHFA,1
WHFA,1
XHFA,0
YHFA,1
ZHFA,1
AIFA,1
BIFA,1
CIFA,1
DIFA,1
EIFA,1
FIFA,1
GIFA,1
HIFA,1
IIFA,1
JIFA,0
KIFA,1
LIFA,1
MIFA,1
NIFA,0
OIFA,1
PIFA,1
QIFA,1
RIFA,0
SIFA,1
TIFA,1
UIFA,1
VIFA,0
WIFA,1
XIFA,1
YIFA,1
ZIFA,1
AJFA,1
BJFA,1
CJFA,1
DJFA,0
EJFA,1
FJFA,1
GJFA,1
HJFA,1
IJFA,1
JJFA,1
KJFA,0
LJFA,1
MJFA,0
NJFA,0
OJFA,0
PJFA,0
QJFA,0
RJFA,1
SJFA,0
TJFA,1
UJFA,1
VJFA,1
WJFA,1
XJFA,1
YJFA,1
ZJFA,1
AKFA,1
BKFA,1
CKFA,1
DKFA,1
EKFA,1
FKFA,1
GKFA,1
HKFA,1
IKFA,1
JKFA,1
KKFA,1
LKFA,1
MKFA,1
NKFA,1
OKFA,0
PKFA,0
QKFA,0
RKFA,0
SKFA,0
TKFA,0
UKFA,1
VKFA,1
WKFA,0
XKFA,0
YKFA,0
ZKFA,0
ALFA,0
BLFA,0
CLFA,0
DLFA,1
ELFA,1
FLFA,1
GLFA,0
HLFA,1
ILFA,1
JLFA,1
KLFA,0
LLFA,1
MLFA,1
NLFA,1
OLFA,1
PLFA,1
QLFA,1
RLFA,1
SLFA,1
TLFA,0
ULFA,1
VLFA,1
WLFA,1
XLFA,1
YLFA,1
ZLFA,1
AMFA,0
BMFA,1
CMFA,0
DMFA,1
EMFA,1
FMFA,1
GMFA,1
HMFA,1
IMFA,1
JMFA,1
KMFA,1
LMFA,1
MMFA,0
NMFA,1
OMFA,1
PMFA,1
QMFA,1
RMFA,1
SMFA,1
TMFA,1
UMFA,1
VMFA,1
WMFA,0
XMFA,1
YMFA,1
ZMFA,1
ANFA,1
BNFA,1
CNFA,1
DNFA,1
ENFA,1
FNFA,1
GNFA,1
HNFA,1
INFA,0
JNFA,1
KNFA,1
LNFA,1
MNFA,1
NNFA,1
ONFA,1
PNFA,1
QNFA,1
RNFA,0
SNFA,0
TNFA,0
UNFA,0
VNFA,0
WNFA,0
XNFA,0
YNFA,0
ZNFA,0
AOFA,0
BOFA,0
COFA,0
DOFA,0
EOFA,0
FOFA,0
GOFA,0
HOFA,0
IOFA,0
JOFA,0
KOFA,0
LOFA,0
MOFA,0
NOFA,0
OOFA,0
POFA,0
QOFA,0
ROFA,0
SOFA,0
TOFA,0
UOFA,0
VOFA,0
WOFA,1
XOFA,1
YOFA,0
ZOFA,0
APFA,0
BPFA,0
CPFA,1
DPFA,1
EPFA,1
FPFA,1
GPFA,0
HPFA,1
IPFA,1
JPFA,1
KPFA,0
LPFA,1
MPFA,1
NPFA,1
OPFA,1
PPFA,1
QPFA,1
RPFA,1
SPFA,1
TPFA,1
UPFA,1
VPFA,1
WPFA,1
XPFA,1
YPFA,1
ZPFA,1
AQFA,1
BQFA,1
CQFA,1
DQFA,0
EQFA,0
FQFA,1
GQFA,1
HQFA,0
IQFA,1
JQFA,1
KQFA,1
LQFA,1
MQFA,1
NQFA,1
OQFA,1
PQFA,1
QQFA,1
RQFA,1
SQFA,1
TQFA,1
UQFA,1
VQFA,1
WQFA,0
XQFA,1
YQFA,1
ZQFA,1
ARFA,1
BRFA,1
CRFA,1
DRFA,1
ERFA,1
FRFA,1
GRFA,0
HRFA,1
IRFA,1
JRFA,1
KRFA,1
LRFA,1
MRFA,1
NRFA,1
ORFA,1
PRFA,1
QRFA,1
RRFA,0
SRFA,0
TRFA,0
URFA,1
VRFA,1
WRFA,0
XRFA,1
YRFA,1
ZRFA,1
ASFA,1
BSFA,1
CSFA,1
DSFA,1
ESFA,0
FSFA,0
GSFA,0
HSFA,0
ISFA,0
JSFA,0
KSFA,0
LSFA,0
MSFA,0
NSFA,0
OSFA,0
PSFA,0
QSFA,0
RSFA,0
SSFA,0
TSFA,0
USFA,0
VSFA,0
WSFA,0
XSFA,0
YSFA,0
ZSFA,0
ATFA,0
BTFA,1
CTFA,1
DTFA,1
ETFA,0
FTFA,0
GTFA,1
HTFA,1
ITFA,1
JTFA,1
KTFA,1
LTFA,0
MTFA,1
NTFA,1
OTFA,0
PTFA,1
QTFA,1
RTFA,1
STFA,1
TTFA,1
UTFA,1
VTFA,1
WTFA,1
XTFA,1
YTFA,1
ZTFA,1
AUFA,1
BUFA,1
CUFA,1
DUFA,1
EUFA,1
FUFA,1
GUFA,1
HUFA,0
IUFA,0
JUFA,1
KUFA,0
LUFA,1
MUFA,1
NUFA,1
OUFA,1
PUFA,1
QUFA,1
RUFA,1
SUFA,1
TUFA,1
UUFA,0
VUFA,1
WUFA,1
XUFA,1
YUFA,1
ZUFA,1
AVFA,0
BVFA,1
CVFA,1
DVFA,1
EVFA,1
FVFA,1
GVFA,1
HVFA,1
IVFA,1
JVFA,1
KVFA,0
LVFA,1
MVFA,1
NVFA,1
OVFA,1
PVFA,1
QVFA,0
RVFA,1
SVFA,1
TVFA,1
UVFA,1
VVFA,1
WVFA,1
XVFA,0
YVFA,1
ZVFA,0
AWFA,0
BWFA,0
CWFA,0
DWFA,0
EWFA,0
FWFA,1
GWFA,1
HWFA,1
IWFA,1
JWFA,1
KWFA,1
LWFA,1
MWFA,1
NWFA,1
OWFA,1
PWFA,1
QWFA,1
RWFA,1
SWFA,1
TWFA,1
UWFA,1
VWFA,1
WWFA,1
XWFA,1
YWFA,1
ZWFA,0
AXFA,0
BXFA,0
CXFA,0
DXFA,1
EXFA,1
FXFA,1
GXFA,1
HXFA,1
IXFA,1
JXFA,1
KXFA,1
LXFA,1
MXFA,1
NXFA,1
OXFA,1
PXFA,1
QXFA,1
RXFA,1
SXFA,1
TXFA,1
UXFA,1
VXFA,1
WXFA,1
XXFA,1
YXFA,1
ZXFA,1
AYFA,1
BYFA,1
CYFA,0
DYFA,1
EYFA,1
FYFA,1
GYFA,1
HYFA,1
IYFA,1
JYFA,1
KYFA,1
LYFA,0
MYFA,1
NYFA,1
OYFA,1
PYFA,0
QYFA,1
RYFA,1
SYFA,1
TYFA,1
UYFA,0
VYFA,1
WYFA,1
XYFA,1
YYFA,1
ZYFA,1
AZFA,1
BZFA,1
CZFA,1
DZFA,1
EZFA,1
FZFA,1
GZFA,1
HZFA,1
IZFA,1
JZFA,1
KZFA,1
LZFA,0
MZFA,1
NZFA,1
OZFA,1
PZFA,1
QZFA,1
RZFA,1
SZFA,1
TZFA,1
UZFA,1
VZFA,1
WZFA,1
XZFA,1
YZFA,1
ZZFA,1
AAGA,1
BAGA,1
CAGA,1
DAGA,1
EAGA,1
FAGA,1
GAGA,1
HAGA,1
IAGA,1
JAGA,1
KAGA,1
LAGA,1
MAGA,0
NAGA,0
OAGA,0
PAGA,0
QAGA,0
RAGA,0
SAGA,0
TAGA,0
UAGA,0
VAGA,0
WAGA,0
XAGA,0
YAGA,0
ZAGA,0
ABGA,0
BBGA,0
CBGA,0
DBGA,0
EBGA,0
FBGA,0
GBGA,0
HBGA,0
IBGA,0
JBGA,0
KBGA,0
LBGA,0
MBGA,0
NBGA,0
OBGA,0
PBGA,0
QBGA,0
RBGA,0
SBGA,0
TBGA,0
UBGA,0
VBGA,0
WBGA,0
XBGA,0
YBGA,0
ZBGA,0
ACGA,0
BCGA,0
CCGA,0
DCGA,0
ECGA,0
FCGA,0
GCGA,0
HCGA,0
ICGA,0
JCGA,0
KCGA,0
LCGA,1
MCGA,1
NCGA,1
OCGA,0
PCGA,1
QCGA,1
RCGA,1
SCGA,1
TCGA,1
UCGA,1
VCGA,1
WCGA,0
XCGA,0
YCGA,1
ZCGA,1
ADGA,1
BDGA,1
CDGA,1
DDGA,1
EDGA,1
FDGA,1
GDGA,1
HDGA,1
IDGA,0
JDGA,1
KDGA,1
LDGA,1
MDGA,0
NDGA,1
ODGA,1
PDGA,1
QDGA,1
RDGA,1
SDGA,1
TDGA,1
UDGA,1
VDGA,1
WDGA,1
XDGA,1
YDGA,1
ZDGA,0
AEGA,1
BEGA,1
CEGA,1
DEGA,1
EEGA,1
FEGA,1
GEGA,1
HEGA,1
IEGA,1
JEGA,1
KEGA,1
LEGA,1
MEGA,0
NEGA,0
OEGA,0
PEGA,0
QEGA,0
REGA,0
SEGA,0
TEGA,0
UEGA,0
VEGA,0
WEGA,0
XEGA,0
YEGA,0
ZEGA,0
AFGA,0
BFGA,0
CFGA,0
DFGA,0
EFGA,0
FFGA,0
GFGA,0
HFGA,0
IFGA,0
JFGA,1
KFGA,0
LFGA,1
MFGA,1
NFGA,1
OFGA,1
PFGA,1
QFGA,1
RFGA,1
SFGA,1
TFGA,1
UFGA,1
VFGA,1
WFGA,1
XFGA,1
YFGA,1
ZFGA,0
AGGA,0
BGGA,0
CGGA,1
DGGA,0
EGGA,0
FGGA,1
GGGA,1
HGGA,1
IGGA,1
JGGA,1
KGGA,0
LGGA,1
MGGA,1
NGGA,1
OGGA,1
PGGA,1
QGGA,1
RGGA,1
SGGA,1
TGGA,1
UGGA,1
VGGA,1
WGGA,1
XGGA,1
YGGA,0
ZGGA,1
AHGA,0
BHGA,1
CHGA,1
DHGA,1
EHGA,1
FHGA,0
GHGA,1
HHGA,1
IHGA,0
JHGA,1
KHGA,1
LHGA,1
MHGA,0
NHGA,0
OHGA,1
PHGA,1
QHGA,1
RHGA,1
SHGA,1
THGA,1
UHGA,0
VHGA,1
WHGA,0
XHGA,1
YHGA,1
ZHGA,1
AIGA,1
BIGA,1
CIGA,1
DIGA,1
EIGA,1
FIGA,1
GIGA,1
HIGA,1
IIGA,1
JIGA,1
KIGA,1
LIGA,1
MIGA,1
NIGA,1
OIGA,1
PIGA,1
QIGA,1
RIGA,1
SIGA,1
TIGA,0
UIGA,1
VIGA,1
WIGA,1
XIGA,1
YIGA,1
ZIGA,1
AJGA,1
BJGA,0
CJGA,1
DJGA,1
EJGA,0
FJGA,0
GJGA,0
HJGA,1
IJGA,0
JJGA,1
KJGA,1
LJGA,1
MJGA,1
NJGA,1
OJGA,1
PJGA,1
QJGA,1
RJGA,1
SJGA,1
TJGA,1
UJGA,1
VJGA,0
WJGA,1
XJGA,1
YJGA,1
ZJGA,1
AKGA,1
BKGA,0
CKGA,1
DKGA,1
EKGA,1
FKGA,1
GKGA,1
HKGA,1
IKGA,1
JKGA,1
KKGA,1
LKGA,1
MKGA,1
NKGA,1
OKGA,1
PKGA,1
QKGA,1
RKGA,1
SKGA,1
TKGA,1
UKGA,1
VKGA,1
WKGA,0
XKGA,0
YKGA,0
ZKGA,0
ALGA,0
BLGA,0
CLGA,0
DLGA,0
ELGA,0
FLGA,0
GLGA,0
HLGA,0
ILGA,0
JLGA,0
KLGA,0
LLGA,0
MLGA,0
NLGA,0
OLGA,0
PLGA,0
QLGA,0
RLGA,0
SLGA,0
TLGA,0
ULGA,0
VLGA,0
WLGA,0
XLGA,0
YLGA,0
ZLGA,0
AMGA,0
BMGA,0
CMGA,0
DMGA,0
EMGA,0
FMGA,0
GMGA,0
HMGA,0
IMGA,1
JMGA,1
KMGA,0
LMGA,1
MMGA,1
NMGA,1
OMGA,1
PMGA,0
QMGA,1
RMGA,1
SMGA,1
TMGA,1
UMGA,1
VMGA,1
WMGA,1
XMGA,1
YMGA,0
ZMGA,1
ANGA,1
BNGA,1
CNGA,1
DNGA,1
ENGA,1
FNGA,0
GNGA,1
HNGA,1
INGA,1
JNGA,1
KNGA,1
LNGA,0
MNGA,1
NNGA,1
ONGA,1
PNGA,1
QNGA,1
RNGA,1
SNGA,0
TNGA,1
UNGA,1
VNGA,1
WNGA,1
XNGA,1
YNGA,0
ZNGA,1
AOGA,1
BOGA,1
COGA,1
DOGA,1
EOGA,1
FOGA,1
GOGA,1
HOGA,1
IOGA,1
JOGA,1
KOGA,1
LOGA,1
MOGA,1
NOGA,1
OOGA,1
POGA,1
QOGA,0
ROGA,1
SOGA,1
TOGA,1
UOGA,1
VOGA,1
WOGA,1
XOGA,0
YOGA,1
ZOGA,1
APGA,0
BPGA,1
CPGA,1
DPGA,1
EPGA,1
FPGA,1
GPGA,1
HPGA,1
IPGA,1
JPGA,1
KPGA,1
LPGA,1
MPGA,1
NPGA,1
OPGA,0
PPGA,1
QPGA,1
RPGA,0
SPGA,1
TPGA,1
UPGA,1
VPGA,1
WPGA,1
XPGA,1
YPGA,1
ZPGA,1
AQGA,1
BQGA,0
CQGA,0
DQGA,0
EQGA,0
FQGA,0
GQGA,0
HQGA,0
IQGA,0
JQGA,0
KQGA,0
LQGA,0
MQGA,0
NQGA,0
OQGA,0
PQGA,0
QQGA,0
RQGA,0
SQGA,1
TQGA,0
UQGA,0
VQGA,1
WQGA,1
XQGA,1
YQGA,1
ZQGA,1
ARGA,1
BRGA,1
CRGA,1
DRGA,1
ERGA,1
FRGA,1
GRGA,1
HRGA,1
IRGA,1
JRGA,0
KRGA,1
LRGA,1
MRGA,1
NRGA,1
ORGA,1
PRGA,1
QRGA,1
RRGA,1
SRGA,1
TRGA,1
URGA,1
VRGA,1
WRGA,1
XRGA,1
YRGA,1
ZRGA,1
ASGA,1
BSGA,1
CSGA,1
DSGA,1
ESGA,1
FSGA,1
GSGA,1
HSGA,1
ISGA,1
JSGA,1
KSGA,1
LSGA,1
MSGA,1
NSGA,1
OSGA,1
PSGA,0
QSGA,1
RSGA,0
SSGA,1
TSGA,1
USGA,1
VSGA,1
WSGA,0
XSGA,1
YSGA,1
ZSGA,1
ATGA,1
BTGA,1
CTGA,0
DTGA,0
ETGA,1
FTGA,1
GTGA,1
HTGA,1
ITGA,1
JTGA,1
KTGA,1
LTGA,1
MTGA,1
NTGA,1
OTGA,1
PTGA,1
QTGA,1
RTGA,1
STGA,1
TTGA,0
UTGA,1
VTGA,1
WTGA,0
XTGA,0
YTGA,0
ZTGA,1
AUGA,1
BUGA,1
CUGA,0
DUGA,1
EUGA,1
FUGA,1
GUGA,1
HUGA,1
IUGA,1
JUGA,0
KUGA,1
LUGA,1
MUGA,1
NUGA,1
OUGA,1
PUGA,1
QUGA,0
RUGA,1
SUGA,1
TUGA,0
UUGA,1
VUGA,0
WUGA,1
XUGA,1
YUGA,1
ZUGA,1
AVGA,1
BVGA,0
CVGA,1
DVGA,1
EVGA,0
FVGA,1
GVGA,1
HVGA,1
IVGA,1
JVGA,0
KVGA,1
LVGA,1
MVGA,1
NVGA,1
OVGA,1
PVGA,1
QVGA,1
RVGA,1
SVGA,1
TVGA,1
UVGA,1
VVGA,1
WVGA,1
XVGA,1
YVGA,1
ZVGA,1
AWGA,1
BWGA,1
CWGA,0
DWGA,1
EWGA,1
FWGA,0
GWGA,1
HWGA,1
IWGA,1
JWGA,1
KWGA,1
LWGA,1
MWGA,1
NWGA,1
OWGA,1
PWGA,1
QWGA,1
RWGA,1
SWGA,1
TWGA,1
UWGA,1
VWGA,1
WWGA,1
XWGA,1
YWGA,1
ZWGA,1
AXGA,1
BXGA,1
CXGA,1
DXGA,1
EXGA,1
FXGA,1
GXGA,1
HXGA,1
IXGA,0
JXGA,0
KXGA,1
LXGA,1
MXGA,1
NXGA,1
OXGA,0
PXGA,0
QXGA,1
RXGA,1
SXGA,1
TXGA,0
UXGA,1
VXGA,1
WXGA,0
XXGA,1
YXGA,0
ZXGA,1
AYGA,1
BYGA,1
CYGA,1
DYGA,1
EYGA,1
FYGA,0
GYGA,1
HYGA,0
IYGA,1
JYGA,1
KYGA,1
LYGA,1
MYGA,1
NYGA,1
OYGA,1
PYGA,1
QYGA,1
RYGA,1
SYGA,1
TYGA,0
UYGA,1
VYGA,1
WYGA,1
XYGA,0
YYGA,1
ZYGA,1
AZGA,1
BZGA,1
CZGA,1
DZGA,0
EZGA,0
FZGA,1
GZGA,0
HZGA,1
IZGA,1
JZGA,1
KZGA,0
LZGA,0
MZGA,0
NZGA,0
OZGA,0
PZGA,0
QZGA,0
RZGA,0
SZGA,1
TZGA,1
UZGA,1
VZGA,0
WZGA,1
XZGA,1
YZGA,0
ZZGA,1
AAHA,1
BAHA,1
CAHA,1
DAHA,1
EAHA,0
FAHA,1
GAHA,1
HAHA,1
IAHA,1
JAHA,1
KAHA,0
LAHA,0
MAHA,0
NAHA,0
OAHA,0
PAHA,0
QAHA,0
RAHA,1
SAHA,0
TAHA,1
UAHA,1
VAHA,1
WAHA,1
XAHA,1
YAHA,1
ZAHA,1
ABHA,1
BBHA,1
CBHA,1
DBHA,1
EBHA,1
FBHA,1
GBHA,1
HBHA,1
IBHA,1
JBHA,0
KBHA,0
LBHA,1
MBHA,1
NBHA,1
OBHA,0
PBHA,0
QBHA,1
RBHA,0
SBHA,0
TBHA,1
UBHA,1
VBHA,1
WBHA,1
XBHA,1
YBHA,1
ZBHA,1
ACHA,1
BCHA,1
CCHA,1
DCHA,1
ECHA,1
FCHA,1
GCHA,0
HCHA,1
ICHA,1
JCHA,1
KCHA,1
LCHA,1
MCHA,1
NCHA,0
OCHA,1
PCHA,1
QCHA,1
RCHA,0
SCHA,0
TCHA,0
UCHA,1
VCHA,1
WCHA,1
XCHA,1
YCHA,1
ZCHA,1
ADHA,1
BDHA,1
CDHA,1
DDHA,1
EDHA,1
FDHA,1
GDHA,1
HDHA,1
IDHA,1
JDHA,1
KDHA,1
LDHA,1
MDHA,1
NDHA,1
ODHA,1
PDHA,1
QDHA,1
RDHA,1
SDHA,1
TDHA,0
UDHA,0
VDHA,0
WDHA,1
XDHA,1
YDHA,1
ZDHA,1
AEHA,1
BEHA,1
CEHA,1
DEHA,0
EEHA,1
FEHA,1
GEHA,0
HEHA,1
IEHA,1
JEHA,1
KEHA,1
LEHA,1
MEHA,1
NEHA,1
OEHA,1
PEHA,1
QEHA,1
REHA,1
SEHA,1
TEHA,1
UEHA,1
VEHA,1
WEHA,1
XEHA,1
YEHA,1
ZEHA,1
AFHA,1
BFHA,1
CFHA,1
DFHA,0
EFHA,1
FFHA,1
GFHA,1
HFHA,0
IFHA,1
JFHA,1
KFHA,1
LFHA,1
MFHA,1
NFHA,0
OFHA,1
PFHA,1
QFHA,1
RFHA,1
SFHA,1
TFHA,1
UFHA,1
VFHA,1
WFHA,1
XFHA,1
YFHA,1
ZFHA,1
AGHA,1
BGHA,1
CGHA,0
DGHA,0
EGHA,0
FGHA,0
GGHA,0
HGHA,0
IGHA,0
JGHA,0
KGHA,0
LGHA,0
MGHA,0
NGHA,0
OGHA,0
PGHA,0
QGHA,0
RGHA,0
SGHA,0
TGHA,0
UGHA,0
VGHA,0
WGHA,0
XGHA,0
YGHA,0
ZGHA,0
AHHA,0
BHHA,0
CHHA,0
DHHA,0
EHHA,0
FHHA,0
GHHA,0
HHHA,0
IHHA,0
JHHA,0
KHHA,0
LHHA,0
MHHA,0
NHHA,0
OHHA,1
PHHA,1
QHHA,1
RHHA,1
SHHA,1
THHA,1
UHHA,1
VHHA,1
WHHA,1
XHHA,1
YHHA,1
ZHHA,1
AIHA,0
BIHA,1
CIHA,1
DIHA,1
EIHA,1
FIHA,1
GIHA,1
HIHA,1
IIHA,1
JIHA,1
KIHA,1
LIHA,0
MIHA,1
NIHA,1
OIHA,1
PIHA,1
QIHA,1
RIHA,1
SIHA,1
TIHA,0
UIHA,0
VIHA,1
WIHA,1
XIHA,1
YIHA,1
ZIHA,1
AJHA,1
BJHA,1
CJHA,1
DJHA,1
EJHA,1
FJHA,1
GJHA,1
HJHA,1
IJHA,1
JJHA,1
KJHA,1
LJHA,0
MJHA,1
NJHA,1
OJHA,1
PJHA,0
QJHA,0
RJHA,1
SJHA,0
TJHA,1
UJHA,1
VJHA,0
WJHA,0
XJHA,1
YJHA,1
ZJHA,0
AKHA,1
BKHA,1
CKHA,0
DKHA,0
EKHA,0
FKHA,0
GKHA,0
HKHA,0
IKHA,0
JKHA,0
KKHA,0
LKHA,0
MKHA,0
NKHA,0
OKHA,0
PKHA,0
QKHA,1
RKHA,0
SKHA,0
TKHA,0
UKHA,0
VKHA,0
WKHA,0
XKHA,0
YKHA,0
ZKHA,0
ALHA,0
BLHA,0
CLHA,0
DLHA,0
ELHA,0
FLHA,1
GLHA,1
HLHA,1
ILHA,1
JLHA,1
KLHA,1
LLHA,1
MLHA,0
NLHA,1
OLHA,1
PLHA,1
QLHA,1
RLHA,1
SLHA,1
TLHA,0
ULHA,0
VLHA,1
WLHA,1
XLHA,1
YLHA,1
ZLHA,1
AMHA,1
BMHA,1
CMHA,1
DMHA,1
EMHA,1
FMHA,1
GMHA,1
HMHA,1
IMHA,1
JMHA,1
KMHA,1
LMHA,1
MMHA,0
NMHA,1
OMHA,1
PMHA,1
QMHA,1
RMHA,1
SMHA,1
TMHA,1
UMHA,1
VMHA,1
WMHA,0
XMHA,1
YMHA,1
ZMHA,1
ANHA,1
BNHA,1
CNHA,1
DNHA,1
ENHA,1
FNHA,1
GNHA,1
HNHA,1
INHA,1
JNHA,1
KNHA,1
LNHA,1
MNHA,1
NNHA,1
ONHA,1
PNHA,0
QNHA,1
RNHA,0
SNHA,1
TNHA,1
UNHA,1
VNHA,1
WNHA,0
XNHA,1
YNHA,1
ZNHA,1
AOHA,1
BOHA,1
COHA,1
DOHA,1
EOHA,1
FOHA,1
GOHA,0
HOHA,1
IOHA,0
JOHA,1
KOHA,1
LOHA,1
MOHA,1
NOHA,0
OOHA,0
POHA,1
QOHA,0
ROHA,1
SOHA,1
TOHA,1
UOHA,1
VOHA,1
WOHA,1
XOHA,1
YOHA,0
ZOHA,1
APHA,0
BPHA,0
CPHA,0
DPHA,0
EPHA,0
FPHA,0
GPHA,0
HPHA,0
IPHA,0
JPHA,1
KPHA,1
LPHA,1
MPHA,1
NPHA,1
OPHA,1
PPHA,1
QPHA,1
RPHA,1
SPHA,1
TPHA,0
UPHA,0
VPHA,1
WPHA,1
XPHA,1
YPHA,1
ZPHA,1
AQHA,1
BQHA,1
CQHA,0
DQHA,1
EQHA,1
FQHA,1
GQHA,1
HQHA,1
IQHA,1
JQHA,1
KQHA,0
LQHA,1
MQHA,1
NQHA,1
OQHA,1
PQHA,1
QQHA,1
RQHA,1
SQHA,1
TQHA,1
UQHA,1
VQHA,1
WQHA,1
XQHA,1
YQHA,1
ZQHA,1
ARHA,1
BRHA,1
CRHA,0
DRHA,0
ERHA,1
FRHA,1
GRHA,1
HRHA,1
IRHA,1
JRHA,1
KRHA,1
LRHA,1
MRHA,1
NRHA,0
ORHA,1
PRHA,1
QRHA,1
RRHA,1
SRHA,1
TRHA,1
URHA,1
VRHA,1
WRHA,1
XRHA,1
YRHA,1
ZRHA,1
ASHA,1
BSHA,1
CSHA,1
DSHA,1
ESHA,1
FSHA,1
GSHA,1
HSHA,1
ISHA,1
JSHA,1
KSHA,1
LSHA,1
MSHA,1
NSHA,1
OSHA,1
PSHA,1
QSHA,1
RSHA,1
SSHA,1
TSHA,1
USHA,1
VSHA,1
WSHA,1
XSHA,1
YSHA,1
ZSHA,1
ATHA,1
BTHA,1
CTHA,1
DTHA,1
ETHA,1
FTHA,1
GTHA,1
HTHA,0
ITHA,1
JTHA,0
KTHA,0
LTHA,0
MTHA,0
NTHA,0
OTHA,0
PTHA,0
QTHA,0
RTHA,0
STHA,0
TTHA,0
UTHA,0
VTHA,0
WTHA,0
XTHA,0
YTHA,0
ZTHA,0
AUHA,0
BUHA,0
CUHA,0
DUHA,0
EUHA,0
FUHA,0
GUHA,0
HUHA,0
IUHA,0
JUHA,0
KUHA,0
LUHA,0
MUHA,0
NUHA,0
OUHA,0
PUHA,0
QUHA,0
RUHA,0
SUHA,0
TUHA,0
UUHA,0
VUHA,0
WUHA,0
XUHA,0
YUHA,0
ZUHA,1
AVHA,1
BVHA,1
CVHA,1
DVHA,1
EVHA,1
FVHA,1
GVHA,1
HVHA,1
IVHA,1
JVHA,1
KVHA,1
LVHA,1
MVHA,1
NVHA,1
OVHA,1
PVHA,1
QVHA,1
RVHA,1
SVHA,1
TVHA,1
UVHA,1
VVHA,1
WVHA,0
XVHA,1
YVHA,0
ZVHA,1
AWHA,1
BWHA,1
CWHA,1
DWHA,1
EWHA,0
FWHA,1
GWHA,1
HWHA,1
IWHA,1
JWHA,1
KWHA,1
LWHA,1
MWHA,1
NWHA,1
OWHA,0
PWHA,1
QWHA,0
RWHA,1
SWHA,1
TWHA,1
UWHA,1
VWHA,1
WWHA,1
XWHA,0
YWHA,1
ZWHA,1
AXHA,1
BXHA,1
CXHA,1
DXHA,1
EXHA,1
FXHA,1
GXHA,1
HXHA,1
IXHA,1
JXHA,1
KXHA,1
LXHA,1
MXHA,1
NXHA,1
OXHA,1
PXHA,1
QXHA,1
RXHA,1
SXHA,1
TXHA,1
UXHA,1
VXHA,1
WXHA,1
XXHA,1
YXHA,1
ZXHA,1
AYHA,1
BYHA,1
CYHA,1
DYHA,1
EYHA,1
FYHA,1
GYHA,1
HYHA,1
IYHA,1
JYHA,1
KYHA,1
LYHA,1
MYHA,1
NYHA,1
OYHA,1
PYHA,1
QYHA,0
RYHA,0
SYHA,0
TYHA,0
UYHA,0
VYHA,0
WYHA,0
XYHA,0
YYHA,1
ZYHA,1
AZHA,1
BZHA,1
CZHA,1
DZHA,1
EZHA,1
FZHA,0
GZHA,1
HZHA,1
IZHA,1
JZHA,1
KZHA,1
LZHA,0
MZHA,1
NZHA,1
OZHA,1
PZHA,1
QZHA,1
RZHA,1
SZHA,1
TZHA,1
UZHA,1
VZHA,1
WZHA,0
XZHA,1
YZHA,1
ZZHA,1
AAIA,0
BAIA,0
CAIA,0
DAIA,0
EAIA,1
FAIA,1
GAIA,1
HAIA,1
IAIA,1
JAIA,1
KAIA,1
LAIA,1
MAIA,1
NAIA,1
OAIA,1
PAIA,1
QAIA,1
RAIA,1
SAIA,1
TAIA,1
UAIA,0
VAIA,1
WAIA,0
XAIA,0
YAIA,0
ZAIA,0
ABIA,0
BBIA,0
CBIA,1
DBIA,1
EBIA,0
FBIA,1
GBIA,1
HBIA,1
IBIA,1
JBIA,0
KBIA,1
LBIA,1
MBIA,0
NBIA,1
OBIA,0
PBIA,1
QBIA,1
RBIA,1
SBIA,1
TBIA,1
UBIA,1
VBIA,1
WBIA,1
XBIA,1
YBIA,1
ZBIA,1
ACIA,0
BCIA,1
CCIA,1
DCIA,1
ECIA,0
FCIA,0
GCIA,1
HCIA,1
ICIA,1
JCIA,1
KCIA,1
LCIA,1
MCIA,1
NCIA,1
OCIA,1
PCIA,1
QCIA,1
RCIA,0
SCIA,1
TCIA,1
UCIA,0
VCIA,1
WCIA,1
XCIA,1
YCIA,1
ZCIA,0
ADIA,1
BDIA,1
CDIA,1
DDIA,1
EDIA,1
FDIA,1
GDIA,1
HDIA,1
IDIA,0
JDIA,1
KDIA,1
LDIA,1
MDIA,1
NDIA,1
ODIA,1
PDIA,1
QDIA,0
RDIA,0
SDIA,1
TDIA,1
UDIA,1
VDIA,0
WDIA,1
XDIA,1
YDIA,0
ZDIA,0
AEIA,1
BEIA,1
CEIA,1
DEIA,1
EEIA,0
FEIA,1
GEIA,0
HEIA,1
IEIA,1
JEIA,1
KEIA,1
LEIA,1
MEIA,1
NEIA,0
OEIA,0
PEIA,1
QEIA,1
REIA,1
SEIA,1
TEIA,1
UEIA,1
VEIA,1
WEIA,1
XEIA,0
YEIA,0
ZEIA,0
AFIA,0
BFIA,0
CFIA,0
DFIA,0
EFIA,0
FFIA,0
GFIA,0
HFIA,0
IFIA,0
JFIA,0
KFIA,0
LFIA,0
MFIA,0
NFIA,0
OFIA,0
PFIA,0
QFIA,0
RFIA,0
SFIA,0
TFIA,0
UFIA,0
VFIA,0
WFIA,0
XFIA,0
YFIA,0
ZFIA,0
AGIA,0
BGIA,0
CGIA,0
DGIA,0
EGIA,0
FGIA,0
GGIA,0
HGIA,1
IGIA,0
JGIA,1
KGIA,1
LGIA,1
MGIA,1
NGIA,0
OGIA,0
PGIA,0
QGIA,0
RGIA,1
SGIA,1
TGIA,1
UGIA,1
VGIA,1
WGIA,1
XGIA,1
YGIA,1
ZGIA,1
AHIA,1
BHIA,1
CHIA,0
DHIA,1
EHIA,1
FHIA,1
GHIA,1
HHIA,1
IHIA,1
JHIA,1
KHIA,1
LHIA,1
MHIA,1
NHIA,1
OHIA,1
PHIA,1
QHIA,0
RHIA,1
SHIA,1
THIA,1
UHIA,1
VHIA,1
WHIA,1
XHIA,1
YHIA,1
ZHIA,1
AIIA,1
BIIA,1
CIIA,1
DIIA,0
EIIA,1
FIIA,1
GIIA,1
HIIA,1
IIIA,1
JIIA,1
KIIA,1
LIIA,0
MIIA,1
NIIA,1
OIIA,1
PIIA,1
QIIA,0
RIIA,1
SIIA,1
TIIA,1
UIIA,1
VIIA,1
WIIA,1
XIIA,1
YIIA,1
ZIIA,1
AJIA,1
BJIA,1
CJIA,1
DJIA,1
EJIA,1
FJIA,1
GJIA,1
HJIA,1
IJIA,1
JJIA,1
KJIA,1
LJIA,1
MJIA,0
NJIA,1
OJIA,1
PJIA,1
QJIA,1
RJIA,0
SJIA,1
TJIA,1
UJIA,1
VJIA,1
WJIA,1
XJIA,0
YJIA,1
ZJIA,0
AKIA,0
BKIA,0
CKIA,0
DKIA,0
EKIA,0
FKIA,0
GKIA,0
HKIA,0
IKIA,0
JKIA,0
KKIA,0
LKIA,0
MKIA,0
NKIA,0
OKIA,0
PKIA,0
QKIA,0
RKIA,0
SKIA,0
TKIA,0
UKIA,1
VKIA,1
WKIA,1
XKIA,1
YKIA,1
ZKIA,1
ALIA,1
BLIA,1
CLIA,1
DLIA,1
ELIA,1
FLIA,1
GLIA,1
HLIA,1
ILIA,1
JLIA,1
KLIA,0
LLIA,1
MLIA,1
NLIA,1
OLIA,1
PLIA,1
QLIA,1
RLIA,1
SLIA,1
TLIA,1
ULIA,1
VLIA,1
WLIA,1
XLIA,1
YLIA,1
ZLIA,1
AMIA,1
BMIA,1
CMIA,1
DMIA,1
EMIA,1
FMIA,1
GMIA,1
HMIA,1
IMIA,1
JMIA,1
KMIA,1
LMIA,1
MMIA,1
NMIA,1
OMIA,1
PMIA,1
QMIA,1
RMIA,1
SMIA,1
TMIA,1
UMIA,0
VMIA,1
WMIA,1
XMIA,1
YMIA,1
ZMIA,1
ANIA,1
BNIA,0
CNIA,1
DNIA,1
ENIA,1
FNIA,1
GNIA,1
HNIA,1
INIA,1
JNIA,1
KNIA,1
LNIA,1
MNIA,1
NNIA,1
ONIA,1
PNIA,1
QNIA,1
RNIA,1
SNIA,0
TNIA,1
UNIA,1
VNIA,1
WNIA,1
XNIA,1
YNIA,1
ZNIA,1
AOIA,1
BOIA,0
COIA,1
DOIA,1
EOIA,1
FOIA,1
GOIA,1
HOIA,1
IOIA,0
JOIA,0
KOIA,1
LOIA,1
MOIA,1
NOIA,1
OOIA,1
POIA,0
QOIA,1
ROIA,0
SOIA,1
TOIA,1
UOIA,1
VOIA,1
WOIA,1
XOIA,1
YOIA,1
ZOIA,1
APIA,1
BPIA,1
CPIA,1
DPIA,1
EPIA,1
FPIA,1
GPIA,1
HPIA,1
IPIA,1
JPIA,1
KPIA,1
LPIA,1
MPIA,1
NPIA,1
OPIA,1
PPIA,1
QPIA,0
RPIA,1
SPIA,1
TPIA,1
UPIA,1
VPIA,1
WPIA,1
XPIA,1
YPIA,1
ZPIA,1
AQIA,1
BQIA,0
CQIA,1
DQIA,1
EQIA,1
FQIA,1
GQIA,0
HQIA,1
IQIA,0
JQIA,0
KQIA,1
LQIA,1
MQIA,0
NQIA,1
OQIA,1
PQIA,1
QQIA,1
RQIA,1
SQIA,1
TQIA,1
UQIA,1
VQIA,1
WQIA,1
XQIA,1
YQIA,0
ZQIA,1
ARIA,1
BRIA,1
CRIA,1
DRIA,1
ERIA,0
FRIA,0
GRIA,0
HRIA,0
IRIA,1
JRIA,0
KRIA,0
LRIA,1
MRIA,1
NRIA,1
ORIA,0
PRIA,0
QRIA,1
RRIA,1
SRIA,1
TRIA,1
URIA,1
VRIA,1
WRIA,1
XRIA,1
YRIA,1
ZRIA,1
ASIA,1
BSIA,1
CSIA,1
DSIA,1
ESIA,1
FSIA,1
GSIA,1
HSIA,0
ISIA,1
JSIA,1
KSIA,0
LSIA,1
MSIA,1
NSIA,1
OSIA,1
PSIA,1
QSIA,1
RSIA,1
SSIA,1
TSIA,1
USIA,1
VSIA,1
WSIA,1
XSIA,1
YSIA,1
ZSIA,1
ATIA,1
BTIA,1
CTIA,1
DTIA,1
ETIA,1
FTIA,1
GTIA,1
HTIA,1
ITIA,1
JTIA,1
KTIA,1
LTIA,0
MTIA,0
NTIA,1
OTIA,1
PTIA,1
QTIA,1
RTIA,1
STIA,1
TTIA,0
UTIA,1
VTIA,1
WTIA,0
XTIA,1
YTIA,0
ZTIA,1
AUIA,1
BUIA,1
CUIA,1
DUIA,1
EUIA,1
FUIA,1
GUIA,1
HUIA,1
IUIA,0
JUIA,1
KUIA,1
LUIA,1
MUIA,0
NUIA,1
OUIA,1
PUIA,1
QUIA,1
RUIA,1
SUIA,1
TUIA,1
UUIA,1
VUIA,1
WUIA,1
XUIA,1
YUIA,1
ZUIA,1
AVIA,1
BVIA,1
CVIA,1
DVIA,1
EVIA,1
FVIA,1
GVIA,1
HVIA,1
IVIA,0
JVIA,1
KVIA,1
LVIA,1
MVIA,1
NVIA,1
OVIA,1
PVIA,1
QVIA,1
RVIA,1
SVIA,0
TVIA,1
UVIA,1
VVIA,1
WVIA,1
XVIA,1
YVIA,1
ZVIA,1
AWIA,0
BWIA,1
CWIA,1
DWIA,1
EWIA,1
FWIA,1
GWIA,1
HWIA,1
IWIA,1
JWIA,1
KWIA,1
LWIA,1
MWIA,1
NWIA,1
OWIA,1
PWIA,1
QWIA,1
RWIA,0
SWIA,0
TWIA,1
UWIA,1
VWIA,1
WWIA,1
XWIA,1
YWIA,1
ZWIA,1
AXIA,1
BXIA,1
CXIA,1
DXIA,1
EXIA,1
FXIA,1
GXIA,1
HXIA,1
IXIA,1
JXIA,1
KXIA,1
LXIA,1
MXIA,1
NXIA,1
OXIA,1
PXIA,1
QXIA,1
RXIA,1
SXIA,1
TXIA,1
UXIA,1
VXIA,0
WXIA,0
XXIA,1
YXIA,1
ZXIA,1
AYIA,1
BYIA,1
CYIA,1
DYIA,1
EYIA,1
FYIA,1
GYIA,1
HYIA,1
IYIA,1
JYIA,1
KYIA,1
LYIA,1
MYIA,0
NYIA,1
OYIA,1
PYIA,1
QYIA,1
RYIA,0
SYIA,1
TYIA,1
UYIA,1
VYIA,1
WYIA,1
XYIA,1
YYIA,1
ZYIA,1
AZIA,1
BZIA,1
CZIA,0
DZIA,1
EZIA,1
FZIA,1
GZIA,1
HZIA,1
IZIA,1
JZIA,1
KZIA,1
LZIA,0
MZIA,0
NZIA,0
OZIA,1
PZIA,0
QZIA,1
RZIA,1
SZIA,1
TZIA,1
UZIA,1
VZIA,1
WZIA,1
XZIA,1
YZIA,1
ZZIA,1
AAJA,1
BAJA,1
CAJA,1
DAJA,1
EAJA,0
FAJA,1
GAJA,1
HAJA,1
IAJA,1
JAJA,1
KAJA,1
LAJA,0
MAJA,1
NAJA,1
OAJA,1
PAJA,1
QAJA,1
RAJA,1
SAJA,0
TAJA,1
UAJA,1
VAJA,1
WAJA,1
XAJA,1
YAJA,0
ZAJA,1
ABJA,0
BBJA,0
CBJA,1
DBJA,0
EBJA,1
FBJA,1
GBJA,0
HBJA,0
IBJA,1
JBJA,1
KBJA,1
LBJA,1
MBJA,1
NBJA,1
OBJA,1
PBJA,0
QBJA,1
RBJA,0
SBJA,0
TBJA,0
UBJA,0
VBJA,0
WBJA,0
XBJA,0
YBJA,0
ZBJA,1
ACJA,0
BCJA,0
CCJA,0
DCJA,0
ECJA,0
FCJA,0
GCJA,1
HCJA,1
ICJA,1
JCJA,0
KCJA,1
LCJA,1
MCJA,0
NCJA,1
OCJA,0
PCJA,1
QCJA,1
RCJA,1
SCJA,1
TCJA,1
UCJA,1
VCJA,1
WCJA,1
XCJA,1
YCJA,1
ZCJA,1
ADJA,1
BDJA,1
CDJA,0
DDJA,1
EDJA,1
FDJA,1
GDJA,1
HDJA,1
IDJA,1
JDJA,0
KDJA,1
LDJA,1
MDJA,1
NDJA,1
ODJA,0
PDJA,1
QDJA,0
RDJA,1
SDJA,1
TDJA,0
UDJA,0
VDJA,0
WDJA,0
XDJA,1
YDJA,1
ZDJA,0
AEJA,0
BEJA,0
CEJA,1
DEJA,1
EEJA,1
FEJA,1
GEJA,1
HEJA,1
IEJA,1
JEJA,1
KEJA,1
LEJA,1
MEJA,1
NEJA,0
OEJA,1
PEJA,1
QEJA,0
REJA,1
SEJA,0
TEJA,1
UEJA,1
VEJA,1
WEJA,1
XEJA,1
YEJA,1
ZEJA,1
AFJA,1
BFJA,1
CFJA,0
DFJA,0
EFJA,0
FFJA,0
GFJA,1
HFJA,1
IFJA,1
JFJA,0
KFJA,0
LFJA,1
MFJA,1
NFJA,1
OFJA,1
PFJA,1
QFJA,1
RFJA,1
SFJA,1
TFJA,1
UFJA,1
VFJA,1
WFJA,1
XFJA,0
YFJA,1
ZFJA,1
AGJA,1
BGJA,1
CGJA,1
DGJA,1
EGJA,1
FGJA,1
GGJA,1
HGJA,1
IGJA,0
JGJA,1
KGJA,1
LGJA,0
MGJA,1
NGJA,1
OGJA,0
PGJA,1
QGJA,0
RGJA,0
SGJA,1
TGJA,1
UGJA,1
VGJA,1
WGJA,1
XGJA,0
YGJA,1
ZGJA,1
AHJA,1
BHJA,1
CHJA,1
DHJA,1
EHJA,1
FHJA,1
GHJA,0
HHJA,1
IHJA,1
JHJA,0
KHJA,1
LHJA,1
MHJA,1
NHJA,1
OHJA,1
PHJA,1
QHJA,1
RHJA,1
SHJA,1
THJA,1
UHJA,0
VHJA,1
WHJA,1
XHJA,1
YHJA,1
ZHJA,1
AIJA,1
BIJA,1
CIJA,0
DIJA,1
EIJA,1
FIJA,1
GIJA,1
HIJA,1
IIJA,1
JIJA,1
KIJA,1
LIJA,1
MIJA,1
NIJA,1
OIJA,1
PIJA,1
QIJA,0
RIJA,1
SIJA,1
TIJA,1
UIJA,1
VIJA,1
WIJA,0
XIJA,0
YIJA,1
ZIJA,1
AJJA,1
BJJA,1
CJJA,1
DJJA,1
EJJA,1
FJJA,1
GJJA,1
HJJA,1
IJJA,1
JJJA,0
KJJA,0
LJJA,0
MJJA,0
NJJA,0
OJJA,0
PJJA,0
QJJA,0
RJJA,0
SJJA,0
TJJA,0
UJJA,0
VJJA,0
WJJA,0
XJJA,0
YJJA,0
ZJJA,0
AKJA,0
BKJA,0
CKJA,0
DKJA,0
EKJA,0
FKJA,0
GKJA,0
HKJA,0
IKJA,0
JKJA,0
KKJA,0
LKJA,0
MKJA,0
NKJA,0
OKJA,0
PKJA,0
QKJA,0
RKJA,0
SKJA,0
TKJA,0
UKJA,0
VKJA,0
WKJA,0
XKJA,0
YKJA,0
ZKJA,0
ALJA,0
BLJA,0
CLJA,0
DLJA,0
ELJA,0
FLJA,0
GLJA,0
HLJA,0
ILJA,0
JLJA,0
KLJA,0
LLJA,0
MLJA,0
NLJA,0
OLJA,0
PLJA,0
QLJA,0
RLJA,0
SLJA,0
TLJA,1
ULJA,1
VLJA,1
WLJA,1
XLJA,1
YLJA,1
ZLJA,1
AMJA,1
BMJA,1
CMJA,1
DMJA,1
EMJA,1
FMJA,1
GMJA,1
HMJA,1
IMJA,1
JMJA,1
KMJA,1
LMJA,1
MMJA,1
NMJA,0
OMJA,1
PMJA,1
QMJA,1
RMJA,1
SMJA,1
TMJA,1
UMJA,1
VMJA,1
WMJA,1
XMJA,1
YMJA,1
ZMJA,1
ANJA,1
BNJA,1
CNJA,1
DNJA,1
ENJA,1
FNJA,1
GNJA,1
HNJA,1
INJA,1
JNJA,1
KNJA,1
LNJA,1
MNJA,1
NNJA,1
ONJA,1
PNJA,1
QNJA,1
RNJA,0
SNJA,0
TNJA,1
UNJA,0
VNJA,1
WNJA,1
XNJA,1
YNJA,1
ZNJA,1
AOJA,1
BOJA,1
COJA,1
DOJA,1
EOJA,1
FOJA,1
GOJA,1
HOJA,1
IOJA,1
JOJA,1
KOJA,1
LOJA,1
MOJA,1
NOJA,1
OOJA,1
POJA,1
QOJA,1
ROJA,1
SOJA,1
TOJA,1
UOJA,1
VOJA,1
WOJA,1
XOJA,1
YOJA,0
ZOJA,1
APJA,1
BPJA,1
CPJA,1
DPJA,1
EPJA,1
FPJA,1
GPJA,1
HPJA,1
IPJA,0
JPJA,1
KPJA,1
LPJA,1
MPJA,1
NPJA,1
OPJA,0
PPJA,1
QPJA,1
RPJA,1
SPJA,1
TPJA,1
UPJA,1
VPJA,1
WPJA,1
XPJA,1
YPJA,1
ZPJA,1
AQJA,1
BQJA,1
CQJA,0
DQJA,1
EQJA,0
FQJA,1
GQJA,1
HQJA,1
IQJA,1
JQJA,1
KQJA,1
LQJA,1
MQJA,1
NQJA,1
OQJA,1
PQJA,1
QQJA,1
RQJA,1
SQJA,1
TQJA,1
UQJA,1
VQJA,1
WQJA,1
XQJA,1
YQJA,1
ZQJA,1
ARJA,1
BRJA,1
CRJA,1
DRJA,0
ERJA,1
FRJA,1
GRJA,1
HRJA,1
IRJA,1
JRJA,1
KRJA,1
LRJA,1
MRJA,1
NRJA,1
ORJA,1
PRJA,1
QRJA,0
RRJA,1
SRJA,0
TRJA,1
URJA,1
VRJA,1
WRJA,1
XRJA,1
YRJA,1
ZRJA,1
ASJA,1
BSJA,1
CSJA,1
DSJA,1
ESJA,1
FSJA,1
GSJA,1
HSJA,1
ISJA,1
JSJA,1
KSJA,1
LSJA,1
MSJA,1
NSJA,1
OSJA,1
PSJA,1
QSJA,0
RSJA,1
SSJA,1
TSJA,1
USJA,0
VSJA,1
WSJA,1
XSJA,1
YSJA,1
ZSJA,0
ATJA,1
BTJA,0
CTJA,1
DTJA,1
ETJA,1
FTJA,1
GTJA,1
HTJA,1
ITJA,1
JTJA,1
KTJA,1
LTJA,0
MTJA,1
NTJA,1
OTJA,1
PTJA,1
QTJA,1
RTJA,1
STJA,1
TTJA,1
UTJA,1
VTJA,1
WTJA,0
XTJA,1
YTJA,1
ZTJA,1
AUJA,1
BUJA,0
CUJA,1
DUJA,1
EUJA,1
FUJA,1
GUJA,1
HUJA,1
IUJA,0
JUJA,0
KUJA,0
LUJA,0
MUJA,0
NUJA,1
OUJA,0
PUJA,0
QUJA,0
RUJA,1
SUJA,1
TUJA,1
UUJA,1
VUJA,0
WUJA,1
XUJA,1
YUJA,1
ZUJA,1
AVJA,1
BVJA,1
CVJA,1
DVJA,1
EVJA,1
FVJA,1
GVJA,1
HVJA,1
IVJA,1
JVJA,1
KVJA,1
LVJA,1
MVJA,1
NVJA,1
OVJA,1
PVJA,1
QVJA,1
RVJA,1
SVJA,1
TVJA,1
UVJA,1
VVJA,1
WVJA,1
XVJA,1
YVJA,1
ZVJA,0
AWJA,1
BWJA,1
CWJA,1
DWJA,1
EWJA,1
FWJA,1
GWJA,1
HWJA,1
IWJA,1
JWJA,1
KWJA,0
LWJA,1
MWJA,1
NWJA,1
OWJA,1
PWJA,1
QWJA,0
RWJA,1
SWJA,1
TWJA,1
UWJA,0
VWJA,1
WWJA,1
XWJA,0
YWJA,1
ZWJA,1
AXJA,0
BXJA,0
CXJA,1
DXJA,1
EXJA,1
FXJA,1
GXJA,1
HXJA,1
IXJA,1
JXJA,1
KXJA,1
LXJA,1
MXJA,1
NXJA,1
OXJA,1
PXJA,1
QXJA,0
RXJA,1
SXJA,0
TXJA,1
UXJA,1
VXJA,1
WXJA,1
XXJA,1
YXJA,1
ZXJA,1
AYJA,1
BYJA,1
CYJA,1
DYJA,1
EYJA,1
FYJA,1
GYJA,0
HYJA,0
IYJA,0
JYJA,0
KYJA,0
LYJA,0
MYJA,0
NYJA,1
OYJA,1
PYJA,1
QYJA,1
RYJA,1
SYJA,0
TYJA,0
UYJA,1
VYJA,1
WYJA,0
XYJA,1
YYJA,1
ZYJA,1
AZJA,1
BZJA,1
CZJA,0
DZJA,1
EZJA,1
FZJA,1
GZJA,1
HZJA,1
IZJA,1
JZJA,0
KZJA,1
LZJA,1
MZJA,1
NZJA,1
OZJA,1
PZJA,1
QZJA,1
RZJA,1
SZJA,1
TZJA,1
UZJA,1
VZJA,0
WZJA,1
XZJA,1
YZJA,0
ZZJA,0
AAKA,1
BAKA,0
CAKA,1
DAKA,1
EAKA,1
FAKA,1
GAKA,1
HAKA,1
IAKA,1
JAKA,1
KAKA,1
LAKA,1
MAKA,1
NAKA,1
OAKA,1
PAKA,1
QAKA,1
RAKA,1
SAKA,1
TAKA,1
UAKA,0
VAKA,0
WAKA,0
XAKA,0
YAKA,0
ZAKA,0
ABKA,0
BBKA,0
CBKA,0
DBKA,0
EBKA,0
FBKA,0
GBKA,0
HBKA,0
IBKA,1
JBKA,1
KBKA,1
LBKA,1
MBKA,1
NBKA,1
OBKA,1
PBKA,1
QBKA,1
RBKA,1
SBKA,1
TBKA,1
UBKA,1
VBKA,1
WBKA,0
XBKA,1
YBKA,1
ZBKA,1
ACKA,1
BCKA,1
CCKA,0
DCKA,0
ECKA,0
FCKA,1
GCKA,1
HCKA,1
ICKA,1
JCKA,1
KCKA,0
LCKA,1
MCKA,0
NCKA,0
OCKA,0
PCKA,0
QCKA,1
RCKA,1
SCKA,1
TCKA,0
UCKA,1
VCKA,0
WCKA,1
XCKA,1
YCKA,1
ZCKA,1
ADKA,1
BDKA,0
CDKA,1
DDKA,1
EDKA,0
FDKA,0
GDKA,1
HDKA,0
IDKA,1
JDKA,1
KDKA,1
LDKA,1
MDKA,1
NDKA,0
ODKA,0
PDKA,0
QDKA,0
RDKA,0
SDKA,0
TDKA,0
UDKA,0
VDKA,1
WDKA,1
XDKA,1
YDKA,1
ZDKA,1
AEKA,1
BEKA,1
CEKA,1
DEKA,0
EEKA,1
FEKA,0
GEKA,1
HEKA,1
IEKA,1
JEKA,0
KEKA,1
LEKA,1
MEKA,0
NEKA,1
OEKA,1
PEKA,1
QEKA,1
REKA,1
SEKA,1
TEKA,1
UEKA,1
VEKA,0
WEKA,0
XEKA,0
YEKA,0
ZEKA,1
AFKA,1
BFKA,1
CFKA,1
DFKA,1
EFKA,1
FFKA,1
GFKA,1
HFKA,1
IFKA,1
JFKA,1
KFKA,1
LFKA,1
MFKA,1
NFKA,1
OFKA,1
PFKA,1
QFKA,1
RFKA,1
SFKA,0
TFKA,0
UFKA,1
VFKA,1
WFKA,1
XFKA,1
YFKA,1
ZFKA,1
AGKA,1
BGKA,1
CGKA,1
DGKA,1
EGKA,1
FGKA,1
GGKA,1
HGKA,1
IGKA,1
JGKA,0
KGKA,1
LGKA,1
MGKA,0
NGKA,1
OGKA,1
PGKA,1
QGKA,1
RGKA,1
SGKA,1
TGKA,1
UGKA,1
VGKA,1
WGKA,1
XGKA,0
YGKA,1
ZGKA,1
AHKA,1
BHKA,1
CHKA,1
DHKA,1
EHKA,1
FHKA,1
GHKA,1
HHKA,1
IHKA,0
JHKA,1
KHKA,1
LHKA,1
MHKA,1
NHKA,0
OHKA,0
PHKA,0
QHKA,0
RHKA,0
SHKA,0
THKA,0
UHKA,0
VHKA,0
WHKA,0
XHKA,0
YHKA,0
ZHKA,0
AIKA,0
BIKA,0
CIKA,0
DIKA,0
EIKA,0
FIKA,0
GIKA,0
HIKA,0
IIKA,0
JIKA,0
KIKA,0
LIKA,0
MIKA,0
NIKA,0
OIKA,0
PIKA,0
QIKA,0
RIKA,0
SIKA,0
TIKA,0
UIKA,0
VIKA,0
WIKA,0
XIKA,0
YIKA,0
ZIKA,0
AJKA,0
BJKA,0
CJKA,0
DJKA,0
EJKA,0
FJKA,0
GJKA,0
HJKA,0
IJKA,1
JJKA,1
KJKA,1
LJKA,1
MJKA,1
NJKA,1
OJKA,1
PJKA,0
QJKA,1
RJKA,1
SJKA,1
TJKA,1
UJKA,1
VJKA,1
WJKA,1
XJKA,1
YJKA,1
ZJKA,1
AKKA,1
BKKA,1
CKKA,0
DKKA,1
EKKA,0
FKKA,1
GKKA,0
HKKA,1
IKKA,0
JKKA,0
KKKA,1
LKKA,1
MKKA,1
NKKA,1
OKKA,1
PKKA,1
QKKA,1
RKKA,1
SKKA,1
TKKA,1
UKKA,1
VKKA,1
WKKA,1
XKKA,1
YKKA,1
ZKKA,1
ALKA,1
BLKA,1
CLKA,1
DLKA,1
ELKA,0
FLKA,1
GLKA,1
HLKA,1
ILKA,1
JLKA,1
KLKA,1
LLKA,1
MLKA,1
NLKA,1
OLKA,1
PLKA,1
QLKA,1
RLKA,1
SLKA,1
TLKA,1
ULKA,1
VLKA,0
WLKA,1
XLKA,1
YLKA,1
ZLKA,1
AMKA,1
BMKA,1
CMKA,0
DMKA,1
EMKA,1
FMKA,1
GMKA,1
HMKA,0
IMKA,0
JMKA,1
KMKA,1
LMKA,1
MMKA,1
NMKA,1
OMKA,1
PMKA,1
QMKA,1
RMKA,1
SMKA,1
TMKA,1
UMKA,1
VMKA,1
WMKA,1
XMKA,1
YMKA,1
ZMKA,0
ANKA,0
BNKA,0
CNKA,0
DNKA,0
ENKA,0
FNKA,0
GNKA,0
HNKA,0
INKA,0
JNKA,0
KNKA,0
LNKA,0
MNKA,0
NNKA,0
ONKA,0
PNKA,0
QNKA,0
RNKA,0
SNKA,0
TNKA,0
UNKA,0
VNKA,0
WNKA,0
XNKA,0
YNKA,0
ZNKA,1
AOKA,0
BOKA,0
COKA,0
DOKA,0
EOKA,0
FOKA,0
GOKA,0
HOKA,0
IOKA,0
JOKA,0
KOKA,0
LOKA,0
MOKA,0
NOKA,0
OOKA,0
POKA,0
QOKA,0
ROKA,0
SOKA,0
TOKA,0
UOKA,0
VOKA,0
WOKA,0
XOKA,0
YOKA,0
ZOKA,0
APKA,0
BPKA,0
CPKA,0
DPKA,0
EPKA,1
FPKA,1
GPKA,1
HPKA,1
IPKA,1
JPKA,1
KPKA,1
LPKA,1
MPKA,1
NPKA,1
OPKA,1
PPKA,1
QPKA,1
RPKA,1
SPKA,1
TPKA,1
UPKA,1
VPKA,1
WPKA,1
XPKA,1
YPKA,1
ZPKA,1
AQKA,1
BQKA,1
CQKA,1
DQKA,1
EQKA,0
FQKA,1
GQKA,1
HQKA,1
IQKA,1
JQKA,1
KQKA,1
LQKA,1
MQKA,1
NQKA,1
OQKA,1
PQKA,1
QQKA,1
RQKA,1
SQKA,1
TQKA,1
UQKA,1
VQKA,1
WQKA,0
XQKA,1
YQKA,1
ZQKA,1
ARKA,1
BRKA,1
CRKA,1
DRKA,1
ERKA,1
FRKA,1
GRKA,1
HRKA,1
IRKA,1
JRKA,1
KRKA,1
LRKA,1
MRKA,0
NRKA,1
ORKA,1
PRKA,1
QRKA,1
RRKA,0
SRKA,1
TRKA,1
URKA,1
VRKA,1
WRKA,0
XRKA,1
YRKA,0
ZRKA,0
ASKA,0
BSKA,0
CSKA,0
DSKA,0
ESKA,0
FSKA,0
GSKA,0
HSKA,0
ISKA,1
JSKA,1
KSKA,0
LSKA,1
MSKA,1
NSKA,1
OSKA,0
PSKA,1
QSKA,1
RSKA,1
SSKA,1
TSKA,1
USKA,0
VSKA,1
WSKA,1
XSKA,1
YSKA,0
ZSKA,1
ATKA,0
BTKA,1
CTKA,1
DTKA,1
ETKA,1
FTKA,1
GTKA,1
HTKA,1
ITKA,0
JTKA,1
KTKA,1
LTKA,1
MTKA,1
NTKA,1
OTKA,0
PTKA,1
QTKA,1
RTKA,0
STKA,1
TTKA,0
UTKA,1
VTKA,0
WTKA,1
XTKA,1
YTKA,1
ZTKA,1
AUKA,1
BUKA,1
CUKA,1
DUKA,1
EUKA,1
FUKA,1
GUKA,1
HUKA,1
IUKA,1
JUKA,1
KUKA,1
LUKA,1
MUKA,1
NUKA,1
OUKA,1
PUKA,1
QUKA,1
RUKA,1
SUKA,1
TUKA,1
UUKA,1
VUKA,0
WUKA,1
XUKA,1
YUKA,1
ZUKA,1
AVKA,1
BVKA,1
CVKA,1
DVKA,1
EVKA,1
FVKA,1
GVKA,1
HVKA,1
IVKA,1
JVKA,1
KVKA,1
LVKA,1
MVKA,1
NVKA,0
OVKA,1
PVKA,0
QVKA,1
RVKA,1
SVKA,1
TVKA,1
UVKA,1
VVKA,1
WVKA,1
XVKA,1
YVKA,1
ZVKA,1
AWKA,1
BWKA,1
CWKA,1
DWKA,1
EWKA,1
FWKA,1
GWKA,1
HWKA,1
IWKA,0
JWKA,0
KWKA,0
LWKA,0
MWKA,0
NWKA,0
OWKA,0
PWKA,0
QWKA,0
RWKA,0
SWKA,0
TWKA,0
UWKA,0
VWKA,1
WWKA,0
XWKA,0
YWKA,0
ZWKA,0
AXKA,0
BXKA,0
CXKA,0
DXKA,0
EXKA,0
FXKA,0
GXKA,0
HXKA,0
IXKA,0
JXKA,0
KXKA,0
LXKA,0
MXKA,0
NXKA,0
OXKA,0
PXKA,0
QXKA,0
RXKA,0
SXKA,1
TXKA,0
UXKA,0
VXKA,0
WXKA,0
XXKA,1
YXKA,1
ZXKA,1
AYKA,1
BYKA,0
CYKA,1
DYKA,0
EYKA,1
FYKA,1
GYKA,1
HYKA,1
IYKA,1
JYKA,1
KYKA,1
LYKA,1
MYKA,1
NYKA,1
OYKA,1
PYKA,1
QYKA,1
RYKA,1
SYKA,1
TYKA,1
UYKA,1
VYKA,1
WYKA,1
XYKA,0
YYKA,1
ZYKA,1
AZKA,1
BZKA,0
CZKA,1
DZKA,1
EZKA,1
FZKA,1
GZKA,1
HZKA,1
IZKA,1
JZKA,1
KZKA,1
LZKA,1
MZKA,1
NZKA,1
OZKA,1
PZKA,1
QZKA,0
RZKA,1
SZKA,1
TZKA,1
UZKA,1
VZKA,1
WZKA,0
XZKA,0
YZKA,0
ZZKA,0
AALA,0
BALA,0
CALA,0
DALA,0
EALA,0
FALA,0
GALA,0
HALA,0
IALA,0
JALA,0
KALA,1
LALA,1
MALA,1
NALA,0
OALA,1
PALA,1
QALA,1
RALA,0
SALA,1
TALA,1
UALA,1
VALA,1
WALA,1
XALA,1
YALA,1
ZALA,1
ABLA,1
BBLA,0
CBLA,0
DBLA,0
EBLA,0
FBLA,0
GBLA,0
HBLA,0
IBLA,0
JBLA,0
KBLA,1
LBLA,1
MBLA,1
NBLA,1
OBLA,1
PBLA,1
QBLA,1
RBLA,0
SBLA,1
TBLA,1
UBLA,1
VBLA,0
WBLA,1
XBLA,1
YBLA,1
ZBLA,1
ACLA,1
BCLA,1
CCLA,1
DCLA,1
ECLA,1
FCLA,1
GCLA,1
HCLA,0
ICLA,1
JCLA,0
KCLA,1
LCLA,1
MCLA,1
NCLA,0
OCLA,1
PCLA,1
QCLA,1
RCLA,1
SCLA,1
TCLA,1
UCLA,1
VCLA,1
WCLA,1
XCLA,1
YCLA,0
ZCLA,1
ADLA,1
BDLA,1
CDLA,0
DDLA,0
EDLA,0
FDLA,0
GDLA,0
HDLA,0
IDLA,0
JDLA,0
KDLA,1
LDLA,0
MDLA,1
NDLA,1
ODLA,1
PDLA,1
QDLA,0
RDLA,0
SDLA,1
TDLA,1
UDLA,1
VDLA,1
WDLA,1
XDLA,1
YDLA,1
ZDLA,1
AELA,1
BELA,1
CELA,1
DELA,1
EELA,1
FELA,1
GELA,1
HELA,1
IELA,1
JELA,0
KELA,1
LELA,1
MELA,0
NELA,0
OELA,1
PELA,1
QELA,1
RELA,1
SELA,1
TELA,0
UELA,1
VELA,1
WELA,1
XELA,1
YELA,1
ZELA,1
AFLA,1
BFLA,1
CFLA,0
DFLA,1
EFLA,1
FFLA,1
GFLA,1
HFLA,1
IFLA,0
JFLA,0
KFLA,1
LFLA,1
MFLA,1
NFLA,1
OFLA,1
PFLA,1
QFLA,1
RFLA,1
SFLA,1
TFLA,1
UFLA,0
VFLA,1
WFLA,1
XFLA,1
YFLA,1
ZFLA,1
AGLA,1
BGLA,1
CGLA,1
DGLA,1
EGLA,0
FGLA,1
GGLA,1
HGLA,1
IGLA,0
JGLA,0
KGLA,0
LGLA,0
MGLA,0
NGLA,0
OGLA,0
PGLA,0
QGLA,0
RGLA,0
SGLA,0
TGLA,0
UGLA,0
VGLA,0
WGLA,0
XGLA,0
YGLA,0
ZGLA,0
AHLA,0
BHLA,0
CHLA,0
DHLA,0
EHLA,0
FHLA,0
GHLA,0
HHLA,0
IHLA,0
JHLA,0
KHLA,0
LHLA,0
MHLA,0
NHLA,0
OHLA,0
PHLA,0
QHLA,0
RHLA,0
SHLA,0
THLA,0
UHLA,0
VHLA,0
WHLA,1
XHLA,1
YHLA,1
ZHLA,0
AILA,0
BILA,0
CILA,0
DILA,0
EILA,1
FILA,1
GILA,1
HILA,1
IILA,1
JILA,1
KILA,1
LILA,1
MILA,1
NILA,1
OILA,1
PILA,1
QILA,0
RILA,1
SILA,1
TILA,1
UILA,1
VILA,1
WILA,1
XILA,1
YILA,1
ZILA,0
AJLA,1
BJLA,1
CJLA,1
DJLA,1
EJLA,1
FJLA,1
GJLA,1
HJLA,1
IJLA,0
JJLA,0
KJLA,1
LJLA,1
MJLA,1
NJLA,1
OJLA,1
PJLA,1
QJLA,1
RJLA,1
SJLA,1
TJLA,1
UJLA,1
VJLA,1
WJLA,1
XJLA,1
YJLA,1
ZJLA,0
AKLA,1
BKLA,0
CKLA,1
DKLA,1
EKLA,1
FKLA,0
GKLA,1
HKLA,1
IKLA,1
JKLA,1
KKLA,1
LKLA,1
MKLA,1
NKLA,1
OKLA,1
PKLA,1
QKLA,1
RKLA,1
SKLA,1
TKLA,1
UKLA,1
VKLA,1
WKLA,1
XKLA,1
YKLA,1
ZKLA,1
ALLA,1
BLLA,1
CLLA,1
DLLA,1
ELLA,1
FLLA,1
GLLA,1
HLLA,1
ILLA,1
JLLA,1
KLLA,1
LLLA,1
MLLA,0
NLLA,1
OLLA,1
PLLA,1
QLLA,1
RLLA,1
SLLA,1
TLLA,1
ULLA,1
VLLA,1
WLLA,0
XLLA,1
YLLA,1
ZLLA,1
AMLA,1
BMLA,1
CMLA,1
DMLA,1
EMLA,0
FMLA,1
GMLA,0
HMLA,0
IMLA,1
JMLA,1
KMLA,1
LMLA,1
MMLA,1
NMLA,1
OMLA,1
PMLA,1
QMLA,0
RMLA,0
SMLA,0
TMLA,0
UMLA,0
VMLA,0
WMLA,0
XMLA,0
YMLA,0
ZMLA,0
ANLA,0
BNLA,0
CNLA,0
DNLA,0
ENLA,0
FNLA,0
GNLA,0
HNLA,0
INLA,0
JNLA,0
KNLA,0
LNLA,0
MNLA,0
NNLA,0
ONLA,0
PNLA,0
QNLA,0
RNLA,0
SNLA,0
TNLA,0
UNLA,0
VNLA,0
WNLA,0
XNLA,0
YNLA,0
ZNLA,0
AOLA,0
BOLA,0
COLA,0
DOLA,0
EOLA,0
FOLA,1
GOLA,1
HOLA,0
IOLA,1
JOLA,1
KOLA,1
LOLA,1
MOLA,1
NOLA,1
OOLA,1
POLA,1
QOLA,0
ROLA,1
SOLA,1
TOLA,1
UOLA,1
VOLA,1
WOLA,1
XOLA,1
YOLA,0
ZOLA,1
APLA,1
BPLA,1
CPLA,1
DPLA,1
EPLA,1
FPLA,1
GPLA,0
HPLA,1
IPLA,1
JPLA,1
KPLA,1
LPLA,1
MPLA,1
NPLA,1
OPLA,1
PPLA,1
QPLA,1
RPLA,1
SPLA,1
TPLA,1
UPLA,1
VPLA,1
WPLA,1
XPLA,1
YPLA,1
ZPLA,1
AQLA,1
BQLA,1
CQLA,1
DQLA,1
EQLA,1
FQLA,1
GQLA,1
HQLA,1
IQLA,1
JQLA,1
KQLA,0
LQLA,1
MQLA,1
NQLA,1
OQLA,0
PQLA,1
QQLA,1
RQLA,1
SQLA,0
TQLA,1
UQLA,1
VQLA,1
WQLA,1
XQLA,1
YQLA,1
ZQLA,0
ARLA,0
BRLA,1
CRLA,0
DRLA,0
ERLA,0
FRLA,0
GRLA,0
HRLA,1
IRLA,1
JRLA,0
KRLA,0
LRLA,0
MRLA,0
NRLA,0
ORLA,1
PRLA,1
QRLA,1
RRLA,1
SRLA,1
TRLA,1
URLA,1
VRLA,1
WRLA,1
XRLA,1
YRLA,1
ZRLA,1
ASLA,1
BSLA,1
CSLA,0
DSLA,1
ESLA,0
FSLA,1
GSLA,1
HSLA,1
ISLA,1
JSLA,1
KSLA,1
LSLA,1
MSLA,1
NSLA,1
OSLA,1
PSLA,1
QSLA,1
RSLA,1
SSLA,1
TSLA,1
USLA,0
VSLA,1
WSLA,0
XSLA,1
YSLA,1
ZSLA,1
ATLA,1
BTLA,1
CTLA,1
DTLA,1
ETLA,1
FTLA,1
GTLA,1
HTLA,1
ITLA,1
JTLA,1
KTLA,1
LTLA,1
MTLA,1
NTLA,1
OTLA,1
PTLA,1
QTLA,1
RTLA,1
STLA,1
TTLA,0
UTLA,1
VTLA,1
WTLA,1
XTLA,1
YTLA,1
ZTLA,1
AULA,1
BULA,1
CULA,1
DULA,1
EULA,1
FULA,1
GULA,0
HULA,1
IULA,0
JULA,1
KULA,1
LULA,1
MULA,1
NULA,1
OULA,1
PULA,1
QULA,1
RULA,1
SULA,1
TULA,1
UULA,1
VULA,1
WULA,1
XULA,1
YULA,1
ZULA,1
AVLA,1
BVLA,1
CVLA,1
DVLA,1
EVLA,1
FVLA,1
GVLA,1
HVLA,1
IVLA,1
JVLA,1
KVLA,1
LVLA,0
MVLA,0
NVLA,1
OVLA,1
PVLA,0
QVLA,1
RVLA,1
SVLA,1
TVLA,1
UVLA,1
VVLA,1
WVLA,1
XVLA,1
YVLA,1
ZVLA,1
AWLA,1
BWLA,1
CWLA,1
DWLA,1
EWLA,1
FWLA,1
GWLA,1
HWLA,1
IWLA,1
JWLA,1
KWLA,1
LWLA,1
MWLA,1
NWLA,1
OWLA,0
PWLA,1
QWLA,1
RWLA,1
SWLA,0
TWLA,1
UWLA,1
VWLA,1
WWLA,1
XWLA,1
YWLA,1
ZWLA,1
AXLA,1
BXLA,0
CXLA,1
DXLA,1
EXLA,0
FXLA,1
GXLA,1
HXLA,1
IXLA,1
JXLA,1
KXLA,1
LXLA,1
MXLA,1
NXLA,1
OXLA,1
PXLA,1
QXLA,1
RXLA,1
SXLA,1
TXLA,0
UXLA,0
VXLA,0
WXLA,0
XXLA,0
YXLA,0
ZXLA,0
AYLA,0
BYLA,0
CYLA,0
DYLA,1
EYLA,1
FYLA,0
GYLA,1
HYLA,1
IYLA,0
JYLA,0
KYLA,0
LYLA,0
MYLA,1
NYLA,1
OYLA,1
PYLA,1
QYLA,1
RYLA,0
SYLA,0
TYLA,1
UYLA,1
VYLA,1
WYLA,0
XYLA,0
YYLA,0
ZYLA,0
AZLA,0
BZLA,0
CZLA,0
DZLA,0
EZLA,1
FZLA,1
GZLA,1
HZLA,1
IZLA,0
JZLA,0
KZLA,1
LZLA,1
MZLA,1
NZLA,1
OZLA,1
PZLA,1
QZLA,1
RZLA,0
SZLA,1
TZLA,1
UZLA,1
VZLA,1
WZLA,1
XZLA,1
YZLA,1
ZZLA,1
AAMA,1
BAMA,1
CAMA,0
DAMA,1
EAMA,1
FAMA,1
GAMA,1
HAMA,0
IAMA,1
JAMA,0
KAMA,1
LAMA,1
MAMA,1
NAMA,1
OAMA,1
PAMA,1
QAMA,1
RAMA,1
SAMA,1
TAMA,0
UAMA,1
VAMA,1
WAMA,1
XAMA,1
YAMA,1
ZAMA,1
ABMA,1
BBMA,0
CBMA,0
DBMA,0
EBMA,0
FBMA,0
GBMA,1
HBMA,0
IBMA,0
JBMA,0
KBMA,1
LBMA,1
MBMA,1
NBMA,1
OBMA,1
PBMA,0
QBMA,0
RBMA,0
SBMA,1
TBMA,1
UBMA,0
VBMA,0
WBMA,1
XBMA,1
YBMA,1
ZBMA,1
ACMA,1
BCMA,1
CCMA,1
DCMA,1
ECMA,1
FCMA,1
GCMA,1
HCMA,1
ICMA,1
JCMA,1
KCMA,1
LCMA,0
MCMA,1
NCMA,0
OCMA,1
PCMA,1
QCMA,0
RCMA,1
SCMA,1
TCMA,0
UCMA,1
VCMA,1
WCMA,1
XCMA,1
YCMA,1
ZCMA,1
ADMA,1
BDMA,1
CDMA,0
DDMA,1
EDMA,1
FDMA,1
GDMA,1
HDMA,1
IDMA,1
JDMA,0
KDMA,1
LDMA,1
MDMA,1
NDMA,1
ODMA,1
PDMA,1
QDMA,1
RDMA,1
SDMA,1
TDMA,1
UDMA,1
VDMA,1
WDMA,1
XDMA,1
YDMA,1
ZDMA,1
AEMA,1
BEMA,1
CEMA,1
DEMA,1
EEMA,1
FEMA,1
GEMA,1
HEMA,1
IEMA,1
JEMA,1
KEMA,1
LEMA,1
MEMA,1
NEMA,1
OEMA,1
PEMA,1
QEMA,1
REMA,1
SEMA,1
TEMA,1
UEMA,0
VEMA,1
WEMA,1
XEMA,0
YEMA,0
ZEMA,1
AFMA,1
BFMA,1
CFMA,1
DFMA,0
EFMA,0
FFMA,0
GFMA,0
HFMA,0
IFMA,0
JFMA,0
KFMA,0
LFMA,0
MFMA,0
NFMA,0
OFMA,0
PFMA,0
QFMA,0
RFMA,0
SFMA,1
TFMA,0
UFMA,0
VFMA,0
WFMA,0
XFMA,0
YFMA,0
ZFMA,0
AGMA,0
BGMA,0
CGMA,1
DGMA,0
EGMA,1
FGMA,1
GGMA,1
HGMA,1
IGMA,1
JGMA,1
KGMA,1
LGMA,0
MGMA,1
NGMA,0
OGMA,1
PGMA,1
QGMA,1
RGMA,1
SGMA,1
TGMA,1
UGMA,1
VGMA,1
WGMA,1
XGMA,1
YGMA,1
ZGMA,1
AHMA,1
BHMA,0
CHMA,1
DHMA,1
EHMA,1
FHMA,1
GHMA,1
HHMA,1
IHMA,1
JHMA,1
KHMA,1
LHMA,1
MHMA,1
NHMA,1
OHMA,1
PHMA,1
QHMA,1
RHMA,1
SHMA,1
THMA,1
UHMA,1
VHMA,1
WHMA,1
XHMA,1
YHMA,1
ZHMA,0
AIMA,1
BIMA,1
CIMA,1
DIMA,1
EIMA,1
FIMA,0
GIMA,0
HIMA,1
IIMA,1
JIMA,1
KIMA,1
LIMA,1
MIMA,1
NIMA,0
OIMA,1
PIMA,1
QIMA,1
RIMA,1
SIMA,1
TIMA,1
UIMA,0
VIMA,1
WIMA,1
XIMA,1
YIMA,1
ZIMA,1
AJMA,1
BJMA,1
CJMA,1
DJMA,1
EJMA,1
FJMA,0
GJMA,1
HJMA,1
IJMA,1
JJMA,1
KJMA,1
LJMA,1
MJMA,1
NJMA,1
OJMA,1
PJMA,1
QJMA,0
RJMA,0
SJMA,0
TJMA,0
UJMA,0
VJMA,0
WJMA,0
XJMA,0
YJMA,0
ZJMA,0
AKMA,0
BKMA,0
CKMA,0
DKMA,0
EKMA,0
FKMA,0
GKMA,0
HKMA,0
IKMA,0
JKMA,0
KKMA,0
LKMA,0
MKMA,0
NKMA,0
OKMA,0
PKMA,0
QKMA,0
RKMA,0
SKMA,0
TKMA,0
UKMA,0
VKMA,0
WKMA,0
XKMA,0
YKMA,0
ZKMA,0
ALMA,0
BLMA,1
CLMA,1
DLMA,0
ELMA,0
FLMA,0
GLMA,0
HLMA,1
ILMA,1
JLMA,1
KLMA,1
LLMA,1
MLMA,1
NLMA,1
OLMA,1
PLMA,1
QLMA,0
RLMA,1
SLMA,1
TLMA,0
ULMA,1
VLMA,1
WLMA,1
XLMA,1
YLMA,1
ZLMA,1
AMMA,1
BMMA,1
CMMA,1
DMMA,1
EMMA,0
FMMA,1
GMMA,1
HMMA,1
IMMA,1
JMMA,1
KMMA,1
LMMA,1
MMMA,1
NMMA,1
OMMA,1
PMMA,0
QMMA,0
RMMA,1
SMMA,1
TMMA,1
UMMA,1
VMMA,1
WMMA,1
XMMA,1
YMMA,1
ZMMA,1
ANMA,1
BNMA,0
CNMA,1
DNMA,1
ENMA,1
FNMA,0
GNMA,0
HNMA,1
INMA,0
JNMA,1
KNMA,1
LNMA,0
MNMA,1
NNMA,1
ONMA,1
PNMA,1
QNMA,1
RNMA,1
SNMA,1
TNMA,1
UNMA,1
VNMA,0
WNMA,0
XNMA,1
YNMA,1
ZNMA,0
AOMA,1
BOMA,0
COMA,0
DOMA,1
EOMA,1
FOMA,1
GOMA,0
HOMA,0
IOMA,0
JOMA,0
KOMA,1
LOMA,1
MOMA,1
NOMA,0
OOMA,0
POMA,0
QOMA,0
ROMA,0
SOMA,0
TOMA,0
UOMA,1
VOMA,1
WOMA,1
XOMA,1
YOMA,1
ZOMA,1
APMA,1
BPMA,1
CPMA,1
DPMA,1
EPMA,1
FPMA,1
GPMA,1
HPMA,0
IPMA,1
JPMA,1
KPMA,0
LPMA,1
MPMA,1
NPMA,1
OPMA,1
PPMA,1
QPMA,1
RPMA,1
SPMA,1
TPMA,0
UPMA,1
VPMA,1
WPMA,1
XPMA,1
YPMA,1
ZPMA,1
AQMA,1
BQMA,1
CQMA,1
DQMA,1
EQMA,1
FQMA,1
GQMA,0
HQMA,1
IQMA,1
JQMA,1
KQMA,1
LQMA,1
MQMA,1
NQMA,1
OQMA,1
PQMA,1
QQMA,1
RQMA,1
SQMA,1
TQMA,1
UQMA,1
VQMA,1
WQMA,1
XQMA,1
YQMA,0
ZQMA,1
ARMA,0
BRMA,1
CRMA,0
DRMA,1
ERMA,1
FRMA,1
GRMA,1
HRMA,1
IRMA,1
JRMA,1
KRMA,1
LRMA,1
MRMA,1
NRMA,1
ORMA,1
PRMA,1
QRMA,1
RRMA,1
SRMA,1
TRMA,1
URMA,1
VRMA,1
WRMA,1
XRMA,1
YRMA,1
ZRMA,1
ASMA,1
BSMA,1
CSMA,1
DSMA,1
ESMA,1
FSMA,0
GSMA,0
HSMA,1
ISMA,0
JSMA,0
KSMA,0
LSMA,0
MSMA,0
NSMA,1
OSMA,1
PSMA,1
QSMA,1
RSMA,1
SSMA,1
TSMA,1
USMA,1
VSMA,1
WSMA,1
XSMA,1
YSMA,1
ZSMA,1
ATMA,1
BTMA,1
CTMA,1
DTMA,1
ETMA,1
FTMA,1
GTMA,1
HTMA,1
ITMA,1
JTMA,1
KTMA,1
LTMA,0
MTMA,1
NTMA,1
OTMA,1
PTMA,0
QTMA,1
RTMA,0
STMA,1
TTMA,1
UTMA,1
VTMA,1
WTMA,1
XTMA,0
YTMA,1
ZTMA,1
AUMA,1
BUMA,1
CUMA,1
DUMA,1
EUMA,1
FUMA,1
GUMA,1
HUMA,1
IUMA,1
JUMA,1
KUMA,1
LUMA,1
MUMA,1
NUMA,1
OUMA,1
PUMA,1
QUMA,1
RUMA,1
SUMA,1
TUMA,0
UUMA,1
VUMA,1
WUMA,1
XUMA,1
YUMA,1
ZUMA,1
AVMA,1
BVMA,1
CVMA,1
DVMA,1
EVMA,1
FVMA,1
GVMA,0
HVMA,1
IVMA,1
JVMA,1
KVMA,1
LVMA,1
MVMA,1
NVMA,0
OVMA,1
PVMA,1
QVMA,1
RVMA,1
SVMA,1
TVMA,1
UVMA,1
VVMA,0
WVMA,1
XVMA,1
YVMA,0
ZVMA,1
AWMA,1
BWMA,1
CWMA,1
DWMA,1
EWMA,1
FWMA,1
GWMA,1
HWMA,1
IWMA,1
JWMA,0
KWMA,0
LWMA,0
MWMA,0
NWMA,0
OWMA,0
PWMA,0
QWMA,0
RWMA,0
SWMA,0
TWMA,0
UWMA,0
VWMA,0
WWMA,0
XWMA,0
YWMA,1
ZWMA,1
AXMA,0
BXMA,0
CXMA,1
DXMA,1
EXMA,1
FXMA,1
GXMA,1
HXMA,1
IXMA,0
JXMA,1
KXMA,1
LXMA,1
MXMA,1
NXMA,1
OXMA,1
PXMA,1
QXMA,0
RXMA,1
SXMA,1
TXMA,1
UXMA,1
VXMA,1
WXMA,1
XXMA,1
YXMA,1
ZXMA,0
AYMA,0
BYMA,0
CYMA,0
DYMA,0
EYMA,0
FYMA,0
GYMA,0
HYMA,0
IYMA,0
JYMA,0
KYMA,0
LYMA,0
MYMA,0
NYMA,0
OYMA,0
PYMA,0
QYMA,0
RYMA,0
SYMA,0
TYMA,0
UYMA,0
VYMA,0
WYMA,0
XYMA,0
YYMA,0
ZYMA,0
AZMA,0
BZMA,0
CZMA,0
DZMA,0
EZMA,0
FZMA,0
GZMA,0
HZMA,0
IZMA,0
JZMA,0
KZMA,0
LZMA,0
MZMA,0
NZMA,0
OZMA,0
PZMA,0
QZMA,0
RZMA,0
SZMA,0
TZMA,0
UZMA,0
VZMA,0
WZMA,0
XZMA,1
YZMA,1
ZZMA,1
AANA,1
BANA,1
CANA,1
DANA,1
EANA,1
FANA,1
GANA,1
HANA,0
IANA,1
JANA,1
KANA,0
LANA,1
MANA,1
NANA,0
OANA,0
PANA,0
QANA,0
RANA,0
SANA,0
TANA,0
UANA,1
VANA,1
WANA,1
XANA,0
YANA,1
ZANA,1
ABNA,1
BBNA,1
CBNA,1
DBNA,1
EBNA,0
FBNA,0
GBNA,1
HBNA,1
IBNA,1
JBNA,1
KBNA,1
LBNA,0
MBNA,1
NBNA,1
OBNA,1
PBNA,1
QBNA,1
RBNA,0
SBNA,1
TBNA,1
UBNA,1
VBNA,1
WBNA,1
XBNA,1
YBNA,0
ZBNA,1
ACNA,1
BCNA,1
CCNA,1
DCNA,1
ECNA,1
FCNA,1
GCNA,1
HCNA,1
ICNA,0
JCNA,1
KCNA,1
LCNA,1
MCNA,1
NCNA,1
OCNA,1
PCNA,1
QCNA,1
RCNA,1
SCNA,1
TCNA,1
UCNA,1
VCNA,1
WCNA,1
XCNA,1
YCNA,1
ZCNA,1
ADNA,1
BDNA,1
CDNA,1
DDNA,1
EDNA,1
FDNA,0
GDNA,1
HDNA,1
IDNA,1
JDNA,1
KDNA,0
LDNA,1
MDNA,1
NDNA,1
ODNA,0
PDNA,0
QDNA,1
RDNA,1
SDNA,1
TDNA,1
UDNA,1
VDNA,0
WDNA,0
XDNA,1
YDNA,1
ZDNA,1
AENA,1
BENA,1
CENA,1
DENA,1
EENA,1
FENA,1
GENA,1
HENA,1
IENA,1
JENA,0
KENA,1
LENA,1
MENA,0
NENA,0
OENA,1
PENA,1
QENA,1
RENA,1
SENA,1
TENA,1
UENA,0
VENA,1
WENA,1
XENA,1
YENA,1
ZENA,0
AFNA,1
BFNA,1
CFNA,1
DFNA,1
EFNA,1
FFNA,1
GFNA,1
HFNA,1
IFNA,1
JFNA,0
KFNA,0
LFNA,1
MFNA,0
NFNA,0
OFNA,1
PFNA,1
QFNA,1
RFNA,1
SFNA,1
TFNA,0
UFNA,1
VFNA,1
WFNA,1
XFNA,1
YFNA,1
ZFNA,1
AGNA,1
BGNA,1
CGNA,1
DGNA,0
EGNA,1
FGNA,1
GGNA,0
HGNA,0
IGNA,0
JGNA,0
KGNA,0
LGNA,0
MGNA,0
NGNA,0
OGNA,0
PGNA,0
QGNA,0
RGNA,0
SGNA,0
TGNA,0
UGNA,0
VGNA,0
WGNA,0
XGNA,0
YGNA,0
ZGNA,0
AHNA,0
BHNA,0
CHNA,0
DHNA,0
EHNA,0
FHNA,0
GHNA,0
HHNA,0
IHNA,0
JHNA,0
KHNA,0
LHNA,0
MHNA,0
NHNA,1
OHNA,1
PHNA,1
QHNA,1
RHNA,1
SHNA,0
THNA,0
UHNA,0
VHNA,1
WHNA,1
XHNA,1
YHNA,1
ZHNA,0
AINA,1
BINA,1
CINA,1
DINA,1
EINA,1
FINA,1
GINA,1
HINA,1
IINA,1
JINA,1
KINA,1
LINA,1
MINA,1
NINA,1
OINA,1
PINA,1
QINA,1
RINA,1
SINA,1
TINA,1
UINA,1
VINA,1
WINA,1
XINA,1
YINA,1
ZINA,1
AJNA,1
BJNA,1
CJNA,1
DJNA,1
EJNA,1
FJNA,1
GJNA,1
HJNA,0
IJNA,1
JJNA,0
KJNA,1
LJNA,1
MJNA,1
NJNA,1
OJNA,1
PJNA,1
QJNA,1
RJNA,1
SJNA,1
TJNA,1
UJNA,1
VJNA,1
WJNA,1
XJNA,1
YJNA,1
ZJNA,1
AKNA,1
BKNA,0
CKNA,1
DKNA,1
EKNA,1
FKNA,0
GKNA,1
HKNA,1
IKNA,1
JKNA,1
KKNA,1
LKNA,1
MKNA,1
NKNA,0
OKNA,1
PKNA,1
QKNA,1
RKNA,1
SKNA,1
TKNA,1
UKNA,1
VKNA,1
WKNA,1
XKNA,1
YKNA,1
ZKNA,1
ALNA,1
BLNA,1
CLNA,1
DLNA,1
ELNA,1
FLNA,1
GLNA,0
HLNA,1
ILNA,1
JLNA,0
KLNA,0
LLNA,0
MLNA,0
NLNA,0
OLNA,0
PLNA,0
QLNA,0
RLNA,0
SLNA,0
TLNA,0
ULNA,0
VLNA,0
WLNA,0
XLNA,0
YLNA,0
ZLNA,0
AMNA,0
BMNA,0
CMNA,0
DMNA,0
EMNA,0
FMNA,0
GMNA,0
HMNA,0
IMNA,0
JMNA,0
KMNA,0
LMNA,0
MMNA,0
NMNA,0
OMNA,0
PMNA,0
QMNA,1
RMNA,0
SMNA,0
TMNA,0
UMNA,1
VMNA,0
WMNA,1
XMNA,0
YMNA,1
ZMNA,1
ANNA,1
BNNA,1
CNNA,1
DNNA,1
ENNA,1
FNNA,1
GNNA,1
HNNA,1
INNA,1
JNNA,1
KNNA,1
LNNA,0
MNNA,1
NNNA,1
ONNA,1
PNNA,1
QNNA,1
RNNA,1
SNNA,1
TNNA,1
UNNA,1
VNNA,1
WNNA,1
XNNA,1
YNNA,0
ZNNA,0
AONA,1
BONA,0
CONA,1
DONA,1
EONA,1
FONA,1
GONA,1
HONA,1
IONA,1
JONA,1
KONA,1
LONA,1
MONA,1
NONA,1
OONA,1
PONA,1
QONA,1
RONA,1
SONA,0
TONA,1
UONA,1
VONA,1
WONA,1
XONA,1
YONA,1
ZONA,1
APNA,1
BPNA,1
CPNA,1
DPNA,1
EPNA,1
FPNA,1
GPNA,1
HPNA,1
IPNA,0
JPNA,1
KPNA,1
LPNA,1
MPNA,1
NPNA,1
OPNA,1
PPNA,1
QPNA,1
RPNA,1
SPNA,1
TPNA,1
UPNA,1
VPNA,1
WPNA,1
XPNA,1
YPNA,1
ZPNA,1
AQNA,1
BQNA,1
CQNA,1
DQNA,1
EQNA,1
FQNA,1
GQNA,1
HQNA,1
IQNA,1
JQNA,0
KQNA,1
LQNA,1
MQNA,1
NQNA,0
OQNA,1
PQNA,1
QQNA,1
RQNA,1
SQNA,1
TQNA,0
UQNA,1
VQNA,1
WQNA,1
XQNA,1
YQNA,1
ZQNA,1
ARNA,1
BRNA,1
CRNA,1
DRNA,1
ERNA,1
FRNA,1
GRNA,1
HRNA,1
IRNA,1
JRNA,1
KRNA,0
LRNA,1
MRNA,0
NRNA,0
ORNA,0
PRNA,0
QRNA,0
RRNA,0
SRNA,1
TRNA,1
URNA,1
VRNA,1
WRNA,1
XRNA,1
YRNA,1
ZRNA,1
ASNA,1
BSNA,1
CSNA,1
DSNA,1
ESNA,1
FSNA,1
GSNA,1
HSNA,0
ISNA,0
JSNA,1
KSNA,0
LSNA,1
MSNA,1
NSNA,0
OSNA,1
PSNA,1
QSNA,0
RSNA,1
SSNA,1
TSNA,1
USNA,0
VSNA,1
WSNA,0
XSNA,1
YSNA,1
ZSNA,1
ATNA,1
BTNA,1
CTNA,1
DTNA,1
ETNA,1
FTNA,0
GTNA,1
HTNA,1
ITNA,1
JTNA,1
KTNA,1
LTNA,0
MTNA,1
NTNA,0
OTNA,1
PTNA,0
QTNA,0
RTNA,1
STNA,1
TTNA,1
UTNA,1
VTNA,0
WTNA,0
XTNA,0
YTNA,1
ZTNA,1
AUNA,1
BUNA,0
CUNA,1
DUNA,1
EUNA,1
FUNA,1
GUNA,1
HUNA,1
IUNA,0
JUNA,1
KUNA,1
LUNA,1
MUNA,1
NUNA,1
OUNA,1
PUNA,1
QUNA,1
RUNA,1
SUNA,1
TUNA,1
UUNA,1
VUNA,1
WUNA,1
XUNA,0
YUNA,1
ZUNA,1
AVNA,1
BVNA,1
CVNA,1
DVNA,1
EVNA,0
FVNA,1
GVNA,0
HVNA,1
IVNA,1
JVNA,0
KVNA,1
LVNA,0
MVNA,0
NVNA,1
OVNA,1
PVNA,1
QVNA,1
RVNA,1
SVNA,1
TVNA,1
UVNA,1
VVNA,0
WVNA,1
XVNA,0
YVNA,1
ZVNA,1
AWNA,1
BWNA,1
CWNA,1
DWNA,1
EWNA,1
FWNA,1
GWNA,1
HWNA,1
IWNA,1
JWNA,1
KWNA,0
LWNA,0
MWNA,0
NWNA,1
OWNA,1
PWNA,1
QWNA,1
RWNA,1
SWNA,1
TWNA,1
UWNA,1
VWNA,1
WWNA,1
XWNA,1
YWNA,1
ZWNA,1
AXNA,1
BXNA,1
CXNA,1
DXNA,1
EXNA,1
FXNA,1
GXNA,1
HXNA,0
IXNA,1
JXNA,1
KXNA,1
LXNA,0
MXNA,0
NXNA,1
OXNA,1
PXNA,1
QXNA,1
RXNA,1
SXNA,1
TXNA,1
UXNA,1
VXNA,1
WXNA,1
XXNA,1
YXNA,0
ZXNA,1
AYNA,1
BYNA,1
CYNA,1
DYNA,1
EYNA,1
FYNA,0
GYNA,1
HYNA,1
IYNA,1
JYNA,1
KYNA,1
LYNA,1
MYNA,1
NYNA,1
OYNA,1
PYNA,1
QYNA,1
RYNA,1
SYNA,1
TYNA,1
UYNA,1
VYNA,1
WYNA,1
XYNA,1
YYNA,1
ZYNA,1
AZNA,1
BZNA,1
CZNA,1
DZNA,1
EZNA,1
FZNA,1
GZNA,1
HZNA,1
IZNA,0
JZNA,0
KZNA,0
LZNA,0
MZNA,0
NZNA,0
OZNA,0
PZNA,0
QZNA,0
RZNA,0
SZNA,1
TZNA,0
UZNA,1
VZNA,1
WZNA,1
XZNA,1
YZNA,0
ZZNA,0
AAOA,0
BAOA,1
CAOA,0
DAOA,1
EAOA,0
FAOA,1
GAOA,1
HAOA,1
IAOA,1
JAOA,1
KAOA,1
LAOA,0
MAOA,1
NAOA,1
OAOA,1
PAOA,1
QAOA,1
RAOA,1
SAOA,1
TAOA,1
UAOA,1
VAOA,1
WAOA,1
XAOA,1
YAOA,1
ZAOA,1
ABOA,1
BBOA,0
CBOA,0
DBOA,0
EBOA,0
FBOA,0
GBOA,0
HBOA,0
IBOA,0
JBOA,0
KBOA,0
LBOA,0
MBOA,0
NBOA,1
OBOA,1
PBOA,1
QBOA,1
RBOA,1
SBOA,1
TBOA,1
UBOA,1
VBOA,1
WBOA,1
XBOA,1
YBOA,1
ZBOA,1
ACOA,0
BCOA,1
CCOA,1
DCOA,1
ECOA,1
FCOA,1
GCOA,1
HCOA,0
ICOA,0
JCOA,0
KCOA,0
LCOA,0
MCOA,1
NCOA,1
OCOA,1
PCOA,0
QCOA,0
RCOA,1
SCOA,1
TCOA,1
UCOA,1
VCOA,1
WCOA,1
XCOA,1
YCOA,1
ZCOA,0
ADOA,1
BDOA,1
CDOA,1
DDOA,1
EDOA,1
FDOA,1
GDOA,1
HDOA,1
IDOA,1
JDOA,1
KDOA,1
LDOA,1
MDOA,1
NDOA,1
ODOA,1
PDOA,0
QDOA,1
RDOA,1
SDOA,1
TDOA,0
UDOA,1
VDOA,0
WDOA,1
XDOA,1
YDOA,1
ZDOA,0
AEOA,0
BEOA,1
CEOA,1
DEOA,1
EEOA,1
FEOA,1
GEOA,1
HEOA,1
IEOA,0
JEOA,1
KEOA,0
LEOA,0
MEOA,1
NEOA,1
OEOA,1
PEOA,1
QEOA,1
REOA,1
SEOA,1
TEOA,1
UEOA,1
VEOA,1
WEOA,0
XEOA,1
YEOA,1
ZEOA,1
AFOA,1
BFOA,1
CFOA,0
DFOA,1
EFOA,1
FFOA,1
GFOA,1
HFOA,1
IFOA,1
JFOA,1
KFOA,1
LFOA,0
MFOA,1
NFOA,1
OFOA,1
PFOA,1
QFOA,1
RFOA,1
SFOA,0
TFOA,1
UFOA,1
VFOA,0
WFOA,1
XFOA,0
YFOA,1
ZFOA,1
AGOA,1
BGOA,1
CGOA,1
DGOA,1
EGOA,1
FGOA,1
GGOA,1
HGOA,1
IGOA,1
JGOA,0
KGOA,0
LGOA,0
MGOA,1
NGOA,1
OGOA,1
PGOA,1
QGOA,1
RGOA,0
SGOA,1
TGOA,1
UGOA,1
VGOA,1
WGOA,1
XGOA,1
YGOA,1
ZGOA,1
AHOA,1
BHOA,1
CHOA,1
DHOA,1
EHOA,1
FHOA,1
GHOA,1
HHOA,1
IHOA,1
JHOA,0
KHOA,0
LHOA,0
MHOA,0
NHOA,0
OHOA,0
PHOA,0
QHOA,0
RHOA,0
SHOA,0
THOA,0
UHOA,0
VHOA,0
WHOA,0
XHOA,0
YHOA,0
ZHOA,0
AIOA,0
BIOA,0
CIOA,0
DIOA,0
EIOA,0
FIOA,0
GIOA,0
HIOA,0
IIOA,0
JIOA,0
KIOA,0
LIOA,0
MIOA,0
NIOA,0
OIOA,0
PIOA,0
QIOA,0
RIOA,0
SIOA,0
TIOA,0
UIOA,0
VIOA,0
WIOA,0
XIOA,0
YIOA,0
ZIOA,1
AJOA,1
BJOA,1
CJOA,1
DJOA,1
EJOA,1
FJOA,1
GJOA,1
HJOA,1
IJOA,1
JJOA,1
KJOA,1
LJOA,0
MJOA,0
NJOA,1
OJOA,1
PJOA,1
QJOA,1
RJOA,1
SJOA,0
TJOA,1
UJOA,0
VJOA,1
WJOA,0
XJOA,1
YJOA,1
ZJOA,1
AKOA,1
BKOA,0
CKOA,0
DKOA,1
EKOA,1
FKOA,1
GKOA,1
HKOA,1
IKOA,1
JKOA,1
KKOA,1
LKOA,1
MKOA,1
NKOA,1
OKOA,1
PKOA,0
QKOA,1
RKOA,1
SKOA,1
TKOA,1
UKOA,1
VKOA,0
WKOA,1
XKOA,1
YKOA,0
ZKOA,0
ALOA,0
BLOA,0
CLOA,0
DLOA,0
ELOA,1
FLOA,1
GLOA,1
HLOA,1
ILOA,0
JLOA,1
KLOA,1
LLOA,1
MLOA,1
NLOA,1
OLOA,0
PLOA,1
QLOA,0
RLOA,0
SLOA,0
TLOA,1
ULOA,0
VLOA,0
WLOA,1
XLOA,1
YLOA,1
ZLOA,0
AMOA,1
BMOA,1
CMOA,1
DMOA,1
EMOA,1
FMOA,0
GMOA,1
HMOA,0
IMOA,1
JMOA,1
KMOA,1
LMOA,1
MMOA,1
NMOA,0
OMOA,1
PMOA,1
QMOA,1
RMOA,1
SMOA,1
TMOA,1
UMOA,1
VMOA,1
WMOA,1
XMOA,0
YMOA,1
ZMOA,1
ANOA,1
BNOA,1
CNOA,0
DNOA,0
ENOA,1
FNOA,1
GNOA,1
HNOA,1
INOA,1
JNOA,1
KNOA,1
LNOA,1
MNOA,1
NNOA,1
ONOA,0
PNOA,1
QNOA,1
RNOA,0
SNOA,0
TNOA,0
UNOA,0
VNOA,0
WNOA,0
XNOA,0
YNOA,0
ZNOA,0
AOOA,0
BOOA,0
COOA,0
DOOA,0
EOOA,0
FOOA,0
GOOA,0
HOOA,0
IOOA,0
JOOA,0
KOOA,0
LOOA,0
MOOA,0
NOOA,0
OOOA,0
POOA,0
QOOA,0
ROOA,0
SOOA,0
TOOA,0
UOOA,0
VOOA,0
WOOA,0
XOOA,0
YOOA,0
ZOOA,0
APOA,0
BPOA,0
CPOA,0
DPOA,0
EPOA,0
FPOA,0
GPOA,0
HPOA,0
IPOA,0
JPOA,0
KPOA,0
LPOA,0
MPOA,0
NPOA,0
OPOA,0
PPOA,0
QPOA,0
RPOA,0
SPOA,1
TPOA,1
UPOA,1
VPOA,1
WPOA,1
XPOA,1
YPOA,1
ZPOA,1
AQOA,1
BQOA,1
CQOA,1
DQOA,0
EQOA,1
FQOA,1
GQOA,0
HQOA,1
IQOA,1
JQOA,1
KQOA,0
LQOA,1
MQOA,1
NQOA,1
OQOA,1
PQOA,1
QQOA,1
RQOA,1
SQOA,1
TQOA,1
UQOA,1
VQOA,1
WQOA,1
XQOA,1
YQOA,1
ZQOA,1
AROA,1
BROA,1
CROA,0
DROA,1
EROA,1
FROA,1
GROA,1
HROA,1
IROA,1
JROA,1
KROA,1
LROA,0
MROA,0
NROA,1
OROA,1
PROA,1
QROA,1
RROA,1
SROA,1
TROA,1
UROA,1
VROA,1
WROA,1
XROA,0
YROA,1
ZROA,0
ASOA,1
BSOA,1
CSOA,1
DSOA,0
ESOA,1
FSOA,0
GSOA,1
HSOA,1
ISOA,1
JSOA,1
KSOA,1
LSOA,1
MSOA,1
NSOA,1
OSOA,1
PSOA,1
QSOA,1
RSOA,1
SSOA,1
TSOA,1
USOA,1
VSOA,1
WSOA,1
XSOA,1
YSOA,0
ZSOA,0
ATOA,0
BTOA,0
CTOA,0
DTOA,0
ETOA,0
FTOA,1
GTOA,1
HTOA,1
ITOA,1
JTOA,1
KTOA,1
LTOA,1
MTOA,1
NTOA,0
OTOA,1
PTOA,1
QTOA,1
RTOA,1
STOA,1
TTOA,1
UTOA,0
VTOA,1
WTOA,1
XTOA,1
YTOA,1
ZTOA,1
AUOA,1
BUOA,1
CUOA,1
DUOA,1
EUOA,1
FUOA,1
GUOA,1
HUOA,1
IUOA,0
JUOA,1
KUOA,1
LUOA,1
MUOA,1
NUOA,1
OUOA,1
PUOA,1
QUOA,0
RUOA,1
SUOA,1
TUOA,1
UUOA,1
VUOA,1
WUOA,1
XUOA,1
YUOA,1
ZUOA,1
AVOA,1
BVOA,1
CVOA,1
DVOA,1
EVOA,1
FVOA,1
GVOA,1
HVOA,0
IVOA,1
JVOA,1
KVOA,0
LVOA,1
MVOA,1
NVOA,1
OVOA,1
PVOA,0
QVOA,1
RVOA,1
SVOA,1
TVOA,1
UVOA,1
VVOA,1
WVOA,1
XVOA,1
YVOA,0
ZVOA,1
AWOA,1
BWOA,1
CWOA,1
DWOA,0
EWOA,1
FWOA,1
GWOA,1
HWOA,1
IWOA,1
JWOA,1
KWOA,1
LWOA,1
MWOA,1
NWOA,0
OWOA,0
PWOA,1
QWOA,1
RWOA,1
SWOA,1
TWOA,1
UWOA,0
VWOA,1
WWOA,1
XWOA,0
YWOA,1
ZWOA,1
AXOA,0
BXOA,1
CXOA,1
DXOA,1
EXOA,1
FXOA,1
GXOA,1
HXOA,0
IXOA,1
JXOA,1
KXOA,1
LXOA,1
MXOA,1
NXOA,1
OXOA,1
PXOA,1
QXOA,0
RXOA,0
SXOA,1
TXOA,1
UXOA,1
VXOA,1
WXOA,1
XXOA,1
YXOA,1
ZXOA,0
AYOA,0
BYOA,0
CYOA,0
DYOA,0
EYOA,0
FYOA,0
GYOA,0
HYOA,0
IYOA,0
JYOA,0
KYOA,0
LYOA,0
MYOA,0
NYOA,0
OYOA,0
PYOA,0
QYOA,0
RYOA,0
SYOA,0
TYOA,0
UYOA,1
VYOA,0
WYOA,0
XYOA,0
YYOA,0
ZYOA,0
AZOA,0
BZOA,0
CZOA,0
DZOA,0
EZOA,0
FZOA,0
GZOA,0
HZOA,0
IZOA,0
JZOA,1
KZOA,1
LZOA,1
MZOA,0
NZOA,1
OZOA,1
PZOA,1
QZOA,1
RZOA,1
SZOA,1
TZOA,1
UZOA,1
VZOA,1
WZOA,1
XZOA,1
YZOA,1
ZZOA,1
AAPA,0
BAPA,1
CAPA,1
DAPA,1
EAPA,1
FAPA,1
GAPA,1
HAPA,1
IAPA,1
JAPA,1
KAPA,0
LAPA,1
MAPA,1
NAPA,1
OAPA,0
PAPA,1
QAPA,1
RAPA,1
SAPA,0
TAPA,1
UAPA,1
VAPA,1
WAPA,1
XAPA,1
YAPA,1
ZAPA,1
ABPA,1
BBPA,1
CBPA,1
DBPA,1
EBPA,1
FBPA,0
GBPA,1
HBPA,1
IBPA,1
JBPA,1
KBPA,1
LBPA,1
MBPA,0
NBPA,1
OBPA,1
PBPA,1
QBPA,1
RBPA,1
SBPA,1
TBPA,1
UBPA,1
VBPA,1
WBPA,1
XBPA,1
YBPA,1
ZBPA,1
ACPA,1
BCPA,1
CCPA,1
DCPA,1
ECPA,1
FCPA,1
GCPA,1
HCPA,1
ICPA,0
JCPA,0
KCPA,0
LCPA,0
MCPA,0
NCPA,0
OCPA,0
PCPA,1
QCPA,0
RCPA,1
SCPA,1
TCPA,1
UCPA,0
VCPA,1
WCPA,1
XCPA,1
YCPA,1
ZCPA,1
ADPA,1
BDPA,1
CDPA,1
DDPA,1
EDPA,1
FDPA,1
GDPA,1
HDPA,1
IDPA,1
JDPA,1
KDPA,1
LDPA,1
MDPA,1
NDPA,0
ODPA,0
PDPA,1
QDPA,1
RDPA,0
SDPA,1
TDPA,1
UDPA,1
VDPA,1
WDPA,0
XDPA,1
YDPA,1
ZDPA,1
AEPA,1
BEPA,1
CEPA,1
DEPA,1
EEPA,1
FEPA,1
GEPA,0
HEPA,1
IEPA,1
JEPA,1
KEPA,1
LEPA,1
MEPA,1
NEPA,0
OEPA,1
PEPA,1
QEPA,1
REPA,1
SEPA,1
TEPA,0
UEPA,0
VEPA,0
WEPA,0
XEPA,0
YEPA,0
ZEPA,0
AFPA,0
BFPA,1
CFPA,1
DFPA,1
EFPA,1
FFPA,1
GFPA,1
HFPA,1
IFPA,1
JFPA,1
KFPA,1
LFPA,1
MFPA,1
NFPA,1
OFPA,0
PFPA,0
QFPA,1
RFPA,1
SFPA,0
TFPA,1
UFPA,0
VFPA,1
WFPA,1
XFPA,1
YFPA,1
ZFPA,1
AGPA,1
BGPA,1
CGPA,0
DGPA,1
EGPA,1
FGPA,1
GGPA,1
HGPA,1
IGPA,1
JGPA,1
KGPA,1
LGPA,1
MGPA,1
NGPA,1
OGPA,1
PGPA,1
QGPA,1
RGPA,1
SGPA,0
TGPA,0
UGPA,1
VGPA,0
WGPA,0
XGPA,0
YGPA,1
ZGPA,1
AHPA,1
BHPA,1
CHPA,1
DHPA,1
EHPA,1
FHPA,1
GHPA,1
HHPA,1
IHPA,1
JHPA,1
KHPA,1
LHPA,1
MHPA,1
NHPA,0
OHPA,1
PHPA,1
QHPA,1
RHPA,1
SHPA,1
THPA,1
UHPA,1
VHPA,1
WHPA,1
XHPA,1
YHPA,0
ZHPA,1
AIPA,1
BIPA,1
CIPA,1
DIPA,1
EIPA,1
FIPA,1
GIPA,1
HIPA,1
IIPA,1
JIPA,1
KIPA,1
LIPA,1
MIPA,1
NIPA,1
OIPA,1
PIPA,1
QIPA,1
RIPA,1
SIPA,1
TIPA,1
UIPA,1
VIPA,1
WIPA,1
XIPA,1
YIPA,1
ZIPA,1
AJPA,1
BJPA,1
CJPA,1
DJPA,1
EJPA,0
FJPA,1
GJPA,1
HJPA,1
IJPA,1
JJPA,0
KJPA,1
LJPA,1
MJPA,1
NJPA,1
OJPA,1
PJPA,1
QJPA,1
RJPA,1
SJPA,1
TJPA,1
UJPA,1
VJPA,1
WJPA,1
XJPA,1
YJPA,0
ZJPA,1
AKPA,1
BKPA,0
CKPA,1
DKPA,1
EKPA,1
FKPA,0
GKPA,0
HKPA,1
IKPA,1
JKPA,1
KKPA,1
LKPA,1
MKPA,1
NKPA,0
OKPA,1
PKPA,1
QKPA,0
RKPA,0
SKPA,0
TKPA,0
UKPA,0
VKPA,0
WKPA,0
XKPA,0
YKPA,0
ZKPA,0
ALPA,0
BLPA,0
CLPA,0
DLPA,0
ELPA,0
FLPA,0
GLPA,0
HLPA,0
ILPA,0
JLPA,0
KLPA,0
LLPA,0
MLPA,0
NLPA,0
OLPA,0
PLPA,0
QLPA,0
RLPA,0
SLPA,0
TLPA,1
ULPA,0
VLPA,0
WLPA,0
XLPA,0
YLPA,0
ZLPA,0
AMPA,0
BMPA,0
CMPA,0
DMPA,0
EMPA,0
FMPA,0
GMPA,0
HMPA,0
IMPA,0
JMPA,1
KMPA,1
LMPA,1
MMPA,1
NMPA,1
OMPA,0
PMPA,1
QMPA,1
RMPA,1
SMPA,1
TMPA,1
UMPA,1
VMPA,1
WMPA,1
XMPA,1
YMPA,1
ZMPA,1
ANPA,1
BNPA,1
CNPA,1
DNPA,1
ENPA,1
FNPA,1
GNPA,0
HNPA,1
INPA,0
JNPA,0
KNPA,1
LNPA,1
MNPA,1
NNPA,0
ONPA,1
PNPA,1
QNPA,1
RNPA,1
SNPA,0
TNPA,1
UNPA,1
VNPA,1
WNPA,1
XNPA,1
YNPA,1
ZNPA,1
AOPA,1
BOPA,1
COPA,0
DOPA,1
EOPA,1
FOPA,0
GOPA,1
HOPA,1
IOPA,1
JOPA,1
KOPA,1
LOPA,1
MOPA,1
NOPA,1
OOPA,1
POPA,1
QOPA,1
ROPA,1
SOPA,1
TOPA,1
UOPA,1
VOPA,1
WOPA,1
XOPA,1
YOPA,1
ZOPA,1
APPA,1
BPPA,1
CPPA,1
DPPA,1
EPPA,0
FPPA,1
GPPA,1
HPPA,1
IPPA,1
JPPA,0
KPPA,1
LPPA,1
MPPA,1
NPPA,1
OPPA,1
PPPA,0
QPPA,0
RPPA,1
SPPA,1
TPPA,1
UPPA,1
VPPA,1
WPPA,1
XPPA,1
YPPA,1
ZPPA,1
AQPA,1
BQPA,0
CQPA,1
DQPA,1
EQPA,1
FQPA,1
GQPA,0
HQPA,1
IQPA,1
JQPA,1
KQPA,1
LQPA,1
MQPA,1
NQPA,1
OQPA,1
PQPA,0
QQPA,1
RQPA,1
SQPA,1
TQPA,0
UQPA,1
VQPA,1
WQPA,0
XQPA,1
YQPA,0
ZQPA,0
ARPA,0
BRPA,1
CRPA,1
DRPA,1
ERPA,1
FRPA,1
GRPA,1
HRPA,1
IRPA,1
JRPA,1
KRPA,1
LRPA,1
MRPA,1
NRPA,1
ORPA,1
PRPA,1
QRPA,1
RRPA,1
SRPA,0
TRPA,1
URPA,0
VRPA,1
WRPA,1
XRPA,1
YRPA,1
ZRPA,1
ASPA,0
BSPA,1
CSPA,1
DSPA,1
ESPA,1
FSPA,1
GSPA,0
HSPA,1
ISPA,0
JSPA,1
KSPA,1
LSPA,1
MSPA,1
NSPA,0
OSPA,0
PSPA,0
QSPA,0
RSPA,0
SSPA,0
TSPA,0
USPA,0
VSPA,0
WSPA,0
XSPA,0
YSPA,0
ZSPA,0
ATPA,0
BTPA,0
CTPA,0
DTPA,0
ETPA,0
FTPA,0
GTPA,0
HTPA,0
ITPA,0
JTPA,0
KTPA,0
LTPA,0
MTPA,0
NTPA,0
OTPA,0
PTPA,0
QTPA,0
RTPA,0
STPA,0
TTPA,0
UTPA,0
VTPA,0
WTPA,0
XTPA,0
YTPA,1
ZTPA,1
AUPA,1
BUPA,1
CUPA,1
DUPA,1
EUPA,1
FUPA,1
GUPA,1
HUPA,1
IUPA,1
JUPA,0
KUPA,1
LUPA,1
MUPA,1
NUPA,1
OUPA,1
PUPA,0
QUPA,0
RUPA,1
SUPA,1
TUPA,1
UUPA,1
VUPA,1
WUPA,1
XUPA,1
YUPA,1
ZUPA,1
AVPA,1
BVPA,1
CVPA,1
DVPA,0
EVPA,1
FVPA,1
GVPA,1
HVPA,0
IVPA,1
JVPA,1
KVPA,1
LVPA,1
MVPA,1
NVPA,1
OVPA,1
PVPA,1
QVPA,1
RVPA,1
SVPA,1
TVPA,1
UVPA,1
VVPA,1
WVPA,1
XVPA,0
YVPA,0
ZVPA,1
AWPA,1
BWPA,1
CWPA,1
DWPA,1
EWPA,0
FWPA,0
GWPA,1
HWPA,1
IWPA,1
JWPA,1
KWPA,1
LWPA,1
MWPA,0
NWPA,1
OWPA,1
PWPA,1
QWPA,1
RWPA,1
SWPA,1
TWPA,1
UWPA,1
VWPA,1
WWPA,1
XWPA,1
YWPA,1
ZWPA,1
AXPA,1
BXPA,1
CXPA,1
DXPA,0
EXPA,1
FXPA,1
GXPA,1
HXPA,1
IXPA,1
JXPA,0
KXPA,1
LXPA,1
MXPA,1
NXPA,1
OXPA,1
PXPA,0
QXPA,1
RXPA,1
SXPA,0
TXPA,0
UXPA,0
VXPA,1
WXPA,1
XXPA,1
YXPA,1
ZXPA,1
AYPA,0
BYPA,1
CYPA,0
DYPA,0
EYPA,0
FYPA,0
GYPA,0
HYPA,0
IYPA,0
JYPA,0
KYPA,0
LYPA,0
MYPA,0
NYPA,0
OYPA,0
PYPA,1
QYPA,0
RYPA,0
SYPA,1
TYPA,0
UYPA,1
VYPA,1
WYPA,0
XYPA,1
YYPA,1
ZYPA,1
AZPA,1
BZPA,1
CZPA,1
DZPA,1
EZPA,1
FZPA,1
GZPA,1
HZPA,1
IZPA,1
JZPA,1
KZPA,1
LZPA,0
MZPA,1
NZPA,1
OZPA,1
PZPA,1
QZPA,0
RZPA,1
SZPA,1
TZPA,1
UZPA,1
VZPA,0
WZPA,1
XZPA,0
YZPA,1
ZZPA,1
AAQA,1
BAQA,1
CAQA,1
DAQA,1
EAQA,1
FAQA,1
GAQA,1
HAQA,0
IAQA,1
JAQA,1
KAQA,1
LAQA,0
MAQA,1
NAQA,1
OAQA,1
PAQA,1
QAQA,1
RAQA,1
SAQA,1
TAQA,1
UAQA,1
VAQA,1
WAQA,1
XAQA,1
YAQA,1
ZAQA,1
ABQA,1
BBQA,0
CBQA,1
DBQA,1
EBQA,0
FBQA,1
GBQA,1
HBQA,1
IBQA,1
JBQA,0
KBQA,1
LBQA,1
MBQA,1
NBQA,1
OBQA,1
PBQA,1
QBQA,1
RBQA,0
SBQA,1
TBQA,1
UBQA,1
VBQA,1
WBQA,1
XBQA,1
YBQA,1
ZBQA,1
ACQA,0
BCQA,1
CCQA,1
DCQA,1
ECQA,1
FCQA,1
GCQA,1
HCQA,1
ICQA,1
JCQA,1
KCQA,0
LCQA,1
MCQA,1
NCQA,1
OCQA,1
PCQA,1
QCQA,1
RCQA,1
SCQA,1
TCQA,1
UCQA,1
VCQA,1
WCQA,1
XCQA,1
YCQA,1
ZCQA,1
ADQA,1
BDQA,1
CDQA,1
DDQA,1
EDQA,1
FDQA,1
GDQA,1
HDQA,1
IDQA,1
JDQA,1
KDQA,1
LDQA,0
MDQA,1
NDQA,1
ODQA,1
PDQA,1
QDQA,1
RDQA,1
SDQA,1
TDQA,1
UDQA,1
VDQA,1
WDQA,1
XDQA,1
YDQA,1
ZDQA,1
AEQA,1
BEQA,1
CEQA,1
DEQA,0
EEQA,0
FEQA,0
GEQA,1
HEQA,1
IEQA,1
JEQA,1
KEQA,1
LEQA,1
MEQA,1
NEQA,1
OEQA,1
PEQA,1
QEQA,1
REQA,1
SEQA,1
TEQA,0
UEQA,0
VEQA,0
WEQA,0
XEQA,0
YEQA,0
ZEQA,1
AFQA,1
BFQA,1
CFQA,1
DFQA,1
EFQA,0
FFQA,1
GFQA,1
HFQA,1
IFQA,1
JFQA,1
KFQA,0
LFQA,1
MFQA,1
NFQA,1
OFQA,1
PFQA,0
QFQA,1
RFQA,1
SFQA,1
TFQA,0
UFQA,1
VFQA,1
WFQA,1
XFQA,1
YFQA,1
ZFQA,1
AGQA,1
BGQA,1
CGQA,1
DGQA,1
EGQA,1
FGQA,1
GGQA,1
HGQA,0
IGQA,1
JGQA,1
KGQA,0
LGQA,1
MGQA,1
NGQA,0
OGQA,1
PGQA,1
QGQA,0
RGQA,1
SGQA,1
TGQA,1
UGQA,1
VGQA,1
WGQA,1
XGQA,1
YGQA,1
ZGQA,1
AHQA,1
BHQA,1
CHQA,0
DHQA,0
EHQA,1
FHQA,1
GHQA,1
HHQA,1
IHQA,1
JHQA,1
KHQA,1
LHQA,1
MHQA,1
NHQA,1
OHQA,1
PHQA,1
QHQA,1
RHQA,1
SHQA,1
THQA,1
UHQA,1
VHQA,1
WHQA,1
XHQA,1
YHQA,1
ZHQA,0
AIQA,0
BIQA,0
CIQA,1
DIQA,0
EIQA,0
FIQA,0
GIQA,0
HIQA,1
IIQA,1
JIQA,0
KIQA,0
LIQA,0
MIQA,1
NIQA,1
OIQA,1
PIQA,1
QIQA,1
RIQA,1
SIQA,1
TIQA,1
UIQA,1
VIQA,1
WIQA,1
XIQA,1
YIQA,1
ZIQA,1
AJQA,0
BJQA,1
CJQA,1
DJQA,1
EJQA,1
FJQA,1
GJQA,0
HJQA,0
IJQA,0
JJQA,0
KJQA,0
LJQA,0
MJQA,0
NJQA,0
OJQA,0
PJQA,0
QJQA,0
RJQA,1
SJQA,1
TJQA,1
UJQA,1
VJQA,1
WJQA,0
XJQA,1
YJQA,1
ZJQA,0
AKQA,1
BKQA,1
CKQA,1
DKQA,1
EKQA,1
FKQA,1
GKQA,1
HKQA,1
IKQA,1
JKQA,1
KKQA,0
LKQA,1
MKQA,1
NKQA,1
OKQA,1
PKQA,0
QKQA,1
RKQA,1
SKQA,1
TKQA,1
UKQA,1
VKQA,1
WKQA,0
XKQA,1
YKQA,1
ZKQA,1
ALQA,0
BLQA,1
CLQA,1
DLQA,1
ELQA,0
FLQA,0
GLQA,1
HLQA,1
ILQA,1
JLQA,1
KLQA,1
LLQA,1
MLQA,0
NLQA,1
OLQA,1
PLQA,1
QLQA,1
RLQA,1
SLQA,1
TLQA,1
ULQA,0
VLQA,0
WLQA,0
XLQA,0
YLQA,0
ZLQA,0
AMQA,0
BMQA,0
CMQA,1
DMQA,1
EMQA,0
FMQA,0
GMQA,0
HMQA,1
IMQA,1
JMQA,1
KMQA,1
LMQA,1
MMQA,1
NMQA,1
OMQA,1
PMQA,1
QMQA,1
RMQA,1
SMQA,1
TMQA,1
UMQA,1
VMQA,1
WMQA,1
XMQA,1
YMQA,1
ZMQA,0
ANQA,1
BNQA,1
CNQA,1
DNQA,1
ENQA,1
FNQA,1
GNQA,1
HNQA,1
INQA,1
JNQA,1
KNQA,1
LNQA,1
MNQA,1
NNQA,1
ONQA,1
PNQA,1
QNQA,1
RNQA,1
SNQA,1
TNQA,1
UNQA,1
VNQA,0
WNQA,1
XNQA,1
YNQA,1
ZNQA,1
AOQA,1
BOQA,1
COQA,1
DOQA,1
EOQA,1
FOQA,1
GOQA,1
HOQA,1
IOQA,1
JOQA,1
KOQA,1
LOQA,1
MOQA,1
NOQA,0
OOQA,1
POQA,1
QOQA,1
ROQA,1
SOQA,1
TOQA,1
UOQA,1
VOQA,1
WOQA,1
XOQA,1
YOQA,1
ZOQA,1
APQA,0
BPQA,0
CPQA,0
DPQA,0
EPQA,0
FPQA,0
GPQA,0
HPQA,0
IPQA,0
JPQA,0
KPQA,0
LPQA,0
MPQA,0
NPQA,0
OPQA,0
PPQA,0
QPQA,0
RPQA,0
SPQA,0
TPQA,0
UPQA,0
VPQA,0
WPQA,0
XPQA,0
YPQA,0
ZPQA,0
AQQA,0
BQQA,0
CQQA,0
DQQA,0
EQQA,0
FQQA,0
GQQA,0
HQQA,0
IQQA,0
JQQA,0
KQQA,0
LQQA,0
MQQA,0
NQQA,0
OQQA,0
PQQA,0
QQQA,0
RQQA,0
SQQA,0
TQQA,0
UQQA,0
VQQA,0
WQQA,0
XQQA,0
YQQA,0
ZQQA,0
ARQA,1
BRQA,1
CRQA,1
DRQA,0
ERQA,1
FRQA,1
GRQA,1
HRQA,1
IRQA,1
JRQA,1
KRQA,1
LRQA,1
MRQA,1
NRQA,1
ORQA,1
PRQA,0
QRQA,1
RRQA,1
SRQA,0
TRQA,1
URQA,1
VRQA,1
WRQA,1
XRQA,1
YRQA,1
ZRQA,1
ASQA,1
BSQA,1
CSQA,0
DSQA,1
ESQA,1
FSQA,1
GSQA,1
HSQA,0
ISQA,1
JSQA,1
KSQA,1
LSQA,0
MSQA,1
NSQA,1
OSQA,0
PSQA,1
QSQA,1
RSQA,1
SSQA,1
TSQA,1
USQA,1
VSQA,1
WSQA,1
XSQA,1
YSQA,0
ZSQA,1
ATQA,1
BTQA,1
CTQA,0
DTQA,1
ETQA,1
FTQA,0
GTQA,1
HTQA,1
ITQA,0
JTQA,1
KTQA,1
LTQA,1
MTQA,1
NTQA,1
OTQA,1
PTQA,1
QTQA,1
RTQA,0
STQA,1
TTQA,1
UTQA,1
VTQA,1
WTQA,1
XTQA,1
YTQA,0
ZTQA,1
AUQA,0
BUQA,1
CUQA,1
DUQA,1
EUQA,1
FUQA,0
GUQA,1
HUQA,1
IUQA,1
JUQA,1
KUQA,1
LUQA,1
MUQA,0
NUQA,1
OUQA,1
PUQA,1
QUQA,1
RUQA,1
SUQA,1
TUQA,1
UUQA,1
VUQA,1
WUQA,1
XUQA,1
YUQA,1
ZUQA,1
AVQA,1
BVQA,0
CVQA,0
DVQA,1
EVQA,1
FVQA,1
GVQA,1
HVQA,1
IVQA,1
JVQA,1
KVQA,1
LVQA,1
MVQA,1
NVQA,1
OVQA,1
PVQA,1
QVQA,1
RVQA,1
SVQA,1
TVQA,1
UVQA,1
VVQA,1
WVQA,0
XVQA,1
YVQA,1
ZVQA,1
AWQA,1
BWQA,1
CWQA,1
DWQA,0
EWQA,1
FWQA,1
GWQA,1
HWQA,1
IWQA,1
JWQA,1
KWQA,1
LWQA,1
MWQA,0
NWQA,0
OWQA,0
PWQA,0
QWQA,0
RWQA,0
SWQA,0
TWQA,0
UWQA,0
VWQA,0
WWQA,0
XWQA,0
YWQA,0
ZWQA,0
AXQA,0
BXQA,0
CXQA,0
DXQA,0
EXQA,0
FXQA,0
GXQA,0
HXQA,0
IXQA,0
JXQA,0
KXQA,0
LXQA,0
MXQA,0
NXQA,0
OXQA,0
PXQA,0
QXQA,0
RXQA,0
SXQA,0
TXQA,0
UXQA,0
VXQA,0
WXQA,0
XXQA,0
YXQA,0
ZXQA,0
AYQA,1
BYQA,0
CYQA,1
DYQA,1
EYQA,1
FYQA,1
GYQA,1
HYQA,1
IYQA,1
JYQA,1
KYQA,1
LYQA,1
MYQA,1
NYQA,1
OYQA,1
PYQA,1
QYQA,1
RYQA,1
SYQA,0
TYQA,1
UYQA,0
VYQA,0
WYQA,1
XYQA,1
YYQA,1
ZYQA,1
AZQA,1
BZQA,1
CZQA,1
DZQA,1
EZQA,1
FZQA,1
GZQA,1
HZQA,1
IZQA,1
JZQA,1
KZQA,1
LZQA,1
MZQA,1
NZQA,1
OZQA,1
PZQA,1
QZQA,1
RZQA,1
SZQA,1
TZQA,1
UZQA,1
VZQA,1
WZQA,1
XZQA,1
YZQA,0
ZZQA,1
AARA,1
BARA,1
CARA,1
DARA,1
EARA,1
FARA,1
GARA,0
HARA,1
IARA,0
JARA,1
KARA,1
LARA,0
MARA,1
NARA,1
OARA,1
PARA,1
QARA,1
RARA,0
SARA,1
TARA,1
UARA,0
VARA,0
WARA,0
XARA,1
YARA,0
ZARA,0
ABRA,0
BBRA,0
CBRA,0
DBRA,0
EBRA,1
FBRA,1
GBRA,1
HBRA,1
IBRA,1
JBRA,1
KBRA,1
LBRA,1
MBRA,1
NBRA,1
OBRA,1
PBRA,1
QBRA,1
RBRA,1
SBRA,1
TBRA,1
UBRA,1
VBRA,1
WBRA,1
XBRA,1
YBRA,1
ZBRA,1
ACRA,1
BCRA,0
CCRA,1
DCRA,1
ECRA,1
FCRA,1
GCRA,1
HCRA,1
ICRA,1
JCRA,1
KCRA,1
LCRA,1
MCRA,1
NCRA,1
OCRA,1
PCRA,1
QCRA,1
RCRA,1
SCRA,1
TCRA,0
UCRA,0
VCRA,1
WCRA,1
XCRA,1
YCRA,1
ZCRA,1
ADRA,0
BDRA,1
CDRA,1
DDRA,1
EDRA,1
FDRA,1
GDRA,1
HDRA,1
IDRA,1
JDRA,1
KDRA,0
LDRA,0
MDRA,0
NDRA,1
ODRA,1
PDRA,1
QDRA,1
RDRA,0
SDRA,0
TDRA,0
UDRA,0
VDRA,0
WDRA,0
XDRA,0
YDRA,0
ZDRA,0
AERA,0
BERA,0
CERA,0
DERA,0
EERA,0
FERA,0
GERA,0
HERA,0
IERA,0
JERA,0
KERA,0
LERA,0
MERA,0
NERA,0
OERA,0
PERA,0
QERA,0
RERA,0
SERA,0
TERA,0
UERA,0
VERA,0
WERA,0
XERA,0
YERA,0
ZERA,0
AFRA,0
BFRA,0
CFRA,0
DFRA,0
EFRA,0
FFRA,0
GFRA,0
HFRA,0
IFRA,0
JFRA,0
KFRA,1
LFRA,1
MFRA,1
NFRA,1
OFRA,1
PFRA,1
QFRA,0
RFRA,0
SFRA,1
TFRA,1
UFRA,1
VFRA,1
WFRA,1
XFRA,1
YFRA,0
ZFRA,1
AGRA,1
BGRA,1
CGRA,0
DGRA,1
EGRA,1
FGRA,1
GGRA,0
HGRA,1
IGRA,0
JGRA,1
KGRA,1
LGRA,1
MGRA,1
NGRA,1
OGRA,1
PGRA,1
QGRA,1
RGRA,1
SGRA,1
TGRA,1
UGRA,1
VGRA,1
WGRA,1
XGRA,1
YGRA,1
ZGRA,1
AHRA,1
BHRA,1
CHRA,1
DHRA,0
EHRA,1
FHRA,1
GHRA,1
HHRA,1
IHRA,1
JHRA,1
KHRA,0
LHRA,1
MHRA,1
NHRA,1
OHRA,0
PHRA,0
QHRA,0
RHRA,1
SHRA,1
THRA,1
UHRA,1
VHRA,1
WHRA,1
XHRA,0
YHRA,1
ZHRA,0
AIRA,1
BIRA,1
CIRA,1
DIRA,1
EIRA,0
FIRA,1
GIRA,1
HIRA,1
IIRA,1
JIRA,1
KIRA,1
LIRA,1
MIRA,1
NIRA,1
OIRA,0
PIRA,1
QIRA,0
RIRA,0
SIRA,0
TIRA,0
UIRA,0
VIRA,0
WIRA,0
XIRA,0
YIRA,0
ZIRA,0
AJRA,0
BJRA,1
CJRA,0
DJRA,0
EJRA,0
FJRA,1
GJRA,0
HJRA,1
IJRA,1
JJRA,1
KJRA,1
LJRA,1
MJRA,1
NJRA,1
OJRA,1
PJRA,1
QJRA,1
RJRA,0
SJRA,1
TJRA,1
UJRA,0
VJRA,1
WJRA,0
XJRA,0
YJRA,0
ZJRA,0
AKRA,1
BKRA,1
CKRA,1
DKRA,1
EKRA,1
FKRA,1
GKRA,1
HKRA,1
IKRA,1
JKRA,1
KKRA,1
LKRA,1
MKRA,1
NKRA,1
OKRA,1
PKRA,1
QKRA,1
RKRA,1
SKRA,1
TKRA,1
UKRA,1
VKRA,1
WKRA,1
XKRA,1
YKRA,1
ZKRA,1
ALRA,1
BLRA,1
CLRA,0
DLRA,1
ELRA,1
FLRA,1
GLRA,1
HLRA,1
ILRA,1
JLRA,1
KLRA,1
LLRA,1
MLRA,1
NLRA,0
OLRA,1
PLRA,0
QLRA,1
RLRA,0
SLRA,0
TLRA,1
ULRA,1
VLRA,1
WLRA,1
XLRA,1
YLRA,1
ZLRA,1
AMRA,0
BMRA,1
CMRA,1
DMRA,1
EMRA,1
FMRA,1
GMRA,1
HMRA,1
IMRA,1
JMRA,0
KMRA,1
LMRA,1
MMRA,0
NMRA,1
OMRA,1
PMRA,1
QMRA,1
RMRA,1
SMRA,1
TMRA,0
UMRA,1
VMRA,1
WMRA,1
XMRA,0
YMRA,1
ZMRA,1
ANRA,1
BNRA,0
CNRA,1
DNRA,0
ENRA,1
FNRA,1
GNRA,1
HNRA,1
INRA,1
JNRA,1
KNRA,1
LNRA,0
MNRA,1
NNRA,1
ONRA,1
PNRA,1
QNRA,1
RNRA,1
SNRA,1
TNRA,1
UNRA,0
VNRA,1
WNRA,1
XNRA,0
YNRA,1
ZNRA,1
AORA,0
BORA,0
CORA,0
DORA,1
EORA,1
FORA,1
GORA,1
HORA,1
IORA,1
JORA,1
KORA,1
LORA,1
MORA,1
NORA,1
OORA,1
PORA,1
QORA,0
RORA,1
SORA,0
TORA,1
UORA,1
VORA,1
WORA,1
XORA,1
YORA,0
ZORA,1
APRA,1
BPRA,0
CPRA,1
DPRA,1
EPRA,0
FPRA,1
GPRA,0
HPRA,0
IPRA,1
JPRA,1
KPRA,0
LPRA,0
MPRA,0
NPRA,0
OPRA,0
PPRA,0
QPRA,0
RPRA,0
SPRA,0
TPRA,0
UPRA,0
VPRA,0
WPRA,0
XPRA,0
YPRA,0
ZPRA,0
AQRA,0
BQRA,0
CQRA,0
DQRA,0
EQRA,0
FQRA,0
GQRA,0
HQRA,0
IQRA,0
JQRA,0
KQRA,0
LQRA,0
MQRA,0
NQRA,1
OQRA,1
PQRA,0
QQRA,0
RQRA,0
SQRA,0
TQRA,0
UQRA,1
VQRA,1
WQRA,1
XQRA,1
YQRA,1
ZQRA,1
ARRA,1
BRRA,1
CRRA,1
DRRA,1
ERRA,0
FRRA,1
GRRA,1
HRRA,1
IRRA,1
JRRA,1
KRRA,1
LRRA,1
MRRA,1
NRRA,1
ORRA,1
PRRA,1
QRRA,0
RRRA,1
SRRA,1
TRRA,0
URRA,1
VRRA,1
WRRA,1
XRRA,0
YRRA,1
ZRRA,1
ASRA,0
BSRA,1
CSRA,1
DSRA,1
ESRA,1
FSRA,1
GSRA,1
HSRA,0
ISRA,1
JSRA,1
KSRA,1
LSRA,1
MSRA,1
NSRA,1
OSRA,1
PSRA,1
QSRA,1
RSRA,1
SSRA,0
TSRA,1
USRA,1
VSRA,0
WSRA,1
XSRA,1
YSRA,1
ZSRA,1
ATRA,1
BTRA,1
CTRA,1
DTRA,0
ETRA,0
FTRA,1
GTRA,1
HTRA,1
ITRA,1
JTRA,0
KTRA,1
LTRA,1
MTRA,1
NTRA,1
OTRA,1
PTRA,1
QTRA,1
RTRA,0
STRA,1
TTRA,1
UTRA,0
VTRA,1
WTRA,1
XTRA,0
YTRA,1
ZTRA,1
AURA,0
BURA,0
CURA,0
DURA,0
EURA,0
FURA,0
GURA,0
HURA,0
IURA,0
JURA,0
KURA,0
LURA,0
MURA,0
NURA,0
OURA,0
PURA,0
QURA,0
RURA,1
SURA,0
TURA,0
UURA,0
VURA,0
WURA,0
XURA,0
YURA,0
ZURA,0
AVRA,0
BVRA,0
CVRA,0
DVRA,0
EVRA,1
FVRA,0
GVRA,0
HVRA,1
IVRA,1
JVRA,1
KVRA,0
LVRA,1
MVRA,1
NVRA,1
OVRA,1
PVRA,1
QVRA,1
RVRA,1
SVRA,1
TVRA,1
UVRA,1
VVRA,0
WVRA,1
XVRA,0
YVRA,1
ZVRA,1
AWRA,1
BWRA,1
CWRA,1
DWRA,1
EWRA,1
FWRA,1
GWRA,1
HWRA,1
IWRA,1
JWRA,0
KWRA,1
LWRA,1
MWRA,1
NWRA,1
OWRA,1
PWRA,1
QWRA,1
RWRA,1
SWRA,0
TWRA,1
UWRA,1
VWRA,1
WWRA,1
XWRA,1
YWRA,0
ZWRA,1
AXRA,1
BXRA,1
CXRA,1
DXRA,1
EXRA,1
FXRA,1
GXRA,1
HXRA,1
IXRA,1
JXRA,1
KXRA,1
LXRA,1
MXRA,1
NXRA,1
OXRA,1
PXRA,1
QXRA,1
RXRA,0
SXRA,1
TXRA,1
UXRA,1
VXRA,1
WXRA,1
XXRA,1
YXRA,1
ZXRA,1
AYRA,1
BYRA,1
CYRA,1
DYRA,1
EYRA,1
FYRA,1
GYRA,1
HYRA,1
IYRA,0
JYRA,1
KYRA,1
LYRA,1
MYRA,1
NYRA,1
OYRA,1
PYRA,0
QYRA,1
RYRA,0
SYRA,1
TYRA,1
UYRA,1
VYRA,1
WYRA,1
XYRA,0
YYRA,1
ZYRA,1
AZRA,1
BZRA,1
CZRA,1
DZRA,1
EZRA,0
FZRA,1
GZRA,1
HZRA,1
IZRA,1
JZRA,1
KZRA,0
LZRA,0
MZRA,0
NZRA,0
OZRA,0
PZRA,0
QZRA,0
RZRA,1
SZRA,1
TZRA,1
UZRA,1
VZRA,1
WZRA,1
XZRA,1
YZRA,1
ZZRA,1
AASA,1
BASA,0
CASA,1
DASA,1
EASA,0
FASA,1
GASA,1
HASA,1
IASA,1
JASA,1
KASA,1
LASA,1
MASA,1
NASA,1
OASA,1
PASA,1
QASA,0
RASA,1
SASA,0
TASA,0
UASA,0
VASA,1
WASA,1
XASA,1
YASA,1
ZASA,1
ABSA,1
BBSA,1
CBSA,1
DBSA,1
EBSA,1
FBSA,1
GBSA,1
HBSA,1
IBSA,1
JBSA,0
KBSA,1
LBSA,1
MBSA,1
NBSA,1
OBSA,1
PBSA,1
QBSA,1
RBSA,1
SBSA,1
TBSA,1
UBSA,1
VBSA,1
WBSA,1
XBSA,1
YBSA,1
ZBSA,1
ACSA,1
BCSA,1
CCSA,1
DCSA,1
ECSA,1
FCSA,1
GCSA,1
HCSA,1
ICSA,1
JCSA,1
KCSA,1
LCSA,1
MCSA,1
NCSA,1
OCSA,1
PCSA,1
QCSA,1
RCSA,1
SCSA,1
TCSA,0
UCSA,1
VCSA,1
WCSA,1
XCSA,1
YCSA,1
ZCSA,1
ADSA,1
BDSA,1
CDSA,1
DDSA,1
EDSA,1
FDSA,0
GDSA,1
HDSA,1
IDSA,1
JDSA,1
KDSA,1
LDSA,1
MDSA,0
NDSA,0
ODSA,0
PDSA,0
QDSA,1
RDSA,1
SDSA,1
TDSA,1
UDSA,1
VDSA,1
WDSA,1
XDSA,1
YDSA,1
ZDSA,1
AESA,1
BESA,1
CESA,1
DESA,1
EESA,1
FESA,0
GESA,0
HESA,1
IESA,1
JESA,1
KESA,1
LESA,1
MESA,1
NESA,1
OESA,1
PESA,1
QESA,1
RESA,1
SESA,1
TESA,1
UESA,1
VESA,1
WESA,1
XESA,1
YESA,1
ZESA,1
AFSA,0
BFSA,1
CFSA,1
DFSA,1
EFSA,1
FFSA,1
GFSA,0
HFSA,1
IFSA,1
JFSA,1
KFSA,1
LFSA,1
MFSA,1
NFSA,1
OFSA,0
PFSA,1
QFSA,1
RFSA,1
SFSA,1
TFSA,1
UFSA,1
VFSA,1
WFSA,1
XFSA,1
YFSA,0
ZFSA,1
AGSA,1
BGSA,1
CGSA,0
DGSA,1
EGSA,1
FGSA,1
GGSA,1
HGSA,1
IGSA,1
JGSA,1
KGSA,1
LGSA,1
MGSA,1
NGSA,1
OGSA,1
PGSA,1
QGSA,1
RGSA,1
SGSA,1
TGSA,1
UGSA,1
VGSA,0
WGSA,0
XGSA,1
YGSA,0
ZGSA,0
AHSA,1
BHSA,1
CHSA,1
DHSA,1
EHSA,0
FHSA,1
GHSA,1
HHSA,1
IHSA,1
JHSA,1
KHSA,1
LHSA,1
MHSA,1
NHSA,1
OHSA,1
PHSA,1
QHSA,1
RHSA,1
SHSA,0
THSA,1
UHSA,0
VHSA,0
WHSA,0
XHSA,0
YHSA,0
ZHSA,1
AISA,0
BISA,1
CISA,1
DISA,1
EISA,1
FISA,1
GISA,1
HISA,0
IISA,1
JISA,1
KISA,0
LISA,1
MISA,0
NISA,1
OISA,1
PISA,0
QISA,0
RISA,1
SISA,1
TISA,1
UISA,1
VISA,1
WISA,1
XISA,1
YISA,1
ZISA,1
AJSA,1
BJSA,1
CJSA,0
DJSA,1
EJSA,1
FJSA,1
GJSA,0
HJSA,1
IJSA,1
JJSA,0
KJSA,0
LJSA,1
MJSA,1
NJSA,1
OJSA,1
PJSA,0
QJSA,0
RJSA,0
SJSA,0
TJSA,0
UJSA,0
VJSA,0
WJSA,0
XJSA,0
YJSA,1
ZJSA,1
AKSA,1
BKSA,1
CKSA,1
DKSA,1
EKSA,1
FKSA,1
GKSA,1
HKSA,1
IKSA,1
JKSA,1
KKSA,1
LKSA,1
MKSA,1
NKSA,1
OKSA,1
PKSA,1
QKSA,1
RKSA,1
SKSA,0
TKSA,1
UKSA,1
VKSA,1
WKSA,0
XKSA,1
YKSA,1
ZKSA,1
ALSA,1
BLSA,1
CLSA,1
DLSA,1
ELSA,1
FLSA,1
GLSA,1
HLSA,1
ILSA,1
JLSA,1
KLSA,0
LLSA,1
MLSA,1
NLSA,1
OLSA,1
PLSA,1
QLSA,1
RLSA,1
SLSA,1
TLSA,1
ULSA,1
VLSA,1
WLSA,0
XLSA,1
YLSA,1
ZLSA,1
AMSA,1
BMSA,1
CMSA,1
DMSA,1
EMSA,0
FMSA,1
GMSA,1
HMSA,1
IMSA,1
JMSA,1
KMSA,1
LMSA,1
MMSA,1
NMSA,1
OMSA,1
PMSA,1
QMSA,1
RMSA,1
SMSA,1
TMSA,1
UMSA,1
VMSA,1
WMSA,1
XMSA,0
YMSA,0
ZMSA,1
ANSA,1
BNSA,1
CNSA,1
DNSA,1
ENSA,1
FNSA,1
GNSA,1
HNSA,1
INSA,0
JNSA,1
KNSA,1
LNSA,1
MNSA,1
NNSA,1
ONSA,1
PNSA,1
QNSA,0
RNSA,1
SNSA,1
TNSA,1
UNSA,1
VNSA,1
WNSA,1
XNSA,0
YNSA,1
ZNSA,1
AOSA,1
BOSA,0
COSA,1
DOSA,1
EOSA,1
FOSA,1
GOSA,1
HOSA,1
IOSA,1
JOSA,1
KOSA,1
LOSA,1
MOSA,1
NOSA,1
OOSA,0
POSA,0
QOSA,1
ROSA,1
SOSA,1
TOSA,1
UOSA,1
VOSA,1
WOSA,1
XOSA,1
YOSA,0
ZOSA,1
APSA,1
BPSA,1
CPSA,1
DPSA,1
EPSA,1
FPSA,1
GPSA,1
HPSA,1
IPSA,1
JPSA,1
KPSA,0
LPSA,0
MPSA,0
NPSA,0
OPSA,0
PPSA,0
QPSA,0
RPSA,0
SPSA,0
TPSA,0
UPSA,0
VPSA,0
WPSA,0
XPSA,0
YPSA,0
ZPSA,0
AQSA,0
BQSA,0
CQSA,0
DQSA,0
EQSA,0
FQSA,0
GQSA,0
HQSA,0
IQSA,0
JQSA,0
KQSA,0
LQSA,0
MQSA,0
NQSA,0
OQSA,0
PQSA,0
QQSA,0
RQSA,0
SQSA,0
TQSA,0
UQSA,1
VQSA,1
WQSA,0
XQSA,1
YQSA,1
ZQSA,1
ARSA,1
BRSA,1
CRSA,1
DRSA,1
ERSA,1
FRSA,1
GRSA,1
HRSA,0
IRSA,0
JRSA,0
KRSA,1
LRSA,1
MRSA,1
NRSA,1
ORSA,1
PRSA,1
QRSA,1
RRSA,1
SRSA,1
TRSA,1
URSA,1
VRSA,1
WRSA,1
XRSA,1
YRSA,1
ZRSA,1
ASSA,0
BSSA,1
CSSA,1
DSSA,1
ESSA,1
FSSA,1
GSSA,1
HSSA,1
ISSA,1
JSSA,0
KSSA,1
LSSA,1
MSSA,1
NSSA,1
OSSA,1
PSSA,1
QSSA,1
RSSA,1
SSSA,1
TSSA,1
USSA,1
VSSA,1
WSSA,1
XSSA,1
YSSA,1
ZSSA,1
ATSA,1
BTSA,1
CTSA,1
DTSA,1
ETSA,1
FTSA,1
GTSA,1
HTSA,1
ITSA,0
JTSA,1
KTSA,1
LTSA,1
MTSA,1
NTSA,1
OTSA,1
PTSA,1
QTSA,1
RTSA,1
STSA,1
TTSA,1
UTSA,1
VTSA,1
WTSA,1
XTSA,1
YTSA,1
ZTSA,0
AUSA,1
BUSA,1
CUSA,1
DUSA,1
EUSA,1
FUSA,1
GUSA,1
HUSA,1
IUSA,1
JUSA,1
KUSA,1
LUSA,1
MUSA,1
NUSA,1
OUSA,1
PUSA,1
QUSA,1
RUSA,1
SUSA,1
TUSA,1
UUSA,1
VUSA,1
WUSA,0
XUSA,1
YUSA,1
ZUSA,1
AVSA,1
BVSA,1
CVSA,1
DVSA,1
EVSA,0
FVSA,1
GVSA,0
HVSA,1
IVSA,1
JVSA,1
KVSA,1
LVSA,1
MVSA,0
NVSA,0
OVSA,0
PVSA,0
QVSA,0
RVSA,0
SVSA,0
TVSA,0
UVSA,0
VVSA,0
WVSA,0
XVSA,0
YVSA,0
ZVSA,0
AWSA,0
BWSA,0
CWSA,0
DWSA,0
EWSA,0
FWSA,0
GWSA,0
HWSA,0
IWSA,0
JWSA,0
KWSA,0
LWSA,0
MWSA,0
NWSA,0
OWSA,0
PWSA,0
QWSA,0
RWSA,0
SWSA,0
TWSA,0
UWSA,0
VWSA,0
WWSA,0
XWSA,0
YWSA,0
ZWSA,0
AXSA,0
BXSA,0
CXSA,0
DXSA,0
EXSA,1
FXSA,0
GXSA,0
HXSA,0
IXSA,0
JXSA,0
KXSA,0
LXSA,0
MXSA,0
NXSA,1
OXSA,1
PXSA,1
QXSA,1
RXSA,1
SXSA,0
TXSA,1
UXSA,1
VXSA,1
WXSA,1
XXSA,1
YXSA,1
ZXSA,1
AYSA,1
BYSA,1
CYSA,0
DYSA,1
EYSA,1
FYSA,1
GYSA,1
HYSA,1
IYSA,0
JYSA,1
KYSA,1
LYSA,1
MYSA,1
NYSA,1
OYSA,0
PYSA,1
QYSA,1
RYSA,1
SYSA,1
TYSA,1
UYSA,1
VYSA,1
WYSA,1
XYSA,0
YYSA,1
ZYSA,1
AZSA,1
BZSA,1
CZSA,1
DZSA,1
EZSA,1
FZSA,1
GZSA,1
HZSA,1
IZSA,1
JZSA,1
KZSA,1
LZSA,1
MZSA,0
NZSA,1
OZSA,1
PZSA,1
QZSA,1
RZSA,1
SZSA,1
TZSA,1
UZSA,1
VZSA,1
WZSA,1
XZSA,1
YZSA,0
ZZSA,1
AATA,1
BATA,1
CATA,1
DATA,1
EATA,0
FATA,1
GATA,1
HATA,1
IATA,1
JATA,0
KATA,1
LATA,1
MATA,1
NATA,1
OATA,1
PATA,1
QATA,0
RATA,1
SATA,1
TATA,1
UATA,0
VATA,1
WATA,0
XATA,1
YATA,1
ZATA,1
ABTA,1
BBTA,1
CBTA,0
DBTA,1
EBTA,1
FBTA,1
GBTA,1
HBTA,1
IBTA,1
JBTA,0
KBTA,1
LBTA,1
MBTA,1
NBTA,1
OBTA,1
PBTA,1
QBTA,1
RBTA,1
SBTA,1
TBTA,1
UBTA,1
VBTA,1
WBTA,1
XBTA,1
YBTA,1
ZBTA,1
ACTA,1
BCTA,1
CCTA,1
DCTA,1
ECTA,1
FCTA,0
GCTA,1
HCTA,0
ICTA,0
JCTA,1
KCTA,0
LCTA,0
MCTA,0
NCTA,1
OCTA,0
PCTA,0
QCTA,0
RCTA,0
SCTA,1
TCTA,1
UCTA,1
VCTA,1
WCTA,1
XCTA,1
YCTA,1
ZCTA,1
ADTA,1
BDTA,1
CDTA,1
DDTA,1
EDTA,1
FDTA,1
GDTA,1
HDTA,1
IDTA,1
JDTA,0
KDTA,1
LDTA,1
MDTA,1
NDTA,0
ODTA,1
PDTA,1
QDTA,1
RDTA,1
SDTA,1
TDTA,1
UDTA,1
VDTA,1
WDTA,1
XDTA,1
YDTA,1
ZDTA,1
AETA,1
BETA,0
CETA,1
DETA,1
EETA,1
FETA,1
GETA,0
HETA,1
IETA,1
JETA,0
KETA,0
LETA,1
META,1
NETA,1
OETA,1
PETA,0
QETA,1
RETA,1
SETA,1
TETA,1
UETA,1
VETA,1
WETA,1
XETA,1
YETA,1
ZETA,0
AFTA,1
BFTA,1
CFTA,1
DFTA,1
EFTA,1
FFTA,1
GFTA,1
HFTA,1
IFTA,1
JFTA,1
KFTA,1
LFTA,1
MFTA,0
NFTA,0
OFTA,1
PFTA,1
QFTA,1
RFTA,1
SFTA,0
TFTA,1
UFTA,1
VFTA,1
WFTA,1
XFTA,0
YFTA,1
ZFTA,1
AGTA,1
BGTA,1
CGTA,1
DGTA,1
EGTA,1
FGTA,1
GGTA,1
HGTA,1
IGTA,1
JGTA,1
KGTA,1
LGTA,1
MGTA,1
NGTA,1
OGTA,0
PGTA,1
QGTA,1
RGTA,1
SGTA,1
TGTA,1
UGTA,1
VGTA,1
WGTA,0
XGTA,1
YGTA,1
ZGTA,0
AHTA,1
BHTA,1
CHTA,1
DHTA,1
EHTA,1
FHTA,1
GHTA,1
HHTA,1
IHTA,1
JHTA,1
KHTA,1
LHTA,1
MHTA,0
NHTA,0
OHTA,0
PHTA,0
QHTA,0
RHTA,0
SHTA,1
THTA,1
UHTA,1
VHTA,1
WHTA,1
XHTA,1
YHTA,1
ZHTA,1
AITA,1
BITA,1
CITA,1
DITA,1
EITA,1
FITA,1
GITA,1
HITA,1
IITA,1
JITA,1
KITA,1
LITA,1
MITA,1
NITA,0
OITA,1
PITA,1
QITA,1
RITA,1
SITA,1
TITA,1
UITA,1
VITA,1
WITA,1
XITA,1
YITA,1
ZITA,1
AJTA,1
BJTA,1
CJTA,1
DJTA,1
EJTA,1
FJTA,0
GJTA,0
HJTA,1
IJTA,1
JJTA,1
KJTA,1
LJTA,1
MJTA,0
NJTA,0
OJTA,1
PJTA,1
QJTA,0
RJTA,1
SJTA,1
TJTA,1
UJTA,1
VJTA,0
WJTA,0
XJTA,0
YJTA,0
ZJTA,0
AKTA,0
BKTA,0
CKTA,0
DKTA,0
EKTA,0
FKTA,0
GKTA,0
HKTA,1
IKTA,1
JKTA,1
KKTA,1
LKTA,1
MKTA,0
NKTA,1
OKTA,1
PKTA,1
QKTA,1
RKTA,1
SKTA,1
TKTA,0
UKTA,1
VKTA,1
WKTA,1
XKTA,1
YKTA,1
ZKTA,1
ALTA,0
BLTA,1
CLTA,1
DLTA,1
ELTA,1
FLTA,1
GLTA,1
HLTA,1
ILTA,1
JLTA,1
KLTA,1
LLTA,1
MLTA,1
NLTA,1
OLTA,1
PLTA,1
QLTA,1
RLTA,0
SLTA,0
TLTA,0
ULTA,0
VLTA,0
WLTA,0
XLTA,0
YLTA,0
ZLTA,0
AMTA,1
BMTA,1
CMTA,0
DMTA,1
EMTA,0
FMTA,0
GMTA,0
HMTA,0
IMTA,0
JMTA,1
KMTA,1
LMTA,1
MMTA,1
NMTA,1
OMTA,0
PMTA,1
QMTA,1
RMTA,1
SMTA,0
TMTA,1
UMTA,1
VMTA,0
WMTA,0
XMTA,0
YMTA,0
ZMTA,0
ANTA,1
BNTA,1
CNTA,1
DNTA,1
ENTA,0
FNTA,0
GNTA,1
HNTA,1
INTA,1
JNTA,1
KNTA,1
LNTA,1
MNTA,1
NNTA,1
ONTA,1
PNTA,1
QNTA,0
RNTA,0
SNTA,1
TNTA,1
UNTA,0
VNTA,1
WNTA,1
XNTA,1
YNTA,1
ZNTA,1
AOTA,1
BOTA,1
COTA,1
DOTA,1
EOTA,1
FOTA,1
GOTA,1
HOTA,1
IOTA,1
JOTA,0
KOTA,1
LOTA,1
MOTA,1
NOTA,1
OOTA,1
POTA,1
QOTA,1
ROTA,1
SOTA,1
TOTA,1
UOTA,1
VOTA,1
WOTA,1
XOTA,1
YOTA,0
ZOTA,0
APTA,1
BPTA,0
CPTA,1
DPTA,1
EPTA,1
FPTA,1
GPTA,1
HPTA,1
IPTA,1
JPTA,0
KPTA,0
LPTA,1
MPTA,1
NPTA,1
OPTA,1
PPTA,1
QPTA,1
RPTA,1
SPTA,1
TPTA,1
UPTA,1
VPTA,1
WPTA,1
XPTA,1
YPTA,1
ZPTA,1
AQTA,1
BQTA,1
CQTA,1
DQTA,1
EQTA,1
FQTA,1
GQTA,1
HQTA,1
IQTA,1
JQTA,1
KQTA,1
LQTA,1
MQTA,1
NQTA,1
OQTA,0
PQTA,1
QQTA,1
RQTA,1
SQTA,1
TQTA,1
UQTA,0
VQTA,1
WQTA,0
XQTA,0
YQTA,1
ZQTA,0
ARTA,1
BRTA,1
CRTA,1
DRTA,1
ERTA,1
FRTA,1
GRTA,1
HRTA,1
IRTA,1
JRTA,1
KRTA,1
LRTA,1
MRTA,1
NRTA,1
ORTA,1
PRTA,1
QRTA,0
RRTA,1
SRTA,1
TRTA,1
URTA,1
VRTA,1
WRTA,1
XRTA,1
YRTA,1
ZRTA,1
ASTA,1
BSTA,1
CSTA,1
DSTA,1
ESTA,1
FSTA,1
GSTA,1
HSTA,1
ISTA,1
JSTA,1
KSTA,1
LSTA,1
MSTA,1
NSTA,1
OSTA,1
PSTA,1
QSTA,1
RSTA,1
SSTA,1
TSTA,1
USTA,1
VSTA,1
WSTA,1
XSTA,1
YSTA,1
ZSTA,1
ATTA,1
BTTA,1
CTTA,1
DTTA,1
ETTA,1
FTTA,1
GTTA,1
HTTA,1
ITTA,1
JTTA,1
KTTA,1
LTTA,1
MTTA,1
NTTA,1
OTTA,1
PTTA,1
QTTA,1
RTTA,1
STTA,0
TTTA,0
UTTA,0
VTTA,0
WTTA,1
XTTA,0
YTTA,0
ZTTA,0
AUTA,0
BUTA,0
CUTA,0
DUTA,0
EUTA,0
FUTA,0
GUTA,0
HUTA,0
IUTA,0
JUTA,0
KUTA,0
LUTA,0
MUTA,0
NUTA,0
OUTA,0
PUTA,0
QUTA,0
RUTA,0
SUTA,0
TUTA,0
UUTA,0
VUTA,0
WUTA,0
XUTA,0
YUTA,0
ZUTA,0
AVTA,0
BVTA,0
CVTA,0
DVTA,1
EVTA,1
FVTA,0
GVTA,1
HVTA,0
IVTA,1
JVTA,1
KVTA,1
LVTA,1
MVTA,1
NVTA,1
OVTA,1
PVTA,1
QVTA,0
RVTA,1
SVTA,0
TVTA,1
UVTA,1
VVTA,0
WVTA,1
XVTA,1
YVTA,1
ZVTA,1
AWTA,1
BWTA,1
CWTA,1
DWTA,1
EWTA,1
FWTA,1
GWTA,1
HWTA,1
IWTA,1
JWTA,1
KWTA,1
LWTA,1
MWTA,1
NWTA,1
OWTA,1
PWTA,1
QWTA,1
RWTA,1
SWTA,1
TWTA,1
UWTA,1
VWTA,0
WWTA,1
XWTA,1
YWTA,0
ZWTA,1
AXTA,1
BXTA,1
CXTA,1
DXTA,1
EXTA,1
FXTA,0
GXTA,1
HXTA,1
IXTA,1
JXTA,1
KXTA,1
LXTA,1
MXTA,1
NXTA,1
OXTA,1
PXTA,1
QXTA,1
RXTA,0
SXTA,1
TXTA,1
UXTA,1
VXTA,1
WXTA,1
XXTA,1
YXTA,1
ZXTA,0
AYTA,1
BYTA,1
CYTA,1
DYTA,1
EYTA,0
FYTA,1
GYTA,1
HYTA,1
IYTA,1
JYTA,1
KYTA,1
LYTA,1
MYTA,1
NYTA,1
OYTA,1
PYTA,1
QYTA,1
RYTA,1
SYTA,1
TYTA,1
UYTA,0
VYTA,1
WYTA,0
XYTA,1
YYTA,1
ZYTA,1
AZTA,1
BZTA,0
CZTA,1
DZTA,1
EZTA,1
FZTA,0
GZTA,1
HZTA,1
IZTA,1
JZTA,1
KZTA,1
LZTA,1
MZTA,1
NZTA,1
OZTA,1
PZTA,1
QZTA,0
RZTA,0
SZTA,0
TZTA,0
UZTA,0
VZTA,0
WZTA,0
XZTA,0
YZTA,0
ZZTA,0
AAUA,0
BAUA,0
CAUA,0
DAUA,0
EAUA,0
FAUA,0
GAUA,0
HAUA,0
IAUA,0
JAUA,0
KAUA,0
LAUA,0
MAUA,0
NAUA,0
OAUA,0
PAUA,0
QAUA,0
RAUA,0
SAUA,0
TAUA,0
UAUA,0
VAUA,0
WAUA,0
XAUA,0
YAUA,0
ZAUA,0
ABUA,0
BBUA,0
CBUA,0
DBUA,0
EBUA,0
FBUA,0
GBUA,0
HBUA,0
IBUA,0
JBUA,0
KBUA,0
LBUA,0
MBUA,0
NBUA,0
OBUA,0
PBUA,0
QBUA,0
RBUA,1
SBUA,1
TBUA,1
UBUA,1
VBUA,1
WBUA,1
XBUA,1
YBUA,1
ZBUA,1
ACUA,1
BCUA,1
CCUA,1
DCUA,1
ECUA,1
FCUA,1
GCUA,1
HCUA,1
ICUA,0
JCUA,0
KCUA,1
LCUA,1
MCUA,1
NCUA,1
OCUA,1
PCUA,1
QCUA,1
RCUA,1
SCUA,1
TCUA,1
UCUA,0
VCUA,1
WCUA,1
XCUA,1
YCUA,1
ZCUA,1
ADUA,1
BDUA,1
CDUA,1
DDUA,1
EDUA,0
FDUA,1
GDUA,0
HDUA,1
IDUA,1
JDUA,1
KDUA,1
LDUA,1
MDUA,1
NDUA,1
ODUA,1
PDUA,1
QDUA,1
RDUA,1
SDUA,1
TDUA,1
UDUA,1
VDUA,1
WDUA,1
XDUA,1
YDUA,1
ZDUA,0
AEUA,0
BEUA,1
CEUA,1
DEUA,1
EEUA,0
FEUA,0
GEUA,1
HEUA,1
IEUA,1
JEUA,1
KEUA,1
LEUA,1
MEUA,0
NEUA,0
OEUA,0
PEUA,0
QEUA,0
REUA,0
SEUA,0
TEUA,1
UEUA,0
VEUA,1
WEUA,1
XEUA,1
YEUA,1
ZEUA,1
AFUA,1
BFUA,1
CFUA,1
DFUA,1
EFUA,1
FFUA,1
GFUA,1
HFUA,1
IFUA,1
JFUA,1
KFUA,1
LFUA,1
MFUA,1
NFUA,1
OFUA,1
PFUA,0
QFUA,1
RFUA,0
SFUA,1
TFUA,1
UFUA,1
VFUA,1
WFUA,0
XFUA,1
YFUA,0
ZFUA,0
AGUA,1
BGUA,1
CGUA,1
DGUA,1
EGUA,0
FGUA,1
GGUA,1
HGUA,0
IGUA,1
JGUA,1
KGUA,1
LGUA,1
MGUA,1
NGUA,1
OGUA,1
PGUA,1
QGUA,1
RGUA,1
SGUA,1
TGUA,1
UGUA,1
VGUA,1
WGUA,1
XGUA,1
YGUA,0
ZGUA,1
AHUA,1
BHUA,1
CHUA,1
DHUA,1
EHUA,1
FHUA,1
GHUA,1
HHUA,1
IHUA,1
JHUA,1
KHUA,1
LHUA,1
MHUA,1
NHUA,1
OHUA,1
PHUA,1
QHUA,1
RHUA,1
SHUA,1
THUA,1
UHUA,1
VHUA,1
WHUA,1
XHUA,1
YHUA,1
ZHUA,1
AIUA,1
BIUA,1
CIUA,1
DIUA,1
EIUA,1
FIUA,1
GIUA,1
HIUA,1
IIUA,1
JIUA,1
KIUA,1
LIUA,1
MIUA,0
NIUA,1
OIUA,1
PIUA,1
QIUA,1
RIUA,1
SIUA,1
TIUA,1
UIUA,1
VIUA,1
WIUA,1
XIUA,1
YIUA,0
ZIUA,1
AJUA,1
BJUA,1
CJUA,1
DJUA,1
EJUA,1
FJUA,1
GJUA,1
HJUA,1
IJUA,1
JJUA,1
KJUA,1
LJUA,1
MJUA,0
NJUA,0
OJUA,0
PJUA,0
QJUA,0
RJUA,1
SJUA,1
TJUA,0
UJUA,1
VJUA,1
WJUA,1
XJUA,0
YJUA,1
ZJUA,1
AKUA,0
BKUA,0
CKUA,1
DKUA,0
EKUA,1
FKUA,1
GKUA,0
HKUA,1
IKUA,1
JKUA,1
KKUA,1
LKUA,1
MKUA,1
NKUA,1
OKUA,1
PKUA,1
QKUA,1
RKUA,1
SKUA,1
TKUA,1
UKUA,1
VKUA,1
WKUA,1
XKUA,1
YKUA,1
ZKUA,1
ALUA,1
BLUA,1
CLUA,1
DLUA,0
ELUA,1
FLUA,1
GLUA,1
HLUA,1
ILUA,1
JLUA,1
KLUA,1
LLUA,1
MLUA,1
NLUA,1
OLUA,1
PLUA,1
QLUA,1
RLUA,1
SLUA,1
TLUA,1
ULUA,0
VLUA,1
WLUA,1
XLUA,1
YLUA,1
ZLUA,1
AMUA,1
BMUA,1
CMUA,1
DMUA,0
EMUA,1
FMUA,1
GMUA,1
HMUA,1
IMUA,1
JMUA,1
KMUA,0
LMUA,0
MMUA,0
NMUA,0
OMUA,0
PMUA,0
QMUA,0
RMUA,0
SMUA,0
TMUA,1
UMUA,1
VMUA,1
WMUA,1
XMUA,1
YMUA,1
ZMUA,1
ANUA,1
BNUA,1
CNUA,1
DNUA,1
ENUA,1
FNUA,1
GNUA,1
HNUA,1
INUA,1
JNUA,1
KNUA,1
LNUA,1
MNUA,1
NNUA,1
ONUA,1
PNUA,1
QNUA,1
RNUA,1
SNUA,0
TNUA,1
UNUA,1
VNUA,1
WNUA,1
XNUA,1
YNUA,0
ZNUA,0
AOUA,0
BOUA,0
COUA,0
DOUA,0
EOUA,0
FOUA,1
GOUA,1
HOUA,1
IOUA,1
JOUA,0
KOUA,0
LOUA,1
MOUA,1
NOUA,1
OOUA,1
POUA,1
QOUA,1
ROUA,1
SOUA,1
TOUA,0
UOUA,1
VOUA,1
WOUA,1
XOUA,1
YOUA,1
ZOUA,1
APUA,1
BPUA,1
CPUA,0
DPUA,1
EPUA,1
FPUA,1
GPUA,1
HPUA,1
IPUA,0
JPUA,1
KPUA,1
LPUA,1
MPUA,1
NPUA,1
OPUA,1
PPUA,1
QPUA,1
RPUA,1
SPUA,1
TPUA,1
UPUA,1
VPUA,0
WPUA,0
XPUA,0
YPUA,0
ZPUA,0
AQUA,0
BQUA,0
CQUA,0
DQUA,0
EQUA,0
FQUA,0
GQUA,0
HQUA,0
IQUA,0
JQUA,0
KQUA,0
LQUA,0
MQUA,0
NQUA,0
OQUA,0
PQUA,0
QQUA,0
RQUA,0
SQUA,0
TQUA,0
UQUA,0
VQUA,0
WQUA,0
XQUA,0
YQUA,1
ZQUA,1
ARUA,1
BRUA,0
CRUA,0
DRUA,0
ERUA,1
FRUA,1
GRUA,1
HRUA,1
IRUA,1
JRUA,1
KRUA,1
LRUA,1
MRUA,1
NRUA,1
ORUA,1
PRUA,1
QRUA,1
RRUA,0
SRUA,1
TRUA,1
URUA,1
VRUA,1
WRUA,0
XRUA,1
YRUA,1
ZRUA,1
ASUA,1
BSUA,1
CSUA,1
DSUA,1
ESUA,1
FSUA,1
GSUA,1
HSUA,1
ISUA,1
JSUA,1
KSUA,1
LSUA,1
MSUA,0
NSUA,0
OSUA,0
PSUA,0
QSUA,0
RSUA,1
SSUA,1
TSUA,1
USUA,1
VSUA,0
WSUA,0
XSUA,1
YSUA,1
ZSUA,1
ATUA,1
BTUA,1
CTUA,0
DTUA,1
ETUA,1
FTUA,1
GTUA,1
HTUA,1
ITUA,1
JTUA,0
KTUA,1
LTUA,1
MTUA,1
NTUA,1
OTUA,1
PTUA,1
QTUA,1
RTUA,1
STUA,1
TTUA,1
UTUA,0
VTUA,1
WTUA,0
XTUA,1
YTUA,1
ZTUA,1
AUUA,1
BUUA,1
CUUA,1
DUUA,0
EUUA,0
FUUA,0
GUUA,0
HUUA,1
IUUA,1
JUUA,0
KUUA,1
LUUA,1
MUUA,1
NUUA,1
OUUA,1
PUUA,1
QUUA,1
RUUA,1
SUUA,1
TUUA,1
UUUA,1
VUUA,0
WUUA,1
XUUA,1
YUUA,1
ZUUA,0
AVUA,1
BVUA,1
CVUA,1
DVUA,0
EVUA,1
FVUA,1
GVUA,0
HVUA,1
IVUA,1
JVUA,1
KVUA,1
LVUA,0
MVUA,1
NVUA,1
OVUA,1
PVUA,1
QVUA,1
RVUA,1
SVUA,0
TVUA,1
UVUA,1
VVUA,1
WVUA,0
XVUA,0
YVUA,1
ZVUA,0
AWUA,1
BWUA,1
CWUA,1
DWUA,1
EWUA,1
FWUA,1
GWUA,1
HWUA,1
IWUA,1
JWUA,1
KWUA,0
LWUA,0
MWUA,1
NWUA,1
OWUA,1
PWUA,1
QWUA,0
RWUA,0
SWUA,0
TWUA,0
UWUA,0
VWUA,0
WWUA,0
XWUA,0
YWUA,0
ZWUA,0
AXUA,0
BXUA,0
CXUA,0
DXUA,0
EXUA,0
FXUA,0
GXUA,0
HXUA,0
IXUA,1
JXUA,0
KXUA,0
LXUA,0
MXUA,0
NXUA,0
OXUA,0
PXUA,0
QXUA,0
RXUA,0
SXUA,0
TXUA,0
UXUA,0
VXUA,0
WXUA,0
XXUA,0
YXUA,1
ZXUA,1
AYUA,1
BYUA,1
CYUA,0
DYUA,1
EYUA,1
FYUA,1
GYUA,1
HYUA,1
IYUA,1
JYUA,1
KYUA,1
LYUA,1
MYUA,1
NYUA,1
OYUA,1
PYUA,1
QYUA,0
RYUA,1
SYUA,0
TYUA,1
UYUA,1
VYUA,1
WYUA,1
XYUA,1
YYUA,1
ZYUA,1
AZUA,1
BZUA,0
CZUA,1
DZUA,1
EZUA,1
FZUA,1
GZUA,0
HZUA,1
IZUA,1
JZUA,1
KZUA,1
LZUA,0
MZUA,1
NZUA,1
OZUA,1
PZUA,1
QZUA,0
RZUA,1
SZUA,1
TZUA,1
UZUA,1
VZUA,1
WZUA,1
XZUA,1
YZUA,1
ZZUA,1
AAVA,0
BAVA,1
CAVA,1
DAVA,0
EAVA,0
FAVA,1
GAVA,0
HAVA,1
IAVA,1
JAVA,1
KAVA,1
LAVA,1
MAVA,1
NAVA,1
OAVA,1
PAVA,1
QAVA,1
RAVA,1
SAVA,1
TAVA,1
UAVA,1
VAVA,1
WAVA,1
XAVA,1
YAVA,1
ZAVA,1
ABVA,1
BBVA,1
CBVA,1
DBVA,0
EBVA,1
FBVA,1
GBVA,1
HBVA,1
IBVA,1
JBVA,1
KBVA,1
LBVA,1
MBVA,1
NBVA,0
OBVA,1
PBVA,1
QBVA,1
RBVA,1
SBVA,1
TBVA,1
UBVA,1
VBVA,1
WBVA,1
XBVA,1
YBVA,1
ZBVA,1
ACVA,1
BCVA,0
CCVA,0
DCVA,0
ECVA,0
FCVA,0
GCVA,0
HCVA,0
ICVA,0
JCVA,0
KCVA,0
LCVA,0
MCVA,0
NCVA,0
OCVA,0
PCVA,0
QCVA,0
RCVA,0
SCVA,0
TCVA,0
UCVA,0
VCVA,0
WCVA,0
XCVA,0
YCVA,0
ZCVA,0
ADVA,0
BDVA,0
CDVA,0
DDVA,0
EDVA,0
FDVA,0
GDVA,0
HDVA,0
IDVA,0
JDVA,0
KDVA,0
LDVA,0
MDVA,0
NDVA,0
ODVA,0
PDVA,0
QDVA,0
RDVA,1
SDVA,1
TDVA,1
UDVA,1
VDVA,1
WDVA,1
XDVA,1
YDVA,1
ZDVA,1
AEVA,1
BEVA,1
CEVA,1
DEVA,1
EEVA,0
FEVA,1
GEVA,1
HEVA,0
IEVA,1
JEVA,1
KEVA,1
LEVA,1
MEVA,1
NEVA,1
OEVA,1
PEVA,1
QEVA,1
REVA,1
SEVA,1
TEVA,0
UEVA,0
VEVA,1
WEVA,1
XEVA,1
YEVA,0
ZEVA,1
AFVA,1
BFVA,1
CFVA,1
DFVA,1
EFVA,1
FFVA,1
GFVA,1
HFVA,1
IFVA,1
JFVA,1
KFVA,1
LFVA,1
MFVA,1
NFVA,1
OFVA,1
PFVA,1
QFVA,1
RFVA,1
SFVA,0
TFVA,0
UFVA,1
VFVA,1
WFVA,1
XFVA,1
YFVA,1
ZFVA,0
AGVA,0
BGVA,1
CGVA,1
DGVA,1
EGVA,1
FGVA,1
GGVA,1
HGVA,1
IGVA,1
JGVA,1
KGVA,1
LGVA,1
MGVA,1
NGVA,1
OGVA,1
PGVA,1
QGVA,1
RGVA,1
SGVA,1
TGVA,1
UGVA,1
VGVA,1
WGVA,1
XGVA,1
YGVA,1
ZGVA,0
AHVA,1
BHVA,0
CHVA,1
DHVA,1
EHVA,1
FHVA,1
GHVA,1
HHVA,1
IHVA,1
JHVA,1
KHVA,1
LHVA,1
MHVA,1
NHVA,1
OHVA,1
PHVA,1
QHVA,1
RHVA,0
SHVA,1
THVA,0
UHVA,1
VHVA,1
WHVA,1
XHVA,1
YHVA,0
ZHVA,0
AIVA,0
BIVA,0
CIVA,0
DIVA,1
EIVA,1
FIVA,1
GIVA,1
HIVA,1
IIVA,1
JIVA,1
KIVA,1
LIVA,1
MIVA,1
NIVA,1
OIVA,1
PIVA,1
QIVA,1
RIVA,1
SIVA,1
TIVA,1
UIVA,1
VIVA,1
WIVA,1
XIVA,1
YIVA,1
ZIVA,1
AJVA,1
BJVA,0
CJVA,1
DJVA,1
EJVA,1
FJVA,1
GJVA,0
HJVA,1
IJVA,1
JJVA,0
KJVA,1
LJVA,1
MJVA,1
NJVA,1
OJVA,1
PJVA,0
QJVA,1
RJVA,1
SJVA,1
TJVA,1
UJVA,1
VJVA,0
WJVA,1
XJVA,1
YJVA,1
ZJVA,1
AKVA,1
BKVA,1
CKVA,1
DKVA,1
EKVA,1
FKVA,0
GKVA,1
HKVA,0
IKVA,1
JKVA,1
KKVA,1
LKVA,1
MKVA,1
NKVA,1
OKVA,1
PKVA,1
QKVA,1
RKVA,1
SKVA,1
TKVA,1
UKVA,1
VKVA,1
WKVA,1
XKVA,1
YKVA,1
ZKVA,1
ALVA,1
BLVA,0
CLVA,1
DLVA,0
ELVA,1
FLVA,1
GLVA,1
HLVA,1
ILVA,1
JLVA,1
KLVA,1
LLVA,0
MLVA,1
NLVA,1
OLVA,1
PLVA,1
QLVA,0
RLVA,1
SLVA,1
TLVA,1
ULVA,1
VLVA,1
WLVA,1
XLVA,1
YLVA,0
ZLVA,1
AMVA,1
BMVA,1
CMVA,1
DMVA,1
EMVA,1
FMVA,1
GMVA,1
HMVA,1
IMVA,1
JMVA,1
KMVA,1
LMVA,1
MMVA,0
NMVA,1
OMVA,1
PMVA,1
QMVA,1
RMVA,1
SMVA,1
TMVA,0
UMVA,1
VMVA,0
WMVA,1
XMVA,1
YMVA,1
ZMVA,0
ANVA,0
BNVA,0
CNVA,0
DNVA,0
ENVA,1
FNVA,1
GNVA,1
HNVA,1
INVA,1
JNVA,1
KNVA,1
LNVA,1
MNVA,1
NNVA,1
ONVA,1
PNVA,1
QNVA,1
RNVA,1
SNVA,1
TNVA,1
UNVA,0
VNVA,1
WNVA,1
XNVA,1
YNVA,1
ZNVA,0
AOVA,1
BOVA,1
COVA,0
DOVA,1
EOVA,1
FOVA,1
GOVA,1
HOVA,1
IOVA,1
JOVA,1
KOVA,1
LOVA,1
MOVA,0
NOVA,1
OOVA,1
POVA,1
QOVA,1
ROVA,1
SOVA,1
TOVA,1
UOVA,1
VOVA,1
WOVA,1
XOVA,1
YOVA,0
ZOVA,0
APVA,1
BPVA,1
CPVA,1
DPVA,1
EPVA,1
FPVA,1
GPVA,1
HPVA,1
IPVA,1
JPVA,1
KPVA,1
LPVA,1
MPVA,0
NPVA,1
OPVA,1
PPVA,1
QPVA,1
RPVA,0
SPVA,1
TPVA,1
UPVA,1
VPVA,1
WPVA,1
XPVA,1
YPVA,1
ZPVA,1
AQVA,1
BQVA,1
CQVA,0
DQVA,1
EQVA,1
FQVA,1
GQVA,1
HQVA,1
IQVA,1
JQVA,1
KQVA,0
LQVA,1
MQVA,1
NQVA,1
OQVA,0
PQVA,0
QQVA,0
RQVA,0
SQVA,0
TQVA,0
UQVA,0
VQVA,1
WQVA,1
XQVA,1
YQVA,1
ZQVA,1
ARVA,1
BRVA,1
CRVA,1
DRVA,1
ERVA,1
FRVA,1
GRVA,1
HRVA,1
IRVA,0
JRVA,1
KRVA,1
LRVA,1
MRVA,1
NRVA,1
ORVA,1
PRVA,1
QRVA,1
RRVA,1
SRVA,0
TRVA,0
URVA,0
VRVA,0
WRVA,0
XRVA,0
YRVA,0
ZRVA,0
ASVA,0
BSVA,0
CSVA,0
DSVA,0
ESVA,0
FSVA,0
GSVA,0
HSVA,0
ISVA,0
JSVA,0
KSVA,0
LSVA,0
MSVA,0
NSVA,0
OSVA,0
PSVA,0
QSVA,0
RSVA,0
SSVA,0
TSVA,0
USVA,0
VSVA,0
WSVA,0
XSVA,0
YSVA,0
ZSVA,0
ATVA,0
BTVA,0
CTVA,0
DTVA,0
ETVA,0
FTVA,0
GTVA,0
HTVA,1
ITVA,1
JTVA,1
KTVA,1
LTVA,1
MTVA,1
NTVA,1
OTVA,1
PTVA,0
QTVA,1
RTVA,1
STVA,1
TTVA,1
UTVA,1
VTVA,0
WTVA,0
XTVA,1
YTVA,0
ZTVA,1
AUVA,1
BUVA,1
CUVA,1
DUVA,1
EUVA,1
FUVA,1
GUVA,1
HUVA,1
IUVA,1
JUVA,1
KUVA,1
LUVA,1
MUVA,1
NUVA,1
OUVA,1
PUVA,1
QUVA,1
RUVA,1
SUVA,1
TUVA,1
UUVA,1
VUVA,0
WUVA,1
XUVA,1
YUVA,1
ZUVA,1
AVVA,1
BVVA,1
CVVA,1
DVVA,1
EVVA,1
FVVA,0
GVVA,0
HVVA,0
IVVA,0
JVVA,1
KVVA,1
LVVA,1
MVVA,1
NVVA,0
OVVA,1
PVVA,1
QVVA,1
RVVA,1
SVVA,1
TVVA,1
UVVA,1
VVVA,0
WVVA,1
XVVA,1
YVVA,1
ZVVA,0
AWVA,0
BWVA,0
CWVA,1
DWVA,1
EWVA,1
FWVA,1
GWVA,1
HWVA,1
IWVA,1
JWVA,1
KWVA,1
LWVA,1
MWVA,1
NWVA,1
OWVA,1
PWVA,1
QWVA,1
RWVA,1
SWVA,1
TWVA,1
UWVA,1
VWVA,1
WWVA,1
XWVA,1
YWVA,1
ZWVA,1
AXVA,0
BXVA,1
CXVA,1
DXVA,1
EXVA,1
FXVA,1
GXVA,0
HXVA,1
IXVA,1
JXVA,1
KXVA,1
LXVA,1
MXVA,1
NXVA,1
OXVA,1
PXVA,1
QXVA,1
RXVA,1
SXVA,1
TXVA,1
UXVA,1
VXVA,1
WXVA,1
XXVA,1
YXVA,1
ZXVA,1
AYVA,1
BYVA,1
CYVA,1
DYVA,1
EYVA,1
FYVA,0
GYVA,1
HYVA,1
IYVA,1
JYVA,1
KYVA,1
LYVA,1
MYVA,1
NYVA,1
OYVA,0
PYVA,0
QYVA,0
RYVA,0
SYVA,0
TYVA,0
UYVA,0
VYVA,0
WYVA,0
XYVA,0
YYVA,0
ZYVA,0
AZVA,0
BZVA,0
CZVA,0
DZVA,0
EZVA,0
FZVA,0
GZVA,0
HZVA,0
IZVA,0
JZVA,0
KZVA,0
LZVA,0
MZVA,0
NZVA,0
OZVA,0
PZVA,0
QZVA,0
RZVA,0
SZVA,0
TZVA,0
UZVA,0
VZVA,0
WZVA,0
XZVA,0
YZVA,0
ZZVA,0
AAWA,0
BAWA,0
CAWA,0
DAWA,0
EAWA,0
FAWA,0
GAWA,0
HAWA,0
IAWA,0
JAWA,0
KAWA,0
LAWA,0
MAWA,0
NAWA,0
OAWA,0
PAWA,0
QAWA,0
RAWA,0
SAWA,0
TAWA,0
UAWA,0
VAWA,1
WAWA,1
XAWA,1
YAWA,1
ZAWA,1
ABWA,1
BBWA,1
CBWA,1
DBWA,1
EBWA,1
FBWA,1
GBWA,1
HBWA,1
IBWA,1
JBWA,0
KBWA,1
LBWA,1
MBWA,1
NBWA,1
OBWA,1
PBWA,1
QBWA,1
RBWA,1
SBWA,1
TBWA,1
UBWA,0
VBWA,1
WBWA,1
XBWA,0
YBWA,1
ZBWA,0
ACWA,0
BCWA,0
CCWA,1
DCWA,1
ECWA,1
FCWA,1
GCWA,1
HCWA,1
ICWA,1
JCWA,1
KCWA,1
LCWA,1
MCWA,1
NCWA,0
OCWA,1
PCWA,1
QCWA,1
RCWA,1
SCWA,0
TCWA,1
UCWA,1
VCWA,1
WCWA,1
XCWA,1
YCWA,1
ZCWA,0
ADWA,0
BDWA,1
CDWA,1
DDWA,0
EDWA,0
FDWA,1
GDWA,1
HDWA,1
IDWA,1
JDWA,1
KDWA,1
LDWA,1
MDWA,1
NDWA,1
ODWA,1
PDWA,1
QDWA,0
RDWA,1
SDWA,1
TDWA,1
UDWA,1
VDWA,0
WDWA,1
XDWA,1
YDWA,1
ZDWA,1
AEWA,1
BEWA,1
CEWA,1
DEWA,1
EEWA,1
FEWA,1
GEWA,1
HEWA,1
IEWA,1
JEWA,1
KEWA,0
LEWA,1
MEWA,0
NEWA,1
OEWA,0
PEWA,1
QEWA,1
REWA,0
SEWA,0
TEWA,1
UEWA,1
VEWA,1
WEWA,1
XEWA,1
YEWA,1
ZEWA,1
AFWA,1
BFWA,1
CFWA,1
DFWA,0
EFWA,0
FFWA,1
GFWA,0
HFWA,1
IFWA,1
JFWA,1
KFWA,1
LFWA,1
MFWA,0
NFWA,1
OFWA,1
PFWA,1
QFWA,1
RFWA,1
SFWA,1
TFWA,1
UFWA,1
VFWA,1
WFWA,0
XFWA,1
YFWA,1
ZFWA,1
AGWA,1
BGWA,1
CGWA,1
DGWA,1
EGWA,1
FGWA,1
GGWA,1
HGWA,0
IGWA,0
JGWA,1
KGWA,1
LGWA,1
MGWA,1
NGWA,0
OGWA,0
PGWA,0
QGWA,1
RGWA,1
SGWA,1
TGWA,0
UGWA,0
VGWA,1
WGWA,1
XGWA,1
YGWA,1
ZGWA,0
AHWA,0
BHWA,0
CHWA,1
DHWA,0
EHWA,0
FHWA,0
GHWA,0
HHWA,0
IHWA,0
JHWA,0
KHWA,0
LHWA,0
MHWA,0
NHWA,0
OHWA,0
PHWA,0
QHWA,0
RHWA,0
SHWA,0
THWA,0
UHWA,0
VHWA,0
WHWA,0
XHWA,0
YHWA,0
ZHWA,0
AIWA,0
BIWA,0
CIWA,0
DIWA,0
EIWA,0
FIWA,0
GIWA,0
HIWA,0
IIWA,0
JIWA,0
KIWA,0
LIWA,0
MIWA,0
NIWA,0
OIWA,0
PIWA,0
QIWA,0
RIWA,0
SIWA,0
TIWA,0
UIWA,1
VIWA,1
WIWA,0
XIWA,1
YIWA,0
ZIWA,1
AJWA,1
BJWA,1
CJWA,1
DJWA,1
EJWA,1
FJWA,1
GJWA,1
HJWA,1
IJWA,1
JJWA,1
KJWA,1
LJWA,1
MJWA,0
NJWA,1
OJWA,1
PJWA,1
QJWA,1
RJWA,1
SJWA,1
TJWA,1
UJWA,1
VJWA,1
WJWA,1
XJWA,1
YJWA,1
ZJWA,1
AKWA,1
BKWA,0
CKWA,1
DKWA,1
EKWA,1
FKWA,1
GKWA,0
HKWA,0
IKWA,1
JKWA,0
KKWA,1
LKWA,1
MKWA,1
NKWA,1
OKWA,1
PKWA,1
QKWA,1
RKWA,1
SKWA,1
TKWA,0
UKWA,0
VKWA,1
WKWA,0
XKWA,1
YKWA,1
ZKWA,1
ALWA,1
BLWA,1
CLWA,0
DLWA,0
ELWA,1
FLWA,1
GLWA,1
HLWA,1
ILWA,1
JLWA,1
KLWA,1
LLWA,1
MLWA,1
NLWA,1
OLWA,1
PLWA,1
QLWA,1
RLWA,1
SLWA,1
TLWA,1
ULWA,1
VLWA,1
WLWA,1
XLWA,1
YLWA,1
ZLWA,1
AMWA,1
BMWA,1
CMWA,1
DMWA,0
EMWA,1
FMWA,1
GMWA,1
HMWA,1
IMWA,1
JMWA,1
KMWA,1
LMWA,1
MMWA,1
NMWA,1
OMWA,1
PMWA,0
QMWA,1
RMWA,1
SMWA,1
TMWA,0
UMWA,1
VMWA,1
WMWA,1
XMWA,1
YMWA,1
ZMWA,1
ANWA,0
BNWA,0
CNWA,0
DNWA,0
ENWA,0
FNWA,0
GNWA,0
HNWA,0
INWA,0
JNWA,1
KNWA,1
LNWA,1
MNWA,1
NNWA,0
ONWA,0
PNWA,1
QNWA,1
RNWA,0
SNWA,1
TNWA,1
UNWA,1
VNWA,1
WNWA,1
XNWA,1
YNWA,1
ZNWA,0
AOWA,1
BOWA,1
COWA,1
DOWA,1
EOWA,1
FOWA,1
GOWA,1
HOWA,1
IOWA,1
JOWA,1
KOWA,1
LOWA,1
MOWA,1
NOWA,1
OOWA,1
POWA,1
QOWA,0
ROWA,1
SOWA,1
TOWA,1
UOWA,1
VOWA,0
WOWA,1
XOWA,1
YOWA,1
ZOWA,1
APWA,1
BPWA,1
CPWA,1
DPWA,1
EPWA,1
FPWA,1
GPWA,1
HPWA,1
IPWA,0
JPWA,0
KPWA,0
LPWA,0
MPWA,1
NPWA,1
OPWA,1
PPWA,1
QPWA,0
RPWA,1
SPWA,1
TPWA,1
UPWA,1
VPWA,1
WPWA,1
XPWA,1
YPWA,1
ZPWA,0
AQWA,0
BQWA,1
CQWA,1
DQWA,1
EQWA,1
FQWA,1
GQWA,1
HQWA,0
IQWA,0
JQWA,0
KQWA,1
LQWA,0
MQWA,0
NQWA,0
OQWA,0
PQWA,0
QQWA,1
RQWA,1
SQWA,1
TQWA,1
UQWA,1
VQWA,1
WQWA,1
XQWA,1
YQWA,1
ZQWA,1
ARWA,1
BRWA,1
CRWA,1
DRWA,1
ERWA,0
FRWA,1
GRWA,1
HRWA,1
IRWA,0
JRWA,1
KRWA,1
LRWA,1
MRWA,1
NRWA,1
ORWA,1
PRWA,1
QRWA,1
RRWA,1
SRWA,1
TRWA,1
URWA,1
VRWA,1
WRWA,1
XRWA,1
YRWA,1
ZRWA,1
ASWA,1
BSWA,1
CSWA,1
DSWA,1
ESWA,1
FSWA,1
GSWA,1
HSWA,0
ISWA,1
JSWA,1
KSWA,1
LSWA,1
MSWA,0
NSWA,1
OSWA,1
PSWA,1
QSWA,1
RSWA,1
SSWA,1
TSWA,0
USWA,0
VSWA,1
WSWA,1
XSWA,1
YSWA,1
ZSWA,1
ATWA,1
BTWA,1
CTWA,1
DTWA,1
ETWA,1
FTWA,1
GTWA,0
HTWA,0
ITWA,0
JTWA,0
KTWA,0
LTWA,1
MTWA,1
NTWA,1
OTWA,1
PTWA,1
QTWA,0
RTWA,1
STWA,1
TTWA,1
UTWA,1
VTWA,1
WTWA,1
XTWA,1
YTWA,1
ZTWA,1
AUWA,0
BUWA,1
CUWA,1
DUWA,0
EUWA,1
FUWA,1
GUWA,1
HUWA,1
IUWA,1
JUWA,1
KUWA,1
LUWA,0
MUWA,0
NUWA,0
OUWA,0
PUWA,0
QUWA,0
RUWA,0
SUWA,0
TUWA,0
UUWA,1
VUWA,1
WUWA,1
XUWA,1
YUWA,1
ZUWA,1
AVWA,1
BVWA,1
CVWA,1
DVWA,1
EVWA,1
FVWA,1
GVWA,1
HVWA,1
IVWA,1
JVWA,1
KVWA,1
LVWA,1
MVWA,1
NVWA,1
OVWA,1
PVWA,1
QVWA,1
RVWA,1
SVWA,1
TVWA,1
UVWA,1
VVWA,1
WVWA,1
XVWA,1
YVWA,1
ZVWA,1
AWWA,0
BWWA,1
CWWA,1
DWWA,0
EWWA,1
FWWA,1
GWWA,1
HWWA,1
IWWA,1
JWWA,1
KWWA,0
LWWA,1
MWWA,1
NWWA,0
OWWA,0
PWWA,0
QWWA,0
RWWA,0
SWWA,0
TWWA,0
UWWA,0
VWWA,0
WWWA,0
XWWA,0
YWWA,0
ZWWA,0
AXWA,0
BXWA,0
CXWA,0
DXWA,0
EXWA,0
FXWA,0
GXWA,0
HXWA,0
IXWA,0
JXWA,0
KXWA,0
LXWA,0
MXWA,0
NXWA,0
OXWA,0
PXWA,0
QXWA,0
RXWA,0
SXWA,0
TXWA,0
UXWA,0
VXWA,0
WXWA,0
XXWA,0
YXWA,0
ZXWA,0
AYWA,0
BYWA,0
CYWA,0
DYWA,0
EYWA,0
FYWA,0
GYWA,0
HYWA,0
IYWA,0
JYWA,0
KYWA,0
LYWA,0
MYWA,0
NYWA,0
OYWA,0
PYWA,0
QYWA,0
RYWA,0
SYWA,0
TYWA,0
UYWA,0
VYWA,0
WYWA,0
XYWA,0
YYWA,0
ZYWA,0
AZWA,0
BZWA,0
CZWA,0
DZWA,0
EZWA,0
FZWA,1
GZWA,1
HZWA,1
IZWA,1
JZWA,1
KZWA,1
LZWA,1
MZWA,1
NZWA,0
OZWA,1
PZWA,1
QZWA,1
RZWA,1
SZWA,1
TZWA,0
UZWA,1
VZWA,0
WZWA,1
XZWA,1
YZWA,1
ZZWA,1
AAXA,1
BAXA,0
CAXA,1
DAXA,0
EAXA,1
FAXA,0
GAXA,1
HAXA,1
IAXA,1
JAXA,1
KAXA,1
LAXA,1
MAXA,1
NAXA,1
OAXA,0
PAXA,1
QAXA,1
RAXA,1
SAXA,1
TAXA,1
UAXA,1
VAXA,1
WAXA,0
XAXA,1
YAXA,1
ZAXA,1
ABXA,0
BBXA,1
CBXA,1
DBXA,1
EBXA,1
FBXA,1
GBXA,1
HBXA,1
IBXA,1
JBXA,1
KBXA,1
LBXA,0
MBXA,0
NBXA,1
OBXA,1
PBXA,1
QBXA,1
RBXA,1
SBXA,1
TBXA,1
UBXA,0
VBXA,1
WBXA,1
XBXA,1
YBXA,1
ZBXA,1
ACXA,1
BCXA,1
CCXA,1
DCXA,1
ECXA,1
FCXA,1
GCXA,1
HCXA,1
ICXA,0
JCXA,1
KCXA,1
LCXA,1
MCXA,1
NCXA,0
OCXA,1
PCXA,1
QCXA,1
RCXA,1
SCXA,1
TCXA,1
UCXA,1
VCXA,1
WCXA,1
XCXA,1
YCXA,1
ZCXA,1
ADXA,1
BDXA,1
CDXA,1
DDXA,1
EDXA,1
FDXA,1
GDXA,1
HDXA,1
IDXA,1
JDXA,1
KDXA,0
LDXA,0
MDXA,0
NDXA,0
ODXA,0
PDXA,0
QDXA,0
RDXA,1
SDXA,1
TDXA,0
UDXA,1
VDXA,1
WDXA,1
XDXA,1
YDXA,1
ZDXA,1
AEXA,1
BEXA,1
CEXA,1
DEXA,1
EEXA,1
FEXA,1
GEXA,1
HEXA,0
IEXA,1
JEXA,1
KEXA,1
LEXA,1
MEXA,1
NEXA,1
OEXA,1
PEXA,1
QEXA,1
REXA,1
SEXA,1
TEXA,1
UEXA,1
VEXA,1
WEXA,1
XEXA,1
YEXA,1
ZEXA,1
AFXA,1
BFXA,1
CFXA,1
DFXA,1
EFXA,1
FFXA,1
GFXA,1
HFXA,1
IFXA,1
JFXA,0
KFXA,0
LFXA,1
MFXA,1
NFXA,1
OFXA,1
PFXA,1
QFXA,1
RFXA,1
SFXA,1
TFXA,1
UFXA,0
VFXA,1
WFXA,1
XFXA,1
YFXA,0
ZFXA,1
AGXA,1
BGXA,1
CGXA,1
DGXA,1
EGXA,0
FGXA,1
GGXA,1
HGXA,1
IGXA,1
JGXA,1
KGXA,1
LGXA,1
MGXA,1
NGXA,1
OGXA,1
PGXA,1
QGXA,0
RGXA,1
SGXA,1
TGXA,0
UGXA,1
VGXA,0
WGXA,1
XGXA,1
YGXA,1
ZGXA,1
AHXA,0
BHXA,0
CHXA,0
DHXA,0
EHXA,0
FHXA,0
GHXA,0
HHXA,0
IHXA,0
JHXA,0
KHXA,1
LHXA,1
MHXA,0
NHXA,1
OHXA,1
PHXA,1
QHXA,0
RHXA,1
SHXA,1
THXA,1
UHXA,0
VHXA,1
WHXA,1
XHXA,1
YHXA,0
ZHXA,0
AIXA,1
BIXA,1
CIXA,1
DIXA,1
EIXA,1
FIXA,1
GIXA,1
HIXA,1
IIXA,1
JIXA,1
KIXA,1
LIXA,0
MIXA,1
NIXA,1
OIXA,1
PIXA,0
QIXA,1
RIXA,0
SIXA,1
TIXA,1
UIXA,1
VIXA,0
WIXA,1
XIXA,0
YIXA,1
ZIXA,0
AJXA,1
BJXA,1
CJXA,0
DJXA,1
EJXA,1
FJXA,1
GJXA,1
HJXA,1
IJXA,1
JJXA,1
KJXA,0
LJXA,1
MJXA,1
NJXA,1
OJXA,1
PJXA,1
QJXA,1
RJXA,1
SJXA,1
TJXA,1
UJXA,0
VJXA,1
WJXA,1
XJXA,1
YJXA,0
ZJXA,1
AKXA,0
BKXA,1
CKXA,1
DKXA,1
EKXA,1
FKXA,0
GKXA,0
HKXA,1
IKXA,1
JKXA,1
KKXA,0
LKXA,1
MKXA,1
NKXA,1
OKXA,1
PKXA,0
QKXA,1
RKXA,1
SKXA,1
TKXA,1
UKXA,0
VKXA,0
WKXA,1
XKXA,1
YKXA,0
ZKXA,1
ALXA,1
BLXA,1
CLXA,1
DLXA,1
ELXA,1
FLXA,0
GLXA,0
HLXA,0
ILXA,0
JLXA,1
KLXA,0
LLXA,1
MLXA,1
NLXA,1
OLXA,1
PLXA,1
QLXA,1
RLXA,1
SLXA,1
TLXA,1
ULXA,1
VLXA,1
WLXA,1
XLXA,1
YLXA,1
ZLXA,1
AMXA,1
BMXA,0
CMXA,1
DMXA,1
EMXA,1
FMXA,1
GMXA,1
HMXA,1
IMXA,0
JMXA,0
KMXA,1
LMXA,1
MMXA,1
NMXA,1
OMXA,1
PMXA,1
QMXA,1
RMXA,0
SMXA,1
TMXA,1
UMXA,1
VMXA,1
WMXA,0
XMXA,1
YMXA,0
ZMXA,1
ANXA,1
BNXA,1
CNXA,1
DNXA,0
ENXA,1
FNXA,1
GNXA,1
HNXA,0
INXA,1
JNXA,1
KNXA,1
LNXA,1
MNXA,0
NNXA,1
ONXA,1
PNXA,0
QNXA,1
RNXA,1
SNXA,1
TNXA,0
UNXA,1
VNXA,1
WNXA,0
XNXA,1
YNXA,1
ZNXA,1
AOXA,1
BOXA,1
COXA,1
DOXA,1
EOXA,1
FOXA,0
GOXA,1
HOXA,1
IOXA,0
JOXA,1
KOXA,1
LOXA,1
MOXA,1
NOXA,1
OOXA,1
POXA,1
QOXA,1
ROXA,1
SOXA,1
TOXA,1
UOXA,1
VOXA,0
WOXA,1
XOXA,1
YOXA,1
ZOXA,1
APXA,1
BPXA,1
CPXA,0
DPXA,0
EPXA,0
FPXA,1
GPXA,0
HPXA,1
IPXA,0
JPXA,1
KPXA,1
LPXA,1
MPXA,1
NPXA,1
OPXA,0
PPXA,1
QPXA,1
RPXA,1
SPXA,1
TPXA,1
UPXA,1
VPXA,1
WPXA,1
XPXA,1
YPXA,1
ZPXA,1
AQXA,1
BQXA,1
CQXA,0
DQXA,0
EQXA,1
FQXA,1
GQXA,1
HQXA,1
IQXA,1
JQXA,1
KQXA,1
LQXA,1
MQXA,1
NQXA,1
OQXA,0
PQXA,1
QQXA,1
RQXA,1
SQXA,1
TQXA,1
UQXA,1
VQXA,1
WQXA,1
XQXA,1
YQXA,1
ZQXA,1
ARXA,0
BRXA,1
CRXA,1
DRXA,1
ERXA,1
FRXA,0
GRXA,1
HRXA,0
IRXA,1
JRXA,1
KRXA,1
LRXA,0
MRXA,1
NRXA,0
ORXA,1
PRXA,1
QRXA,1
RRXA,1
SRXA,1
TRXA,1
URXA,1
VRXA,1
WRXA,1
XRXA,1
YRXA,1
ZRXA,1
ASXA,1
BSXA,1
CSXA,1
DSXA,0
ESXA,1
FSXA,1
GSXA,1
HSXA,1
ISXA,1
JSXA,1
KSXA,0
LSXA,1
MSXA,1
NSXA,0
OSXA,1
PSXA,1
QSXA,1
RSXA,0
SSXA,1
TSXA,1
USXA,1
VSXA,0
WSXA,1
XSXA,1
YSXA,1
ZSXA,0
ATXA,1
BTXA,1
CTXA,0
DTXA,1
ETXA,1
FTXA,1
GTXA,1
HTXA,1
ITXA,1
JTXA,1
KTXA,1
LTXA,0
MTXA,1
NTXA,1
OTXA,1
PTXA,0
QTXA,1
RTXA,1
STXA,1
TTXA,0
UTXA,1
VTXA,1
WTXA,1
XTXA,0
YTXA,1
ZTXA,0
AUXA,1
BUXA,1
CUXA,1
DUXA,1
EUXA,1
FUXA,1
GUXA,1
HUXA,1
IUXA,1
JUXA,1
KUXA,1
LUXA,1
MUXA,1
NUXA,1
OUXA,1
PUXA,1
QUXA,0
RUXA,0
SUXA,0
TUXA,0
UUXA,0
VUXA,0
WUXA,0
XUXA,0
YUXA,0
ZUXA,0
AVXA,0
BVXA,1
CVXA,1
DVXA,1
EVXA,1
FVXA,1
GVXA,1
HVXA,0
IVXA,0
JVXA,0
KVXA,1
LVXA,1
MVXA,1
NVXA,1
OVXA,1
PVXA,1
QVXA,0
RVXA,1
SVXA,1
TVXA,1
UVXA,1
VVXA,0
WVXA,0
XVXA,1
YVXA,1
ZVXA,1
AWXA,1
BWXA,0
CWXA,0
DWXA,0
EWXA,0
FWXA,0
GWXA,0
HWXA,0
IWXA,1
JWXA,1
KWXA,1
LWXA,0
MWXA,1
NWXA,1
OWXA,1
PWXA,1
QWXA,0
RWXA,0
SWXA,1
TWXA,1
UWXA,1
VWXA,1
WWXA,1
XWXA,1
YWXA,0
ZWXA,0
AXXA,0
BXXA,0
CXXA,0
DXXA,0
EXXA,0
FXXA,1
GXXA,1
HXXA,1
IXXA,1
JXXA,1
KXXA,1
LXXA,0
MXXA,1
NXXA,1
OXXA,1
PXXA,1
QXXA,1
RXXA,1
SXXA,1
TXXA,0
UXXA,1
VXXA,1
WXXA,1
XXXA,1
YXXA,1
ZXXA,0
AYXA,1
BYXA,1
CYXA,1
DYXA,1
EYXA,1
FYXA,0
GYXA,1
HYXA,1
IYXA,1
JYXA,1
KYXA,1
LYXA,1
MYXA,1
NYXA,1
OYXA,1
PYXA,1
QYXA,1
RYXA,0
SYXA,0
TYXA,1
UYXA,1
VYXA,1
WYXA,0
XYXA,0
YYXA,1
ZYXA,1
AZXA,1
BZXA,1
CZXA,1
DZXA,1
EZXA,1
FZXA,1
GZXA,1
HZXA,0
IZXA,1
JZXA,1
KZXA,1
LZXA,1
MZXA,1
NZXA,1
OZXA,1
PZXA,1
QZXA,1
RZXA,1
SZXA,1
TZXA,1
UZXA,1
VZXA,1
WZXA,1
XZXA,1
YZXA,1
ZZXA,1
AAYA,1
BAYA,1
CAYA,1
DAYA,1
EAYA,1
FAYA,1
GAYA,1
HAYA,1
IAYA,1
JAYA,1
KAYA,1
LAYA,1
MAYA,0
NAYA,0
OAYA,1
PAYA,1
QAYA,1
RAYA,1
SAYA,1
TAYA,0
UAYA,1
VAYA,1
WAYA,0
XAYA,0
YAYA,1
ZAYA,0
ABYA,0
BBYA,1
CBYA,1
DBYA,1
EBYA,1
FBYA,1
GBYA,1
HBYA,1
IBYA,0
JBYA,0
KBYA,1
LBYA,1
MBYA,0
NBYA,1
OBYA,1
PBYA,1
QBYA,1
RBYA,0
SBYA,1
TBYA,1
UBYA,1
VBYA,1
WBYA,1
XBYA,1
YBYA,1
ZBYA,0
ACYA,0
BCYA,0
CCYA,0
DCYA,0
ECYA,0
FCYA,0
GCYA,0
HCYA,0
ICYA,0
JCYA,0
KCYA,0
LCYA,0
MCYA,0
NCYA,0
OCYA,0
PCYA,0
QCYA,0
RCYA,0
SCYA,0
TCYA,0
UCYA,0
VCYA,0
WCYA,0
XCYA,0
YCYA,0
ZCYA,0
ADYA,0
BDYA,0
CDYA,0
DDYA,0
EDYA,0
FDYA,1
GDYA,0
HDYA,0
IDYA,1
JDYA,1
KDYA,1
LDYA,1
MDYA,1
NDYA,1
ODYA,0
PDYA,1
QDYA,1
RDYA,1
SDYA,1
TDYA,1
UDYA,1
VDYA,0
WDYA,1
XDYA,1
YDYA,1
ZDYA,1
AEYA,1
BEYA,1
CEYA,0
DEYA,1
EEYA,1
FEYA,0
GEYA,0
HEYA,1
IEYA,1
JEYA,1
KEYA,1
LEYA,1
MEYA,1
NEYA,1
OEYA,0
PEYA,1
QEYA,1
REYA,1
SEYA,1
TEYA,1
UEYA,1
VEYA,0
WEYA,1
XEYA,1
YEYA,1
ZEYA,0
AFYA,0
BFYA,0
CFYA,0
DFYA,1
EFYA,1
FFYA,1
GFYA,1
HFYA,1
IFYA,1
JFYA,1
KFYA,1
LFYA,1
MFYA,1
NFYA,1
OFYA,1
PFYA,1
QFYA,0
RFYA,0
SFYA,1
TFYA,1
UFYA,1
VFYA,1
WFYA,1
XFYA,1
YFYA,1
ZFYA,1
AGYA,1
BGYA,1
CGYA,1
DGYA,1
EGYA,1
FGYA,1
GGYA,1
HGYA,1
IGYA,1
JGYA,1
KGYA,1
LGYA,1
MGYA,1
NGYA,0
OGYA,1
PGYA,1
QGYA,1
RGYA,1
SGYA,1
TGYA,1
UGYA,0
VGYA,1
WGYA,1
XGYA,1
YGYA,1
ZGYA,1
AHYA,1
BHYA,1
CHYA,1
DHYA,1
EHYA,1
FHYA,1
GHYA,0
HHYA,1
IHYA,1
JHYA,1
KHYA,1
LHYA,1
MHYA,1
NHYA,1
OHYA,1
PHYA,0
QHYA,1
RHYA,1
SHYA,1
THYA,1
UHYA,0
VHYA,0
WHYA,0
XHYA,0
YHYA,0
ZHYA,0
AIYA,0
BIYA,0
CIYA,0
DIYA,0
EIYA,0
FIYA,0
GIYA,0
HIYA,0
IIYA,0
JIYA,0
KIYA,0
LIYA,0
MIYA,0
NIYA,0
OIYA,0
PIYA,0
QIYA,0
RIYA,0
SIYA,0
TIYA,0
UIYA,0
VIYA,0
WIYA,1
XIYA,1
YIYA,1
ZIYA,1
AJYA,1
BJYA,0
CJYA,1
DJYA,1
EJYA,1
FJYA,1
GJYA,1
HJYA,1
IJYA,1
JJYA,1
KJYA,1
LJYA,1
MJYA,1
NJYA,1
OJYA,1
PJYA,1
QJYA,0
RJYA,1
SJYA,1
TJYA,1
UJYA,1
VJYA,1
WJYA,1
XJYA,1
YJYA,1
ZJYA,1
AKYA,1
BKYA,1
CKYA,1
DKYA,1
EKYA,1
FKYA,1
GKYA,1
HKYA,1
IKYA,1
JKYA,1
KKYA,1
LKYA,1
MKYA,1
NKYA,0
OKYA,1
PKYA,1
QKYA,1
RKYA,1
SKYA,1
TKYA,0
UKYA,1
VKYA,1
WKYA,1
XKYA,0
YKYA,1
ZKYA,0
ALYA,0
BLYA,1
CLYA,1
DLYA,1
ELYA,1
FLYA,1
GLYA,1
HLYA,1
ILYA,1
JLYA,1
KLYA,1
LLYA,1
MLYA,1
NLYA,0
OLYA,1
PLYA,0
QLYA,1
RLYA,1
SLYA,1
TLYA,1
ULYA,1
VLYA,1
WLYA,1
XLYA,1
YLYA,1
ZLYA,1
AMYA,1
BMYA,1
CMYA,1
DMYA,1
EMYA,0
FMYA,0
GMYA,1
HMYA,1
IMYA,1
JMYA,1
KMYA,1
LMYA,1
MMYA,1
NMYA,1
OMYA,1
PMYA,1
QMYA,1
RMYA,1
SMYA,1
TMYA,0
UMYA,0
VMYA,0
WMYA,0
XMYA,0
YMYA,0
ZMYA,0
ANYA,0
BNYA,0
CNYA,1
DNYA,0
ENYA,1
FNYA,1
GNYA,1
HNYA,1
INYA,1
JNYA,0
KNYA,1
LNYA,0
MNYA,1
NNYA,1
ONYA,0
PNYA,1
QNYA,1
RNYA,1
SNYA,1
TNYA,1
UNYA,1
VNYA,0
WNYA,1
XNYA,0
YNYA,1
ZNYA,1
AOYA,1
BOYA,1
COYA,1
DOYA,1
EOYA,1
FOYA,1
GOYA,1
HOYA,1
IOYA,0
JOYA,1
KOYA,0
LOYA,0
MOYA,0
NOYA,1
OOYA,1
POYA,1
QOYA,1
ROYA,1
SOYA,0
TOYA,1
UOYA,1
VOYA,0
WOYA,1
XOYA,0
YOYA,1
ZOYA,1
APYA,1
BPYA,1
CPYA,1
DPYA,1
EPYA,1
FPYA,0
GPYA,1
HPYA,1
IPYA,1
JPYA,1
KPYA,1
LPYA,1
MPYA,1
NPYA,1
OPYA,1
PPYA,1
QPYA,1
RPYA,1
SPYA,1
TPYA,1
UPYA,1
VPYA,1
WPYA,1
XPYA,1
YPYA,1
ZPYA,0
AQYA,1
BQYA,1
CQYA,1
DQYA,1
EQYA,1
FQYA,1
GQYA,1
HQYA,1
IQYA,0
JQYA,0
KQYA,1
LQYA,0
MQYA,0
NQYA,1
OQYA,1
PQYA,1
QQYA,1
RQYA,1
SQYA,1
TQYA,1
UQYA,1
VQYA,0
WQYA,0
XQYA,1
YQYA,1
ZQYA,0
ARYA,0
BRYA,0
CRYA,0
DRYA,0
ERYA,0
FRYA,0
GRYA,0
HRYA,0
IRYA,0
JRYA,0
KRYA,0
LRYA,0
MRYA,0
NRYA,0
ORYA,0
PRYA,0
QRYA,0
RRYA,0
SRYA,0
TRYA,0
URYA,0
VRYA,0
WRYA,0
XRYA,0
YRYA,0
ZRYA,0
ASYA,0
BSYA,0
CSYA,0
DSYA,0
ESYA,0
FSYA,1
GSYA,0
HSYA,1
ISYA,1
JSYA,0
KSYA,1
LSYA,1
MSYA,1
NSYA,1
OSYA,1
PSYA,1
QSYA,1
RSYA,1
SSYA,1
TSYA,1
USYA,1
VSYA,1
WSYA,1
XSYA,1
YSYA,1
ZSYA,1
ATYA,1
BTYA,1
CTYA,1
DTYA,1
ETYA,1
FTYA,0
GTYA,1
HTYA,1
ITYA,1
JTYA,1
KTYA,1
LTYA,1
MTYA,1
NTYA,1
OTYA,1
PTYA,1
QTYA,1
RTYA,1
STYA,1
TTYA,1
UTYA,1
VTYA,0
WTYA,1
XTYA,1
YTYA,1
ZTYA,1
AUYA,1
BUYA,1
CUYA,1
DUYA,1
EUYA,1
FUYA,1
GUYA,1
HUYA,1
IUYA,1
JUYA,0
KUYA,1
LUYA,1
MUYA,1
NUYA,1
OUYA,1
PUYA,0
QUYA,1
RUYA,1
SUYA,1
TUYA,1
UUYA,1
VUYA,0
WUYA,0
XUYA,0
YUYA,0
ZUYA,0
AVYA,0
BVYA,0
CVYA,0
DVYA,0
EVYA,1
FVYA,0
GVYA,1
HVYA,1
IVYA,1
JVYA,1
KVYA,1
LVYA,1
MVYA,1
NVYA,0
OVYA,1
PVYA,0
QVYA,1
RVYA,1
SVYA,1
TVYA,1
UVYA,0
VVYA,1
WVYA,1
XVYA,1
YVYA,1
ZVYA,1
AWYA,1
BWYA,1
CWYA,1
DWYA,1
EWYA,0
FWYA,0
GWYA,1
HWYA,1
IWYA,1
JWYA,1
KWYA,1
LWYA,1
MWYA,1
NWYA,1
OWYA,1
PWYA,1
QWYA,0
RWYA,0
SWYA,0
TWYA,0
UWYA,0
VWYA,0
WWYA,0
XWYA,0
YWYA,0
ZWYA,0
AXYA,0
BXYA,1
CXYA,0
DXYA,1
EXYA,1
FXYA,1
GXYA,1
HXYA,1
IXYA,1
JXYA,1
KXYA,1
LXYA,1
MXYA,1
NXYA,1
OXYA,0
PXYA,1
QXYA,1
RXYA,1
SXYA,1
TXYA,1
UXYA,1
VXYA,1
WXYA,1
XXYA,1
YXYA,1
ZXYA,1
AYYA,1
BYYA,1
CYYA,1
DYYA,1
EYYA,1
FYYA,1
GYYA,1
HYYA,1
IYYA,1
JYYA,1
KYYA,0
LYYA,1
MYYA,0
NYYA,1
OYYA,0
PYYA,1
QYYA,0
RYYA,0
SYYA,0
TYYA,0
UYYA,1
VYYA,0
WYYA,0
XYYA,1
YYYA,1
ZYYA,1
AZYA,1
BZYA,1
CZYA,1
DZYA,1
EZYA,1
FZYA,1
GZYA,1
HZYA,1
IZYA,1
JZYA,1
KZYA,1
LZYA,1
MZYA,1
NZYA,1
OZYA,1
PZYA,0
QZYA,1
RZYA,1
SZYA,1
TZYA,1
UZYA,1
VZYA,1
WZYA,1
XZYA,0
YZYA,1
ZZYA,1
AAZA,1
BAZA,1
CAZA,1
DAZA,1
EAZA,1
FAZA,1
GAZA,1
HAZA,0
IAZA,1
JAZA,1
KAZA,1
LAZA,1
MAZA,1
NAZA,1
OAZA,1
PAZA,1
QAZA,1
RAZA,1
SAZA,1
TAZA,1
UAZA,0
VAZA,1
WAZA,1
XAZA,1
YAZA,1
ZAZA,1
ABZA,1
BBZA,1
CBZA,1
DBZA,1
EBZA,1
FBZA,1
GBZA,0
HBZA,1
IBZA,1
JBZA,1
KBZA,1
LBZA,1
MBZA,1
NBZA,1
OBZA,1
PBZA,1
QBZA,1
RBZA,0
SBZA,1
TBZA,1
UBZA,1
VBZA,1
WBZA,1
XBZA,1
YBZA,1
ZBZA,0
ACZA,1
BCZA,1
CCZA,1
DCZA,1
ECZA,1
FCZA,1
GCZA,1
HCZA,1
ICZA,1
JCZA,1
KCZA,1
LCZA,0
MCZA,1
NCZA,0
OCZA,1
PCZA,1
QCZA,1
RCZA,1
SCZA,1
TCZA,1
UCZA,1
VCZA,0
WCZA,1
XCZA,1
YCZA,1
ZCZA,1
ADZA,1
BDZA,1
CDZA,1
DDZA,1
EDZA,1
FDZA,1
GDZA,1
HDZA,0
IDZA,1
JDZA,0
KDZA,1
LDZA,1
MDZA,1
NDZA,1
ODZA,1
PDZA,0
QDZA,1
RDZA,1
SDZA,1
TDZA,1
UDZA,1
VDZA,1
WDZA,1
XDZA,1
YDZA,0
ZDZA,1
AEZA,1
BEZA,0
CEZA,1
DEZA,1
EEZA,1
FEZA,1
GEZA,1
HEZA,0
IEZA,1
JEZA,1
KEZA,1
LEZA,0
MEZA,0
NEZA,0
OEZA,0
PEZA,0
QEZA,0
REZA,0
SEZA,0
TEZA,0
UEZA,0
VEZA,0
WEZA,0
XEZA,0
YEZA,0
ZEZA,0
AFZA,0
BFZA,0
CFZA,0
DFZA,0
EFZA,0
FFZA,0
GFZA,0
HFZA,0
IFZA,0
JFZA,0
KFZA,0
LFZA,0
MFZA,1
NFZA,0
OFZA,0
PFZA,0
QFZA,1
RFZA,0
SFZA,1
TFZA,1
UFZA,1
VFZA,1
WFZA,0
XFZA,0
YFZA,1
ZFZA,1
AGZA,1
BGZA,1
CGZA,1
DGZA,1
EGZA,1
FGZA,1
GGZA,1
HGZA,1
IGZA,1
JGZA,1
KGZA,1
LGZA,1
MGZA,1
NGZA,1
OGZA,1
PGZA,0
QGZA,1
RGZA,1
SGZA,1
TGZA,1
UGZA,1
VGZA,0
WGZA,1
XGZA,1
YGZA,1
ZGZA,0
AHZA,1
BHZA,1
CHZA,1
DHZA,1
EHZA,0
FHZA,1
GHZA,1
HHZA,1
IHZA,0
JHZA,1
KHZA,1
LHZA,1
MHZA,1
NHZA,1
OHZA,1
PHZA,1
QHZA,0
RHZA,1
SHZA,1
THZA,1
UHZA,1
VHZA,1
WHZA,1
XHZA,1
YHZA,1
ZHZA,1
AIZA,1
BIZA,1
CIZA,1
DIZA,1
EIZA,1
FIZA,1
GIZA,0
HIZA,1
IIZA,1
JIZA,1
KIZA,0
LIZA,1
MIZA,0
NIZA,1
OIZA,0
PIZA,1
QIZA,1
RIZA,1
SIZA,1
TIZA,1
UIZA,1
VIZA,1
WIZA,1
XIZA,1
YIZA,1
ZIZA,1
AJZA,1
BJZA,1
CJZA,1
DJZA,1
EJZA,1
FJZA,1
GJZA,1
HJZA,1
IJZA,1
JJZA,1
KJZA,1
LJZA,1
MJZA,1
NJZA,1
OJZA,1
PJZA,1
QJZA,1
RJZA,1
SJZA,1
TJZA,0
UJZA,1
VJZA,1
WJZA,1
XJZA,1
YJZA,0
ZJZA,1
AKZA,0
BKZA,1
CKZA,1
DKZA,0
EKZA,0
FKZA,0
GKZA,0
HKZA,0
IKZA,0
JKZA,0
KKZA,0
LKZA,0
MKZA,0
NKZA,0
OKZA,0
PKZA,0
QKZA,0
RKZA,0
SKZA,0
TKZA,0
UKZA,0
VKZA,0
WKZA,0
XKZA,0
YKZA,0
ZKZA,0
ALZA,0
BLZA,0
CLZA,0
DLZA,0
ELZA,0
FLZA,0
GLZA,0
HLZA,0
ILZA,0
JLZA,0
KLZA,0
LLZA,0
MLZA,0
NLZA,0
OLZA,0
PLZA,0
QLZA,0
RLZA,0
SLZA,0
TLZA,0
ULZA,0
VLZA,0
WLZA,0
XLZA,1
YLZA,0
ZLZA,0
AMZA,0
BMZA,0
CMZA,1
DMZA,1
EMZA,1
FMZA,1
GMZA,0
HMZA,1
IMZA,1
JMZA,1
KMZA,1
LMZA,1
MMZA,1
NMZA,1
OMZA,1
PMZA,1
QMZA,1
RMZA,1
SMZA,1
TMZA,0
UMZA,1
VMZA,1
WMZA,1
XMZA,1
YMZA,1
ZMZA,1
ANZA,1
BNZA,1
CNZA,1
DNZA,1
ENZA,1
FNZA,0
GNZA,1
HNZA,1
INZA,1
JNZA,1
KNZA,1
LNZA,1
MNZA,1
NNZA,1
ONZA,1
PNZA,1
QNZA,1
RNZA,1
SNZA,1
TNZA,1
UNZA,1
VNZA,1
WNZA,1
XNZA,1
YNZA,0
ZNZA,1
AOZA,0
BOZA,1
COZA,1
DOZA,1
EOZA,1
FOZA,1
GOZA,1
HOZA,1
IOZA,1
JOZA,1
KOZA,1
LOZA,1
MOZA,1
NOZA,1
OOZA,1
POZA,0
QOZA,1
ROZA,1
SOZA,1
TOZA,1
UOZA,1
VOZA,1
WOZA,1
XOZA,1
YOZA,1
ZOZA,1
APZA,0
BPZA,0
CPZA,0
DPZA,0
EPZA,0
FPZA,0
GPZA,1
HPZA,1
IPZA,1
JPZA,1
KPZA,1
LPZA,1
MPZA,1
NPZA,1
OPZA,1
PPZA,1
QPZA,1
RPZA,1
SPZA,1
TPZA,1
UPZA,1
VPZA,1
WPZA,1
XPZA,1
YPZA,1
ZPZA,1
AQZA,1
BQZA,1
CQZA,1
DQZA,1
EQZA,1
FQZA,1
GQZA,1
HQZA,1
IQZA,1
JQZA,1
KQZA,1
LQZA,1
MQZA,1
NQZA,1
OQZA,1
PQZA,1
QQZA,1
RQZA,1
SQZA,1
TQZA,1
UQZA,1
VQZA,1
WQZA,0
XQZA,1
YQZA,1
ZQZA,1
ARZA,1
BRZA,1
CRZA,1
DRZA,1
ERZA,1
FRZA,1
GRZA,1
HRZA,1
IRZA,1
JRZA,1
KRZA,1
LRZA,1
MRZA,1
NRZA,1
ORZA,1
PRZA,1
QRZA,1
RRZA,1
SRZA,1
TRZA,1
URZA,1
VRZA,1
WRZA,0
XRZA,1
YRZA,0
ZRZA,0
ASZA,1
BSZA,1
CSZA,1
DSZA,1
ESZA,1
FSZA,1
GSZA,0
HSZA,1
ISZA,0
JSZA,1
KSZA,1
LSZA,0
MSZA,0
NSZA,1
OSZA,1
PSZA,1
QSZA,1
RSZA,1
SSZA,1
TSZA,1
USZA,1
VSZA,0
WSZA,1
XSZA,1
YSZA,1
ZSZA,1
ATZA,1
BTZA,0
CTZA,1
DTZA,1
ETZA,1
FTZA,1
GTZA,1
HTZA,1
ITZA,0
JTZA,0
KTZA,0
LTZA,0
MTZA,0
NTZA,0
OTZA,0
PTZA,0
QTZA,0
RTZA,0
STZA,0
TTZA,0
UTZA,0
VTZA,0
WTZA,0
XTZA,0
YTZA,0
ZTZA,0
AUZA,0
BUZA,0
CUZA,0
DUZA,0
EUZA,0
FUZA,0
GUZA,0
HUZA,0
IUZA,0
JUZA,0
KUZA,0
LUZA,0
MUZA,0
NUZA,0
OUZA,1
PUZA,1
QUZA,1
RUZA,0
SUZA,0
TUZA,1
UUZA,1
VUZA,1
WUZA,1
XUZA,0
YUZA,1
ZUZA,1
AVZA,1
BVZA,1
CVZA,1
DVZA,1
EVZA,1
FVZA,1
GVZA,1
HVZA,0
IVZA,1
JVZA,1
KVZA,1
LVZA,1
MVZA,1
NVZA,1
OVZA,1
PVZA,1
QVZA,1
RVZA,1
SVZA,0
TVZA,1
UVZA,1
VVZA,1
WVZA,0
XVZA,1
YVZA,1
ZVZA,1
AWZA,1
BWZA,1
CWZA,1
DWZA,1
EWZA,1
FWZA,1
GWZA,0
HWZA,1
IWZA,0
JWZA,1
KWZA,1
LWZA,1
MWZA,1
NWZA,1
OWZA,1
PWZA,1
QWZA,1
RWZA,1
SWZA,1
TWZA,1
UWZA,1
VWZA,1
WWZA,1
XWZA,1
YWZA,1
ZWZA,0
AXZA,1
BXZA,1
CXZA,1
DXZA,1
EXZA,1
FXZA,1
GXZA,1
HXZA,1
IXZA,1
JXZA,1
KXZA,1
LXZA,0
MXZA,1
NXZA,1
OXZA,1
PXZA,1
QXZA,1
RXZA,0
SXZA,1
TXZA,1
UXZA,1
VXZA,1
WXZA,1
XXZA,0
YXZA,0
ZXZA,1
AYZA,1
BYZA,1
CYZA,1
DYZA,0
EYZA,0
FYZA,0
GYZA,0
HYZA,0
IYZA,0
JYZA,0
KYZA,0
LYZA,0
MYZA,0
NYZA,0
OYZA,0
PYZA,0
QYZA,0
RYZA,0
SYZA,0
TYZA,1
UYZA,1
VYZA,0
WYZA,1
XYZA,1
YYZA,1
ZYZA,1
AZZA,1
BZZA,1
CZZA,1
DZZA,1
EZZA,1
FZZA,1
GZZA,1
HZZA,1
IZZA,1
JZZA,1
KZZA,1
LZZA,1
MZZA,0
NZZA,1
OZZA,1
PZZA,1
QZZA,1
RZZA,1
SZZA,1
TZZA,1
UZZA,1
VZZA,1
WZZA,1
XZZA,1
YZZA,1
ZZZA,0
AAAB,1
BAAB,1
CAAB,1
DAAB,1
EAAB,1
FAAB,1
GAAB,1
HAAB,1
IAAB,1
JAAB,1
KAAB,1
LAAB,1
MAAB,1
NAAB,1
OAAB,1
PAAB,1
QAAB,0
RAAB,0
SAAB,0
TAAB,0
UAAB,0
VAAB,0
WAAB,0
XAAB,0
YAAB,0
ZAAB,1
ABAB,1
BBAB,1
CBAB,1
DBAB,1
EBAB,1
FBAB,1
GBAB,1
HBAB,1
IBAB,1
JBAB,1
KBAB,1
LBAB,1
MBAB,1
NBAB,1
OBAB,1
PBAB,1
QBAB,1
RBAB,1
SBAB,1
TBAB,1
UBAB,0
VBAB,0
WBAB,1
XBAB,0
YBAB,1
ZBAB,1
ACAB,1
BCAB,1
CCAB,1
DCAB,0
ECAB,0
FCAB,0
GCAB,0
HCAB,1
ICAB,1
JCAB,1
KCAB,1
LCAB,1
MCAB,1
NCAB,1
OCAB,1
PCAB,1
QCAB,1
RCAB,1
SCAB,1
TCAB,1
UCAB,1
VCAB,1
WCAB,1
XCAB,1
YCAB,1
ZCAB,1
ADAB,1
BDAB,1
CDAB,1
DDAB,1
EDAB,1
FDAB,1
GDAB,1
HDAB,1
IDAB,1
JDAB,1
KDAB,1
LDAB,1
MDAB,1
NDAB,1
ODAB,1
PDAB,1
QDAB,1
RDAB,1
SDAB,0
TDAB,1
UDAB,1
VDAB,1
WDAB,0
XDAB,1
YDAB,1
ZDAB,1
AEAB,1
BEAB,1
CEAB,1
DEAB,1
EEAB,1
FEAB,1
GEAB,1
HEAB,1
IEAB,1
JEAB,1
KEAB,1
LEAB,1
MEAB,1
NEAB,0
OEAB,0
PEAB,1
QEAB,0
REAB,1
SEAB,1
TEAB,1
UEAB,1
VEAB,0
WEAB,0
XEAB,0
YEAB,0
ZEAB,0
AFAB,0
BFAB,0
CFAB,0
DFAB,0
EFAB,1
FFAB,1
GFAB,1
HFAB,0
IFAB,1
JFAB,1
KFAB,1
LFAB,1
MFAB,1
NFAB,1
OFAB,1
PFAB,1
QFAB,0
RFAB,1
SFAB,1
TFAB,1
UFAB,1
VFAB,0
WFAB,1
XFAB,1
YFAB,0
ZFAB,0
AGAB,1
BGAB,0
CGAB,0
DGAB,0
EGAB,0
FGAB,0
GGAB,0
HGAB,0
IGAB,0
JGAB,0
KGAB,0
LGAB,0
MGAB,0
NGAB,0
OGAB,0
PGAB,0
QGAB,0
RGAB,0
SGAB,0
TGAB,0
UGAB,0
VGAB,0
WGAB,0
XGAB,0
YGAB,0
ZGAB,0
AHAB,0
BHAB,0
CHAB,0
DHAB,0
EHAB,0
FHAB,0
GHAB,0
HHAB,0
IHAB,0
JHAB,0
KHAB,0
LHAB,0
MHAB,0
NHAB,0
OHAB,0
PHAB,0
QHAB,0
RHAB,0
SHAB,1
THAB,1
UHAB,0
VHAB,1
WHAB,1
XHAB,1
YHAB,1
ZHAB,1
AIAB,1
BIAB,0
CIAB,1
DIAB,1
EIAB,0
FIAB,1
GIAB,1
HIAB,1
IIAB,1
JIAB,1
KIAB,1
LIAB,1
MIAB,1
NIAB,1
OIAB,1
PIAB,1
QIAB,1
RIAB,1
SIAB,1
TIAB,1
UIAB,0
VIAB,1
WIAB,1
XIAB,0
YIAB,1
ZIAB,1
AJAB,1
BJAB,1
CJAB,1
DJAB,1
EJAB,0
FJAB,0
GJAB,1
HJAB,1
IJAB,0
JJAB,0
KJAB,1
LJAB,1
MJAB,1
NJAB,1
OJAB,0
PJAB,1
QJAB,0
RJAB,1
SJAB,0
TJAB,0
UJAB,1
VJAB,1
WJAB,0
XJAB,1
YJAB,1
ZJAB,1
AKAB,0
BKAB,0
CKAB,0
DKAB,1
EKAB,1
FKAB,1
GKAB,1
HKAB,1
IKAB,1
JKAB,1
KKAB,1
LKAB,1
MKAB,1
NKAB,1
OKAB,1
PKAB,1
QKAB,1
RKAB,0
SKAB,1
TKAB,0
UKAB,1
VKAB,1
WKAB,1
XKAB,1
YKAB,1
ZKAB,1
ALAB,1
BLAB,1
CLAB,1
DLAB,1
ELAB,0
FLAB,0
GLAB,0
HLAB,0
ILAB,0
JLAB,0
KLAB,0
LLAB,0
MLAB,0
NLAB,0
OLAB,0
PLAB,0
QLAB,0
RLAB,0
SLAB,0
TLAB,0
ULAB,0
VLAB,0
WLAB,0
XLAB,0
YLAB,0
ZLAB,0
AMAB,0
BMAB,0
CMAB,0
DMAB,0
EMAB,0
FMAB,0
GMAB,0
HMAB,0
IMAB,0
JMAB,0
KMAB,0
LMAB,1
MMAB,0
NMAB,0
OMAB,0
PMAB,0
QMAB,1
RMAB,1
SMAB,1
TMAB,1
UMAB,0
VMAB,0
WMAB,0
XMAB,1
YMAB,0
ZMAB,1
ANAB,0
BNAB,1
CNAB,0
DNAB,1
ENAB,1
FNAB,1
GNAB,1
HNAB,0
INAB,0
JNAB,1
KNAB,0
LNAB,1
MNAB,1
NNAB,1
ONAB,0
PNAB,0
QNAB,1
RNAB,1
SNAB,1
TNAB,1
UNAB,1
VNAB,1
WNAB,1
XNAB,1
YNAB,1
ZNAB,1
AOAB,1
BOAB,1
COAB,1
DOAB,1
EOAB,1
FOAB,1
GOAB,0
HOAB,1
IOAB,1
JOAB,1
KOAB,1
LOAB,1
MOAB,0
NOAB,1
OOAB,1
POAB,1
QOAB,1
ROAB,0
SOAB,1
TOAB,1
UOAB,1
VOAB,1
WOAB,1
XOAB,1
YOAB,1
ZOAB,1
APAB,1
BPAB,1
CPAB,1
DPAB,1
EPAB,1
FPAB,1
GPAB,1
HPAB,1
IPAB,1
JPAB,1
KPAB,1
LPAB,1
MPAB,1
NPAB,0
OPAB,1
PPAB,1
QPAB,1
RPAB,1
SPAB,1
TPAB,0
UPAB,1
VPAB,1
WPAB,1
XPAB,1
YPAB,1
ZPAB,1
AQAB,1
BQAB,1
CQAB,0
DQAB,0
EQAB,1
FQAB,1
GQAB,1
HQAB,1
IQAB,1
JQAB,1
KQAB,1
LQAB,1
MQAB,1
NQAB,1
OQAB,1
PQAB,1
QQAB,1
RQAB,1
SQAB,1
TQAB,1
UQAB,1
VQAB,1
WQAB,0
XQAB,1
YQAB,1
ZQAB,0
ARAB,0
BRAB,0
CRAB,0
DRAB,0
ERAB,0
FRAB,0
GRAB,0
HRAB,0
IRAB,0
JRAB,0
KRAB,0
LRAB,0
MRAB,1
NRAB,1
ORAB,0
PRAB,1
QRAB,1
RRAB,1
SRAB,1
TRAB,0
URAB,1
VRAB,1
WRAB,1
XRAB,1
YRAB,1
ZRAB,1
ASAB,1
BSAB,1
CSAB,1
DSAB,1
ESAB,1
FSAB,1
GSAB,1
HSAB,0
ISAB,1
JSAB,0
KSAB,0
LSAB,1
MSAB,1
NSAB,1
OSAB,1
PSAB,0
QSAB,1
RSAB,1
SSAB,1
TSAB,1
USAB,1
VSAB,1
WSAB,1
XSAB,1
YSAB,0
ZSAB,1
ATAB,1
BTAB,1
CTAB,0
DTAB,1
ETAB,1
FTAB,1
GTAB,1
HTAB,1
ITAB,1
JTAB,1
KTAB,1
LTAB,1
MTAB,0
NTAB,1
OTAB,1
PTAB,1
QTAB,1
RTAB,1
STAB,1
TTAB,1
UTAB,1
VTAB,1
WTAB,1
XTAB,1
YTAB,1
ZTAB,1
AUAB,0
BUAB,1
CUAB,1
DUAB,1
EUAB,1
FUAB,1
GUAB,1
HUAB,1
IUAB,0
JUAB,1
KUAB,1
LUAB,1
MUAB,1
NUAB,1
OUAB,1
PUAB,1
QUAB,1
RUAB,1
SUAB,1
TUAB,1
UUAB,1
VUAB,1
WUAB,1
XUAB,1
YUAB,1
ZUAB,0
AVAB,1
BVAB,1
CVAB,1
DVAB,1
EVAB,1
FVAB,0
GVAB,1
HVAB,1
IVAB,1
JVAB,1
KVAB,1
LVAB,0
MVAB,1
NVAB,1
OVAB,1
PVAB,1
QVAB,0
RVAB,1
SVAB,0
TVAB,0
UVAB,0
VVAB,0
WVAB,0
XVAB,0
YVAB,0
ZVAB,0
AWAB,0
BWAB,0
CWAB,0
DWAB,0
EWAB,0
FWAB,0
GWAB,0
HWAB,0
IWAB,0
JWAB,0
KWAB,0
LWAB,0
MWAB,0
NWAB,0
OWAB,0
PWAB,0
QWAB,0
RWAB,0
SWAB,0
TWAB,0
UWAB,0
VWAB,0
WWAB,0
XWAB,1
YWAB,1
ZWAB,1
AXAB,1
BXAB,1
CXAB,0
DXAB,1
EXAB,1
FXAB,1
GXAB,0
HXAB,1
IXAB,1
JXAB,1
KXAB,0
LXAB,1
MXAB,1
NXAB,1
OXAB,1
PXAB,1
QXAB,1
RXAB,1
SXAB,0
TXAB,0
UXAB,0
VXAB,0
WXAB,0
XXAB,1
YXAB,1
ZXAB,1
AYAB,1
BYAB,1
CYAB,1
DYAB,0
EYAB,1
FYAB,1
GYAB,1
HYAB,1
IYAB,1
JYAB,1
KYAB,1
LYAB,1
MYAB,1
NYAB,1
OYAB,1
PYAB,1
QYAB,0
RYAB,1
SYAB,1
TYAB,1
UYAB,1
VYAB,0
WYAB,0
XYAB,0
YYAB,0
ZYAB,1
AZAB,1
BZAB,1
CZAB,1
DZAB,1
EZAB,1
FZAB,1
GZAB,1
HZAB,1
IZAB,1
JZAB,1
KZAB,1
LZAB,1
MZAB,1
NZAB,1
OZAB,1
PZAB,1
QZAB,1
RZAB,1
SZAB,1
TZAB,1
UZAB,1
VZAB,1
WZAB,1
XZAB,1
YZAB,1
ZZAB,0
AABB,0
BABB,1
CABB,0
DABB,1
EABB,1
FABB,0
GABB,1
HABB,1
IABB,1
JABB,1
KABB,0
LABB,1
MABB,0
NABB,1
OABB,1
PABB,1
QABB,1
RABB,1
SABB,1
TABB,1
UABB,1
VABB,1
WABB,0
XABB,1
YABB,0
ZABB,1
ABBB,1
BBBB,1
CBBB,0
DBBB,1
EBBB,1
FBBB,1
GBBB,1
HBBB,0
IBBB,1
JBBB,1
KBBB,1
LBBB,1
MBBB,1
NBBB,1
OBBB,1
PBBB,1
QBBB,1
RBBB,1
SBBB,1
TBBB,1
UBBB,1
VBBB,1
WBBB,0
XBBB,1
YBBB,1
ZBBB,1
ACBB,1
BCBB,1
CCBB,1
DCBB,1
ECBB,1
FCBB,1
GCBB,1
HCBB,1
ICBB,1
JCBB,1
KCBB,1
LCBB,1
MCBB,1
NCBB,1
OCBB,1
PCBB,1
QCBB,1
RCBB,1
SCBB,1
TCBB,1
UCBB,1
VCBB,1
WCBB,1
XCBB,1
YCBB,1
ZCBB,1
ADBB,1
BDBB,1
CDBB,0
DDBB,1
EDBB,1
FDBB,1
GDBB,1
HDBB,0
IDBB,0
JDBB,1
KDBB,1
LDBB,1
MDBB,1
NDBB,1
ODBB,1
PDBB,1
QDBB,1
RDBB,1
SDBB,1
TDBB,1
UDBB,1
VDBB,1
WDBB,1
XDBB,1
YDBB,0
ZDBB,0
AEBB,1
BEBB,1
CEBB,0
DEBB,0
EEBB,0
FEBB,1
GEBB,1
HEBB,1
IEBB,1
JEBB,0
KEBB,1
LEBB,1
MEBB,1
NEBB,1
OEBB,1
PEBB,1
QEBB,0
REBB,1
SEBB,0
TEBB,1
UEBB,1
VEBB,1
WEBB,1
XEBB,1
YEBB,1
ZEBB,1
AFBB,0
BFBB,1
CFBB,1
DFBB,1
EFBB,1
FFBB,1
GFBB,1
HFBB,1
IFBB,1
JFBB,1
KFBB,1
LFBB,1
MFBB,1
NFBB,1
OFBB,1
PFBB,0
QFBB,1
RFBB,1
SFBB,1
TFBB,1
UFBB,1
VFBB,1
WFBB,1
XFBB,0
YFBB,0
ZFBB,1
AGBB,1
BGBB,0
CGBB,0
DGBB,0
EGBB,0
FGBB,0
GGBB,0
HGBB,0
IGBB,0
JGBB,0
KGBB,0
LGBB,1
MGBB,1
NGBB,1
OGBB,1
PGBB,0
QGBB,1
RGBB,1
SGBB,1
TGBB,1
UGBB,1
VGBB,0
WGBB,1
XGBB,1
YGBB,1
ZGBB,1
AHBB,1
BHBB,1
CHBB,1
DHBB,1
EHBB,1
FHBB,1
GHBB,1
HHBB,1
IHBB,1
JHBB,1
KHBB,0
LHBB,0
MHBB,0
NHBB,0
OHBB,0
PHBB,0
QHBB,0
RHBB,0
SHBB,1
THBB,1
UHBB,1
VHBB,1
WHBB,1
XHBB,1
YHBB,1
ZHBB,1
AIBB,1
BIBB,1
CIBB,0
DIBB,1
EIBB,1
FIBB,1
GIBB,1
HIBB,1
IIBB,0
JIBB,1
KIBB,1
LIBB,1
MIBB,1
NIBB,1
OIBB,1
PIBB,0
QIBB,1
RIBB,1
SIBB,1
TIBB,1
UIBB,1
VIBB,1
WIBB,1
XIBB,1
YIBB,0
ZIBB,1
AJBB,1
BJBB,1
CJBB,1
DJBB,0
EJBB,1
FJBB,1
GJBB,0
HJBB,1
IJBB,1
JJBB,1
KJBB,1
LJBB,1
MJBB,0
NJBB,1
OJBB,1
PJBB,1
QJBB,1
RJBB,1
SJBB,1
TJBB,1
UJBB,1
VJBB,0
WJBB,0
XJBB,1
YJBB,1
ZJBB,1
AKBB,1
BKBB,1
CKBB,1
DKBB,1
EKBB,1
FKBB,1
GKBB,1
HKBB,1
IKBB,1
JKBB,1
KKBB,1
LKBB,0
MKBB,0
NKBB,1
OKBB,1
PKBB,0
QKBB,1
RKBB,1
SKBB,1
TKBB,1
UKBB,1
VKBB,0
WKBB,0
XKBB,1
YKBB,1
ZKBB,1
ALBB,1
BLBB,1
CLBB,1
DLBB,1
ELBB,1
FLBB,1
GLBB,1
HLBB,1
ILBB,1
JLBB,1
KLBB,1
LLBB,1
MLBB,1
NLBB,0
OLBB,1
PLBB,1
QLBB,1
RLBB,1
SLBB,1
TLBB,1
ULBB,1
VLBB,1
WLBB,1
XLBB,1
YLBB,1
ZLBB,0
AMBB,0
BMBB,0
CMBB,0
DMBB,0
EMBB,0
FMBB,0
GMBB,0
HMBB,0
IMBB,0
JMBB,0
KMBB,0
LMBB,0
MMBB,0
NMBB,0
OMBB,0
PMBB,0
QMBB,0
RMBB,0
SMBB,0
TMBB,0
UMBB,1
VMBB,1
WMBB,1
XMBB,1
YMBB,0
ZMBB,1
ANBB,1
BNBB,1
CNBB,1
DNBB,0
ENBB,0
FNBB,1
GNBB,1
HNBB,1
INBB,1
JNBB,1
KNBB,0
LNBB,1
MNBB,1
NNBB,1
ONBB,1
PNBB,0
QNBB,1
RNBB,1
SNBB,1
TNBB,0
UNBB,1
VNBB,1
WNBB,1
XNBB,1
YNBB,0
ZNBB,1
AOBB,1
BOBB,1
COBB,1
DOBB,1
EOBB,1
FOBB,1
GOBB,0
HOBB,1
IOBB,1
JOBB,1
KOBB,1
LOBB,1
MOBB,1
NOBB,1
OOBB,1
POBB,1
QOBB,0
ROBB,1
SOBB,1
TOBB,1
UOBB,1
VOBB,1
WOBB,1
XOBB,1
YOBB,1
ZOBB,1
APBB,1
BPBB,1
CPBB,0
DPBB,1
EPBB,1
FPBB,1
GPBB,1
HPBB,1
IPBB,1
JPBB,1
KPBB,1
LPBB,1
MPBB,0
NPBB,1
OPBB,1
PPBB,1
QPBB,1
RPBB,1
SPBB,1
TPBB,1
UPBB,1
VPBB,1
WPBB,1
XPBB,1
YPBB,1
ZPBB,1
AQBB,0
BQBB,1
CQBB,0
DQBB,1
EQBB,1
FQBB,0
GQBB,1
HQBB,1
IQBB,0
JQBB,0
KQBB,0
LQBB,0
MQBB,0
NQBB,0
OQBB,0
PQBB,0
QQBB,0
RQBB,0
SQBB,0
TQBB,0
UQBB,0
VQBB,1
WQBB,1
XQBB,1
YQBB,1
ZQBB,0
ARBB,1
BRBB,1
CRBB,1
DRBB,1
ERBB,1
FRBB,0
GRBB,1
HRBB,1
IRBB,0
JRBB,0
KRBB,1
LRBB,1
MRBB,1
NRBB,1
ORBB,1
PRBB,1
QRBB,1
RRBB,1
SRBB,1
TRBB,1
URBB,0
VRBB,1
WRBB,1
XRBB,1
YRBB,0
ZRBB,1
ASBB,1
BSBB,1
CSBB,1
DSBB,1
ESBB,1
FSBB,1
GSBB,1
HSBB,1
ISBB,0
JSBB,1
KSBB,0
LSBB,1
MSBB,1
NSBB,1
OSBB,1
PSBB,1
QSBB,1
RSBB,1
SSBB,1
TSBB,1
USBB,1
VSBB,1
WSBB,0
XSBB,1
YSBB,1
ZSBB,1
ATBB,1
BTBB,1
CTBB,0
DTBB,0
ETBB,0
FTBB,1
GTBB,1
HTBB,0
ITBB,1
JTBB,1
KTBB,1
LTBB,1
MTBB,1
NTBB,1
OTBB,1
PTBB,1
QTBB,1
RTBB,1
STBB,1
TTBB,1
UTBB,1
VTBB,1
WTBB,1
XTBB,1
YTBB,1
ZTBB,1
AUBB,1
BUBB,1
CUBB,1
DUBB,1
EUBB,1
FUBB,1
GUBB,1
HUBB,1
IUBB,1
JUBB,1
KUBB,1
LUBB,1
MUBB,1
NUBB,1
OUBB,1
PUBB,1
QUBB,1
RUBB,1
SUBB,1
TUBB,1
UUBB,1
VUBB,1
WUBB,1
XUBB,1
YUBB,1
ZUBB,1
AVBB,1
BVBB,1
CVBB,1
DVBB,1
EVBB,1
FVBB,1
GVBB,0
HVBB,0
IVBB,0
JVBB,1
KVBB,1
LVBB,1
MVBB,1
NVBB,1
OVBB,1
PVBB,0
QVBB,1
RVBB,1
SVBB,1
TVBB,1
UVBB,1
VVBB,1
WVBB,1
XVBB,0
YVBB,1
ZVBB,1
AWBB,1
BWBB,1
CWBB,1
DWBB,1
EWBB,1
FWBB,1
GWBB,1
HWBB,1
IWBB,1
JWBB,1
KWBB,1
LWBB,1
MWBB,1
NWBB,0
OWBB,1
PWBB,0
QWBB,1
RWBB,0
SWBB,0
TWBB,1
UWBB,1
VWBB,1
WWBB,1
XWBB,1
YWBB,1
ZWBB,1
AXBB,1
BXBB,0
CXBB,1
DXBB,1
EXBB,1
FXBB,1
GXBB,1
HXBB,1
IXBB,1
JXBB,1
KXBB,1
LXBB,1
MXBB,0
NXBB,1
OXBB,1
PXBB,1
QXBB,0
RXBB,0
SXBB,1
TXBB,1
UXBB,1
VXBB,1
WXBB,1
XXBB,1
YXBB,1
ZXBB,0
AYBB,1
BYBB,1
CYBB,1
DYBB,0
EYBB,1
FYBB,1
GYBB,0
HYBB,1
IYBB,1
JYBB,1
KYBB,1
LYBB,1
MYBB,1
NYBB,1
OYBB,1
PYBB,1
QYBB,1
RYBB,1
SYBB,1
TYBB,1
UYBB,1
VYBB,1
WYBB,0
XYBB,1
YYBB,1
ZYBB,1
AZBB,1
BZBB,1
CZBB,1
DZBB,1
EZBB,1
FZBB,1
GZBB,1
HZBB,1
IZBB,1
JZBB,0
KZBB,0
LZBB,0
MZBB,1
NZBB,0
OZBB,0
PZBB,0
QZBB,0
RZBB,0
SZBB,0
TZBB,0
UZBB,1
VZBB,1
WZBB,1
XZBB,1
YZBB,1
ZZBB,1
AACB,1
BACB,1
CACB,1
DACB,1
EACB,0
FACB,1
GACB,1
HACB,1
IACB,1
JACB,1
KACB,1
LACB,1
MACB,1
NACB,1
OACB,1
PACB,1
QACB,1
RACB,1
SACB,1
TACB,1
UACB,1
VACB,1
WACB,1
XACB,1
YACB,1
ZACB,1
ABCB,1
BBCB,1
CBCB,0
DBCB,1
EBCB,0
FBCB,1
GBCB,1
HBCB,1
IBCB,1
JBCB,1
KBCB,1
LBCB,1
MBCB,1
NBCB,1
OBCB,0
PBCB,0
QBCB,1
RBCB,1
SBCB,1
TBCB,1
UBCB,1
VBCB,1
WBCB,1
XBCB,1
YBCB,1
ZBCB,1
ACCB,0
BCCB,1
CCCB,1
DCCB,0
ECCB,0
FCCB,1
GCCB,1
HCCB,1
ICCB,1
JCCB,1
KCCB,1
LCCB,1
MCCB,0
NCCB,0
OCCB,0
PCCB,0
QCCB,0
RCCB,0
SCCB,0
TCCB,0
UCCB,0
VCCB,0
WCCB,0
XCCB,0
YCCB,1
ZCCB,0
ADCB,0
BDCB,1
CDCB,1
DDCB,1
EDCB,0
FDCB,1
GDCB,0
HDCB,1
IDCB,1
JDCB,1
KDCB,1
LDCB,1
MDCB,1
NDCB,1
ODCB,1
PDCB,1
QDCB,1
RDCB,1
SDCB,1
TDCB,1
UDCB,0
VDCB,1
WDCB,1
XDCB,1
YDCB,1
ZDCB,1
AECB,1
BECB,1
CECB,0
DECB,1
EECB,1
FECB,1
GECB,1
HECB,0
IECB,1
JECB,0
KECB,0
LECB,1
MECB,1
NECB,1
OECB,1
PECB,1
QECB,1
RECB,1
SECB,1
TECB,1
UECB,1
VECB,1
WECB,0
XECB,1
YECB,1
ZECB,0
AFCB,1
BFCB,0
CFCB,1
DFCB,1
EFCB,1
FFCB,1
GFCB,1
HFCB,1
IFCB,1
JFCB,1
KFCB,1
LFCB,1
MFCB,1
NFCB,1
OFCB,0
PFCB,1
QFCB,1
RFCB,1
SFCB,0
TFCB,0
UFCB,1
VFCB,0
WFCB,1
XFCB,1
YFCB,0
ZFCB,1
AGCB,1
BGCB,1
CGCB,1
DGCB,0
EGCB,1
FGCB,1
GGCB,0
HGCB,1
IGCB,1
JGCB,1
KGCB,1
LGCB,1
MGCB,1
NGCB,1
OGCB,1
PGCB,0
QGCB,1
RGCB,1
SGCB,1
TGCB,1
UGCB,0
VGCB,1
WGCB,0
XGCB,1
YGCB,1
ZGCB,1
AHCB,0
BHCB,1
CHCB,1
DHCB,1
EHCB,1
FHCB,1
GHCB,0
HHCB,1
IHCB,1
JHCB,1
KHCB,1
LHCB,0
MHCB,1
NHCB,1
OHCB,1
PHCB,1
QHCB,1
RHCB,1
SHCB,1
THCB,1
UHCB,1
VHCB,1
WHCB,0
XHCB,1
YHCB,1
ZHCB,1
AICB,1
BICB,1
CICB,1
DICB,1
EICB,1
FICB,1
GICB,1
HICB,1
IICB,0
JICB,0
KICB,1
LICB,1
MICB,1
NICB,1
OICB,1
PICB,1
QICB,1
RICB,1
SICB,1
TICB,1
UICB,1
VICB,1
WICB,0
XICB,1
YICB,1
ZICB,1
AJCB,1
BJCB,1
CJCB,1
DJCB,1
EJCB,1
FJCB,1
GJCB,1
HJCB,1
IJCB,0
JJCB,1
KJCB,1
LJCB,1
MJCB,1
NJCB,1
OJCB,1
PJCB,0
QJCB,0
RJCB,0
SJCB,0
TJCB,0
UJCB,0
VJCB,0
WJCB,0
XJCB,0
YJCB,0
ZJCB,0
AKCB,0
BKCB,0
CKCB,0
DKCB,1
EKCB,0
FKCB,0
GKCB,0
HKCB,0
IKCB,0
JKCB,0
KKCB,0
LKCB,0
MKCB,0
NKCB,0
OKCB,0
PKCB,0
QKCB,0
RKCB,0
SKCB,0
TKCB,0
UKCB,1
VKCB,1
WKCB,0
XKCB,0
YKCB,0
ZKCB,1
ALCB,1
BLCB,1
CLCB,1
DLCB,1
ELCB,1
FLCB,1
GLCB,1
HLCB,1
ILCB,1
JLCB,1
KLCB,1
LLCB,1
MLCB,1
NLCB,1
OLCB,1
PLCB,1
QLCB,0
RLCB,1
SLCB,1
TLCB,1
ULCB,1
VLCB,1
WLCB,1
XLCB,1
YLCB,1
ZLCB,1
AMCB,0
BMCB,1
CMCB,0
DMCB,1
EMCB,1
FMCB,1
GMCB,1
HMCB,1
IMCB,1
JMCB,1
KMCB,1
LMCB,1
MMCB,0
NMCB,1
OMCB,1
PMCB,0
QMCB,1
RMCB,1
SMCB,1
TMCB,1
UMCB,1
VMCB,1
WMCB,1
XMCB,1
YMCB,1
ZMCB,1
ANCB,1
BNCB,1
CNCB,0
DNCB,1
ENCB,1
FNCB,0
GNCB,1
HNCB,1
INCB,1
JNCB,1
KNCB,0
LNCB,1
MNCB,1
NNCB,1
ONCB,1
PNCB,1
QNCB,1
RNCB,1
SNCB,1
TNCB,0
UNCB,1
VNCB,1
WNCB,1
XNCB,1
YNCB,1
ZNCB,1
AOCB,1
BOCB,1
COCB,1
DOCB,1
EOCB,1
FOCB,1
GOCB,1
HOCB,1
IOCB,1
JOCB,1
KOCB,0
LOCB,1
MOCB,1
NOCB,1
OOCB,0
POCB,1
QOCB,0
ROCB,1
SOCB,1
TOCB,1
UOCB,1
VOCB,1
WOCB,1
XOCB,1
YOCB,1
ZOCB,0
APCB,1
BPCB,1
CPCB,0
DPCB,0
EPCB,0
FPCB,0
GPCB,0
HPCB,0
IPCB,0
JPCB,0
KPCB,0
LPCB,0
MPCB,0
NPCB,0
OPCB,0
PPCB,0
QPCB,0
RPCB,0
SPCB,0
TPCB,0
UPCB,0
VPCB,0
WPCB,0
XPCB,0
YPCB,1
ZPCB,0
AQCB,1
BQCB,1
CQCB,1
DQCB,0
EQCB,1
FQCB,1
GQCB,1
HQCB,1
IQCB,1
JQCB,1
KQCB,1
LQCB,1
MQCB,1
NQCB,1
OQCB,1
PQCB,1
QQCB,1
RQCB,1
SQCB,0
TQCB,1
UQCB,1
VQCB,1
WQCB,1
XQCB,1
YQCB,1
ZQCB,0
ARCB,1
BRCB,1
CRCB,1
DRCB,0
ERCB,1
FRCB,1
GRCB,1
HRCB,1
IRCB,1
JRCB,1
KRCB,1
LRCB,1
MRCB,1
NRCB,1
ORCB,1
PRCB,1
QRCB,1
RRCB,1
SRCB,0
TRCB,1
URCB,1
VRCB,1
WRCB,1
XRCB,0
YRCB,1
ZRCB,1
ASCB,0
BSCB,1
CSCB,1
DSCB,1
ESCB,1
FSCB,0
GSCB,1
HSCB,1
ISCB,1
JSCB,1
KSCB,1
LSCB,1
MSCB,1
NSCB,1
OSCB,1
PSCB,1
QSCB,1
RSCB,1
SSCB,0
TSCB,0
USCB,0
VSCB,0
WSCB,0
XSCB,0
YSCB,0
ZSCB,0
ATCB,0
BTCB,0
CTCB,0
DTCB,1
ETCB,1
FTCB,1
GTCB,1
HTCB,1
ITCB,1
JTCB,1
KTCB,1
LTCB,1
MTCB,1
NTCB,1
OTCB,1
PTCB,1
QTCB,1
RTCB,1
STCB,1
TTCB,1
UTCB,1
VTCB,1
WTCB,1
XTCB,1
YTCB,1
ZTCB,0
AUCB,1
BUCB,1
CUCB,0
DUCB,0
EUCB,1
FUCB,1
GUCB,1
HUCB,1
IUCB,1
JUCB,1
KUCB,1
LUCB,1
MUCB,0
NUCB,1
OUCB,1
PUCB,1
QUCB,1
RUCB,1
SUCB,0
TUCB,1
UUCB,1
VUCB,1
WUCB,1
XUCB,1
YUCB,1
ZUCB,1
AVCB,1
BVCB,1
CVCB,1
DVCB,1
EVCB,1
FVCB,0
GVCB,1
HVCB,1
IVCB,1
JVCB,1
KVCB,1
LVCB,1
MVCB,1
NVCB,1
OVCB,1
PVCB,0
QVCB,1
RVCB,1
SVCB,1
TVCB,1
UVCB,0
VVCB,0
WVCB,1
XVCB,1
YVCB,1
ZVCB,1
AWCB,1
BWCB,1
CWCB,1
DWCB,1
EWCB,1
FWCB,1
GWCB,0
HWCB,1
IWCB,1
JWCB,1
KWCB,1
LWCB,1
MWCB,1
NWCB,1
OWCB,1
PWCB,1
QWCB,1
RWCB,1
SWCB,0
TWCB,1
UWCB,1
VWCB,1
WWCB,1
XWCB,1
YWCB,0
ZWCB,1
AXCB,0
BXCB,1
CXCB,1
DXCB,1
EXCB,1
FXCB,1
GXCB,1
HXCB,1
IXCB,1
JXCB,1
KXCB,1
LXCB,1
MXCB,1
NXCB,1
OXCB,1
PXCB,1
QXCB,1
RXCB,1
SXCB,1
TXCB,1
UXCB,1
VXCB,1
WXCB,1
XXCB,1
YXCB,1
ZXCB,1
AYCB,1
BYCB,1
CYCB,0
DYCB,1
EYCB,0
FYCB,1
GYCB,1
HYCB,1
IYCB,1
JYCB,1
KYCB,1
LYCB,1
MYCB,0
NYCB,1
OYCB,1
PYCB,1
QYCB,1
RYCB,1
SYCB,1
TYCB,0
UYCB,0
VYCB,1
WYCB,0
XYCB,1
YYCB,1
ZYCB,0
AZCB,0
BZCB,0
CZCB,0
DZCB,0
EZCB,0
FZCB,0
GZCB,0
HZCB,0
IZCB,0
JZCB,0
KZCB,0
LZCB,0
MZCB,0
NZCB,0
OZCB,0
PZCB,0
QZCB,0
RZCB,0
SZCB,0
TZCB,0
UZCB,0
VZCB,0
WZCB,0
XZCB,1
YZCB,1
ZZCB,1
AADB,0
BADB,0
CADB,1
DADB,1
EADB,1
FADB,1
GADB,1
HADB,1
IADB,1
JADB,1
KADB,1
LADB,1
MADB,1
NADB,1
OADB,1
PADB,1
QADB,1
RADB,1
SADB,1
TADB,0
UADB,1
VADB,1
WADB,1
XADB,0
YADB,1
ZADB,1
ABDB,1
BBDB,0
CBDB,0
DBDB,1
EBDB,1
FBDB,1
GBDB,1
HBDB,1
IBDB,1
JBDB,0
KBDB,0
LBDB,0
MBDB,1
NBDB,1
OBDB,1
PBDB,0
QBDB,1
RBDB,1
SBDB,1
TBDB,1
UBDB,1
VBDB,0
WBDB,1
XBDB,0
YBDB,1
ZBDB,1
ACDB,1
BCDB,1
CCDB,1
DCDB,1
ECDB,1
FCDB,1
GCDB,1
HCDB,1
ICDB,1
JCDB,1
KCDB,1
LCDB,1
MCDB,1
NCDB,1
OCDB,1
PCDB,1
QCDB,1
RCDB,1
SCDB,1
TCDB,0
UCDB,0
VCDB,0
WCDB,0
XCDB,0
YCDB,0
ZCDB,0
ADDB,1
BDDB,0
CDDB,1
DDDB,1
EDDB,1
FDDB,0
GDDB,0
HDDB,0
IDDB,0
JDDB,1
KDDB,1
LDDB,1
MDDB,1
NDDB,1
ODDB,1
PDDB,1
QDDB,1
RDDB,0
SDDB,1
TDDB,1
UDDB,1
VDDB,1
WDDB,1
XDDB,1
YDDB,1
ZDDB,1
AEDB,1
BEDB,1
CEDB,1
DEDB,0
EEDB,1
FEDB,1
GEDB,0
HEDB,0
IEDB,0
JEDB,0
KEDB,0
LEDB,0
MEDB,0
NEDB,0
OEDB,0
PEDB,1
QEDB,1
REDB,1
SEDB,1
TEDB,0
UEDB,1
VEDB,1
WEDB,1
XEDB,0
YEDB,1
ZEDB,1
AFDB,1
BFDB,1
CFDB,1
DFDB,1
EFDB,1
FFDB,1
GFDB,1
HFDB,1
IFDB,1
JFDB,1
KFDB,0
LFDB,1
MFDB,1
NFDB,1
OFDB,1
PFDB,1
QFDB,1
RFDB,1
SFDB,1
TFDB,1
UFDB,0
VFDB,0
WFDB,0
XFDB,0
YFDB,0
ZFDB,0
AGDB,0
BGDB,0
CGDB,0
DGDB,0
EGDB,0
FGDB,0
GGDB,1
HGDB,1
IGDB,1
JGDB,1
KGDB,1
LGDB,1
MGDB,1
NGDB,1
OGDB,1
PGDB,1
QGDB,1
RGDB,1
SGDB,1
TGDB,0
UGDB,1
VGDB,1
WGDB,0
XGDB,1
YGDB,1
ZGDB,1
AHDB,0
BHDB,1
CHDB,1
DHDB,1
EHDB,1
FHDB,1
GHDB,1
HHDB,1
IHDB,1
JHDB,1
KHDB,1
LHDB,1
MHDB,1
NHDB,1
OHDB,1
PHDB,0
QHDB,1
RHDB,1
SHDB,0
THDB,1
UHDB,1
VHDB,1
WHDB,1
XHDB,0
YHDB,1
ZHDB,0
AIDB,1
BIDB,1
CIDB,1
DIDB,1
EIDB,1
FIDB,1
GIDB,1
HIDB,1
IIDB,1
JIDB,1
KIDB,1
LIDB,1
MIDB,1
NIDB,1
OIDB,1
PIDB,1
QIDB,0
RIDB,1
SIDB,1
TIDB,1
UIDB,0
VIDB,1
WIDB,1
XIDB,1
YIDB,1
ZIDB,1
AJDB,1
BJDB,1
CJDB,1
DJDB,1
EJDB,1
FJDB,1
GJDB,1
HJDB,1
IJDB,1
JJDB,1
KJDB,1
LJDB,1
MJDB,0
NJDB,0
OJDB,0
PJDB,1
QJDB,1
RJDB,1
SJDB,1
TJDB,1
UJDB,1
VJDB,1
WJDB,1
XJDB,1
YJDB,1
ZJDB,1
AKDB,1
BKDB,1
CKDB,1
DKDB,1
EKDB,1
FKDB,1
GKDB,1
HKDB,1
IKDB,1
JKDB,0
KKDB,0
LKDB,0
MKDB,0
NKDB,0
OKDB,0
PKDB,0
QKDB,0
RKDB,0
SKDB,0
TKDB,0
UKDB,0
VKDB,0
WKDB,1
XKDB,1
YKDB,1
ZKDB,1
ALDB,1
BLDB,1
CLDB,1
DLDB,1
ELDB,1
FLDB,1
GLDB,0
HLDB,1
ILDB,1
JLDB,1
KLDB,1
LLDB,1
MLDB,1
NLDB,1
OLDB,1
PLDB,1
QLDB,1
RLDB,1
SLDB,1
TLDB,1
ULDB,1
VLDB,1
WLDB,0
XLDB,0
YLDB,1
ZLDB,1
AMDB,1
BMDB,1
CMDB,1
DMDB,1
EMDB,0
FMDB,0
GMDB,1
HMDB,1
IMDB,1
JMDB,1
KMDB,0
LMDB,1
MMDB,0
NMDB,1
OMDB,1
PMDB,1
QMDB,1
RMDB,1
SMDB,1
TMDB,1
UMDB,1
VMDB,1
WMDB,1
XMDB,1
YMDB,1
ZMDB,1
ANDB,1
BNDB,1
CNDB,1
DNDB,1
ENDB,1
FNDB,1
GNDB,0
HNDB,1
INDB,0
JNDB,1
KNDB,1
LNDB,1
MNDB,1
NNDB,1
ONDB,1
PNDB,1
QNDB,1
RNDB,1
SNDB,1
TNDB,1
UNDB,0
VNDB,1
WNDB,1
XNDB,1
YNDB,1
ZNDB,0
AODB,1
BODB,1
CODB,1
DODB,1
EODB,1
FODB,1
GODB,1
HODB,1
IODB,1
JODB,1
KODB,1
LODB,1
MODB,1
NODB,1
OODB,1
PODB,1
QODB,1
RODB,1
SODB,1
TODB,0
UODB,1
VODB,1
WODB,1
XODB,1
YODB,1
ZODB,1
APDB,1
BPDB,1
CPDB,1
DPDB,1
EPDB,1
FPDB,1
GPDB,1
HPDB,1
IPDB,1
JPDB,1
KPDB,0
LPDB,0
MPDB,1
NPDB,0
OPDB,1
PPDB,0
QPDB,1
RPDB,1
SPDB,1
TPDB,1
UPDB,1
VPDB,1
WPDB,1
XPDB,1
YPDB,1
ZPDB,1
AQDB,1
BQDB,1
CQDB,1
DQDB,1
EQDB,1
FQDB,0
GQDB,1
HQDB,1
IQDB,1
JQDB,1
KQDB,1
LQDB,0
MQDB,1
NQDB,1
OQDB,1
PQDB,1
QQDB,1
RQDB,1
SQDB,1
TQDB,1
UQDB,0
VQDB,1
WQDB,1
XQDB,1
YQDB,1
ZQDB,1
ARDB,1
BRDB,0
CRDB,1
DRDB,0
ERDB,0
FRDB,1
GRDB,0
HRDB,1
IRDB,1
JRDB,1
KRDB,1
LRDB,1
MRDB,1
NRDB,0
ORDB,1
PRDB,1
QRDB,1
RRDB,1
SRDB,1
TRDB,0
URDB,1
VRDB,1
WRDB,1
XRDB,1
YRDB,1
ZRDB,1
ASDB,0
BSDB,0
CSDB,0
DSDB,0
ESDB,0
FSDB,0
GSDB,0
HSDB,0
ISDB,0
JSDB,0
KSDB,0
LSDB,0
MSDB,0
NSDB,1
OSDB,1
PSDB,1
QSDB,1
RSDB,1
SSDB,1
TSDB,1
USDB,1
VSDB,1
WSDB,1
XSDB,1
YSDB,1
ZSDB,1
ATDB,1
BTDB,1
CTDB,1
DTDB,1
ETDB,1
FTDB,1
GTDB,1
HTDB,1
ITDB,1
JTDB,1
KTDB,1
LTDB,1
MTDB,1
NTDB,1
OTDB,1
PTDB,1
QTDB,1
RTDB,1
STDB,1
TTDB,1
UTDB,1
VTDB,1
WTDB,1
XTDB,1
YTDB,1
ZTDB,0
AUDB,1
BUDB,1
CUDB,1
DUDB,1
EUDB,1
FUDB,0
GUDB,1
HUDB,1
IUDB,1
JUDB,1
KUDB,1
LUDB,1
MUDB,1
NUDB,1
OUDB,0
PUDB,1
QUDB,1
RUDB,1
SUDB,1
TUDB,1
UUDB,1
VUDB,1
WUDB,1
XUDB,1
YUDB,0
ZUDB,1
AVDB,1
BVDB,1
CVDB,1
DVDB,1
EVDB,1
FVDB,1
GVDB,1
HVDB,1
IVDB,1
JVDB,1
KVDB,1
LVDB,1
MVDB,1
NVDB,0
OVDB,0
PVDB,1
QVDB,1
RVDB,1
SVDB,1
TVDB,1
UVDB,1
VVDB,0
WVDB,0
XVDB,0
YVDB,0
ZVDB,0
AWDB,1
BWDB,0
CWDB,0
DWDB,1
EWDB,1
FWDB,1
GWDB,1
HWDB,1
IWDB,1
JWDB,0
KWDB,1
LWDB,1
MWDB,1
NWDB,0
OWDB,1
PWDB,1
QWDB,0
RWDB,1
SWDB,1
TWDB,1
UWDB,1
VWDB,0
WWDB,1
XWDB,1
YWDB,1
ZWDB,1
AXDB,1
BXDB,0
CXDB,1
DXDB,1
EXDB,1
FXDB,0
GXDB,1
HXDB,1
IXDB,1
JXDB,1
KXDB,1
LXDB,1
MXDB,1
NXDB,1
OXDB,1
PXDB,1
QXDB,1
RXDB,1
SXDB,1
TXDB,1
UXDB,1
VXDB,1
WXDB,1
XXDB,1
YXDB,1
ZXDB,1
AYDB,0
BYDB,1
CYDB,1
DYDB,1
EYDB,1
FYDB,0
GYDB,1
HYDB,0
IYDB,1
JYDB,1
KYDB,1
LYDB,1
MYDB,1
NYDB,1
OYDB,1
PYDB,1
QYDB,1
RYDB,1
SYDB,1
TYDB,1
UYDB,1
VYDB,1
WYDB,1
XYDB,1
YYDB,1
ZYDB,1
AZDB,0
BZDB,1
CZDB,0
DZDB,1
EZDB,1
FZDB,1
GZDB,1
HZDB,1
IZDB,1
JZDB,1
KZDB,1
LZDB,1
MZDB,1
NZDB,1
OZDB,1
PZDB,1
QZDB,1
RZDB,1
SZDB,1
TZDB,1
UZDB,1
VZDB,1
WZDB,1
XZDB,1
YZDB,1
ZZDB,1
AAEB,1
BAEB,1
CAEB,1
DAEB,1
EAEB,1
FAEB,0
GAEB,0
HAEB,0
IAEB,0
JAEB,0
KAEB,0
LAEB,0
MAEB,0
NAEB,1
OAEB,0
PAEB,1
QAEB,1
RAEB,1
SAEB,1
TAEB,1
UAEB,0
VAEB,1
WAEB,1
XAEB,1
YAEB,1
ZAEB,1
ABEB,0
BBEB,1
CBEB,1
DBEB,0
EBEB,1
FBEB,0
GBEB,1
HBEB,0
IBEB,1
JBEB,1
KBEB,0
LBEB,1
MBEB,1
NBEB,0
OBEB,1
PBEB,1
QBEB,1
RBEB,1
SBEB,0
TBEB,1
UBEB,1
VBEB,1
WBEB,1
XBEB,1
YBEB,1
ZBEB,1
ACEB,1
BCEB,1
CCEB,1
DCEB,0
ECEB,1
FCEB,0
GCEB,1
HCEB,1
ICEB,1
JCEB,1
KCEB,1
LCEB,1
MCEB,1
NCEB,1
OCEB,1
PCEB,1
QCEB,1
RCEB,1
SCEB,0
TCEB,1
UCEB,1
VCEB,1
WCEB,1
XCEB,1
YCEB,1
ZCEB,1
ADEB,1
BDEB,1
CDEB,1
DDEB,1
EDEB,0
FDEB,1
GDEB,1
HDEB,1
IDEB,0
JDEB,1
KDEB,1
LDEB,0
MDEB,1
NDEB,1
ODEB,1
PDEB,0
QDEB,1
RDEB,1
SDEB,0
TDEB,0
UDEB,0
VDEB,0
WDEB,0
XDEB,1
YDEB,0
ZDEB,1
AEEB,1
BEEB,1
CEEB,1
DEEB,0
EEEB,1
FEEB,1
GEEB,0
HEEB,1
IEEB,0
JEEB,1
KEEB,0
LEEB,1
MEEB,0
NEEB,0
OEEB,1
PEEB,1
QEEB,1
REEB,1
SEEB,1
TEEB,0
UEEB,1
VEEB,1
WEEB,1
XEEB,0
YEEB,0
ZEEB,0
AFEB,0
BFEB,0
CFEB,0
DFEB,0
EFEB,0
FFEB,0
GFEB,0
HFEB,1
IFEB,0
JFEB,0
KFEB,0
LFEB,0
MFEB,1
NFEB,1
OFEB,1
PFEB,1
QFEB,1
RFEB,1
SFEB,1
TFEB,1
UFEB,0
VFEB,1
WFEB,1
XFEB,0
YFEB,1
ZFEB,1
AGEB,1
BGEB,1
CGEB,1
DGEB,1
EGEB,1
FGEB,1
GGEB,1
HGEB,1
IGEB,1
JGEB,1
KGEB,1
LGEB,1
MGEB,1
NGEB,1
OGEB,1
PGEB,1
QGEB,1
RGEB,1
SGEB,1
TGEB,1
UGEB,1
VGEB,1
WGEB,1
XGEB,0
YGEB,0
ZGEB,0
AHEB,0
BHEB,0
CHEB,1
DHEB,1
EHEB,1
FHEB,1
GHEB,1
HHEB,0
IHEB,1
JHEB,1
KHEB,1
LHEB,1
MHEB,1
NHEB,1
OHEB,1
PHEB,1
QHEB,1
RHEB,1
SHEB,1
THEB,1
UHEB,1
VHEB,1
WHEB,0
XHEB,1
YHEB,1
ZHEB,1
AIEB,1
BIEB,1
CIEB,1
DIEB,1
EIEB,1
FIEB,1
GIEB,1
HIEB,0
IIEB,1
JIEB,1
KIEB,1
LIEB,1
MIEB,1
NIEB,1
OIEB,1
PIEB,1
QIEB,0
RIEB,1
SIEB,1
TIEB,1
UIEB,0
VIEB,1
WIEB,1
XIEB,1
YIEB,0
ZIEB,1
AJEB,1
BJEB,1
CJEB,1
DJEB,1
EJEB,1
FJEB,1
GJEB,1
HJEB,0
IJEB,1
JJEB,1
KJEB,1
LJEB,1
MJEB,1
NJEB,1
OJEB,1
PJEB,1
QJEB,1
RJEB,1
SJEB,1
TJEB,1
UJEB,1
VJEB,1
WJEB,1
XJEB,1
YJEB,1
ZJEB,1
AKEB,1
BKEB,0
CKEB,1
DKEB,1
EKEB,1
FKEB,1
GKEB,0
HKEB,0
IKEB,1
JKEB,1
KKEB,1
LKEB,1
MKEB,0
NKEB,1
OKEB,1
PKEB,1
QKEB,1
RKEB,1
SKEB,1
TKEB,0
UKEB,0
VKEB,1
WKEB,1
XKEB,1
YKEB,1
ZKEB,0
ALEB,1
BLEB,1
CLEB,1
DLEB,1
ELEB,1
FLEB,1
GLEB,1
HLEB,1
ILEB,1
JLEB,0
KLEB,0
LLEB,0
MLEB,0
NLEB,0
OLEB,0
PLEB,0
QLEB,1
RLEB,1
SLEB,0
TLEB,1
ULEB,1
VLEB,1
WLEB,1
XLEB,1
YLEB,1
ZLEB,1
AMEB,1
BMEB,1
CMEB,1
DMEB,1
EMEB,1
FMEB,1
GMEB,0
HMEB,1
IMEB,1
JMEB,1
KMEB,1
LMEB,1
MMEB,1
NMEB,1
OMEB,1
PMEB,1
QMEB,1
RMEB,1
SMEB,1
TMEB,1
UMEB,1
VMEB,0
WMEB,1
XMEB,1
YMEB,1
ZMEB,1
ANEB,1
BNEB,0
CNEB,1
DNEB,1
ENEB,0
FNEB,0
GNEB,1
HNEB,1
INEB,0
JNEB,0
KNEB,1
LNEB,1
MNEB,0
NNEB,1
ONEB,1
PNEB,1
QNEB,1
RNEB,1
SNEB,0
TNEB,1
UNEB,1
VNEB,1
WNEB,1
XNEB,1
YNEB,1
ZNEB,1
AOEB,0
BOEB,1
COEB,1
DOEB,1
EOEB,1
FOEB,1
GOEB,1
HOEB,0
IOEB,0
JOEB,1
KOEB,1
LOEB,1
MOEB,1
NOEB,0
OOEB,0
POEB,1
QOEB,1
ROEB,1
SOEB,1
TOEB,0
UOEB,1
VOEB,1
WOEB,1
XOEB,0
YOEB,0
ZOEB,0
APEB,0
BPEB,0
CPEB,0
DPEB,0
EPEB,0
FPEB,0
GPEB,0
HPEB,0
IPEB,0
JPEB,0
KPEB,0
LPEB,1
MPEB,1
NPEB,1
OPEB,1
PPEB,1
QPEB,1
RPEB,1
SPEB,1
TPEB,1
UPEB,1
VPEB,1
WPEB,1
XPEB,0
YPEB,1
ZPEB,1
AQEB,1
BQEB,1
CQEB,1
DQEB,1
EQEB,1
FQEB,1
GQEB,1
HQEB,1
IQEB,1
JQEB,1
KQEB,1
LQEB,1
MQEB,0
NQEB,1
OQEB,1
PQEB,1
QQEB,0
RQEB,1
SQEB,0
TQEB,1
UQEB,1
VQEB,1
WQEB,1
XQEB,1
YQEB,1
ZQEB,1
AREB,1
BREB,1
CREB,1
DREB,1
EREB,1
FREB,1
GREB,1
HREB,1
IREB,0
JREB,1
KREB,1
LREB,1
MREB,1
NREB,1
OREB,0
PREB,1
QREB,1
RREB,1
SREB,1
TREB,1
UREB,1
VREB,1
WREB,1
XREB,1
YREB,1
ZREB,1
ASEB,1
BSEB,1
CSEB,1
DSEB,1
ESEB,0
FSEB,1
GSEB,1
HSEB,1
ISEB,1
JSEB,0
KSEB,0
LSEB,0
MSEB,0
NSEB,0
OSEB,0
PSEB,0
QSEB,0
RSEB,0
SSEB,0
TSEB,0
USEB,0
VSEB,0
WSEB,0
XSEB,0
YSEB,1
ZSEB,1
ATEB,1
BTEB,1
CTEB,0
DTEB,1
ETEB,1
FTEB,1
GTEB,1
HTEB,1
ITEB,1
JTEB,0
KTEB,1
LTEB,1
MTEB,0
NTEB,0
OTEB,1
PTEB,1
QTEB,1
RTEB,1
STEB,1
TTEB,1
UTEB,1
VTEB,1
WTEB,1
XTEB,1
YTEB,1
ZTEB,1
AUEB,1
BUEB,1
CUEB,1
DUEB,1
EUEB,1
FUEB,0
GUEB,1
HUEB,1
IUEB,1
JUEB,0
KUEB,1
LUEB,1
MUEB,1
NUEB,1
OUEB,1
PUEB,1
QUEB,1
RUEB,1
SUEB,1
TUEB,1
UUEB,1
VUEB,1
WUEB,1
XUEB,1
YUEB,1
ZUEB,1
AVEB,0
BVEB,1
CVEB,1
DVEB,1
EVEB,1
FVEB,1
GVEB,1
HVEB,1
IVEB,1
JVEB,1
KVEB,1
LVEB,1
MVEB,1
NVEB,1
OVEB,1
PVEB,1
QVEB,1
RVEB,1
SVEB,1
TVEB,1
UVEB,1
VVEB,1
WVEB,1
XVEB,1
YVEB,1
ZVEB,0
AWEB,1
BWEB,1
CWEB,1
DWEB,1
EWEB,1
FWEB,1
GWEB,1
HWEB,1
IWEB,1
JWEB,1
KWEB,1
LWEB,1
MWEB,0
NWEB,1
OWEB,1
PWEB,1
QWEB,1
RWEB,1
SWEB,1
TWEB,0
UWEB,0
VWEB,1
WWEB,1
XWEB,1
YWEB,1
ZWEB,1
AXEB,0
BXEB,1
CXEB,1
DXEB,1
EXEB,0
FXEB,0
GXEB,0
HXEB,0
IXEB,0
JXEB,0
KXEB,0
LXEB,0
MXEB,1
NXEB,0
OXEB,1
PXEB,1
QXEB,0
RXEB,1
SXEB,1
TXEB,1
UXEB,1
VXEB,1
WXEB,1
XXEB,1
YXEB,1
ZXEB,0
AYEB,1
BYEB,1
CYEB,1
DYEB,1
EYEB,1
FYEB,1
GYEB,1
HYEB,1
IYEB,1
JYEB,1
KYEB,1
LYEB,1
MYEB,1
NYEB,1
OYEB,1
PYEB,0
QYEB,1
RYEB,1
SYEB,1
TYEB,1
UYEB,1
VYEB,1
WYEB,1
XYEB,1
YYEB,1
ZYEB,1
AZEB,1
BZEB,1
CZEB,1
DZEB,0
EZEB,1
FZEB,1
GZEB,1
HZEB,1
IZEB,0
JZEB,1
KZEB,0
LZEB,1
MZEB,1
NZEB,1
OZEB,1
PZEB,1
QZEB,1
RZEB,1
SZEB,1
TZEB,1
UZEB,1
VZEB,1
WZEB,1
XZEB,1
YZEB,1
ZZEB,1
AAFB,1
BAFB,1
CAFB,1
DAFB,1
EAFB,1
FAFB,1
GAFB,1
HAFB,1
IAFB,1
JAFB,1
KAFB,1
LAFB,1
MAFB,0
NAFB,1
OAFB,1
PAFB,1
QAFB,1
RAFB,1
SAFB,0
TAFB,1
UAFB,0
VAFB,1
WAFB,1
XAFB,1
YAFB,1
ZAFB,1
ABFB,1
BBFB,1
CBFB,1
DBFB,1
EBFB,1
FBFB,1
GBFB,1
HBFB,1
IBFB,1
JBFB,1
KBFB,1
LBFB,1
MBFB,1
NBFB,1
OBFB,1
PBFB,0
QBFB,1
RBFB,1
SBFB,0
TBFB,0
UBFB,0
VBFB,1
WBFB,1
XBFB,1
YBFB,1
ZBFB,1
ACFB,1
BCFB,1
CCFB,1
DCFB,1
ECFB,1
FCFB,1
GCFB,1
HCFB,1
ICFB,1
JCFB,1
KCFB,1
LCFB,1
MCFB,1
NCFB,1
OCFB,1
PCFB,1
QCFB,1
RCFB,0
SCFB,0
TCFB,1
UCFB,1
VCFB,0
WCFB,0
XCFB,0
YCFB,0
ZCFB,0
ADFB,0
BDFB,0
CDFB,0
DDFB,0
EDFB,1
FDFB,1
GDFB,1
HDFB,1
IDFB,1
JDFB,1
KDFB,1
LDFB,1
MDFB,1
NDFB,1
ODFB,1
PDFB,1
QDFB,1
RDFB,1
SDFB,1
TDFB,0
UDFB,0
VDFB,0
WDFB,0
XDFB,0
YDFB,0
ZDFB,0
AEFB,0
BEFB,0
CEFB,0
DEFB,0
EEFB,0
FEFB,0
GEFB,0
HEFB,0
IEFB,0
JEFB,0
KEFB,0
LEFB,0
MEFB,0
NEFB,0
OEFB,0
PEFB,0
QEFB,0
REFB,0
SEFB,1
TEFB,1
UEFB,1
VEFB,1
WEFB,1
XEFB,1
YEFB,1
ZEFB,1
AFFB,1
BFFB,1
CFFB,0
DFFB,1
EFFB,1
FFFB,1
GFFB,1
HFFB,1
IFFB,1
JFFB,1
KFFB,1
LFFB,1
MFFB,1
NFFB,1
OFFB,1
PFFB,1
QFFB,1
RFFB,1
SFFB,1
TFFB,0
UFFB,1
VFFB,1
WFFB,1
XFFB,0
YFFB,0
ZFFB,0
AGFB,0
BGFB,0
CGFB,0
DGFB,0
EGFB,1
FGFB,0
GGFB,1
HGFB,1
IGFB,1
JGFB,1
KGFB,0
LGFB,1
MGFB,0
NGFB,1
OGFB,1
PGFB,0
QGFB,1
RGFB,1
SGFB,1
TGFB,1
UGFB,1
VGFB,1
WGFB,1
XGFB,0
YGFB,1
ZGFB,1
AHFB,1
BHFB,1
CHFB,1
DHFB,1
EHFB,1
FHFB,1
GHFB,1
HHFB,1
IHFB,1
JHFB,1
KHFB,1
LHFB,1
MHFB,1
NHFB,1
OHFB,1
PHFB,0
QHFB,1
RHFB,0
SHFB,0
THFB,1
UHFB,1
VHFB,1
WHFB,1
XHFB,1
YHFB,1
ZHFB,1
AIFB,1
BIFB,1
CIFB,1
DIFB,1
EIFB,0
FIFB,1
GIFB,1
HIFB,1
IIFB,1
JIFB,1
KIFB,1
LIFB,1
MIFB,1
NIFB,1
OIFB,1
PIFB,1
QIFB,1
RIFB,1
SIFB,1
TIFB,1
UIFB,1
VIFB,1
WIFB,1
XIFB,1
YIFB,1
ZIFB,1
AJFB,1
BJFB,1
CJFB,1
DJFB,1
EJFB,1
FJFB,1
GJFB,1
HJFB,1
IJFB,1
JJFB,1
KJFB,1
LJFB,1
MJFB,1
NJFB,1
OJFB,1
PJFB,1
QJFB,1
RJFB,1
SJFB,1
TJFB,1
UJFB,0
VJFB,1
WJFB,0
XJFB,0
YJFB,0
ZJFB,0
AKFB,0
BKFB,0
CKFB,0
DKFB,0
EKFB,1
FKFB,0
GKFB,1
HKFB,1
IKFB,1
JKFB,1
KKFB,0
LKFB,1
MKFB,1
NKFB,1
OKFB,1
PKFB,1
QKFB,1
RKFB,1
SKFB,0
TKFB,1
UKFB,1
VKFB,1
WKFB,1
XKFB,1
YKFB,0
ZKFB,1
ALFB,1
BLFB,1
CLFB,1
DLFB,1
ELFB,1
FLFB,1
GLFB,1
HLFB,1
ILFB,1
JLFB,1
KLFB,1
LLFB,1
MLFB,1
NLFB,1
OLFB,1
PLFB,1
QLFB,1
RLFB,1
SLFB,1
TLFB,1
ULFB,0
VLFB,1
WLFB,0
XLFB,1
YLFB,1
ZLFB,1
AMFB,1
BMFB,1
CMFB,1
DMFB,1
EMFB,0
FMFB,1
GMFB,1
HMFB,1
IMFB,1
JMFB,1
KMFB,1
LMFB,1
MMFB,1
NMFB,1
OMFB,0
PMFB,1
QMFB,1
RMFB,1
SMFB,1
TMFB,1
UMFB,1
VMFB,1
WMFB,1
XMFB,1
YMFB,1
ZMFB,1
ANFB,1
BNFB,1
CNFB,0
DNFB,1
ENFB,1
FNFB,1
GNFB,1
HNFB,1
INFB,1
JNFB,1
KNFB,0
LNFB,1
MNFB,1
NNFB,1
ONFB,1
PNFB,1
QNFB,1
RNFB,0
SNFB,1
TNFB,1
UNFB,1
VNFB,1
WNFB,1
XNFB,1
YNFB,1
ZNFB,1
AOFB,1
BOFB,1
COFB,1
DOFB,1
EOFB,1
FOFB,1
GOFB,1
HOFB,1
IOFB,1
JOFB,1
KOFB,1
LOFB,1
MOFB,1
NOFB,1
OOFB,1
POFB,1
QOFB,0
ROFB,0
SOFB,1
TOFB,0
UOFB,1
VOFB,1
WOFB,0
XOFB,0
YOFB,0
ZOFB,0
APFB,0
BPFB,0
CPFB,0
DPFB,0
EPFB,0
FPFB,0
GPFB,0
HPFB,0
IPFB,0
JPFB,0
KPFB,0
LPFB,0
MPFB,0
NPFB,1
OPFB,1
PPFB,1
QPFB,1
RPFB,1
SPFB,1
TPFB,0
UPFB,1
VPFB,1
WPFB,1
XPFB,1
YPFB,1
ZPFB,1
AQFB,1
BQFB,1
CQFB,1
DQFB,1
EQFB,0
FQFB,1
GQFB,1
HQFB,1
IQFB,1
JQFB,0
KQFB,1
LQFB,1
MQFB,1
NQFB,1
OQFB,1
PQFB,0
QQFB,1
RQFB,1
SQFB,1
TQFB,1
UQFB,0
VQFB,1
WQFB,1
XQFB,1
YQFB,1
ZQFB,1
ARFB,1
BRFB,1
CRFB,1
DRFB,1
ERFB,1
FRFB,1
GRFB,0
HRFB,1
IRFB,1
JRFB,0
KRFB,1
LRFB,1
MRFB,1
NRFB,0
ORFB,1
PRFB,0
QRFB,1
RRFB,1
SRFB,1
TRFB,1
URFB,1
VRFB,1
WRFB,1
XRFB,1
YRFB,0
ZRFB,1
ASFB,1
BSFB,1
CSFB,1
DSFB,1
ESFB,1
FSFB,1
GSFB,1
HSFB,1
ISFB,1
JSFB,1
KSFB,1
LSFB,1
MSFB,1
NSFB,1
OSFB,1
PSFB,1
QSFB,1
RSFB,1
SSFB,1
TSFB,1
USFB,1
VSFB,1
WSFB,1
XSFB,1
YSFB,1
ZSFB,1
ATFB,1
BTFB,1
CTFB,1
DTFB,1
ETFB,1
FTFB,1
GTFB,0
HTFB,0
ITFB,1
JTFB,1
KTFB,0
LTFB,1
MTFB,1
NTFB,1
OTFB,1
PTFB,1
QTFB,0
RTFB,1
STFB,1
TTFB,1
UTFB,1
VTFB,1
WTFB,0
XTFB,0
YTFB,0
ZTFB,0
AUFB,0
BUFB,0
CUFB,0
DUFB,0
EUFB,0
FUFB,0
GUFB,1
HUFB,0
IUFB,0
JUFB,0
KUFB,0
LUFB,0
MUFB,1
NUFB,1
OUFB,1
PUFB,1
QUFB,1
RUFB,1
SUFB,1
TUFB,0
UUFB,0
VUFB,1
WUFB,1
XUFB,1
YUFB,1
ZUFB,1
AVFB,1
BVFB,1
CVFB,1
DVFB,1
EVFB,0
FVFB,0
GVFB,1
HVFB,1
IVFB,1
JVFB,1
KVFB,1
LVFB,1
MVFB,1
NVFB,1
OVFB,1
PVFB,1
QVFB,1
RVFB,1
SVFB,1
TVFB,1
UVFB,1
VVFB,1
WVFB,1
XVFB,1
YVFB,1
ZVFB,1
AWFB,1
BWFB,1
CWFB,1
DWFB,1
EWFB,0
FWFB,1
GWFB,1
HWFB,0
IWFB,1
JWFB,1
KWFB,1
LWFB,1
MWFB,1
NWFB,1
OWFB,1
PWFB,1
QWFB,0
RWFB,1
SWFB,1
TWFB,1
UWFB,0
VWFB,1
WWFB,0
XWFB,1
YWFB,1
ZWFB,1
AXFB,1
BXFB,1
CXFB,1
DXFB,1
EXFB,1
FXFB,1
GXFB,1
HXFB,1
IXFB,1
JXFB,0
KXFB,1
LXFB,1
MXFB,1
NXFB,1
OXFB,1
PXFB,1
QXFB,1
RXFB,1
SXFB,1
TXFB,0
UXFB,0
VXFB,1
WXFB,1
XXFB,1
YXFB,1
ZXFB,1
AYFB,1
BYFB,1
CYFB,1
DYFB,1
EYFB,1
FYFB,1
GYFB,0
HYFB,1
IYFB,1
JYFB,0
KYFB,0
LYFB,0
MYFB,1
NYFB,1
OYFB,0
PYFB,1
QYFB,1
RYFB,1
SYFB,1
TYFB,1
UYFB,1
VYFB,1
WYFB,1
XYFB,0
YYFB,1
ZYFB,1
AZFB,1
BZFB,1
CZFB,1
DZFB,1
EZFB,1
FZFB,1
GZFB,1
HZFB,1
IZFB,1
JZFB,0
KZFB,1
LZFB,1
MZFB,0
NZFB,0
OZFB,1
PZFB,1
QZFB,1
RZFB,1
SZFB,1
TZFB,1
UZFB,1
VZFB,1
WZFB,1
XZFB,1
YZFB,1
ZZFB,1
AAGB,1
BAGB,1
CAGB,1
DAGB,1
EAGB,1
FAGB,1
GAGB,1
HAGB,1
IAGB,1
JAGB,1
KAGB,1
LAGB,1
MAGB,1
NAGB,1
OAGB,1
PAGB,1
QAGB,1
RAGB,1
SAGB,1
TAGB,1
UAGB,1
VAGB,0
WAGB,1
XAGB,1
YAGB,1
ZAGB,1
ABGB,1
BBGB,1
CBGB,1
DBGB,1
EBGB,1
FBGB,0
GBGB,1
HBGB,1
IBGB,1
JBGB,0
KBGB,0
LBGB,0
MBGB,0
NBGB,1
OBGB,0
PBGB,1
QBGB,0
RBGB,0
SBGB,0
TBGB,1
UBGB,1
VBGB,1
WBGB,0
XBGB,1
YBGB,1
ZBGB,1
ACGB,1
BCGB,1
CCGB,0
DCGB,1
ECGB,1
FCGB,1
GCGB,1
HCGB,1
ICGB,1
JCGB,1
KCGB,1
LCGB,0
MCGB,0
NCGB,0
OCGB,0
PCGB,0
QCGB,0
RCGB,0
SCGB,0
TCGB,0
UCGB,0
VCGB,0
WCGB,0
XCGB,1
YCGB,1
ZCGB,1
ADGB,1
BDGB,1
CDGB,1
DDGB,1
EDGB,1
FDGB,1
GDGB,1
HDGB,1
IDGB,1
JDGB,1
KDGB,1
LDGB,1
MDGB,1
NDGB,1
ODGB,1
PDGB,1
QDGB,0
RDGB,1
SDGB,0
TDGB,1
UDGB,1
VDGB,1
WDGB,0
XDGB,0
YDGB,0
ZDGB,0
AEGB,0
BEGB,0
CEGB,0
DEGB,0
EEGB,0
FEGB,0
GEGB,0
HEGB,0
IEGB,0
JEGB,1
KEGB,0
LEGB,1
MEGB,1
NEGB,1
OEGB,0
PEGB,1
QEGB,1
REGB,0
SEGB,1
TEGB,1
UEGB,1
VEGB,1
WEGB,1
XEGB,1
YEGB,1
ZEGB,1
AFGB,1
BFGB,1
CFGB,1
DFGB,1
EFGB,1
FFGB,1
GFGB,1
HFGB,1
IFGB,1
JFGB,1
KFGB,1
LFGB,1
MFGB,1
NFGB,1
OFGB,1
PFGB,1
QFGB,1
RFGB,1
SFGB,0
TFGB,1
UFGB,0
VFGB,1
WFGB,1
XFGB,1
YFGB,1
ZFGB,0
AGGB,1
BGGB,1
CGGB,1
DGGB,1
EGGB,1
FGGB,1
GGGB,1
HGGB,1
IGGB,1
JGGB,1
KGGB,1
LGGB,1
MGGB,1
NGGB,1
OGGB,1
PGGB,1
QGGB,0
RGGB,1
SGGB,0
TGGB,0
UGGB,1
VGGB,1
WGGB,1
XGGB,1
YGGB,1
ZGGB,1
AHGB,1
BHGB,1
CHGB,1
DHGB,1
EHGB,1
FHGB,1
GHGB,1
HHGB,1
IHGB,1
JHGB,1
KHGB,1
LHGB,1
MHGB,1
NHGB,1
OHGB,1
PHGB,1
QHGB,1
RHGB,0
SHGB,1
THGB,1
UHGB,1
VHGB,1
WHGB,1
XHGB,1
YHGB,1
ZHGB,1
AIGB,1
BIGB,1
CIGB,1
DIGB,1
EIGB,1
FIGB,1
GIGB,1
HIGB,1
IIGB,1
JIGB,1
KIGB,1
LIGB,1
MIGB,1
NIGB,1
OIGB,1
PIGB,1
QIGB,1
RIGB,1
SIGB,1
TIGB,1
UIGB,1
VIGB,1
WIGB,1
XIGB,1
YIGB,1
ZIGB,1
AJGB,1
BJGB,1
CJGB,1
DJGB,1
EJGB,0
FJGB,1
GJGB,0
HJGB,0
IJGB,0
JJGB,0
KJGB,0
LJGB,0
MJGB,0
NJGB,0
OJGB,0
PJGB,0
QJGB,1
RJGB,1
SJGB,1
TJGB,1
UJGB,1
VJGB,0
WJGB,0
XJGB,0
YJGB,1
ZJGB,1
AKGB,1
BKGB,1
CKGB,1
DKGB,1
EKGB,1
FKGB,1
GKGB,1
HKGB,1
IKGB,0
JKGB,0
KKGB,1
LKGB,1
MKGB,0
NKGB,1
OKGB,1
PKGB,1
QKGB,0
RKGB,0
SKGB,1
TKGB,1
UKGB,1
VKGB,1
WKGB,1
XKGB,1
YKGB,1
ZKGB,1
ALGB,1
BLGB,1
CLGB,1
DLGB,1
ELGB,1
FLGB,1
GLGB,1
HLGB,1
ILGB,1
JLGB,1
KLGB,1
LLGB,1
MLGB,1
NLGB,0
OLGB,0
PLGB,1
QLGB,0
RLGB,1
SLGB,0
TLGB,1
ULGB,1
VLGB,1
WLGB,1
XLGB,0
YLGB,1
ZLGB,1
AMGB,1
BMGB,1
CMGB,1
DMGB,1
EMGB,1
FMGB,1
GMGB,1
HMGB,1
IMGB,1
JMGB,1
KMGB,0
LMGB,1
MMGB,1
NMGB,1
OMGB,1
PMGB,1
QMGB,1
RMGB,1
SMGB,1
TMGB,1
UMGB,1
VMGB,1
WMGB,1
XMGB,1
YMGB,1
ZMGB,0
ANGB,1
BNGB,1
CNGB,1
DNGB,0
ENGB,1
FNGB,0
GNGB,1
HNGB,0
INGB,1
JNGB,1
KNGB,1
LNGB,0
MNGB,1
NNGB,1
ONGB,1
PNGB,1
QNGB,1
RNGB,1
SNGB,1
TNGB,1
UNGB,0
VNGB,1
WNGB,1
XNGB,1
YNGB,1
ZNGB,0
AOGB,1
BOGB,1
COGB,1
DOGB,1
EOGB,0
FOGB,0
GOGB,0
HOGB,0
IOGB,0
JOGB,0
KOGB,0
LOGB,0
MOGB,0
NOGB,0
OOGB,0
POGB,0
QOGB,0
ROGB,0
SOGB,0
TOGB,0
UOGB,1
VOGB,1
WOGB,1
XOGB,1
YOGB,0
ZOGB,1
APGB,1
BPGB,1
CPGB,1
DPGB,1
EPGB,1
FPGB,1
GPGB,1
HPGB,1
IPGB,1
JPGB,1
KPGB,1
LPGB,1
MPGB,1
NPGB,1
OPGB,1
PPGB,1
QPGB,1
RPGB,1
SPGB,0
TPGB,1
UPGB,1
VPGB,1
WPGB,1
XPGB,1
YPGB,1
ZPGB,1
AQGB,1
BQGB,1
CQGB,1
DQGB,1
EQGB,1
FQGB,1
GQGB,1
HQGB,0
IQGB,1
JQGB,0
KQGB,1
LQGB,1
MQGB,0
NQGB,0
OQGB,1
PQGB,1
QQGB,1
RQGB,1
SQGB,1
TQGB,1
UQGB,1
VQGB,1
WQGB,1
XQGB,1
YQGB,1
ZQGB,1
ARGB,1
BRGB,1
CRGB,1
DRGB,0
ERGB,0
FRGB,1
GRGB,1
HRGB,1
IRGB,1
JRGB,1
KRGB,1
LRGB,1
MRGB,1
NRGB,1
ORGB,1
PRGB,1
QRGB,1
RRGB,1
SRGB,1
TRGB,0
URGB,0
VRGB,0
WRGB,0
XRGB,0
YRGB,1
ZRGB,0
ASGB,0
BSGB,0
CSGB,0
DSGB,0
ESGB,0
FSGB,0
GSGB,1
HSGB,0
ISGB,1
JSGB,1
KSGB,1
LSGB,1
MSGB,1
NSGB,1
OSGB,1
PSGB,1
QSGB,0
RSGB,0
SSGB,1
TSGB,1
USGB,1
VSGB,1
WSGB,1
XSGB,1
YSGB,1
ZSGB,1
ATGB,1
BTGB,0
CTGB,1
DTGB,1
ETGB,1
FTGB,1
GTGB,1
HTGB,1
ITGB,1
JTGB,0
KTGB,1
LTGB,1
MTGB,1
NTGB,0
OTGB,1
PTGB,1
QTGB,1
RTGB,1
STGB,1
TTGB,1
UTGB,1
VTGB,1
WTGB,1
XTGB,1
YTGB,1
ZTGB,1
AUGB,1
BUGB,1
CUGB,1
DUGB,1
EUGB,1
FUGB,1
GUGB,1
HUGB,1
IUGB,1
JUGB,0
KUGB,1
LUGB,1
MUGB,1
NUGB,1
OUGB,1
PUGB,0
QUGB,0
RUGB,1
SUGB,0
TUGB,1
UUGB,1
VUGB,1
WUGB,1
XUGB,0
YUGB,1
ZUGB,1
AVGB,1
BVGB,1
CVGB,1
DVGB,1
EVGB,1
FVGB,1
GVGB,1
HVGB,1
IVGB,1
JVGB,1
KVGB,1
LVGB,0
MVGB,1
NVGB,1
OVGB,1
PVGB,0
QVGB,1
RVGB,0
SVGB,0
TVGB,0
UVGB,0
VVGB,1
WVGB,1
XVGB,0
YVGB,0
ZVGB,0
AWGB,0
BWGB,1
CWGB,1
DWGB,1
EWGB,0
FWGB,1
GWGB,1
HWGB,1
IWGB,1
JWGB,1
KWGB,1
LWGB,1
MWGB,1
NWGB,1
OWGB,1
PWGB,1
QWGB,1
RWGB,1
SWGB,1
TWGB,1
UWGB,1
VWGB,1
WWGB,1
XWGB,1
YWGB,1
ZWGB,1
AXGB,1
BXGB,1
CXGB,1
DXGB,1
EXGB,1
FXGB,1
GXGB,0
HXGB,0
IXGB,1
JXGB,1
KXGB,1
LXGB,0
MXGB,1
NXGB,1
OXGB,1
PXGB,1
QXGB,1
RXGB,0
SXGB,1
TXGB,1
UXGB,1
VXGB,1
WXGB,1
XXGB,1
YXGB,1
ZXGB,1
AYGB,1
BYGB,1
CYGB,0
DYGB,1
EYGB,1
FYGB,0
GYGB,1
HYGB,1
IYGB,1
JYGB,1
KYGB,1
LYGB,1
MYGB,1
NYGB,1
OYGB,1
PYGB,1
QYGB,1
RYGB,1
SYGB,1
TYGB,0
UYGB,1
VYGB,1
WYGB,1
XYGB,1
YYGB,1
ZYGB,1
AZGB,0
BZGB,1
CZGB,1
DZGB,0
EZGB,0
FZGB,0
GZGB,1
HZGB,1
IZGB,1
JZGB,1
KZGB,1
LZGB,0
MZGB,0
NZGB,1
OZGB,1
PZGB,1
QZGB,1
RZGB,1
SZGB,1
TZGB,1
UZGB,1
VZGB,1
WZGB,1
XZGB,1
YZGB,1
ZZGB,1
AAHB,1
BAHB,1
CAHB,1
DAHB,0
EAHB,1
FAHB,0
GAHB,1
HAHB,1
IAHB,1
JAHB,1
KAHB,1
LAHB,1
MAHB,1
NAHB,1
OAHB,1
PAHB,1
QAHB,1
RAHB,1
SAHB,1
TAHB,1
UAHB,1
VAHB,1
WAHB,1
XAHB,1
YAHB,1
ZAHB,1
ABHB,1
BBHB,0
CBHB,1
DBHB,1
EBHB,0
FBHB,0
GBHB,0
HBHB,0
IBHB,0
JBHB,0
KBHB,0
LBHB,0
MBHB,0
NBHB,0
OBHB,0
PBHB,1
QBHB,1
RBHB,0
SBHB,0
TBHB,0
UBHB,0
VBHB,0
WBHB,0
XBHB,0
YBHB,0
ZBHB,1
ACHB,1
BCHB,1
CCHB,1
DCHB,1
ECHB,1
FCHB,1
GCHB,1
HCHB,1
ICHB,1
JCHB,0
KCHB,1
LCHB,1
MCHB,1
NCHB,1
OCHB,1
PCHB,0
QCHB,1
RCHB,1
SCHB,0
TCHB,1
UCHB,1
VCHB,1
WCHB,1
XCHB,1
YCHB,1
ZCHB,1
ADHB,1
BDHB,1
CDHB,1
DDHB,1
EDHB,1
FDHB,1
GDHB,1
HDHB,1
IDHB,0
JDHB,0
KDHB,0
LDHB,0
MDHB,0
NDHB,0
ODHB,0
PDHB,0
QDHB,0
RDHB,0
SDHB,0
TDHB,0
UDHB,0
VDHB,0
WDHB,0
XDHB,0
YDHB,0
ZDHB,0
AEHB,0
BEHB,0
CEHB,0
DEHB,0
EEHB,0
FEHB,0
GEHB,0
HEHB,0
IEHB,0
JEHB,0
KEHB,0
LEHB,0
MEHB,0
NEHB,0
OEHB,0
PEHB,0
QEHB,0
REHB,0
SEHB,0
TEHB,0
UEHB,0
VEHB,0
WEHB,0
XEHB,0
YEHB,0
ZEHB,0
AFHB,0
BFHB,0
CFHB,0
DFHB,0
EFHB,0
FFHB,0
GFHB,0
HFHB,0
IFHB,0
JFHB,0
KFHB,0
LFHB,0
MFHB,0
NFHB,0
OFHB,0
PFHB,0
QFHB,0
RFHB,0
SFHB,0
TFHB,0
UFHB,0
VFHB,0
WFHB,0
XFHB,0
YFHB,0
ZFHB,0
AGHB,0
BGHB,0
CGHB,0
DGHB,0
EGHB,0
FGHB,0
GGHB,0
HGHB,0
IGHB,0
JGHB,0
KGHB,0
LGHB,0
MGHB,0
NGHB,0
OGHB,0
PGHB,0
QGHB,0
RGHB,0
SGHB,0
TGHB,0
UGHB,0
VGHB,0
WGHB,0
XGHB,0
YGHB,0
ZGHB,0
AHHB,0
BHHB,0
CHHB,0
DHHB,0
EHHB,0
FHHB,0
GHHB,0
HHHB,0
IHHB,0
JHHB,0
KHHB,0
LHHB,0
MHHB,0
NHHB,0
OHHB,0
PHHB,0
QHHB,0
RHHB,0
SHHB,0
THHB,0
UHHB,0
VHHB,0
WHHB,0
XHHB,0
YHHB,0
ZHHB,0
AIHB,1
BIHB,0
CIHB,1
DIHB,1
EIHB,1
FIHB,1
GIHB,1
HIHB,1
IIHB,1
JIHB,1
KIHB,1
LIHB,1
MIHB,1
NIHB,1
OIHB,1
PIHB,1
QIHB,1
RIHB,1
SIHB,0
TIHB,1
UIHB,1
VIHB,1
WIHB,1
XIHB,1
YIHB,1
ZIHB,1
AJHB,1
BJHB,1
CJHB,1
DJHB,1
EJHB,1
FJHB,1
GJHB,1
HJHB,1
IJHB,1
JJHB,0
KJHB,1
LJHB,1
MJHB,1
NJHB,1
OJHB,1
PJHB,1
QJHB,1
RJHB,1
SJHB,1
TJHB,1
UJHB,1
VJHB,1
WJHB,0
XJHB,1
YJHB,1
ZJHB,1
AKHB,1
BKHB,0
CKHB,1
DKHB,1
EKHB,1
FKHB,1
GKHB,1
HKHB,1
IKHB,1
JKHB,1
KKHB,1
LKHB,1
MKHB,1
NKHB,1
OKHB,1
PKHB,0
QKHB,1
RKHB,1
SKHB,1
TKHB,1
UKHB,1
VKHB,1
WKHB,1
XKHB,1
YKHB,0
ZKHB,1
ALHB,1
BLHB,1
CLHB,1
DLHB,1
ELHB,1
FLHB,1
GLHB,1
HLHB,1
ILHB,1
JLHB,0
KLHB,0
LLHB,1
MLHB,1
NLHB,0
OLHB,1
PLHB,1
QLHB,0
RLHB,1
SLHB,1
TLHB,1
ULHB,0
VLHB,1
WLHB,0
XLHB,0
YLHB,1
ZLHB,0
AMHB,0
BMHB,0
CMHB,0
DMHB,0
EMHB,1
FMHB,0
GMHB,0
HMHB,1
IMHB,1
JMHB,1
KMHB,1
LMHB,1
MMHB,1
NMHB,1
OMHB,1
PMHB,1
QMHB,1
RMHB,1
SMHB,1
TMHB,0
UMHB,1
VMHB,1
WMHB,1
XMHB,1
YMHB,1
ZMHB,1
ANHB,1
BNHB,0
CNHB,1
DNHB,0
ENHB,1
FNHB,1
GNHB,1
HNHB,1
INHB,1
JNHB,1
KNHB,1
LNHB,1
MNHB,1
NNHB,0
ONHB,1
PNHB,1
QNHB,1
RNHB,1
SNHB,1
TNHB,1
UNHB,1
VNHB,1
WNHB,1
XNHB,1
YNHB,0
ZNHB,1
AOHB,1
BOHB,1
COHB,1
DOHB,1
EOHB,1
FOHB,1
GOHB,1
HOHB,1
IOHB,1
JOHB,1
KOHB,1
LOHB,1
MOHB,1
NOHB,1
OOHB,1
POHB,1
QOHB,1
ROHB,1
SOHB,0
TOHB,1
UOHB,1
VOHB,1
WOHB,0
XOHB,1
YOHB,1
ZOHB,1
APHB,0
BPHB,0
CPHB,0
DPHB,0
EPHB,0
FPHB,0
GPHB,0
HPHB,0
IPHB,0
JPHB,0
KPHB,0
LPHB,1
MPHB,0
NPHB,1
OPHB,1
PPHB,1
QPHB,0
RPHB,0
SPHB,0
TPHB,0
UPHB,1
VPHB,1
WPHB,0
XPHB,1
YPHB,1
ZPHB,1
AQHB,1
BQHB,1
CQHB,1
DQHB,1
EQHB,1
FQHB,1
GQHB,0
HQHB,1
IQHB,1
JQHB,1
KQHB,1
LQHB,1
MQHB,1
NQHB,0
OQHB,1
PQHB,1
QQHB,1
RQHB,1
SQHB,1
TQHB,1
UQHB,1
VQHB,1
WQHB,0
XQHB,1
YQHB,1
ZQHB,0
ARHB,1
BRHB,1
CRHB,1
DRHB,1
ERHB,1
FRHB,1
GRHB,1
HRHB,1
IRHB,1
JRHB,1
KRHB,1
LRHB,1
MRHB,1
NRHB,1
ORHB,0
PRHB,1
QRHB,1
RRHB,1
SRHB,1
TRHB,0
URHB,1
VRHB,0
WRHB,0
XRHB,1
YRHB,1
ZRHB,0
ASHB,0
BSHB,0
CSHB,1
DSHB,1
ESHB,0
FSHB,0
GSHB,0
HSHB,0
ISHB,0
JSHB,0
KSHB,0
LSHB,0
MSHB,1
NSHB,0
OSHB,0
PSHB,0
QSHB,1
RSHB,1
SSHB,1
TSHB,1
USHB,1
VSHB,1
WSHB,1
XSHB,1
YSHB,1
ZSHB,1
ATHB,1
BTHB,1
CTHB,1
DTHB,1
ETHB,1
FTHB,1
GTHB,1
HTHB,0
ITHB,1
JTHB,1
KTHB,1
LTHB,1
MTHB,1
NTHB,1
OTHB,1
PTHB,1
QTHB,1
RTHB,0
STHB,1
TTHB,1
UTHB,1
VTHB,0
WTHB,1
XTHB,0
YTHB,1
ZTHB,1
AUHB,1
BUHB,1
CUHB,0
DUHB,1
EUHB,1
FUHB,1
GUHB,1
HUHB,1
IUHB,1
JUHB,1
KUHB,1
LUHB,1
MUHB,1
NUHB,1
OUHB,1
PUHB,1
QUHB,1
RUHB,1
SUHB,1
TUHB,1
UUHB,1
VUHB,1
WUHB,1
XUHB,1
YUHB,0
ZUHB,1
AVHB,1
BVHB,1
CVHB,1
DVHB,1
EVHB,1
FVHB,1
GVHB,1
HVHB,0
IVHB,1
JVHB,1
KVHB,1
LVHB,1
MVHB,1
NVHB,1
OVHB,1
PVHB,0
QVHB,1
RVHB,1
SVHB,0
TVHB,1
UVHB,1
VVHB,1
WVHB,1
XVHB,1
YVHB,1
ZVHB,1
AWHB,1
BWHB,1
CWHB,1
DWHB,1
EWHB,0
FWHB,1
GWHB,1
HWHB,0
IWHB,1
JWHB,1
KWHB,1
LWHB,1
MWHB,1
NWHB,1
OWHB,1
PWHB,1
QWHB,1
RWHB,1
SWHB,1
TWHB,1
UWHB,1
VWHB,1
WWHB,1
XWHB,1
YWHB,0
ZWHB,0
AXHB,0
BXHB,0
CXHB,0
DXHB,0
EXHB,0
FXHB,0
GXHB,0
HXHB,0
IXHB,0
JXHB,0
KXHB,0
LXHB,0
MXHB,0
NXHB,0
OXHB,0
PXHB,0
QXHB,0
RXHB,0
SXHB,0
TXHB,0
UXHB,0
VXHB,0
WXHB,0
XXHB,0
YXHB,0
ZXHB,0
AYHB,0
BYHB,0
CYHB,0
DYHB,0
EYHB,0
FYHB,0
GYHB,0
HYHB,0
IYHB,0
JYHB,0
KYHB,0
LYHB,0
MYHB,0
NYHB,0
OYHB,0
PYHB,0
QYHB,1
RYHB,1
SYHB,1
TYHB,1
UYHB,1
VYHB,1
WYHB,1
XYHB,1
YYHB,1
ZYHB,1
AZHB,1
BZHB,1
CZHB,0
DZHB,1
EZHB,1
FZHB,0
GZHB,1
HZHB,1
IZHB,1
JZHB,1
KZHB,1
LZHB,1
MZHB,0
NZHB,1
OZHB,0
PZHB,1
QZHB,1
RZHB,1
SZHB,1
TZHB,1
UZHB,1
VZHB,1
WZHB,0
XZHB,1
YZHB,1
ZZHB,1
AAIB,1
BAIB,1
CAIB,1
DAIB,1
EAIB,1
FAIB,1
GAIB,1
HAIB,0
IAIB,1
JAIB,1
KAIB,1
LAIB,1
MAIB,1
NAIB,1
OAIB,1
PAIB,1
QAIB,1
RAIB,1
SAIB,1
TAIB,1
UAIB,1
VAIB,1
WAIB,1
XAIB,1
YAIB,1
ZAIB,1
ABIB,1
BBIB,1
CBIB,1
DBIB,1
EBIB,1
FBIB,0
GBIB,1
HBIB,1
IBIB,1
JBIB,1
KBIB,0
LBIB,1
MBIB,1
NBIB,1
OBIB,1
PBIB,1
QBIB,1
RBIB,1
SBIB,1
TBIB,1
UBIB,1
VBIB,1
WBIB,0
XBIB,1
YBIB,0
ZBIB,1
ACIB,1
BCIB,1
CCIB,1
DCIB,0
ECIB,0
FCIB,1
GCIB,1
HCIB,1
ICIB,1
JCIB,0
KCIB,0
LCIB,0
MCIB,0
NCIB,0
OCIB,0
PCIB,0
QCIB,0
RCIB,0
SCIB,0
TCIB,0
UCIB,0
VCIB,0
WCIB,0
XCIB,0
YCIB,0
ZCIB,0
ADIB,0
BDIB,0
CDIB,0
DDIB,0
EDIB,0
FDIB,0
GDIB,0
HDIB,0
IDIB,0
JDIB,0
KDIB,0
LDIB,0
MDIB,0
NDIB,0
ODIB,0
PDIB,0
QDIB,0
RDIB,0
SDIB,0
TDIB,0
UDIB,0
VDIB,0
WDIB,0
XDIB,0
YDIB,0
ZDIB,0
AEIB,0
BEIB,0
CEIB,0
DEIB,0
EEIB,0
FEIB,0
GEIB,0
HEIB,0
IEIB,0
JEIB,0
KEIB,0
LEIB,0
MEIB,0
NEIB,0
OEIB,0
PEIB,0
QEIB,0
REIB,0
SEIB,0
TEIB,0
UEIB,0
VEIB,0
WEIB,0
XEIB,0
YEIB,0
ZEIB,0
AFIB,0
BFIB,0
CFIB,0
DFIB,0
EFIB,0
FFIB,0
GFIB,0
HFIB,0
IFIB,0
JFIB,0
KFIB,0
LFIB,0
MFIB,0
NFIB,0
OFIB,0
PFIB,0
QFIB,0
RFIB,0
SFIB,0
TFIB,0
UFIB,0
VFIB,0
WFIB,0
XFIB,0
YFIB,0
ZFIB,0
AGIB,0
BGIB,0
CGIB,0
DGIB,0
EGIB,0
FGIB,0
GGIB,0
HGIB,0
IGIB,0
JGIB,0
KGIB,0
LGIB,0
MGIB,0
NGIB,0
OGIB,0
PGIB,0
QGIB,0
RGIB,0
SGIB,0
TGIB,0
UGIB,0
VGIB,0
WGIB,0
XGIB,0
YGIB,0
ZGIB,0
AHIB,0
BHIB,0
CHIB,0
DHIB,0
EHIB,0
FHIB,0
GHIB,0
HHIB,0
IHIB,0
JHIB,0
KHIB,0
LHIB,0
MHIB,0
NHIB,0
OHIB,0
PHIB,0
QHIB,0
RHIB,0
SHIB,0
THIB,0
UHIB,0
VHIB,0
WHIB,0
XHIB,0
YHIB,0
ZHIB,0
AIIB,0
BIIB,0
CIIB,0
DIIB,0
EIIB,0
FIIB,0
GIIB,0
HIIB,0
IIIB,0
JIIB,0
KIIB,0
LIIB,0
MIIB,0
NIIB,0
OIIB,0
PIIB,0
QIIB,0
RIIB,0
SIIB,0
TIIB,0
UIIB,0
VIIB,0
WIIB,0
XIIB,0
YIIB,0
ZIIB,1
AJIB,1
BJIB,1
CJIB,0
DJIB,1
EJIB,1
FJIB,1
GJIB,1
HJIB,1
IJIB,1
JJIB,1
KJIB,1
LJIB,1
MJIB,0
NJIB,0
OJIB,0
PJIB,0
QJIB,0
RJIB,0
SJIB,1
TJIB,1
UJIB,1
VJIB,1
WJIB,1
XJIB,0
YJIB,1
ZJIB,1
AKIB,1
BKIB,0
CKIB,1
DKIB,1
EKIB,1
FKIB,0
GKIB,0
HKIB,1
IKIB,1
JKIB,0
KKIB,1
LKIB,1
MKIB,1
NKIB,1
OKIB,1
PKIB,1
QKIB,0
RKIB,1
SKIB,1
TKIB,1
UKIB,1
VKIB,1
WKIB,1
XKIB,1
YKIB,1
ZKIB,0
ALIB,0
BLIB,0
CLIB,0
DLIB,0
ELIB,0
FLIB,0
GLIB,0
HLIB,1
ILIB,1
JLIB,1
KLIB,1
LLIB,1
MLIB,1
NLIB,1
OLIB,1
PLIB,1
QLIB,1
RLIB,1
SLIB,1
TLIB,1
ULIB,1
VLIB,1
WLIB,1
XLIB,1
YLIB,1
ZLIB,0
AMIB,1
BMIB,1
CMIB,1
DMIB,1
EMIB,1
FMIB,1
GMIB,1
HMIB,1
IMIB,1
JMIB,1
KMIB,1
LMIB,1
MMIB,1
NMIB,1
OMIB,1
PMIB,1
QMIB,1
RMIB,1
SMIB,1
TMIB,1
UMIB,1
VMIB,1
WMIB,1
XMIB,1
YMIB,1
ZMIB,1
ANIB,1
BNIB,1
CNIB,1
DNIB,1
ENIB,1
FNIB,1
GNIB,1
HNIB,1
INIB,1
JNIB,1
KNIB,1
LNIB,1
MNIB,1
NNIB,1
ONIB,1
PNIB,0
QNIB,1
RNIB,1
SNIB,1
TNIB,1
UNIB,1
VNIB,0
WNIB,1
XNIB,0
YNIB,1
ZNIB,1
AOIB,1
BOIB,1
COIB,1
DOIB,1
EOIB,1
FOIB,1
GOIB,1
HOIB,1
IOIB,1
JOIB,1
KOIB,1
LOIB,1
MOIB,1
NOIB,1
OOIB,1
POIB,1
QOIB,0
ROIB,1
SOIB,0
TOIB,1
UOIB,1
VOIB,1
WOIB,1
XOIB,1
YOIB,1
ZOIB,1
APIB,1
BPIB,1
CPIB,1
DPIB,0
EPIB,1
FPIB,0
GPIB,0
HPIB,1
IPIB,1
JPIB,0
KPIB,0
LPIB,0
MPIB,0
NPIB,0
OPIB,0
PPIB,0
QPIB,0
RPIB,0
SPIB,0
TPIB,0
UPIB,0
VPIB,0
WPIB,0
XPIB,0
YPIB,0
ZPIB,0
AQIB,0
BQIB,0
CQIB,0
DQIB,0
EQIB,0
FQIB,0
GQIB,0
HQIB,0
IQIB,0
JQIB,0
KQIB,0
LQIB,0
MQIB,0
NQIB,0
OQIB,1
PQIB,0
QQIB,1
RQIB,0
SQIB,1
TQIB,1
UQIB,1
VQIB,1
WQIB,1
XQIB,1
YQIB,1
ZQIB,1
ARIB,0
BRIB,1
CRIB,1
DRIB,1
ERIB,1
FRIB,1
GRIB,1
HRIB,1
IRIB,1
JRIB,1
KRIB,1
LRIB,1
MRIB,1
NRIB,1
ORIB,1
PRIB,1
QRIB,1
RRIB,1
SRIB,1
TRIB,1
URIB,1
VRIB,1
WRIB,1
XRIB,1
YRIB,1
ZRIB,1
ASIB,1
BSIB,1
CSIB,1
DSIB,1
ESIB,1
FSIB,1
GSIB,1
HSIB,1
ISIB,1
JSIB,1
KSIB,1
LSIB,1
MSIB,1
NSIB,1
OSIB,1
PSIB,1
QSIB,1
RSIB,1
SSIB,1
TSIB,1
USIB,1
VSIB,1
WSIB,1
XSIB,1
YSIB,0
ZSIB,1
ATIB,0
BTIB,1
CTIB,1
DTIB,0
ETIB,0
FTIB,0
GTIB,1
HTIB,1
ITIB,1
JTIB,0
KTIB,1
LTIB,1
MTIB,1
NTIB,1
OTIB,1
PTIB,1
QTIB,1
RTIB,1
STIB,1
TTIB,1
UTIB,0
VTIB,1
WTIB,1
XTIB,1
YTIB,1
ZTIB,1
AUIB,1
BUIB,1
CUIB,1
DUIB,1
EUIB,1
FUIB,1
GUIB,1
HUIB,1
IUIB,1
JUIB,0
KUIB,1
LUIB,1
MUIB,1
NUIB,1
OUIB,1
PUIB,1
QUIB,1
RUIB,1
SUIB,1
TUIB,1
UUIB,1
VUIB,1
WUIB,1
XUIB,1
YUIB,1
ZUIB,1
AVIB,1
BVIB,1
CVIB,0
DVIB,0
EVIB,0
FVIB,0
GVIB,0
HVIB,0
IVIB,0
JVIB,0
KVIB,0
LVIB,0
MVIB,0
NVIB,0
OVIB,0
PVIB,0
QVIB,0
RVIB,0
SVIB,0
TVIB,0
UVIB,0
VVIB,0
WVIB,0
XVIB,0
YVIB,0
ZVIB,0
AWIB,0
BWIB,0
CWIB,0
DWIB,0
EWIB,0
FWIB,0
GWIB,0
HWIB,0
IWIB,0
JWIB,0
KWIB,0
LWIB,0
MWIB,0
NWIB,0
OWIB,0
PWIB,0
QWIB,0
RWIB,0
SWIB,0
TWIB,0
UWIB,0
VWIB,0
WWIB,0
XWIB,0
YWIB,0
ZWIB,0
AXIB,0
BXIB,0
CXIB,0
DXIB,0
EXIB,0
FXIB,0
GXIB,0
HXIB,0
IXIB,0
JXIB,0
KXIB,0
LXIB,0
MXIB,0
NXIB,0
OXIB,0
PXIB,0
QXIB,0
RXIB,0
SXIB,0
TXIB,0
UXIB,0
VXIB,0
WXIB,0
XXIB,0
YXIB,0
ZXIB,0
AYIB,0
BYIB,0
CYIB,0
DYIB,0
EYIB,0
FYIB,0
GYIB,0
HYIB,0
IYIB,0
JYIB,0
KYIB,0
LYIB,0
MYIB,0
NYIB,0
OYIB,0
PYIB,0
QYIB,0
RYIB,0
SYIB,0
TYIB,0
UYIB,0
VYIB,0
WYIB,0
XYIB,0
YYIB,0
ZYIB,0
AZIB,0
BZIB,0
CZIB,0
DZIB,0
EZIB,0
FZIB,0
GZIB,0
HZIB,0
IZIB,0
JZIB,0
KZIB,0
LZIB,0
MZIB,0
NZIB,0
OZIB,0
PZIB,0
QZIB,0
RZIB,0
SZIB,0
TZIB,0
UZIB,0
VZIB,0
WZIB,0
XZIB,0
YZIB,0
ZZIB,0
AAJB,0
BAJB,0
CAJB,0
DAJB,0
EAJB,0
FAJB,0
GAJB,0
HAJB,0
IAJB,0
JAJB,0
KAJB,0
LAJB,0
MAJB,1
NAJB,1
OAJB,1
PAJB,1
QAJB,1
RAJB,1
SAJB,1
TAJB,1
UAJB,1
VAJB,0
WAJB,1
XAJB,1
YAJB,1
ZAJB,0
ABJB,1
BBJB,1
CBJB,1
DBJB,1
EBJB,1
FBJB,1
GBJB,1
HBJB,1
IBJB,1
JBJB,1
KBJB,1
LBJB,1
MBJB,1
NBJB,1
OBJB,1
PBJB,1
QBJB,1
RBJB,1
SBJB,1
TBJB,1
UBJB,1
VBJB,1
WBJB,1
XBJB,1
YBJB,1
ZBJB,0
ACJB,1
BCJB,1
CCJB,1
DCJB,1
ECJB,1
FCJB,1
GCJB,0
HCJB,1
ICJB,1
JCJB,1
KCJB,1
LCJB,1
MCJB,1
NCJB,1
OCJB,1
PCJB,1
QCJB,1
RCJB,1
SCJB,1
TCJB,1
UCJB,1
VCJB,1
WCJB,1
XCJB,1
YCJB,0
ZCJB,1
ADJB,1
BDJB,1
CDJB,1
DDJB,1
EDJB,1
FDJB,1
GDJB,1
HDJB,1
IDJB,1
JDJB,0
KDJB,1
LDJB,1
MDJB,1
NDJB,1
ODJB,1
PDJB,1
QDJB,1
RDJB,0
SDJB,0
TDJB,0
UDJB,1
VDJB,1
WDJB,1
XDJB,1
YDJB,0
ZDJB,0
AEJB,1
BEJB,1
CEJB,1
DEJB,1
EEJB,1
FEJB,1
GEJB,0
HEJB,0
IEJB,0
JEJB,0
KEJB,0
LEJB,0
MEJB,0
NEJB,0
OEJB,0
PEJB,0
QEJB,0
REJB,0
SEJB,1
TEJB,1
UEJB,0
VEJB,0
WEJB,1
XEJB,1
YEJB,1
ZEJB,1
AFJB,1
BFJB,1
CFJB,1
DFJB,1
EFJB,1
FFJB,1
GFJB,1
HFJB,1
IFJB,1
JFJB,1
KFJB,1
LFJB,1
MFJB,1
NFJB,1
OFJB,1
PFJB,1
QFJB,1
RFJB,1
SFJB,1
TFJB,1
UFJB,1
VFJB,1
WFJB,0
XFJB,1
YFJB,1
ZFJB,1
AGJB,1
BGJB,1
CGJB,1
DGJB,1
EGJB,1
FGJB,1
GGJB,0
HGJB,1
IGJB,0
JGJB,0
KGJB,1
LGJB,1
MGJB,1
NGJB,1
OGJB,1
PGJB,1
QGJB,0
RGJB,1
SGJB,1
TGJB,1
UGJB,1
VGJB,1
WGJB,1
XGJB,1
YGJB,1
ZGJB,1
AHJB,1
BHJB,1
CHJB,0
DHJB,1
EHJB,1
FHJB,1
GHJB,1
HHJB,1
IHJB,1
JHJB,1
KHJB,1
LHJB,1
MHJB,1
NHJB,1
OHJB,1
PHJB,1
QHJB,1
RHJB,1
SHJB,1
THJB,1
UHJB,0
VHJB,1
WHJB,1
XHJB,1
YHJB,1
ZHJB,1
AIJB,1
BIJB,1
CIJB,1
DIJB,1
EIJB,1
FIJB,1
GIJB,0
HIJB,1
IIJB,1
JIJB,0
KIJB,1
LIJB,1
MIJB,1
NIJB,1
OIJB,1
PIJB,1
QIJB,0
RIJB,0
SIJB,1
TIJB,1
UIJB,0
VIJB,0
WIJB,0
XIJB,0
YIJB,0
ZIJB,0
AJJB,1
BJJB,1
CJJB,1
DJJB,1
EJJB,1
FJJB,1
GJJB,1
HJJB,1
IJJB,1
JJJB,1
KJJB,1
LJJB,1
MJJB,1
NJJB,1
OJJB,1
PJJB,0
QJJB,1
RJJB,1
SJJB,1
TJJB,1
UJJB,1
VJJB,1
WJJB,1
XJJB,1
YJJB,1
ZJJB,1
AKJB,1
BKJB,1
CKJB,1
DKJB,1
EKJB,1
FKJB,1
GKJB,1
HKJB,1
IKJB,1
JKJB,1
KKJB,1
LKJB,1
MKJB,1
NKJB,1
OKJB,1
PKJB,1
QKJB,1
RKJB,1
SKJB,1
TKJB,1
UKJB,1
VKJB,0
WKJB,1
XKJB,1
YKJB,1
ZKJB,1
ALJB,1
BLJB,1
CLJB,1
DLJB,1
ELJB,1
FLJB,1
GLJB,1
HLJB,1
ILJB,1
JLJB,1
KLJB,1
LLJB,1
MLJB,1
NLJB,1
OLJB,1
PLJB,1
QLJB,1
RLJB,1
SLJB,1
TLJB,1
ULJB,1
VLJB,1
WLJB,1
XLJB,1
YLJB,1
ZLJB,1
AMJB,1
BMJB,1
CMJB,1
DMJB,1
EMJB,1
FMJB,1
GMJB,1
HMJB,1
IMJB,1
JMJB,1
KMJB,1
LMJB,0
MMJB,0
NMJB,1
OMJB,0
PMJB,1
QMJB,1
RMJB,1
SMJB,1
TMJB,0
UMJB,1
VMJB,0
WMJB,0
XMJB,1
YMJB,1
ZMJB,1
ANJB,0
BNJB,0
CNJB,0
DNJB,0
ENJB,0
FNJB,1
GNJB,0
HNJB,0
INJB,1
JNJB,1
KNJB,1
LNJB,1
MNJB,1
NNJB,0
ONJB,1
PNJB,1
QNJB,1
RNJB,0
SNJB,0
TNJB,0
UNJB,0
VNJB,0
WNJB,0
XNJB,0
YNJB,0
ZNJB,1
AOJB,0
BOJB,1
COJB,1
DOJB,1
EOJB,1
FOJB,1
GOJB,0
HOJB,1
IOJB,1
JOJB,1
KOJB,0
LOJB,1
MOJB,0
NOJB,0
OOJB,0
POJB,0
QOJB,0
ROJB,0
SOJB,0
TOJB,0
UOJB,0
VOJB,0
WOJB,0
XOJB,0
YOJB,0
ZOJB,0
APJB,0
BPJB,1
CPJB,0
DPJB,1
EPJB,1
FPJB,1
GPJB,1
HPJB,1
IPJB,1
JPJB,1
KPJB,1
LPJB,1
MPJB,0
NPJB,1
OPJB,1
PPJB,1
QPJB,1
RPJB,1
SPJB,1
TPJB,1
UPJB,1
VPJB,1
WPJB,1
XPJB,1
YPJB,1
ZPJB,1
AQJB,1
BQJB,1
CQJB,1
DQJB,1
EQJB,1
FQJB,1
GQJB,1
HQJB,1
IQJB,0
JQJB,0
KQJB,1
LQJB,1
MQJB,1
NQJB,1
OQJB,1
PQJB,1
QQJB,0
RQJB,1
SQJB,1
TQJB,1
UQJB,0
VQJB,1
WQJB,1
XQJB,1
YQJB,1
ZQJB,0
ARJB,0
BRJB,0
CRJB,0
DRJB,0
ERJB,0
FRJB,0
GRJB,0
HRJB,0
IRJB,1
JRJB,1
KRJB,1
LRJB,0
MRJB,1
NRJB,1
ORJB,1
PRJB,1
QRJB,1
RRJB,1
SRJB,1
TRJB,1
URJB,1
VRJB,1
WRJB,1
XRJB,1
YRJB,1
ZRJB,1
ASJB,0
BSJB,1
CSJB,1
DSJB,1
ESJB,1
FSJB,1
GSJB,1
HSJB,1
ISJB,0
JSJB,1
KSJB,1
LSJB,1
MSJB,1
NSJB,1
OSJB,1
PSJB,1
QSJB,1
RSJB,1
SSJB,0
TSJB,1
USJB,1
VSJB,1
WSJB,1
XSJB,1
YSJB,1
ZSJB,1
ATJB,1
BTJB,1
CTJB,0
DTJB,1
ETJB,1
FTJB,1
GTJB,1
HTJB,1
ITJB,1
JTJB,1
KTJB,1
LTJB,1
MTJB,1
NTJB,1
OTJB,1
PTJB,1
QTJB,1
RTJB,1
STJB,1
TTJB,0
UTJB,1
VTJB,1
WTJB,1
XTJB,1
YTJB,0
ZTJB,1
AUJB,1
BUJB,1
CUJB,1
DUJB,1
EUJB,1
FUJB,1
GUJB,1
HUJB,0
IUJB,1
JUJB,0
KUJB,0
LUJB,1
MUJB,1
NUJB,0
OUJB,1
PUJB,1
QUJB,1
RUJB,1
SUJB,0
TUJB,1
UUJB,1
VUJB,1
WUJB,1
XUJB,1
YUJB,1
ZUJB,1
AVJB,1
BVJB,1
CVJB,1
DVJB,0
EVJB,1
FVJB,1
GVJB,1
HVJB,0
IVJB,1
JVJB,1
KVJB,1
LVJB,1
MVJB,1
NVJB,1
OVJB,0
PVJB,1
QVJB,1
RVJB,0
SVJB,0
TVJB,0
UVJB,0
VVJB,0
WVJB,0
XVJB,0
YVJB,0
ZVJB,0
AWJB,0
BWJB,0
CWJB,0
DWJB,0
EWJB,0
FWJB,0
GWJB,0
HWJB,0
IWJB,0
JWJB,0
KWJB,0
LWJB,0
MWJB,0
NWJB,0
OWJB,0
PWJB,0
QWJB,0
RWJB,0
SWJB,0
TWJB,0
UWJB,0
VWJB,0
WWJB,0
XWJB,0
YWJB,1
ZWJB,1
AXJB,0
BXJB,1
CXJB,1
DXJB,1
EXJB,1
FXJB,0
GXJB,1
HXJB,1
IXJB,1
JXJB,0
KXJB,1
LXJB,1
MXJB,1
NXJB,1
OXJB,1
PXJB,1
QXJB,1
RXJB,1
SXJB,0
TXJB,0
UXJB,1
VXJB,1
WXJB,1
XXJB,1
YXJB,1
ZXJB,1
AYJB,1
BYJB,0
CYJB,1
DYJB,1
EYJB,1
FYJB,1
GYJB,0
HYJB,1
IYJB,1
JYJB,1
KYJB,1
LYJB,1
MYJB,1
NYJB,1
OYJB,1
PYJB,1
QYJB,1
RYJB,1
SYJB,1
TYJB,1
UYJB,1
VYJB,1
WYJB,1
XYJB,0
YYJB,1
ZYJB,1
AZJB,1
BZJB,1
CZJB,1
DZJB,0
EZJB,1
FZJB,1
GZJB,1
HZJB,1
IZJB,1
JZJB,1
KZJB,1
LZJB,0
MZJB,1
NZJB,1
OZJB,1
PZJB,1
QZJB,1
RZJB,1
SZJB,1
TZJB,1
UZJB,1
VZJB,1
WZJB,1
XZJB,1
YZJB,1
ZZJB,1
AAKB,1
BAKB,0
CAKB,1
DAKB,1
EAKB,1
FAKB,0
GAKB,1
HAKB,0
IAKB,1
JAKB,1
KAKB,1
LAKB,1
MAKB,1
NAKB,1
OAKB,1
PAKB,1
QAKB,1
RAKB,1
SAKB,1
TAKB,1
UAKB,1
VAKB,1
WAKB,1
XAKB,1
YAKB,1
ZAKB,1
ABKB,1
BBKB,1
CBKB,1
DBKB,1
EBKB,1
FBKB,1
GBKB,1
HBKB,0
IBKB,0
JBKB,0
KBKB,0
LBKB,0
MBKB,0
NBKB,0
OBKB,0
PBKB,0
QBKB,0
RBKB,0
SBKB,0
TBKB,0
UBKB,0
VBKB,0
WBKB,0
XBKB,0
YBKB,0
ZBKB,0
ACKB,0
BCKB,0
CCKB,0
DCKB,0
ECKB,0
FCKB,0
GCKB,0
HCKB,0
ICKB,0
JCKB,0
KCKB,0
LCKB,0
MCKB,0
NCKB,0
OCKB,0
PCKB,0
QCKB,0
RCKB,0
SCKB,0
TCKB,0
UCKB,0
VCKB,0
WCKB,0
XCKB,0
YCKB,0
ZCKB,0
ADKB,0
BDKB,0
CDKB,0
DDKB,0
EDKB,0
FDKB,0
GDKB,1
HDKB,0
IDKB,1
JDKB,0
KDKB,1
LDKB,1
MDKB,1
NDKB,1
ODKB,1
PDKB,1
QDKB,1
RDKB,1
SDKB,1
TDKB,1
UDKB,1
VDKB,1
WDKB,1
XDKB,1
YDKB,1
ZDKB,1
AEKB,0
BEKB,1
CEKB,1
DEKB,1
EEKB,1
FEKB,1
GEKB,0
HEKB,1
IEKB,1
JEKB,1
KEKB,1
LEKB,1
MEKB,1
NEKB,1
OEKB,1
PEKB,1
QEKB,1
REKB,1
SEKB,1
TEKB,1
UEKB,1
VEKB,0
WEKB,1
XEKB,1
YEKB,1
ZEKB,1
AFKB,1
BFKB,1
CFKB,1
DFKB,0
EFKB,1
FFKB,1
GFKB,1
HFKB,1
IFKB,1
JFKB,1
KFKB,0
LFKB,1
MFKB,1
NFKB,1
OFKB,0
PFKB,1
QFKB,1
RFKB,0
SFKB,0
TFKB,0
UFKB,1
VFKB,1
WFKB,1
XFKB,0
YFKB,1
ZFKB,1
AGKB,1
BGKB,1
CGKB,1
DGKB,1
EGKB,0
FGKB,1
GGKB,0
HGKB,0
IGKB,1
JGKB,0
KGKB,0
LGKB,0
MGKB,0
NGKB,0
OGKB,0
PGKB,1
QGKB,0
RGKB,1
SGKB,0
TGKB,1
UGKB,0
VGKB,1
WGKB,1
XGKB,1
YGKB,1
ZGKB,1
AHKB,1
BHKB,1
CHKB,1
DHKB,1
EHKB,1
FHKB,0
GHKB,1
HHKB,0
IHKB,1
JHKB,1
KHKB,1
LHKB,1
MHKB,1
NHKB,1
OHKB,0
PHKB,1
QHKB,1
RHKB,1
SHKB,1
THKB,1
UHKB,1
VHKB,1
WHKB,1
XHKB,1
YHKB,1
ZHKB,0
AIKB,1
BIKB,1
CIKB,1
DIKB,1
EIKB,1
FIKB,1
GIKB,1
HIKB,1
IIKB,1
JIKB,1
KIKB,1
LIKB,0
MIKB,0
NIKB,1
OIKB,1
PIKB,1
QIKB,1
RIKB,0
SIKB,1
TIKB,1
UIKB,1
VIKB,1
WIKB,0
XIKB,0
YIKB,0
ZIKB,0
AJKB,0
BJKB,0
CJKB,0
DJKB,0
EJKB,0
FJKB,0
GJKB,0
HJKB,0
IJKB,0
JJKB,0
KJKB,0
LJKB,0
MJKB,0
NJKB,0
OJKB,0
PJKB,0
QJKB,0
RJKB,0
SJKB,0
TJKB,0
UJKB,0
VJKB,0
WJKB,0
XJKB,0
YJKB,0
ZJKB,0
AKKB,0
BKKB,0
CKKB,0
DKKB,0
EKKB,0
FKKB,0
GKKB,0
HKKB,0
IKKB,1
JKKB,1
KKKB,1
LKKB,1
MKKB,1
NKKB,1
OKKB,1
PKKB,1
QKKB,1
RKKB,0
SKKB,1
TKKB,1
UKKB,1
VKKB,1
WKKB,1
XKKB,1
YKKB,1
ZKKB,0
ALKB,0
BLKB,0
CLKB,0
DLKB,0
ELKB,0
FLKB,1
GLKB,1
HLKB,1
ILKB,0
JLKB,1
KLKB,1
LLKB,1
MLKB,1
NLKB,1
OLKB,1
PLKB,1
QLKB,1
RLKB,1
SLKB,1
TLKB,1
ULKB,1
VLKB,1
WLKB,1
XLKB,1
YLKB,0
ZLKB,1
AMKB,1
BMKB,1
CMKB,1
DMKB,1
EMKB,1
FMKB,1
GMKB,1
HMKB,1
IMKB,1
JMKB,1
KMKB,0
LMKB,1
MMKB,1
NMKB,1
OMKB,1
PMKB,1
QMKB,1
RMKB,1
SMKB,0
TMKB,1
UMKB,1
VMKB,1
WMKB,1
XMKB,1
YMKB,0
ZMKB,1
ANKB,1
BNKB,1
CNKB,1
DNKB,1
ENKB,1
FNKB,1
GNKB,1
HNKB,1
INKB,1
JNKB,0
KNKB,1
LNKB,1
MNKB,1
NNKB,0
ONKB,1
PNKB,1
QNKB,1
RNKB,1
SNKB,1
TNKB,1
UNKB,1
VNKB,1
WNKB,1
XNKB,1
YNKB,1
ZNKB,0
AOKB,0
BOKB,1
COKB,1
DOKB,1
EOKB,1
FOKB,1
GOKB,1
HOKB,0
IOKB,1
JOKB,1
KOKB,1
LOKB,1
MOKB,0
NOKB,0
OOKB,0
POKB,0
QOKB,0
ROKB,0
SOKB,0
TOKB,0
UOKB,0
VOKB,1
WOKB,1
XOKB,1
YOKB,1
ZOKB,1
APKB,1
BPKB,1
CPKB,1
DPKB,1
EPKB,1
FPKB,1
GPKB,1
HPKB,1
IPKB,1
JPKB,1
KPKB,1
LPKB,1
MPKB,1
NPKB,1
OPKB,1
PPKB,1
QPKB,1
RPKB,1
SPKB,1
TPKB,0
UPKB,0
VPKB,0
WPKB,1
XPKB,1
YPKB,1
ZPKB,1
AQKB,1
BQKB,1
CQKB,0
DQKB,0
EQKB,0
FQKB,0
GQKB,0
HQKB,0
IQKB,0
JQKB,0
KQKB,1
LQKB,1
MQKB,1
NQKB,1
OQKB,1
PQKB,0
QQKB,0
RQKB,1
SQKB,1
TQKB,0
UQKB,0
VQKB,0
WQKB,0
XQKB,0
YQKB,0
ZQKB,0
ARKB,0
BRKB,0
CRKB,0
DRKB,1
ERKB,1
FRKB,0
GRKB,1
HRKB,1
IRKB,1
JRKB,1
KRKB,1
LRKB,1
MRKB,1
NRKB,1
ORKB,0
PRKB,1
QRKB,1
RRKB,1
SRKB,1
TRKB,1
URKB,1
VRKB,1
WRKB,0
XRKB,1
YRKB,1
ZRKB,1
ASKB,1
BSKB,1
CSKB,0
DSKB,1
ESKB,0
FSKB,1
GSKB,1
HSKB,1
ISKB,1
JSKB,1
KSKB,1
LSKB,1
MSKB,1
NSKB,1
OSKB,0
PSKB,0
QSKB,0
RSKB,0
SSKB,0
TSKB,0
USKB,0
VSKB,0
WSKB,1
XSKB,0
YSKB,1
ZSKB,1
ATKB,1
BTKB,1
CTKB,1
DTKB,1
ETKB,1
FTKB,1
GTKB,1
HTKB,1
ITKB,1
JTKB,1
KTKB,1
LTKB,1
MTKB,1
NTKB,1
OTKB,1
PTKB,1
QTKB,1
RTKB,1
STKB,1
TTKB,1
UTKB,1
VTKB,1
WTKB,1
XTKB,1
YTKB,1
ZTKB,1
AUKB,1
BUKB,1
CUKB,1
DUKB,1
EUKB,1
FUKB,1
GUKB,0
HUKB,1
IUKB,1
JUKB,1
KUKB,1
LUKB,1
MUKB,1
NUKB,1
OUKB,1
PUKB,1
QUKB,0
RUKB,1
SUKB,1
TUKB,1
UUKB,1
VUKB,1
WUKB,1
XUKB,1
YUKB,1
ZUKB,1
AVKB,1
BVKB,1
CVKB,1
DVKB,1
EVKB,1
FVKB,0
GVKB,1
HVKB,1
IVKB,1
JVKB,1
KVKB,1
LVKB,1
MVKB,1
NVKB,1
OVKB,0
PVKB,1
QVKB,1
RVKB,1
SVKB,1
TVKB,1
UVKB,1
VVKB,1
WVKB,1
XVKB,1
YVKB,0
ZVKB,1
AWKB,1
BWKB,0
CWKB,1
DWKB,1
EWKB,1
FWKB,1
GWKB,1
HWKB,1
IWKB,1
JWKB,1
KWKB,1
LWKB,1
MWKB,0
NWKB,0
OWKB,0
PWKB,0
QWKB,0
RWKB,0
SWKB,0
TWKB,0
UWKB,0
VWKB,0
WWKB,0
XWKB,0
YWKB,0
ZWKB,0
AXKB,0
BXKB,0
CXKB,0
DXKB,0
EXKB,0
FXKB,0
GXKB,0
HXKB,0
IXKB,0
JXKB,0
KXKB,0
LXKB,0
MXKB,0
NXKB,0
OXKB,0
PXKB,0
QXKB,0
RXKB,0
SXKB,1
TXKB,1
UXKB,1
VXKB,1
WXKB,1
XXKB,1
YXKB,1
ZXKB,1
AYKB,1
BYKB,1
CYKB,1
DYKB,1
EYKB,1
FYKB,0
GYKB,1
HYKB,1
IYKB,1
JYKB,0
KYKB,1
LYKB,0
MYKB,1
NYKB,1
OYKB,1
PYKB,0
QYKB,1
RYKB,1
SYKB,1
TYKB,1
UYKB,1
VYKB,1
WYKB,1
XYKB,1
YYKB,1
ZYKB,1
AZKB,1
BZKB,1
CZKB,1
DZKB,1
EZKB,0
FZKB,1
GZKB,1
HZKB,0
IZKB,1
JZKB,1
KZKB,1
LZKB,1
MZKB,0
NZKB,1
OZKB,1
PZKB,1
QZKB,1
RZKB,1
SZKB,1
TZKB,1
UZKB,1
VZKB,1
WZKB,1
XZKB,1
YZKB,1
ZZKB,1
AALB,0
BALB,1
CALB,1
DALB,1
EALB,1
FALB,1
GALB,1
HALB,1
IALB,1
JALB,1
KALB,1
LALB,1
MALB,1
NALB,1
OALB,0
PALB,1
QALB,1
RALB,0
SALB,0
TALB,0
UALB,1
VALB,1
WALB,1
XALB,1
YALB,1
ZALB,1
ABLB,0
BBLB,0
CBLB,0
DBLB,0
EBLB,0
FBLB,0
GBLB,0
HBLB,0
IBLB,0
JBLB,0
KBLB,0
LBLB,0
MBLB,0
NBLB,0
OBLB,0
PBLB,0
QBLB,0
RBLB,0
SBLB,0
TBLB,0
UBLB,0
VBLB,0
WBLB,0
XBLB,0
YBLB,0
ZBLB,0
ACLB,0
BCLB,0
CCLB,0
DCLB,0
ECLB,0
FCLB,0
GCLB,0
HCLB,0
ICLB,0
JCLB,0
KCLB,0
LCLB,0
MCLB,0
NCLB,0
OCLB,0
PCLB,0
QCLB,0
RCLB,0
SCLB,0
TCLB,0
UCLB,0
VCLB,0
WCLB,0
XCLB,0
YCLB,0
ZCLB,0
ADLB,0
BDLB,0
CDLB,0
DDLB,0
EDLB,0
FDLB,0
GDLB,0
HDLB,0
IDLB,0
JDLB,0
KDLB,0
LDLB,0
MDLB,0
NDLB,1
ODLB,0
PDLB,1
QDLB,1
RDLB,0
SDLB,1
TDLB,1
UDLB,1
VDLB,1
WDLB,1
XDLB,1
YDLB,1
ZDLB,1
AELB,1
BELB,1
CELB,1
DELB,1
EELB,1
FELB,0
GELB,1
HELB,1
IELB,1
JELB,1
KELB,1
LELB,1
MELB,1
NELB,1
OELB,1
PELB,1
QELB,1
RELB,1
SELB,1
TELB,1
UELB,1
VELB,1
WELB,1
XELB,1
YELB,1
ZELB,1
AFLB,1
BFLB,1
CFLB,1
DFLB,1
EFLB,0
FFLB,1
GFLB,1
HFLB,1
IFLB,1
JFLB,1
KFLB,0
LFLB,1
MFLB,1
NFLB,1
OFLB,1
PFLB,1
QFLB,1
RFLB,1
SFLB,1
TFLB,1
UFLB,1
VFLB,1
WFLB,1
XFLB,0
YFLB,1
ZFLB,1
AGLB,1
BGLB,1
CGLB,1
DGLB,1
EGLB,1
FGLB,1
GGLB,1
HGLB,1
IGLB,1
JGLB,1
KGLB,1
LGLB,1
MGLB,1
NGLB,1
OGLB,1
PGLB,1
QGLB,0
RGLB,0
SGLB,1
TGLB,0
UGLB,0
VGLB,1
WGLB,0
XGLB,1
YGLB,1
ZGLB,1
AHLB,1
BHLB,0
CHLB,0
DHLB,0
EHLB,0
FHLB,0
GHLB,0
HHLB,0
IHLB,0
JHLB,0
KHLB,0
LHLB,1
MHLB,0
NHLB,0
OHLB,0
PHLB,0
QHLB,0
RHLB,1
SHLB,1
THLB,1
UHLB,1
VHLB,1
WHLB,1
XHLB,1
YHLB,1
ZHLB,1
AILB,1
BILB,1
CILB,1
DILB,1
EILB,1
FILB,1
GILB,1
HILB,1
IILB,1
JILB,1
KILB,1
LILB,1
MILB,1
NILB,1
OILB,1
PILB,1
QILB,1
RILB,1
SILB,1
TILB,1
UILB,1
VILB,1
WILB,1
XILB,1
YILB,1
ZILB,1
AJLB,1
BJLB,1
CJLB,1
DJLB,1
EJLB,1
FJLB,1
GJLB,1
HJLB,1
IJLB,1
JJLB,1
KJLB,1
LJLB,0
MJLB,1
NJLB,1
OJLB,1
PJLB,1
QJLB,1
RJLB,1
SJLB,1
TJLB,1
UJLB,1
VJLB,1
WJLB,1
XJLB,1
YJLB,1
ZJLB,0
AKLB,1
BKLB,0
CKLB,1
DKLB,1
EKLB,1
FKLB,1
GKLB,1
HKLB,1
IKLB,1
JKLB,1
KKLB,1
LKLB,1
MKLB,1
NKLB,1
OKLB,1
PKLB,1
QKLB,0
RKLB,1
SKLB,1
TKLB,1
UKLB,1
VKLB,1
WKLB,1
XKLB,1
YKLB,1
ZKLB,1
ALLB,1
BLLB,0
CLLB,1
DLLB,1
ELLB,1
FLLB,1
GLLB,1
HLLB,0
ILLB,1
JLLB,0
KLLB,1
LLLB,1
MLLB,0
NLLB,0
OLLB,0
PLLB,0
QLLB,0
RLLB,0
SLLB,0
TLLB,0
ULLB,0
VLLB,0
WLLB,0
XLLB,0
YLLB,0
ZLLB,0
AMLB,0
BMLB,0
CMLB,0
DMLB,0
EMLB,0
FMLB,0
GMLB,0
HMLB,0
IMLB,0
JMLB,0
KMLB,0
LMLB,0
MMLB,0
NMLB,0
OMLB,0
PMLB,0
QMLB,0
RMLB,0
SMLB,0
TMLB,0
UMLB,0
VMLB,0
WMLB,0
XMLB,0
YMLB,0
ZMLB,0
ANLB,0
BNLB,0
CNLB,0
DNLB,0
ENLB,0
FNLB,0
GNLB,0
HNLB,0
INLB,0
JNLB,0
KNLB,0
LNLB,1
MNLB,1
NNLB,1
ONLB,1
PNLB,1
QNLB,1
RNLB,1
SNLB,1
TNLB,1
UNLB,1
VNLB,1
WNLB,1
XNLB,0
YNLB,1
ZNLB,1
AOLB,1
BOLB,0
COLB,1
DOLB,1
EOLB,1
FOLB,1
GOLB,1
HOLB,1
IOLB,1
JOLB,1
KOLB,1
LOLB,1
MOLB,1
NOLB,1
OOLB,1
POLB,1
QOLB,1
ROLB,1
SOLB,1
TOLB,1
UOLB,1
VOLB,1
WOLB,1
XOLB,1
YOLB,1
ZOLB,1
APLB,1
BPLB,1
CPLB,1
DPLB,1
EPLB,0
FPLB,0
GPLB,1
HPLB,1
IPLB,1
JPLB,1
KPLB,1
LPLB,1
MPLB,1
NPLB,0
OPLB,1
PPLB,1
QPLB,1
RPLB,0
SPLB,1
TPLB,0
UPLB,1
VPLB,1
WPLB,1
XPLB,1
YPLB,0
ZPLB,1
AQLB,1
BQLB,1
CQLB,1
DQLB,1
EQLB,0
FQLB,1
GQLB,1
HQLB,1
IQLB,1
JQLB,1
KQLB,1
LQLB,1
MQLB,1
NQLB,1
OQLB,0
PQLB,1
QQLB,1
RQLB,0
SQLB,0
TQLB,0
UQLB,0
VQLB,0
WQLB,0
XQLB,1
YQLB,1
ZQLB,0
ARLB,0
BRLB,0
CRLB,0
DRLB,0
ERLB,0
FRLB,0
GRLB,0
HRLB,0
IRLB,0
JRLB,0
KRLB,0
LRLB,0
MRLB,0
NRLB,0
ORLB,0
PRLB,0
QRLB,0
RRLB,0
SRLB,0
TRLB,0
URLB,0
VRLB,0
WRLB,0
XRLB,0
YRLB,0
ZRLB,0
ASLB,1
BSLB,1
CSLB,1
DSLB,1
ESLB,1
FSLB,1
GSLB,1
HSLB,1
ISLB,1
JSLB,1
KSLB,1
LSLB,1
MSLB,1
NSLB,1
OSLB,1
PSLB,0
QSLB,1
RSLB,1
SSLB,1
TSLB,0
USLB,1
VSLB,1
WSLB,0
XSLB,1
YSLB,1
ZSLB,1
ATLB,1
BTLB,1
CTLB,1
DTLB,1
ETLB,1
FTLB,1
GTLB,1
HTLB,0
ITLB,1
JTLB,0
KTLB,0
LTLB,0
MTLB,0
NTLB,0
OTLB,0
PTLB,0
QTLB,0
RTLB,1
STLB,1
TTLB,1
UTLB,1
VTLB,0
WTLB,1
XTLB,1
YTLB,1
ZTLB,1
AULB,0
BULB,0
CULB,1
DULB,0
EULB,0
FULB,1
GULB,1
HULB,1
IULB,1
JULB,0
KULB,1
LULB,0
MULB,1
NULB,1
OULB,1
PULB,0
QULB,1
RULB,1
SULB,1
TULB,1
UULB,1
VULB,1
WULB,1
XULB,1
YULB,1
ZULB,1
AVLB,1
BVLB,1
CVLB,1
DVLB,1
EVLB,1
FVLB,1
GVLB,1
HVLB,1
IVLB,1
JVLB,1
KVLB,1
LVLB,0
MVLB,1
NVLB,0
OVLB,1
PVLB,0
QVLB,1
RVLB,1
SVLB,0
TVLB,1
UVLB,1
VVLB,1
WVLB,1
XVLB,1
YVLB,1
ZVLB,1
AWLB,1
BWLB,1
CWLB,1
DWLB,1
EWLB,1
FWLB,1
GWLB,1
HWLB,1
IWLB,1
JWLB,0
KWLB,1
LWLB,0
MWLB,1
NWLB,0
OWLB,0
PWLB,1
QWLB,1
RWLB,1
SWLB,1
TWLB,1
UWLB,1
VWLB,1
WWLB,1
XWLB,1
YWLB,1
ZWLB,0
AXLB,1
BXLB,0
CXLB,1
DXLB,1
EXLB,1
FXLB,1
GXLB,1
HXLB,1
IXLB,1
JXLB,1
KXLB,1
LXLB,1
MXLB,1
NXLB,1
OXLB,1
PXLB,1
QXLB,1
RXLB,1
SXLB,0
TXLB,1
UXLB,1
VXLB,1
WXLB,1
XXLB,1
YXLB,1
ZXLB,1
AYLB,1
BYLB,1
CYLB,1
DYLB,1
EYLB,1
FYLB,1
GYLB,1
HYLB,1
IYLB,1
JYLB,1
KYLB,1
LYLB,1
MYLB,1
NYLB,1
OYLB,1
PYLB,1
QYLB,1
RYLB,1
SYLB,0
TYLB,0
UYLB,0
VYLB,0
WYLB,0
XYLB,0
YYLB,0
ZYLB,0
AZLB,0
BZLB,0
CZLB,0
DZLB,0
EZLB,0
FZLB,0
GZLB,0
HZLB,0
IZLB,0
JZLB,0
KZLB,0
LZLB,0
MZLB,0
NZLB,0
OZLB,0
PZLB,0
QZLB,0
RZLB,0
SZLB,0
TZLB,0
UZLB,0
VZLB,0
WZLB,0
XZLB,0
YZLB,0
ZZLB,0
AAMB,0
BAMB,0
CAMB,0
DAMB,0
EAMB,0
FAMB,0
GAMB,0
HAMB,0
IAMB,0
JAMB,0
KAMB,0
LAMB,1
MAMB,0
NAMB,1
OAMB,1
PAMB,0
QAMB,0
RAMB,0
SAMB,0
TAMB,1
UAMB,1
VAMB,1
WAMB,0
XAMB,1
YAMB,1
ZAMB,1
ABMB,1
BBMB,1
CBMB,1
DBMB,1
EBMB,1
FBMB,1
GBMB,1
HBMB,1
IBMB,0
JBMB,1
KBMB,1
LBMB,0
MBMB,1
NBMB,1
OBMB,1
PBMB,1
QBMB,1
RBMB,1
SBMB,0
TBMB,1
UBMB,1
VBMB,1
WBMB,1
XBMB,1
YBMB,1
ZBMB,0
ACMB,0
BCMB,1
CCMB,1
DCMB,1
ECMB,1
FCMB,1
GCMB,1
HCMB,0
ICMB,1
JCMB,1
KCMB,1
LCMB,1
MCMB,1
NCMB,1
OCMB,1
PCMB,1
QCMB,1
RCMB,1
SCMB,1
TCMB,1
UCMB,1
VCMB,1
WCMB,1
XCMB,1
YCMB,1
ZCMB,1
ADMB,1
BDMB,1
CDMB,1
DDMB,1
EDMB,1
FDMB,1
GDMB,1
HDMB,1
IDMB,1
JDMB,0
KDMB,0
LDMB,1
MDMB,1
NDMB,0
ODMB,1
PDMB,1
QDMB,1
RDMB,1
SDMB,1
TDMB,1
UDMB,1
VDMB,1
WDMB,1
XDMB,1
YDMB,1
ZDMB,1
AEMB,1
BEMB,1
CEMB,1
DEMB,1
EEMB,1
FEMB,1
GEMB,1
HEMB,1
IEMB,1
JEMB,1
KEMB,1
LEMB,1
MEMB,1
NEMB,1
OEMB,1
PEMB,1
QEMB,1
REMB,1
SEMB,1
TEMB,0
UEMB,0
VEMB,0
WEMB,0
XEMB,0
YEMB,0
ZEMB,0
AFMB,0
BFMB,0
CFMB,0
DFMB,0
EFMB,0
FFMB,0
GFMB,0
HFMB,0
IFMB,0
JFMB,0
KFMB,0
LFMB,0
MFMB,0
NFMB,0
OFMB,0
PFMB,0
QFMB,0
RFMB,0
SFMB,0
TFMB,0
UFMB,0
VFMB,0
WFMB,0
XFMB,0
YFMB,0
ZFMB,0
AGMB,0
BGMB,0
CGMB,0
DGMB,0
EGMB,0
FGMB,0
GGMB,0
HGMB,0
IGMB,0
JGMB,0
KGMB,0
LGMB,0
MGMB,0
NGMB,0
OGMB,0
PGMB,0
QGMB,0
RGMB,1
SGMB,1
TGMB,1
UGMB,1
VGMB,1
WGMB,1
XGMB,1
YGMB,1
ZGMB,1
AHMB,1
BHMB,0
CHMB,0
DHMB,1
EHMB,1
FHMB,1
GHMB,1
HHMB,1
IHMB,1
JHMB,1
KHMB,1
LHMB,1
MHMB,1
NHMB,1
OHMB,1
PHMB,0
QHMB,0
RHMB,1
SHMB,1
THMB,0
UHMB,1
VHMB,1
WHMB,1
XHMB,1
YHMB,1
ZHMB,1
AIMB,1
BIMB,1
CIMB,1
DIMB,1
EIMB,1
FIMB,1
GIMB,1
HIMB,1
IIMB,1
JIMB,1
KIMB,1
LIMB,1
MIMB,1
NIMB,1
OIMB,1
PIMB,1
QIMB,1
RIMB,1
SIMB,1
TIMB,0
UIMB,1
VIMB,1
WIMB,0
XIMB,1
YIMB,1
ZIMB,1
AJMB,1
BJMB,1
CJMB,1
DJMB,1
EJMB,1
FJMB,1
GJMB,0
HJMB,0
IJMB,0
JJMB,0
KJMB,0
LJMB,0
MJMB,1
NJMB,0
OJMB,0
PJMB,0
QJMB,0
RJMB,0
SJMB,0
TJMB,0
UJMB,0
VJMB,1
WJMB,0
XJMB,0
YJMB,1
ZJMB,1
AKMB,1
BKMB,1
CKMB,1
DKMB,1
EKMB,1
FKMB,1
GKMB,1
HKMB,1
IKMB,0
JKMB,0
KKMB,1
LKMB,1
MKMB,1
NKMB,1
OKMB,1
PKMB,1
QKMB,1
RKMB,1
SKMB,0
TKMB,1
UKMB,1
VKMB,1
WKMB,1
XKMB,1
YKMB,1
ZKMB,1
ALMB,1
BLMB,0
CLMB,1
DLMB,0
ELMB,1
FLMB,1
GLMB,1
HLMB,1
ILMB,0
JLMB,1
KLMB,1
LLMB,1
MLMB,1
NLMB,1
OLMB,1
PLMB,1
QLMB,1
RLMB,1
SLMB,1
TLMB,1
ULMB,0
VLMB,1
WLMB,0
XLMB,1
YLMB,1
ZLMB,1
AMMB,1
BMMB,1
CMMB,1
DMMB,1
EMMB,1
FMMB,1
GMMB,1
HMMB,1
IMMB,1
JMMB,1
KMMB,0
LMMB,1
MMMB,1
NMMB,1
OMMB,1
PMMB,1
QMMB,1
RMMB,1
SMMB,1
TMMB,0
UMMB,1
VMMB,0
WMMB,0
XMMB,1
YMMB,1
ZMMB,1
ANMB,0
BNMB,0
CNMB,1
DNMB,1
ENMB,1
FNMB,1
GNMB,1
HNMB,1
INMB,1
JNMB,1
KNMB,1
LNMB,1
MNMB,1
NNMB,1
ONMB,1
PNMB,1
QNMB,1
RNMB,0
SNMB,1
TNMB,0
UNMB,1
VNMB,1
WNMB,1
XNMB,1
YNMB,1
ZNMB,0
AOMB,0
BOMB,1
COMB,1
DOMB,1
EOMB,0
FOMB,1
GOMB,1
HOMB,1
IOMB,1
JOMB,1
KOMB,1
LOMB,0
MOMB,0
NOMB,1
OOMB,1
POMB,1
QOMB,1
ROMB,0
SOMB,1
TOMB,1
UOMB,0
VOMB,0
WOMB,1
XOMB,1
YOMB,1
ZOMB,0
APMB,1
BPMB,1
CPMB,1
DPMB,0
EPMB,1
FPMB,1
GPMB,1
HPMB,1
IPMB,0
JPMB,1
KPMB,1
LPMB,1
MPMB,1
NPMB,0
OPMB,1
PPMB,1
QPMB,1
RPMB,0
SPMB,0
TPMB,0
UPMB,0
VPMB,1
WPMB,1
XPMB,1
YPMB,1
ZPMB,1
AQMB,1
BQMB,1
CQMB,1
DQMB,1
EQMB,0
FQMB,1
GQMB,1
HQMB,1
IQMB,1
JQMB,0
KQMB,0
LQMB,0
MQMB,0
NQMB,0
OQMB,0
PQMB,0
QQMB,0
RQMB,0
SQMB,0
TQMB,0
UQMB,0
VQMB,0
WQMB,0
XQMB,0
YQMB,0
ZQMB,0
ARMB,0
BRMB,0
CRMB,0
DRMB,0
ERMB,0
FRMB,0
GRMB,0
HRMB,0
IRMB,0
JRMB,0
KRMB,0
LRMB,0
MRMB,0
NRMB,0
ORMB,0
PRMB,0
QRMB,0
RRMB,0
SRMB,1
TRMB,1
URMB,1
VRMB,1
WRMB,1
XRMB,1
YRMB,1
ZRMB,1
ASMB,0
BSMB,1
CSMB,1
DSMB,1
ESMB,1
FSMB,0
GSMB,1
HSMB,1
ISMB,1
JSMB,1
KSMB,1
LSMB,1
MSMB,0
NSMB,1
OSMB,1
PSMB,1
QSMB,0
RSMB,1
SSMB,1
TSMB,1
USMB,1
VSMB,1
WSMB,1
XSMB,1
YSMB,1
ZSMB,1
ATMB,1
BTMB,1
CTMB,1
DTMB,0
ETMB,1
FTMB,1
GTMB,1
HTMB,1
ITMB,1
JTMB,0
KTMB,1
LTMB,0
MTMB,0
NTMB,1
OTMB,1
PTMB,0
QTMB,1
RTMB,1
STMB,1
TTMB,1
UTMB,1
VTMB,1
WTMB,1
XTMB,1
YTMB,1
ZTMB,1
AUMB,1
BUMB,1
CUMB,1
DUMB,1
EUMB,0
FUMB,1
GUMB,1
HUMB,0
IUMB,1
JUMB,1
KUMB,1
LUMB,1
MUMB,1
NUMB,1
OUMB,1
PUMB,1
QUMB,1
RUMB,1
SUMB,1
TUMB,1
UUMB,1
VUMB,0
WUMB,0
XUMB,0
YUMB,0
ZUMB,0
AVMB,0
BVMB,1
CVMB,0
DVMB,1
EVMB,1
FVMB,1
GVMB,1
HVMB,1
IVMB,1
JVMB,1
KVMB,0
LVMB,1
MVMB,1
NVMB,1
OVMB,1
PVMB,1
QVMB,1
RVMB,1
SVMB,1
TVMB,1
UVMB,1
VVMB,1
WVMB,1
XVMB,1
YVMB,1
ZVMB,1
AWMB,1
BWMB,1
CWMB,1
DWMB,1
EWMB,1
FWMB,1
GWMB,1
HWMB,1
IWMB,1
JWMB,1
KWMB,1
LWMB,1
MWMB,1
NWMB,1
OWMB,1
PWMB,0
QWMB,0
RWMB,0
SWMB,0
TWMB,0
UWMB,0
VWMB,0
WWMB,0
XWMB,0
YWMB,0
ZWMB,0
AXMB,0
BXMB,0
CXMB,0
DXMB,0
EXMB,0
FXMB,1
GXMB,1
HXMB,1
IXMB,1
JXMB,1
KXMB,1
LXMB,1
MXMB,1
NXMB,1
OXMB,1
PXMB,1
QXMB,1
RXMB,1
SXMB,1
TXMB,1
UXMB,1
VXMB,1
WXMB,1
XXMB,1
YXMB,1
ZXMB,1
AYMB,0
BYMB,1
CYMB,1
DYMB,1
EYMB,1
FYMB,1
GYMB,1
HYMB,1
IYMB,1
JYMB,1
KYMB,1
LYMB,1
MYMB,1
NYMB,0
OYMB,0
PYMB,0
QYMB,0
RYMB,0
SYMB,0
TYMB,0
UYMB,0
VYMB,0
WYMB,0
XYMB,0
YYMB,0
ZYMB,1
AZMB,1
BZMB,1
CZMB,1
DZMB,1
EZMB,1
FZMB,0
GZMB,1
HZMB,1
IZMB,1
JZMB,1
KZMB,1
LZMB,1
MZMB,1
NZMB,1
OZMB,1
PZMB,1
QZMB,1
RZMB,1
SZMB,1
TZMB,1
UZMB,1
VZMB,1
WZMB,1
XZMB,1
YZMB,1
ZZMB,1
AANB,1
BANB,1
CANB,1
DANB,1
EANB,1
FANB,0
GANB,0
HANB,1
IANB,1
JANB,1
KANB,1
LANB,1
MANB,1
NANB,1
OANB,0
PANB,1
QANB,1
RANB,1
SANB,1
TANB,1
UANB,1
VANB,1
WANB,1
XANB,1
YANB,1
ZANB,1
ABNB,1
BBNB,1
CBNB,0
DBNB,1
EBNB,1
FBNB,1
GBNB,0
HBNB,1
IBNB,1
JBNB,0
KBNB,1
LBNB,1
MBNB,1
NBNB,1
OBNB,1
PBNB,0
QBNB,1
RBNB,1
SBNB,1
TBNB,1
UBNB,1
VBNB,1
WBNB,1
XBNB,0
YBNB,1
ZBNB,1
ACNB,1
BCNB,1
CCNB,1
DCNB,1
ECNB,1
FCNB,1
GCNB,1
HCNB,1
ICNB,0
JCNB,1
KCNB,1
LCNB,1
MCNB,1
NCNB,1
OCNB,1
PCNB,1
QCNB,1
RCNB,1
SCNB,1
TCNB,1
UCNB,0
VCNB,1
WCNB,1
XCNB,1
YCNB,1
ZCNB,1
ADNB,1
BDNB,0
CDNB,1
DDNB,1
EDNB,1
FDNB,1
GDNB,1
HDNB,1
IDNB,0
JDNB,1
KDNB,1
LDNB,1
MDNB,0
NDNB,1
ODNB,1
PDNB,0
QDNB,0
RDNB,0
SDNB,0
TDNB,0
UDNB,0
VDNB,0
WDNB,1
XDNB,0
YDNB,0
ZDNB,0
AENB,0
BENB,0
CENB,0
DENB,0
EENB,0
FENB,0
GENB,0
HENB,0
IENB,0
JENB,0
KENB,0
LENB,0
MENB,0
NENB,0
OENB,0
PENB,0
QENB,0
RENB,0
SENB,0
TENB,0
UENB,0
VENB,0
WENB,0
XENB,0
YENB,0
ZENB,0
AFNB,0
BFNB,1
CFNB,0
DFNB,1
EFNB,1
FFNB,1
GFNB,1
HFNB,0
IFNB,0
JFNB,1
KFNB,1
LFNB,1
MFNB,1
NFNB,1
OFNB,1
PFNB,1
QFNB,1
RFNB,1
SFNB,1
TFNB,1
UFNB,0
VFNB,0
WFNB,0
XFNB,1
YFNB,1
ZFNB,1
AGNB,1
BGNB,1
CGNB,1
DGNB,1
EGNB,1
FGNB,1
GGNB,1
HGNB,0
IGNB,1
JGNB,1
KGNB,0
LGNB,0
MGNB,1
NGNB,0
OGNB,1
PGNB,1
QGNB,1
RGNB,1
SGNB,1
TGNB,0
UGNB,1
VGNB,1
WGNB,1
XGNB,1
YGNB,1
ZGNB,1
AHNB,1
BHNB,1
CHNB,1
DHNB,1
EHNB,1
FHNB,1
GHNB,1
HHNB,1
IHNB,1
JHNB,1
KHNB,1
LHNB,1
MHNB,1
NHNB,1
OHNB,0
PHNB,0
QHNB,1
RHNB,0
SHNB,1
THNB,0
UHNB,1
VHNB,1
WHNB,1
XHNB,1
YHNB,1
ZHNB,1
AINB,1
BINB,1
CINB,1
DINB,0
EINB,1
FINB,1
GINB,0
HINB,1
IINB,1
JINB,1
KINB,1
LINB,1
MINB,1
NINB,1
OINB,0
PINB,1
QINB,1
RINB,1
SINB,1
TINB,1
UINB,1
VINB,1
WINB,1
XINB,1
YINB,1
ZINB,0
AJNB,1
BJNB,0
CJNB,0
DJNB,0
EJNB,0
FJNB,0
GJNB,0
HJNB,0
IJNB,0
JJNB,0
KJNB,0
LJNB,0
MJNB,0
NJNB,0
OJNB,0
PJNB,0
QJNB,0
RJNB,0
SJNB,0
TJNB,0
UJNB,0
VJNB,0
WJNB,0
XJNB,0
YJNB,0
ZJNB,0
AKNB,0
BKNB,0
CKNB,0
DKNB,0
EKNB,0
FKNB,0
GKNB,0
HKNB,0
IKNB,0
JKNB,0
KKNB,0
LKNB,0
MKNB,0
NKNB,0
OKNB,0
PKNB,0
QKNB,0
RKNB,0
SKNB,0
TKNB,1
UKNB,0
VKNB,0
WKNB,0
XKNB,0
YKNB,0
ZKNB,0
ALNB,0
BLNB,0
CLNB,0
DLNB,1
ELNB,1
FLNB,1
GLNB,1
HLNB,0
ILNB,1
JLNB,1
KLNB,1
LLNB,1
MLNB,1
NLNB,1
OLNB,1
PLNB,0
QLNB,1
RLNB,1
SLNB,1
TLNB,1
ULNB,1
VLNB,1
WLNB,1
XLNB,1
YLNB,1
ZLNB,1
AMNB,1
BMNB,1
CMNB,1
DMNB,0
EMNB,1
FMNB,1
GMNB,1
HMNB,1
IMNB,1
JMNB,0
KMNB,1
LMNB,1
MMNB,1
NMNB,1
OMNB,1
PMNB,1
QMNB,1
RMNB,1
SMNB,1
TMNB,1
UMNB,1
VMNB,1
WMNB,0
XMNB,1
YMNB,1
ZMNB,1
ANNB,1
BNNB,0
CNNB,1
DNNB,1
ENNB,1
FNNB,0
GNNB,1
HNNB,1
INNB,1
JNNB,1
KNNB,1
LNNB,1
MNNB,0
NNNB,1
ONNB,1
PNNB,0
QNNB,0
RNNB,0
SNNB,1
TNNB,1
UNNB,0
VNNB,1
WNNB,1
XNNB,0
YNNB,0
ZNNB,1
AONB,0
BONB,0
CONB,1
DONB,1
EONB,1
FONB,0
GONB,0
HONB,0
IONB,0
JONB,1
KONB,0
LONB,0
MONB,0
NONB,0
OONB,0
PONB,0
QONB,0
RONB,1
SONB,1
TONB,1
UONB,1
VONB,1
WONB,1
XONB,1
YONB,0
ZONB,1
APNB,1
BPNB,1
CPNB,1
DPNB,1
EPNB,1
FPNB,1
GPNB,1
HPNB,1
IPNB,1
JPNB,1
KPNB,1
LPNB,1
MPNB,1
NPNB,1
OPNB,1
PPNB,1
QPNB,1
RPNB,1
SPNB,1
TPNB,1
UPNB,1
VPNB,1
WPNB,1
XPNB,0
YPNB,1
ZPNB,1
AQNB,1
BQNB,1
CQNB,1
DQNB,1
EQNB,1
FQNB,1
GQNB,1
HQNB,1
IQNB,1
JQNB,0
KQNB,1
LQNB,1
MQNB,1
NQNB,1
OQNB,1
PQNB,1
QQNB,1
RQNB,0
SQNB,1
TQNB,0
UQNB,0
VQNB,0
WQNB,0
XQNB,0
YQNB,0
ZQNB,1
ARNB,1
BRNB,1
CRNB,1
DRNB,0
ERNB,0
FRNB,1
GRNB,1
HRNB,1
IRNB,0
JRNB,1
KRNB,1
LRNB,1
MRNB,1
NRNB,1
ORNB,1
PRNB,1
QRNB,1
RRNB,0
SRNB,1
TRNB,1
URNB,1
VRNB,1
WRNB,1
XRNB,1
YRNB,1
ZRNB,1
ASNB,1
BSNB,1
CSNB,1
DSNB,1
ESNB,0
FSNB,1
GSNB,1
HSNB,1
ISNB,1
JSNB,1
KSNB,1
LSNB,1
MSNB,1
NSNB,1
OSNB,1
PSNB,1
QSNB,1
RSNB,1
SSNB,1
TSNB,1
USNB,1
VSNB,1
WSNB,0
XSNB,1
YSNB,1
ZSNB,1
ATNB,1
BTNB,1
CTNB,1
DTNB,1
ETNB,1
FTNB,1
GTNB,1
HTNB,1
ITNB,1
JTNB,0
KTNB,0
LTNB,0
MTNB,0
NTNB,1
OTNB,0
PTNB,1
QTNB,0
RTNB,1
STNB,1
TTNB,1
UTNB,1
VTNB,1
WTNB,1
XTNB,1
YTNB,1
ZTNB,1
AUNB,1
BUNB,1
CUNB,1
DUNB,1
EUNB,0
FUNB,1
GUNB,1
HUNB,1
IUNB,1
JUNB,1
KUNB,1
LUNB,1
MUNB,1
NUNB,1
OUNB,1
PUNB,1
QUNB,1
RUNB,1
SUNB,1
TUNB,1
UUNB,1
VUNB,1
WUNB,1
XUNB,1
YUNB,1
ZUNB,1
AVNB,1
BVNB,1
CVNB,1
DVNB,1
EVNB,1
FVNB,1
GVNB,1
HVNB,0
IVNB,1
JVNB,1
KVNB,1
LVNB,1
MVNB,1
NVNB,1
OVNB,1
PVNB,1
QVNB,1
RVNB,1
SVNB,1
TVNB,1
UVNB,0
VVNB,1
WVNB,0
XVNB,1
YVNB,1
ZVNB,1
AWNB,0
BWNB,1
CWNB,1
DWNB,0
EWNB,0
FWNB,1
GWNB,1
HWNB,1
IWNB,1
JWNB,1
KWNB,1
LWNB,1
MWNB,1
NWNB,0
OWNB,0
PWNB,0
QWNB,0
RWNB,0
SWNB,0
TWNB,0
UWNB,1
VWNB,1
WWNB,1
XWNB,1
YWNB,1
ZWNB,1
AXNB,1
BXNB,1
CXNB,0
DXNB,1
EXNB,1
FXNB,1
GXNB,1
HXNB,1
IXNB,1
JXNB,1
KXNB,1
LXNB,0
MXNB,1
NXNB,1
OXNB,1
PXNB,1
QXNB,1
RXNB,1
SXNB,1
TXNB,1
UXNB,1
VXNB,1
WXNB,1
XXNB,1
YXNB,1
ZXNB,1
AYNB,1
BYNB,1
CYNB,1
DYNB,1
EYNB,0
FYNB,0
GYNB,0
HYNB,0
IYNB,0
JYNB,0
KYNB,0
LYNB,0
MYNB,0
NYNB,0
OYNB,0
PYNB,1
QYNB,1
RYNB,1
SYNB,0
TYNB,1
UYNB,1
VYNB,1
WYNB,1
XYNB,0
YYNB,1
ZYNB,1
AZNB,1
BZNB,1
CZNB,1
DZNB,1
EZNB,1
FZNB,1
GZNB,1
HZNB,1
IZNB,1
JZNB,1
KZNB,1
LZNB,0
MZNB,1
NZNB,1
OZNB,1
PZNB,1
QZNB,1
RZNB,1
SZNB,1
TZNB,1
UZNB,1
VZNB,0
WZNB,1
XZNB,0
YZNB,0
ZZNB,0
AAOB,0
BAOB,0
CAOB,0
DAOB,0
EAOB,0
FAOB,1
GAOB,0
HAOB,0
IAOB,0
JAOB,0
KAOB,0
LAOB,0
MAOB,1
NAOB,1
OAOB,1
PAOB,1
QAOB,1
RAOB,1
SAOB,1
TAOB,1
UAOB,1
VAOB,1
WAOB,1
XAOB,1
YAOB,1
ZAOB,0
ABOB,1
BBOB,1
CBOB,0
DBOB,1
EBOB,0
FBOB,1
GBOB,1
HBOB,1
IBOB,1
JBOB,1
KBOB,1
LBOB,1
MBOB,1
NBOB,1
OBOB,1
PBOB,1
QBOB,1
RBOB,1
SBOB,1
TBOB,1
UBOB,1
VBOB,1
WBOB,1
XBOB,1
YBOB,1
ZBOB,1
ACOB,1
BCOB,1
CCOB,1
DCOB,1
ECOB,1
FCOB,1
GCOB,1
HCOB,1
ICOB,1
JCOB,0
KCOB,1
LCOB,1
MCOB,1
NCOB,1
OCOB,1
PCOB,1
QCOB,1
RCOB,1
SCOB,1
TCOB,1
UCOB,1
VCOB,1
WCOB,1
XCOB,1
YCOB,0
ZCOB,1
ADOB,1
BDOB,1
CDOB,1
DDOB,1
EDOB,1
FDOB,1
GDOB,1
HDOB,1
IDOB,1
JDOB,1
KDOB,1
LDOB,1
MDOB,0
NDOB,1
ODOB,1
PDOB,0
QDOB,1
RDOB,1
SDOB,1
TDOB,1
UDOB,0
VDOB,0
WDOB,0
XDOB,0
YDOB,0
ZDOB,0
AEOB,0
BEOB,0
CEOB,0
DEOB,0
EEOB,0
FEOB,0
GEOB,0
HEOB,0
IEOB,0
JEOB,0
KEOB,0
LEOB,0
MEOB,0
NEOB,0
OEOB,0
PEOB,0
QEOB,0
REOB,0
SEOB,0
TEOB,0
UEOB,0
VEOB,0
WEOB,0
XEOB,0
YEOB,0
ZEOB,0
AFOB,0
BFOB,0
CFOB,0
DFOB,0
EFOB,0
FFOB,0
GFOB,0
HFOB,0
IFOB,0
JFOB,0
KFOB,0
LFOB,0
MFOB,0
NFOB,1
OFOB,1
PFOB,1
QFOB,1
RFOB,0
SFOB,0
TFOB,0
UFOB,1
VFOB,1
WFOB,1
XFOB,1
YFOB,1
ZFOB,1
AGOB,1
BGOB,1
CGOB,0
DGOB,1
EGOB,1
FGOB,1
GGOB,1
HGOB,1
IGOB,1
JGOB,1
KGOB,1
LGOB,1
MGOB,1
NGOB,1
OGOB,1
PGOB,1
QGOB,0
RGOB,1
SGOB,1
TGOB,1
UGOB,1
VGOB,1
WGOB,1
XGOB,1
YGOB,1
ZGOB,1
AHOB,1
BHOB,1
CHOB,1
DHOB,1
EHOB,1
FHOB,1
GHOB,1
HHOB,0
IHOB,1
JHOB,1
KHOB,1
LHOB,1
MHOB,1
NHOB,1
OHOB,1
PHOB,0
QHOB,0
RHOB,0
SHOB,1
THOB,1
UHOB,1
VHOB,1
WHOB,1
XHOB,1
YHOB,1
ZHOB,1
AIOB,1
BIOB,1
CIOB,1
DIOB,1
EIOB,1
FIOB,0
GIOB,1
HIOB,0
IIOB,1
JIOB,1
KIOB,1
LIOB,1
MIOB,0
NIOB,1
OIOB,1
PIOB,1
QIOB,1
RIOB,1
SIOB,1
TIOB,1
UIOB,1
VIOB,1
WIOB,1
XIOB,0
YIOB,1
ZIOB,1
AJOB,1
BJOB,1
CJOB,1
DJOB,1
EJOB,1
FJOB,1
GJOB,1
HJOB,1
IJOB,1
JJOB,1
KJOB,1
LJOB,1
MJOB,1
NJOB,1
OJOB,1
PJOB,1
QJOB,1
RJOB,1
SJOB,1
TJOB,1
UJOB,0
VJOB,1
WJOB,0
XJOB,1
YJOB,1
ZJOB,1
AKOB,1
BKOB,1
CKOB,1
DKOB,0
EKOB,1
FKOB,0
GKOB,1
HKOB,1
IKOB,1
JKOB,1
KKOB,0
LKOB,0
MKOB,0
NKOB,0
OKOB,0
PKOB,0
QKOB,0
RKOB,0
SKOB,0
TKOB,0
UKOB,0
VKOB,0
WKOB,0
XKOB,0
YKOB,0
ZKOB,0
ALOB,0
BLOB,0
CLOB,0
DLOB,0
ELOB,0
FLOB,0
GLOB,0
HLOB,0
ILOB,0
JLOB,0
KLOB,0
LLOB,0
MLOB,0
NLOB,0
OLOB,0
PLOB,0
QLOB,0
RLOB,0
SLOB,0
TLOB,0
ULOB,0
VLOB,0
WLOB,0
XLOB,0
YLOB,0
ZLOB,0
AMOB,1
BMOB,0
CMOB,0
DMOB,1
EMOB,1
FMOB,1
GMOB,1
HMOB,1
IMOB,1
JMOB,1
KMOB,1
LMOB,1
MMOB,1
NMOB,1
OMOB,1
PMOB,1
QMOB,1
RMOB,1
SMOB,1
TMOB,1
UMOB,1
VMOB,0
WMOB,1
XMOB,1
YMOB,1
ZMOB,1
ANOB,1
BNOB,1
CNOB,1
DNOB,1
ENOB,1
FNOB,1
GNOB,0
HNOB,0
INOB,1
JNOB,1
KNOB,1
LNOB,1
MNOB,1
NNOB,1
ONOB,0
PNOB,1
QNOB,1
RNOB,0
SNOB,1
TNOB,1
UNOB,1
VNOB,1
WNOB,1
XNOB,1
YNOB,1
ZNOB,0
AOOB,1
BOOB,1
COOB,1
DOOB,1
EOOB,1
FOOB,1
GOOB,1
HOOB,1
IOOB,1
JOOB,1
KOOB,1
LOOB,1
MOOB,1
NOOB,1
OOOB,1
POOB,1
QOOB,1
ROOB,1
SOOB,1
TOOB,1
UOOB,1
VOOB,1
WOOB,1
XOOB,1
YOOB,1
ZOOB,1
APOB,1
BPOB,1
CPOB,1
DPOB,1
EPOB,1
FPOB,0
GPOB,1
HPOB,1
IPOB,1
JPOB,1
KPOB,1
LPOB,0
MPOB,0
NPOB,0
OPOB,0
PPOB,0
QPOB,0
RPOB,0
SPOB,0
TPOB,1
UPOB,1
VPOB,1
WPOB,0
XPOB,1
YPOB,1
ZPOB,1
AQOB,1
BQOB,1
CQOB,1
DQOB,1
EQOB,1
FQOB,1
GQOB,1
HQOB,1
IQOB,1
JQOB,1
KQOB,1
LQOB,1
MQOB,0
NQOB,1
OQOB,1
PQOB,1
QQOB,1
RQOB,1
SQOB,1
TQOB,1
UQOB,1
VQOB,1
WQOB,1
XQOB,1
YQOB,1
ZQOB,1
AROB,1
BROB,1
CROB,1
DROB,1
EROB,1
FROB,1
GROB,1
HROB,1
IROB,1
JROB,1
KROB,1
LROB,1
MROB,1
NROB,1
OROB,0
PROB,1
QROB,1
RROB,1
SROB,1
TROB,1
UROB,1
VROB,0
WROB,1
XROB,1
YROB,1
ZROB,1
ASOB,1
BSOB,1
CSOB,1
DSOB,1
ESOB,1
FSOB,1
GSOB,1
HSOB,1
ISOB,1
JSOB,0
KSOB,0
LSOB,1
MSOB,1
NSOB,1
OSOB,1
PSOB,1
QSOB,1
RSOB,0
SSOB,0
TSOB,0
USOB,1
VSOB,1
WSOB,1
XSOB,1
YSOB,1
ZSOB,1
ATOB,1
BTOB,1
CTOB,1
DTOB,1
ETOB,1
FTOB,1
GTOB,1
HTOB,1
ITOB,1
JTOB,1
KTOB,1
LTOB,1
MTOB,1
NTOB,1
OTOB,1
PTOB,1
QTOB,0
RTOB,0
STOB,0
TTOB,1
UTOB,1
VTOB,1
WTOB,1
XTOB,1
YTOB,0
ZTOB,1
AUOB,0
BUOB,0
CUOB,0
DUOB,1
EUOB,1
FUOB,1
GUOB,1
HUOB,1
IUOB,1
JUOB,1
KUOB,1
LUOB,1
MUOB,1
NUOB,1
OUOB,1
PUOB,1
QUOB,1
RUOB,0
SUOB,1
TUOB,1
UUOB,1
VUOB,1
WUOB,1
XUOB,1
YUOB,1
ZUOB,1
AVOB,0
BVOB,1
CVOB,1
DVOB,1
EVOB,1
FVOB,1
GVOB,1
HVOB,1
IVOB,1
JVOB,1
KVOB,1
LVOB,1
MVOB,1
NVOB,1
OVOB,1
PVOB,1
QVOB,1
RVOB,1
SVOB,1
TVOB,1
UVOB,1
VVOB,1
WVOB,1
XVOB,1
YVOB,1
ZVOB,0
AWOB,1
BWOB,0
CWOB,1
DWOB,1
EWOB,1
FWOB,1
GWOB,1
HWOB,1
IWOB,1
JWOB,1
KWOB,1
LWOB,1
MWOB,1
NWOB,1
OWOB,1
PWOB,1
QWOB,1
RWOB,1
SWOB,1
TWOB,1
UWOB,1
VWOB,1
WWOB,0
XWOB,1
YWOB,1
ZWOB,1
AXOB,1
BXOB,0
CXOB,1
DXOB,1
EXOB,1
FXOB,1
GXOB,1
HXOB,1
IXOB,0
JXOB,0
KXOB,0
LXOB,0
MXOB,0
NXOB,0
OXOB,1
PXOB,0
QXOB,1
RXOB,1
SXOB,1
TXOB,1
UXOB,0
VXOB,1
WXOB,1
XXOB,1
YXOB,1
ZXOB,1
AYOB,1
BYOB,1
CYOB,0
DYOB,1
EYOB,1
FYOB,1
GYOB,1
HYOB,1
IYOB,0
JYOB,1
KYOB,1
LYOB,1
MYOB,1
NYOB,0
OYOB,1
PYOB,1
QYOB,1
RYOB,0
SYOB,1
TYOB,0
UYOB,1
VYOB,0
WYOB,1
XYOB,0
YYOB,1
ZYOB,1
AZOB,1
BZOB,1
CZOB,1
DZOB,0
EZOB,0
FZOB,0
GZOB,1
HZOB,0
IZOB,0
JZOB,0
KZOB,0
LZOB,0
MZOB,0
NZOB,0
OZOB,0
PZOB,0
QZOB,0
RZOB,1
SZOB,1
TZOB,1
UZOB,1
VZOB,1
WZOB,0
XZOB,0
YZOB,1
ZZOB,1
AAPB,1
BAPB,1
CAPB,1
DAPB,1
EAPB,1
FAPB,1
GAPB,1
HAPB,1
IAPB,1
JAPB,1
KAPB,0
LAPB,1
MAPB,1
NAPB,1
OAPB,1
PAPB,1
QAPB,1
RAPB,0
SAPB,0
TAPB,0
UAPB,0
VAPB,1
WAPB,0
XAPB,1
YAPB,0
ZAPB,0
ABPB,1
BBPB,1
CBPB,0
DBPB,0
EBPB,0
FBPB,0
GBPB,0
HBPB,0
IBPB,0
JBPB,1
KBPB,1
LBPB,1
MBPB,0
NBPB,1
OBPB,1
PBPB,1
QBPB,1
RBPB,1
SBPB,1
TBPB,1
UBPB,1
VBPB,1
WBPB,1
XBPB,1
YBPB,0
ZBPB,1
ACPB,1
BCPB,1
CCPB,0
DCPB,1
ECPB,1
FCPB,1
GCPB,1
HCPB,1
ICPB,1
JCPB,1
KCPB,1
LCPB,1
MCPB,1
NCPB,1
OCPB,0
PCPB,1
QCPB,1
RCPB,0
SCPB,1
TCPB,1
UCPB,1
VCPB,1
WCPB,0
XCPB,1
YCPB,1
ZCPB,1
ADPB,0
BDPB,1
CDPB,1
DDPB,1
EDPB,1
FDPB,1
GDPB,1
HDPB,1
IDPB,1
JDPB,1
KDPB,1
LDPB,1
MDPB,1
NDPB,1
ODPB,1
PDPB,1
QDPB,1
RDPB,1
SDPB,1
TDPB,1
UDPB,1
VDPB,1
WDPB,1
XDPB,0
YDPB,1
ZDPB,1
AEPB,1
BEPB,1
CEPB,1
DEPB,1
EEPB,1
FEPB,0
GEPB,1
HEPB,1
IEPB,1
JEPB,1
KEPB,1
LEPB,1
MEPB,1
NEPB,1
OEPB,1
PEPB,1
QEPB,1
REPB,1
SEPB,1
TEPB,1
UEPB,1
VEPB,1
WEPB,1
XEPB,1
YEPB,1
ZEPB,1
AFPB,1
BFPB,1
CFPB,1
DFPB,1
EFPB,1
FFPB,1
GFPB,1
HFPB,1
IFPB,1
JFPB,1
KFPB,1
LFPB,1
MFPB,0
NFPB,0
OFPB,0
PFPB,1
QFPB,1
RFPB,1
SFPB,1
TFPB,1
UFPB,1
VFPB,1
WFPB,1
XFPB,1
YFPB,1
ZFPB,1
AGPB,0
BGPB,0
CGPB,0
DGPB,0
EGPB,0
FGPB,0
GGPB,0
HGPB,0
IGPB,1
JGPB,0
KGPB,0
LGPB,0
MGPB,0
NGPB,0
OGPB,0
PGPB,0
QGPB,0
RGPB,0
SGPB,0
TGPB,0
UGPB,0
VGPB,0
WGPB,0
XGPB,0
YGPB,0
ZGPB,0
AHPB,0
BHPB,0
CHPB,0
DHPB,0
EHPB,0
FHPB,0
GHPB,0
HHPB,0
IHPB,1
JHPB,1
KHPB,1
LHPB,1
MHPB,1
NHPB,1
OHPB,1
PHPB,1
QHPB,1
RHPB,1
SHPB,0
THPB,1
UHPB,1
VHPB,0
WHPB,1
XHPB,1
YHPB,0
ZHPB,1
AIPB,0
BIPB,1
CIPB,1
DIPB,1
EIPB,1
FIPB,0
GIPB,1
HIPB,1
IIPB,1
JIPB,1
KIPB,0
LIPB,0
MIPB,1
NIPB,1
OIPB,1
PIPB,1
QIPB,1
RIPB,1
SIPB,1
TIPB,1
UIPB,1
VIPB,1
WIPB,1
XIPB,1
YIPB,0
ZIPB,1
AJPB,1
BJPB,1
CJPB,1
DJPB,1
EJPB,1
FJPB,1
GJPB,1
HJPB,1
IJPB,1
JJPB,1
KJPB,1
LJPB,1
MJPB,1
NJPB,0
OJPB,1
PJPB,1
QJPB,1
RJPB,0
SJPB,1
TJPB,1
UJPB,1
VJPB,0
WJPB,1
XJPB,1
YJPB,1
ZJPB,1
AKPB,1
BKPB,0
CKPB,0
DKPB,1
EKPB,0
FKPB,1
GKPB,1
HKPB,1
IKPB,1
JKPB,1
KKPB,1
LKPB,1
MKPB,1
NKPB,1
OKPB,1
PKPB,1
QKPB,1
RKPB,0
SKPB,1
TKPB,1
UKPB,0
VKPB,1
WKPB,1
XKPB,1
YKPB,1
ZKPB,1
ALPB,1
BLPB,1
CLPB,1
DLPB,1
ELPB,1
FLPB,1
GLPB,0
HLPB,1
ILPB,1
JLPB,1
KLPB,1
LLPB,1
MLPB,1
NLPB,1
OLPB,1
PLPB,1
QLPB,0
RLPB,0
SLPB,0
TLPB,0
ULPB,0
VLPB,0
WLPB,0
XLPB,0
YLPB,0
ZLPB,0
AMPB,0
BMPB,1
CMPB,0
DMPB,0
EMPB,0
FMPB,0
GMPB,0
HMPB,0
IMPB,0
JMPB,0
KMPB,0
LMPB,0
MMPB,0
NMPB,0
OMPB,0
PMPB,0
QMPB,0
RMPB,0
SMPB,0
TMPB,0
UMPB,0
VMPB,0
WMPB,0
XMPB,0
YMPB,0
ZMPB,0
ANPB,0
BNPB,0
CNPB,1
DNPB,1
ENPB,1
FNPB,1
GNPB,1
HNPB,1
INPB,1
JNPB,0
KNPB,1
LNPB,0
MNPB,1
NNPB,1
ONPB,1
PNPB,1
QNPB,0
RNPB,1
SNPB,0
TNPB,1
UNPB,1
VNPB,1
WNPB,0
XNPB,1
YNPB,0
ZNPB,1
AOPB,1
BOPB,1
COPB,1
DOPB,1
EOPB,1
FOPB,1
GOPB,1
HOPB,1
IOPB,1
JOPB,1
KOPB,1
LOPB,1
MOPB,1
NOPB,1
OOPB,0
POPB,0
QOPB,1
ROPB,1
SOPB,0
TOPB,1
UOPB,1
VOPB,1
WOPB,1
XOPB,1
YOPB,1
ZOPB,1
APPB,1
BPPB,1
CPPB,1
DPPB,1
EPPB,1
FPPB,1
GPPB,1
HPPB,0
IPPB,1
JPPB,1
KPPB,0
LPPB,1
MPPB,1
NPPB,1
OPPB,1
PPPB,1
QPPB,1
RPPB,1
SPPB,1
TPPB,1
UPPB,1
VPPB,1
WPPB,1
XPPB,1
YPPB,1
ZPPB,1
AQPB,1
BQPB,1
CQPB,1
DQPB,1
EQPB,1
FQPB,1
GQPB,1
HQPB,1
IQPB,0
JQPB,1
KQPB,1
LQPB,1
MQPB,1
NQPB,0
OQPB,1
PQPB,1
QQPB,1
RQPB,1
SQPB,1
TQPB,1
UQPB,1
VQPB,1
WQPB,1
XQPB,1
YQPB,1
ZQPB,1
ARPB,1
BRPB,1
CRPB,1
DRPB,0
ERPB,1
FRPB,0
GRPB,0
HRPB,1
IRPB,1
JRPB,1
KRPB,1
LRPB,1
MRPB,1
NRPB,1
ORPB,1
PRPB,1
QRPB,1
RRPB,1
SRPB,1
TRPB,1
URPB,1
VRPB,1
WRPB,1
XRPB,1
YRPB,0
ZRPB,0
ASPB,0
BSPB,0
CSPB,1
DSPB,0
ESPB,1
FSPB,0
GSPB,0
HSPB,0
ISPB,0
JSPB,0
KSPB,0
LSPB,0
MSPB,0
NSPB,0
OSPB,0
PSPB,0
QSPB,0
RSPB,0
SSPB,1
TSPB,1
USPB,0
VSPB,0
WSPB,0
XSPB,1
YSPB,0
ZSPB,1
ATPB,1
BTPB,0
CTPB,0
DTPB,1
ETPB,1
FTPB,1
GTPB,0
HTPB,1
ITPB,1
JTPB,1
KTPB,1
LTPB,1
MTPB,1
NTPB,1
OTPB,1
PTPB,1
QTPB,1
RTPB,1
STPB,1
TTPB,1
UTPB,1
VTPB,1
WTPB,1
XTPB,1
YTPB,1
ZTPB,1
AUPB,1
BUPB,1
CUPB,1
DUPB,1
EUPB,0
FUPB,1
GUPB,1
HUPB,1
IUPB,1
JUPB,1
KUPB,1
LUPB,1
MUPB,1
NUPB,1
OUPB,1
PUPB,1
QUPB,1
RUPB,1
SUPB,1
TUPB,1
UUPB,1
VUPB,0
WUPB,1
XUPB,1
YUPB,1
ZUPB,1
AVPB,1
BVPB,1
CVPB,1
DVPB,1
EVPB,1
FVPB,0
GVPB,1
HVPB,1
IVPB,1
JVPB,1
KVPB,1
LVPB,1
MVPB,1
NVPB,1
OVPB,1
PVPB,1
QVPB,1
RVPB,1
SVPB,1
TVPB,1
UVPB,0
VVPB,1
WVPB,0
XVPB,0
YVPB,1
ZVPB,1
AWPB,1
BWPB,1
CWPB,1
DWPB,1
EWPB,1
FWPB,1
GWPB,1
HWPB,1
IWPB,0
JWPB,0
KWPB,0
LWPB,1
MWPB,0
NWPB,1
OWPB,1
PWPB,1
QWPB,1
RWPB,1
SWPB,1
TWPB,1
UWPB,1
VWPB,1
WWPB,1
XWPB,1
YWPB,1
ZWPB,1
AXPB,1
BXPB,1
CXPB,1
DXPB,1
EXPB,1
FXPB,1
GXPB,1
HXPB,1
IXPB,1
JXPB,1
KXPB,1
LXPB,1
MXPB,1
NXPB,1
OXPB,0
PXPB,1
QXPB,0
RXPB,0
SXPB,1
TXPB,1
UXPB,0
VXPB,1
WXPB,1
XXPB,1
YXPB,1
ZXPB,1
AYPB,1
BYPB,1
CYPB,1
DYPB,1
EYPB,1
FYPB,0
GYPB,0
HYPB,0
IYPB,0
JYPB,0
KYPB,0
LYPB,0
MYPB,1
NYPB,1
OYPB,1
PYPB,1
QYPB,1
RYPB,1
SYPB,1
TYPB,1
UYPB,1
VYPB,1
WYPB,1
XYPB,1
YYPB,1
ZYPB,1
AZPB,1
BZPB,0
CZPB,1
DZPB,1
EZPB,0
FZPB,1
GZPB,0
HZPB,1
IZPB,0
JZPB,1
KZPB,1
LZPB,1
MZPB,1
NZPB,0
OZPB,1
PZPB,1
QZPB,1
RZPB,1
SZPB,1
TZPB,1
UZPB,1
VZPB,1
WZPB,1
XZPB,1
YZPB,1
ZZPB,1
AAQB,1
BAQB,0
CAQB,1
DAQB,1
EAQB,1
FAQB,0
GAQB,1
HAQB,1
IAQB,1
JAQB,0
KAQB,0
LAQB,1
MAQB,1
NAQB,1
OAQB,1
PAQB,1
QAQB,1
RAQB,1
SAQB,1
TAQB,1
UAQB,1
VAQB,1
WAQB,1
XAQB,1
YAQB,1
ZAQB,1
ABQB,1
BBQB,1
CBQB,1
DBQB,1
EBQB,1
FBQB,0
GBQB,1
HBQB,1
IBQB,1
JBQB,1
KBQB,1
LBQB,1
MBQB,1
NBQB,1
OBQB,1
PBQB,0
QBQB,0
RBQB,0
SBQB,0
TBQB,0
UBQB,0
VBQB,0
WBQB,0
XBQB,0
YBQB,0
ZBQB,0
ACQB,0
BCQB,0
CCQB,0
DCQB,0
ECQB,0
FCQB,0
GCQB,0
HCQB,0
ICQB,0
JCQB,0
KCQB,0
LCQB,0
MCQB,0
NCQB,0
OCQB,0
PCQB,0
QCQB,0
RCQB,0
SCQB,0
TCQB,1
UCQB,1
VCQB,1
WCQB,1
XCQB,1
YCQB,1
ZCQB,1
ADQB,1
BDQB,1
CDQB,1
DDQB,1
EDQB,0
FDQB,1
GDQB,0
HDQB,1
IDQB,0
JDQB,0
KDQB,0
LDQB,0
MDQB,0
NDQB,0
ODQB,0
PDQB,0
QDQB,0
RDQB,1
SDQB,1
TDQB,1
UDQB,1
VDQB,1
WDQB,1
XDQB,1
YDQB,1
ZDQB,1
AEQB,0
BEQB,1
CEQB,0
DEQB,0
EEQB,0
FEQB,0
GEQB,0
HEQB,0
IEQB,0
JEQB,0
KEQB,0
LEQB,0
MEQB,0
NEQB,0
OEQB,0
PEQB,0
QEQB,0
REQB,0
SEQB,0
TEQB,0
UEQB,0
VEQB,1
WEQB,1
XEQB,1
YEQB,1
ZEQB,1
AFQB,1
BFQB,1
CFQB,1
DFQB,1
EFQB,1
FFQB,1
GFQB,1
HFQB,1
IFQB,1
JFQB,1
KFQB,1
LFQB,1
MFQB,1
NFQB,1
OFQB,1
PFQB,1
QFQB,0
RFQB,1
SFQB,1
TFQB,0
UFQB,1
VFQB,1
WFQB,0
XFQB,1
YFQB,1
ZFQB,1
AGQB,1
BGQB,1
CGQB,1
DGQB,1
EGQB,1
FGQB,1
GGQB,1
HGQB,1
IGQB,0
JGQB,0
KGQB,0
LGQB,0
MGQB,0
NGQB,0
OGQB,0
PGQB,1
QGQB,1
RGQB,1
SGQB,1
TGQB,1
UGQB,0
VGQB,1
WGQB,1
XGQB,1
YGQB,1
ZGQB,1
AHQB,1
BHQB,1
CHQB,1
DHQB,1
EHQB,1
FHQB,0
GHQB,1
HHQB,1
IHQB,1
JHQB,1
KHQB,1
LHQB,1
MHQB,1
NHQB,1
OHQB,1
PHQB,1
QHQB,0
RHQB,1
SHQB,1
THQB,1
UHQB,1
VHQB,1
WHQB,1
XHQB,1
YHQB,1
ZHQB,1
AIQB,1
BIQB,1
CIQB,1
DIQB,0
EIQB,1
FIQB,0
GIQB,1
HIQB,1
IIQB,0
JIQB,1
KIQB,1
LIQB,1
MIQB,1
NIQB,1
OIQB,1
PIQB,1
QIQB,1
RIQB,1
SIQB,1
TIQB,0
UIQB,1
VIQB,1
WIQB,1
XIQB,1
YIQB,1
ZIQB,1
AJQB,0
BJQB,1
CJQB,1
DJQB,1
EJQB,1
FJQB,1
GJQB,1
HJQB,1
IJQB,1
JJQB,1
KJQB,1
LJQB,1
MJQB,1
NJQB,1
OJQB,1
PJQB,1
QJQB,1
RJQB,1
SJQB,1
TJQB,1
UJQB,1
VJQB,0
WJQB,1
XJQB,1
YJQB,1
ZJQB,1
AKQB,1
BKQB,1
CKQB,1
DKQB,1
EKQB,1
FKQB,1
GKQB,1
HKQB,1
IKQB,1
JKQB,1
KKQB,0
LKQB,0
MKQB,0
NKQB,1
OKQB,1
PKQB,0
QKQB,0
RKQB,0
SKQB,0
TKQB,0
UKQB,0
VKQB,0
WKQB,0
XKQB,0
YKQB,0
ZKQB,0
ALQB,0
BLQB,0
CLQB,0
DLQB,0
ELQB,0
FLQB,0
GLQB,0
HLQB,0
ILQB,0
JLQB,0
KLQB,0
LLQB,0
MLQB,0
NLQB,0
OLQB,0
PLQB,0
QLQB,0
RLQB,0
SLQB,0
TLQB,0
ULQB,0
VLQB,0
WLQB,0
XLQB,0
YLQB,0
ZLQB,0
AMQB,0
BMQB,0
CMQB,0
DMQB,0
EMQB,0
FMQB,0
GMQB,0
HMQB,1
IMQB,1
JMQB,1
KMQB,1
LMQB,1
MMQB,1
NMQB,1
OMQB,1
PMQB,1
QMQB,1
RMQB,0
SMQB,0
TMQB,0
UMQB,1
VMQB,1
WMQB,1
XMQB,1
YMQB,1
ZMQB,1
ANQB,1
BNQB,1
CNQB,1
DNQB,1
ENQB,1
FNQB,1
GNQB,1
HNQB,1
INQB,1
JNQB,1
KNQB,1
LNQB,1
MNQB,1
NNQB,1
ONQB,1
PNQB,1
QNQB,1
RNQB,0
SNQB,1
TNQB,1
UNQB,1
VNQB,1
WNQB,1
XNQB,1
YNQB,1
ZNQB,1
AOQB,0
BOQB,1
COQB,0
DOQB,1
EOQB,1
FOQB,1
GOQB,1
HOQB,1
IOQB,1
JOQB,1
KOQB,1
LOQB,1
MOQB,1
NOQB,1
OOQB,1
POQB,1
QOQB,1
ROQB,1
SOQB,1
TOQB,0
UOQB,1
VOQB,1
WOQB,1
XOQB,1
YOQB,0
ZOQB,1
APQB,1
BPQB,1
CPQB,1
DPQB,1
EPQB,1
FPQB,1
GPQB,1
HPQB,1
IPQB,1
JPQB,1
KPQB,1
LPQB,1
MPQB,1
NPQB,0
OPQB,1
PPQB,1
QPQB,1
RPQB,0
SPQB,1
TPQB,1
UPQB,1
VPQB,1
WPQB,1
XPQB,1
YPQB,1
ZPQB,1
AQQB,1
BQQB,1
CQQB,1
DQQB,1
EQQB,1
FQQB,1
GQQB,1
HQQB,1
IQQB,1
JQQB,1
KQQB,1
LQQB,1
MQQB,1
NQQB,0
OQQB,1
PQQB,1
QQQB,1
RQQB,1
SQQB,1
TQQB,1
UQQB,1
VQQB,1
WQQB,1
XQQB,1
YQQB,1
ZQQB,0
ARQB,0
BRQB,0
CRQB,0
DRQB,0
ERQB,1
FRQB,0
GRQB,1
HRQB,0
IRQB,0
JRQB,0
KRQB,0
LRQB,0
MRQB,0
NRQB,0
ORQB,0
PRQB,0
QRQB,0
RRQB,0
SRQB,0
TRQB,0
URQB,0
VRQB,0
WRQB,0
XRQB,0
YRQB,0
ZRQB,0
ASQB,0
BSQB,0
CSQB,0
DSQB,0
ESQB,0
FSQB,0
GSQB,0
HSQB,0
ISQB,0
JSQB,0
KSQB,0
LSQB,0
MSQB,0
NSQB,0
OSQB,0
PSQB,1
QSQB,1
RSQB,1
SSQB,0
TSQB,1
USQB,1
VSQB,1
WSQB,1
XSQB,1
YSQB,1
ZSQB,1
ATQB,1
BTQB,1
CTQB,1
DTQB,1
ETQB,0
FTQB,0
GTQB,1
HTQB,1
ITQB,1
JTQB,1
KTQB,1
LTQB,1
MTQB,1
NTQB,0
OTQB,1
PTQB,1
QTQB,1
RTQB,0
STQB,0
TTQB,0
UTQB,1
VTQB,1
WTQB,1
XTQB,1
YTQB,1
ZTQB,1
AUQB,1
BUQB,1
CUQB,1
DUQB,1
EUQB,1
FUQB,1
GUQB,0
HUQB,1
IUQB,0
JUQB,1
KUQB,1
LUQB,1
MUQB,1
NUQB,1
OUQB,1
PUQB,1
QUQB,1
RUQB,1
SUQB,1
TUQB,1
UUQB,1
VUQB,0
WUQB,1
XUQB,1
YUQB,0
ZUQB,1
AVQB,1
BVQB,1
CVQB,1
DVQB,1
EVQB,1
FVQB,1
GVQB,1
HVQB,1
IVQB,0
JVQB,1
KVQB,1
LVQB,1
MVQB,1
NVQB,1
OVQB,1
PVQB,1
QVQB,1
RVQB,1
SVQB,1
TVQB,1
UVQB,0
VVQB,1
WVQB,1
XVQB,1
YVQB,1
ZVQB,1
AWQB,1
BWQB,1
CWQB,1
DWQB,1
EWQB,1
FWQB,1
GWQB,1
HWQB,1
IWQB,1
JWQB,0
KWQB,1
LWQB,1
MWQB,1
NWQB,0
OWQB,1
PWQB,1
QWQB,0
RWQB,0
SWQB,1
TWQB,1
UWQB,1
VWQB,1
WWQB,1
XWQB,1
YWQB,1
ZWQB,0
AXQB,0
BXQB,0
CXQB,1
DXQB,0
EXQB,0
FXQB,0
GXQB,0
HXQB,0
IXQB,1
JXQB,0
KXQB,1
LXQB,1
MXQB,1
NXQB,1
OXQB,1
PXQB,1
QXQB,1
RXQB,1
SXQB,1
TXQB,1
UXQB,1
VXQB,1
WXQB,1
XXQB,1
YXQB,1
ZXQB,0
AYQB,1
BYQB,0
CYQB,1
DYQB,1
EYQB,1
FYQB,1
GYQB,1
HYQB,1
IYQB,1
JYQB,1
KYQB,1
LYQB,1
MYQB,1
NYQB,1
OYQB,1
PYQB,1
QYQB,1
RYQB,1
SYQB,1
TYQB,1
UYQB,1
VYQB,0
WYQB,1
XYQB,1
YYQB,1
ZYQB,1
AZQB,1
BZQB,1
CZQB,1
DZQB,1
EZQB,1
FZQB,1
GZQB,1
HZQB,1
IZQB,1
JZQB,1
KZQB,1
LZQB,1
MZQB,1
NZQB,1
OZQB,1
PZQB,1
QZQB,1
RZQB,1
SZQB,0
TZQB,1
UZQB,1
VZQB,1
WZQB,1
XZQB,1
YZQB,1
ZZQB,1
AARB,1
BARB,1
CARB,1
DARB,1
EARB,1
FARB,1
GARB,1
HARB,1
IARB,1
JARB,1
KARB,1
LARB,1
MARB,1
NARB,1
OARB,1
PARB,1
QARB,1
RARB,1
SARB,1
TARB,0
UARB,1
VARB,1
WARB,1
XARB,1
YARB,1
ZARB,1
ABRB,1
BBRB,1
CBRB,1
DBRB,1
EBRB,1
FBRB,1
GBRB,0
HBRB,0
IBRB,0
JBRB,1
KBRB,1
LBRB,1
MBRB,1
NBRB,1
OBRB,1
PBRB,1
QBRB,1
RBRB,1
SBRB,1
TBRB,1
UBRB,1
VBRB,1
WBRB,1
XBRB,1
YBRB,0
ZBRB,1
ACRB,0
BCRB,0
CCRB,1
DCRB,1
ECRB,1
FCRB,1
GCRB,1
HCRB,1
ICRB,1
JCRB,1
KCRB,0
LCRB,1
MCRB,1
NCRB,1
OCRB,1
PCRB,1
QCRB,1
RCRB,1
SCRB,1
TCRB,1
UCRB,1
VCRB,1
WCRB,1
XCRB,1
YCRB,1
ZCRB,1
ADRB,1
BDRB,1
CDRB,1
DDRB,1
EDRB,1
FDRB,1
GDRB,1
HDRB,1
IDRB,1
JDRB,1
KDRB,1
LDRB,1
MDRB,1
NDRB,1
ODRB,1
PDRB,1
QDRB,1
RDRB,1
SDRB,0
TDRB,1
UDRB,1
VDRB,1
WDRB,1
XDRB,0
YDRB,1
ZDRB,1
AERB,1
BERB,1
CERB,1
DERB,1
EERB,1
FERB,1
GERB,0
HERB,1
IERB,1
JERB,1
KERB,1
LERB,1
MERB,0
NERB,1
OERB,1
PERB,0
QERB,1
RERB,1
SERB,1
TERB,1
UERB,1
VERB,1
WERB,0
XERB,0
YERB,0
ZERB,0
AFRB,0
BFRB,1
CFRB,1
DFRB,1
EFRB,1
FFRB,0
GFRB,1
HFRB,1
IFRB,1
JFRB,1
KFRB,1
LFRB,1
MFRB,0
NFRB,0
OFRB,1
PFRB,1
QFRB,1
RFRB,1
SFRB,1
TFRB,1
UFRB,1
VFRB,1
WFRB,0
XFRB,1
YFRB,1
ZFRB,1
AGRB,1
BGRB,0
CGRB,1
DGRB,1
EGRB,0
FGRB,1
GGRB,1
HGRB,1
IGRB,1
JGRB,1
KGRB,1
LGRB,1
MGRB,0
NGRB,1
OGRB,1
PGRB,1
QGRB,1
RGRB,1
SGRB,1
TGRB,0
UGRB,0
VGRB,0
WGRB,0
XGRB,0
YGRB,0
ZGRB,0
AHRB,0
BHRB,0
CHRB,0
DHRB,0
EHRB,0
FHRB,1
GHRB,0
HHRB,0
IHRB,1
JHRB,1
KHRB,1
LHRB,1
MHRB,1
NHRB,1
OHRB,1
PHRB,1
QHRB,1
RHRB,1
SHRB,1
THRB,1
UHRB,1
VHRB,1
WHRB,1
XHRB,1
YHRB,1
ZHRB,1
AIRB,1
BIRB,1
CIRB,1
DIRB,1
EIRB,1
FIRB,0
GIRB,1
HIRB,1
IIRB,1
JIRB,1
KIRB,1
LIRB,1
MIRB,1
NIRB,1
OIRB,1
PIRB,0
QIRB,0
RIRB,0
SIRB,0
TIRB,0
UIRB,0
VIRB,1
WIRB,1
XIRB,1
YIRB,0
ZIRB,1
AJRB,1
BJRB,1
CJRB,1
DJRB,1
EJRB,1
FJRB,1
GJRB,1
HJRB,1
IJRB,1
JJRB,1
KJRB,1
LJRB,1
MJRB,1
NJRB,1
OJRB,0
PJRB,1
QJRB,1
RJRB,0
SJRB,0
TJRB,1
UJRB,1
VJRB,1
WJRB,1
XJRB,1
YJRB,1
ZJRB,1
AKRB,1
BKRB,1
CKRB,1
DKRB,1
EKRB,1
FKRB,1
GKRB,1
HKRB,1
IKRB,1
JKRB,1
KKRB,1
LKRB,1
MKRB,1
NKRB,1
OKRB,1
PKRB,1
QKRB,1
RKRB,0
SKRB,0
TKRB,0
UKRB,0
VKRB,0
WKRB,0
XKRB,0
YKRB,0
ZKRB,1
ALRB,0
BLRB,1
CLRB,0
DLRB,0
ELRB,0
FLRB,0
GLRB,0
HLRB,1
ILRB,1
JLRB,1
KLRB,1
LLRB,1
MLRB,1
NLRB,1
OLRB,1
PLRB,1
QLRB,1
RLRB,1
SLRB,1
TLRB,1
ULRB,1
VLRB,1
WLRB,1
XLRB,0
YLRB,1
ZLRB,1
AMRB,1
BMRB,1
CMRB,0
DMRB,1
EMRB,0
FMRB,1
GMRB,1
HMRB,1
IMRB,1
JMRB,1
KMRB,1
LMRB,1
MMRB,1
NMRB,1
OMRB,1
PMRB,1
QMRB,1
RMRB,1
SMRB,1
TMRB,1
UMRB,1
VMRB,1
WMRB,1
XMRB,1
YMRB,1
ZMRB,1
ANRB,1
BNRB,0
CNRB,1
DNRB,1
ENRB,1
FNRB,1
GNRB,1
HNRB,1
INRB,1
JNRB,0
KNRB,1
LNRB,1
MNRB,1
NNRB,1
ONRB,1
PNRB,0
QNRB,1
RNRB,1
SNRB,1
TNRB,1
UNRB,1
VNRB,1
WNRB,1
XNRB,1
YNRB,1
ZNRB,1
AORB,1
BORB,1
CORB,1
DORB,1
EORB,1
FORB,0
GORB,1
HORB,1
IORB,1
JORB,1
KORB,1
LORB,0
MORB,1
NORB,1
OORB,1
PORB,1
QORB,1
RORB,1
SORB,1
TORB,1
UORB,1
VORB,1
WORB,1
XORB,1
YORB,1
ZORB,1
APRB,1
BPRB,1
CPRB,1
DPRB,1
EPRB,1
FPRB,1
GPRB,1
HPRB,1
IPRB,1
JPRB,1
KPRB,1
LPRB,1
MPRB,1
NPRB,1
OPRB,1
PPRB,1
QPRB,1
RPRB,1
SPRB,1
TPRB,1
UPRB,0
VPRB,0
WPRB,0
XPRB,0
YPRB,0
ZPRB,0
AQRB,0
BQRB,0
CQRB,0
DQRB,0
EQRB,0
FQRB,0
GQRB,0
HQRB,0
IQRB,0
JQRB,0
KQRB,0
LQRB,0
MQRB,0
NQRB,0
OQRB,0
PQRB,0
QQRB,0
RQRB,0
SQRB,0
TQRB,0
UQRB,0
VQRB,0
WQRB,0
XQRB,0
YQRB,0
ZQRB,1
ARRB,0
BRRB,0
CRRB,0
DRRB,0
ERRB,0
FRRB,0
GRRB,0
HRRB,0
IRRB,0
JRRB,0
KRRB,0
LRRB,0
MRRB,0
NRRB,0
ORRB,0
PRRB,0
QRRB,0
RRRB,0
SRRB,0
TRRB,0
URRB,0
VRRB,0
WRRB,0
XRRB,0
YRRB,0
ZRRB,1
ASRB,1
BSRB,1
CSRB,0
DSRB,0
ESRB,0
FSRB,1
GSRB,1
HSRB,1
ISRB,0
JSRB,1
KSRB,1
LSRB,0
MSRB,1
NSRB,1
OSRB,1
PSRB,1
QSRB,1
RSRB,1
SSRB,1
TSRB,1
USRB,1
VSRB,1
WSRB,1
XSRB,0
YSRB,1
ZSRB,1
ATRB,1
BTRB,1
CTRB,0
DTRB,1
ETRB,1
FTRB,1
GTRB,1
HTRB,1
ITRB,1
JTRB,1
KTRB,1
LTRB,1
MTRB,1
NTRB,0
OTRB,1
PTRB,1
QTRB,1
RTRB,1
STRB,1
TTRB,1
UTRB,1
VTRB,1
WTRB,1
XTRB,1
YTRB,1
ZTRB,0
AURB,1
BURB,1
CURB,1
DURB,1
EURB,1
FURB,1
GURB,1
HURB,1
IURB,1
JURB,1
KURB,1
LURB,0
MURB,1
NURB,1
OURB,1
PURB,1
QURB,1
RURB,1
SURB,1
TURB,1
UURB,1
VURB,1
WURB,1
XURB,1
YURB,0
ZURB,1
AVRB,1
BVRB,1
CVRB,1
DVRB,1
EVRB,1
FVRB,1
GVRB,1
HVRB,1
IVRB,0
JVRB,0
KVRB,0
LVRB,0
MVRB,0
NVRB,1
OVRB,1
PVRB,1
QVRB,1
RVRB,1
SVRB,1
TVRB,1
UVRB,1
VVRB,1
WVRB,1
XVRB,1
YVRB,1
ZVRB,1
AWRB,1
BWRB,1
CWRB,1
DWRB,1
EWRB,0
FWRB,0
GWRB,1
HWRB,1
IWRB,1
JWRB,1
KWRB,1
LWRB,0
MWRB,1
NWRB,1
OWRB,1
PWRB,1
QWRB,1
RWRB,1
SWRB,1
TWRB,1
UWRB,1
VWRB,1
WWRB,1
XWRB,1
YWRB,1
ZWRB,1
AXRB,1
BXRB,1
CXRB,1
DXRB,1
EXRB,1
FXRB,1
GXRB,1
HXRB,1
IXRB,1
JXRB,1
KXRB,1
LXRB,1
MXRB,1
NXRB,1
OXRB,1
PXRB,1
QXRB,1
RXRB,0
SXRB,1
TXRB,1
UXRB,1
VXRB,1
WXRB,1
XXRB,1
YXRB,1
ZXRB,1
AYRB,1
BYRB,1
CYRB,1
DYRB,1
EYRB,1
FYRB,1
GYRB,1
HYRB,1
IYRB,1
JYRB,1
KYRB,1
LYRB,1
MYRB,1
NYRB,0
OYRB,1
PYRB,1
QYRB,0
RYRB,1
SYRB,1
TYRB,1
UYRB,0
VYRB,1
WYRB,1
XYRB,1
YYRB,1
ZYRB,1
AZRB,1
BZRB,1
CZRB,1
DZRB,1
EZRB,1
FZRB,1
GZRB,1
HZRB,0
IZRB,1
JZRB,0
KZRB,0
LZRB,0
MZRB,1
NZRB,1
OZRB,1
PZRB,1
QZRB,1
RZRB,1
SZRB,1
TZRB,1
UZRB,1
VZRB,1
WZRB,0
XZRB,1
YZRB,0
ZZRB,1
AASB,1
BASB,1
CASB,0
DASB,1
EASB,1
FASB,1
GASB,0
HASB,1
IASB,1
JASB,1
KASB,1
LASB,1
MASB,1
NASB,1
OASB,1
PASB,1
QASB,0
RASB,1
SASB,1
TASB,1
UASB,1
VASB,1
WASB,1
XASB,1
YASB,1
ZASB,0
ABSB,1
BBSB,1
CBSB,1
DBSB,1
EBSB,1
FBSB,1
GBSB,1
HBSB,1
IBSB,1
JBSB,1
KBSB,1
LBSB,1
MBSB,0
NBSB,0
OBSB,1
PBSB,1
QBSB,1
RBSB,1
SBSB,1
TBSB,1
UBSB,1
VBSB,1
WBSB,1
XBSB,1
YBSB,1
ZBSB,1
ACSB,1
BCSB,1
CCSB,0
DCSB,0
ECSB,0
FCSB,0
GCSB,0
HCSB,0
ICSB,0
JCSB,0
KCSB,0
LCSB,0
MCSB,0
NCSB,1
OCSB,1
PCSB,1
QCSB,1
RCSB,1
SCSB,1
TCSB,1
UCSB,1
VCSB,1
WCSB,1
XCSB,1
YCSB,1
ZCSB,1
ADSB,1
BDSB,1
CDSB,0
DDSB,1
EDSB,0
FDSB,1
GDSB,1
HDSB,1
IDSB,1
JDSB,1
KDSB,1
LDSB,1
MDSB,1
NDSB,1
ODSB,0
PDSB,1
QDSB,1
RDSB,0
SDSB,1
TDSB,1
UDSB,1
VDSB,1
WDSB,1
XDSB,1
YDSB,1
ZDSB,1
AESB,1
BESB,1
CESB,1
DESB,1
EESB,1
FESB,1
GESB,0
HESB,0
IESB,0
JESB,0
KESB,1
LESB,0
MESB,0
NESB,1
OESB,1
PESB,0
QESB,1
RESB,1
SESB,1
TESB,1
UESB,1
VESB,1
WESB,0
XESB,1
YESB,1
ZESB,1
AFSB,0
BFSB,0
CFSB,0
DFSB,0
EFSB,1
FFSB,1
GFSB,0
HFSB,1
IFSB,1
JFSB,0
KFSB,1
LFSB,1
MFSB,1
NFSB,1
OFSB,1
PFSB,1
QFSB,1
RFSB,1
SFSB,1
TFSB,1
UFSB,1
VFSB,1
WFSB,0
XFSB,1
YFSB,1
ZFSB,1
AGSB,1
BGSB,1
CGSB,1
DGSB,1
EGSB,0
FGSB,1
GGSB,1
HGSB,1
IGSB,0
JGSB,1
KGSB,1
LGSB,1
MGSB,1
NGSB,1
OGSB,1
PGSB,0
QGSB,0
RGSB,1
SGSB,1
TGSB,1
UGSB,1
VGSB,1
WGSB,1
XGSB,1
YGSB,1
ZGSB,1
AHSB,1
BHSB,1
CHSB,1
DHSB,1
EHSB,1
FHSB,1
GHSB,1
HHSB,1
IHSB,1
JHSB,1
KHSB,0
LHSB,1
MHSB,1
NHSB,1
OHSB,1
PHSB,1
QHSB,1
RHSB,1
SHSB,1
THSB,1
UHSB,1
VHSB,1
WHSB,1
XHSB,1
YHSB,1
ZHSB,1
AISB,1
BISB,1
CISB,1
DISB,1
EISB,1
FISB,0
GISB,0
HISB,0
IISB,0
JISB,0
KISB,0
LISB,0
MISB,0
NISB,0
OISB,0
PISB,0
QISB,0
RISB,0
SISB,1
TISB,0
UISB,0
VISB,0
WISB,0
XISB,0
YISB,0
ZISB,0
AJSB,0
BJSB,0
CJSB,0
DJSB,0
EJSB,0
FJSB,0
GJSB,0
HJSB,0
IJSB,0
JJSB,0
KJSB,1
LJSB,0
MJSB,0
NJSB,0
OJSB,0
PJSB,1
QJSB,0
RJSB,0
SJSB,1
TJSB,1
UJSB,1
VJSB,1
WJSB,1
XJSB,1
YJSB,1
ZJSB,0
AKSB,1
BKSB,1
CKSB,1
DKSB,1
EKSB,1
FKSB,1
GKSB,1
HKSB,1
IKSB,1
JKSB,1
KKSB,1
LKSB,1
MKSB,1
NKSB,1
OKSB,0
PKSB,0
QKSB,1
RKSB,1
SKSB,1
TKSB,1
UKSB,1
VKSB,0
WKSB,1
XKSB,1
YKSB,1
ZKSB,1
ALSB,1
BLSB,1
CLSB,1
DLSB,0
ELSB,1
FLSB,1
GLSB,1
HLSB,1
ILSB,1
JLSB,1
KLSB,1
LLSB,1
MLSB,0
NLSB,1
OLSB,1
PLSB,1
QLSB,1
RLSB,1
SLSB,1
TLSB,1
ULSB,1
VLSB,0
WLSB,0
XLSB,1
YLSB,0
ZLSB,1
AMSB,1
BMSB,1
CMSB,1
DMSB,1
EMSB,0
FMSB,1
GMSB,1
HMSB,1
IMSB,0
JMSB,1
KMSB,1
LMSB,1
MMSB,1
NMSB,1
OMSB,1
PMSB,1
QMSB,0
RMSB,0
SMSB,0
TMSB,0
UMSB,0
VMSB,0
WMSB,0
XMSB,0
YMSB,0
ZMSB,0
ANSB,0
BNSB,0
CNSB,0
DNSB,0
ENSB,0
FNSB,0
GNSB,0
HNSB,0
INSB,0
JNSB,0
KNSB,0
LNSB,0
MNSB,0
NNSB,0
ONSB,0
PNSB,0
QNSB,0
RNSB,0
SNSB,0
TNSB,0
UNSB,1
VNSB,1
WNSB,1
XNSB,0
YNSB,1
ZNSB,0
AOSB,1
BOSB,1
COSB,1
DOSB,0
EOSB,1
FOSB,0
GOSB,1
HOSB,1
IOSB,1
JOSB,1
KOSB,1
LOSB,1
MOSB,1
NOSB,1
OOSB,1
POSB,1
QOSB,1
ROSB,1
SOSB,1
TOSB,0
UOSB,1
VOSB,1
WOSB,1
XOSB,1
YOSB,1
ZOSB,0
APSB,0
BPSB,1
CPSB,1
DPSB,1
EPSB,1
FPSB,1
GPSB,1
HPSB,1
IPSB,1
JPSB,1
KPSB,1
LPSB,1
MPSB,1
NPSB,1
OPSB,1
PPSB,1
QPSB,1
RPSB,1
SPSB,1
TPSB,1
UPSB,1
VPSB,0
WPSB,1
XPSB,1
YPSB,1
ZPSB,1
AQSB,1
BQSB,0
CQSB,1
DQSB,1
EQSB,1
FQSB,1
GQSB,1
HQSB,1
IQSB,1
JQSB,1
KQSB,1
LQSB,1
MQSB,1
NQSB,1
OQSB,1
PQSB,1
QQSB,1
RQSB,1
SQSB,1
TQSB,1
UQSB,1
VQSB,1
WQSB,1
XQSB,0
YQSB,0
ZQSB,0
ARSB,0
BRSB,0
CRSB,0
DRSB,0
ERSB,0
FRSB,0
GRSB,0
HRSB,0
IRSB,1
JRSB,0
KRSB,1
LRSB,1
MRSB,1
NRSB,1
ORSB,1
PRSB,1
QRSB,1
RRSB,1
SRSB,1
TRSB,1
URSB,1
VRSB,1
WRSB,1
XRSB,1
YRSB,1
ZRSB,1
ASSB,1
BSSB,1
CSSB,1
DSSB,1
ESSB,1
FSSB,1
GSSB,1
HSSB,1
ISSB,1
JSSB,1
KSSB,1
LSSB,1
MSSB,1
NSSB,1
OSSB,1
PSSB,1
QSSB,1
RSSB,1
SSSB,1
TSSB,1
USSB,1
VSSB,1
WSSB,1
XSSB,1
YSSB,1
ZSSB,1
ATSB,1
BTSB,0
CTSB,1
DTSB,0
ETSB,1
FTSB,1
GTSB,1
HTSB,1
ITSB,1
JTSB,1
KTSB,1
LTSB,1
MTSB,1
NTSB,1
OTSB,1
PTSB,1
QTSB,1
RTSB,1
STSB,1
TTSB,1
UTSB,0
VTSB,0
WTSB,1
XTSB,1
YTSB,1
ZTSB,1
AUSB,1
BUSB,1
CUSB,1
DUSB,1
EUSB,1
FUSB,1
GUSB,1
HUSB,1
IUSB,1
JUSB,1
KUSB,0
LUSB,1
MUSB,1
NUSB,1
OUSB,0
PUSB,1
QUSB,1
RUSB,1
SUSB,1
TUSB,0
UUSB,1
VUSB,1
WUSB,0
XUSB,1
YUSB,1
ZUSB,1
AVSB,1
BVSB,1
CVSB,1
DVSB,0
EVSB,0
FVSB,1
GVSB,0
HVSB,0
IVSB,0
JVSB,1
KVSB,0
LVSB,0
MVSB,0
NVSB,0
OVSB,1
PVSB,1
QVSB,1
RVSB,1
SVSB,1
TVSB,0
UVSB,0
VVSB,1
WVSB,1
XVSB,1
YVSB,1
ZVSB,1
AWSB,1
BWSB,1
CWSB,1
DWSB,1
EWSB,1
FWSB,1
GWSB,1
HWSB,1
IWSB,1
JWSB,1
KWSB,1
LWSB,1
MWSB,1
NWSB,1
OWSB,1
PWSB,1
QWSB,1
RWSB,1
SWSB,1
TWSB,1
UWSB,1
VWSB,1
WWSB,1
XWSB,1
YWSB,1
ZWSB,1
AXSB,1
BXSB,0
CXSB,1
DXSB,1
EXSB,1
FXSB,1
GXSB,0
HXSB,1
IXSB,1
JXSB,1
KXSB,1
LXSB,1
MXSB,1
NXSB,1
OXSB,0
PXSB,1
QXSB,1
RXSB,1
SXSB,0
TXSB,1
UXSB,1
VXSB,1
WXSB,1
XXSB,1
YXSB,0
ZXSB,0
AYSB,1
BYSB,1
CYSB,1
DYSB,1
EYSB,1
FYSB,1
GYSB,1
HYSB,1
IYSB,1
JYSB,0
KYSB,0
LYSB,0
MYSB,0
NYSB,0
OYSB,0
PYSB,1
QYSB,1
RYSB,0
SYSB,1
TYSB,1
UYSB,1
VYSB,1
WYSB,1
XYSB,1
YYSB,1
ZYSB,1
AZSB,1
BZSB,1
CZSB,1
DZSB,1
EZSB,1
FZSB,0
GZSB,1
HZSB,0
IZSB,0
JZSB,0
KZSB,0
LZSB,0
MZSB,0
NZSB,0
OZSB,0
PZSB,0
QZSB,1
RZSB,1
SZSB,1
TZSB,1
UZSB,1
VZSB,1
WZSB,1
XZSB,1
YZSB,0
ZZSB,1
AATB,1
BATB,1
CATB,1
DATB,0
EATB,1
FATB,1
GATB,1
HATB,1
IATB,1
JATB,1
KATB,1
LATB,1
MATB,1
NATB,1
OATB,1
PATB,1
QATB,1
RATB,0
SATB,1
TATB,1
UATB,1
VATB,1
WATB,1
XATB,1
YATB,1
ZATB,1
ABTB,1
BBTB,1
CBTB,1
DBTB,1
EBTB,1
FBTB,1
GBTB,1
HBTB,1
IBTB,1
JBTB,0
KBTB,1
LBTB,1
MBTB,1
NBTB,1
OBTB,1
PBTB,1
QBTB,0
RBTB,0
SBTB,0
TBTB,1
UBTB,1
VBTB,1
WBTB,1
XBTB,1
YBTB,1
ZBTB,1
ACTB,1
BCTB,0
CCTB,1
DCTB,1
ECTB,1
FCTB,1
GCTB,1
HCTB,1
ICTB,1
JCTB,1
KCTB,1
LCTB,1
MCTB,1
NCTB,0
OCTB,1
PCTB,1
QCTB,0
RCTB,0
SCTB,0
TCTB,0
UCTB,0
VCTB,0
WCTB,0
XCTB,0
YCTB,0
ZCTB,0
ADTB,0
BDTB,0
CDTB,0
DDTB,0
EDTB,0
FDTB,0
GDTB,0
HDTB,0
IDTB,0
JDTB,0
KDTB,0
LDTB,0
MDTB,0
NDTB,0
ODTB,0
PDTB,0
QDTB,0
RDTB,0
SDTB,0
TDTB,0
UDTB,0
VDTB,0
WDTB,0
XDTB,0
YDTB,1
ZDTB,0
AETB,1
BETB,1
CETB,1
DETB,1
EETB,1
FETB,1
GETB,1
HETB,1
IETB,1
JETB,1
KETB,1
LETB,1
METB,1
NETB,1
OETB,1
PETB,1
QETB,1
RETB,0
SETB,1
TETB,1
UETB,1
VETB,1
WETB,1
XETB,0
YETB,0
ZETB,0
AFTB,1
BFTB,1
CFTB,1
DFTB,1
EFTB,1
FFTB,1
GFTB,1
HFTB,1
IFTB,1
JFTB,0
KFTB,1
LFTB,1
MFTB,1
NFTB,1
OFTB,1
PFTB,1
QFTB,1
RFTB,1
SFTB,1
TFTB,1
UFTB,1
VFTB,1
WFTB,1
XFTB,1
YFTB,1
ZFTB,1
AGTB,1
BGTB,1
CGTB,1
DGTB,1
EGTB,1
FGTB,1
GGTB,1
HGTB,0
IGTB,1
JGTB,1
KGTB,1
LGTB,1
MGTB,1
NGTB,0
OGTB,1
PGTB,1
QGTB,0
RGTB,0
SGTB,1
TGTB,1
UGTB,1
VGTB,1
WGTB,1
XGTB,1
YGTB,1
ZGTB,1
AHTB,1
BHTB,1
CHTB,1
DHTB,1
EHTB,1
FHTB,1
GHTB,1
HHTB,1
IHTB,1
JHTB,1
KHTB,1
LHTB,0
MHTB,1
NHTB,0
OHTB,1
PHTB,1
QHTB,1
RHTB,1
SHTB,0
THTB,1
UHTB,1
VHTB,0
WHTB,1
XHTB,1
YHTB,0
ZHTB,0
AITB,0
BITB,0
CITB,0
DITB,0
EITB,0
FITB,0
GITB,0
HITB,0
IITB,0
JITB,0
KITB,0
LITB,0
MITB,0
NITB,0
OITB,0
PITB,0
QITB,0
RITB,0
SITB,0
TITB,0
UITB,0
VITB,0
WITB,0
XITB,0
YITB,0
ZITB,0
AJTB,0
BJTB,0
CJTB,0
DJTB,0
EJTB,0
FJTB,0
GJTB,0
HJTB,0
IJTB,1
JJTB,1
KJTB,1
LJTB,1
MJTB,1
NJTB,1
OJTB,1
PJTB,1
QJTB,1
RJTB,1
SJTB,1
TJTB,0
UJTB,1
VJTB,1
WJTB,1
XJTB,1
YJTB,1
ZJTB,1
AKTB,1
BKTB,1
CKTB,1
DKTB,1
EKTB,1
FKTB,1
GKTB,1
HKTB,1
IKTB,1
JKTB,1
KKTB,1
LKTB,1
MKTB,1
NKTB,1
OKTB,1
PKTB,1
QKTB,1
RKTB,0
SKTB,1
TKTB,1
UKTB,1
VKTB,1
WKTB,1
XKTB,1
YKTB,1
ZKTB,1
ALTB,1
BLTB,1
CLTB,1
DLTB,1
ELTB,1
FLTB,1
GLTB,1
HLTB,0
ILTB,0
JLTB,1
KLTB,1
LLTB,1
MLTB,1
NLTB,1
OLTB,1
PLTB,1
QLTB,1
RLTB,1
SLTB,1
TLTB,1
ULTB,1
VLTB,1
WLTB,1
XLTB,1
YLTB,1
ZLTB,1
AMTB,1
BMTB,1
CMTB,1
DMTB,1
EMTB,1
FMTB,1
GMTB,1
HMTB,0
IMTB,1
JMTB,1
KMTB,1
LMTB,1
MMTB,1
NMTB,1
OMTB,1
PMTB,1
QMTB,1
RMTB,1
SMTB,1
TMTB,1
UMTB,1
VMTB,1
WMTB,1
XMTB,1
YMTB,0
ZMTB,0
ANTB,0
BNTB,0
CNTB,0
DNTB,0
ENTB,0
FNTB,0
GNTB,0
HNTB,1
INTB,1
JNTB,1
KNTB,1
LNTB,0
MNTB,1
NNTB,1
ONTB,1
PNTB,1
QNTB,0
RNTB,1
SNTB,1
TNTB,1
UNTB,1
VNTB,0
WNTB,1
XNTB,0
YNTB,1
ZNTB,1
AOTB,1
BOTB,1
COTB,1
DOTB,1
EOTB,1
FOTB,1
GOTB,1
HOTB,1
IOTB,1
JOTB,1
KOTB,1
LOTB,1
MOTB,1
NOTB,1
OOTB,1
POTB,1
QOTB,1
ROTB,1
SOTB,1
TOTB,1
UOTB,1
VOTB,0
WOTB,1
XOTB,1
YOTB,1
ZOTB,1
APTB,1
BPTB,1
CPTB,1
DPTB,1
EPTB,0
FPTB,1
GPTB,1
HPTB,1
IPTB,1
JPTB,1
KPTB,1
LPTB,1
MPTB,1
NPTB,1
OPTB,1
PPTB,1
QPTB,1
RPTB,1
SPTB,1
TPTB,1
UPTB,1
VPTB,1
WPTB,1
XPTB,1
YPTB,1
ZPTB,0
AQTB,1
BQTB,1
CQTB,1
DQTB,1
EQTB,1
FQTB,1
GQTB,1
HQTB,1
IQTB,1
JQTB,1
KQTB,1
LQTB,1
MQTB,1
NQTB,1
OQTB,1
PQTB,1
QQTB,0
RQTB,0
SQTB,0
TQTB,0
UQTB,0
VQTB,1
WQTB,0
XQTB,1
YQTB,1
ZQTB,1
ARTB,1
BRTB,1
CRTB,1
DRTB,1
ERTB,1
FRTB,1
GRTB,1
HRTB,0
IRTB,1
JRTB,1
KRTB,0
LRTB,1
MRTB,1
NRTB,1
ORTB,1
PRTB,1
QRTB,1
RRTB,1
SRTB,1
TRTB,1
URTB,1
VRTB,0
WRTB,1
XRTB,1
YRTB,1
ZRTB,1
ASTB,1
BSTB,1
CSTB,1
DSTB,1
ESTB,1
FSTB,1
GSTB,1
HSTB,0
ISTB,1
JSTB,1
KSTB,1
LSTB,1
MSTB,1
NSTB,1
OSTB,1
PSTB,1
QSTB,1
RSTB,1
SSTB,1
TSTB,1
USTB,1
VSTB,1
WSTB,0
XSTB,1
YSTB,1
ZSTB,1
ATTB,1
BTTB,1
CTTB,0
DTTB,0
ETTB,1
FTTB,1
GTTB,1
HTTB,1
ITTB,1
JTTB,1
KTTB,1
LTTB,0
MTTB,1
NTTB,0
OTTB,1
PTTB,0
QTTB,0
RTTB,0
STTB,0
TTTB,0
UTTB,1
VTTB,1
WTTB,1
XTTB,1
YTTB,0
ZTTB,1
AUTB,0
BUTB,0
CUTB,1
DUTB,1
EUTB,1
FUTB,0
GUTB,1
HUTB,1
IUTB,1
JUTB,1
KUTB,1
LUTB,1
MUTB,0
NUTB,1
OUTB,0
PUTB,1
QUTB,0
RUTB,0
SUTB,1
TUTB,1
UUTB,1
VUTB,1
WUTB,1
XUTB,1
YUTB,1
ZUTB,1
AVTB,1
BVTB,1
CVTB,1
DVTB,1
EVTB,1
FVTB,0
GVTB,1
HVTB,0
IVTB,0
JVTB,0
KVTB,1
LVTB,1
MVTB,1
NVTB,0
OVTB,1
PVTB,0
QVTB,1
RVTB,1
SVTB,1
TVTB,1
UVTB,1
VVTB,1
WVTB,1
XVTB,1
YVTB,1
ZVTB,1
AWTB,0
BWTB,1
CWTB,1
DWTB,1
EWTB,0
FWTB,1
GWTB,1
HWTB,1
IWTB,1
JWTB,1
KWTB,1
LWTB,1
MWTB,1
NWTB,1
OWTB,0
PWTB,1
QWTB,1
RWTB,0
SWTB,1
TWTB,1
UWTB,1
VWTB,1
WWTB,0
XWTB,1
YWTB,0
ZWTB,0
AXTB,0
BXTB,0
CXTB,0
DXTB,0
EXTB,0
FXTB,0
GXTB,0
HXTB,0
IXTB,0
JXTB,1
KXTB,1
LXTB,0
MXTB,1
NXTB,1
OXTB,1
PXTB,0
QXTB,1
RXTB,1
SXTB,1
TXTB,1
UXTB,1
VXTB,1
WXTB,1
XXTB,1
YXTB,1
ZXTB,1
AYTB,1
BYTB,0
CYTB,1
DYTB,1
EYTB,1
FYTB,1
GYTB,1
HYTB,1
IYTB,0
JYTB,1
KYTB,0
LYTB,1
MYTB,1
NYTB,1
OYTB,1
PYTB,1
QYTB,1
RYTB,1
SYTB,1
TYTB,1
UYTB,1
VYTB,1
WYTB,0
XYTB,0
YYTB,0
ZYTB,1
AZTB,1
BZTB,1
CZTB,1
DZTB,1
EZTB,1
FZTB,1
GZTB,1
HZTB,1
IZTB,1
JZTB,1
KZTB,1
LZTB,1
MZTB,1
NZTB,1
OZTB,1
PZTB,0
QZTB,1
RZTB,1
SZTB,1
TZTB,1
UZTB,1
VZTB,1
WZTB,1
XZTB,1
YZTB,1
ZZTB,1
AAUB,1
BAUB,1
CAUB,1
DAUB,0
EAUB,1
FAUB,1
GAUB,0
HAUB,1
IAUB,1
JAUB,1
KAUB,1
LAUB,0
MAUB,1
NAUB,1
OAUB,1
PAUB,1
QAUB,1
RAUB,1
SAUB,1
TAUB,1
UAUB,1
VAUB,1
WAUB,0
XAUB,1
YAUB,1
ZAUB,0
ABUB,1
BBUB,1
CBUB,1
DBUB,1
EBUB,0
FBUB,1
GBUB,0
HBUB,1
IBUB,1
JBUB,1
KBUB,1
LBUB,1
MBUB,1
NBUB,1
OBUB,1
PBUB,1
QBUB,1
RBUB,1
SBUB,1
TBUB,0
UBUB,0
VBUB,0
WBUB,1
XBUB,1
YBUB,1
ZBUB,0
ACUB,0
BCUB,0
CCUB,0
DCUB,0
ECUB,0
FCUB,0
GCUB,0
HCUB,0
ICUB,0
JCUB,0
KCUB,0
LCUB,0
MCUB,0
NCUB,0
OCUB,0
PCUB,0
QCUB,0
RCUB,0
SCUB,0
TCUB,0
UCUB,0
VCUB,0
WCUB,0
XCUB,0
YCUB,0
ZCUB,0
ADUB,0
BDUB,0
CDUB,0
DDUB,0
EDUB,0
FDUB,0
GDUB,0
HDUB,0
IDUB,0
JDUB,0
KDUB,0
LDUB,0
MDUB,0
NDUB,1
ODUB,1
PDUB,1
QDUB,0
RDUB,1
SDUB,1
TDUB,1
UDUB,1
VDUB,1
WDUB,1
XDUB,1
YDUB,1
ZDUB,1
AEUB,1
BEUB,1
CEUB,0
DEUB,1
EEUB,1
FEUB,1
GEUB,1
HEUB,1
IEUB,1
JEUB,1
KEUB,1
LEUB,1
MEUB,1
NEUB,1
OEUB,1
PEUB,1
QEUB,1
REUB,1
SEUB,1
TEUB,1
UEUB,1
VEUB,1
WEUB,1
XEUB,1
YEUB,1
ZEUB,1
AFUB,1
BFUB,1
CFUB,1
DFUB,1
EFUB,1
FFUB,1
GFUB,1
HFUB,1
IFUB,1
JFUB,1
KFUB,1
LFUB,1
MFUB,1
NFUB,1
OFUB,0
PFUB,1
QFUB,1
RFUB,1
SFUB,1
TFUB,1
UFUB,0
VFUB,1
WFUB,1
XFUB,1
YFUB,1
ZFUB,1
AGUB,1
BGUB,1
CGUB,0
DGUB,1
EGUB,0
FGUB,1
GGUB,1
HGUB,1
IGUB,1
JGUB,1
KGUB,1
LGUB,1
MGUB,1
NGUB,1
OGUB,1
PGUB,1
QGUB,1
RGUB,1
SGUB,1
TGUB,1
UGUB,1
VGUB,1
WGUB,1
XGUB,1
YGUB,1
ZGUB,1
AHUB,1
BHUB,1
CHUB,1
DHUB,1
EHUB,1
FHUB,0
GHUB,0
HHUB,1
IHUB,0
JHUB,0
KHUB,0
LHUB,0
MHUB,0
NHUB,0
OHUB,0
PHUB,0
QHUB,0
RHUB,0
SHUB,0
THUB,1
UHUB,0
VHUB,0
WHUB,0
XHUB,0
YHUB,0
ZHUB,0
AIUB,0
BIUB,0
CIUB,0
DIUB,0
EIUB,0
FIUB,0
GIUB,0
HIUB,0
IIUB,0
JIUB,0
KIUB,0
LIUB,0
MIUB,0
NIUB,0
OIUB,0
PIUB,0
QIUB,1
RIUB,1
SIUB,1
TIUB,1
UIUB,1
VIUB,1
WIUB,0
XIUB,1
YIUB,1
ZIUB,1
AJUB,1
BJUB,1
CJUB,1
DJUB,1
EJUB,1
FJUB,1
GJUB,1
HJUB,1
IJUB,1
JJUB,1
KJUB,1
LJUB,1
MJUB,1
NJUB,1
OJUB,1
PJUB,0
QJUB,0
RJUB,1
SJUB,1
TJUB,1
UJUB,0
VJUB,1
WJUB,1
XJUB,1
YJUB,0
ZJUB,1
AKUB,1
BKUB,1
CKUB,1
DKUB,0
EKUB,1
FKUB,1
GKUB,1
HKUB,1
IKUB,0
JKUB,1
KKUB,1
LKUB,0
MKUB,0
NKUB,1
OKUB,1
PKUB,1
QKUB,1
RKUB,1
SKUB,1
TKUB,0
UKUB,1
VKUB,1
WKUB,0
XKUB,1
YKUB,1
ZKUB,1
ALUB,1
BLUB,1
CLUB,1
DLUB,1
ELUB,1
FLUB,1
GLUB,1
HLUB,1
ILUB,1
JLUB,1
KLUB,1
LLUB,1
MLUB,1
NLUB,1
OLUB,1
PLUB,1
QLUB,1
RLUB,1
SLUB,1
TLUB,1
ULUB,1
VLUB,0
WLUB,1
XLUB,1
YLUB,1
ZLUB,1
AMUB,1
BMUB,1
CMUB,1
DMUB,1
EMUB,0
FMUB,1
GMUB,0
HMUB,0
IMUB,1
JMUB,1
KMUB,1
LMUB,1
MMUB,1
NMUB,1
OMUB,1
PMUB,1
QMUB,1
RMUB,0
SMUB,1
TMUB,1
UMUB,1
VMUB,1
WMUB,1
XMUB,1
YMUB,1
ZMUB,1
ANUB,0
BNUB,1
CNUB,1
DNUB,1
ENUB,0
FNUB,1
GNUB,0
HNUB,1
INUB,0
JNUB,0
KNUB,0
LNUB,0
MNUB,0
NNUB,0
ONUB,0
PNUB,0
QNUB,0
RNUB,0
SNUB,0
TNUB,0
UNUB,0
VNUB,0
WNUB,0
XNUB,0
YNUB,0
ZNUB,1
AOUB,0
BOUB,1
COUB,1
DOUB,0
EOUB,0
FOUB,1
GOUB,1
HOUB,1
IOUB,1
JOUB,1
KOUB,0
LOUB,1
MOUB,1
NOUB,1
OOUB,1
POUB,1
QOUB,1
ROUB,0
SOUB,1
TOUB,1
UOUB,1
VOUB,1
WOUB,1
XOUB,1
YOUB,1
ZOUB,0
APUB,0
BPUB,0
CPUB,1
DPUB,0
EPUB,1
FPUB,1
GPUB,1
HPUB,1
IPUB,1
JPUB,1
KPUB,1
LPUB,1
MPUB,1
NPUB,0
OPUB,0
PPUB,1
QPUB,1
RPUB,1
SPUB,1
TPUB,1
UPUB,1
VPUB,1
WPUB,1
XPUB,1
YPUB,1
ZPUB,0
AQUB,1
BQUB,1
CQUB,1
DQUB,1
EQUB,0
FQUB,1
GQUB,1
HQUB,1
IQUB,1
JQUB,1
KQUB,1
LQUB,0
MQUB,1
NQUB,1
OQUB,1
PQUB,1
QQUB,1
RQUB,1
SQUB,1
TQUB,1
UQUB,1
VQUB,1
WQUB,1
XQUB,1
YQUB,1
ZQUB,1
ARUB,0
BRUB,1
CRUB,1
DRUB,1
ERUB,1
FRUB,1
GRUB,1
HRUB,1
IRUB,0
JRUB,1
KRUB,1
LRUB,1
MRUB,1
NRUB,1
ORUB,1
PRUB,1
QRUB,1
RRUB,1
SRUB,1
TRUB,1
URUB,1
VRUB,1
WRUB,1
XRUB,1
YRUB,1
ZRUB,1
ASUB,0
BSUB,1
CSUB,1
DSUB,1
ESUB,0
FSUB,1
GSUB,1
HSUB,1
ISUB,1
JSUB,1
KSUB,1
LSUB,1
MSUB,0
NSUB,1
OSUB,1
PSUB,1
QSUB,1
RSUB,1
SSUB,1
TSUB,1
USUB,1
VSUB,1
WSUB,1
XSUB,1
YSUB,1
ZSUB,0
ATUB,1
BTUB,1
CTUB,1
DTUB,1
ETUB,1
FTUB,0
GTUB,1
HTUB,1
ITUB,1
JTUB,1
KTUB,1
LTUB,1
MTUB,0
NTUB,1
OTUB,1
PTUB,1
QTUB,1
RTUB,1
STUB,1
TTUB,0
UTUB,0
VTUB,0
WTUB,1
XTUB,1
YTUB,1
ZTUB,1
AUUB,1
BUUB,1
CUUB,1
DUUB,1
EUUB,1
FUUB,1
GUUB,1
HUUB,1
IUUB,0
JUUB,1
KUUB,1
LUUB,1
MUUB,1
NUUB,1
OUUB,1
PUUB,1
QUUB,1
RUUB,1
SUUB,1
TUUB,1
UUUB,0
VUUB,1
WUUB,1
XUUB,1
YUUB,1
ZUUB,1
AVUB,1
BVUB,0
CVUB,1
DVUB,1
EVUB,1
FVUB,1
GVUB,1
HVUB,1
IVUB,1
JVUB,1
KVUB,0
LVUB,1
MVUB,0
NVUB,1
OVUB,1
PVUB,1
QVUB,1
RVUB,1
SVUB,0
TVUB,0
UVUB,1
VVUB,1
WVUB,0
XVUB,1
YVUB,0
ZVUB,0
AWUB,0
BWUB,0
CWUB,0
DWUB,0
EWUB,0
FWUB,0
GWUB,0
HWUB,0
IWUB,0
JWUB,0
KWUB,0
LWUB,0
MWUB,0
NWUB,0
OWUB,0
PWUB,0
QWUB,0
RWUB,0
SWUB,0
TWUB,0
UWUB,0
VWUB,0
WWUB,0
XWUB,0
YWUB,0
ZWUB,0
AXUB,0
BXUB,0
CXUB,0
DXUB,0
EXUB,1
FXUB,0
GXUB,1
HXUB,1
IXUB,1
JXUB,1
KXUB,0
LXUB,1
MXUB,1
NXUB,1
OXUB,1
PXUB,1
QXUB,1
RXUB,1
SXUB,1
TXUB,1
UXUB,1
VXUB,1
WXUB,1
XXUB,0
YXUB,0
ZXUB,0
AYUB,0
BYUB,0
CYUB,0
DYUB,0
EYUB,0
FYUB,0
GYUB,0
HYUB,0
IYUB,0
JYUB,0
KYUB,0
LYUB,0
MYUB,0
NYUB,0
OYUB,0
PYUB,0
QYUB,0
RYUB,0
SYUB,0
TYUB,0
UYUB,0
VYUB,0
WYUB,0
XYUB,0
YYUB,0
ZYUB,0
AZUB,0
BZUB,1
CZUB,1
DZUB,1
EZUB,1
FZUB,1
GZUB,1
HZUB,1
IZUB,0
JZUB,0
KZUB,0
LZUB,0
MZUB,0
NZUB,0
OZUB,0
PZUB,0
QZUB,0
RZUB,1
SZUB,1
TZUB,1
UZUB,1
VZUB,0
WZUB,0
XZUB,1
YZUB,1
ZZUB,1
AAVB,1
BAVB,1
CAVB,1
DAVB,1
EAVB,1
FAVB,0
GAVB,1
HAVB,0
IAVB,1
JAVB,0
KAVB,1
LAVB,1
MAVB,0
NAVB,0
OAVB,1
PAVB,1
QAVB,1
RAVB,0
SAVB,0
TAVB,0
UAVB,0
VAVB,0
WAVB,0
XAVB,0
YAVB,0
ZAVB,0
ABVB,0
BBVB,0
CBVB,0
DBVB,0
EBVB,1
FBVB,1
GBVB,1
HBVB,1
IBVB,1
JBVB,0
KBVB,1
LBVB,1
MBVB,1
NBVB,1
OBVB,1
PBVB,1
QBVB,1
RBVB,1
SBVB,1
TBVB,1
UBVB,1
VBVB,1
WBVB,1
XBVB,1
YBVB,1
ZBVB,1
ACVB,1
BCVB,1
CCVB,1
DCVB,1
ECVB,1
FCVB,1
GCVB,1
HCVB,1
ICVB,1
JCVB,1
KCVB,1
LCVB,1
MCVB,1
NCVB,0
OCVB,1
PCVB,0
QCVB,1
RCVB,1
SCVB,1
TCVB,1
UCVB,1
VCVB,1
WCVB,1
XCVB,1
YCVB,0
ZCVB,0
ADVB,1
BDVB,0
CDVB,1
DDVB,1
EDVB,1
FDVB,1
GDVB,1
HDVB,1
IDVB,1
JDVB,1
KDVB,1
LDVB,0
MDVB,1
NDVB,1
ODVB,1
PDVB,1
QDVB,1
RDVB,1
SDVB,1
TDVB,1
UDVB,1
VDVB,1
WDVB,1
XDVB,1
YDVB,0
ZDVB,1
AEVB,1
BEVB,1
CEVB,1
DEVB,1
EEVB,1
FEVB,1
GEVB,1
HEVB,1
IEVB,0
JEVB,1
KEVB,1
LEVB,1
MEVB,1
NEVB,1
OEVB,1
PEVB,1
QEVB,0
REVB,1
SEVB,1
TEVB,0
UEVB,1
VEVB,1
WEVB,1
XEVB,1
YEVB,1
ZEVB,1
AFVB,1
BFVB,1
CFVB,1
DFVB,1
EFVB,1
FFVB,1
GFVB,1
HFVB,1
IFVB,1
JFVB,1
KFVB,1
LFVB,1
MFVB,1
NFVB,1
OFVB,1
PFVB,1
QFVB,1
RFVB,1
SFVB,0
TFVB,0
UFVB,0
VFVB,0
WFVB,0
XFVB,0
YFVB,0
ZFVB,0
AGVB,0
BGVB,0
CGVB,0
DGVB,0
EGVB,0
FGVB,0
GGVB,0
HGVB,0
IGVB,0
JGVB,0
KGVB,0
LGVB,0
MGVB,0
NGVB,0
OGVB,0
PGVB,0
QGVB,0
RGVB,0
SGVB,0
TGVB,0
UGVB,0
VGVB,0
WGVB,0
XGVB,0
YGVB,0
ZGVB,0
AHVB,0
BHVB,0
CHVB,0
DHVB,0
EHVB,0
FHVB,0
GHVB,0
HHVB,0
IHVB,0
JHVB,0
KHVB,0
LHVB,0
MHVB,0
NHVB,0
OHVB,1
PHVB,0
QHVB,1
RHVB,1
SHVB,1
THVB,1
UHVB,1
VHVB,1
WHVB,1
XHVB,1
YHVB,1
ZHVB,1
AIVB,1
BIVB,1
CIVB,1
DIVB,1
EIVB,1
FIVB,0
GIVB,1
HIVB,1
IIVB,1
JIVB,1
KIVB,1
LIVB,1
MIVB,1
NIVB,1
OIVB,1
PIVB,1
QIVB,1
RIVB,1
SIVB,1
TIVB,1
UIVB,1
VIVB,1
WIVB,1
XIVB,1
YIVB,1
ZIVB,1
AJVB,1
BJVB,1
CJVB,1
DJVB,0
EJVB,1
FJVB,1
GJVB,1
HJVB,1
IJVB,1
JJVB,1
KJVB,1
LJVB,1
MJVB,1
NJVB,1
OJVB,1
PJVB,1
QJVB,1
RJVB,1
SJVB,1
TJVB,0
UJVB,0
VJVB,1
WJVB,1
XJVB,1
YJVB,1
ZJVB,1
AKVB,1
BKVB,1
CKVB,1
DKVB,1
EKVB,0
FKVB,1
GKVB,1
HKVB,1
IKVB,1
JKVB,1
KKVB,1
LKVB,1
MKVB,1
NKVB,1
OKVB,1
PKVB,1
QKVB,1
RKVB,1
SKVB,1
TKVB,1
UKVB,1
VKVB,1
WKVB,0
XKVB,1
YKVB,1
ZKVB,0
ALVB,1
BLVB,1
CLVB,1
DLVB,1
ELVB,0
FLVB,1
GLVB,1
HLVB,1
ILVB,0
JLVB,1
KLVB,0
LLVB,0
MLVB,1
NLVB,1
OLVB,1
PLVB,1
QLVB,1
RLVB,1
SLVB,1
TLVB,1
ULVB,1
VLVB,1
WLVB,1
XLVB,0
YLVB,1
ZLVB,1
AMVB,1
BMVB,1
CMVB,1
DMVB,1
EMVB,1
FMVB,1
GMVB,1
HMVB,1
IMVB,1
JMVB,1
KMVB,1
LMVB,1
MMVB,0
NMVB,0
OMVB,0
PMVB,0
QMVB,0
RMVB,0
SMVB,0
TMVB,0
UMVB,0
VMVB,0
WMVB,0
XMVB,0
YMVB,0
ZMVB,0
ANVB,0
BNVB,0
CNVB,0
DNVB,0
ENVB,0
FNVB,0
GNVB,0
HNVB,0
INVB,0
JNVB,0
KNVB,0
LNVB,0
MNVB,0
NNVB,0
ONVB,0
PNVB,0
QNVB,0
RNVB,0
SNVB,0
TNVB,0
UNVB,0
VNVB,0
WNVB,0
XNVB,0
YNVB,0
ZNVB,0
AOVB,0
BOVB,0
COVB,0
DOVB,0
EOVB,0
FOVB,0
GOVB,0
HOVB,0
IOVB,0
JOVB,0
KOVB,0
LOVB,0
MOVB,0
NOVB,0
OOVB,0
POVB,0
QOVB,0
ROVB,1
SOVB,1
TOVB,0
UOVB,1
VOVB,1
WOVB,1
XOVB,1
YOVB,1
ZOVB,1
APVB,1
BPVB,1
CPVB,1
DPVB,1
EPVB,1
FPVB,1
GPVB,1
HPVB,1
IPVB,1
JPVB,1
KPVB,1
LPVB,1
MPVB,1
NPVB,1
OPVB,1
PPVB,1
QPVB,0
RPVB,1
SPVB,0
TPVB,1
UPVB,1
VPVB,1
WPVB,1
XPVB,1
YPVB,1
ZPVB,1
AQVB,1
BQVB,1
CQVB,1
DQVB,1
EQVB,1
FQVB,1
GQVB,1
HQVB,1
IQVB,1
JQVB,1
KQVB,1
LQVB,1
MQVB,1
NQVB,1
OQVB,1
PQVB,1
QQVB,0
RQVB,1
SQVB,1
TQVB,1
UQVB,1
VQVB,1
WQVB,0
XQVB,1
YQVB,1
ZQVB,1
ARVB,1
BRVB,1
CRVB,0
DRVB,1
ERVB,1
FRVB,1
GRVB,1
HRVB,0
IRVB,1
JRVB,1
KRVB,1
LRVB,1
MRVB,1
NRVB,0
ORVB,1
PRVB,1
QRVB,1
RRVB,1
SRVB,1
TRVB,1
URVB,1
VRVB,0
WRVB,1
XRVB,1
YRVB,0
ZRVB,1
ASVB,1
BSVB,1
CSVB,1
DSVB,1
ESVB,0
FSVB,1
GSVB,1
HSVB,0
ISVB,1
JSVB,1
KSVB,0
LSVB,0
MSVB,0
NSVB,0
OSVB,0
PSVB,0
QSVB,0
RSVB,0
SSVB,0
TSVB,0
USVB,0
VSVB,0
WSVB,0
XSVB,0
YSVB,0
ZSVB,0
ATVB,0
BTVB,0
CTVB,1
DTVB,0
ETVB,0
FTVB,0
GTVB,0
HTVB,0
ITVB,1
JTVB,1
KTVB,1
LTVB,0
MTVB,1
NTVB,1
OTVB,1
PTVB,1
QTVB,1
RTVB,1
STVB,1
TTVB,1
UTVB,1
VTVB,1
WTVB,1
XTVB,1
YTVB,1
ZTVB,1
AUVB,1
BUVB,1
CUVB,1
DUVB,1
EUVB,1
FUVB,1
GUVB,0
HUVB,1
IUVB,1
JUVB,1
KUVB,1
LUVB,1
MUVB,0
NUVB,1
OUVB,1
PUVB,1
QUVB,1
RUVB,1
SUVB,1
TUVB,1
UUVB,0
VUVB,1
WUVB,1
XUVB,1
YUVB,1
ZUVB,1
AVVB,1
BVVB,1
CVVB,1
DVVB,1
EVVB,0
FVVB,1
GVVB,1
HVVB,1
IVVB,1
JVVB,1
KVVB,1
LVVB,1
MVVB,1
NVVB,1
OVVB,1
PVVB,1
QVVB,1
RVVB,1
SVVB,1
TVVB,1
UVVB,1
VVVB,1
WVVB,1
XVVB,1
YVVB,1
ZVVB,1
AWVB,1
BWVB,1
CWVB,0
DWVB,0
EWVB,1
FWVB,1
GWVB,1
HWVB,0
IWVB,1
JWVB,1
KWVB,1
LWVB,1
MWVB,1
NWVB,1
OWVB,1
PWVB,1
QWVB,1
RWVB,1
SWVB,1
TWVB,1
UWVB,1
VWVB,1
WWVB,1
XWVB,1
YWVB,1
ZWVB,1
AXVB,1
BXVB,1
CXVB,1
DXVB,1
EXVB,1
FXVB,1
GXVB,1
HXVB,1
IXVB,1
JXVB,0
KXVB,0
LXVB,1
MXVB,0
NXVB,0
OXVB,0
PXVB,1
QXVB,1
RXVB,1
SXVB,1
TXVB,1
UXVB,1
VXVB,1
WXVB,1
XXVB,1
YXVB,1
ZXVB,0
AYVB,1
BYVB,1
CYVB,1
DYVB,1
EYVB,0
FYVB,1
GYVB,1
HYVB,1
IYVB,1
JYVB,1
KYVB,1
LYVB,0
MYVB,1
NYVB,1
OYVB,1
PYVB,1
QYVB,1
RYVB,1
SYVB,1
TYVB,1
UYVB,1
VYVB,1
WYVB,1
XYVB,1
YYVB,1
ZYVB,1
AZVB,1
BZVB,1
CZVB,1
DZVB,1
EZVB,1
FZVB,1
GZVB,1
HZVB,1
IZVB,1
JZVB,1
KZVB,1
LZVB,1
MZVB,0
NZVB,1
OZVB,1
PZVB,1
QZVB,1
RZVB,0
SZVB,0
TZVB,1
UZVB,1
VZVB,1
WZVB,0
XZVB,0
YZVB,0
ZZVB,0
AAWB,0
BAWB,0
CAWB,0
DAWB,1
EAWB,1
FAWB,1
GAWB,1
HAWB,1
IAWB,0
JAWB,1
KAWB,1
LAWB,1
MAWB,1
NAWB,1
OAWB,1
PAWB,1
QAWB,1
RAWB,1
SAWB,1
TAWB,1
UAWB,1
VAWB,1
WAWB,1
XAWB,1
YAWB,1
ZAWB,1
ABWB,1
BBWB,1
CBWB,1
DBWB,1
EBWB,0
FBWB,0
GBWB,0
HBWB,0
IBWB,0
JBWB,0
KBWB,0
LBWB,1
MBWB,0
NBWB,0
OBWB,0
PBWB,0
QBWB,1
RBWB,1
SBWB,1
TBWB,1
UBWB,1
VBWB,1
WBWB,1
XBWB,1
YBWB,1
ZBWB,0
ACWB,1
BCWB,1
CCWB,1
DCWB,1
ECWB,1
FCWB,1
GCWB,1
HCWB,1
ICWB,1
JCWB,1
KCWB,1
LCWB,1
MCWB,1
NCWB,1
OCWB,1
PCWB,1
QCWB,0
RCWB,0
SCWB,1
TCWB,1
UCWB,1
VCWB,1
WCWB,0
XCWB,0
YCWB,0
ZCWB,1
ADWB,1
BDWB,1
CDWB,1
DDWB,1
EDWB,1
FDWB,1
GDWB,1
HDWB,1
IDWB,1
JDWB,1
KDWB,0
LDWB,1
MDWB,0
NDWB,1
ODWB,1
PDWB,1
QDWB,1
RDWB,1
SDWB,1
TDWB,0
UDWB,1
VDWB,1
WDWB,1
XDWB,1
YDWB,1
ZDWB,1
AEWB,1
BEWB,1
CEWB,1
DEWB,1
EEWB,1
FEWB,1
GEWB,1
HEWB,1
IEWB,1
JEWB,1
KEWB,1
LEWB,1
MEWB,1
NEWB,1
OEWB,1
PEWB,1
QEWB,1
REWB,1
SEWB,1
TEWB,1
UEWB,1
VEWB,1
WEWB,1
XEWB,1
YEWB,1
ZEWB,1
AFWB,1
BFWB,1
CFWB,1
DFWB,1
EFWB,1
FFWB,0
GFWB,0
HFWB,0
IFWB,1
JFWB,1
KFWB,1
LFWB,1
MFWB,1
NFWB,1
OFWB,1
PFWB,1
QFWB,1
RFWB,0
SFWB,1
TFWB,1
UFWB,1
VFWB,1
WFWB,1
XFWB,1
YFWB,1
ZFWB,1
AGWB,1
BGWB,1
CGWB,1
DGWB,1
EGWB,1
FGWB,0
GGWB,1
HGWB,1
IGWB,1
JGWB,1
KGWB,1
LGWB,1
MGWB,1
NGWB,1
OGWB,1
PGWB,1
QGWB,1
RGWB,1
SGWB,1
TGWB,0
UGWB,1
VGWB,1
WGWB,0
XGWB,1
YGWB,1
ZGWB,1
AHWB,1
BHWB,1
CHWB,1
DHWB,1
EHWB,1
FHWB,1
GHWB,1
HHWB,1
IHWB,1
JHWB,0
KHWB,1
LHWB,1
MHWB,1
NHWB,1
OHWB,0
PHWB,0
QHWB,0
RHWB,0
SHWB,0
THWB,0
UHWB,0
VHWB,0
WHWB,0
XHWB,0
YHWB,0
ZHWB,0
AIWB,0
BIWB,0
CIWB,0
DIWB,0
EIWB,0
FIWB,0
GIWB,0
HIWB,0
IIWB,1
JIWB,0
KIWB,0
LIWB,1
MIWB,0
NIWB,0
OIWB,0
PIWB,0
QIWB,0
RIWB,0
SIWB,0
TIWB,0
UIWB,0
VIWB,1
WIWB,1
XIWB,1
YIWB,1
ZIWB,0
AJWB,1
BJWB,1
CJWB,0
DJWB,1
EJWB,1
FJWB,1
GJWB,1
HJWB,1
IJWB,1
JJWB,1
KJWB,1
LJWB,1
MJWB,1
NJWB,1
OJWB,1
PJWB,1
QJWB,1
RJWB,1
SJWB,1
TJWB,1
UJWB,1
VJWB,1
WJWB,1
XJWB,1
YJWB,1
ZJWB,1
AKWB,1
BKWB,1
CKWB,1
DKWB,1
EKWB,1
FKWB,1
GKWB,1
HKWB,1
IKWB,1
JKWB,0
KKWB,1
LKWB,1
MKWB,1
NKWB,1
OKWB,1
PKWB,1
QKWB,0
RKWB,1
SKWB,1
TKWB,1
UKWB,1
VKWB,1
WKWB,1
XKWB,1
YKWB,1
ZKWB,1
ALWB,1
BLWB,1
CLWB,1
DLWB,1
ELWB,1
FLWB,0
GLWB,0
HLWB,1
ILWB,1
JLWB,1
KLWB,1
LLWB,1
MLWB,0
NLWB,1
OLWB,1
PLWB,1
QLWB,1
RLWB,1
SLWB,1
TLWB,1
ULWB,1
VLWB,1
WLWB,0
XLWB,1
YLWB,1
ZLWB,0
AMWB,1
BMWB,1
CMWB,1
DMWB,1
EMWB,1
FMWB,1
GMWB,1
HMWB,1
IMWB,1
JMWB,1
KMWB,1
LMWB,1
MMWB,1
NMWB,1
OMWB,0
PMWB,1
QMWB,1
RMWB,1
SMWB,1
TMWB,0
UMWB,1
VMWB,0
WMWB,1
XMWB,1
YMWB,0
ZMWB,1
ANWB,1
BNWB,1
CNWB,1
DNWB,0
ENWB,1
FNWB,1
GNWB,1
HNWB,0
INWB,0
JNWB,0
KNWB,0
LNWB,0
MNWB,0
NNWB,0
ONWB,0
PNWB,0
QNWB,0
RNWB,0
SNWB,0
TNWB,0
UNWB,0
VNWB,0
WNWB,0
XNWB,0
YNWB,0
ZNWB,0
AOWB,0
BOWB,0
COWB,0
DOWB,0
EOWB,0
FOWB,0
GOWB,0
HOWB,0
IOWB,0
JOWB,0
KOWB,0
LOWB,0
MOWB,0
NOWB,0
OOWB,0
POWB,0
QOWB,0
ROWB,0
SOWB,0
TOWB,0
UOWB,0
VOWB,0
WOWB,0
XOWB,0
YOWB,0
ZOWB,0
APWB,0
BPWB,0
CPWB,0
DPWB,0
EPWB,0
FPWB,0
GPWB,0
HPWB,0
IPWB,0
JPWB,0
KPWB,0
LPWB,0
MPWB,0
NPWB,0
OPWB,0
PPWB,1
QPWB,1
RPWB,1
SPWB,1
TPWB,1
UPWB,1
VPWB,1
WPWB,1
XPWB,1
YPWB,1
ZPWB,1
AQWB,1
BQWB,1
CQWB,0
DQWB,1
EQWB,1
FQWB,0
GQWB,1
HQWB,1
IQWB,1
JQWB,1
KQWB,1
LQWB,1
MQWB,1
NQWB,1
OQWB,1
PQWB,1
QQWB,1
RQWB,1
SQWB,1
TQWB,0
UQWB,1
VQWB,1
WQWB,1
XQWB,0
YQWB,1
ZQWB,1
ARWB,1
BRWB,1
CRWB,1
DRWB,1
ERWB,1
FRWB,1
GRWB,1
HRWB,1
IRWB,1
JRWB,1
KRWB,1
LRWB,0
MRWB,1
NRWB,1
ORWB,1
PRWB,1
QRWB,1
RRWB,1
SRWB,1
TRWB,1
URWB,1
VRWB,1
WRWB,1
XRWB,0
YRWB,1
ZRWB,0
ASWB,0
BSWB,1
CSWB,1
DSWB,1
ESWB,1
FSWB,1
GSWB,0
HSWB,1
ISWB,1
JSWB,1
KSWB,1
LSWB,1
MSWB,1
NSWB,1
OSWB,1
PSWB,1
QSWB,1
RSWB,1
SSWB,1
TSWB,1
USWB,1
VSWB,1
WSWB,0
XSWB,0
YSWB,0
ZSWB,0
ATWB,0
BTWB,0
CTWB,0
DTWB,0
ETWB,1
FTWB,0
GTWB,1
HTWB,1
ITWB,1
JTWB,1
KTWB,1
LTWB,1
MTWB,1
NTWB,1
OTWB,1
PTWB,1
QTWB,0
RTWB,1
STWB,1
TTWB,1
UTWB,1
VTWB,1
WTWB,0
XTWB,1
YTWB,1
ZTWB,1
AUWB,1
BUWB,1
CUWB,1
DUWB,1
EUWB,1
FUWB,1
GUWB,1
HUWB,1
IUWB,1
JUWB,1
KUWB,0
LUWB,1
MUWB,0
NUWB,1
OUWB,1
PUWB,1
QUWB,1
RUWB,1
SUWB,1
TUWB,0
UUWB,0
VUWB,1
WUWB,1
XUWB,1
YUWB,0
ZUWB,0
AVWB,0
BVWB,0
CVWB,0
DVWB,1
EVWB,0
FVWB,0
GVWB,0
HVWB,1
IVWB,1
JVWB,1
KVWB,1
LVWB,1
MVWB,1
NVWB,1
OVWB,1
PVWB,1
QVWB,1
RVWB,1
SVWB,1
TVWB,1
UVWB,1
VVWB,1
WVWB,1
XVWB,1
YVWB,1
ZVWB,1
AWWB,1
BWWB,1
CWWB,1
DWWB,1
EWWB,0
FWWB,1
GWWB,1
HWWB,1
IWWB,1
JWWB,1
KWWB,1
LWWB,1
MWWB,1
NWWB,1
OWWB,1
PWWB,1
QWWB,1
RWWB,1
SWWB,1
TWWB,1
UWWB,1
VWWB,1
WWWB,1
XWWB,1
YWWB,1
ZWWB,0
AXWB,1
BXWB,1
CXWB,1
DXWB,1
EXWB,1
FXWB,0
GXWB,1
HXWB,1
IXWB,1
JXWB,1
KXWB,0
LXWB,0
MXWB,1
NXWB,0
OXWB,1
PXWB,1
QXWB,0
RXWB,0
SXWB,1
TXWB,1
UXWB,1
VXWB,1
WXWB,1
XXWB,1
YXWB,1
ZXWB,1
AYWB,0
BYWB,1
CYWB,1
DYWB,0
EYWB,0
FYWB,0
GYWB,1
HYWB,1
IYWB,1
JYWB,0
KYWB,0
LYWB,0
MYWB,0
NYWB,1
OYWB,1
PYWB,1
QYWB,1
RYWB,1
SYWB,1
TYWB,1
UYWB,1
VYWB,1
WYWB,0
XYWB,1
YYWB,0
ZYWB,0
AZWB,0
BZWB,0
CZWB,0
DZWB,0
EZWB,1
FZWB,0
GZWB,0
HZWB,0
IZWB,0
JZWB,1
KZWB,1
LZWB,1
MZWB,1
NZWB,1
OZWB,1
PZWB,1
QZWB,1
RZWB,1
SZWB,1
TZWB,1
UZWB,1
VZWB,1
WZWB,0
XZWB,1
YZWB,1
ZZWB,0
AAXB,1
BAXB,1
CAXB,1
DAXB,1
EAXB,1
FAXB,1
GAXB,1
HAXB,1
IAXB,1
JAXB,1
KAXB,0
LAXB,0
MAXB,1
NAXB,0
OAXB,0
PAXB,1
QAXB,1
RAXB,1
SAXB,1
TAXB,1
UAXB,1
VAXB,1
WAXB,1
XAXB,1
YAXB,1
ZAXB,1
ABXB,1
BBXB,1
CBXB,0
DBXB,1
EBXB,0
FBXB,1
GBXB,1
HBXB,1
IBXB,1
JBXB,1
KBXB,1
LBXB,1
MBXB,1
NBXB,1
OBXB,1
PBXB,0
QBXB,1
RBXB,1
SBXB,0
TBXB,1
UBXB,1
VBXB,1
WBXB,1
XBXB,1
YBXB,1
ZBXB,1
ACXB,1
BCXB,1
CCXB,1
DCXB,0
ECXB,1
FCXB,1
GCXB,1
HCXB,1
ICXB,1
JCXB,0
KCXB,0
LCXB,0
MCXB,1
NCXB,1
OCXB,1
PCXB,1
QCXB,1
RCXB,1
SCXB,1
TCXB,1
UCXB,1
VCXB,1
WCXB,1
XCXB,1
YCXB,1
ZCXB,1
ADXB,1
BDXB,1
CDXB,1
DDXB,1
EDXB,1
FDXB,1
GDXB,1
HDXB,1
IDXB,1
JDXB,0
KDXB,0
LDXB,1
MDXB,0
NDXB,1
ODXB,0
PDXB,1
QDXB,1
RDXB,1
SDXB,1
TDXB,1
UDXB,1
VDXB,0
WDXB,1
XDXB,1
YDXB,1
ZDXB,1
AEXB,1
BEXB,1
CEXB,1
DEXB,1
EEXB,1
FEXB,1
GEXB,1
HEXB,1
IEXB,0
JEXB,0
KEXB,0
LEXB,0
MEXB,0
NEXB,0
OEXB,0
PEXB,0
QEXB,0
REXB,0
SEXB,0
TEXB,0
UEXB,0
VEXB,0
WEXB,0
XEXB,0
YEXB,0
ZEXB,0
AFXB,0
BFXB,0
CFXB,0
DFXB,0
EFXB,0
FFXB,0
GFXB,0
HFXB,1
IFXB,0
JFXB,0
KFXB,0
LFXB,1
MFXB,0
NFXB,1
OFXB,1
PFXB,1
QFXB,1
RFXB,0
SFXB,1
TFXB,1
UFXB,1
VFXB,1
WFXB,0
XFXB,1
YFXB,1
ZFXB,1
AGXB,1
BGXB,1
CGXB,1
DGXB,1
EGXB,1
FGXB,0
GGXB,1
HGXB,1
IGXB,1
JGXB,0
KGXB,1
LGXB,1
MGXB,1
NGXB,1
OGXB,1
PGXB,0
QGXB,0
RGXB,1
SGXB,1
TGXB,1
UGXB,0
VGXB,1
WGXB,1
XGXB,1
YGXB,1
ZGXB,1
AHXB,1
BHXB,1
CHXB,1
DHXB,1
EHXB,1
FHXB,1
GHXB,1
HHXB,1
IHXB,1
JHXB,1
KHXB,0
LHXB,1
MHXB,1
NHXB,1
OHXB,1
PHXB,1
QHXB,0
RHXB,1
SHXB,1
THXB,1
UHXB,1
VHXB,1
WHXB,1
XHXB,1
YHXB,1
ZHXB,1
AIXB,1
BIXB,1
CIXB,1
DIXB,1
EIXB,1
FIXB,1
GIXB,1
HIXB,1
IIXB,1
JIXB,1
KIXB,1
LIXB,1
MIXB,1
NIXB,1
OIXB,1
PIXB,1
QIXB,1
RIXB,1
SIXB,1
TIXB,1
UIXB,1
VIXB,1
WIXB,1
XIXB,1
YIXB,1
ZIXB,1
AJXB,0
BJXB,1
CJXB,1
DJXB,1
EJXB,1
FJXB,0
GJXB,1
HJXB,1
IJXB,1
JJXB,1
KJXB,1
LJXB,1
MJXB,1
NJXB,1
OJXB,1
PJXB,1
QJXB,0
RJXB,0
SJXB,1
TJXB,1
UJXB,1
VJXB,1
WJXB,1
XJXB,0
YJXB,0
ZJXB,0
AKXB,0
BKXB,0
CKXB,0
DKXB,0
EKXB,0
FKXB,0
GKXB,0
HKXB,0
IKXB,0
JKXB,0
KKXB,0
LKXB,0
MKXB,0
NKXB,0
OKXB,0
PKXB,0
QKXB,0
RKXB,0
SKXB,0
TKXB,0
UKXB,0
VKXB,0
WKXB,0
XKXB,0
YKXB,0
ZKXB,0
ALXB,0
BLXB,0
CLXB,1
DLXB,0
ELXB,1
FLXB,1
GLXB,1
HLXB,1
ILXB,1
JLXB,1
KLXB,1
LLXB,1
MLXB,1
NLXB,1
OLXB,1
PLXB,1
QLXB,1
RLXB,1
SLXB,1
TLXB,1
ULXB,0
VLXB,1
WLXB,1
XLXB,1
YLXB,1
ZLXB,1
AMXB,1
BMXB,1
CMXB,1
DMXB,1
EMXB,0
FMXB,1
GMXB,0
HMXB,1
IMXB,1
JMXB,1
KMXB,1
LMXB,1
MMXB,1
NMXB,1
OMXB,0
PMXB,1
QMXB,0
RMXB,1
SMXB,1
TMXB,1
UMXB,1
VMXB,1
WMXB,1
XMXB,1
YMXB,1
ZMXB,1
ANXB,1
BNXB,1
CNXB,1
DNXB,1
ENXB,1
FNXB,1
GNXB,1
HNXB,1
INXB,1
JNXB,0
KNXB,0
LNXB,1
MNXB,1
NNXB,1
ONXB,1
PNXB,1
QNXB,1
RNXB,1
SNXB,1
TNXB,1
UNXB,1
VNXB,1
WNXB,1
XNXB,1
YNXB,1
ZNXB,1
AOXB,1
BOXB,1
COXB,1
DOXB,0
EOXB,1
FOXB,1
GOXB,1
HOXB,1
IOXB,1
JOXB,1
KOXB,1
LOXB,1
MOXB,1
NOXB,1
OOXB,1
POXB,1
QOXB,1
ROXB,1
SOXB,1
TOXB,1
UOXB,0
VOXB,1
WOXB,0
XOXB,0
YOXB,1
ZOXB,1
APXB,1
BPXB,1
CPXB,0
DPXB,1
EPXB,1
FPXB,0
GPXB,1
HPXB,1
IPXB,0
JPXB,1
KPXB,1
LPXB,1
MPXB,1
NPXB,1
OPXB,1
PPXB,1
QPXB,0
RPXB,0
SPXB,1
TPXB,1
UPXB,1
VPXB,0
WPXB,0
XPXB,0
YPXB,0
ZPXB,0
AQXB,0
BQXB,0
CQXB,1
DQXB,1
EQXB,1
FQXB,1
GQXB,1
HQXB,1
IQXB,1
JQXB,1
KQXB,1
LQXB,0
MQXB,1
NQXB,1
OQXB,1
PQXB,1
QQXB,1
RQXB,1
SQXB,1
TQXB,1
UQXB,1
VQXB,1
WQXB,1
XQXB,1
YQXB,1
ZQXB,1
ARXB,1
BRXB,1
CRXB,1
DRXB,0
ERXB,1
FRXB,1
GRXB,1
HRXB,1
IRXB,1
JRXB,1
KRXB,1
LRXB,1
MRXB,1
NRXB,1
ORXB,1
PRXB,1
QRXB,0
RRXB,1
SRXB,1
TRXB,1
URXB,1
VRXB,1
WRXB,1
XRXB,1
YRXB,1
ZRXB,1
ASXB,0
BSXB,1
CSXB,1
DSXB,1
ESXB,1
FSXB,0
GSXB,1
HSXB,1
ISXB,1
JSXB,1
KSXB,1
LSXB,1
MSXB,0
NSXB,0
OSXB,1
PSXB,1
QSXB,1
RSXB,1
SSXB,1
TSXB,0
USXB,1
VSXB,1
WSXB,1
XSXB,1
YSXB,1
ZSXB,1
ATXB,1
BTXB,1
CTXB,1
DTXB,0
ETXB,0
FTXB,1
GTXB,1
HTXB,1
ITXB,1
JTXB,1
KTXB,1
LTXB,1
MTXB,1
NTXB,1
OTXB,1
PTXB,1
QTXB,0
RTXB,1
STXB,1
TTXB,1
UTXB,0
VTXB,1
WTXB,1
XTXB,1
YTXB,1
ZTXB,0
AUXB,1
BUXB,1
CUXB,1
DUXB,1
EUXB,0
FUXB,1
GUXB,1
HUXB,1
IUXB,0
JUXB,0
KUXB,0
LUXB,0
MUXB,0
NUXB,0
OUXB,0
PUXB,0
QUXB,0
RUXB,0
SUXB,0
TUXB,0
UUXB,0
VUXB,0
WUXB,0
XUXB,0
YUXB,0
ZUXB,0
AVXB,0
BVXB,0
CVXB,0
DVXB,0
EVXB,0
FVXB,0
GVXB,0
HVXB,0
IVXB,0
JVXB,0
KVXB,0
LVXB,0
MVXB,0
NVXB,0
OVXB,0
PVXB,0
QVXB,0
RVXB,1
SVXB,0
TVXB,0
UVXB,0
VVXB,0
WVXB,0
XVXB,0
YVXB,0
ZVXB,0
AWXB,0
BWXB,0
CWXB,0
DWXB,0
EWXB,0
FWXB,0
GWXB,0
HWXB,0
IWXB,0
JWXB,0
KWXB,0
LWXB,0
MWXB,0
NWXB,0
OWXB,0
PWXB,0
QWXB,0
RWXB,0
SWXB,0
TWXB,0
UWXB,0
VWXB,0
WWXB,0
XWXB,0
YWXB,0
ZWXB,0
AXXB,0
BXXB,0
CXXB,0
DXXB,0
EXXB,0
FXXB,0
GXXB,0
HXXB,1
IXXB,1
JXXB,0
KXXB,1
LXXB,1
MXXB,1
NXXB,1
OXXB,1
PXXB,1
QXXB,1
RXXB,1
SXXB,0
TXXB,1
UXXB,1
VXXB,1
WXXB,1
XXXB,1
YXXB,1
ZXXB,1
AYXB,1
BYXB,1
CYXB,0
DYXB,1
EYXB,1
FYXB,1
GYXB,1
HYXB,1
IYXB,1
JYXB,1
KYXB,1
LYXB,1
MYXB,1
NYXB,1
OYXB,1
PYXB,1
QYXB,0
RYXB,1
SYXB,0
TYXB,1
UYXB,0
VYXB,1
WYXB,1
XYXB,1
YYXB,1
ZYXB,1
AZXB,1
BZXB,1
CZXB,1
DZXB,1
EZXB,1
FZXB,0
GZXB,1
HZXB,1
IZXB,1
JZXB,1
KZXB,1
LZXB,1
MZXB,1
NZXB,1
OZXB,0
PZXB,1
QZXB,1
RZXB,1
SZXB,1
TZXB,1
UZXB,0
VZXB,1
WZXB,0
XZXB,1
YZXB,1
ZZXB,1
AAYB,1
BAYB,1
CAYB,1
DAYB,1
EAYB,1
FAYB,0
GAYB,1
HAYB,0
IAYB,0
JAYB,1
KAYB,1
LAYB,0
MAYB,1
NAYB,1
OAYB,0
PAYB,1
QAYB,0
RAYB,1
SAYB,1
TAYB,1
UAYB,1
VAYB,1
WAYB,1
XAYB,1
YAYB,1
ZAYB,1
ABYB,1
BBYB,1
CBYB,1
DBYB,1
EBYB,1
FBYB,1
GBYB,0
HBYB,1
IBYB,0
JBYB,1
KBYB,0
LBYB,0
MBYB,0
NBYB,1
OBYB,0
PBYB,0
QBYB,0
RBYB,0
SBYB,0
TBYB,0
UBYB,0
VBYB,0
WBYB,0
XBYB,0
YBYB,0
ZBYB,0
ACYB,0
BCYB,0
CCYB,0
DCYB,0
ECYB,0
FCYB,0
GCYB,0
HCYB,0
ICYB,0
JCYB,1
KCYB,1
LCYB,1
MCYB,1
NCYB,1
OCYB,1
PCYB,1
QCYB,1
RCYB,1
SCYB,1
TCYB,1
UCYB,1
VCYB,1
WCYB,1
XCYB,1
YCYB,1
ZCYB,1
ADYB,1
BDYB,1
CDYB,1
DDYB,1
EDYB,0
FDYB,0
GDYB,0
HDYB,0
IDYB,0
JDYB,0
KDYB,0
LDYB,0
MDYB,0
NDYB,0
ODYB,0
PDYB,1
QDYB,0
RDYB,1
SDYB,0
TDYB,0
UDYB,0
VDYB,0
WDYB,0
XDYB,1
YDYB,1
ZDYB,1
AEYB,1
BEYB,1
CEYB,1
DEYB,0
EEYB,1
FEYB,1
GEYB,1
HEYB,0
IEYB,1
JEYB,0
KEYB,1
LEYB,1
MEYB,1
NEYB,1
OEYB,1
PEYB,1
QEYB,1
REYB,1
SEYB,1
TEYB,1
UEYB,0
VEYB,0
WEYB,0
XEYB,0
YEYB,0
ZEYB,0
AFYB,0
BFYB,0
CFYB,1
DFYB,1
EFYB,1
FFYB,1
GFYB,0
HFYB,1
IFYB,1
JFYB,1
KFYB,1
LFYB,1
MFYB,1
NFYB,1
OFYB,1
PFYB,1
QFYB,1
RFYB,0
SFYB,1
TFYB,1
UFYB,1
VFYB,1
WFYB,1
XFYB,1
YFYB,0
ZFYB,0
AGYB,1
BGYB,1
CGYB,1
DGYB,1
EGYB,1
FGYB,1
GGYB,1
HGYB,1
IGYB,1
JGYB,1
KGYB,1
LGYB,1
MGYB,1
NGYB,1
OGYB,1
PGYB,1
QGYB,0
RGYB,0
SGYB,0
TGYB,0
UGYB,0
VGYB,0
WGYB,0
XGYB,0
YGYB,0
ZGYB,0
AHYB,0
BHYB,0
CHYB,0
DHYB,0
EHYB,0
FHYB,0
GHYB,0
HHYB,0
IHYB,0
JHYB,0
KHYB,0
LHYB,0
MHYB,0
NHYB,0
OHYB,0
PHYB,0
QHYB,0
RHYB,0
SHYB,0
THYB,0
UHYB,0
VHYB,0
WHYB,1
XHYB,1
YHYB,1
ZHYB,1
AIYB,1
BIYB,1
CIYB,1
DIYB,1
EIYB,1
FIYB,1
GIYB,1
HIYB,1
IIYB,1
JIYB,1
KIYB,1
LIYB,1
MIYB,1
NIYB,1
OIYB,0
PIYB,1
QIYB,1
RIYB,0
SIYB,1
TIYB,0
UIYB,1
VIYB,0
WIYB,1
XIYB,1
YIYB,1
ZIYB,1
AJYB,1
BJYB,1
CJYB,0
DJYB,1
EJYB,1
FJYB,1
GJYB,1
HJYB,1
IJYB,1
JJYB,1
KJYB,1
LJYB,1
MJYB,0
NJYB,1
OJYB,1
PJYB,0
QJYB,1
RJYB,1
SJYB,1
TJYB,1
UJYB,1
VJYB,1
WJYB,1
XJYB,1
YJYB,1
ZJYB,1
AKYB,1
BKYB,1
CKYB,1
DKYB,1
EKYB,1
FKYB,1
GKYB,1
HKYB,0
IKYB,1
JKYB,1
KKYB,0
LKYB,1
MKYB,1
NKYB,0
OKYB,1
PKYB,1
QKYB,0
RKYB,1
SKYB,1
TKYB,1
UKYB,1
VKYB,1
WKYB,1
XKYB,1
YKYB,1
ZKYB,1
ALYB,1
BLYB,1
CLYB,0
DLYB,1
ELYB,1
FLYB,1
GLYB,1
HLYB,1
ILYB,1
JLYB,1
KLYB,1
LLYB,1
MLYB,1
NLYB,1
OLYB,1
PLYB,1
QLYB,0
RLYB,0
SLYB,0
TLYB,0
ULYB,0
VLYB,0
WLYB,0
XLYB,0
YLYB,0
ZLYB,0
AMYB,0
BMYB,0
CMYB,0
DMYB,0
EMYB,0
FMYB,0
GMYB,0
HMYB,0
IMYB,0
JMYB,0
KMYB,0
LMYB,0
MMYB,0
NMYB,0
OMYB,0
PMYB,0
QMYB,0
RMYB,0
SMYB,0
TMYB,0
UMYB,0
VMYB,0
WMYB,0
XMYB,1
YMYB,0
ZMYB,1
ANYB,1
BNYB,1
CNYB,1
DNYB,1
ENYB,1
FNYB,1
GNYB,1
HNYB,1
INYB,1
JNYB,1
KNYB,1
LNYB,0
MNYB,1
NNYB,1
ONYB,1
PNYB,1
QNYB,1
RNYB,1
SNYB,1
TNYB,1
UNYB,1
VNYB,1
WNYB,1
XNYB,1
YNYB,0
ZNYB,1
AOYB,1
BOYB,1
COYB,1
DOYB,1
EOYB,0
FOYB,1
GOYB,1
HOYB,1
IOYB,1
JOYB,1
KOYB,1
LOYB,1
MOYB,1
NOYB,1
OOYB,1
POYB,1
QOYB,1
ROYB,1
SOYB,0
TOYB,1
UOYB,1
VOYB,1
WOYB,1
XOYB,1
YOYB,1
ZOYB,1
APYB,0
BPYB,0
CPYB,1
DPYB,1
EPYB,1
FPYB,1
GPYB,1
HPYB,1
IPYB,1
JPYB,1
KPYB,0
LPYB,0
MPYB,1
NPYB,1
OPYB,1
PPYB,1
QPYB,1
RPYB,1
SPYB,1
TPYB,1
UPYB,1
VPYB,1
WPYB,1
XPYB,1
YPYB,1
ZPYB,1
AQYB,1
BQYB,1
CQYB,1
DQYB,1
EQYB,1
FQYB,1
GQYB,0
HQYB,1
IQYB,1
JQYB,1
KQYB,1
LQYB,1
MQYB,0
NQYB,0
OQYB,0
PQYB,1
QQYB,0
RQYB,1
SQYB,0
TQYB,0
UQYB,1
VQYB,1
WQYB,1
XQYB,0
YQYB,1
ZQYB,1
ARYB,1
BRYB,1
CRYB,0
DRYB,1
ERYB,1
FRYB,1
GRYB,1
HRYB,1
IRYB,1
JRYB,1
KRYB,1
LRYB,1
MRYB,1
NRYB,1
ORYB,1
PRYB,1
QRYB,1
RRYB,1
SRYB,1
TRYB,1
URYB,1
VRYB,0
WRYB,1
XRYB,1
YRYB,1
ZRYB,1
ASYB,0
BSYB,1
CSYB,1
DSYB,1
ESYB,1
FSYB,1
GSYB,1
HSYB,1
ISYB,1
JSYB,1
KSYB,1
LSYB,1
MSYB,1
NSYB,1
OSYB,0
PSYB,1
QSYB,1
RSYB,1
SSYB,0
TSYB,1
USYB,1
VSYB,1
WSYB,1
XSYB,1
YSYB,1
ZSYB,1
ATYB,1
BTYB,1
CTYB,1
DTYB,1
ETYB,1
FTYB,1
GTYB,1
HTYB,1
ITYB,1
JTYB,1
KTYB,1
LTYB,1
MTYB,0
NTYB,1
OTYB,1
PTYB,1
QTYB,1
RTYB,1
STYB,1
TTYB,1
UTYB,1
VTYB,1
WTYB,0
XTYB,1
YTYB,1
ZTYB,1
AUYB,1
BUYB,1
CUYB,1
DUYB,1
EUYB,1
FUYB,1
GUYB,1
HUYB,1
IUYB,0
JUYB,1
KUYB,1
LUYB,1
MUYB,1
NUYB,1
OUYB,1
PUYB,1
QUYB,1
RUYB,1
SUYB,1
TUYB,1
UUYB,1
VUYB,1
WUYB,0
XUYB,0
YUYB,0
ZUYB,0
AVYB,0
BVYB,0
CVYB,0
DVYB,1
EVYB,0
FVYB,1
GVYB,1
HVYB,1
IVYB,1
JVYB,1
KVYB,1
LVYB,0
MVYB,1
NVYB,1
OVYB,1
PVYB,1
QVYB,1
RVYB,1
SVYB,1
TVYB,1
UVYB,1
VVYB,1
WVYB,1
XVYB,1
YVYB,1
ZVYB,1
AWYB,1
BWYB,1
CWYB,1
DWYB,1
EWYB,1
FWYB,1
GWYB,1
HWYB,1
IWYB,0
JWYB,1
KWYB,1
LWYB,1
MWYB,1
NWYB,1
OWYB,1
PWYB,1
QWYB,0
RWYB,1
SWYB,1
TWYB,1
UWYB,1
VWYB,1
WWYB,1
XWYB,1
YWYB,0
ZWYB,1
AXYB,1
BXYB,1
CXYB,1
DXYB,0
EXYB,1
FXYB,1
GXYB,1
HXYB,1
IXYB,1
JXYB,1
KXYB,1
LXYB,1
MXYB,1
NXYB,1
OXYB,1
PXYB,1
QXYB,1
RXYB,1
SXYB,1
TXYB,1
UXYB,1
VXYB,1
WXYB,1
XXYB,1
YXYB,0
ZXYB,1
AYYB,0
BYYB,0
CYYB,0
DYYB,0
EYYB,0
FYYB,1
GYYB,1
HYYB,1
IYYB,0
JYYB,1
KYYB,0
LYYB,1
MYYB,1
NYYB,1
OYYB,1
PYYB,1
QYYB,1
RYYB,1
SYYB,1
TYYB,1
UYYB,0
VYYB,0
WYYB,1
XYYB,1
YYYB,1
ZYYB,1
AZYB,1
BZYB,0
CZYB,0
DZYB,0
EZYB,1
FZYB,1
GZYB,1
HZYB,1
IZYB,1
JZYB,0
KZYB,1
LZYB,1
MZYB,1
NZYB,1
OZYB,1
PZYB,0
QZYB,1
RZYB,1
SZYB,1
TZYB,0
UZYB,0
VZYB,0
WZYB,0
XZYB,0
YZYB,0
ZZYB,0
AAZB,0
BAZB,0
CAZB,1
DAZB,1
EAZB,1
FAZB,1
GAZB,1
HAZB,1
IAZB,1
JAZB,0
KAZB,0
LAZB,0
MAZB,1
NAZB,1
OAZB,1
PAZB,1
QAZB,1
RAZB,1
SAZB,0
TAZB,1
UAZB,1
VAZB,1
WAZB,1
XAZB,0
YAZB,1
ZAZB,1
ABZB,1
BBZB,0
CBZB,1
DBZB,1
EBZB,1
FBZB,1
GBZB,1
HBZB,1
IBZB,1
JBZB,1
KBZB,1
LBZB,1
MBZB,1
NBZB,1
OBZB,1
PBZB,1
QBZB,0
RBZB,0
SBZB,0
TBZB,0
UBZB,1
VBZB,0
WBZB,1
XBZB,1
YBZB,1
ZBZB,1
ACZB,0
BCZB,1
CCZB,1
DCZB,1
ECZB,1
FCZB,1
GCZB,1
HCZB,1
ICZB,1
JCZB,1
KCZB,1
LCZB,1
MCZB,1
NCZB,1
OCZB,1
PCZB,0
QCZB,1
RCZB,1
SCZB,0
TCZB,1
UCZB,1
VCZB,1
WCZB,1
XCZB,1
YCZB,1
ZCZB,1
ADZB,1
BDZB,1
CDZB,1
DDZB,1
EDZB,1
FDZB,1
GDZB,1
HDZB,1
IDZB,1
JDZB,1
KDZB,1
LDZB,1
MDZB,1
NDZB,0
ODZB,1
PDZB,1
QDZB,1
RDZB,1
SDZB,1
TDZB,1
UDZB,1
VDZB,1
WDZB,1
XDZB,1
YDZB,1
ZDZB,0
AEZB,1
BEZB,1
CEZB,1
DEZB,1
EEZB,1
FEZB,0
GEZB,1
HEZB,1
IEZB,1
JEZB,1
KEZB,1
LEZB,1
MEZB,1
NEZB,1
OEZB,0
PEZB,1
QEZB,0
REZB,1
SEZB,1
TEZB,0
UEZB,1
VEZB,1
WEZB,1
XEZB,1
YEZB,1
ZEZB,0
AFZB,1
BFZB,1
CFZB,1
DFZB,1
EFZB,1
FFZB,1
GFZB,1
HFZB,1
IFZB,1
JFZB,1
KFZB,1
LFZB,1
MFZB,1
NFZB,1
OFZB,1
PFZB,1
QFZB,1
RFZB,1
SFZB,1
TFZB,1
UFZB,1
VFZB,0
WFZB,1
XFZB,1
YFZB,1
ZFZB,1
AGZB,1
BGZB,1
CGZB,1
DGZB,0
EGZB,0
FGZB,0
GGZB,0
HGZB,0
IGZB,0
JGZB,0
KGZB,0
LGZB,0
MGZB,0
NGZB,0
OGZB,0
PGZB,0
QGZB,0
RGZB,0
SGZB,0
TGZB,0
UGZB,0
VGZB,0
WGZB,0
XGZB,0
YGZB,1
ZGZB,0
AHZB,0
BHZB,0
CHZB,0
DHZB,0
EHZB,0
FHZB,0
GHZB,0
HHZB,0
IHZB,0
JHZB,0
KHZB,0
LHZB,0
MHZB,0
NHZB,0
OHZB,0
PHZB,0
QHZB,0
RHZB,0
SHZB,0
THZB,0
UHZB,0
VHZB,1
WHZB,0
XHZB,0
YHZB,0
ZHZB,0
AIZB,1
BIZB,1
CIZB,1
DIZB,1
EIZB,1
FIZB,1
GIZB,1
HIZB,1
IIZB,1
JIZB,1
KIZB,1
LIZB,1
MIZB,1
NIZB,1
OIZB,1
PIZB,1
QIZB,1
RIZB,1
SIZB,1
TIZB,1
UIZB,1
VIZB,1
WIZB,1
XIZB,1
YIZB,1
ZIZB,1
AJZB,1
BJZB,0
CJZB,0
DJZB,1
EJZB,1
FJZB,1
GJZB,1
HJZB,1
IJZB,1
JJZB,0
KJZB,1
LJZB,1
MJZB,1
NJZB,1
OJZB,1
PJZB,1
QJZB,1
RJZB,1
SJZB,1
TJZB,1
UJZB,1
VJZB,1
WJZB,0
XJZB,0
YJZB,1
ZJZB,1
AKZB,0
BKZB,1
CKZB,1
DKZB,1
EKZB,1
FKZB,1
GKZB,1
HKZB,1
IKZB,1
JKZB,1
KKZB,1
LKZB,0
MKZB,1
NKZB,1
OKZB,1
PKZB,1
QKZB,1
RKZB,1
SKZB,1
TKZB,1
UKZB,1
VKZB,1
WKZB,1
XKZB,1
YKZB,1
ZKZB,1
ALZB,1
BLZB,0
CLZB,1
DLZB,1
ELZB,1
FLZB,1
GLZB,0
HLZB,1
ILZB,1
JLZB,1
KLZB,1
LLZB,1
MLZB,1
NLZB,1
OLZB,1
PLZB,1
QLZB,0
RLZB,0
SLZB,0
TLZB,0
ULZB,0
VLZB,0
WLZB,0
XLZB,0
YLZB,0
ZLZB,0
AMZB,0
BMZB,0
CMZB,0
DMZB,0
EMZB,0
FMZB,0
GMZB,0
HMZB,0
IMZB,0
JMZB,1
KMZB,1
LMZB,1
MMZB,0
NMZB,1
OMZB,0
PMZB,1
QMZB,1
RMZB,1
SMZB,0
TMZB,1
UMZB,1
VMZB,1
WMZB,1
XMZB,0
YMZB,1
ZMZB,1
ANZB,1
BNZB,0
CNZB,1
DNZB,0
ENZB,1
FNZB,1
GNZB,1
HNZB,1
INZB,0
JNZB,1
KNZB,1
LNZB,1
MNZB,1
NNZB,1
ONZB,1
PNZB,1
QNZB,1
RNZB,1
SNZB,1
TNZB,1
UNZB,1
VNZB,1
WNZB,1
XNZB,1
YNZB,1
ZNZB,1
AOZB,1
BOZB,1
COZB,1
DOZB,1
EOZB,1
FOZB,1
GOZB,1
HOZB,1
IOZB,1
JOZB,1
KOZB,1
LOZB,1
MOZB,1
NOZB,1
OOZB,1
POZB,1
QOZB,1
ROZB,1
SOZB,1
TOZB,0
UOZB,1
VOZB,1
WOZB,0
XOZB,1
YOZB,1
ZOZB,1
APZB,1
BPZB,1
CPZB,1
DPZB,1
EPZB,0
FPZB,1
GPZB,1
HPZB,1
IPZB,1
JPZB,1
KPZB,1
LPZB,1
MPZB,1
NPZB,1
OPZB,1
PPZB,0
QPZB,0
RPZB,1
SPZB,1
TPZB,1
UPZB,1
VPZB,1
WPZB,1
XPZB,1
YPZB,0
ZPZB,0
AQZB,0
BQZB,0
CQZB,0
DQZB,0
EQZB,0
FQZB,0
GQZB,0
HQZB,1
IQZB,1
JQZB,1
KQZB,1
LQZB,1
MQZB,0
NQZB,1
OQZB,1
PQZB,1
QQZB,1
RQZB,1
SQZB,1
TQZB,1
UQZB,1
VQZB,1
WQZB,1
XQZB,1
YQZB,1
ZQZB,1
ARZB,1
BRZB,1
CRZB,1
DRZB,1
ERZB,1
FRZB,1
GRZB,1
HRZB,0
IRZB,1
JRZB,1
KRZB,1
LRZB,1
MRZB,1
NRZB,1
ORZB,1
PRZB,1
QRZB,0
RRZB,1
SRZB,0
TRZB,1
URZB,1
VRZB,0
WRZB,1
XRZB,1
YRZB,0
ZRZB,1
ASZB,1
BSZB,1
CSZB,1
DSZB,1
ESZB,1
FSZB,1
GSZB,1
HSZB,1
ISZB,1
JSZB,1
KSZB,1
LSZB,1
MSZB,0
NSZB,1
OSZB,1
PSZB,1
QSZB,1
RSZB,1
SSZB,1
TSZB,1
USZB,1
VSZB,1
WSZB,1
XSZB,0
YSZB,1
ZSZB,1
ATZB,1
BTZB,1
CTZB,1
DTZB,0
ETZB,1
FTZB,1
GTZB,0
HTZB,1
ITZB,1
JTZB,1
KTZB,1
LTZB,1
MTZB,1
NTZB,1
OTZB,0
PTZB,1
QTZB,1
RTZB,0
STZB,1
TTZB,1
UTZB,1
VTZB,1
WTZB,1
XTZB,0
YTZB,1
ZTZB,1
AUZB,1
BUZB,1
CUZB,1
DUZB,1
EUZB,1
FUZB,1
GUZB,1
HUZB,1
IUZB,1
JUZB,1
KUZB,0
LUZB,1
MUZB,0
NUZB,0
OUZB,0
PUZB,0
QUZB,0
RUZB,0
SUZB,0
TUZB,0
UUZB,0
VUZB,0
WUZB,0
XUZB,0
YUZB,0
ZUZB,0
AVZB,0
BVZB,0
CVZB,0
DVZB,0
EVZB,0
FVZB,0
GVZB,0
HVZB,0
IVZB,0
JVZB,0
KVZB,0
LVZB,0
MVZB,0
NVZB,0
OVZB,0
PVZB,0
QVZB,0
RVZB,0
SVZB,0
TVZB,0
UVZB,0
VVZB,0
WVZB,0
XVZB,1
YVZB,0
ZVZB,0
AWZB,0
BWZB,1
CWZB,1
DWZB,1
EWZB,1
FWZB,1
GWZB,1
HWZB,1
IWZB,1
JWZB,1
KWZB,1
LWZB,1
MWZB,1
NWZB,1
OWZB,1
PWZB,1
QWZB,1
RWZB,1
SWZB,1
TWZB,1
UWZB,1
VWZB,1
WWZB,1
XWZB,0
YWZB,1
ZWZB,1
AXZB,1
BXZB,1
CXZB,1
DXZB,1
EXZB,1
FXZB,1
GXZB,1
HXZB,0
IXZB,1
JXZB,1
KXZB,1
LXZB,1
MXZB,1
NXZB,1
OXZB,1
PXZB,1
QXZB,1
RXZB,1
SXZB,1
TXZB,1
UXZB,1
VXZB,1
WXZB,1
XXZB,1
YXZB,0
ZXZB,1
AYZB,1
BYZB,1
CYZB,1
DYZB,1
EYZB,1
FYZB,1
GYZB,1
HYZB,0
IYZB,0
JYZB,1
KYZB,1
LYZB,1
MYZB,0
NYZB,1
OYZB,1
PYZB,1
QYZB,1
RYZB,0
SYZB,1
TYZB,1
UYZB,1
VYZB,1
WYZB,1
XYZB,0
YYZB,1
ZYZB,0
AZZB,1
BZZB,1
CZZB,1
DZZB,1
EZZB,1
FZZB,1
GZZB,1
HZZB,0
IZZB,1
JZZB,1
KZZB,1
LZZB,1
MZZB,1
NZZB,1
OZZB,1
PZZB,1
QZZB,1
RZZB,0
SZZB,1
TZZB,1
UZZB,1
VZZB,0
WZZB,1
XZZB,1
YZZB,1
ZZZB,0
AAAC,1
BAAC,0
CAAC,1
DAAC,1
EAAC,1
FAAC,1
GAAC,1
HAAC,1
IAAC,0
JAAC,1
KAAC,1
LAAC,1
MAAC,1
NAAC,1
OAAC,1
PAAC,1
QAAC,1
RAAC,1
SAAC,1
TAAC,1
UAAC,1
VAAC,1
WAAC,1
XAAC,1
YAAC,0
ZAAC,1
ABAC,1
BBAC,1
CBAC,1
DBAC,1
EBAC,1
FBAC,1
GBAC,0
HBAC,0
IBAC,1
JBAC,1
KBAC,1
LBAC,1
MBAC,1
NBAC,1
OBAC,1
PBAC,1
QBAC,1
RBAC,1
SBAC,1
TBAC,1
UBAC,0
VBAC,1
WBAC,1
XBAC,1
YBAC,1
ZBAC,1
ACAC,0
BCAC,1
CCAC,1
DCAC,1
ECAC,0
FCAC,1
GCAC,1
HCAC,1
ICAC,1
JCAC,1
KCAC,1
LCAC,1
MCAC,1
NCAC,1
OCAC,1
PCAC,0
QCAC,1
RCAC,1
SCAC,1
TCAC,1
UCAC,1
VCAC,1
WCAC,1
XCAC,0
YCAC,0
ZCAC,0
ADAC,0
BDAC,0
CDAC,0
DDAC,0
EDAC,0
FDAC,0
GDAC,1
HDAC,1
IDAC,1
JDAC,1
KDAC,1
LDAC,1
MDAC,1
NDAC,1
ODAC,1
PDAC,1
QDAC,1
RDAC,1
SDAC,1
TDAC,0
UDAC,1
VDAC,1
WDAC,1
XDAC,0
YDAC,1
ZDAC,1
AEAC,1
BEAC,1
CEAC,1
DEAC,1
EEAC,1
FEAC,0
GEAC,1
HEAC,1
IEAC,1
JEAC,1
KEAC,1
LEAC,0
MEAC,1
NEAC,1
OEAC,1
PEAC,0
QEAC,0
REAC,0
SEAC,0
TEAC,0
UEAC,0
VEAC,0
WEAC,1
XEAC,0
YEAC,1
ZEAC,0
AFAC,1
BFAC,1
CFAC,1
DFAC,1
EFAC,1
FFAC,1
GFAC,1
HFAC,1
IFAC,1
JFAC,1
KFAC,0
LFAC,0
MFAC,0
NFAC,1
OFAC,1
PFAC,1
QFAC,1
RFAC,1
SFAC,1
TFAC,1
UFAC,1
VFAC,1
WFAC,0
XFAC,1
YFAC,1
ZFAC,1
AGAC,1
BGAC,1
CGAC,1
DGAC,1
EGAC,1
FGAC,1
GGAC,1
HGAC,1
IGAC,1
JGAC,1
KGAC,1
LGAC,1
MGAC,1
NGAC,1
OGAC,0
PGAC,1
QGAC,1
RGAC,1
SGAC,1
TGAC,1
UGAC,1
VGAC,1
WGAC,1
XGAC,1
YGAC,1
ZGAC,1
AHAC,1
BHAC,1
CHAC,1
DHAC,1
EHAC,1
FHAC,1
GHAC,1
HHAC,0
IHAC,1
JHAC,1
KHAC,1
LHAC,0
MHAC,1
NHAC,0
OHAC,0
PHAC,1
QHAC,1
RHAC,0
SHAC,1
THAC,1
UHAC,1
VHAC,1
WHAC,1
XHAC,1
YHAC,1
ZHAC,1
AIAC,1
BIAC,1
CIAC,1
DIAC,1
EIAC,1
FIAC,1
GIAC,1
HIAC,1
IIAC,1
JIAC,1
KIAC,1
LIAC,1
MIAC,1
NIAC,1
OIAC,1
PIAC,1
QIAC,1
RIAC,1
SIAC,1
TIAC,1
UIAC,1
VIAC,0
WIAC,1
XIAC,0
YIAC,0
ZIAC,0
AJAC,0
BJAC,0
CJAC,0
DJAC,0
EJAC,0
FJAC,0
GJAC,0
HJAC,0
IJAC,0
JJAC,0
KJAC,0
LJAC,0
MJAC,0
NJAC,0
OJAC,0
PJAC,0
QJAC,0
RJAC,0
SJAC,0
TJAC,0
UJAC,0
VJAC,0
WJAC,0
XJAC,0
YJAC,0
ZJAC,0
AKAC,0
BKAC,0
CKAC,0
DKAC,0
EKAC,0
FKAC,0
GKAC,0
HKAC,0
IKAC,0
JKAC,0
KKAC,0
LKAC,0
MKAC,0
NKAC,0
OKAC,1
PKAC,0
QKAC,1
RKAC,1
SKAC,1
TKAC,1
UKAC,1
VKAC,1
WKAC,1
XKAC,1
YKAC,1
ZKAC,1
ALAC,1
BLAC,1
CLAC,0
DLAC,0
ELAC,0
FLAC,1
GLAC,1
HLAC,1
ILAC,0
JLAC,1
KLAC,1
LLAC,1
MLAC,1
NLAC,1
OLAC,1
PLAC,1
QLAC,1
RLAC,1
SLAC,1
TLAC,1
ULAC,1
VLAC,1
WLAC,1
XLAC,1
YLAC,1
ZLAC,1
AMAC,1
BMAC,1
CMAC,1
DMAC,1
EMAC,0
FMAC,1
GMAC,1
HMAC,1
IMAC,1
JMAC,0
KMAC,1
LMAC,1
MMAC,0
NMAC,1
OMAC,0
PMAC,0
QMAC,1
RMAC,1
SMAC,1
TMAC,1
UMAC,1
VMAC,1
WMAC,1
XMAC,1
YMAC,1
ZMAC,0
ANAC,0
BNAC,1
CNAC,1
DNAC,1
ENAC,1
FNAC,1
GNAC,1
HNAC,1
INAC,1
JNAC,1
KNAC,0
LNAC,1
MNAC,1
NNAC,1
ONAC,1
PNAC,1
QNAC,1
RNAC,1
SNAC,1
TNAC,1
UNAC,1
VNAC,1
WNAC,1
XNAC,1
YNAC,1
ZNAC,1
AOAC,1
BOAC,1
COAC,1
DOAC,1
EOAC,1
FOAC,0
GOAC,1
HOAC,1
IOAC,1
JOAC,1
KOAC,0
LOAC,0
MOAC,0
NOAC,0
OOAC,0
POAC,0
QOAC,0
ROAC,0
SOAC,0
TOAC,0
UOAC,0
VOAC,0
WOAC,0
XOAC,0
YOAC,0
ZOAC,0
APAC,0
BPAC,0
CPAC,0
DPAC,0
EPAC,0
FPAC,0
GPAC,0
HPAC,0
IPAC,0
JPAC,0
KPAC,0
LPAC,0
MPAC,0
NPAC,0
OPAC,0
PPAC,0
QPAC,0
RPAC,0
SPAC,0
TPAC,0
UPAC,0
VPAC,0
WPAC,0
XPAC,0
YPAC,0
ZPAC,0
AQAC,0
BQAC,0
CQAC,0
DQAC,0
EQAC,0
FQAC,0
GQAC,0
HQAC,0
IQAC,0
JQAC,0
KQAC,0
LQAC,1
MQAC,1
NQAC,1
OQAC,0
PQAC,1
QQAC,1
RQAC,1
SQAC,1
TQAC,1
UQAC,1
VQAC,1
WQAC,1
XQAC,0
YQAC,1
ZQAC,1
ARAC,1
BRAC,1
CRAC,1
DRAC,1
ERAC,1
FRAC,1
GRAC,1
HRAC,1
IRAC,1
JRAC,1
KRAC,1
LRAC,1
MRAC,1
NRAC,1
ORAC,1
PRAC,1
QRAC,1
RRAC,1
SRAC,1
TRAC,1
URAC,1
VRAC,1
WRAC,0
XRAC,1
YRAC,1
ZRAC,1
ASAC,1
BSAC,1
CSAC,1
DSAC,1
ESAC,0
FSAC,1
GSAC,1
HSAC,1
ISAC,0
JSAC,1
KSAC,1
LSAC,1
MSAC,1
NSAC,1
OSAC,1
PSAC,1
QSAC,1
RSAC,1
SSAC,1
TSAC,1
USAC,0
VSAC,1
WSAC,1
XSAC,1
YSAC,1
ZSAC,1
ATAC,1
BTAC,1
CTAC,1
DTAC,1
ETAC,1
FTAC,1
GTAC,1
HTAC,1
ITAC,1
JTAC,1
KTAC,1
LTAC,1
MTAC,1
NTAC,1
OTAC,0
PTAC,1
QTAC,1
RTAC,1
STAC,1
TTAC,0
UTAC,1
VTAC,1
WTAC,1
XTAC,1
YTAC,1
ZTAC,1
AUAC,1
BUAC,1
CUAC,0
DUAC,1
EUAC,1
FUAC,0
GUAC,0
HUAC,1
IUAC,1
JUAC,1
KUAC,1
LUAC,1
MUAC,0
NUAC,0
OUAC,0
PUAC,0
QUAC,0
RUAC,0
SUAC,0
TUAC,0
UUAC,0
VUAC,1
WUAC,0
XUAC,1
YUAC,1
ZUAC,1
AVAC,0
BVAC,1
CVAC,1
DVAC,1
EVAC,1
FVAC,1
GVAC,1
HVAC,1
IVAC,1
JVAC,1
KVAC,1
LVAC,1
MVAC,1
NVAC,1
OVAC,1
PVAC,1
QVAC,1
RVAC,1
SVAC,0
TVAC,1
UVAC,1
VVAC,1
WVAC,1
XVAC,1
YVAC,1
ZVAC,1
AWAC,1
BWAC,1
CWAC,1
DWAC,0
EWAC,1
FWAC,1
GWAC,1
HWAC,1
IWAC,1
JWAC,1
KWAC,1
LWAC,1
MWAC,1
NWAC,1
OWAC,1
PWAC,1
QWAC,1
RWAC,1
SWAC,1
TWAC,1
UWAC,1
VWAC,1
WWAC,1
XWAC,1
YWAC,0
ZWAC,0
AXAC,1
BXAC,1
CXAC,1
DXAC,1
EXAC,1
FXAC,1
GXAC,1
HXAC,1
IXAC,1
JXAC,1
KXAC,0
LXAC,1
MXAC,1
NXAC,1
OXAC,1
PXAC,1
QXAC,0
RXAC,1
SXAC,1
TXAC,0
UXAC,1
VXAC,1
WXAC,1
XXAC,1
YXAC,1
ZXAC,1
AYAC,1
BYAC,1
CYAC,1
DYAC,1
EYAC,1
FYAC,1
GYAC,1
HYAC,1
IYAC,1
JYAC,1
KYAC,1
LYAC,0
MYAC,1
NYAC,1
OYAC,1
PYAC,1
QYAC,1
RYAC,1
SYAC,1
TYAC,1
UYAC,1
VYAC,1
WYAC,1
XYAC,1
YYAC,1
ZYAC,1
AZAC,1
BZAC,1
CZAC,1
DZAC,1
EZAC,1
FZAC,1
GZAC,0
HZAC,0
IZAC,0
JZAC,0
KZAC,0
LZAC,1
MZAC,1
NZAC,1
OZAC,1
PZAC,1
QZAC,0
RZAC,0
SZAC,1
TZAC,1
UZAC,1
VZAC,1
WZAC,1
XZAC,1
YZAC,1
ZZAC,1
AABC,1
BABC,1
CABC,0
DABC,1
EABC,1
FABC,1
GABC,1
HABC,1
IABC,0
JABC,0
KABC,1
LABC,1
MABC,1
NABC,1
OABC,1
PABC,1
QABC,0
RABC,1
SABC,1
TABC,0
UABC,1
VABC,1
WABC,1
XABC,1
YABC,0
ZABC,1
ABBC,1
BBBC,1
CBBC,1
DBBC,0
EBBC,0
FBBC,0
GBBC,1
HBBC,0
IBBC,1
JBBC,1
KBBC,1
LBBC,1
MBBC,1
NBBC,1
OBBC,1
PBBC,0
QBBC,1
RBBC,1
SBBC,1
TBBC,1
UBBC,1
VBBC,1
WBBC,0
XBBC,1
YBBC,1
ZBBC,1
ACBC,1
BCBC,1
CCBC,1
DCBC,1
ECBC,1
FCBC,1
GCBC,1
HCBC,1
ICBC,1
JCBC,1
KCBC,1
LCBC,1
MCBC,1
NCBC,1
OCBC,1
PCBC,1
QCBC,1
RCBC,0
SCBC,1
TCBC,0
UCBC,0
VCBC,0
WCBC,0
XCBC,0
YCBC,0
ZCBC,0
ADBC,1
BDBC,1
CDBC,1
DDBC,1
EDBC,1
FDBC,1
GDBC,1
HDBC,1
IDBC,1
JDBC,1
KDBC,1
LDBC,0
MDBC,1
NDBC,1
ODBC,1
PDBC,1
QDBC,1
RDBC,1
SDBC,0
TDBC,1
UDBC,1
VDBC,1
WDBC,1
XDBC,1
YDBC,1
ZDBC,1
AEBC,1
BEBC,0
CEBC,0
DEBC,0
EEBC,0
FEBC,0
GEBC,0
HEBC,0
IEBC,0
JEBC,0
KEBC,1
LEBC,1
MEBC,0
NEBC,0
OEBC,1
PEBC,1
QEBC,1
REBC,1
SEBC,1
TEBC,1
UEBC,1
VEBC,1
WEBC,1
XEBC,1
YEBC,1
ZEBC,1
AFBC,1
BFBC,1
CFBC,0
DFBC,0
EFBC,1
FFBC,1
GFBC,0
HFBC,1
IFBC,0
JFBC,0
KFBC,1
LFBC,1
MFBC,1
NFBC,1
OFBC,1
PFBC,1
QFBC,1
RFBC,1
SFBC,1
TFBC,1
UFBC,1
VFBC,1
WFBC,1
XFBC,1
YFBC,1
ZFBC,1
AGBC,0
BGBC,0
CGBC,0
DGBC,0
EGBC,0
FGBC,0
GGBC,0
HGBC,0
IGBC,0
JGBC,0
KGBC,1
LGBC,1
MGBC,0
NGBC,0
OGBC,0
PGBC,0
QGBC,1
RGBC,1
SGBC,1
TGBC,1
UGBC,1
VGBC,1
WGBC,1
XGBC,0
YGBC,1
ZGBC,1
AHBC,1
BHBC,1
CHBC,1
DHBC,1
EHBC,1
FHBC,1
GHBC,1
HHBC,1
IHBC,1
JHBC,0
KHBC,1
LHBC,1
MHBC,1
NHBC,1
OHBC,1
PHBC,0
QHBC,1
RHBC,1
SHBC,1
THBC,1
UHBC,1
VHBC,1
WHBC,1
XHBC,1
YHBC,0
ZHBC,0
AIBC,1
BIBC,1
CIBC,0
DIBC,1
EIBC,1
FIBC,1
GIBC,1
HIBC,1
IIBC,1
JIBC,1
KIBC,1
LIBC,1
MIBC,1
NIBC,1
OIBC,1
PIBC,1
QIBC,1
RIBC,1
SIBC,1
TIBC,1
UIBC,1
VIBC,0
WIBC,1
XIBC,1
YIBC,1
ZIBC,1
AJBC,1
BJBC,1
CJBC,0
DJBC,1
EJBC,1
FJBC,0
GJBC,1
HJBC,1
IJBC,1
JJBC,1
KJBC,1
LJBC,1
MJBC,1
NJBC,1
OJBC,1
PJBC,1
QJBC,1
RJBC,1
SJBC,1
TJBC,1
UJBC,1
VJBC,1
WJBC,1
XJBC,1
YJBC,1
ZJBC,1
AKBC,1
BKBC,0
CKBC,1
DKBC,1
EKBC,1
FKBC,1
GKBC,1
HKBC,1
IKBC,1
JKBC,1
KKBC,1
LKBC,1
MKBC,1
NKBC,1
OKBC,1
PKBC,1
QKBC,0
RKBC,0
SKBC,1
TKBC,0
UKBC,1
VKBC,0
WKBC,0
XKBC,0
YKBC,0
ZKBC,0
ALBC,0
BLBC,0
CLBC,0
DLBC,0
ELBC,0
FLBC,1
GLBC,0
HLBC,0
ILBC,0
JLBC,0
KLBC,0
LLBC,0
MLBC,0
NLBC,0
OLBC,0
PLBC,0
QLBC,0
RLBC,0
SLBC,1
TLBC,0
ULBC,0
VLBC,0
WLBC,0
XLBC,0
YLBC,0
ZLBC,0
AMBC,1
BMBC,1
CMBC,1
DMBC,0
EMBC,1
FMBC,1
GMBC,1
HMBC,1
IMBC,1
JMBC,1
KMBC,1
LMBC,1
MMBC,1
NMBC,1
OMBC,1
PMBC,1
QMBC,0
RMBC,1
SMBC,1
TMBC,1
UMBC,1
VMBC,1
WMBC,1
XMBC,1
YMBC,1
ZMBC,1
ANBC,1
BNBC,1
CNBC,1
DNBC,0
ENBC,1
FNBC,1
GNBC,1
HNBC,1
INBC,1
JNBC,1
KNBC,1
LNBC,1
MNBC,1
NNBC,1
ONBC,0
PNBC,1
QNBC,1
RNBC,1
SNBC,1
TNBC,1
UNBC,1
VNBC,1
WNBC,1
XNBC,1
YNBC,1
ZNBC,1
AOBC,1
BOBC,1
COBC,1
DOBC,1
EOBC,1
FOBC,1
GOBC,1
HOBC,1
IOBC,1
JOBC,1
KOBC,1
LOBC,1
MOBC,1
NOBC,1
OOBC,1
POBC,1
QOBC,1
ROBC,1
SOBC,1
TOBC,1
UOBC,1
VOBC,1
WOBC,0
XOBC,0
YOBC,1
ZOBC,1
APBC,1
BPBC,1
CPBC,1
DPBC,1
EPBC,1
FPBC,1
GPBC,1
HPBC,0
IPBC,1
JPBC,1
KPBC,1
LPBC,1
MPBC,1
NPBC,1
OPBC,1
PPBC,1
QPBC,1
RPBC,1
SPBC,1
TPBC,1
UPBC,1
VPBC,1
WPBC,1
XPBC,0
YPBC,1
ZPBC,1
AQBC,0
BQBC,1
CQBC,1
DQBC,1
EQBC,1
FQBC,0
GQBC,0
HQBC,1
IQBC,0
JQBC,0
KQBC,0
LQBC,0
MQBC,0
NQBC,0
OQBC,0
PQBC,0
QQBC,0
RQBC,0
SQBC,0
TQBC,0
UQBC,0
VQBC,0
WQBC,0
XQBC,0
YQBC,0
ZQBC,0
ARBC,0
BRBC,0
CRBC,0
DRBC,0
ERBC,0
FRBC,0
GRBC,0
HRBC,0
IRBC,0
JRBC,0
KRBC,0
LRBC,0
MRBC,0
NRBC,0
ORBC,0
PRBC,0
QRBC,0
RRBC,0
SRBC,0
TRBC,0
URBC,0
VRBC,0
WRBC,0
XRBC,0
YRBC,0
ZRBC,0
ASBC,0
BSBC,0
CSBC,0
DSBC,0
ESBC,0
FSBC,0
GSBC,0
HSBC,0
ISBC,0
JSBC,0
KSBC,0
LSBC,0
MSBC,0
NSBC,0
OSBC,0
PSBC,0
QSBC,0
RSBC,1
SSBC,0
TSBC,1
USBC,1
VSBC,1
WSBC,1
XSBC,1
YSBC,1
ZSBC,1
ATBC,1
BTBC,1
CTBC,1
DTBC,1
ETBC,1
FTBC,1
GTBC,1
HTBC,1
ITBC,1
JTBC,1
KTBC,1
LTBC,1
MTBC,1
NTBC,1
OTBC,0
PTBC,1
QTBC,1
RTBC,1
STBC,1
TTBC,1
UTBC,1
VTBC,1
WTBC,1
XTBC,1
YTBC,1
ZTBC,1
AUBC,0
BUBC,1
CUBC,1
DUBC,1
EUBC,1
FUBC,1
GUBC,1
HUBC,1
IUBC,1
JUBC,1
KUBC,1
LUBC,0
MUBC,1
NUBC,1
OUBC,1
PUBC,1
QUBC,1
RUBC,1
SUBC,0
TUBC,1
UUBC,1
VUBC,1
WUBC,1
XUBC,1
YUBC,1
ZUBC,1
AVBC,1
BVBC,0
CVBC,1
DVBC,1
EVBC,1
FVBC,0
GVBC,1
HVBC,1
IVBC,1
JVBC,1
KVBC,1
LVBC,1
MVBC,1
NVBC,1
OVBC,1
PVBC,0
QVBC,1
RVBC,1
SVBC,1
TVBC,1
UVBC,1
VVBC,1
WVBC,1
XVBC,1
YVBC,1
ZVBC,1
AWBC,0
BWBC,1
CWBC,1
DWBC,1
EWBC,1
FWBC,1
GWBC,1
HWBC,0
IWBC,0
JWBC,0
KWBC,0
LWBC,0
MWBC,0
NWBC,0
OWBC,1
PWBC,0
QWBC,0
RWBC,0
SWBC,0
TWBC,0
UWBC,0
VWBC,0
WWBC,0
XWBC,0
YWBC,0
ZWBC,0
AXBC,0
BXBC,0
CXBC,0
DXBC,0
EXBC,0
FXBC,0
GXBC,0
HXBC,0
IXBC,0
JXBC,0
KXBC,1
LXBC,1
MXBC,1
NXBC,1
OXBC,1
PXBC,1
QXBC,1
RXBC,0
SXBC,1
TXBC,1
UXBC,1
VXBC,1
WXBC,1
XXBC,1
YXBC,1
ZXBC,1
AYBC,1
BYBC,1
CYBC,1
DYBC,1
EYBC,1
FYBC,1
GYBC,1
HYBC,0
IYBC,1
JYBC,1
KYBC,1
LYBC,1
MYBC,1
NYBC,1
OYBC,1
PYBC,1
QYBC,1
RYBC,1
SYBC,1
TYBC,1
UYBC,0
VYBC,1
WYBC,1
XYBC,1
YYBC,1
ZYBC,1
AZBC,1
BZBC,1
CZBC,1
DZBC,1
EZBC,1
FZBC,1
GZBC,1
HZBC,1
IZBC,1
JZBC,0
KZBC,1
LZBC,1
MZBC,1
NZBC,1
OZBC,1
PZBC,1
QZBC,1
RZBC,0
SZBC,1
TZBC,1
UZBC,1
VZBC,1
WZBC,1
XZBC,1
YZBC,0
ZZBC,0
AACC,1
BACC,1
CACC,1
DACC,1
EACC,1
FACC,1
GACC,1
HACC,1
IACC,1
JACC,1
KACC,1
LACC,1
MACC,1
NACC,1
OACC,1
PACC,1
QACC,1
RACC,1
SACC,1
TACC,0
UACC,1
VACC,1
WACC,1
XACC,0
YACC,1
ZACC,1
ABCC,1
BBCC,1
CBCC,1
DBCC,1
EBCC,1
FBCC,1
GBCC,1
HBCC,1
IBCC,0
JBCC,1
KBCC,1
LBCC,0
MBCC,0
NBCC,0
OBCC,0
PBCC,1
QBCC,0
RBCC,0
SBCC,1
TBCC,1
UBCC,1
VBCC,1
WBCC,1
XBCC,1
YBCC,1
ZBCC,1
ACCC,1
BCCC,1
CCCC,1
DCCC,1
ECCC,1
FCCC,1
GCCC,1
HCCC,1
ICCC,1
JCCC,1
KCCC,1
LCCC,1
MCCC,1
NCCC,1
OCCC,1
PCCC,1
QCCC,0
RCCC,1
SCCC,1
TCCC,1
UCCC,1
VCCC,1
WCCC,1
XCCC,1
YCCC,1
ZCCC,1
ADCC,1
BDCC,1
CDCC,1
DDCC,1
EDCC,1
FDCC,1
GDCC,1
HDCC,1
IDCC,1
JDCC,1
KDCC,1
LDCC,1
MDCC,1
NDCC,1
ODCC,1
PDCC,1
QDCC,1
RDCC,1
SDCC,1
TDCC,0
UDCC,1
VDCC,1
WDCC,1
XDCC,1
YDCC,1
ZDCC,1
AECC,1
BECC,1
CECC,1
DECC,1
EECC,1
FECC,0
GECC,0
HECC,1
IECC,1
JECC,1
KECC,1
LECC,0
MECC,1
NECC,1
OECC,1
PECC,1
QECC,1
RECC,1
SECC,1
TECC,1
UECC,1
VECC,1
WECC,1
XECC,1
YECC,0
ZECC,1
AFCC,1
BFCC,0
CFCC,0
DFCC,0
EFCC,0
FFCC,0
GFCC,0
HFCC,0
IFCC,0
JFCC,0
KFCC,1
LFCC,1
MFCC,1
NFCC,1
OFCC,0
PFCC,1
QFCC,1
RFCC,1
SFCC,0
TFCC,1
UFCC,1
VFCC,1
WFCC,0
XFCC,0
YFCC,0
ZFCC,0
AGCC,0
BGCC,0
CGCC,0
DGCC,0
EGCC,0
FGCC,0
GGCC,0
HGCC,0
IGCC,0
JGCC,0
KGCC,0
LGCC,0
MGCC,0
NGCC,0
OGCC,0
PGCC,0
QGCC,0
RGCC,1
SGCC,1
TGCC,1
UGCC,0
VGCC,0
WGCC,1
XGCC,1
YGCC,0
ZGCC,1
AHCC,1
BHCC,1
CHCC,1
DHCC,1
EHCC,1
FHCC,1
GHCC,0
HHCC,1
IHCC,1
JHCC,1
KHCC,0
LHCC,0
MHCC,0
NHCC,0
OHCC,0
PHCC,0
QHCC,0
RHCC,0
SHCC,0
THCC,0
UHCC,0
VHCC,1
WHCC,1
XHCC,1
YHCC,0
ZHCC,1
AICC,1
BICC,1
CICC,1
DICC,1
EICC,1
FICC,1
GICC,1
HICC,1
IICC,1
JICC,0
KICC,1
LICC,1
MICC,0
NICC,1
OICC,1
PICC,1
QICC,1
RICC,1
SICC,0
TICC,1
UICC,1
VICC,1
WICC,0
XICC,0
YICC,0
ZICC,0
AJCC,0
BJCC,0
CJCC,1
DJCC,0
EJCC,0
FJCC,0
GJCC,1
HJCC,1
IJCC,0
JJCC,1
KJCC,1
LJCC,1
MJCC,1
NJCC,0
OJCC,1
PJCC,1
QJCC,1
RJCC,1
SJCC,1
TJCC,0
UJCC,1
VJCC,1
WJCC,1
XJCC,1
YJCC,1
ZJCC,0
AKCC,1
BKCC,1
CKCC,1
DKCC,1
EKCC,1
FKCC,1
GKCC,1
HKCC,0
IKCC,0
JKCC,1
KKCC,0
LKCC,1
MKCC,1
NKCC,1
OKCC,1
PKCC,1
QKCC,1
RKCC,1
SKCC,0
TKCC,1
UKCC,1
VKCC,1
WKCC,1
XKCC,1
YKCC,1
ZKCC,1
ALCC,1
BLCC,1
CLCC,0
DLCC,1
ELCC,1
FLCC,1
GLCC,1
HLCC,1
ILCC,1
JLCC,0
KLCC,1
LLCC,1
MLCC,1
NLCC,1
OLCC,1
PLCC,1
QLCC,1
RLCC,1
SLCC,1
TLCC,1
ULCC,1
VLCC,1
WLCC,1
XLCC,1
YLCC,1
ZLCC,1
AMCC,1
BMCC,1
CMCC,1
DMCC,1
EMCC,1
FMCC,1
GMCC,1
HMCC,1
IMCC,1
JMCC,1
KMCC,1
LMCC,1
MMCC,1
NMCC,1
OMCC,1
PMCC,1
QMCC,1
RMCC,1
SMCC,1
TMCC,0
UMCC,0
VMCC,0
WMCC,0
XMCC,0
YMCC,0
ZMCC,0
ANCC,0
BNCC,0
CNCC,0
DNCC,0
ENCC,0
FNCC,0
GNCC,0
HNCC,0
INCC,0
JNCC,0
KNCC,0
LNCC,0
MNCC,0
NNCC,0
ONCC,0
PNCC,0
QNCC,0
RNCC,0
SNCC,0
TNCC,0
UNCC,0
VNCC,0
WNCC,0
XNCC,1
YNCC,1
ZNCC,1
AOCC,1
BOCC,1
COCC,0
DOCC,0
EOCC,0
FOCC,0
GOCC,0
HOCC,1
IOCC,1
JOCC,1
KOCC,1
LOCC,1
MOCC,1
NOCC,1
OOCC,1
POCC,0
QOCC,1
ROCC,1
SOCC,1
TOCC,1
UOCC,1
VOCC,0
WOCC,1
XOCC,1
YOCC,1
ZOCC,1
APCC,1
BPCC,1
CPCC,1
DPCC,1
EPCC,1
FPCC,1
GPCC,1
HPCC,0
IPCC,1
JPCC,1
KPCC,0
LPCC,1
MPCC,1
NPCC,1
OPCC,0
PPCC,1
QPCC,1
RPCC,1
SPCC,1
TPCC,1
UPCC,1
VPCC,1
WPCC,1
XPCC,1
YPCC,1
ZPCC,1
AQCC,0
BQCC,1
CQCC,1
DQCC,1
EQCC,1
FQCC,0
GQCC,1
HQCC,1
IQCC,1
JQCC,0
KQCC,0
LQCC,1
MQCC,1
NQCC,1
OQCC,1
PQCC,1
QQCC,1
RQCC,1
SQCC,1
TQCC,1
UQCC,1
VQCC,1
WQCC,1
XQCC,1
YQCC,0
ZQCC,1
ARCC,1
BRCC,1
CRCC,1
DRCC,1
ERCC,1
FRCC,1
GRCC,1
HRCC,1
IRCC,1
JRCC,1
KRCC,1
LRCC,1
MRCC,0
NRCC,0
ORCC,1
PRCC,1
QRCC,1
RRCC,1
SRCC,1
TRCC,1
URCC,1
VRCC,1
WRCC,1
XRCC,1
YRCC,1
ZRCC,1
ASCC,1
BSCC,1
CSCC,0
DSCC,1
ESCC,1
FSCC,1
GSCC,0
HSCC,0
ISCC,0
JSCC,0
KSCC,0
LSCC,0
MSCC,0
NSCC,0
OSCC,0
PSCC,0
QSCC,0
RSCC,0
SSCC,0
TSCC,0
USCC,0
VSCC,0
WSCC,0
XSCC,0
YSCC,0
ZSCC,0
ATCC,0
BTCC,0
CTCC,0
DTCC,1
ETCC,0
FTCC,0
GTCC,0
HTCC,0
ITCC,0
JTCC,0
KTCC,0
LTCC,0
MTCC,0
NTCC,0
OTCC,0
PTCC,0
QTCC,0
RTCC,0
STCC,0
TTCC,0
UTCC,0
VTCC,0
WTCC,0
XTCC,1
YTCC,1
ZTCC,1
AUCC,1
BUCC,0
CUCC,0
DUCC,1
EUCC,1
FUCC,1
GUCC,0
HUCC,0
IUCC,1
JUCC,1
KUCC,1
LUCC,1
MUCC,0
NUCC,1
OUCC,1
PUCC,1
QUCC,1
RUCC,1
SUCC,1
TUCC,1
UUCC,1
VUCC,1
WUCC,1
XUCC,1
YUCC,1
ZUCC,1
AVCC,0
BVCC,1
CVCC,1
DVCC,1
EVCC,1
FVCC,1
GVCC,1
HVCC,1
IVCC,1
JVCC,0
KVCC,1
LVCC,1
MVCC,1
NVCC,1
OVCC,1
PVCC,1
QVCC,1
RVCC,1
SVCC,1
TVCC,1
UVCC,1
VVCC,1
WVCC,1
XVCC,1
YVCC,1
ZVCC,1
AWCC,1
BWCC,1
CWCC,0
DWCC,1
EWCC,1
FWCC,1
GWCC,1
HWCC,0
IWCC,1
JWCC,0
KWCC,1
LWCC,1
MWCC,1
NWCC,1
OWCC,1
PWCC,1
QWCC,1
RWCC,1
SWCC,1
TWCC,1
UWCC,1
VWCC,0
WWCC,0
XWCC,1
YWCC,0
ZWCC,1
AXCC,1
BXCC,0
CXCC,0
DXCC,0
EXCC,0
FXCC,0
GXCC,0
HXCC,1
IXCC,0
JXCC,1
KXCC,1
LXCC,1
MXCC,1
NXCC,1
OXCC,1
PXCC,1
QXCC,1
RXCC,1
SXCC,1
TXCC,1
UXCC,1
VXCC,1
WXCC,1
XXCC,1
YXCC,1
ZXCC,1
AYCC,1
BYCC,1
CYCC,0
DYCC,1
EYCC,1
FYCC,0
GYCC,1
HYCC,1
IYCC,1
JYCC,0
KYCC,1
LYCC,1
MYCC,1
NYCC,1
OYCC,0
PYCC,1
QYCC,1
RYCC,1
SYCC,0
TYCC,1
UYCC,1
VYCC,1
WYCC,0
XYCC,1
YYCC,1
ZYCC,1
AZCC,1
BZCC,1
CZCC,1
DZCC,1
EZCC,1
FZCC,1
GZCC,0
HZCC,1
IZCC,1
JZCC,1
KZCC,1
LZCC,1
MZCC,1
NZCC,1
OZCC,1
PZCC,1
QZCC,1
RZCC,1
SZCC,1
TZCC,0
UZCC,1
VZCC,1
WZCC,1
XZCC,1
YZCC,1
ZZCC,1
AADC,0
BADC,1
CADC,1
DADC,1
EADC,1
FADC,1
GADC,1
HADC,1
IADC,1
JADC,1
KADC,1
LADC,1
MADC,1
NADC,1
OADC,1
PADC,1
QADC,1
RADC,1
SADC,1
TADC,1
UADC,1
VADC,1
WADC,1
XADC,1
YADC,1
ZADC,1
ABDC,1
BBDC,1
CBDC,1
DBDC,1
EBDC,1
FBDC,0
GBDC,1
HBDC,0
IBDC,1
JBDC,1
KBDC,1
LBDC,1
MBDC,1
NBDC,1
OBDC,1
PBDC,1
QBDC,1
RBDC,0
SBDC,1
TBDC,1
UBDC,0
VBDC,0
WBDC,0
XBDC,1
YBDC,0
ZBDC,0
ACDC,0
BCDC,0
CCDC,0
DCDC,0
ECDC,1
FCDC,1
GCDC,1
HCDC,1
ICDC,0
JCDC,1
KCDC,1
LCDC,1
MCDC,0
NCDC,0
OCDC,0
PCDC,1
QCDC,0
RCDC,1
SCDC,1
TCDC,1
UCDC,1
VCDC,1
WCDC,1
XCDC,1
YCDC,1
ZCDC,1
ADDC,1
BDDC,1
CDDC,1
DDDC,1
EDDC,1
FDDC,1
GDDC,1
HDDC,1
IDDC,0
JDDC,1
KDDC,1
LDDC,1
MDDC,1
NDDC,1
ODDC,1
PDDC,1
QDDC,1
RDDC,1
SDDC,1
TDDC,1
UDDC,1
VDDC,1
WDDC,1
XDDC,1
YDDC,1
ZDDC,1
AEDC,1
BEDC,1
CEDC,1
DEDC,0
EEDC,1
FEDC,0
GEDC,0
HEDC,0
IEDC,1
JEDC,1
KEDC,1
LEDC,1
MEDC,1
NEDC,1
OEDC,1
PEDC,1
QEDC,0
REDC,1
SEDC,1
TEDC,1
UEDC,1
VEDC,1
WEDC,1
XEDC,1
YEDC,1
ZEDC,1
AFDC,1
BFDC,1
CFDC,0
DFDC,0
EFDC,0
FFDC,0
GFDC,1
HFDC,1
IFDC,1
JFDC,0
KFDC,0
LFDC,1
MFDC,1
NFDC,1
OFDC,1
PFDC,1
QFDC,1
RFDC,1
SFDC,1
TFDC,1
UFDC,0
VFDC,0
WFDC,0
XFDC,0
YFDC,0
ZFDC,0
AGDC,0
BGDC,0
CGDC,0
DGDC,0
EGDC,0
FGDC,0
GGDC,1
HGDC,1
IGDC,1
JGDC,1
KGDC,1
LGDC,1
MGDC,1
NGDC,1
OGDC,1
PGDC,1
QGDC,1
RGDC,0
SGDC,0
TGDC,0
UGDC,1
VGDC,1
WGDC,1
XGDC,1
YGDC,1
ZGDC,1
AHDC,1
BHDC,1
CHDC,1
DHDC,1
EHDC,1
FHDC,1
GHDC,1
HHDC,1
IHDC,1
JHDC,1
KHDC,1
LHDC,1
MHDC,0
NHDC,0
OHDC,0
PHDC,0
QHDC,0
RHDC,0
SHDC,0
THDC,1
UHDC,0
VHDC,1
WHDC,1
XHDC,1
YHDC,1
ZHDC,1
AIDC,1
BIDC,1
CIDC,0
DIDC,1
EIDC,1
FIDC,1
GIDC,1
HIDC,1
IIDC,1
JIDC,1
KIDC,1
LIDC,1
MIDC,1
NIDC,0
OIDC,1
PIDC,1
QIDC,1
RIDC,1
SIDC,1
TIDC,1
UIDC,1
VIDC,1
WIDC,1
XIDC,1
YIDC,1
ZIDC,1
AJDC,1
BJDC,1
CJDC,1
DJDC,1
EJDC,1
FJDC,0
GJDC,1
HJDC,1
IJDC,1
JJDC,1
KJDC,1
LJDC,1
MJDC,1
NJDC,1
OJDC,1
PJDC,1
QJDC,1
RJDC,1
SJDC,1
TJDC,1
UJDC,1
VJDC,1
WJDC,1
XJDC,1
YJDC,0
ZJDC,1
AKDC,1
BKDC,1
CKDC,1
DKDC,1
EKDC,1
FKDC,1
GKDC,1
HKDC,0
IKDC,1
JKDC,1
KKDC,0
LKDC,1
MKDC,1
NKDC,1
OKDC,1
PKDC,1
QKDC,1
RKDC,1
SKDC,1
TKDC,1
UKDC,1
VKDC,1
WKDC,0
XKDC,1
YKDC,1
ZKDC,1
ALDC,1
BLDC,1
CLDC,1
DLDC,1
ELDC,1
FLDC,1
GLDC,1
HLDC,1
ILDC,1
JLDC,1
KLDC,1
LLDC,1
MLDC,1
NLDC,1
OLDC,1
PLDC,1
QLDC,1
RLDC,1
SLDC,1
TLDC,1
ULDC,1
VLDC,1
WLDC,0
XLDC,0
YLDC,1
ZLDC,1
AMDC,1
BMDC,0
CMDC,0
DMDC,0
EMDC,0
FMDC,0
GMDC,0
HMDC,0
IMDC,0
JMDC,0
KMDC,0
LMDC,0
MMDC,0
NMDC,1
OMDC,0
PMDC,0
QMDC,0
RMDC,0
SMDC,0
TMDC,0
UMDC,0
VMDC,0
WMDC,0
XMDC,0
YMDC,0
ZMDC,0
ANDC,0
BNDC,0
CNDC,0
DNDC,0
ENDC,0
FNDC,0
GNDC,1
HNDC,0
INDC,0
JNDC,0
KNDC,0
LNDC,0
MNDC,0
NNDC,0
ONDC,0
PNDC,1
QNDC,0
RNDC,1
SNDC,1
TNDC,1
UNDC,1
VNDC,1
WNDC,1
XNDC,1
YNDC,1
ZNDC,1
AODC,1
BODC,1
CODC,1
DODC,1
EODC,1
FODC,1
GODC,1
HODC,1
IODC,1
JODC,1
KODC,1
LODC,1
MODC,1
NODC,1
OODC,1
PODC,1
QODC,0
RODC,1
SODC,1
TODC,1
UODC,1
VODC,1
WODC,1
XODC,1
YODC,1
ZODC,1
APDC,1
BPDC,1
CPDC,1
DPDC,1
EPDC,1
FPDC,1
GPDC,1
HPDC,0
IPDC,1
JPDC,1
KPDC,1
LPDC,1
MPDC,1
NPDC,1
OPDC,1
PPDC,1
QPDC,1
RPDC,1
SPDC,1
TPDC,0
UPDC,1
VPDC,1
WPDC,1
XPDC,1
YPDC,1
ZPDC,1
AQDC,0
BQDC,1
CQDC,1
DQDC,1
EQDC,1
FQDC,0
GQDC,1
HQDC,1
IQDC,1
JQDC,1
KQDC,0
LQDC,0
MQDC,1
NQDC,1
OQDC,1
PQDC,1
QQDC,1
RQDC,0
SQDC,1
TQDC,1
UQDC,0
VQDC,1
WQDC,1
XQDC,0
YQDC,0
ZQDC,1
ARDC,1
BRDC,1
CRDC,1
DRDC,1
ERDC,1
FRDC,1
GRDC,1
HRDC,1
IRDC,1
JRDC,1
KRDC,1
LRDC,1
MRDC,0
NRDC,0
ORDC,1
PRDC,0
QRDC,0
RRDC,0
SRDC,0
TRDC,0
URDC,0
VRDC,0
WRDC,0
XRDC,0
YRDC,0
ZRDC,0
ASDC,0
BSDC,0
CSDC,0
DSDC,0
ESDC,0
FSDC,0
GSDC,0
HSDC,0
ISDC,0
JSDC,0
KSDC,0
LSDC,0
MSDC,0
NSDC,0
OSDC,0
PSDC,0
QSDC,0
RSDC,0
SSDC,0
TSDC,0
USDC,0
VSDC,0
WSDC,0
XSDC,0
YSDC,0
ZSDC,0
ATDC,0
BTDC,0
CTDC,0
DTDC,0
ETDC,0
FTDC,0
GTDC,0
HTDC,0
ITDC,1
JTDC,0
KTDC,1
LTDC,1
MTDC,0
NTDC,0
OTDC,1
PTDC,0
QTDC,1
RTDC,1
STDC,1
TTDC,1
UTDC,1
VTDC,1
WTDC,1
XTDC,1
YTDC,1
ZTDC,1
AUDC,1
BUDC,1
CUDC,1
DUDC,1
EUDC,0
FUDC,0
GUDC,1
HUDC,1
IUDC,1
JUDC,1
KUDC,0
LUDC,1
MUDC,1
NUDC,0
OUDC,1
PUDC,1
QUDC,1
RUDC,0
SUDC,0
TUDC,0
UUDC,1
VUDC,1
WUDC,0
XUDC,1
YUDC,1
ZUDC,1
AVDC,1
BVDC,1
CVDC,1
DVDC,1
EVDC,1
FVDC,1
GVDC,1
HVDC,1
IVDC,0
JVDC,1
KVDC,1
LVDC,0
MVDC,1
NVDC,1
OVDC,1
PVDC,1
QVDC,1
RVDC,1
SVDC,1
TVDC,1
UVDC,1
VVDC,0
WVDC,1
XVDC,1
YVDC,0
ZVDC,1
AWDC,1
BWDC,1
CWDC,1
DWDC,0
EWDC,0
FWDC,0
GWDC,0
HWDC,0
IWDC,0
JWDC,0
KWDC,0
LWDC,1
MWDC,0
NWDC,1
OWDC,0
PWDC,1
QWDC,1
RWDC,1
SWDC,1
TWDC,1
UWDC,1
VWDC,1
WWDC,1
XWDC,1
YWDC,1
ZWDC,1
AXDC,1
BXDC,1
CXDC,1
DXDC,1
EXDC,1
FXDC,1
GXDC,1
HXDC,1
IXDC,1
JXDC,1
KXDC,1
LXDC,1
MXDC,1
NXDC,1
OXDC,1
PXDC,1
QXDC,1
RXDC,1
SXDC,1
TXDC,1
UXDC,1
VXDC,1
WXDC,1
XXDC,1
YXDC,1
ZXDC,1
AYDC,1
BYDC,1
CYDC,1
DYDC,1
EYDC,1
FYDC,1
GYDC,1
HYDC,1
IYDC,1
JYDC,1
KYDC,1
LYDC,1
MYDC,1
NYDC,1
OYDC,1
PYDC,1
QYDC,1
RYDC,1
SYDC,1
TYDC,0
UYDC,1
VYDC,1
WYDC,1
XYDC,1
YYDC,1
ZYDC,1
AZDC,1
BZDC,1
CZDC,1
DZDC,0
EZDC,1
FZDC,1
GZDC,1
HZDC,1
IZDC,1
JZDC,1
KZDC,1
LZDC,1
MZDC,1
NZDC,1
OZDC,0
PZDC,1
QZDC,1
RZDC,1
SZDC,1
TZDC,1
UZDC,0
VZDC,1
WZDC,1
XZDC,1
YZDC,1
ZZDC,1
AAEC,1
BAEC,1
CAEC,1
DAEC,1
EAEC,0
FAEC,0
GAEC,1
HAEC,0
IAEC,0
JAEC,0
KAEC,1
LAEC,0
MAEC,0
NAEC,0
OAEC,0
PAEC,1
QAEC,1
RAEC,1
SAEC,1
TAEC,1
UAEC,1
VAEC,1
WAEC,1
XAEC,1
YAEC,1
ZAEC,1
ABEC,1
BBEC,1
CBEC,0
DBEC,1
EBEC,1
FBEC,1
GBEC,1
HBEC,1
IBEC,1
JBEC,1
KBEC,0
LBEC,1
MBEC,0
NBEC,1
OBEC,1
PBEC,1
QBEC,1
RBEC,1
SBEC,1
TBEC,1
UBEC,1
VBEC,1
WBEC,1
XBEC,1
YBEC,1
ZBEC,1
ACEC,1
BCEC,1
CCEC,1
DCEC,0
ECEC,1
FCEC,1
GCEC,0
HCEC,1
ICEC,1
JCEC,1
KCEC,1
LCEC,1
MCEC,1
NCEC,1
OCEC,1
PCEC,1
QCEC,1
RCEC,1
SCEC,1
TCEC,1
UCEC,1
VCEC,1
WCEC,1
XCEC,0
YCEC,1
ZCEC,1
ADEC,1
BDEC,1
CDEC,1
DDEC,1
EDEC,1
FDEC,1
GDEC,1
HDEC,1
IDEC,1
JDEC,1
KDEC,1
LDEC,1
MDEC,1
NDEC,1
ODEC,0
PDEC,0
QDEC,1
RDEC,0
SDEC,0
TDEC,0
UDEC,1
VDEC,1
WDEC,1
XDEC,1
YDEC,1
ZDEC,1
AEEC,1
BEEC,1
CEEC,0
DEEC,1
EEEC,1
FEEC,1
GEEC,1
HEEC,1
IEEC,0
JEEC,1
KEEC,1
LEEC,1
MEEC,0
NEEC,0
OEEC,0
PEEC,0
QEEC,0
REEC,0
SEEC,1
TEEC,1
UEEC,0
VEEC,1
WEEC,1
XEEC,1
YEEC,1
ZEEC,1
AFEC,1
BFEC,1
CFEC,1
DFEC,1
EFEC,1
FFEC,1
GFEC,1
HFEC,0
IFEC,1
JFEC,1
KFEC,1
LFEC,1
MFEC,1
NFEC,1
OFEC,0
PFEC,0
QFEC,0
RFEC,0
SFEC,0
TFEC,0
UFEC,0
VFEC,0
WFEC,0
XFEC,0
YFEC,0
ZFEC,0
AGEC,0
BGEC,0
CGEC,0
DGEC,1
EGEC,1
FGEC,1
GGEC,0
HGEC,1
IGEC,1
JGEC,1
KGEC,1
LGEC,1
MGEC,1
NGEC,1
OGEC,1
PGEC,1
QGEC,1
RGEC,1
SGEC,1
TGEC,1
UGEC,1
VGEC,1
WGEC,0
XGEC,0
YGEC,1
ZGEC,0
AHEC,1
BHEC,1
CHEC,1
DHEC,1
EHEC,1
FHEC,0
GHEC,0
HHEC,0
IHEC,0
JHEC,0
KHEC,0
LHEC,0
MHEC,0
NHEC,0
OHEC,1
PHEC,1
QHEC,1
RHEC,1
SHEC,1
THEC,1
UHEC,1
VHEC,1
WHEC,1
XHEC,1
YHEC,1
ZHEC,0
AIEC,1
BIEC,1
CIEC,0
DIEC,1
EIEC,1
FIEC,1
GIEC,0
HIEC,1
IIEC,1
JIEC,1
KIEC,1
LIEC,1
MIEC,1
NIEC,1
OIEC,1
PIEC,1
QIEC,1
RIEC,0
SIEC,1
TIEC,1
UIEC,1
VIEC,1
WIEC,1
XIEC,1
YIEC,1
ZIEC,1
AJEC,1
BJEC,1
CJEC,1
DJEC,0
EJEC,1
FJEC,1
GJEC,1
HJEC,1
IJEC,1
JJEC,1
KJEC,1
LJEC,1
MJEC,1
NJEC,1
OJEC,1
PJEC,1
QJEC,1
RJEC,1
SJEC,1
TJEC,1
UJEC,1
VJEC,1
WJEC,1
XJEC,0
YJEC,1
ZJEC,0
AKEC,1
BKEC,1
CKEC,1
DKEC,1
EKEC,1
FKEC,1
GKEC,1
HKEC,1
IKEC,1
JKEC,1
KKEC,0
LKEC,1
MKEC,1
NKEC,1
OKEC,1
PKEC,1
QKEC,1
RKEC,1
SKEC,1
TKEC,1
UKEC,1
VKEC,0
WKEC,1
XKEC,1
YKEC,1
ZKEC,1
ALEC,1
BLEC,1
CLEC,1
DLEC,0
ELEC,0
FLEC,0
GLEC,0
HLEC,0
ILEC,0
JLEC,0
KLEC,0
LLEC,0
MLEC,0
NLEC,0
OLEC,0
PLEC,0
QLEC,0
RLEC,0
SLEC,0
TLEC,0
ULEC,0
VLEC,0
WLEC,0
XLEC,0
YLEC,0
ZLEC,0
AMEC,0
BMEC,0
CMEC,0
DMEC,0
EMEC,0
FMEC,0
GMEC,0
HMEC,0
IMEC,0
JMEC,0
KMEC,0
LMEC,0
MMEC,0
NMEC,0
OMEC,0
PMEC,0
QMEC,0
RMEC,0
SMEC,0
TMEC,0
UMEC,1
VMEC,1
WMEC,1
XMEC,1
YMEC,1
ZMEC,1
ANEC,1
BNEC,1
CNEC,1
DNEC,1
ENEC,1
FNEC,1
GNEC,1
HNEC,0
INEC,1
JNEC,1
KNEC,1
LNEC,1
MNEC,0
NNEC,1
ONEC,0
PNEC,1
QNEC,1
RNEC,1
SNEC,1
TNEC,1
UNEC,0
VNEC,1
WNEC,1
XNEC,1
YNEC,1
ZNEC,1
AOEC,1
BOEC,1
COEC,1
DOEC,1
EOEC,1
FOEC,1
GOEC,1
HOEC,1
IOEC,1
JOEC,1
KOEC,1
LOEC,1
MOEC,1
NOEC,1
OOEC,1
POEC,1
QOEC,1
ROEC,1
SOEC,1
TOEC,1
UOEC,1
VOEC,0
WOEC,0
XOEC,1
YOEC,0
ZOEC,1
APEC,1
BPEC,1
CPEC,1
DPEC,1
EPEC,1
FPEC,1
GPEC,1
HPEC,1
IPEC,0
JPEC,1
KPEC,1
LPEC,1
MPEC,1
NPEC,1
OPEC,1
PPEC,1
QPEC,1
RPEC,1
SPEC,1
TPEC,1
UPEC,1
VPEC,0
WPEC,0
XPEC,1
YPEC,1
ZPEC,1
AQEC,0
BQEC,1
CQEC,1
DQEC,1
EQEC,0
FQEC,1
GQEC,1
HQEC,1
IQEC,1
JQEC,1
KQEC,1
LQEC,1
MQEC,0
NQEC,0
OQEC,0
PQEC,0
QQEC,0
RQEC,0
SQEC,0
TQEC,0
UQEC,0
VQEC,0
WQEC,0
XQEC,0
YQEC,0
ZQEC,0
AREC,0
BREC,0
CREC,0
DREC,0
EREC,0
FREC,0
GREC,0
HREC,0
IREC,0
JREC,0
KREC,0
LREC,0
MREC,0
NREC,0
OREC,0
PREC,0
QREC,0
RREC,0
SREC,0
TREC,0
UREC,0
VREC,0
WREC,0
XREC,0
YREC,0
ZREC,0
ASEC,1
BSEC,1
CSEC,1
DSEC,1
ESEC,0
FSEC,1
GSEC,1
HSEC,1
ISEC,1
JSEC,1
KSEC,1
LSEC,1
MSEC,1
NSEC,1
OSEC,1
PSEC,1
QSEC,1
RSEC,1
SSEC,1
TSEC,1
USEC,1
VSEC,1
WSEC,1
XSEC,1
YSEC,1
ZSEC,0
ATEC,1
BTEC,1
CTEC,1
DTEC,1
ETEC,1
FTEC,1
GTEC,1
HTEC,1
ITEC,1
JTEC,1
KTEC,1
LTEC,1
MTEC,1
NTEC,1
OTEC,1
PTEC,1
QTEC,1
RTEC,1
STEC,1
TTEC,0
UTEC,1
VTEC,1
WTEC,1
XTEC,1
YTEC,1
ZTEC,1
AUEC,1
BUEC,1
CUEC,1
DUEC,1
EUEC,1
FUEC,1
GUEC,1
HUEC,1
IUEC,1
JUEC,1
KUEC,1
LUEC,1
MUEC,1
NUEC,0
OUEC,0
PUEC,0
QUEC,0
RUEC,0
SUEC,0
TUEC,0
UUEC,0
VUEC,0
WUEC,0
XUEC,0
YUEC,1
ZUEC,0
AVEC,1
BVEC,1
CVEC,0
DVEC,0
EVEC,0
FVEC,1
GVEC,1
HVEC,1
IVEC,1
JVEC,1
KVEC,1
LVEC,1
MVEC,1
NVEC,1
OVEC,1
PVEC,1
QVEC,0
RVEC,1
SVEC,1
TVEC,1
UVEC,1
VVEC,1
WVEC,1
XVEC,1
YVEC,1
ZVEC,1
AWEC,1
BWEC,1
CWEC,1
DWEC,1
EWEC,1
FWEC,1
GWEC,1
HWEC,1
IWEC,1
JWEC,0
KWEC,1
LWEC,1
MWEC,1
NWEC,1
OWEC,1
PWEC,1
QWEC,1
RWEC,0
SWEC,1
TWEC,1
UWEC,1
VWEC,1
WWEC,1
XWEC,1
YWEC,0
ZWEC,1
AXEC,1
BXEC,1
CXEC,1
DXEC,1
EXEC,1
FXEC,1
GXEC,0
HXEC,1
IXEC,1
JXEC,1
KXEC,1
LXEC,1
MXEC,0
NXEC,1
OXEC,1
PXEC,1
QXEC,1
RXEC,1
SXEC,1
TXEC,1
UXEC,1
VXEC,1
WXEC,1
XXEC,1
YXEC,1
ZXEC,1
AYEC,1
BYEC,1
CYEC,1
DYEC,1
EYEC,1
FYEC,1
GYEC,1
HYEC,1
IYEC,1
JYEC,1
KYEC,1
LYEC,1
MYEC,1
NYEC,1
OYEC,1
PYEC,0
QYEC,0
RYEC,0
SYEC,0
TYEC,0
UYEC,1
VYEC,1
WYEC,1
XYEC,1
YYEC,1
ZYEC,1
AZEC,1
BZEC,1
CZEC,1
DZEC,1
EZEC,1
FZEC,1
GZEC,1
HZEC,0
IZEC,1
JZEC,1
KZEC,0
LZEC,1
MZEC,1
NZEC,1
OZEC,1
PZEC,1
QZEC,1
RZEC,1
SZEC,1
TZEC,0
UZEC,1
VZEC,1
WZEC,1
XZEC,1
YZEC,1
ZZEC,1
AAFC,1
BAFC,1
CAFC,1
DAFC,0
EAFC,1
FAFC,1
GAFC,1
HAFC,0
IAFC,1
JAFC,1
KAFC,1
LAFC,1
MAFC,1
NAFC,1
OAFC,0
PAFC,0
QAFC,1
RAFC,1
SAFC,1
TAFC,1
UAFC,1
VAFC,0
WAFC,1
XAFC,1
YAFC,1
ZAFC,1
ABFC,0
BBFC,1
CBFC,1
DBFC,1
EBFC,1
FBFC,1
GBFC,1
HBFC,1
IBFC,0
JBFC,1
KBFC,1
LBFC,1
MBFC,0
NBFC,0
OBFC,0
PBFC,1
QBFC,0
RBFC,0
SBFC,1
TBFC,1
UBFC,1
VBFC,1
WBFC,1
XBFC,1
YBFC,1
ZBFC,1
ACFC,1
BCFC,1
CCFC,1
DCFC,1
ECFC,1
FCFC,1
GCFC,1
HCFC,0
ICFC,1
JCFC,1
KCFC,0
LCFC,1
MCFC,1
NCFC,1
OCFC,1
PCFC,1
QCFC,1
RCFC,1
SCFC,1
TCFC,0
UCFC,1
VCFC,0
WCFC,0
XCFC,0
YCFC,0
ZCFC,0
ADFC,0
BDFC,0
CDFC,0
DDFC,0
EDFC,0
FDFC,0
GDFC,1
HDFC,1
IDFC,1
JDFC,1
KDFC,1
LDFC,1
MDFC,1
NDFC,1
ODFC,1
PDFC,1
QDFC,1
RDFC,0
SDFC,0
TDFC,1
UDFC,1
VDFC,1
WDFC,1
XDFC,1
YDFC,1
ZDFC,1
AEFC,0
BEFC,1
CEFC,1
DEFC,0
EEFC,0
FEFC,0
GEFC,0
HEFC,0
IEFC,0
JEFC,0
KEFC,0
LEFC,0
MEFC,0
NEFC,1
OEFC,1
PEFC,1
QEFC,1
REFC,1
SEFC,1
TEFC,1
UEFC,1
VEFC,1
WEFC,1
XEFC,1
YEFC,1
ZEFC,1
AFFC,1
BFFC,1
CFFC,1
DFFC,1
EFFC,1
FFFC,1
GFFC,1
HFFC,1
IFFC,1
JFFC,1
KFFC,1
LFFC,1
MFFC,1
NFFC,1
OFFC,1
PFFC,1
QFFC,1
RFFC,1
SFFC,1
TFFC,1
UFFC,1
VFFC,1
WFFC,1
XFFC,1
YFFC,1
ZFFC,1
AGFC,1
BGFC,1
CGFC,1
DGFC,0
EGFC,1
FGFC,1
GGFC,1
HGFC,1
IGFC,1
JGFC,0
KGFC,1
LGFC,1
MGFC,1
NGFC,1
OGFC,1
PGFC,1
QGFC,1
RGFC,1
SGFC,1
TGFC,1
UGFC,0
VGFC,1
WGFC,1
XGFC,0
YGFC,1
ZGFC,1
AHFC,1
BHFC,1
CHFC,1
DHFC,1
EHFC,1
FHFC,1
GHFC,1
HHFC,1
IHFC,1
JHFC,1
KHFC,1
LHFC,1
MHFC,1
NHFC,1
OHFC,1
PHFC,0
QHFC,1
RHFC,1
SHFC,0
THFC,1
UHFC,1
VHFC,0
WHFC,0
XHFC,0
YHFC,0
ZHFC,0
AIFC,0
BIFC,0
CIFC,0
DIFC,0
EIFC,0
FIFC,0
GIFC,0
HIFC,0
IIFC,0
JIFC,0
KIFC,0
LIFC,0
MIFC,0
NIFC,0
OIFC,0
PIFC,0
QIFC,0
RIFC,0
SIFC,0
TIFC,0
UIFC,0
VIFC,0
WIFC,0
XIFC,0
YIFC,0
ZIFC,0
AJFC,0
BJFC,0
CJFC,0
DJFC,0
EJFC,0
FJFC,1
GJFC,1
HJFC,1
IJFC,1
JJFC,1
KJFC,1
LJFC,1
MJFC,1
NJFC,1
OJFC,0
PJFC,1
QJFC,1
RJFC,1
SJFC,1
TJFC,1
UJFC,1
VJFC,1
WJFC,1
XJFC,1
YJFC,1
ZJFC,1
AKFC,1
BKFC,1
CKFC,0
DKFC,1
EKFC,1
FKFC,1
GKFC,1
HKFC,1
IKFC,1
JKFC,1
KKFC,1
LKFC,1
MKFC,1
NKFC,1
OKFC,1
PKFC,0
QKFC,1
RKFC,1
SKFC,0
TKFC,1
UKFC,1
VKFC,1
WKFC,1
XKFC,1
YKFC,1
ZKFC,1
ALFC,1
BLFC,1
CLFC,1
DLFC,1
ELFC,1
FLFC,1
GLFC,1
HLFC,1
ILFC,1
JLFC,1
KLFC,1
LLFC,1
MLFC,1
NLFC,1
OLFC,1
PLFC,0
QLFC,1
RLFC,1
SLFC,1
TLFC,1
ULFC,1
VLFC,1
WLFC,1
XLFC,1
YLFC,0
ZLFC,1
AMFC,0
BMFC,1
CMFC,1
DMFC,1
EMFC,1
FMFC,1
GMFC,1
HMFC,1
IMFC,0
JMFC,1
KMFC,1
LMFC,1
MMFC,1
NMFC,1
OMFC,1
PMFC,1
QMFC,1
RMFC,1
SMFC,1
TMFC,1
UMFC,0
VMFC,1
WMFC,1
XMFC,1
YMFC,0
ZMFC,1
ANFC,0
BNFC,1
CNFC,0
DNFC,1
ENFC,1
FNFC,0
GNFC,0
HNFC,0
INFC,0
JNFC,0
KNFC,0
LNFC,0
MNFC,0
NNFC,0
ONFC,0
PNFC,0
QNFC,0
RNFC,0
SNFC,0
TNFC,0
UNFC,0
VNFC,0
WNFC,0
XNFC,0
YNFC,0
ZNFC,0
AOFC,0
BOFC,0
COFC,0
DOFC,0
EOFC,0
FOFC,0
GOFC,1
HOFC,0
IOFC,0
JOFC,1
KOFC,1
LOFC,1
MOFC,1
NOFC,1
OOFC,1
POFC,1
QOFC,1
ROFC,1
SOFC,1
TOFC,1
UOFC,1
VOFC,1
WOFC,1
XOFC,1
YOFC,0
ZOFC,1
APFC,1
BPFC,1
CPFC,1
DPFC,1
EPFC,1
FPFC,1
GPFC,1
HPFC,1
IPFC,1
JPFC,0
KPFC,1
LPFC,0
MPFC,1
NPFC,1
OPFC,1
PPFC,1
QPFC,1
RPFC,1
SPFC,1
TPFC,1
UPFC,1
VPFC,1
WPFC,1
XPFC,1
YPFC,1
ZPFC,1
AQFC,1
BQFC,0
CQFC,1
DQFC,1
EQFC,1
FQFC,1
GQFC,1
HQFC,1
IQFC,1
JQFC,1
KQFC,0
LQFC,1
MQFC,1
NQFC,1
OQFC,1
PQFC,1
QQFC,1
RQFC,1
SQFC,0
TQFC,1
UQFC,1
VQFC,1
WQFC,1
XQFC,1
YQFC,1
ZQFC,1
ARFC,1
BRFC,1
CRFC,1
DRFC,1
ERFC,1
FRFC,0
GRFC,0
HRFC,1
IRFC,1
JRFC,1
KRFC,1
LRFC,1
MRFC,0
NRFC,1
ORFC,1
PRFC,0
QRFC,1
RRFC,1
SRFC,1
TRFC,1
URFC,1
VRFC,0
WRFC,1
XRFC,1
YRFC,1
ZRFC,0
ASFC,1
BSFC,1
CSFC,1
DSFC,1
ESFC,1
FSFC,1
GSFC,1
HSFC,1
ISFC,1
JSFC,1
KSFC,1
LSFC,0
MSFC,0
NSFC,0
OSFC,0
PSFC,0
QSFC,0
RSFC,1
SSFC,1
TSFC,1
USFC,1
VSFC,1
WSFC,1
XSFC,1
YSFC,1
ZSFC,1
ATFC,1
BTFC,1
CTFC,1
DTFC,1
ETFC,1
FTFC,1
GTFC,1
HTFC,1
ITFC,0
JTFC,1
KTFC,1
LTFC,1
MTFC,1
NTFC,1
OTFC,0
PTFC,1
QTFC,1
RTFC,1
STFC,1
TTFC,1
UTFC,1
VTFC,1
WTFC,1
XTFC,1
YTFC,1
ZTFC,1
AUFC,1
BUFC,1
CUFC,1
DUFC,1
EUFC,0
FUFC,1
GUFC,1
HUFC,1
IUFC,1
JUFC,1
KUFC,1
LUFC,1
MUFC,1
NUFC,1
OUFC,1
PUFC,1
QUFC,0
RUFC,1
SUFC,1
TUFC,0
UUFC,1
VUFC,1
WUFC,1
XUFC,1
YUFC,0
ZUFC,1
AVFC,1
BVFC,1
CVFC,1
DVFC,1
EVFC,1
FVFC,1
GVFC,0
HVFC,1
IVFC,1
JVFC,1
KVFC,1
LVFC,1
MVFC,1
NVFC,1
OVFC,1
PVFC,1
QVFC,1
RVFC,1
SVFC,0
TVFC,1
UVFC,1
VVFC,1
WVFC,0
XVFC,0
YVFC,0
ZVFC,0
AWFC,1
BWFC,1
CWFC,1
DWFC,1
EWFC,1
FWFC,1
GWFC,1
HWFC,0
IWFC,0
JWFC,0
KWFC,0
LWFC,1
MWFC,1
NWFC,1
OWFC,1
PWFC,1
QWFC,1
RWFC,0
SWFC,1
TWFC,1
UWFC,1
VWFC,0
WWFC,1
XWFC,0
YWFC,1
ZWFC,0
AXFC,1
BXFC,1
CXFC,1
DXFC,0
EXFC,1
FXFC,1
GXFC,0
HXFC,1
IXFC,1
JXFC,0
KXFC,1
LXFC,1
MXFC,1
NXFC,1
OXFC,1
PXFC,1
QXFC,1
RXFC,1
SXFC,1
TXFC,1
UXFC,0
VXFC,1
WXFC,1
XXFC,1
YXFC,1
ZXFC,0
AYFC,1
BYFC,0
CYFC,1
DYFC,1
EYFC,1
FYFC,0
GYFC,1
HYFC,1
IYFC,0
JYFC,1
KYFC,1
LYFC,1
MYFC,0
NYFC,0
OYFC,0
PYFC,0
QYFC,0
RYFC,1
SYFC,0
TYFC,0
UYFC,1
VYFC,1
WYFC,1
XYFC,1
YYFC,1
ZYFC,0
AZFC,0
BZFC,0
CZFC,1
DZFC,1
EZFC,1
FZFC,1
GZFC,1
HZFC,0
IZFC,1
JZFC,0
KZFC,1
LZFC,1
MZFC,1
NZFC,1
OZFC,1
PZFC,1
QZFC,1
RZFC,1
SZFC,1
TZFC,1
UZFC,1
VZFC,1
WZFC,1
XZFC,1
YZFC,1
ZZFC,1
AAGC,0
BAGC,1
CAGC,1
DAGC,0
EAGC,0
FAGC,0
GAGC,0
HAGC,0
IAGC,0
JAGC,0
KAGC,0
LAGC,0
MAGC,1
NAGC,1
OAGC,0
PAGC,0
QAGC,1
RAGC,1
SAGC,1
TAGC,1
UAGC,1
VAGC,0
WAGC,1
XAGC,1
YAGC,1
ZAGC,1
ABGC,1
BBGC,1
CBGC,1
DBGC,1
EBGC,1
FBGC,1
GBGC,1
HBGC,1
IBGC,1
JBGC,1
KBGC,1
LBGC,1
MBGC,1
NBGC,1
OBGC,0
PBGC,1
QBGC,1
RBGC,1
SBGC,1
TBGC,1
UBGC,1
VBGC,1
WBGC,1
XBGC,1
YBGC,1
ZBGC,1
ACGC,1
BCGC,1
CCGC,1
DCGC,1
ECGC,1
FCGC,1
GCGC,1
HCGC,1
ICGC,1
JCGC,1
KCGC,1
LCGC,1
MCGC,1
NCGC,0
OCGC,1
PCGC,1
QCGC,1
RCGC,1
SCGC,1
TCGC,1
UCGC,0
VCGC,1
WCGC,1
XCGC,0
YCGC,1
ZCGC,1
ADGC,0
BDGC,1
CDGC,1
DDGC,1
EDGC,1
FDGC,1
GDGC,1
HDGC,1
IDGC,1
JDGC,1
KDGC,1
LDGC,1
MDGC,1
NDGC,0
ODGC,1
PDGC,1
QDGC,1
RDGC,1
SDGC,0
TDGC,1
UDGC,1
VDGC,1
WDGC,0
XDGC,1
YDGC,0
ZDGC,1
AEGC,1
BEGC,1
CEGC,1
DEGC,1
EEGC,1
FEGC,1
GEGC,1
HEGC,1
IEGC,1
JEGC,1
KEGC,1
LEGC,0
MEGC,1
NEGC,1
OEGC,1
PEGC,1
QEGC,1
REGC,1
SEGC,1
TEGC,1
UEGC,1
VEGC,1
WEGC,1
XEGC,1
YEGC,0
ZEGC,1
AFGC,1
BFGC,1
CFGC,1
DFGC,0
EFGC,0
FFGC,0
GFGC,0
HFGC,0
IFGC,0
JFGC,0
KFGC,0
LFGC,0
MFGC,0
NFGC,0
OFGC,0
PFGC,0
QFGC,0
RFGC,0
SFGC,0
TFGC,0
UFGC,0
VFGC,0
WFGC,0
XFGC,0
YFGC,0
ZFGC,0
AGGC,0
BGGC,0
CGGC,0
DGGC,0
EGGC,0
FGGC,0
GGGC,0
HGGC,0
IGGC,0
JGGC,0
KGGC,0
LGGC,0
MGGC,0
NGGC,0
OGGC,0
PGGC,0
QGGC,0
RGGC,0
SGGC,0
TGGC,0
UGGC,0
VGGC,0
WGGC,0
XGGC,0
YGGC,0
ZGGC,0
AHGC,0
BHGC,0
CHGC,0
DHGC,0
EHGC,0
FHGC,0
GHGC,0
HHGC,0
IHGC,0
JHGC,1
KHGC,0
LHGC,0
MHGC,0
NHGC,1
OHGC,1
PHGC,1
QHGC,1
RHGC,1
SHGC,1
THGC,1
UHGC,1
VHGC,1
WHGC,0
XHGC,1
YHGC,0
ZHGC,1
AIGC,1
BIGC,1
CIGC,1
DIGC,1
EIGC,1
FIGC,1
GIGC,1
HIGC,1
IIGC,1
JIGC,1
KIGC,1
LIGC,1
MIGC,1
NIGC,1
OIGC,1
PIGC,0
QIGC,1
RIGC,1
SIGC,1
TIGC,1
UIGC,1
VIGC,1
WIGC,1
XIGC,1
YIGC,1
ZIGC,1
AJGC,1
BJGC,0
CJGC,1
DJGC,1
EJGC,1
FJGC,0
GJGC,1
HJGC,0
IJGC,1
JJGC,0
KJGC,1
LJGC,1
MJGC,1
NJGC,1
OJGC,1
PJGC,1
QJGC,1
RJGC,1
SJGC,1
TJGC,0
UJGC,1
VJGC,1
WJGC,1
XJGC,0
YJGC,1
ZJGC,1
AKGC,0
BKGC,1
CKGC,1
DKGC,1
EKGC,1
FKGC,1
GKGC,1
HKGC,1
IKGC,1
JKGC,1
KKGC,1
LKGC,1
MKGC,1
NKGC,1
OKGC,1
PKGC,1
QKGC,1
RKGC,1
SKGC,1
TKGC,1
UKGC,0
VKGC,0
WKGC,0
XKGC,0
YKGC,0
ZKGC,0
ALGC,0
BLGC,0
CLGC,0
DLGC,0
ELGC,0
FLGC,0
GLGC,0
HLGC,0
ILGC,0
JLGC,0
KLGC,1
LLGC,0
MLGC,1
NLGC,1
OLGC,1
PLGC,1
QLGC,1
RLGC,1
SLGC,1
TLGC,0
ULGC,1
VLGC,1
WLGC,1
XLGC,0
YLGC,0
ZLGC,1
AMGC,0
BMGC,1
CMGC,1
DMGC,1
EMGC,1
FMGC,1
GMGC,1
HMGC,1
IMGC,0
JMGC,1
KMGC,1
LMGC,1
MMGC,1
NMGC,1
OMGC,1
PMGC,1
QMGC,0
RMGC,1
SMGC,1
TMGC,1
UMGC,1
VMGC,1
WMGC,1
XMGC,1
YMGC,1
ZMGC,1
ANGC,1
BNGC,1
CNGC,1
DNGC,1
ENGC,0
FNGC,1
GNGC,1
HNGC,1
INGC,1
JNGC,1
KNGC,1
LNGC,1
MNGC,0
NNGC,1
ONGC,1
PNGC,1
QNGC,0
RNGC,0
SNGC,1
TNGC,1
UNGC,1
VNGC,1
WNGC,0
XNGC,1
YNGC,1
ZNGC,1
AOGC,1
BOGC,1
COGC,1
DOGC,1
EOGC,1
FOGC,1
GOGC,1
HOGC,0
IOGC,0
JOGC,0
KOGC,0
LOGC,0
MOGC,0
NOGC,0
OOGC,0
POGC,0
QOGC,0
ROGC,0
SOGC,0
TOGC,0
UOGC,0
VOGC,1
WOGC,1
XOGC,0
YOGC,1
ZOGC,1
APGC,1
BPGC,1
CPGC,1
DPGC,1
EPGC,0
FPGC,1
GPGC,1
HPGC,1
IPGC,1
JPGC,1
KPGC,1
LPGC,1
MPGC,1
NPGC,0
OPGC,1
PPGC,1
QPGC,1
RPGC,1
SPGC,1
TPGC,1
UPGC,1
VPGC,1
WPGC,1
XPGC,1
YPGC,1
ZPGC,1
AQGC,1
BQGC,0
CQGC,0
DQGC,0
EQGC,1
FQGC,1
GQGC,1
HQGC,1
IQGC,1
JQGC,1
KQGC,1
LQGC,0
MQGC,0
NQGC,1
OQGC,1
PQGC,0
QQGC,1
RQGC,0
SQGC,1
TQGC,1
UQGC,1
VQGC,1
WQGC,1
XQGC,1
YQGC,1
ZQGC,1
ARGC,1
BRGC,1
CRGC,1
DRGC,1
ERGC,1
FRGC,0
GRGC,1
HRGC,1
IRGC,1
JRGC,1
KRGC,1
LRGC,0
MRGC,1
NRGC,1
ORGC,1
PRGC,1
QRGC,1
RRGC,1
SRGC,1
TRGC,1
URGC,1
VRGC,1
WRGC,1
XRGC,1
YRGC,0
ZRGC,1
ASGC,1
BSGC,1
CSGC,1
DSGC,1
ESGC,1
FSGC,1
GSGC,1
HSGC,0
ISGC,0
JSGC,0
KSGC,0
LSGC,0
MSGC,0
NSGC,1
OSGC,1
PSGC,0
QSGC,1
RSGC,1
SSGC,1
TSGC,1
USGC,0
VSGC,1
WSGC,1
XSGC,1
YSGC,1
ZSGC,0
ATGC,1
BTGC,1
CTGC,1
DTGC,1
ETGC,1
FTGC,1
GTGC,1
HTGC,0
ITGC,1
JTGC,0
KTGC,1
LTGC,1
MTGC,1
NTGC,0
OTGC,1
PTGC,1
QTGC,1
RTGC,1
STGC,1
TTGC,1
UTGC,1
VTGC,1
WTGC,1
XTGC,1
YTGC,0
ZTGC,1
AUGC,1
BUGC,0
CUGC,1
DUGC,1
EUGC,1
FUGC,1
GUGC,0
HUGC,1
IUGC,1
JUGC,1
KUGC,1
LUGC,1
MUGC,1
NUGC,0
OUGC,1
PUGC,1
QUGC,1
RUGC,1
SUGC,1
TUGC,1
UUGC,1
VUGC,1
WUGC,1
XUGC,1
YUGC,1
ZUGC,1
AVGC,1
BVGC,1
CVGC,1
DVGC,1
EVGC,1
FVGC,1
GVGC,1
HVGC,1
IVGC,1
JVGC,1
KVGC,1
LVGC,0
MVGC,0
NVGC,0
OVGC,0
PVGC,0
QVGC,0
RVGC,0
SVGC,0
TVGC,0
UVGC,0
VVGC,0
WVGC,0
XVGC,0
YVGC,0
ZVGC,0
AWGC,0
BWGC,0
CWGC,0
DWGC,0
EWGC,0
FWGC,0
GWGC,0
HWGC,0
IWGC,0
JWGC,0
KWGC,0
LWGC,0
MWGC,0
NWGC,0
OWGC,0
PWGC,0
QWGC,0
RWGC,0
SWGC,0
TWGC,0
UWGC,0
VWGC,0
WWGC,0
XWGC,0
YWGC,0
ZWGC,0
AXGC,0
BXGC,0
CXGC,0
DXGC,0
EXGC,0
FXGC,1
GXGC,1
HXGC,1
IXGC,1
JXGC,1
KXGC,0
LXGC,1
MXGC,0
NXGC,1
OXGC,1
PXGC,1
QXGC,1
RXGC,1
SXGC,1
TXGC,0
UXGC,1
VXGC,1
WXGC,0
XXGC,0
YXGC,1
ZXGC,0
AYGC,0
BYGC,0
CYGC,0
DYGC,0
EYGC,0
FYGC,0
GYGC,0
HYGC,0
IYGC,0
JYGC,0
KYGC,0
LYGC,0
MYGC,0
NYGC,0
OYGC,0
PYGC,0
QYGC,0
RYGC,0
SYGC,0
TYGC,0
UYGC,0
VYGC,1
WYGC,1
XYGC,0
YYGC,1
ZYGC,1
AZGC,1
BZGC,1
CZGC,1
DZGC,1
EZGC,1
FZGC,1
GZGC,1
HZGC,0
IZGC,0
JZGC,1
KZGC,0
LZGC,0
MZGC,0
NZGC,1
OZGC,1
PZGC,1
QZGC,1
RZGC,1
SZGC,1
TZGC,0
UZGC,0
VZGC,0
WZGC,0
XZGC,0
YZGC,1
ZZGC,1
AAHC,1
BAHC,1
CAHC,1
DAHC,1
EAHC,1
FAHC,1
GAHC,0
HAHC,1
IAHC,1
JAHC,1
KAHC,1
LAHC,1
MAHC,1
NAHC,1
OAHC,1
PAHC,1
QAHC,1
RAHC,1
SAHC,0
TAHC,1
UAHC,1
VAHC,1
WAHC,1
XAHC,1
YAHC,0
ZAHC,1
ABHC,1
BBHC,0
CBHC,0
DBHC,0
EBHC,0
FBHC,0
GBHC,0
HBHC,0
IBHC,1
JBHC,0
KBHC,1
LBHC,1
MBHC,1
NBHC,0
OBHC,0
PBHC,1
QBHC,1
RBHC,1
SBHC,1
TBHC,1
UBHC,1
VBHC,1
WBHC,1
XBHC,0
YBHC,1
ZBHC,1
ACHC,1
BCHC,0
CCHC,1
DCHC,1
ECHC,1
FCHC,1
GCHC,1
HCHC,1
ICHC,1
JCHC,1
KCHC,1
LCHC,1
MCHC,1
NCHC,1
OCHC,1
PCHC,1
QCHC,1
RCHC,0
SCHC,1
TCHC,0
UCHC,1
VCHC,1
WCHC,1
XCHC,1
YCHC,1
ZCHC,1
ADHC,1
BDHC,1
CDHC,1
DDHC,1
EDHC,1
FDHC,1
GDHC,1
HDHC,1
IDHC,0
JDHC,1
KDHC,1
LDHC,1
MDHC,1
NDHC,1
ODHC,1
PDHC,1
QDHC,1
RDHC,1
SDHC,1
TDHC,1
UDHC,1
VDHC,1
WDHC,1
XDHC,1
YDHC,1
ZDHC,1
AEHC,1
BEHC,1
CEHC,1
DEHC,1
EEHC,1
FEHC,1
GEHC,1
HEHC,1
IEHC,1
JEHC,1
KEHC,0
LEHC,1
MEHC,1
NEHC,0
OEHC,0
PEHC,0
QEHC,0
REHC,0
SEHC,0
TEHC,0
UEHC,0
VEHC,1
WEHC,0
XEHC,0
YEHC,0
ZEHC,0
AFHC,0
BFHC,0
CFHC,0
DFHC,0
EFHC,0
FFHC,0
GFHC,0
HFHC,0
IFHC,0
JFHC,0
KFHC,0
LFHC,0
MFHC,0
NFHC,0
OFHC,0
PFHC,0
QFHC,0
RFHC,0
SFHC,0
TFHC,0
UFHC,0
VFHC,0
WFHC,0
XFHC,0
YFHC,0
ZFHC,0
AGHC,0
BGHC,0
CGHC,0
DGHC,0
EGHC,0
FGHC,1
GGHC,1
HGHC,1
IGHC,0
JGHC,1
KGHC,1
LGHC,1
MGHC,1
NGHC,1
OGHC,1
PGHC,1
QGHC,1
RGHC,1
SGHC,1
TGHC,1
UGHC,0
VGHC,1
WGHC,1
XGHC,1
YGHC,1
ZGHC,1
AHHC,1
BHHC,1
CHHC,1
DHHC,1
EHHC,0
FHHC,1
GHHC,1
HHHC,1
IHHC,1
JHHC,1
KHHC,1
LHHC,1
MHHC,1
NHHC,1
OHHC,1
PHHC,1
QHHC,1
RHHC,1
SHHC,0
THHC,1
UHHC,0
VHHC,0
WHHC,1
XHHC,1
YHHC,0
ZHHC,1
AIHC,1
BIHC,1
CIHC,1
DIHC,1
EIHC,1
FIHC,1
GIHC,1
HIHC,1
IIHC,1
JIHC,1
KIHC,1
LIHC,1
MIHC,1
NIHC,1
OIHC,1
PIHC,1
QIHC,1
RIHC,0
SIHC,0
TIHC,0
UIHC,0
VIHC,0
WIHC,0
XIHC,0
YIHC,0
ZIHC,0
AJHC,0
BJHC,0
CJHC,0
DJHC,0
EJHC,0
FJHC,0
GJHC,0
HJHC,0
IJHC,0
JJHC,1
KJHC,1
LJHC,1
MJHC,1
NJHC,1
OJHC,1
PJHC,1
QJHC,1
RJHC,1
SJHC,1
TJHC,1
UJHC,1
VJHC,1
WJHC,1
XJHC,0
YJHC,1
ZJHC,1
AKHC,1
BKHC,1
CKHC,1
DKHC,0
EKHC,0
FKHC,1
GKHC,1
HKHC,1
IKHC,1
JKHC,1
KKHC,1
LKHC,0
MKHC,1
NKHC,1
OKHC,1
PKHC,1
QKHC,1
RKHC,1
SKHC,1
TKHC,1
UKHC,1
VKHC,1
WKHC,1
XKHC,0
YKHC,1
ZKHC,1
ALHC,1
BLHC,1
CLHC,1
DLHC,1
ELHC,1
FLHC,0
GLHC,1
HLHC,1
ILHC,1
JLHC,1
KLHC,1
LLHC,1
MLHC,1
NLHC,1
OLHC,1
PLHC,1
QLHC,1
RLHC,1
SLHC,1
TLHC,1
ULHC,1
VLHC,1
WLHC,1
XLHC,1
YLHC,1
ZLHC,1
AMHC,1
BMHC,0
CMHC,1
DMHC,1
EMHC,1
FMHC,1
GMHC,1
HMHC,0
IMHC,1
JMHC,1
KMHC,1
LMHC,0
MMHC,0
NMHC,1
OMHC,0
PMHC,0
QMHC,1
RMHC,1
SMHC,1
TMHC,1
UMHC,0
VMHC,0
WMHC,0
XMHC,1
YMHC,1
ZMHC,0
ANHC,1
BNHC,1
CNHC,1
DNHC,1
ENHC,1
FNHC,1
GNHC,1
HNHC,1
INHC,1
JNHC,1
KNHC,1
LNHC,1
MNHC,1
NNHC,1
ONHC,0
PNHC,1
QNHC,1
RNHC,0
SNHC,1
TNHC,1
UNHC,1
VNHC,1
WNHC,1
XNHC,1
YNHC,1
ZNHC,1
AOHC,1
BOHC,1
COHC,1
DOHC,1
EOHC,1
FOHC,1
GOHC,1
HOHC,1
IOHC,1
JOHC,1
KOHC,1
LOHC,1
MOHC,1
NOHC,1
OOHC,0
POHC,1
QOHC,1
ROHC,1
SOHC,1
TOHC,1
UOHC,0
VOHC,1
WOHC,1
XOHC,0
YOHC,1
ZOHC,1
APHC,1
BPHC,1
CPHC,0
DPHC,1
EPHC,1
FPHC,1
GPHC,1
HPHC,1
IPHC,1
JPHC,1
KPHC,1
LPHC,0
MPHC,1
NPHC,0
OPHC,1
PPHC,0
QPHC,0
RPHC,0
SPHC,0
TPHC,0
UPHC,0
VPHC,1
WPHC,1
XPHC,1
YPHC,1
ZPHC,1
AQHC,1
BQHC,1
CQHC,0
DQHC,1
EQHC,1
FQHC,1
GQHC,1
HQHC,0
IQHC,1
JQHC,1
KQHC,1
LQHC,1
MQHC,1
NQHC,1
OQHC,1
PQHC,1
QQHC,1
RQHC,1
SQHC,1
TQHC,1
UQHC,1
VQHC,0
WQHC,1
XQHC,1
YQHC,1
ZQHC,0
ARHC,1
BRHC,0
CRHC,1
DRHC,1
ERHC,1
FRHC,1
GRHC,1
HRHC,1
IRHC,1
JRHC,1
KRHC,1
LRHC,1
MRHC,1
NRHC,1
ORHC,1
PRHC,1
QRHC,0
RRHC,1
SRHC,0
TRHC,1
URHC,1
VRHC,1
WRHC,1
XRHC,1
YRHC,1
ZRHC,1
ASHC,1
BSHC,1
CSHC,1
DSHC,1
ESHC,0
FSHC,0
GSHC,0
HSHC,1
ISHC,1
JSHC,1
KSHC,1
LSHC,1
MSHC,0
NSHC,0
OSHC,0
PSHC,1
QSHC,1
RSHC,1
SSHC,1
TSHC,1
USHC,1
VSHC,1
WSHC,1
XSHC,1
YSHC,1
ZSHC,0
ATHC,1
BTHC,1
CTHC,1
DTHC,1
ETHC,1
FTHC,1
GTHC,1
HTHC,1
ITHC,1
JTHC,0
KTHC,0
LTHC,0
MTHC,0
NTHC,0
OTHC,0
PTHC,0
QTHC,0
RTHC,0
STHC,0
TTHC,1
UTHC,0
VTHC,0
WTHC,0
XTHC,0
YTHC,0
ZTHC,0
AUHC,1
BUHC,1
CUHC,1
DUHC,1
EUHC,1
FUHC,1
GUHC,1
HUHC,1
IUHC,1
JUHC,1
KUHC,1
LUHC,1
MUHC,1
NUHC,1
OUHC,1
PUHC,1
QUHC,1
RUHC,1
SUHC,1
TUHC,1
UUHC,1
VUHC,1
WUHC,1
XUHC,1
YUHC,1
ZUHC,1
AVHC,0
BVHC,1
CVHC,1
DVHC,1
EVHC,0
FVHC,1
GVHC,0
HVHC,0
IVHC,0
JVHC,0
KVHC,0
LVHC,0
MVHC,1
NVHC,1
OVHC,1
PVHC,1
QVHC,1
RVHC,0
SVHC,0
TVHC,1
UVHC,1
VVHC,1
WVHC,0
XVHC,1
YVHC,1
ZVHC,1
AWHC,1
BWHC,1
CWHC,1
DWHC,1
EWHC,1
FWHC,1
GWHC,1
HWHC,1
IWHC,1
JWHC,1
KWHC,1
LWHC,1
MWHC,1
NWHC,1
OWHC,0
PWHC,1
QWHC,1
RWHC,1
SWHC,1
TWHC,1
UWHC,1
VWHC,1
WWHC,1
XWHC,0
YWHC,1
ZWHC,1
AXHC,1
BXHC,1
CXHC,1
DXHC,1
EXHC,1
FXHC,1
GXHC,0
HXHC,1
IXHC,1
JXHC,1
KXHC,1
LXHC,1
MXHC,1
NXHC,1
OXHC,1
PXHC,1
QXHC,1
RXHC,1
SXHC,0
TXHC,1
UXHC,1
VXHC,1
WXHC,1
XXHC,1
YXHC,0
ZXHC,1
AYHC,0
BYHC,0
CYHC,1
DYHC,1
EYHC,1
FYHC,0
GYHC,1
HYHC,1
IYHC,1
JYHC,1
KYHC,1
LYHC,1
MYHC,1
NYHC,1
OYHC,1
PYHC,1
QYHC,1
RYHC,1
SYHC,0
TYHC,0
UYHC,0
VYHC,0
WYHC,0
XYHC,0
YYHC,0
ZYHC,0
AZHC,0
BZHC,0
CZHC,0
DZHC,0
EZHC,0
FZHC,0
GZHC,0
HZHC,0
IZHC,0
JZHC,0
KZHC,0
LZHC,0
MZHC,0
NZHC,0
OZHC,0
PZHC,0
QZHC,0
RZHC,0
SZHC,1
TZHC,0
UZHC,0
VZHC,0
WZHC,0
XZHC,0
YZHC,0
ZZHC,0
AAIC,1
BAIC,1
CAIC,1
DAIC,1
EAIC,1
FAIC,1
GAIC,1
HAIC,1
IAIC,1
JAIC,1
KAIC,0
LAIC,1
MAIC,1
NAIC,1
OAIC,1
PAIC,1
QAIC,1
RAIC,1
SAIC,1
TAIC,1
UAIC,1
VAIC,1
WAIC,1
XAIC,1
YAIC,1
ZAIC,0
ABIC,1
BBIC,1
CBIC,0
DBIC,1
EBIC,1
FBIC,1
GBIC,1
HBIC,1
IBIC,1
JBIC,1
KBIC,1
LBIC,1
MBIC,1
NBIC,1
OBIC,1
PBIC,1
QBIC,1
RBIC,1
SBIC,1
TBIC,1
UBIC,1
VBIC,1
WBIC,1
XBIC,1
YBIC,0
ZBIC,1
ACIC,1
BCIC,0
CCIC,1
DCIC,1
ECIC,1
FCIC,1
GCIC,1
HCIC,1
ICIC,1
JCIC,1
KCIC,1
LCIC,1
MCIC,1
NCIC,1
OCIC,1
PCIC,1
QCIC,0
RCIC,1
SCIC,1
TCIC,1
UCIC,1
VCIC,0
WCIC,0
XCIC,1
YCIC,1
ZCIC,1
ADIC,1
BDIC,1
CDIC,1
DDIC,0
EDIC,1
FDIC,1
GDIC,1
HDIC,1
IDIC,1
JDIC,1
KDIC,1
LDIC,0
MDIC,1
NDIC,0
ODIC,1
PDIC,1
QDIC,1
RDIC,1
SDIC,0
TDIC,0
UDIC,0
VDIC,0
WDIC,0
XDIC,0
YDIC,0
ZDIC,0
AEIC,0
BEIC,0
CEIC,0
DEIC,0
EEIC,0
FEIC,0
GEIC,0
HEIC,0
IEIC,0
JEIC,0
KEIC,1
LEIC,0
MEIC,0
NEIC,0
OEIC,1
PEIC,1
QEIC,1
REIC,1
SEIC,0
TEIC,1
UEIC,1
VEIC,1
WEIC,1
XEIC,0
YEIC,1
ZEIC,1
AFIC,1
BFIC,1
CFIC,1
DFIC,1
EFIC,1
FFIC,1
GFIC,1
HFIC,1
IFIC,1
JFIC,1
KFIC,1
LFIC,1
MFIC,1
NFIC,1
OFIC,1
PFIC,1
QFIC,1
RFIC,1
SFIC,1
TFIC,1
UFIC,1
VFIC,1
WFIC,1
XFIC,1
YFIC,0
ZFIC,1
AGIC,1
BGIC,1
CGIC,1
DGIC,1
EGIC,1
FGIC,1
GGIC,1
HGIC,0
IGIC,1
JGIC,1
KGIC,1
LGIC,1
MGIC,1
NGIC,1
OGIC,0
PGIC,1
QGIC,1
RGIC,1
SGIC,1
TGIC,0
UGIC,0
VGIC,1
WGIC,1
XGIC,1
YGIC,1
ZGIC,1
AHIC,1
BHIC,1
CHIC,1
DHIC,1
EHIC,1
FHIC,1
GHIC,1
HHIC,1
IHIC,1
JHIC,1
KHIC,0
LHIC,1
MHIC,1
NHIC,1
OHIC,1
PHIC,0
QHIC,1
RHIC,1
SHIC,1
THIC,1
UHIC,1
VHIC,1
WHIC,1
XHIC,0
YHIC,0
ZHIC,0
AIIC,0
BIIC,1
CIIC,1
DIIC,1
EIIC,1
FIIC,1
GIIC,1
HIIC,0
IIIC,0
JIIC,0
KIIC,0
LIIC,1
MIIC,1
NIIC,1
OIIC,1
PIIC,1
QIIC,1
RIIC,1
SIIC,1
TIIC,0
UIIC,0
VIIC,1
WIIC,1
XIIC,1
YIIC,1
ZIIC,1
AJIC,1
BJIC,1
CJIC,1
DJIC,1
EJIC,1
FJIC,0
GJIC,1
HJIC,1
IJIC,0
JJIC,1
KJIC,1
LJIC,1
MJIC,1
NJIC,1
OJIC,0
PJIC,1
QJIC,1
RJIC,1
SJIC,1
TJIC,1
UJIC,1
VJIC,1
WJIC,1
XJIC,1
YJIC,1
ZJIC,1
AKIC,1
BKIC,1
CKIC,1
DKIC,0
EKIC,1
FKIC,1
GKIC,1
HKIC,1
IKIC,1
JKIC,1
KKIC,1
LKIC,1
MKIC,0
NKIC,0
OKIC,1
PKIC,1
QKIC,0
RKIC,1
SKIC,1
TKIC,1
UKIC,1
VKIC,1
WKIC,1
XKIC,0
YKIC,0
ZKIC,1
ALIC,1
BLIC,1
CLIC,1
DLIC,1
ELIC,1
FLIC,1
GLIC,1
HLIC,1
ILIC,1
JLIC,1
KLIC,1
LLIC,1
MLIC,1
NLIC,1
OLIC,0
PLIC,1
QLIC,1
RLIC,1
SLIC,1
TLIC,0
ULIC,0
VLIC,0
WLIC,0
XLIC,0
YLIC,0
ZLIC,0
AMIC,1
BMIC,1
CMIC,1
DMIC,1
EMIC,1
FMIC,1
GMIC,1
HMIC,1
IMIC,1
JMIC,1
KMIC,0
LMIC,1
MMIC,1
NMIC,1
OMIC,1
PMIC,1
QMIC,1
RMIC,1
SMIC,1
TMIC,1
UMIC,1
VMIC,1
WMIC,1
XMIC,1
YMIC,1
ZMIC,1
ANIC,1
BNIC,1
CNIC,1
DNIC,1
ENIC,1
FNIC,1
GNIC,1
HNIC,1
INIC,1
JNIC,0
KNIC,1
LNIC,0
MNIC,1
NNIC,1
ONIC,1
PNIC,1
QNIC,1
RNIC,1
SNIC,1
TNIC,1
UNIC,0
VNIC,0
WNIC,1
XNIC,1
YNIC,1
ZNIC,1
AOIC,1
BOIC,0
COIC,1
DOIC,0
EOIC,1
FOIC,1
GOIC,1
HOIC,1
IOIC,1
JOIC,1
KOIC,1
LOIC,1
MOIC,1
NOIC,1
OOIC,1
POIC,1
QOIC,0
ROIC,0
SOIC,0
TOIC,0
UOIC,0
VOIC,1
WOIC,1
XOIC,1
YOIC,1
ZOIC,1
APIC,0
BPIC,1
CPIC,1
DPIC,1
EPIC,1
FPIC,1
GPIC,1
HPIC,1
IPIC,0
JPIC,0
KPIC,0
LPIC,0
MPIC,1
NPIC,1
OPIC,1
PPIC,0
QPIC,1
RPIC,0
SPIC,1
TPIC,1
UPIC,1
VPIC,1
WPIC,1
XPIC,0
YPIC,1
ZPIC,1
AQIC,1
BQIC,1
CQIC,1
DQIC,1
EQIC,1
FQIC,0
GQIC,0
HQIC,0
IQIC,0
JQIC,0
KQIC,0
LQIC,0
MQIC,1
NQIC,1
OQIC,1
PQIC,1
QQIC,1
RQIC,1
SQIC,1
TQIC,0
UQIC,1
VQIC,1
WQIC,1
XQIC,1
YQIC,0
ZQIC,1
ARIC,1
BRIC,1
CRIC,1
DRIC,0
ERIC,0
FRIC,1
GRIC,1
HRIC,1
IRIC,0
JRIC,1
KRIC,0
LRIC,1
MRIC,1
NRIC,1
ORIC,1
PRIC,0
QRIC,1
RRIC,0
SRIC,0
TRIC,0
URIC,0
VRIC,0
WRIC,0
XRIC,1
YRIC,0
ZRIC,0
ASIC,0
BSIC,1
CSIC,1
DSIC,1
ESIC,1
FSIC,1
GSIC,1
HSIC,1
ISIC,1
JSIC,1
KSIC,1
LSIC,1
MSIC,1
NSIC,1
OSIC,1
PSIC,1
QSIC,1
RSIC,1
SSIC,1
TSIC,0
USIC,1
VSIC,1
WSIC,1
XSIC,1
YSIC,1
ZSIC,1
ATIC,1
BTIC,0
CTIC,1
DTIC,1
ETIC,1
FTIC,1
GTIC,1
HTIC,1
ITIC,1
JTIC,1
KTIC,1
LTIC,1
MTIC,1
NTIC,1
OTIC,1
PTIC,1
QTIC,1
RTIC,1
STIC,1
TTIC,1
UTIC,1
VTIC,1
WTIC,0
XTIC,1
YTIC,0
ZTIC,1
AUIC,1
BUIC,1
CUIC,0
DUIC,1
EUIC,1
FUIC,0
GUIC,1
HUIC,0
IUIC,1
JUIC,1
KUIC,1
LUIC,1
MUIC,0
NUIC,1
OUIC,1
PUIC,0
QUIC,0
RUIC,0
SUIC,0
TUIC,0
UUIC,0
VUIC,0
WUIC,0
XUIC,0
YUIC,0
ZUIC,0
AVIC,0
BVIC,0
CVIC,0
DVIC,0
EVIC,0
FVIC,0
GVIC,0
HVIC,0
IVIC,0
JVIC,0
KVIC,0
LVIC,0
MVIC,0
NVIC,0
OVIC,0
PVIC,0
QVIC,0
RVIC,0
SVIC,0
TVIC,1
UVIC,1
VVIC,1
WVIC,1
XVIC,1
YVIC,1
ZVIC,1
AWIC,1
BWIC,1
CWIC,1
DWIC,1
EWIC,1
FWIC,1
GWIC,1
HWIC,1
IWIC,1
JWIC,1
KWIC,1
LWIC,0
MWIC,1
NWIC,1
OWIC,0
PWIC,1
QWIC,1
RWIC,1
SWIC,1
TWIC,1
UWIC,1
VWIC,1
WWIC,1
XWIC,1
YWIC,0
ZWIC,1
AXIC,1
BXIC,1
CXIC,1
DXIC,1
EXIC,1
FXIC,1
GXIC,1
HXIC,1
IXIC,1
JXIC,1
KXIC,1
LXIC,1
MXIC,1
NXIC,1
OXIC,1
PXIC,1
QXIC,1
RXIC,1
SXIC,1
TXIC,1
UXIC,1
VXIC,1
WXIC,1
XXIC,1
YXIC,1
ZXIC,1
AYIC,1
BYIC,1
CYIC,1
DYIC,1
EYIC,1
FYIC,1
GYIC,1
HYIC,0
IYIC,0
JYIC,0
KYIC,0
LYIC,0
MYIC,0
NYIC,0
OYIC,0
PYIC,0
QYIC,0
RYIC,0
SYIC,0
TYIC,0
UYIC,0
VYIC,0
WYIC,0
XYIC,0
YYIC,0
ZYIC,0
AZIC,0
BZIC,0
CZIC,0
DZIC,1
EZIC,0
FZIC,0
GZIC,0
HZIC,0
IZIC,1
JZIC,1
KZIC,0
LZIC,1
MZIC,1
NZIC,1
OZIC,1
PZIC,1
QZIC,1
RZIC,1
SZIC,1
TZIC,1
UZIC,1
VZIC,1
WZIC,1
XZIC,1
YZIC,1
ZZIC,1
AAJC,1
BAJC,0
CAJC,1
DAJC,1
EAJC,1
FAJC,1
GAJC,1
HAJC,1
IAJC,1
JAJC,1
KAJC,1
LAJC,1
MAJC,1
NAJC,1
OAJC,0
PAJC,1
QAJC,1
RAJC,1
SAJC,1
TAJC,1
UAJC,1
VAJC,1
WAJC,0
XAJC,1
YAJC,1
ZAJC,1
ABJC,1
BBJC,1
CBJC,1
DBJC,1
EBJC,1
FBJC,1
GBJC,1
HBJC,1
IBJC,1
JBJC,1
KBJC,1
LBJC,1
MBJC,1
NBJC,1
OBJC,1
PBJC,1
QBJC,0
RBJC,1
SBJC,1
TBJC,0
UBJC,0
VBJC,0
WBJC,0
XBJC,0
YBJC,0
ZBJC,1
ACJC,1
BCJC,1
CCJC,1
DCJC,1
ECJC,1
FCJC,1
GCJC,1
HCJC,1
ICJC,1
JCJC,1
KCJC,1
LCJC,1
MCJC,1
NCJC,0
OCJC,1
PCJC,1
QCJC,0
RCJC,1
SCJC,1
TCJC,1
UCJC,0
VCJC,1
WCJC,1
XCJC,1
YCJC,1
ZCJC,1
ADJC,0
BDJC,1
CDJC,1
DDJC,1
EDJC,1
FDJC,1
GDJC,1
HDJC,1
IDJC,1
JDJC,1
KDJC,1
LDJC,1
MDJC,1
NDJC,1
ODJC,1
PDJC,1
QDJC,1
RDJC,1
SDJC,0
TDJC,1
UDJC,0
VDJC,0
WDJC,1
XDJC,1
YDJC,1
ZDJC,1
AEJC,1
BEJC,1
CEJC,1
DEJC,1
EEJC,1
FEJC,1
GEJC,1
HEJC,1
IEJC,0
JEJC,1
KEJC,1
LEJC,1
MEJC,1
NEJC,1
OEJC,1
PEJC,1
QEJC,1
REJC,1
SEJC,1
TEJC,1
UEJC,1
VEJC,1
WEJC,1
XEJC,1
YEJC,1
ZEJC,1
AFJC,1
BFJC,1
CFJC,1
DFJC,1
EFJC,0
FFJC,0
GFJC,0
HFJC,0
IFJC,0
JFJC,0
KFJC,0
LFJC,0
MFJC,0
NFJC,0
OFJC,0
PFJC,0
QFJC,0
RFJC,0
SFJC,0
TFJC,0
UFJC,0
VFJC,0
WFJC,0
XFJC,0
YFJC,0
ZFJC,0
AGJC,0
BGJC,0
CGJC,0
DGJC,0
EGJC,0
FGJC,0
GGJC,1
HGJC,1
IGJC,1
JGJC,0
KGJC,1
LGJC,0
MGJC,1
NGJC,1
OGJC,1
PGJC,1
QGJC,1
RGJC,1
SGJC,1
TGJC,1
UGJC,1
VGJC,1
WGJC,1
XGJC,1
YGJC,1
ZGJC,1
AHJC,1
BHJC,1
CHJC,1
DHJC,1
EHJC,1
FHJC,1
GHJC,1
HHJC,1
IHJC,1
JHJC,1
KHJC,1
LHJC,1
MHJC,1
NHJC,1
OHJC,1
PHJC,1
QHJC,1
RHJC,1
SHJC,1
THJC,1
UHJC,1
VHJC,1
WHJC,1
XHJC,1
YHJC,1
ZHJC,1
AIJC,1
BIJC,1
CIJC,1
DIJC,1
EIJC,1
FIJC,1
GIJC,1
HIJC,1
IIJC,0
JIJC,1
KIJC,1
LIJC,1
MIJC,1
NIJC,1
OIJC,1
PIJC,1
QIJC,1
RIJC,1
SIJC,1
TIJC,1
UIJC,1
VIJC,1
WIJC,1
XIJC,1
YIJC,1
ZIJC,1
AJJC,0
BJJC,1
CJJC,1
DJJC,1
EJJC,0
FJJC,1
GJJC,1
HJJC,1
IJJC,1
JJJC,1
KJJC,1
LJJC,1
MJJC,1
NJJC,1
OJJC,1
PJJC,1
QJJC,1
RJJC,1
SJJC,1
TJJC,1
UJJC,1
VJJC,1
WJJC,0
XJJC,1
YJJC,1
ZJJC,1
AKJC,1
BKJC,1
CKJC,1
DKJC,1
EKJC,1
FKJC,1
GKJC,1
HKJC,1
IKJC,1
JKJC,1
KKJC,1
LKJC,1
MKJC,1
NKJC,1
OKJC,1
PKJC,1
QKJC,1
RKJC,1
SKJC,1
TKJC,1
UKJC,1
VKJC,1
WKJC,1
XKJC,1
YKJC,1
ZKJC,1
ALJC,1
BLJC,1
CLJC,1
DLJC,1
ELJC,0
FLJC,1
GLJC,1
HLJC,1
ILJC,1
JLJC,0
KLJC,1
LLJC,1
MLJC,1
NLJC,1
OLJC,1
PLJC,1
QLJC,1
RLJC,1
SLJC,1
TLJC,0
ULJC,0
VLJC,0
WLJC,0
XLJC,0
YLJC,0
ZLJC,0
AMJC,0
BMJC,0
CMJC,0
DMJC,0
EMJC,0
FMJC,0
GMJC,1
HMJC,1
IMJC,1
JMJC,1
KMJC,1
LMJC,1
MMJC,1
NMJC,1
OMJC,1
PMJC,0
QMJC,1
RMJC,1
SMJC,1
TMJC,1
UMJC,1
VMJC,0
WMJC,1
XMJC,1
YMJC,1
ZMJC,1
ANJC,1
BNJC,1
CNJC,1
DNJC,1
ENJC,1
FNJC,1
GNJC,1
HNJC,0
INJC,0
JNJC,0
KNJC,0
LNJC,0
MNJC,0
NNJC,1
ONJC,1
PNJC,1
QNJC,1
RNJC,1
SNJC,1
TNJC,1
UNJC,1
VNJC,1
WNJC,1
XNJC,1
YNJC,1
ZNJC,1
AOJC,1
BOJC,1
COJC,1
DOJC,1
EOJC,1
FOJC,1
GOJC,1
HOJC,1
IOJC,1
JOJC,1
KOJC,1
LOJC,1
MOJC,1
NOJC,0
OOJC,1
POJC,0
QOJC,1
ROJC,0
SOJC,1
TOJC,1
UOJC,1
VOJC,1
WOJC,1
XOJC,1
YOJC,1
ZOJC,1
APJC,1
BPJC,1
CPJC,1
DPJC,1
EPJC,1
FPJC,1
GPJC,1
HPJC,1
IPJC,1
JPJC,1
KPJC,1
LPJC,0
MPJC,1
NPJC,0
OPJC,0
PPJC,0
QPJC,1
RPJC,1
SPJC,1
TPJC,1
UPJC,1
VPJC,1
WPJC,1
XPJC,1
YPJC,1
ZPJC,1
AQJC,1
BQJC,1
CQJC,1
DQJC,1
EQJC,1
FQJC,1
GQJC,1
HQJC,1
IQJC,1
JQJC,1
KQJC,1
LQJC,1
MQJC,1
NQJC,1
OQJC,1
PQJC,1
QQJC,1
RQJC,1
SQJC,1
TQJC,1
UQJC,1
VQJC,0
WQJC,0
XQJC,0
YQJC,0
ZQJC,0
ARJC,0
BRJC,0
CRJC,0
DRJC,1
ERJC,0
FRJC,0
GRJC,0
HRJC,0
IRJC,0
JRJC,0
KRJC,0
LRJC,1
MRJC,1
NRJC,1
ORJC,1
PRJC,0
QRJC,1
RRJC,1
SRJC,1
TRJC,0
URJC,1
VRJC,1
WRJC,0
XRJC,1
YRJC,1
ZRJC,1
ASJC,1
BSJC,1
CSJC,1
DSJC,1
ESJC,0
FSJC,1
GSJC,1
HSJC,1
ISJC,0
JSJC,1
KSJC,1
LSJC,1
MSJC,1
NSJC,1
OSJC,1
PSJC,1
QSJC,1
RSJC,1
SSJC,1
TSJC,1
USJC,1
VSJC,1
WSJC,1
XSJC,1
YSJC,1
ZSJC,1
ATJC,1
BTJC,1
CTJC,1
DTJC,1
ETJC,0
FTJC,1
GTJC,1
HTJC,1
ITJC,1
JTJC,1
KTJC,0
LTJC,1
MTJC,1
NTJC,1
OTJC,1
PTJC,1
QTJC,1
RTJC,1
STJC,1
TTJC,1
UTJC,0
VTJC,1
WTJC,0
XTJC,1
YTJC,1
ZTJC,1
AUJC,1
BUJC,0
CUJC,0
DUJC,1
EUJC,1
FUJC,1
GUJC,1
HUJC,1
IUJC,1
JUJC,1
KUJC,1
LUJC,1
MUJC,1
NUJC,1
OUJC,1
PUJC,1
QUJC,1
RUJC,1
SUJC,0
TUJC,0
UUJC,1
VUJC,1
WUJC,1
XUJC,0
YUJC,1
ZUJC,1
AVJC,1
BVJC,1
CVJC,0
DVJC,0
EVJC,0
FVJC,0
GVJC,0
HVJC,0
IVJC,0
JVJC,0
KVJC,0
LVJC,0
MVJC,0
NVJC,0
OVJC,0
PVJC,0
QVJC,0
RVJC,0
SVJC,0
TVJC,0
UVJC,0
VVJC,0
WVJC,0
XVJC,0
YVJC,0
ZVJC,0
AWJC,0
BWJC,0
CWJC,0
DWJC,0
EWJC,0
FWJC,0
GWJC,0
HWJC,0
IWJC,0
JWJC,0
KWJC,0
LWJC,0
MWJC,0
NWJC,0
OWJC,0
PWJC,0
QWJC,0
RWJC,0
SWJC,0
TWJC,0
UWJC,0
VWJC,0
WWJC,0
XWJC,0
YWJC,0
ZWJC,0
AXJC,0
BXJC,0
CXJC,0
DXJC,0
EXJC,0
FXJC,0
GXJC,0
HXJC,0
IXJC,1
JXJC,1
KXJC,0
LXJC,1
MXJC,0
NXJC,1
OXJC,1
PXJC,1
QXJC,1
RXJC,1
SXJC,1
TXJC,1
UXJC,1
VXJC,1
WXJC,1
XXJC,1
YXJC,1
ZXJC,0
AYJC,1
BYJC,1
CYJC,1
DYJC,1
EYJC,1
FYJC,1
GYJC,0
HYJC,1
IYJC,1
JYJC,1
KYJC,1
LYJC,1
MYJC,1
NYJC,1
OYJC,0
PYJC,1
QYJC,1
RYJC,1
SYJC,1
TYJC,1
UYJC,1
VYJC,1
WYJC,0
XYJC,1
YYJC,1
ZYJC,1
AZJC,1
BZJC,1
CZJC,1
DZJC,1
EZJC,1
FZJC,1
GZJC,0
HZJC,1
IZJC,1
JZJC,1
KZJC,1
LZJC,1
MZJC,1
NZJC,1
OZJC,1
PZJC,1
QZJC,1
RZJC,0
SZJC,1
TZJC,1
UZJC,1
VZJC,1
WZJC,1
XZJC,1
YZJC,1
ZZJC,1
AAKC,1
BAKC,1
CAKC,1
DAKC,0
EAKC,0
FAKC,1
GAKC,1
HAKC,1
IAKC,1
JAKC,1
KAKC,1
LAKC,1
MAKC,1
NAKC,1
OAKC,1
PAKC,1
QAKC,1
RAKC,1
SAKC,0
TAKC,0
UAKC,1
VAKC,0
WAKC,1
XAKC,1
YAKC,1
ZAKC,1
ABKC,0
BBKC,0
CBKC,0
DBKC,0
EBKC,0
FBKC,0
GBKC,0
HBKC,0
IBKC,0
JBKC,0
KBKC,0
LBKC,0
MBKC,1
NBKC,1
OBKC,1
PBKC,1
QBKC,1
RBKC,1
SBKC,1
TBKC,1
UBKC,0
VBKC,1
WBKC,1
XBKC,1
YBKC,1
ZBKC,1
ACKC,1
BCKC,1
CCKC,1
DCKC,1
ECKC,1
FCKC,1
GCKC,1
HCKC,1
ICKC,1
JCKC,1
KCKC,1
LCKC,1
MCKC,1
NCKC,1
OCKC,1
PCKC,1
QCKC,1
RCKC,1
SCKC,0
TCKC,0
UCKC,1
VCKC,1
WCKC,1
XCKC,0
YCKC,1
ZCKC,1
ADKC,1
BDKC,1
CDKC,1
DDKC,1
EDKC,1
FDKC,1
GDKC,1
HDKC,0
IDKC,1
JDKC,1
KDKC,1
LDKC,1
MDKC,0
NDKC,1
ODKC,1
PDKC,1
QDKC,1
RDKC,1
SDKC,1
TDKC,1
UDKC,1
VDKC,1
WDKC,0
XDKC,1
YDKC,1
ZDKC,1
AEKC,1
BEKC,1
CEKC,1
DEKC,1
EEKC,1
FEKC,1
GEKC,1
HEKC,1
IEKC,1
JEKC,1
KEKC,1
LEKC,1
MEKC,1
NEKC,1
OEKC,0
PEKC,1
QEKC,1
REKC,1
SEKC,1
TEKC,0
UEKC,1
VEKC,1
WEKC,1
XEKC,1
YEKC,1
ZEKC,1
AFKC,1
BFKC,1
CFKC,1
DFKC,1
EFKC,1
FFKC,1
GFKC,1
HFKC,1
IFKC,0
JFKC,0
KFKC,1
LFKC,1
MFKC,0
NFKC,0
OFKC,0
PFKC,1
QFKC,1
RFKC,1
SFKC,1
TFKC,0
UFKC,1
VFKC,1
WFKC,1
XFKC,0
YFKC,1
ZFKC,1
AGKC,1
BGKC,1
CGKC,1
DGKC,1
EGKC,1
FGKC,1
GGKC,1
HGKC,1
IGKC,1
JGKC,1
KGKC,1
LGKC,1
MGKC,0
NGKC,1
OGKC,1
PGKC,1
QGKC,1
RGKC,1
SGKC,1
TGKC,1
UGKC,1
VGKC,1
WGKC,1
XGKC,1
YGKC,1
ZGKC,1
AHKC,1
BHKC,1
CHKC,1
DHKC,1
EHKC,1
FHKC,0
GHKC,1
HHKC,1
IHKC,1
JHKC,1
KHKC,1
LHKC,1
MHKC,1
NHKC,1
OHKC,1
PHKC,1
QHKC,1
RHKC,1
SHKC,0
THKC,1
UHKC,1
VHKC,1
WHKC,1
XHKC,1
YHKC,1
ZHKC,1
AIKC,1
BIKC,1
CIKC,1
DIKC,1
EIKC,1
FIKC,1
GIKC,1
HIKC,1
IIKC,1
JIKC,0
KIKC,1
LIKC,1
MIKC,1
NIKC,1
OIKC,1
PIKC,1
QIKC,0
RIKC,0
SIKC,0
TIKC,0
UIKC,0
VIKC,0
WIKC,1
XIKC,1
YIKC,1
ZIKC,1
AJKC,1
BJKC,1
CJKC,1
DJKC,1
EJKC,0
FJKC,1
GJKC,1
HJKC,1
IJKC,1
JJKC,1
KJKC,1
LJKC,1
MJKC,1
NJKC,1
OJKC,0
PJKC,1
QJKC,1
RJKC,0
SJKC,1
TJKC,1
UJKC,0
VJKC,0
WJKC,0
XJKC,0
YJKC,0
ZJKC,0
AKKC,0
BKKC,0
CKKC,0
DKKC,0
EKKC,1
FKKC,1
GKKC,1
HKKC,1
IKKC,1
JKKC,0
KKKC,1
LKKC,1
MKKC,1
NKKC,1
OKKC,0
PKKC,1
QKKC,1
RKKC,1
SKKC,1
TKKC,1
UKKC,1
VKKC,1
WKKC,0
XKKC,1
YKKC,1
ZKKC,1
ALKC,1
BLKC,1
CLKC,1
DLKC,1
ELKC,1
FLKC,1
GLKC,1
HLKC,1
ILKC,1
JLKC,1
KLKC,0
LLKC,1
MLKC,1
NLKC,1
OLKC,0
PLKC,0
QLKC,0
RLKC,0
SLKC,0
TLKC,0
ULKC,0
VLKC,0
WLKC,1
XLKC,1
YLKC,0
ZLKC,1
AMKC,1
BMKC,1
CMKC,1
DMKC,1
EMKC,1
FMKC,1
GMKC,1
HMKC,1
IMKC,1
JMKC,1
KMKC,0
LMKC,1
MMKC,1
NMKC,1
OMKC,1
PMKC,1
QMKC,1
RMKC,1
SMKC,1
TMKC,1
UMKC,1
VMKC,1
WMKC,1
XMKC,1
YMKC,1
ZMKC,1
ANKC,1
BNKC,1
CNKC,0
DNKC,1
ENKC,1
FNKC,0
GNKC,1
HNKC,0
INKC,1
JNKC,0
KNKC,1
LNKC,1
MNKC,1
NNKC,1
ONKC,1
PNKC,1
QNKC,1
RNKC,1
SNKC,1
TNKC,1
UNKC,1
VNKC,1
WNKC,0
XNKC,1
YNKC,1
ZNKC,1
AOKC,1
BOKC,1
COKC,1
DOKC,1
EOKC,1
FOKC,0
GOKC,1
HOKC,1
IOKC,1
JOKC,1
KOKC,1
LOKC,1
MOKC,1
NOKC,0
OOKC,1
POKC,1
QOKC,1
ROKC,1
SOKC,1
TOKC,1
UOKC,1
VOKC,1
WOKC,1
XOKC,1
YOKC,1
ZOKC,1
APKC,1
BPKC,1
CPKC,1
DPKC,1
EPKC,1
FPKC,1
GPKC,1
HPKC,1
IPKC,1
JPKC,1
KPKC,0
LPKC,0
MPKC,0
NPKC,0
OPKC,0
PPKC,0
QPKC,0
RPKC,0
SPKC,0
TPKC,0
UPKC,0
VPKC,0
WPKC,0
XPKC,0
YPKC,0
ZPKC,0
AQKC,0
BQKC,0
CQKC,0
DQKC,0
EQKC,0
FQKC,0
GQKC,0
HQKC,0
IQKC,0
JQKC,0
KQKC,0
LQKC,0
MQKC,0
NQKC,0
OQKC,0
PQKC,0
QQKC,0
RQKC,0
SQKC,0
TQKC,0
UQKC,0
VQKC,0
WQKC,0
XQKC,0
YQKC,0
ZQKC,0
ARKC,1
BRKC,0
CRKC,0
DRKC,1
ERKC,1
FRKC,1
GRKC,1
HRKC,1
IRKC,1
JRKC,1
KRKC,1
LRKC,1
MRKC,1
NRKC,1
ORKC,1
PRKC,1
QRKC,1
RRKC,1
SRKC,1
TRKC,0
URKC,0
VRKC,1
WRKC,1
XRKC,1
YRKC,1
ZRKC,1
ASKC,1
BSKC,1
CSKC,1
DSKC,1
ESKC,1
FSKC,1
GSKC,1
HSKC,1
ISKC,1
JSKC,0
KSKC,1
LSKC,1
MSKC,1
NSKC,1
OSKC,1
PSKC,1
QSKC,0
RSKC,1
SSKC,1
TSKC,1
USKC,1
VSKC,1
WSKC,1
XSKC,1
YSKC,1
ZSKC,0
ATKC,1
BTKC,1
CTKC,1
DTKC,1
ETKC,1
FTKC,1
GTKC,1
HTKC,0
ITKC,1
JTKC,1
KTKC,1
LTKC,1
MTKC,1
NTKC,1
OTKC,1
PTKC,1
QTKC,1
RTKC,1
STKC,1
TTKC,1
UTKC,1
VTKC,1
WTKC,1
XTKC,1
YTKC,1
ZTKC,1
AUKC,1
BUKC,1
CUKC,1
DUKC,1
EUKC,1
FUKC,1
GUKC,0
HUKC,1
IUKC,1
JUKC,1
KUKC,1
LUKC,0
MUKC,1
NUKC,1
OUKC,1
PUKC,1
QUKC,1
RUKC,1
SUKC,1
TUKC,0
UUKC,0
VUKC,0
WUKC,0
XUKC,0
YUKC,0
ZUKC,0
AVKC,0
BVKC,0
CVKC,0
DVKC,0
EVKC,0
FVKC,0
GVKC,0
HVKC,0
IVKC,0
JVKC,0
KVKC,0
LVKC,0
MVKC,0
NVKC,0
OVKC,0
PVKC,0
QVKC,0
RVKC,0
SVKC,0
TVKC,0
UVKC,0
VVKC,0
WVKC,0
XVKC,1
YVKC,0
ZVKC,1
AWKC,1
BWKC,1
CWKC,1
DWKC,1
EWKC,1
FWKC,1
GWKC,1
HWKC,1
IWKC,1
JWKC,1
KWKC,1
LWKC,1
MWKC,1
NWKC,1
OWKC,1
PWKC,1
QWKC,0
RWKC,1
SWKC,1
TWKC,1
UWKC,1
VWKC,1
WWKC,1
XWKC,1
YWKC,1
ZWKC,1
AXKC,1
BXKC,1
CXKC,1
DXKC,1
EXKC,1
FXKC,1
GXKC,1
HXKC,1
IXKC,1
JXKC,0
KXKC,1
LXKC,1
MXKC,1
NXKC,1
OXKC,1
PXKC,1
QXKC,1
RXKC,1
SXKC,1
TXKC,1
UXKC,1
VXKC,1
WXKC,1
XXKC,1
YXKC,1
ZXKC,1
AYKC,1
BYKC,0
CYKC,1
DYKC,1
EYKC,1
FYKC,1
GYKC,0
HYKC,1
IYKC,0
JYKC,1
KYKC,1
LYKC,1
MYKC,1
NYKC,0
OYKC,1
PYKC,1
QYKC,1
RYKC,1
SYKC,1
TYKC,1
UYKC,1
VYKC,1
WYKC,1
XYKC,1
YYKC,1
ZYKC,0
AZKC,0
BZKC,0
CZKC,0
DZKC,0
EZKC,0
FZKC,0
GZKC,0
HZKC,0
IZKC,0
JZKC,0
KZKC,0
LZKC,0
MZKC,0
NZKC,0
OZKC,0
PZKC,1
QZKC,1
RZKC,1
SZKC,0
TZKC,1
UZKC,1
VZKC,1
WZKC,0
XZKC,1
YZKC,0
ZZKC,1
AALC,1
BALC,1
CALC,1
DALC,1
EALC,0
FALC,1
GALC,1
HALC,0
IALC,1
JALC,1
KALC,1
LALC,1
MALC,1
NALC,1
OALC,1
PALC,1
QALC,1
RALC,1
SALC,1
TALC,1
UALC,1
VALC,1
WALC,1
XALC,1
YALC,1
ZALC,1
ABLC,1
BBLC,1
CBLC,1
DBLC,1
EBLC,1
FBLC,1
GBLC,1
HBLC,1
IBLC,1
JBLC,1
KBLC,1
LBLC,1
MBLC,1
NBLC,1
OBLC,1
PBLC,1
QBLC,0
RBLC,1
SBLC,1
TBLC,1
UBLC,1
VBLC,1
WBLC,1
XBLC,1
YBLC,1
ZBLC,1
ACLC,1
BCLC,1
CCLC,1
DCLC,1
ECLC,1
FCLC,1
GCLC,1
HCLC,0
ICLC,1
JCLC,1
KCLC,0
LCLC,1
MCLC,1
NCLC,1
OCLC,1
PCLC,1
QCLC,1
RCLC,1
SCLC,0
TCLC,0
UCLC,0
VCLC,1
WCLC,1
XCLC,1
YCLC,1
ZCLC,1
ADLC,0
BDLC,1
CDLC,0
DDLC,1
EDLC,0
FDLC,0
GDLC,1
HDLC,0
IDLC,1
JDLC,1
KDLC,1
LDLC,1
MDLC,0
NDLC,1
ODLC,1
PDLC,1
QDLC,1
RDLC,1
SDLC,1
TDLC,1
UDLC,1
VDLC,1
WDLC,1
XDLC,0
YDLC,1
ZDLC,1
AELC,1
BELC,1
CELC,1
DELC,1
EELC,1
FELC,1
GELC,1
HELC,1
IELC,1
JELC,1
KELC,1
LELC,1
MELC,1
NELC,1
OELC,1
PELC,1
QELC,1
RELC,1
SELC,1
TELC,0
UELC,1
VELC,1
WELC,0
XELC,1
YELC,1
ZELC,1
AFLC,0
BFLC,1
CFLC,1
DFLC,1
EFLC,1
FFLC,1
GFLC,1
HFLC,1
IFLC,1
JFLC,1
KFLC,1
LFLC,1
MFLC,1
NFLC,1
OFLC,0
PFLC,0
QFLC,1
RFLC,0
SFLC,1
TFLC,1
UFLC,1
VFLC,1
WFLC,1
XFLC,1
YFLC,1
ZFLC,1
AGLC,1
BGLC,1
CGLC,1
DGLC,0
EGLC,0
FGLC,0
GGLC,0
HGLC,0
IGLC,0
JGLC,0
KGLC,0
LGLC,0
MGLC,1
NGLC,1
OGLC,1
PGLC,1
QGLC,1
RGLC,1
SGLC,1
TGLC,1
UGLC,1
VGLC,1
WGLC,1
XGLC,1
YGLC,0
ZGLC,1
AHLC,1
BHLC,1
CHLC,1
DHLC,1
EHLC,1
FHLC,1
GHLC,1
HHLC,1
IHLC,1
JHLC,0
KHLC,0
LHLC,0
MHLC,0
NHLC,0
OHLC,0
PHLC,0
QHLC,0
RHLC,0
SHLC,0
THLC,0
UHLC,0
VHLC,0
WHLC,0
XHLC,0
YHLC,0
ZHLC,1
AILC,1
BILC,0
CILC,1
DILC,1
EILC,1
FILC,1
GILC,1
HILC,1
IILC,1
JILC,1
KILC,1
LILC,0
MILC,1
NILC,1
OILC,1
PILC,1
QILC,0
RILC,1
SILC,1
TILC,1
UILC,1
VILC,0
WILC,0
XILC,0
YILC,0
ZILC,0
AJLC,0
BJLC,1
CJLC,1
DJLC,1
EJLC,0
FJLC,1
GJLC,1
HJLC,1
IJLC,1
JJLC,1
KJLC,1
LJLC,1
MJLC,1
NJLC,1
OJLC,1
PJLC,1
QJLC,1
RJLC,1
SJLC,1
TJLC,1
UJLC,1
VJLC,0
WJLC,1
XJLC,0
YJLC,1
ZJLC,1
AKLC,1
BKLC,1
CKLC,1
DKLC,1
EKLC,1
FKLC,1
GKLC,1
HKLC,1
IKLC,1
JKLC,1
KKLC,1
LKLC,1
MKLC,1
NKLC,1
OKLC,1
PKLC,1
QKLC,1
RKLC,1
SKLC,1
TKLC,1
UKLC,1
VKLC,1
WKLC,1
XKLC,1
YKLC,1
ZKLC,1
ALLC,1
BLLC,1
CLLC,1
DLLC,1
ELLC,1
FLLC,1
GLLC,1
HLLC,0
ILLC,1
JLLC,1
KLLC,1
LLLC,1
MLLC,1
NLLC,1
OLLC,1
PLLC,1
QLLC,1
RLLC,1
SLLC,1
TLLC,1
ULLC,1
VLLC,1
WLLC,1
XLLC,1
YLLC,1
ZLLC,1
AMLC,1
BMLC,1
CMLC,0
DMLC,0
EMLC,1
FMLC,1
GMLC,1
HMLC,1
IMLC,1
JMLC,0
KMLC,0
LMLC,0
MMLC,0
NMLC,0
OMLC,0
PMLC,0
QMLC,0
RMLC,0
SMLC,0
TMLC,0
UMLC,0
VMLC,0
WMLC,0
XMLC,0
YMLC,0
ZMLC,0
ANLC,0
BNLC,0
CNLC,0
DNLC,0
ENLC,0
FNLC,0
GNLC,0
HNLC,0
INLC,0
JNLC,0
KNLC,0
LNLC,0
MNLC,0
NNLC,0
ONLC,0
PNLC,0
QNLC,0
RNLC,0
SNLC,0
TNLC,1
UNLC,1
VNLC,1
WNLC,1
XNLC,0
YNLC,1
ZNLC,1
AOLC,1
BOLC,1
COLC,1
DOLC,1
EOLC,1
FOLC,1
GOLC,1
HOLC,1
IOLC,1
JOLC,1
KOLC,1
LOLC,1
MOLC,1
NOLC,1
OOLC,1
POLC,1
QOLC,1
ROLC,1
SOLC,1
TOLC,1
UOLC,1
VOLC,1
WOLC,1
XOLC,1
YOLC,1
ZOLC,1
APLC,0
BPLC,1
CPLC,0
DPLC,1
EPLC,1
FPLC,1
GPLC,1
HPLC,0
IPLC,0
JPLC,1
KPLC,0
LPLC,1
MPLC,1
NPLC,1
OPLC,1
PPLC,1
QPLC,1
RPLC,1
SPLC,1
TPLC,1
UPLC,1
VPLC,1
WPLC,1
XPLC,1
YPLC,1
ZPLC,1
AQLC,1
BQLC,1
CQLC,1
DQLC,1
EQLC,1
FQLC,1
GQLC,1
HQLC,1
IQLC,1
JQLC,1
KQLC,1
LQLC,1
MQLC,1
NQLC,1
OQLC,1
PQLC,1
QQLC,1
RQLC,0
SQLC,1
TQLC,1
UQLC,1
VQLC,0
WQLC,1
XQLC,1
YQLC,1
ZQLC,1
ARLC,1
BRLC,1
CRLC,1
DRLC,1
ERLC,1
FRLC,1
GRLC,1
HRLC,1
IRLC,1
JRLC,1
KRLC,1
LRLC,1
MRLC,1
NRLC,0
ORLC,0
PRLC,0
QRLC,0
RRLC,0
SRLC,0
TRLC,0
URLC,0
VRLC,0
WRLC,0
XRLC,0
YRLC,0
ZRLC,0
ASLC,0
BSLC,0
CSLC,0
DSLC,0
ESLC,0
FSLC,0
GSLC,0
HSLC,0
ISLC,0
JSLC,0
KSLC,0
LSLC,0
MSLC,0
NSLC,0
OSLC,0
PSLC,0
QSLC,0
RSLC,0
SSLC,0
TSLC,0
USLC,0
VSLC,0
WSLC,0
XSLC,0
YSLC,0
ZSLC,0
ATLC,0
BTLC,0
CTLC,0
DTLC,0
ETLC,0
FTLC,0
GTLC,0
HTLC,0
ITLC,0
JTLC,0
KTLC,0
LTLC,0
MTLC,0
NTLC,0
OTLC,0
PTLC,0
QTLC,0
RTLC,0
STLC,0
TTLC,0
UTLC,0
VTLC,0
WTLC,0
XTLC,1
YTLC,1
ZTLC,1
AULC,1
BULC,1
CULC,1
DULC,1
EULC,1
FULC,1
GULC,0
HULC,1
IULC,1
JULC,1
KULC,1
LULC,1
MULC,1
NULC,1
OULC,1
PULC,0
QULC,1
RULC,1
SULC,1
TULC,1
UULC,1
VULC,1
WULC,0
XULC,1
YULC,1
ZULC,1
AVLC,1
BVLC,1
CVLC,1
DVLC,1
EVLC,1
FVLC,1
GVLC,1
HVLC,1
IVLC,1
JVLC,1
KVLC,1
LVLC,1
MVLC,1
NVLC,1
OVLC,1
PVLC,1
QVLC,1
RVLC,1
SVLC,1
TVLC,1
UVLC,1
VVLC,1
WVLC,1
XVLC,1
YVLC,1
ZVLC,1
AWLC,1
BWLC,1
CWLC,1
DWLC,1
EWLC,1
FWLC,1
GWLC,1
HWLC,0
IWLC,1
JWLC,1
KWLC,1
LWLC,1
MWLC,1
NWLC,1
OWLC,1
PWLC,1
QWLC,0
RWLC,1
SWLC,1
TWLC,1
UWLC,1
VWLC,1
WWLC,0
XWLC,0
YWLC,0
ZWLC,1
AXLC,1
BXLC,1
CXLC,1
DXLC,1
EXLC,0
FXLC,1
GXLC,0
HXLC,0
IXLC,0
JXLC,0
KXLC,0
LXLC,0
MXLC,0
NXLC,1
OXLC,1
PXLC,0
QXLC,1
RXLC,1
SXLC,1
TXLC,0
UXLC,1
VXLC,1
WXLC,1
XXLC,0
YXLC,1
ZXLC,1
AYLC,1
BYLC,1
CYLC,1
DYLC,1
EYLC,1
FYLC,1
GYLC,1
HYLC,1
IYLC,1
JYLC,1
KYLC,1
LYLC,1
MYLC,1
NYLC,1
OYLC,1
PYLC,1
QYLC,1
RYLC,1
SYLC,1
TYLC,1
UYLC,1
VYLC,1
WYLC,1
XYLC,1
YYLC,1
ZYLC,1
AZLC,1
BZLC,0
CZLC,1
DZLC,1
EZLC,1
FZLC,1
GZLC,1
HZLC,1
IZLC,1
JZLC,1
KZLC,1
LZLC,1
MZLC,1
NZLC,1
OZLC,1
PZLC,1
QZLC,1
RZLC,1
SZLC,1
TZLC,1
UZLC,1
VZLC,1
WZLC,0
XZLC,1
YZLC,1
ZZLC,1
AAMC,0
BAMC,1
CAMC,1
DAMC,1
EAMC,1
FAMC,1
GAMC,1
HAMC,1
IAMC,1
JAMC,1
KAMC,1
LAMC,1
MAMC,1
NAMC,1
OAMC,0
PAMC,0
QAMC,1
RAMC,1
SAMC,1
TAMC,1
UAMC,0
VAMC,1
WAMC,0
XAMC,1
YAMC,1
ZAMC,1
ABMC,1
BBMC,1
CBMC,1
DBMC,1
EBMC,1
FBMC,0
GBMC,1
HBMC,1
IBMC,0
JBMC,1
KBMC,1
LBMC,1
MBMC,1
NBMC,1
OBMC,1
PBMC,0
QBMC,1
RBMC,1
SBMC,0
TBMC,0
UBMC,0
VBMC,0
WBMC,0
XBMC,0
YBMC,0
ZBMC,0
ACMC,0
BCMC,0
CCMC,0
DCMC,0
ECMC,0
FCMC,0
GCMC,0
HCMC,0
ICMC,0
JCMC,0
KCMC,0
LCMC,0
MCMC,0
NCMC,0
OCMC,0
PCMC,1
QCMC,0
RCMC,0
SCMC,0
TCMC,0
UCMC,1
VCMC,1
WCMC,0
XCMC,1
YCMC,1
ZCMC,1
ADMC,1
BDMC,1
CDMC,1
DDMC,1
EDMC,1
FDMC,1
GDMC,1
HDMC,1
IDMC,1
JDMC,1
KDMC,1
LDMC,1
MDMC,1
NDMC,1
ODMC,1
PDMC,1
QDMC,1
RDMC,0
SDMC,1
TDMC,0
UDMC,1
VDMC,1
WDMC,1
XDMC,1
YDMC,1
ZDMC,0
AEMC,0
BEMC,1
CEMC,0
DEMC,1
EEMC,1
FEMC,1
GEMC,1
HEMC,0
IEMC,1
JEMC,1
KEMC,0
LEMC,0
MEMC,1
NEMC,1
OEMC,1
PEMC,1
QEMC,1
REMC,1
SEMC,1
TEMC,1
UEMC,1
VEMC,1
WEMC,1
XEMC,1
YEMC,1
ZEMC,1
AFMC,1
BFMC,1
CFMC,1
DFMC,1
EFMC,0
FFMC,1
GFMC,1
HFMC,1
IFMC,1
JFMC,1
KFMC,1
LFMC,1
MFMC,1
NFMC,0
OFMC,0
PFMC,1
QFMC,1
RFMC,1
SFMC,1
TFMC,1
UFMC,1
VFMC,1
WFMC,1
XFMC,1
YFMC,1
ZFMC,1
AGMC,1
BGMC,1
CGMC,1
DGMC,1
EGMC,1
FGMC,1
GGMC,0
HGMC,0
IGMC,0
JGMC,0
KGMC,0
LGMC,0
MGMC,0
NGMC,0
OGMC,1
PGMC,1
QGMC,1
RGMC,1
SGMC,0
TGMC,0
UGMC,1
VGMC,0
WGMC,1
XGMC,1
YGMC,1
ZGMC,0
AHMC,1
BHMC,1
CHMC,1
DHMC,1
EHMC,0
FHMC,0
GHMC,0
HHMC,0
IHMC,0
JHMC,0
KHMC,0
LHMC,0
MHMC,0
NHMC,0
OHMC,1
PHMC,1
QHMC,1
RHMC,1
SHMC,1
THMC,1
UHMC,1
VHMC,0
WHMC,1
XHMC,1
YHMC,1
ZHMC,1
AIMC,1
BIMC,1
CIMC,1
DIMC,1
EIMC,1
FIMC,1
GIMC,1
HIMC,0
IIMC,0
JIMC,0
KIMC,0
LIMC,0
MIMC,0
NIMC,0
OIMC,0
PIMC,0
QIMC,1
RIMC,1
SIMC,1
TIMC,1
UIMC,1
VIMC,1
WIMC,0
XIMC,1
YIMC,1
ZIMC,1
AJMC,0
BJMC,1
CJMC,1
DJMC,1
EJMC,1
FJMC,1
GJMC,1
HJMC,1
IJMC,1
JJMC,0
KJMC,0
LJMC,0
MJMC,1
NJMC,1
OJMC,1
PJMC,1
QJMC,1
RJMC,1
SJMC,1
TJMC,0
UJMC,1
VJMC,1
WJMC,1
XJMC,1
YJMC,1
ZJMC,0
AKMC,1
BKMC,1
CKMC,0
DKMC,1
EKMC,1
FKMC,1
GKMC,1
HKMC,1
IKMC,1
JKMC,1
KKMC,0
LKMC,1
MKMC,1
NKMC,1
OKMC,1
PKMC,1
QKMC,1
RKMC,1
SKMC,1
TKMC,0
UKMC,1
VKMC,1
WKMC,1
XKMC,1
YKMC,1
ZKMC,1
ALMC,1
BLMC,1
CLMC,1
DLMC,1
ELMC,0
FLMC,1
GLMC,1
HLMC,0
ILMC,1
JLMC,1
KLMC,0
LLMC,1
MLMC,1
NLMC,1
OLMC,1
PLMC,1
QLMC,1
RLMC,1
SLMC,1
TLMC,1
ULMC,1
VLMC,1
WLMC,1
XLMC,1
YLMC,1
ZLMC,1
AMMC,1
BMMC,1
CMMC,1
DMMC,1
EMMC,1
FMMC,1
GMMC,1
HMMC,1
IMMC,1
JMMC,1
KMMC,1
LMMC,1
MMMC,0
NMMC,0
OMMC,1
PMMC,1
QMMC,1
RMMC,1
SMMC,1
TMMC,0
UMMC,1
VMMC,0
WMMC,0
XMMC,1
YMMC,1
ZMMC,1
ANMC,1
BNMC,1
CNMC,0
DNMC,0
ENMC,0
FNMC,0
GNMC,0
HNMC,0
INMC,0
JNMC,0
KNMC,0
LNMC,0
MNMC,0
NNMC,0
ONMC,0
PNMC,0
QNMC,0
RNMC,0
SNMC,0
TNMC,0
UNMC,0
VNMC,0
WNMC,0
XNMC,0
YNMC,0
ZNMC,0
AOMC,0
BOMC,0
COMC,0
DOMC,0
EOMC,1
FOMC,1
GOMC,1
HOMC,1
IOMC,1
JOMC,1
KOMC,1
LOMC,1
MOMC,1
NOMC,1
OOMC,1
POMC,1
QOMC,1
ROMC,1
SOMC,1
TOMC,1
UOMC,0
VOMC,0
WOMC,1
XOMC,1
YOMC,1
ZOMC,1
APMC,1
BPMC,1
CPMC,1
DPMC,1
EPMC,1
FPMC,1
GPMC,1
HPMC,1
IPMC,1
JPMC,1
KPMC,1
LPMC,1
MPMC,1
NPMC,1
OPMC,1
PPMC,1
QPMC,1
RPMC,1
SPMC,1
TPMC,1
UPMC,1
VPMC,1
WPMC,1
XPMC,1
YPMC,1
ZPMC,1
AQMC,1
BQMC,1
CQMC,1
DQMC,1
EQMC,0
FQMC,1
GQMC,1
HQMC,0
IQMC,1
JQMC,1
KQMC,1
LQMC,1
MQMC,1
NQMC,1
OQMC,1
PQMC,1
QQMC,1
RQMC,1
SQMC,1
TQMC,1
UQMC,1
VQMC,1
WQMC,1
XQMC,1
YQMC,1
ZQMC,0
ARMC,1
BRMC,1
CRMC,1
DRMC,1
ERMC,1
FRMC,1
GRMC,1
HRMC,1
IRMC,1
JRMC,1
KRMC,0
LRMC,0
MRMC,1
NRMC,1
ORMC,1
PRMC,1
QRMC,0
RRMC,1
SRMC,1
TRMC,1
URMC,1
VRMC,0
WRMC,0
XRMC,0
YRMC,0
ZRMC,0
ASMC,0
BSMC,0
CSMC,0
DSMC,0
ESMC,0
FSMC,0
GSMC,0
HSMC,0
ISMC,0
JSMC,0
KSMC,0
LSMC,0
MSMC,0
NSMC,0
OSMC,0
PSMC,0
QSMC,0
RSMC,0
SSMC,0
TSMC,0
USMC,0
VSMC,0
WSMC,0
XSMC,0
YSMC,0
ZSMC,0
ATMC,0
BTMC,0
CTMC,0
DTMC,0
ETMC,0
FTMC,0
GTMC,0
HTMC,0
ITMC,0
JTMC,0
KTMC,0
LTMC,0
MTMC,0
NTMC,0
OTMC,0
PTMC,0
QTMC,0
RTMC,0
STMC,0
TTMC,0
UTMC,0
VTMC,0
WTMC,0
XTMC,1
YTMC,0
ZTMC,0
AUMC,0
BUMC,1
CUMC,1
DUMC,1
EUMC,0
FUMC,1
GUMC,1
HUMC,1
IUMC,1
JUMC,1
KUMC,1
LUMC,1
MUMC,1
NUMC,1
OUMC,1
PUMC,1
QUMC,1
RUMC,0
SUMC,0
TUMC,0
UUMC,0
VUMC,0
WUMC,0
XUMC,0
YUMC,0
ZUMC,1
AVMC,1
BVMC,1
CVMC,1
DVMC,1
EVMC,1
FVMC,1
GVMC,1
HVMC,1
IVMC,1
JVMC,0
KVMC,1
LVMC,1
MVMC,1
NVMC,1
OVMC,1
PVMC,1
QVMC,1
RVMC,1
SVMC,1
TVMC,1
UVMC,1
VVMC,1
WVMC,1
XVMC,1
YVMC,1
ZVMC,1
AWMC,1
BWMC,1
CWMC,1
DWMC,1
EWMC,1
FWMC,1
GWMC,1
HWMC,1
IWMC,1
JWMC,1
KWMC,1
LWMC,1
MWMC,0
NWMC,0
OWMC,0
PWMC,1
QWMC,1
RWMC,1
SWMC,1
TWMC,1
UWMC,1
VWMC,1
WWMC,1
XWMC,1
YWMC,0
ZWMC,0
AXMC,0
BXMC,1
CXMC,1
DXMC,1
EXMC,1
FXMC,1
GXMC,1
HXMC,1
IXMC,1
JXMC,1
KXMC,0
LXMC,1
MXMC,1
NXMC,1
OXMC,1
PXMC,1
QXMC,1
RXMC,1
SXMC,1
TXMC,1
UXMC,1
VXMC,1
WXMC,1
XXMC,1
YXMC,1
ZXMC,1
AYMC,1
BYMC,1
CYMC,0
DYMC,1
EYMC,1
FYMC,1
GYMC,1
HYMC,1
IYMC,1
JYMC,1
KYMC,1
LYMC,1
MYMC,1
NYMC,1
OYMC,1
PYMC,1
QYMC,1
RYMC,1
SYMC,0
TYMC,1
UYMC,1
VYMC,1
WYMC,1
XYMC,1
YYMC,0
ZYMC,1
AZMC,1
BZMC,0
CZMC,1
DZMC,1
EZMC,1
FZMC,1
GZMC,0
HZMC,0
IZMC,1
JZMC,1
KZMC,1
LZMC,1
MZMC,1
NZMC,1
OZMC,1
PZMC,1
QZMC,1
RZMC,1
SZMC,1
TZMC,1
UZMC,1
VZMC,1
WZMC,1
XZMC,1
YZMC,1
ZZMC,1
AANC,1
BANC,0
CANC,0
DANC,0
EANC,1
FANC,0
GANC,0
HANC,0
IANC,1
JANC,1
KANC,1
LANC,1
MANC,1
NANC,1
OANC,1
PANC,1
QANC,1
RANC,1
SANC,1
TANC,0
UANC,1
VANC,1
WANC,1
XANC,0
YANC,0
ZANC,0
ABNC,1
BBNC,1
CBNC,0
DBNC,1
EBNC,1
FBNC,0
GBNC,1
HBNC,1
IBNC,1
JBNC,0
KBNC,1
LBNC,1
MBNC,1
NBNC,1
OBNC,1
PBNC,1
QBNC,0
RBNC,1
SBNC,1
TBNC,1
UBNC,0
VBNC,1
WBNC,0
XBNC,0
YBNC,1
ZBNC,1
ACNC,1
BCNC,1
CCNC,1
DCNC,0
ECNC,1
FCNC,1
GCNC,1
HCNC,1
ICNC,1
JCNC,1
KCNC,1
LCNC,1
MCNC,1
NCNC,1
OCNC,1
PCNC,1
QCNC,1
RCNC,1
SCNC,1
TCNC,0
UCNC,1
VCNC,1
WCNC,1
XCNC,1
YCNC,1
ZCNC,1
ADNC,1
BDNC,1
CDNC,1
DDNC,1
EDNC,1
FDNC,1
GDNC,1
HDNC,1
IDNC,1
JDNC,1
KDNC,1
LDNC,1
MDNC,1
NDNC,0
ODNC,0
PDNC,0
QDNC,0
RDNC,0
SDNC,0
TDNC,0
UDNC,0
VDNC,0
WDNC,0
XDNC,0
YDNC,0
ZDNC,0
AENC,0
BENC,0
CENC,0
DENC,0
EENC,0
FENC,0
GENC,0
HENC,0
IENC,0
JENC,0
KENC,0
LENC,0
MENC,0
NENC,0
OENC,0
PENC,1
QENC,1
RENC,0
SENC,1
TENC,1
UENC,0
VENC,0
WENC,1
XENC,1
YENC,1
ZENC,1
AFNC,1
BFNC,1
CFNC,1
DFNC,1
EFNC,1
FFNC,1
GFNC,1
HFNC,1
IFNC,1
JFNC,1
KFNC,0
LFNC,1
MFNC,0
NFNC,0
OFNC,0
PFNC,1
QFNC,1
RFNC,1
SFNC,1
TFNC,0
UFNC,0
VFNC,1
WFNC,1
XFNC,1
YFNC,1
ZFNC,1
AGNC,1
BGNC,1
CGNC,1
DGNC,1
EGNC,0
FGNC,0
GGNC,0
HGNC,0
IGNC,0
JGNC,0
KGNC,0
LGNC,0
MGNC,0
NGNC,1
OGNC,1
PGNC,1
QGNC,0
RGNC,1
SGNC,1
TGNC,1
UGNC,1
VGNC,1
WGNC,1
XGNC,1
YGNC,1
ZGNC,1
AHNC,0
BHNC,0
CHNC,1
DHNC,1
EHNC,1
FHNC,1
GHNC,1
HHNC,1
IHNC,0
JHNC,1
KHNC,1
LHNC,1
MHNC,0
NHNC,1
OHNC,1
PHNC,1
QHNC,0
RHNC,0
SHNC,0
THNC,0
UHNC,0
VHNC,1
WHNC,1
XHNC,1
YHNC,1
ZHNC,1
AINC,1
BINC,1
CINC,1
DINC,1
EINC,1
FINC,1
GINC,1
HINC,1
IINC,1
JINC,1
KINC,1
LINC,1
MINC,1
NINC,1
OINC,0
PINC,1
QINC,1
RINC,1
SINC,1
TINC,1
UINC,0
VINC,0
WINC,1
XINC,1
YINC,0
ZINC,1
AJNC,1
BJNC,1
CJNC,0
DJNC,1
EJNC,1
FJNC,1
GJNC,0
HJNC,1
IJNC,1
JJNC,1
KJNC,0
LJNC,1
MJNC,1
NJNC,1
OJNC,1
PJNC,1
QJNC,1
RJNC,1
SJNC,1
TJNC,1
UJNC,1
VJNC,1
WJNC,1
XJNC,1
YJNC,1
ZJNC,1
AKNC,1
BKNC,1
CKNC,1
DKNC,1
EKNC,1
FKNC,0
GKNC,1
HKNC,1
IKNC,1
JKNC,1
KKNC,1
LKNC,1
MKNC,1
NKNC,1
OKNC,1
PKNC,1
QKNC,1
RKNC,1
SKNC,1
TKNC,1
UKNC,1
VKNC,0
WKNC,1
XKNC,0
YKNC,1
ZKNC,0
ALNC,1
BLNC,1
CLNC,1
DLNC,1
ELNC,1
FLNC,0
GLNC,1
HLNC,1
ILNC,1
JLNC,1
KLNC,1
LLNC,1
MLNC,1
NLNC,1
OLNC,0
PLNC,1
QLNC,0
RLNC,1
SLNC,1
TLNC,1
ULNC,1
VLNC,1
WLNC,0
XLNC,0
YLNC,0
ZLNC,0
AMNC,0
BMNC,0
CMNC,0
DMNC,0
EMNC,0
FMNC,0
GMNC,0
HMNC,0
IMNC,0
JMNC,0
KMNC,0
LMNC,0
MMNC,0
NMNC,0
OMNC,0
PMNC,0
QMNC,0
RMNC,0
SMNC,0
TMNC,0
UMNC,0
VMNC,0
WMNC,0
XMNC,0
YMNC,0
ZMNC,0
ANNC,0
BNNC,0
CNNC,0
DNNC,0
ENNC,0
FNNC,0
GNNC,0
HNNC,0
INNC,0
JNNC,0
KNNC,1
LNNC,1
MNNC,1
NNNC,1
ONNC,1
PNNC,0
QNNC,1
RNNC,1
SNNC,1
TNNC,1
UNNC,1
VNNC,1
WNNC,0
XNNC,0
YNNC,1
ZNNC,0
AONC,1
BONC,1
CONC,1
DONC,1
EONC,1
FONC,1
GONC,1
HONC,1
IONC,1
JONC,1
KONC,1
LONC,1
MONC,1
NONC,1
OONC,1
PONC,1
QONC,1
RONC,1
SONC,1
TONC,1
UONC,1
VONC,1
WONC,1
XONC,1
YONC,1
ZONC,1
APNC,1
BPNC,1
CPNC,1
DPNC,1
EPNC,1
FPNC,1
GPNC,1
HPNC,1
IPNC,1
JPNC,1
KPNC,1
LPNC,1
MPNC,1
NPNC,1
OPNC,1
PPNC,1
QPNC,1
RPNC,0
SPNC,1
TPNC,1
UPNC,0
VPNC,1
WPNC,1
XPNC,1
YPNC,1
ZPNC,1
AQNC,0
BQNC,1
CQNC,1
DQNC,1
EQNC,1
FQNC,1
GQNC,1
HQNC,0
IQNC,1
JQNC,0
KQNC,1
LQNC,1
MQNC,1
NQNC,1
OQNC,1
PQNC,1
QQNC,1
RQNC,1
SQNC,1
TQNC,1
UQNC,1
VQNC,1
WQNC,1
XQNC,1
YQNC,1
ZQNC,1
ARNC,0
BRNC,1
CRNC,1
DRNC,1
ERNC,1
FRNC,1
GRNC,0
HRNC,1
IRNC,1
JRNC,1
KRNC,1
LRNC,1
MRNC,1
NRNC,1
ORNC,1
PRNC,1
QRNC,1
RRNC,1
SRNC,1
TRNC,1
URNC,1
VRNC,1
WRNC,0
XRNC,1
YRNC,1
ZRNC,1
ASNC,1
BSNC,1
CSNC,1
DSNC,1
ESNC,1
FSNC,1
GSNC,1
HSNC,1
ISNC,1
JSNC,1
KSNC,1
LSNC,1
MSNC,1
NSNC,1
OSNC,0
PSNC,0
QSNC,0
RSNC,0
SSNC,0
TSNC,0
USNC,0
VSNC,0
WSNC,0
XSNC,0
YSNC,0
ZSNC,0
ATNC,0
BTNC,0
CTNC,0
DTNC,0
ETNC,0
FTNC,0
GTNC,0
HTNC,0
ITNC,0
JTNC,0
KTNC,0
LTNC,0
MTNC,0
NTNC,0
OTNC,0
PTNC,0
QTNC,0
RTNC,0
STNC,0
TTNC,0
UTNC,0
VTNC,0
WTNC,0
XTNC,0
YTNC,0
ZTNC,0
AUNC,0
BUNC,0
CUNC,0
DUNC,0
EUNC,0
FUNC,0
GUNC,0
HUNC,0
IUNC,0
JUNC,0
KUNC,0
LUNC,0
MUNC,0
NUNC,1
OUNC,1
PUNC,1
QUNC,0
RUNC,1
SUNC,1
TUNC,1
UUNC,1
VUNC,1
WUNC,0
XUNC,1
YUNC,1
ZUNC,1
AVNC,1
BVNC,1
CVNC,0
DVNC,0
EVNC,1
FVNC,1
GVNC,1
HVNC,1
IVNC,1
JVNC,1
KVNC,1
LVNC,1
MVNC,1
NVNC,1
OVNC,1
PVNC,1
QVNC,0
RVNC,1
SVNC,1
TVNC,1
UVNC,0
VVNC,1
WVNC,1
XVNC,1
YVNC,1
ZVNC,1
AWNC,1
BWNC,1
CWNC,1
DWNC,1
EWNC,1
FWNC,1
GWNC,1
HWNC,1
IWNC,1
JWNC,1
KWNC,1
LWNC,1
MWNC,1
NWNC,1
OWNC,1
PWNC,1
QWNC,1
RWNC,1
SWNC,0
TWNC,1
UWNC,1
VWNC,0
WWNC,1
XWNC,1
YWNC,1
ZWNC,1
AXNC,0
BXNC,1
CXNC,1
DXNC,1
EXNC,1
FXNC,1
GXNC,1
HXNC,1
IXNC,1
JXNC,1
KXNC,1
LXNC,1
MXNC,1
NXNC,1
OXNC,1
PXNC,1
QXNC,1
RXNC,1
SXNC,0
TXNC,1
UXNC,0
VXNC,1
WXNC,1
XXNC,1
YXNC,1
ZXNC,1
AYNC,1
BYNC,1
CYNC,1
DYNC,1
EYNC,1
FYNC,1
GYNC,1
HYNC,1
IYNC,1
JYNC,1
KYNC,0
LYNC,0
MYNC,0
NYNC,0
OYNC,0
PYNC,0
QYNC,0
RYNC,0
SYNC,0
TYNC,0
UYNC,0
VYNC,0
WYNC,0
XYNC,0
YYNC,0
ZYNC,1
AZNC,1
BZNC,1
CZNC,1
DZNC,1
EZNC,1
FZNC,1
GZNC,1
HZNC,1
IZNC,1
JZNC,1
KZNC,1
LZNC,1
MZNC,1
NZNC,1
OZNC,1
PZNC,1
QZNC,1
RZNC,1
SZNC,1
TZNC,1
UZNC,0
VZNC,1
WZNC,1
XZNC,1
YZNC,1
ZZNC,0
AAOC,1
BAOC,1
CAOC,1
DAOC,1
EAOC,1
FAOC,1
GAOC,1
HAOC,1
IAOC,1
JAOC,1
KAOC,1
LAOC,1
MAOC,1
NAOC,1
OAOC,1
PAOC,1
QAOC,1
RAOC,0
SAOC,1
TAOC,1
UAOC,1
VAOC,1
WAOC,1
XAOC,1
YAOC,1
ZAOC,1
ABOC,0
BBOC,1
CBOC,1
DBOC,1
EBOC,1
FBOC,1
GBOC,1
HBOC,1
IBOC,0
JBOC,1
KBOC,1
LBOC,1
MBOC,1
NBOC,0
OBOC,1
PBOC,1
QBOC,1
RBOC,1
SBOC,1
TBOC,1
UBOC,1
VBOC,1
WBOC,1
XBOC,0
YBOC,1
ZBOC,1
ACOC,1
BCOC,1
CCOC,1
DCOC,1
ECOC,1
FCOC,1
GCOC,1
HCOC,1
ICOC,1
JCOC,0
KCOC,1
LCOC,1
MCOC,0
NCOC,1
OCOC,1
PCOC,1
QCOC,1
RCOC,1
SCOC,1
TCOC,1
UCOC,1
VCOC,1
WCOC,1
XCOC,1
YCOC,1
ZCOC,1
ADOC,1
BDOC,1
CDOC,1
DDOC,1
EDOC,1
FDOC,1
GDOC,1
HDOC,1
IDOC,1
JDOC,1
KDOC,1
LDOC,1
MDOC,1
NDOC,1
ODOC,1
PDOC,1
QDOC,0
RDOC,1
SDOC,1
TDOC,1
UDOC,0
VDOC,0
WDOC,1
XDOC,1
YDOC,1
ZDOC,1
AEOC,1
BEOC,1
CEOC,1
DEOC,1
EEOC,1
FEOC,0
GEOC,0
HEOC,0
IEOC,0
JEOC,1
KEOC,1
LEOC,0
MEOC,1
NEOC,1
OEOC,1
PEOC,0
QEOC,0
REOC,0
SEOC,0
TEOC,0
UEOC,0
VEOC,0
WEOC,0
XEOC,1
YEOC,1
ZEOC,1
AFOC,1
BFOC,1
CFOC,1
DFOC,1
EFOC,1
FFOC,1
GFOC,0
HFOC,1
IFOC,1
JFOC,1
KFOC,0
LFOC,0
MFOC,0
NFOC,0
OFOC,1
PFOC,1
QFOC,1
RFOC,1
SFOC,1
TFOC,1
UFOC,1
VFOC,1
WFOC,1
XFOC,1
YFOC,1
ZFOC,1
AGOC,1
BGOC,1
CGOC,1
DGOC,1
EGOC,1
FGOC,1
GGOC,0
HGOC,1
IGOC,1
JGOC,1
KGOC,1
LGOC,1
MGOC,1
NGOC,0
OGOC,1
PGOC,0
QGOC,1
RGOC,1
SGOC,1
TGOC,1
UGOC,0
VGOC,1
WGOC,0
XGOC,1
YGOC,1
ZGOC,1
AHOC,0
BHOC,1
CHOC,1
DHOC,1
EHOC,1
FHOC,1
GHOC,1
HHOC,1
IHOC,1
JHOC,1
KHOC,1
LHOC,1
MHOC,1
NHOC,1
OHOC,1
PHOC,1
QHOC,1
RHOC,1
SHOC,0
THOC,1
UHOC,1
VHOC,1
WHOC,1
XHOC,0
YHOC,1
ZHOC,0
AIOC,1
BIOC,0
CIOC,1
DIOC,1
EIOC,1
FIOC,0
GIOC,0
HIOC,1
IIOC,1
JIOC,1
KIOC,1
LIOC,1
MIOC,1
NIOC,0
OIOC,1
PIOC,1
QIOC,1
RIOC,1
SIOC,1
TIOC,1
UIOC,1
VIOC,1
WIOC,1
XIOC,0
YIOC,1
ZIOC,1
AJOC,1
BJOC,1
CJOC,0
DJOC,0
EJOC,1
FJOC,1
GJOC,1
HJOC,1
IJOC,1
JJOC,1
KJOC,1
LJOC,1
MJOC,1
NJOC,1
OJOC,1
PJOC,1
QJOC,1
RJOC,1
SJOC,1
TJOC,0
UJOC,1
VJOC,1
WJOC,1
XJOC,0
YJOC,0
ZJOC,0
AKOC,0
BKOC,0
CKOC,0
DKOC,0
EKOC,0
FKOC,1
GKOC,1
HKOC,1
IKOC,1
JKOC,1
KKOC,0
LKOC,0
MKOC,1
NKOC,1
OKOC,1
PKOC,1
QKOC,1
RKOC,1
SKOC,1
TKOC,1
UKOC,1
VKOC,1
WKOC,1
XKOC,1
YKOC,1
ZKOC,1
ALOC,0
BLOC,0
CLOC,0
DLOC,0
ELOC,0
FLOC,0
GLOC,0
HLOC,0
ILOC,0
JLOC,0
KLOC,0
LLOC,0
MLOC,1
NLOC,0
OLOC,0
PLOC,0
QLOC,0
RLOC,0
SLOC,0
TLOC,1
ULOC,1
VLOC,1
WLOC,1
XLOC,1
YLOC,0
ZLOC,0
AMOC,1
BMOC,1
CMOC,1
DMOC,1
EMOC,1
FMOC,1
GMOC,0
HMOC,1
IMOC,1
JMOC,0
KMOC,0
LMOC,1
MMOC,1
NMOC,1
OMOC,0
PMOC,1
QMOC,1
RMOC,1
SMOC,1
TMOC,0
UMOC,1
VMOC,1
WMOC,1
XMOC,1
YMOC,1
ZMOC,0
ANOC,1
BNOC,1
CNOC,1
DNOC,1
ENOC,1
FNOC,1
GNOC,1
HNOC,1
INOC,1
JNOC,1
KNOC,1
LNOC,1
MNOC,1
NNOC,0
ONOC,1
PNOC,1
QNOC,1
RNOC,1
SNOC,1
TNOC,1
UNOC,1
VNOC,1
WNOC,1
XNOC,1
YNOC,1
ZNOC,1
AOOC,1
BOOC,1
COOC,1
DOOC,1
EOOC,1
FOOC,1
GOOC,1
HOOC,1
IOOC,1
JOOC,1
KOOC,1
LOOC,1
MOOC,1
NOOC,1
OOOC,1
POOC,1
QOOC,0
ROOC,1
SOOC,1
TOOC,0
UOOC,1
VOOC,0
WOOC,1
XOOC,1
YOOC,1
ZOOC,0
APOC,0
BPOC,0
CPOC,0
DPOC,0
EPOC,0
FPOC,0
GPOC,0
HPOC,0
IPOC,0
JPOC,0
KPOC,0
LPOC,0
MPOC,0
NPOC,0
OPOC,0
PPOC,0
QPOC,0
RPOC,0
SPOC,0
TPOC,0
UPOC,0
VPOC,0
WPOC,0
XPOC,0
YPOC,0
ZPOC,0
AQOC,0
BQOC,0
CQOC,0
DQOC,0
EQOC,0
FQOC,0
GQOC,0
HQOC,0
IQOC,0
JQOC,0
KQOC,1
LQOC,0
MQOC,0
NQOC,0
OQOC,0
PQOC,0
QQOC,1
RQOC,1
SQOC,1
TQOC,0
UQOC,0
VQOC,1
WQOC,1
XQOC,1
YQOC,1
ZQOC,1
AROC,1
BROC,0
CROC,1
DROC,1
EROC,1
FROC,1
GROC,1
HROC,1
IROC,1
JROC,1
KROC,1
LROC,1
MROC,1
NROC,1
OROC,1
PROC,1
QROC,1
RROC,1
SROC,1
TROC,1
UROC,1
VROC,1
WROC,1
XROC,1
YROC,1
ZROC,1
ASOC,1
BSOC,0
CSOC,1
DSOC,1
ESOC,1
FSOC,1
GSOC,1
HSOC,1
ISOC,0
JSOC,1
KSOC,1
LSOC,1
MSOC,1
NSOC,1
OSOC,1
PSOC,1
QSOC,1
RSOC,1
SSOC,1
TSOC,1
USOC,1
VSOC,1
WSOC,1
XSOC,1
YSOC,1
ZSOC,0
ATOC,1
BTOC,1
CTOC,1
DTOC,1
ETOC,1
FTOC,1
GTOC,0
HTOC,1
ITOC,1
JTOC,1
KTOC,0
LTOC,1
MTOC,1
NTOC,1
OTOC,1
PTOC,1
QTOC,1
RTOC,1
STOC,1
TTOC,1
UTOC,1
VTOC,1
WTOC,1
XTOC,1
YTOC,1
ZTOC,1
AUOC,0
BUOC,1
CUOC,0
DUOC,1
EUOC,1
FUOC,1
GUOC,1
HUOC,1
IUOC,1
JUOC,1
KUOC,1
LUOC,1
MUOC,1
NUOC,1
OUOC,0
PUOC,0
QUOC,0
RUOC,0
SUOC,0
TUOC,0
UUOC,0
VUOC,0
WUOC,0
XUOC,0
YUOC,0
ZUOC,0
AVOC,0
BVOC,0
CVOC,0
DVOC,0
EVOC,0
FVOC,0
GVOC,0
HVOC,0
IVOC,0
JVOC,0
KVOC,0
LVOC,0
MVOC,0
NVOC,0
OVOC,0
PVOC,0
QVOC,0
RVOC,0
SVOC,0
TVOC,0
UVOC,0
VVOC,0
WVOC,0
XVOC,0
YVOC,0
ZVOC,0
AWOC,0
BWOC,1
CWOC,1
DWOC,1
EWOC,1
FWOC,1
GWOC,1
HWOC,1
IWOC,1
JWOC,1
KWOC,1
LWOC,1
MWOC,1
NWOC,1
OWOC,1
PWOC,1
QWOC,1
RWOC,1
SWOC,1
TWOC,1
UWOC,1
VWOC,1
WWOC,1
XWOC,1
YWOC,1
ZWOC,1
AXOC,1
BXOC,1
CXOC,1
DXOC,1
EXOC,1
FXOC,1
GXOC,1
HXOC,1
IXOC,1
JXOC,1
KXOC,1
LXOC,1
MXOC,1
NXOC,1
OXOC,1
PXOC,1
QXOC,1
RXOC,1
SXOC,1
TXOC,0
UXOC,1
VXOC,1
WXOC,1
XXOC,1
YXOC,1
ZXOC,1
AYOC,1
BYOC,1
CYOC,1
DYOC,1
EYOC,1
FYOC,1
GYOC,1
HYOC,1
IYOC,1
JYOC,1
KYOC,1
LYOC,1
MYOC,1
NYOC,1
OYOC,1
PYOC,1
QYOC,1
RYOC,1
SYOC,0
TYOC,1
UYOC,1
VYOC,1
WYOC,1
XYOC,1
YYOC,1
ZYOC,1
AZOC,1
BZOC,1
CZOC,1
DZOC,1
EZOC,1
FZOC,1
GZOC,1
HZOC,1
IZOC,1
JZOC,1
KZOC,0
LZOC,1
MZOC,0
NZOC,1
OZOC,1
PZOC,1
QZOC,1
RZOC,0
SZOC,0
TZOC,0
UZOC,0
VZOC,0
WZOC,0
XZOC,0
YZOC,0
ZZOC,0
AAPC,0
BAPC,0
CAPC,0
DAPC,0
EAPC,0
FAPC,0
GAPC,1
HAPC,1
IAPC,1
JAPC,1
KAPC,0
LAPC,1
MAPC,1
NAPC,1
OAPC,0
PAPC,1
QAPC,1
RAPC,1
SAPC,1
TAPC,1
UAPC,1
VAPC,1
WAPC,1
XAPC,1
YAPC,1
ZAPC,0
ABPC,1
BBPC,1
CBPC,1
DBPC,1
EBPC,1
FBPC,1
GBPC,1
HBPC,1
IBPC,1
JBPC,1
KBPC,1
LBPC,1
MBPC,0
NBPC,1
OBPC,1
PBPC,1
QBPC,0
RBPC,1
SBPC,1
TBPC,1
UBPC,1
VBPC,1
WBPC,1
XBPC,1
YBPC,1
ZBPC,1
ACPC,0
BCPC,1
CCPC,1
DCPC,1
ECPC,1
FCPC,1
GCPC,1
HCPC,1
ICPC,1
JCPC,1
KCPC,1
LCPC,1
MCPC,0
NCPC,1
OCPC,1
PCPC,1
QCPC,1
RCPC,1
SCPC,1
TCPC,0
UCPC,1
VCPC,1
WCPC,1
XCPC,1
YCPC,1
ZCPC,1
ADPC,1
BDPC,1
CDPC,1
DDPC,1
EDPC,1
FDPC,1
GDPC,1
HDPC,1
IDPC,1
JDPC,1
KDPC,1
LDPC,1
MDPC,0
NDPC,1
ODPC,1
PDPC,1
QDPC,1
RDPC,1
SDPC,0
TDPC,0
UDPC,0
VDPC,0
WDPC,0
XDPC,0
YDPC,0
ZDPC,0
AEPC,0
BEPC,0
CEPC,0
DEPC,0
EEPC,0
FEPC,0
GEPC,0
HEPC,0
IEPC,0
JEPC,0
KEPC,0
LEPC,0
MEPC,0
NEPC,0
OEPC,0
PEPC,0
QEPC,0
REPC,0
SEPC,0
TEPC,0
UEPC,0
VEPC,0
WEPC,0
XEPC,0
YEPC,0
ZEPC,1
AFPC,1
BFPC,1
CFPC,1
DFPC,1
EFPC,1
FFPC,1
GFPC,1
HFPC,1
IFPC,1
JFPC,1
KFPC,1
LFPC,1
MFPC,1
NFPC,1
OFPC,1
PFPC,0
QFPC,1
RFPC,1
SFPC,1
TFPC,1
UFPC,1
VFPC,1
WFPC,1
XFPC,1
YFPC,1
ZFPC,1
AGPC,1
BGPC,1
CGPC,1
DGPC,1
EGPC,0
FGPC,0
GGPC,1
HGPC,1
IGPC,1
JGPC,0
KGPC,1
LGPC,1
MGPC,1
NGPC,1
OGPC,1
PGPC,0
QGPC,1
RGPC,1
SGPC,1
TGPC,1
UGPC,1
VGPC,1
WGPC,1
XGPC,1
YGPC,1
ZGPC,1
AHPC,1
BHPC,1
CHPC,1
DHPC,1
EHPC,1
FHPC,1
GHPC,1
HHPC,0
IHPC,1
JHPC,1
KHPC,1
LHPC,1
MHPC,0
NHPC,1
OHPC,1
PHPC,1
QHPC,1
RHPC,1
SHPC,1
THPC,1
UHPC,1
VHPC,1
WHPC,1
XHPC,1
YHPC,1
ZHPC,1
AIPC,1
BIPC,1
CIPC,1
DIPC,1
EIPC,1
FIPC,1
GIPC,1
HIPC,1
IIPC,1
JIPC,1
KIPC,1
LIPC,1
MIPC,0
NIPC,0
OIPC,0
PIPC,0
QIPC,0
RIPC,1
SIPC,1
TIPC,1
UIPC,1
VIPC,1
WIPC,1
XIPC,1
YIPC,1
ZIPC,0
AJPC,1
BJPC,1
CJPC,1
DJPC,1
EJPC,1
FJPC,1
GJPC,1
HJPC,0
IJPC,1
JJPC,1
KJPC,1
LJPC,1
MJPC,0
NJPC,1
OJPC,1
PJPC,1
QJPC,1
RJPC,1
SJPC,1
TJPC,1
UJPC,1
VJPC,1
WJPC,1
XJPC,0
YJPC,1
ZJPC,0
AKPC,1
BKPC,1
CKPC,0
DKPC,0
EKPC,0
FKPC,0
GKPC,0
HKPC,0
IKPC,0
JKPC,0
KKPC,0
LKPC,0
MKPC,0
NKPC,1
OKPC,1
PKPC,1
QKPC,0
RKPC,1
SKPC,0
TKPC,1
UKPC,1
VKPC,1
WKPC,1
XKPC,0
YKPC,1
ZKPC,1
ALPC,1
BLPC,1
CLPC,1
DLPC,1
ELPC,1
FLPC,1
GLPC,1
HLPC,1
ILPC,0
JLPC,1
KLPC,0
LLPC,1
MLPC,1
NLPC,1
OLPC,1
PLPC,1
QLPC,1
RLPC,1
SLPC,1
TLPC,1
ULPC,0
VLPC,0
WLPC,0
XLPC,0
YLPC,0
ZLPC,0
AMPC,0
BMPC,0
CMPC,0
DMPC,0
EMPC,0
FMPC,0
GMPC,1
HMPC,0
IMPC,1
JMPC,0
KMPC,1
LMPC,1
MMPC,1
NMPC,1
OMPC,1
PMPC,1
QMPC,1
RMPC,1
SMPC,1
TMPC,1
UMPC,1
VMPC,1
WMPC,1
XMPC,1
YMPC,0
ZMPC,1
ANPC,1
BNPC,1
CNPC,1
DNPC,1
ENPC,1
FNPC,1
GNPC,1
HNPC,1
INPC,0
JNPC,1
KNPC,1
LNPC,1
MNPC,1
NNPC,1
ONPC,1
PNPC,1
QNPC,1
RNPC,1
SNPC,1
TNPC,1
UNPC,1
VNPC,1
WNPC,1
XNPC,1
YNPC,0
ZNPC,1
AOPC,1
BOPC,1
COPC,1
DOPC,1
EOPC,1
FOPC,0
GOPC,1
HOPC,1
IOPC,1
JOPC,1
KOPC,1
LOPC,1
MOPC,1
NOPC,1
OOPC,1
POPC,1
QOPC,1
ROPC,0
SOPC,1
TOPC,0
UOPC,1
VOPC,1
WOPC,1
XOPC,0
YOPC,1
ZOPC,1
APPC,1
BPPC,1
CPPC,1
DPPC,1
EPPC,1
FPPC,1
GPPC,1
HPPC,1
IPPC,1
JPPC,1
KPPC,0
LPPC,0
MPPC,0
NPPC,0
OPPC,0
PPPC,0
QPPC,0
RPPC,0
SPPC,0
TPPC,0
UPPC,0
VPPC,0
WPPC,0
XPPC,0
YPPC,0
ZPPC,0
AQPC,0
BQPC,0
CQPC,0
DQPC,0
EQPC,0
FQPC,0
GQPC,0
HQPC,0
IQPC,0
JQPC,0
KQPC,0
LQPC,0
MQPC,0
NQPC,0
OQPC,0
PQPC,0
QQPC,0
RQPC,0
SQPC,0
TQPC,0
UQPC,0
VQPC,0
WQPC,0
XQPC,0
YQPC,0
ZQPC,0
ARPC,0
BRPC,1
CRPC,1
DRPC,1
ERPC,1
FRPC,1
GRPC,1
HRPC,1
IRPC,1
JRPC,1
KRPC,1
LRPC,1
MRPC,1
NRPC,1
ORPC,1
PRPC,1
QRPC,1
RRPC,1
SRPC,1
TRPC,1
URPC,1
VRPC,1
WRPC,1
XRPC,1
YRPC,1
ZRPC,1
ASPC,1
BSPC,1
CSPC,1
DSPC,1
ESPC,1
FSPC,1
GSPC,1
HSPC,1
ISPC,0
JSPC,1
KSPC,1
LSPC,1
MSPC,1
NSPC,1
OSPC,1
PSPC,1
QSPC,1
RSPC,1
SSPC,1
TSPC,1
USPC,1
VSPC,1
WSPC,1
XSPC,1
YSPC,1
ZSPC,1
ATPC,1
BTPC,1
CTPC,1
DTPC,1
ETPC,1
FTPC,1
GTPC,1
HTPC,1
ITPC,1
JTPC,1
KTPC,1
LTPC,1
MTPC,1
NTPC,1
OTPC,1
PTPC,1
QTPC,1
RTPC,1
STPC,1
TTPC,1
UTPC,1
VTPC,1
WTPC,0
XTPC,1
YTPC,1
ZTPC,1
AUPC,1
BUPC,1
CUPC,1
DUPC,1
EUPC,1
FUPC,1
GUPC,1
HUPC,0
IUPC,1
JUPC,1
KUPC,1
LUPC,1
MUPC,1
NUPC,1
OUPC,1
PUPC,1
QUPC,1
RUPC,1
SUPC,1
TUPC,1
UUPC,1
VUPC,1
WUPC,0
XUPC,1
YUPC,0
ZUPC,1
AVPC,1
BVPC,1
CVPC,1
DVPC,1
EVPC,1
FVPC,1
GVPC,1
HVPC,1
IVPC,0
JVPC,1
KVPC,1
LVPC,1
MVPC,1
NVPC,0
OVPC,0
PVPC,0
QVPC,0
RVPC,0
SVPC,0
TVPC,0
UVPC,0
VVPC,0
WVPC,0
XVPC,0
YVPC,0
ZVPC,0
AWPC,0
BWPC,0
CWPC,0
DWPC,0
EWPC,0
FWPC,0
GWPC,0
HWPC,0
IWPC,0
JWPC,0
KWPC,0
LWPC,0
MWPC,0
NWPC,0
OWPC,0
PWPC,0
QWPC,0
RWPC,0
SWPC,0
TWPC,0
UWPC,0
VWPC,0
WWPC,0
XWPC,0
YWPC,0
ZWPC,0
AXPC,0
BXPC,0
CXPC,0
DXPC,0
EXPC,0
FXPC,0
GXPC,0
HXPC,0
IXPC,0
JXPC,0
KXPC,0
LXPC,0
MXPC,0
NXPC,0
OXPC,1
PXPC,0
QXPC,0
RXPC,0
SXPC,0
TXPC,0
UXPC,0
VXPC,0
WXPC,0
XXPC,0
YXPC,0
ZXPC,0
AYPC,0
BYPC,0
CYPC,0
DYPC,0
EYPC,0
FYPC,0
GYPC,0
HYPC,0
IYPC,0
JYPC,1
KYPC,1
LYPC,1
MYPC,1
NYPC,1
OYPC,1
PYPC,1
QYPC,1
RYPC,1
SYPC,1
TYPC,1
UYPC,1
VYPC,1
WYPC,1
XYPC,0
YYPC,0
ZYPC,0
AZPC,0
BZPC,1
CZPC,1
DZPC,1
EZPC,1
FZPC,1
GZPC,1
HZPC,0
IZPC,1
JZPC,1
KZPC,1
LZPC,1
MZPC,1
NZPC,1
OZPC,1
PZPC,1
QZPC,1
RZPC,1
SZPC,1
TZPC,1
UZPC,1
VZPC,1
WZPC,1
XZPC,1
YZPC,1
ZZPC,1
AAQC,1
BAQC,1
CAQC,1
DAQC,1
EAQC,1
FAQC,1
GAQC,1
HAQC,1
IAQC,1
JAQC,1
KAQC,1
LAQC,1
MAQC,1
NAQC,1
OAQC,1
PAQC,1
QAQC,1
RAQC,1
SAQC,1
TAQC,1
UAQC,1
VAQC,1
WAQC,1
XAQC,1
YAQC,1
ZAQC,1
ABQC,1
BBQC,1
CBQC,1
DBQC,1
EBQC,1
FBQC,1
GBQC,1
HBQC,1
IBQC,1
JBQC,1
KBQC,1
LBQC,0
MBQC,0
NBQC,0
OBQC,0
PBQC,1
QBQC,0
RBQC,0
SBQC,0
TBQC,1
UBQC,0
VBQC,0
WBQC,1
XBQC,1
YBQC,1
ZBQC,1
ACQC,1
BCQC,1
CCQC,1
DCQC,1
ECQC,1
FCQC,1
GCQC,1
HCQC,1
ICQC,1
JCQC,1
KCQC,1
LCQC,1
MCQC,1
NCQC,1
OCQC,0
PCQC,0
QCQC,1
RCQC,1
SCQC,1
TCQC,1
UCQC,1
VCQC,1
WCQC,1
XCQC,1
YCQC,1
ZCQC,1
ADQC,1
BDQC,1
CDQC,1
DDQC,1
EDQC,1
FDQC,1
GDQC,1
HDQC,1
IDQC,1
JDQC,1
KDQC,1
LDQC,1
MDQC,1
NDQC,1
ODQC,1
PDQC,1
QDQC,1
RDQC,1
SDQC,1
TDQC,1
UDQC,1
VDQC,1
WDQC,1
XDQC,1
YDQC,1
ZDQC,1
AEQC,1
BEQC,1
CEQC,1
DEQC,1
EEQC,1
FEQC,0
GEQC,1
HEQC,0
IEQC,1
JEQC,1
KEQC,1
LEQC,1
MEQC,0
NEQC,1
OEQC,1
PEQC,1
QEQC,1
REQC,1
SEQC,0
TEQC,1
UEQC,0
VEQC,1
WEQC,1
XEQC,1
YEQC,1
ZEQC,1
AFQC,1
BFQC,1
CFQC,1
DFQC,1
EFQC,0
FFQC,1
GFQC,1
HFQC,1
IFQC,1
JFQC,1
KFQC,1
LFQC,1
MFQC,1
NFQC,1
OFQC,0
PFQC,1
QFQC,0
RFQC,1
SFQC,0
TFQC,0
UFQC,0
VFQC,0
WFQC,0
XFQC,1
YFQC,1
ZFQC,1
AGQC,1
BGQC,1
CGQC,1
DGQC,1
EGQC,1
FGQC,1
GGQC,1
HGQC,1
IGQC,1
JGQC,1
KGQC,1
LGQC,1
MGQC,0
NGQC,1
OGQC,1
PGQC,1
QGQC,0
RGQC,1
SGQC,1
TGQC,1
UGQC,1
VGQC,1
WGQC,1
XGQC,1
YGQC,1
ZGQC,1
AHQC,1
BHQC,0
CHQC,1
DHQC,1
EHQC,0
FHQC,1
GHQC,1
HHQC,1
IHQC,1
JHQC,1
KHQC,1
LHQC,1
MHQC,1
NHQC,1
OHQC,1
PHQC,1
QHQC,1
RHQC,1
SHQC,1
THQC,0
UHQC,0
VHQC,1
WHQC,1
XHQC,1
YHQC,1
ZHQC,1
AIQC,1
BIQC,1
CIQC,1
DIQC,1
EIQC,1
FIQC,1
GIQC,1
HIQC,1
IIQC,1
JIQC,0
KIQC,0
LIQC,0
MIQC,0
NIQC,0
OIQC,0
PIQC,1
QIQC,0
RIQC,1
SIQC,0
TIQC,0
UIQC,0
VIQC,0
WIQC,1
XIQC,1
YIQC,1
ZIQC,1
AJQC,1
BJQC,1
CJQC,1
DJQC,1
EJQC,1
FJQC,1
GJQC,0
HJQC,1
IJQC,1
JJQC,1
KJQC,0
LJQC,1
MJQC,1
NJQC,1
OJQC,1
PJQC,1
QJQC,0
RJQC,1
SJQC,1
TJQC,1
UJQC,1
VJQC,1
WJQC,1
XJQC,1
YJQC,1
ZJQC,1
AKQC,1
BKQC,1
CKQC,1
DKQC,1
EKQC,1
FKQC,1
GKQC,1
HKQC,1
IKQC,1
JKQC,1
KKQC,1
LKQC,1
MKQC,1
NKQC,1
OKQC,1
PKQC,1
QKQC,1
RKQC,1
SKQC,1
TKQC,1
UKQC,1
VKQC,1
WKQC,1
XKQC,0
YKQC,0
ZKQC,0
ALQC,0
BLQC,0
CLQC,0
DLQC,0
ELQC,0
FLQC,0
GLQC,0
HLQC,0
ILQC,0
JLQC,0
KLQC,0
LLQC,0
MLQC,0
NLQC,1
OLQC,1
PLQC,1
QLQC,1
RLQC,1
SLQC,1
TLQC,1
ULQC,1
VLQC,1
WLQC,1
XLQC,1
YLQC,1
ZLQC,1
AMQC,1
BMQC,1
CMQC,1
DMQC,1
EMQC,0
FMQC,1
GMQC,1
HMQC,1
IMQC,1
JMQC,1
KMQC,1
LMQC,0
MMQC,0
NMQC,0
OMQC,0
PMQC,0
QMQC,0
RMQC,0
SMQC,0
TMQC,1
UMQC,1
VMQC,1
WMQC,0
XMQC,0
YMQC,0
ZMQC,0
ANQC,1
BNQC,1
CNQC,1
DNQC,1
ENQC,1
FNQC,1
GNQC,1
HNQC,0
INQC,1
JNQC,0
KNQC,0
LNQC,0
MNQC,1
NNQC,1
ONQC,1
PNQC,1
QNQC,1
RNQC,0
SNQC,1
TNQC,1
UNQC,0
VNQC,1
WNQC,1
XNQC,1
YNQC,1
ZNQC,1
AOQC,1
BOQC,1
COQC,0
DOQC,0
EOQC,1
FOQC,1
GOQC,1
HOQC,1
IOQC,1
JOQC,1
KOQC,0
LOQC,1
MOQC,1
NOQC,1
OOQC,1
POQC,1
QOQC,1
ROQC,1
SOQC,1
TOQC,1
UOQC,1
VOQC,1
WOQC,1
XOQC,1
YOQC,1
ZOQC,1
APQC,1
BPQC,1
CPQC,0
DPQC,1
EPQC,0
FPQC,1
GPQC,1
HPQC,1
IPQC,1
JPQC,1
KPQC,1
LPQC,1
MPQC,1
NPQC,0
OPQC,1
PPQC,0
QPQC,1
RPQC,1
SPQC,1
TPQC,1
UPQC,1
VPQC,1
WPQC,1
XPQC,0
YPQC,0
ZPQC,0
AQQC,0
BQQC,0
CQQC,0
DQQC,0
EQQC,0
FQQC,0
GQQC,0
HQQC,0
IQQC,0
JQQC,0
KQQC,0
LQQC,0
MQQC,0
NQQC,0
OQQC,0
PQQC,0
QQQC,0
RQQC,0
SQQC,0
TQQC,0
UQQC,0
VQQC,0
WQQC,0
XQQC,0
YQQC,0
ZQQC,0
ARQC,0
BRQC,0
CRQC,0
DRQC,0
ERQC,0
FRQC,0
GRQC,0
HRQC,1
IRQC,1
JRQC,1
KRQC,0
LRQC,0
MRQC,1
NRQC,1
ORQC,1
PRQC,1
QRQC,1
RRQC,1
SRQC,1
TRQC,1
URQC,1
VRQC,1
WRQC,1
XRQC,1
YRQC,1
ZRQC,1
ASQC,1
BSQC,1
CSQC,1
DSQC,1
ESQC,1
FSQC,1
GSQC,1
HSQC,1
ISQC,1
JSQC,1
KSQC,1
LSQC,1
MSQC,1
NSQC,0
OSQC,0
PSQC,1
QSQC,1
RSQC,1
SSQC,1
TSQC,1
USQC,1
VSQC,0
WSQC,1
XSQC,1
YSQC,1
ZSQC,1
ATQC,1
BTQC,1
CTQC,1
DTQC,1
ETQC,1
FTQC,1
GTQC,1
HTQC,1
ITQC,1
JTQC,1
KTQC,1
LTQC,1
MTQC,1
NTQC,1
OTQC,1
PTQC,1
QTQC,1
RTQC,1
STQC,1
TTQC,1
UTQC,1
VTQC,1
WTQC,1
XTQC,1
YTQC,1
ZTQC,1
AUQC,1
BUQC,1
CUQC,1
DUQC,1
EUQC,0
FUQC,1
GUQC,0
HUQC,1
IUQC,0
JUQC,1
KUQC,0
LUQC,1
MUQC,1
NUQC,1
OUQC,1
PUQC,1
QUQC,1
RUQC,1
SUQC,1
TUQC,1
UUQC,1
VUQC,1
WUQC,1
XUQC,0
YUQC,1
ZUQC,1
AVQC,1
BVQC,1
CVQC,1
DVQC,1
EVQC,0
FVQC,0
GVQC,0
HVQC,0
IVQC,0
JVQC,0
KVQC,0
LVQC,0
MVQC,0
NVQC,0
OVQC,0
PVQC,0
QVQC,0
RVQC,0
SVQC,0
TVQC,0
UVQC,0
VVQC,0
WVQC,0
XVQC,0
YVQC,0
ZVQC,0
AWQC,0
BWQC,0
CWQC,0
DWQC,0
EWQC,0
FWQC,0
GWQC,0
HWQC,0
IWQC,0
JWQC,0
KWQC,0
LWQC,0
MWQC,0
NWQC,0
OWQC,0
PWQC,0
QWQC,0
RWQC,0
SWQC,0
TWQC,1
UWQC,1
VWQC,1
WWQC,1
XWQC,1
YWQC,1
ZWQC,1
AXQC,0
BXQC,1
CXQC,1
DXQC,1
EXQC,1
FXQC,1
GXQC,1
HXQC,1
IXQC,1
JXQC,1
KXQC,1
LXQC,1
MXQC,1
NXQC,1
OXQC,1
PXQC,1
QXQC,1
RXQC,1
SXQC,1
TXQC,1
UXQC,1
VXQC,1
WXQC,1
XXQC,1
YXQC,1
ZXQC,0
AYQC,1
BYQC,1
CYQC,1
DYQC,1
EYQC,1
FYQC,1
GYQC,1
HYQC,1
IYQC,1
JYQC,1
KYQC,1
LYQC,1
MYQC,0
NYQC,1
OYQC,1
PYQC,1
QYQC,1
RYQC,1
SYQC,1
TYQC,1
UYQC,1
VYQC,1
WYQC,1
XYQC,1
YYQC,1
ZYQC,1
AZQC,1
BZQC,1
CZQC,1
DZQC,1
EZQC,0
FZQC,1
GZQC,1
HZQC,1
IZQC,1
JZQC,1
KZQC,1
LZQC,0
MZQC,1
NZQC,1
OZQC,1
PZQC,1
QZQC,0
RZQC,0
SZQC,0
TZQC,0
UZQC,0
VZQC,0
WZQC,0
XZQC,0
YZQC,0
ZZQC,0
AARC,1
BARC,1
CARC,1
DARC,1
EARC,1
FARC,1
GARC,1
HARC,0
IARC,1
JARC,0
KARC,1
LARC,1
MARC,1
NARC,1
OARC,0
PARC,1
QARC,1
RARC,1
SARC,1
TARC,0
UARC,1
VARC,1
WARC,1
XARC,1
YARC,1
ZARC,0
ABRC,1
BBRC,1
CBRC,1
DBRC,0
EBRC,1
FBRC,1
GBRC,1
HBRC,1
IBRC,1
JBRC,1
KBRC,1
LBRC,0
MBRC,1
NBRC,0
OBRC,1
PBRC,0
QBRC,1
RBRC,1
SBRC,1
TBRC,1
UBRC,0
VBRC,1
WBRC,1
XBRC,1
YBRC,1
ZBRC,0
ACRC,1
BCRC,1
CCRC,1
DCRC,1
ECRC,0
FCRC,1
GCRC,1
HCRC,1
ICRC,1
JCRC,1
KCRC,1
LCRC,1
MCRC,1
NCRC,0
OCRC,0
PCRC,1
QCRC,1
RCRC,0
SCRC,0
TCRC,0
UCRC,0
VCRC,0
WCRC,0
XCRC,0
YCRC,0
ZCRC,0
ADRC,0
BDRC,0
CDRC,0
DDRC,0
EDRC,0
FDRC,0
GDRC,0
HDRC,0
IDRC,0
JDRC,0
KDRC,0
LDRC,0
MDRC,0
NDRC,0
ODRC,0
PDRC,0
QDRC,0
RDRC,0
SDRC,0
TDRC,0
UDRC,0
VDRC,0
WDRC,0
XDRC,0
YDRC,0
ZDRC,0
AERC,0
BERC,0
CERC,0
DERC,0
EERC,0
FERC,0
GERC,0
HERC,0
IERC,0
JERC,0
KERC,0
LERC,0
MERC,0
NERC,0
OERC,0
PERC,0
QERC,0
RERC,1
SERC,1
TERC,1
UERC,1
VERC,1
WERC,1
XERC,1
YERC,1
ZERC,1
AFRC,1
BFRC,1
CFRC,1
DFRC,1
EFRC,0
FFRC,1
GFRC,1
HFRC,0
IFRC,1
JFRC,1
KFRC,1
LFRC,1
MFRC,1
NFRC,1
OFRC,1
PFRC,0
QFRC,1
RFRC,0
SFRC,1
TFRC,1
UFRC,1
VFRC,0
WFRC,0
XFRC,1
YFRC,1
ZFRC,1
AGRC,1
BGRC,0
CGRC,1
DGRC,1
EGRC,1
FGRC,1
GGRC,1
HGRC,1
IGRC,1
JGRC,0
KGRC,1
LGRC,1
MGRC,1
NGRC,1
OGRC,1
PGRC,1
QGRC,1
RGRC,0
SGRC,1
TGRC,1
UGRC,0
VGRC,1
WGRC,1
XGRC,0
YGRC,1
ZGRC,1
AHRC,0
BHRC,0
CHRC,0
DHRC,1
EHRC,1
FHRC,1
GHRC,0
HHRC,0
IHRC,0
JHRC,0
KHRC,0
LHRC,1
MHRC,1
NHRC,1
OHRC,1
PHRC,1
QHRC,1
RHRC,1
SHRC,1
THRC,1
UHRC,1
VHRC,1
WHRC,0
XHRC,1
YHRC,1
ZHRC,1
AIRC,1
BIRC,1
CIRC,1
DIRC,1
EIRC,1
FIRC,1
GIRC,1
HIRC,1
IIRC,1
JIRC,1
KIRC,1
LIRC,1
MIRC,1
NIRC,1
OIRC,0
PIRC,0
QIRC,1
RIRC,1
SIRC,0
TIRC,0
UIRC,0
VIRC,0
WIRC,0
XIRC,0
YIRC,1
ZIRC,1
AJRC,1
BJRC,1
CJRC,1
DJRC,1
EJRC,1
FJRC,1
GJRC,0
HJRC,1
IJRC,1
JJRC,1
KJRC,1
LJRC,1
MJRC,1
NJRC,1
OJRC,1
PJRC,1
QJRC,1
RJRC,1
SJRC,1
TJRC,1
UJRC,1
VJRC,1
WJRC,0
XJRC,0
YJRC,0
ZJRC,1
AKRC,1
BKRC,1
CKRC,1
DKRC,1
EKRC,1
FKRC,1
GKRC,1
HKRC,1
IKRC,1
JKRC,1
KKRC,1
LKRC,1
MKRC,1
NKRC,1
OKRC,1
PKRC,1
QKRC,1
RKRC,1
SKRC,1
TKRC,1
UKRC,1
VKRC,1
WKRC,1
XKRC,1
YKRC,1
ZKRC,1
ALRC,1
BLRC,0
CLRC,1
DLRC,1
ELRC,1
FLRC,1
GLRC,0
HLRC,1
ILRC,0
JLRC,1
KLRC,1
LLRC,1
MLRC,1
NLRC,1
OLRC,0
PLRC,1
QLRC,1
RLRC,1
SLRC,1
TLRC,1
ULRC,1
VLRC,1
WLRC,1
XLRC,1
YLRC,1
ZLRC,1
AMRC,1
BMRC,1
CMRC,1
DMRC,1
EMRC,1
FMRC,1
GMRC,1
HMRC,1
IMRC,1
JMRC,1
KMRC,1
LMRC,1
MMRC,1
NMRC,1
OMRC,1
PMRC,1
QMRC,1
RMRC,1
SMRC,1
TMRC,1
UMRC,1
VMRC,1
WMRC,1
XMRC,1
YMRC,1
ZMRC,1
ANRC,1
BNRC,1
CNRC,1
DNRC,0
ENRC,1
FNRC,0
GNRC,1
HNRC,1
INRC,1
JNRC,0
KNRC,0
LNRC,1
MNRC,1
NNRC,1
ONRC,1
PNRC,1
QNRC,1
RNRC,0
SNRC,1
TNRC,1
UNRC,1
VNRC,1
WNRC,1
XNRC,1
YNRC,1
ZNRC,1
AORC,0
BORC,0
CORC,0
DORC,0
EORC,0
FORC,0
GORC,0
HORC,0
IORC,0
JORC,0
KORC,0
LORC,0
MORC,0
NORC,0
OORC,0
PORC,0
QORC,0
RORC,0
SORC,0
TORC,0
UORC,0
VORC,0
WORC,0
XORC,0
YORC,0
ZORC,0
APRC,0
BPRC,0
CPRC,0
DPRC,0
EPRC,0
FPRC,0
GPRC,0
HPRC,0
IPRC,0
JPRC,0
KPRC,0
LPRC,0
MPRC,0
NPRC,1
OPRC,1
PPRC,1
QPRC,1
RPRC,1
SPRC,1
TPRC,1
UPRC,1
VPRC,1
WPRC,0
XPRC,1
YPRC,0
ZPRC,1
AQRC,1
BQRC,0
CQRC,0
DQRC,1
EQRC,1
FQRC,1
GQRC,0
HQRC,0
IQRC,1
JQRC,1
KQRC,1
LQRC,1
MQRC,1
NQRC,1
OQRC,1
PQRC,1
QQRC,0
RQRC,1
SQRC,1
TQRC,1
UQRC,1
VQRC,1
WQRC,1
XQRC,1
YQRC,1
ZQRC,1
ARRC,1
BRRC,1
CRRC,1
DRRC,1
ERRC,1
FRRC,1
GRRC,1
HRRC,1
IRRC,0
JRRC,1
KRRC,1
LRRC,1
MRRC,0
NRRC,1
ORRC,1
PRRC,1
QRRC,1
RRRC,1
SRRC,0
TRRC,1
URRC,0
VRRC,1
WRRC,0
XRRC,1
YRRC,0
ZRRC,0
ASRC,0
BSRC,0
CSRC,0
DSRC,0
ESRC,0
FSRC,0
GSRC,0
HSRC,0
ISRC,0
JSRC,0
KSRC,0
LSRC,0
MSRC,0
NSRC,0
OSRC,0
PSRC,0
QSRC,0
RSRC,0
SSRC,0
TSRC,0
USRC,0
VSRC,0
WSRC,0
XSRC,0
YSRC,0
ZSRC,0
ATRC,0
BTRC,0
CTRC,0
DTRC,0
ETRC,0
FTRC,0
GTRC,0
HTRC,0
ITRC,0
JTRC,0
KTRC,0
LTRC,0
MTRC,1
NTRC,1
OTRC,1
PTRC,1
QTRC,1
RTRC,1
STRC,1
TTRC,1
UTRC,1
VTRC,1
WTRC,1
XTRC,1
YTRC,1
ZTRC,1
AURC,1
BURC,1
CURC,1
DURC,1
EURC,1
FURC,1
GURC,0
HURC,1
IURC,0
JURC,1
KURC,1
LURC,0
MURC,1
NURC,0
OURC,1
PURC,1
QURC,1
RURC,1
SURC,1
TURC,0
UURC,1
VURC,1
WURC,1
XURC,1
YURC,1
ZURC,1
AVRC,0
BVRC,0
CVRC,0
DVRC,1
EVRC,1
FVRC,1
GVRC,0
HVRC,1
IVRC,1
JVRC,1
KVRC,1
LVRC,1
MVRC,1
NVRC,1
OVRC,1
PVRC,1
QVRC,1
RVRC,1
SVRC,1
TVRC,1
UVRC,1
VVRC,1
WVRC,1
XVRC,1
YVRC,1
ZVRC,1
AWRC,1
BWRC,1
CWRC,1
DWRC,1
EWRC,1
FWRC,1
GWRC,1
HWRC,1
IWRC,1
JWRC,1
KWRC,0
LWRC,1
MWRC,1
NWRC,1
OWRC,1
PWRC,1
QWRC,1
RWRC,1
SWRC,1
TWRC,1
UWRC,1
VWRC,1
WWRC,1
XWRC,1
YWRC,1
ZWRC,0
AXRC,0
BXRC,0
CXRC,0
DXRC,0
EXRC,0
FXRC,1
GXRC,1
HXRC,1
IXRC,1
JXRC,1
KXRC,1
LXRC,1
MXRC,1
NXRC,1
OXRC,1
PXRC,1
QXRC,1
RXRC,1
SXRC,1
TXRC,1
UXRC,1
VXRC,1
WXRC,1
XXRC,1
YXRC,1
ZXRC,1
AYRC,1
BYRC,1
CYRC,1
DYRC,1
EYRC,1
FYRC,0
GYRC,1
HYRC,1
IYRC,0
JYRC,0
KYRC,1
LYRC,1
MYRC,1
NYRC,1
OYRC,1
PYRC,1
QYRC,1
RYRC,1
SYRC,1
TYRC,1
UYRC,1
VYRC,1
WYRC,1
XYRC,1
YYRC,1
ZYRC,1
AZRC,1
BZRC,1
CZRC,0
DZRC,1
EZRC,1
FZRC,1
GZRC,1
HZRC,1
IZRC,1
JZRC,0
KZRC,1
LZRC,1
MZRC,1
NZRC,1
OZRC,1
PZRC,1
QZRC,1
RZRC,1
SZRC,1
TZRC,0
UZRC,1
VZRC,1
WZRC,1
XZRC,1
YZRC,1
ZZRC,1
AASC,1
BASC,1
CASC,1
DASC,1
EASC,1
FASC,0
GASC,1
HASC,1
IASC,1
JASC,1
KASC,1
LASC,1
MASC,1
NASC,1
OASC,0
PASC,0
QASC,0
RASC,0
SASC,1
TASC,1
UASC,0
VASC,1
WASC,0
XASC,1
YASC,1
ZASC,1
ABSC,1
BBSC,1
CBSC,1
DBSC,1
EBSC,1
FBSC,1
GBSC,1
HBSC,1
IBSC,1
JBSC,1
KBSC,1
LBSC,1
MBSC,1
NBSC,1
OBSC,1
PBSC,1
QBSC,1
RBSC,1
SBSC,1
TBSC,1
UBSC,1
VBSC,1
WBSC,1
XBSC,0
YBSC,1
ZBSC,1
ACSC,1
BCSC,1
CCSC,1
DCSC,1
ECSC,1
FCSC,1
GCSC,1
HCSC,1
ICSC,1
JCSC,1
KCSC,1
LCSC,1
MCSC,1
NCSC,1
OCSC,1
PCSC,1
QCSC,1
RCSC,1
SCSC,1
TCSC,1
UCSC,1
VCSC,1
WCSC,1
XCSC,1
YCSC,1
ZCSC,1
ADSC,1
BDSC,1
CDSC,1
DDSC,1
EDSC,1
FDSC,1
GDSC,1
HDSC,1
IDSC,1
JDSC,1
KDSC,0
LDSC,1
MDSC,1
NDSC,1
ODSC,1
PDSC,1
QDSC,1
RDSC,1
SDSC,1
TDSC,0
UDSC,0
VDSC,1
WDSC,0
XDSC,1
YDSC,0
ZDSC,1
AESC,1
BESC,1
CESC,1
DESC,1
EESC,1
FESC,1
GESC,1
HESC,1
IESC,1
JESC,1
KESC,1
LESC,1
MESC,0
NESC,0
OESC,0
PESC,1
QESC,1
RESC,1
SESC,0
TESC,1
UESC,1
VESC,1
WESC,1
XESC,1
YESC,0
ZESC,1
AFSC,1
BFSC,1
CFSC,1
DFSC,1
EFSC,1
FFSC,1
GFSC,1
HFSC,1
IFSC,1
JFSC,0
KFSC,1
LFSC,0
MFSC,0
NFSC,1
OFSC,1
PFSC,1
QFSC,0
RFSC,1
SFSC,1
TFSC,0
UFSC,0
VFSC,1
WFSC,1
XFSC,1
YFSC,1
ZFSC,0
AGSC,0
BGSC,0
CGSC,0
DGSC,0
EGSC,0
FGSC,0
GGSC,0
HGSC,0
IGSC,0
JGSC,1
KGSC,1
LGSC,1
MGSC,1
NGSC,1
OGSC,1
PGSC,1
QGSC,1
RGSC,1
SGSC,1
TGSC,1
UGSC,1
VGSC,1
WGSC,0
XGSC,0
YGSC,1
ZGSC,1
AHSC,1
BHSC,1
CHSC,1
DHSC,1
EHSC,1
FHSC,1
GHSC,1
HHSC,1
IHSC,1
JHSC,1
KHSC,1
LHSC,1
MHSC,0
NHSC,0
OHSC,0
PHSC,1
QHSC,0
RHSC,0
SHSC,1
THSC,0
UHSC,0
VHSC,0
WHSC,0
XHSC,1
YHSC,1
ZHSC,1
AISC,1
BISC,1
CISC,1
DISC,1
EISC,1
FISC,1
GISC,1
HISC,1
IISC,1
JISC,1
KISC,1
LISC,1
MISC,1
NISC,1
OISC,1
PISC,1
QISC,1
RISC,1
SISC,1
TISC,1
UISC,1
VISC,1
WISC,1
XISC,0
YISC,1
ZISC,1
AJSC,1
BJSC,1
CJSC,1
DJSC,1
EJSC,0
FJSC,1
GJSC,1
HJSC,0
IJSC,0
JJSC,1
KJSC,1
LJSC,1
MJSC,1
NJSC,0
OJSC,0
PJSC,1
QJSC,0
RJSC,0
SJSC,0
TJSC,0
UJSC,0
VJSC,0
WJSC,0
XJSC,0
YJSC,1
ZJSC,1
AKSC,1
BKSC,1
CKSC,1
DKSC,0
EKSC,1
FKSC,0
GKSC,1
HKSC,1
IKSC,1
JKSC,1
KKSC,1
LKSC,1
MKSC,1
NKSC,1
OKSC,0
PKSC,1
QKSC,1
RKSC,0
SKSC,1
TKSC,1
UKSC,1
VKSC,1
WKSC,1
XKSC,0
YKSC,1
ZKSC,0
ALSC,1
BLSC,1
CLSC,0
DLSC,1
ELSC,1
FLSC,1
GLSC,1
HLSC,1
ILSC,0
JLSC,1
KLSC,1
LLSC,1
MLSC,1
NLSC,1
OLSC,1
PLSC,1
QLSC,1
RLSC,1
SLSC,1
TLSC,1
ULSC,0
VLSC,1
WLSC,1
XLSC,1
YLSC,1
ZLSC,0
AMSC,1
BMSC,1
CMSC,0
DMSC,1
EMSC,0
FMSC,0
GMSC,1
HMSC,1
IMSC,1
JMSC,1
KMSC,1
LMSC,1
MMSC,0
NMSC,1
OMSC,0
PMSC,1
QMSC,1
RMSC,1
SMSC,1
TMSC,1
UMSC,1
VMSC,1
WMSC,1
XMSC,1
YMSC,1
ZMSC,1
ANSC,0
BNSC,1
CNSC,1
DNSC,1
ENSC,0
FNSC,1
GNSC,1
HNSC,0
INSC,0
JNSC,0
KNSC,0
LNSC,0
MNSC,0
NNSC,0
ONSC,0
PNSC,0
QNSC,0
RNSC,0
SNSC,0
TNSC,0
UNSC,0
VNSC,0
WNSC,0
XNSC,0
YNSC,0
ZNSC,0
AOSC,0
BOSC,0
COSC,0
DOSC,0
EOSC,0
FOSC,0
GOSC,0
HOSC,0
IOSC,0
JOSC,0
KOSC,0
LOSC,0
MOSC,0
NOSC,0
OOSC,0
POSC,0
QOSC,0
ROSC,1
SOSC,1
TOSC,1
UOSC,1
VOSC,1
WOSC,1
XOSC,1
YOSC,1
ZOSC,1
APSC,1
BPSC,1
CPSC,1
DPSC,1
EPSC,1
FPSC,1
GPSC,1
HPSC,1
IPSC,1
JPSC,1
KPSC,1
LPSC,1
MPSC,0
NPSC,1
OPSC,1
PPSC,1
QPSC,1
RPSC,1
SPSC,1
TPSC,1
UPSC,1
VPSC,1
WPSC,0
XPSC,1
YPSC,1
ZPSC,1
AQSC,1
BQSC,1
CQSC,1
DQSC,1
EQSC,1
FQSC,1
GQSC,1
HQSC,1
IQSC,1
JQSC,1
KQSC,1
LQSC,1
MQSC,1
NQSC,1
OQSC,1
PQSC,1
QQSC,1
RQSC,1
SQSC,1
TQSC,1
UQSC,1
VQSC,1
WQSC,1
XQSC,1
YQSC,1
ZQSC,1
ARSC,1
BRSC,1
CRSC,1
DRSC,1
ERSC,1
FRSC,1
GRSC,1
HRSC,1
IRSC,1
JRSC,0
KRSC,1
LRSC,1
MRSC,1
NRSC,1
ORSC,0
PRSC,1
QRSC,1
RRSC,1
SRSC,1
TRSC,1
URSC,1
VRSC,1
WRSC,1
XRSC,1
YRSC,1
ZRSC,1
ASSC,1
BSSC,1
CSSC,1
DSSC,1
ESSC,1
FSSC,1
GSSC,0
HSSC,0
ISSC,0
JSSC,0
KSSC,0
LSSC,0
MSSC,0
NSSC,0
OSSC,0
PSSC,0
QSSC,0
RSSC,0
SSSC,0
TSSC,0
USSC,0
VSSC,0
WSSC,0
XSSC,0
YSSC,0
ZSSC,0
ATSC,0
BTSC,0
CTSC,0
DTSC,0
ETSC,0
FTSC,0
GTSC,0
HTSC,0
ITSC,0
JTSC,0
KTSC,0
LTSC,0
MTSC,0
NTSC,0
OTSC,0
PTSC,0
QTSC,0
RTSC,0
STSC,0
TTSC,0
UTSC,0
VTSC,0
WTSC,0
XTSC,0
YTSC,0
ZTSC,0
AUSC,0
BUSC,0
CUSC,1
DUSC,1
EUSC,0
FUSC,1
GUSC,1
HUSC,1
IUSC,1
JUSC,1
KUSC,1
LUSC,1
MUSC,1
NUSC,1
OUSC,1
PUSC,1
QUSC,1
RUSC,1
SUSC,1
TUSC,1
UUSC,1
VUSC,1
WUSC,1
XUSC,1
YUSC,1
ZUSC,1
AVSC,1
BVSC,1
CVSC,1
DVSC,1
EVSC,1
FVSC,1
GVSC,1
HVSC,1
IVSC,1
JVSC,1
KVSC,1
LVSC,0
MVSC,1
NVSC,1
OVSC,1
PVSC,1
QVSC,1
RVSC,1
SVSC,1
TVSC,1
UVSC,0
VVSC,1
WVSC,1
XVSC,1
YVSC,1
ZVSC,1
AWSC,1
BWSC,1
CWSC,1
DWSC,1
EWSC,1
FWSC,0
GWSC,1
HWSC,1
IWSC,1
JWSC,1
KWSC,1
LWSC,1
MWSC,1
NWSC,1
OWSC,1
PWSC,1
QWSC,1
RWSC,1
SWSC,0
TWSC,1
UWSC,1
VWSC,0
WWSC,1
XWSC,1
YWSC,1
ZWSC,0
AXSC,0
BXSC,0
CXSC,1
DXSC,1
EXSC,1
FXSC,1
GXSC,1
HXSC,0
IXSC,0
JXSC,0
KXSC,0
LXSC,0
MXSC,0
NXSC,0
OXSC,0
PXSC,0
QXSC,1
RXSC,1
SXSC,1
TXSC,1
UXSC,0
VXSC,1
WXSC,1
XXSC,1
YXSC,1
ZXSC,1
AYSC,1
BYSC,1
CYSC,1
DYSC,1
EYSC,1
FYSC,1
GYSC,0
HYSC,1
IYSC,1
JYSC,1
KYSC,0
LYSC,1
MYSC,0
NYSC,1
OYSC,1
PYSC,1
QYSC,1
RYSC,0
SYSC,0
TYSC,0
UYSC,0
VYSC,1
WYSC,1
XYSC,0
YYSC,1
ZYSC,1
AZSC,1
BZSC,1
CZSC,1
DZSC,1
EZSC,1
FZSC,1
GZSC,0
HZSC,0
IZSC,1
JZSC,1
KZSC,1
LZSC,1
MZSC,1
NZSC,1
OZSC,0
PZSC,1
QZSC,1
RZSC,1
SZSC,0
TZSC,1
UZSC,1
VZSC,1
WZSC,0
XZSC,1
YZSC,1
ZZSC,1
AATC,1
BATC,1
CATC,1
DATC,1
EATC,1
FATC,1
GATC,1
HATC,1
IATC,1
JATC,1
KATC,1
LATC,1
MATC,1
NATC,1
OATC,1
PATC,1
QATC,1
RATC,1
SATC,1
TATC,1
UATC,1
VATC,1
WATC,1
XATC,1
YATC,0
ZATC,0
ABTC,0
BBTC,1
CBTC,0
DBTC,1
EBTC,0
FBTC,0
GBTC,0
HBTC,1
IBTC,1
JBTC,1
KBTC,1
LBTC,1
MBTC,1
NBTC,1
OBTC,1
PBTC,0
QBTC,1
RBTC,1
SBTC,0
TBTC,1
UBTC,1
VBTC,1
WBTC,1
XBTC,1
YBTC,1
ZBTC,1
ACTC,0
BCTC,1
CCTC,1
DCTC,1
ECTC,1
FCTC,1
GCTC,1
HCTC,1
ICTC,1
JCTC,0
KCTC,0
LCTC,1
MCTC,1
NCTC,1
OCTC,1
PCTC,1
QCTC,0
RCTC,1
SCTC,1
TCTC,1
UCTC,1
VCTC,1
WCTC,1
XCTC,1
YCTC,1
ZCTC,0
ADTC,0
BDTC,1
CDTC,1
DDTC,1
EDTC,1
FDTC,1
GDTC,0
HDTC,1
IDTC,1
JDTC,1
KDTC,1
LDTC,0
MDTC,0
NDTC,1
ODTC,1
PDTC,1
QDTC,0
RDTC,1
SDTC,1
TDTC,1
UDTC,0
VDTC,0
WDTC,0
XDTC,0
YDTC,1
ZDTC,1
AETC,1
BETC,1
CETC,1
DETC,1
EETC,1
FETC,1
GETC,1
HETC,1
IETC,1
JETC,1
KETC,1
LETC,1
METC,1
NETC,0
OETC,1
PETC,1
QETC,1
RETC,1
SETC,1
TETC,0
UETC,0
VETC,0
WETC,0
XETC,0
YETC,0
ZETC,0
AFTC,0
BFTC,0
CFTC,0
DFTC,1
EFTC,1
FFTC,1
GFTC,1
HFTC,1
IFTC,1
JFTC,1
KFTC,1
LFTC,1
MFTC,1
NFTC,1
OFTC,0
PFTC,1
QFTC,1
RFTC,1
SFTC,1
TFTC,1
UFTC,1
VFTC,1
WFTC,1
XFTC,1
YFTC,0
ZFTC,0
AGTC,0
BGTC,0
CGTC,0
DGTC,0
EGTC,0
FGTC,0
GGTC,0
HGTC,1
IGTC,1
JGTC,1
KGTC,1
LGTC,1
MGTC,1
NGTC,1
OGTC,0
PGTC,1
QGTC,1
RGTC,1
SGTC,1
TGTC,1
UGTC,1
VGTC,1
WGTC,1
XGTC,0
YGTC,1
ZGTC,1
AHTC,1
BHTC,1
CHTC,1
DHTC,0
EHTC,1
FHTC,1
GHTC,1
HHTC,1
IHTC,1
JHTC,1
KHTC,1
LHTC,1
MHTC,1
NHTC,1
OHTC,1
PHTC,0
QHTC,1
RHTC,1
SHTC,1
THTC,1
UHTC,1
VHTC,0
WHTC,1
XHTC,0
YHTC,1
ZHTC,1
AITC,1
BITC,1
CITC,1
DITC,1
EITC,1
FITC,1
GITC,1
HITC,1
IITC,1
JITC,1
KITC,1
LITC,0
MITC,0
NITC,1
OITC,1
PITC,0
QITC,1
RITC,1
SITC,1
TITC,0
UITC,1
VITC,1
WITC,1
XITC,1
YITC,1
ZITC,1
AJTC,0
BJTC,0
CJTC,1
DJTC,1
EJTC,1
FJTC,1
GJTC,0
HJTC,1
IJTC,1
JJTC,1
KJTC,1
LJTC,1
MJTC,1
NJTC,1
OJTC,1
PJTC,1
QJTC,1
RJTC,1
SJTC,1
TJTC,1
UJTC,1
VJTC,1
WJTC,1
XJTC,1
YJTC,1
ZJTC,1
AKTC,0
BKTC,0
CKTC,1
DKTC,1
EKTC,0
FKTC,1
GKTC,1
HKTC,1
IKTC,0
JKTC,1
KKTC,1
LKTC,1
MKTC,1
NKTC,1
OKTC,1
PKTC,0
QKTC,0
RKTC,0
SKTC,0
TKTC,0
UKTC,0
VKTC,0
WKTC,0
XKTC,0
YKTC,0
ZKTC,0
ALTC,0
BLTC,0
CLTC,0
DLTC,0
ELTC,0
FLTC,0
GLTC,0
HLTC,0
ILTC,0
JLTC,0
KLTC,0
LLTC,0
MLTC,0
NLTC,0
OLTC,0
PLTC,0
QLTC,0
RLTC,0
SLTC,0
TLTC,0
ULTC,0
VLTC,0
WLTC,0
XLTC,0
YLTC,0
ZLTC,0
AMTC,1
BMTC,1
CMTC,0
DMTC,0
EMTC,0
FMTC,0
GMTC,1
HMTC,1
IMTC,1
JMTC,1
KMTC,1
LMTC,1
MMTC,1
NMTC,1
OMTC,1
PMTC,1
QMTC,1
RMTC,1
SMTC,1
TMTC,0
UMTC,1
VMTC,1
WMTC,1
XMTC,1
YMTC,1
ZMTC,1
ANTC,1
BNTC,0
CNTC,1
DNTC,1
ENTC,1
FNTC,1
GNTC,0
HNTC,1
INTC,1
JNTC,1
KNTC,0
LNTC,0
MNTC,1
NNTC,1
ONTC,1
PNTC,1
QNTC,0
RNTC,0
SNTC,0
TNTC,1
UNTC,1
VNTC,1
WNTC,1
XNTC,1
YNTC,1
ZNTC,1
AOTC,1
BOTC,1
COTC,1
DOTC,1
EOTC,0
FOTC,1
GOTC,1
HOTC,1
IOTC,1
JOTC,0
KOTC,1
LOTC,1
MOTC,1
NOTC,1
OOTC,1
POTC,1
QOTC,1
ROTC,1
SOTC,1
TOTC,1
UOTC,1
VOTC,1
WOTC,1
XOTC,1
YOTC,1
ZOTC,1
APTC,1
BPTC,0
CPTC,1
DPTC,0
EPTC,1
FPTC,1
GPTC,1
HPTC,1
IPTC,1
JPTC,1
KPTC,1
LPTC,1
MPTC,1
NPTC,1
OPTC,1
PPTC,1
QPTC,1
RPTC,1
SPTC,1
TPTC,1
UPTC,1
VPTC,1
WPTC,1
XPTC,1
YPTC,1
ZPTC,1
AQTC,0
BQTC,0
CQTC,0
DQTC,1
EQTC,0
FQTC,1
GQTC,0
HQTC,1
IQTC,0
JQTC,0
KQTC,0
LQTC,0
MQTC,0
NQTC,0
OQTC,0
PQTC,0
QQTC,0
RQTC,0
SQTC,0
TQTC,0
UQTC,0
VQTC,0
WQTC,0
XQTC,0
YQTC,0
ZQTC,0
ARTC,0
BRTC,0
CRTC,0
DRTC,0
ERTC,0
FRTC,0
GRTC,0
HRTC,0
IRTC,0
JRTC,0
KRTC,0
LRTC,0
MRTC,0
NRTC,0
ORTC,0
PRTC,0
QRTC,0
RRTC,0
SRTC,0
TRTC,0
URTC,0
VRTC,0
WRTC,0
XRTC,0
YRTC,1
ZRTC,1
ASTC,1
BSTC,1
CSTC,0
DSTC,1
ESTC,0
FSTC,1
GSTC,1
HSTC,1
ISTC,1
JSTC,1
KSTC,1
LSTC,1
MSTC,1
NSTC,1
OSTC,1
PSTC,1
QSTC,1
RSTC,1
SSTC,1
TSTC,1
USTC,1
VSTC,1
WSTC,1
XSTC,1
YSTC,0
ZSTC,1
ATTC,1
BTTC,1
CTTC,1
DTTC,1
ETTC,1
FTTC,1
GTTC,1
HTTC,1
ITTC,1
JTTC,1
KTTC,1
LTTC,1
MTTC,1
NTTC,1
OTTC,1
PTTC,1
QTTC,1
RTTC,1
STTC,1
TTTC,0
UTTC,1
VTTC,1
WTTC,1
XTTC,1
YTTC,1
ZTTC,0
AUTC,1
BUTC,1
CUTC,1
DUTC,1
EUTC,1
FUTC,1
GUTC,1
HUTC,1
IUTC,0
JUTC,1
KUTC,1
LUTC,1
MUTC,1
NUTC,1
OUTC,1
PUTC,1
QUTC,1
RUTC,1
SUTC,1
TUTC,1
UUTC,1
VUTC,1
WUTC,1
XUTC,0
YUTC,1
ZUTC,1
AVTC,1
BVTC,1
CVTC,0
DVTC,1
EVTC,1
FVTC,0
GVTC,1
HVTC,1
IVTC,1
JVTC,1
KVTC,1
LVTC,1
MVTC,0
NVTC,1
OVTC,0
PVTC,0
QVTC,0
RVTC,0
SVTC,0
TVTC,0
UVTC,0
VVTC,0
WVTC,0
XVTC,0
YVTC,1
ZVTC,1
AWTC,1
BWTC,1
CWTC,1
DWTC,1
EWTC,1
FWTC,1
GWTC,1
HWTC,1
IWTC,1
JWTC,1
KWTC,1
LWTC,1
MWTC,1
NWTC,1
OWTC,1
PWTC,1
QWTC,1
RWTC,1
SWTC,1
TWTC,0
UWTC,1
VWTC,1
WWTC,1
XWTC,1
YWTC,1
ZWTC,1
AXTC,1
BXTC,1
CXTC,1
DXTC,0
EXTC,1
FXTC,1
GXTC,1
HXTC,1
IXTC,1
JXTC,1
KXTC,1
LXTC,1
MXTC,1
NXTC,1
OXTC,1
PXTC,1
QXTC,0
RXTC,1
SXTC,1
TXTC,1
UXTC,1
VXTC,1
WXTC,1
XXTC,1
YXTC,1
ZXTC,1
AYTC,1
BYTC,0
CYTC,1
DYTC,1
EYTC,1
FYTC,1
GYTC,1
HYTC,1
IYTC,1
JYTC,0
KYTC,1
LYTC,1
MYTC,0
NYTC,1
OYTC,1
PYTC,1
QYTC,1
RYTC,1
SYTC,1
TYTC,1
UYTC,1
VYTC,1
WYTC,1
XYTC,1
YYTC,1
ZYTC,1
AZTC,1
BZTC,1
CZTC,1
DZTC,1
EZTC,1
FZTC,1
GZTC,1
HZTC,1
IZTC,1
JZTC,1
KZTC,1
LZTC,1
MZTC,1
NZTC,1
OZTC,1
PZTC,1
QZTC,0
RZTC,0
SZTC,0
TZTC,0
UZTC,0
VZTC,0
WZTC,0
XZTC,0
YZTC,0
ZZTC,0
AAUC,0
BAUC,0
CAUC,0
DAUC,0
EAUC,0
FAUC,0
GAUC,0
HAUC,0
IAUC,0
JAUC,0
KAUC,0
LAUC,0
MAUC,0
NAUC,0
OAUC,0
PAUC,0
QAUC,0
RAUC,0
SAUC,0
TAUC,0
UAUC,0
VAUC,0
WAUC,0
XAUC,0
YAUC,0
ZAUC,0
ABUC,0
BBUC,0
CBUC,0
DBUC,0
EBUC,0
FBUC,0
GBUC,0
HBUC,1
IBUC,1
JBUC,1
KBUC,1
LBUC,1
MBUC,1
NBUC,1
OBUC,0
PBUC,1
QBUC,1
RBUC,1
SBUC,1
TBUC,1
UBUC,1
VBUC,1
WBUC,1
XBUC,1
YBUC,1
ZBUC,1
ACUC,1
BCUC,1
CCUC,1
DCUC,1
ECUC,1
FCUC,1
GCUC,1
HCUC,1
ICUC,1
JCUC,1
KCUC,1
LCUC,0
MCUC,1
NCUC,1
OCUC,1
PCUC,1
QCUC,1
RCUC,1
SCUC,1
TCUC,1
UCUC,1
VCUC,1
WCUC,1
XCUC,1
YCUC,1
ZCUC,1
ADUC,1
BDUC,1
CDUC,1
DDUC,1
EDUC,1
FDUC,1
GDUC,1
HDUC,1
IDUC,1
JDUC,1
KDUC,1
LDUC,1
MDUC,1
NDUC,1
ODUC,1
PDUC,1
QDUC,1
RDUC,1
SDUC,1
TDUC,1
UDUC,0
VDUC,1
WDUC,0
XDUC,0
YDUC,0
ZDUC,0
AEUC,0
BEUC,0
CEUC,1
DEUC,1
EEUC,0
FEUC,0
GEUC,1
HEUC,1
IEUC,1
JEUC,1
KEUC,0
LEUC,0
MEUC,1
NEUC,1
OEUC,1
PEUC,1
QEUC,1
REUC,1
SEUC,1
TEUC,1
UEUC,1
VEUC,1
WEUC,1
XEUC,0
YEUC,1
ZEUC,1
AFUC,1
BFUC,1
CFUC,1
DFUC,0
EFUC,1
FFUC,0
GFUC,1
HFUC,0
IFUC,0
JFUC,0
KFUC,0
LFUC,0
MFUC,0
NFUC,0
OFUC,0
PFUC,0
QFUC,1
RFUC,1
SFUC,1
TFUC,1
UFUC,1
VFUC,0
WFUC,1
XFUC,0
YFUC,1
ZFUC,1
AGUC,1
BGUC,1
CGUC,1
DGUC,1
EGUC,1
FGUC,1
GGUC,1
HGUC,1
IGUC,1
JGUC,1
KGUC,1
LGUC,1
MGUC,1
NGUC,1
OGUC,1
PGUC,1
QGUC,1
RGUC,1
SGUC,1
TGUC,0
UGUC,1
VGUC,0
WGUC,1
XGUC,1
YGUC,1
ZGUC,1
AHUC,1
BHUC,1
CHUC,0
DHUC,0
EHUC,0
FHUC,0
GHUC,0
HHUC,1
IHUC,1
JHUC,1
KHUC,1
LHUC,1
MHUC,1
NHUC,1
OHUC,1
PHUC,1
QHUC,0
RHUC,0
SHUC,1
THUC,1
UHUC,0
VHUC,1
WHUC,1
XHUC,1
YHUC,1
ZHUC,0
AIUC,1
BIUC,1
CIUC,0
DIUC,1
EIUC,1
FIUC,1
GIUC,1
HIUC,1
IIUC,1
JIUC,1
KIUC,1
LIUC,1
MIUC,1
NIUC,1
OIUC,1
PIUC,1
QIUC,1
RIUC,1
SIUC,1
TIUC,1
UIUC,1
VIUC,1
WIUC,1
XIUC,1
YIUC,1
ZIUC,1
AJUC,1
BJUC,0
CJUC,1
DJUC,1
EJUC,1
FJUC,1
GJUC,0
HJUC,1
IJUC,1
JJUC,1
KJUC,1
LJUC,1
MJUC,1
NJUC,1
OJUC,1
PJUC,1
QJUC,0
RJUC,1
SJUC,1
TJUC,1
UJUC,0
VJUC,1
WJUC,1
XJUC,1
YJUC,0
ZJUC,1
AKUC,1
BKUC,1
CKUC,1
DKUC,1
EKUC,1
FKUC,1
GKUC,1
HKUC,1
IKUC,1
JKUC,0
KKUC,1
LKUC,1
MKUC,1
NKUC,1
OKUC,1
PKUC,1
QKUC,1
RKUC,1
SKUC,1
TKUC,1
UKUC,1
VKUC,1
WKUC,1
XKUC,1
YKUC,1
ZKUC,0
ALUC,1
BLUC,1
CLUC,1
DLUC,1
ELUC,1
FLUC,1
GLUC,0
HLUC,1
ILUC,1
JLUC,1
KLUC,1
LLUC,1
MLUC,1
NLUC,1
OLUC,0
PLUC,0
QLUC,0
RLUC,0
SLUC,0
TLUC,0
ULUC,0
VLUC,0
WLUC,0
XLUC,0
YLUC,0
ZLUC,0
AMUC,0
BMUC,0
CMUC,0
DMUC,0
EMUC,0
FMUC,0
GMUC,0
HMUC,0
IMUC,0
JMUC,0
KMUC,0
LMUC,0
MMUC,0
NMUC,0
OMUC,0
PMUC,0
QMUC,0
RMUC,0
SMUC,0
TMUC,0
UMUC,0
VMUC,0
WMUC,0
XMUC,0
YMUC,0
ZMUC,0
ANUC,0
BNUC,0
CNUC,0
DNUC,0
ENUC,1
FNUC,0
GNUC,0
HNUC,0
INUC,1
JNUC,1
KNUC,0
LNUC,0
MNUC,1
NNUC,1
ONUC,1
PNUC,1
QNUC,1
RNUC,1
SNUC,1
TNUC,1
UNUC,1
VNUC,1
WNUC,1
XNUC,1
YNUC,1
ZNUC,1
AOUC,1
BOUC,1
COUC,1
DOUC,1
EOUC,1
FOUC,1
GOUC,0
HOUC,1
IOUC,1
JOUC,1
KOUC,1
LOUC,1
MOUC,1
NOUC,1
OOUC,1
POUC,1
QOUC,1
ROUC,1
SOUC,1
TOUC,1
UOUC,1
VOUC,1
WOUC,1
XOUC,1
YOUC,0
ZOUC,1
APUC,1
BPUC,1
CPUC,0
DPUC,1
EPUC,1
FPUC,0
GPUC,1
HPUC,1
IPUC,0
JPUC,0
KPUC,1
LPUC,1
MPUC,1
NPUC,1
OPUC,1
PPUC,0
QPUC,0
RPUC,1
SPUC,1
TPUC,1
UPUC,1
VPUC,1
WPUC,1
XPUC,1
YPUC,1
ZPUC,1
AQUC,1
BQUC,1
CQUC,1
DQUC,1
EQUC,1
FQUC,1
GQUC,1
HQUC,1
IQUC,1
JQUC,1
KQUC,1
LQUC,0
MQUC,1
NQUC,1
OQUC,1
PQUC,1
QQUC,1
RQUC,1
SQUC,1
TQUC,0
UQUC,0
VQUC,0
WQUC,0
XQUC,0
YQUC,0
ZQUC,0
ARUC,0
BRUC,0
CRUC,0
DRUC,0
ERUC,0
FRUC,0
GRUC,0
HRUC,0
IRUC,0
JRUC,0
KRUC,0
LRUC,0
MRUC,0
NRUC,0
ORUC,0
PRUC,0
QRUC,0
RRUC,0
SRUC,0
TRUC,0
URUC,0
VRUC,0
WRUC,0
XRUC,0
YRUC,0
ZRUC,0
ASUC,0
BSUC,0
CSUC,0
DSUC,0
ESUC,0
FSUC,0
GSUC,0
HSUC,0
ISUC,0
JSUC,0
KSUC,0
LSUC,0
MSUC,0
NSUC,0
OSUC,0
PSUC,0
QSUC,0
RSUC,0
SSUC,0
TSUC,1
USUC,1
VSUC,0
WSUC,1
XSUC,1
YSUC,1
ZSUC,1
ATUC,1
BTUC,0
CTUC,1
DTUC,1
ETUC,1
FTUC,1
GTUC,1
HTUC,0
ITUC,1
JTUC,1
KTUC,1
LTUC,1
MTUC,1
NTUC,1
OTUC,1
PTUC,1
QTUC,0
RTUC,1
STUC,1
TTUC,0
UTUC,1
VTUC,1
WTUC,1
XTUC,1
YTUC,1
ZTUC,1
AUUC,1
BUUC,1
CUUC,1
DUUC,1
EUUC,1
FUUC,1
GUUC,1
HUUC,0
IUUC,1
JUUC,1
KUUC,1
LUUC,1
MUUC,1
NUUC,1
OUUC,1
PUUC,1
QUUC,1
RUUC,1
SUUC,1
TUUC,1
UUUC,1
VUUC,0
WUUC,1
XUUC,1
YUUC,1
ZUUC,1
AVUC,1
BVUC,1
CVUC,1
DVUC,1
EVUC,1
FVUC,1
GVUC,1
HVUC,1
IVUC,1
JVUC,1
KVUC,1
LVUC,1
MVUC,1
NVUC,1
OVUC,1
PVUC,1
QVUC,1
RVUC,1
SVUC,0
TVUC,0
UVUC,0
VVUC,0
WVUC,0
XVUC,0
YVUC,1
ZVUC,0
AWUC,1
BWUC,1
CWUC,1
DWUC,1
EWUC,0
FWUC,1
GWUC,1
HWUC,0
IWUC,1
JWUC,1
KWUC,1
LWUC,1
MWUC,1
NWUC,1
OWUC,1
PWUC,1
QWUC,1
RWUC,1
SWUC,1
TWUC,1
UWUC,1
VWUC,1
WWUC,1
XWUC,1
YWUC,1
ZWUC,0
AXUC,1
BXUC,0
CXUC,1
DXUC,1
EXUC,1
FXUC,0
GXUC,1
HXUC,1
IXUC,1
JXUC,1
KXUC,1
LXUC,1
MXUC,1
NXUC,1
OXUC,1
PXUC,1
QXUC,1
RXUC,1
SXUC,1
TXUC,0
UXUC,1
VXUC,1
WXUC,1
XXUC,1
YXUC,1
ZXUC,1
AYUC,1
BYUC,1
CYUC,1
DYUC,1
EYUC,0
FYUC,1
GYUC,1
HYUC,0
IYUC,1
JYUC,1
KYUC,1
LYUC,1
MYUC,1
NYUC,1
OYUC,1
PYUC,1
QYUC,1
RYUC,1
SYUC,1
TYUC,1
UYUC,1
VYUC,1
WYUC,1
XYUC,0
YYUC,1
ZYUC,1
AZUC,1
BZUC,1
CZUC,1
DZUC,0
EZUC,0
FZUC,1
GZUC,0
HZUC,0
IZUC,0
JZUC,0
KZUC,0
LZUC,0
MZUC,0
NZUC,1
OZUC,0
PZUC,0
QZUC,1
RZUC,1
SZUC,1
TZUC,0
UZUC,1
VZUC,1
WZUC,1
XZUC,1
YZUC,1
ZZUC,1
AAVC,0
BAVC,1
CAVC,1
DAVC,1
EAVC,1
FAVC,1
GAVC,1
HAVC,1
IAVC,1
JAVC,1
KAVC,1
LAVC,1
MAVC,1
NAVC,0
OAVC,0
PAVC,1
QAVC,1
RAVC,1
SAVC,1
TAVC,1
UAVC,1
VAVC,1
WAVC,1
XAVC,1
YAVC,1
ZAVC,1
ABVC,1
BBVC,1
CBVC,0
DBVC,1
EBVC,1
FBVC,1
GBVC,1
HBVC,1
IBVC,0
JBVC,1
KBVC,1
LBVC,1
MBVC,1
NBVC,1
OBVC,1
PBVC,1
QBVC,1
RBVC,1
SBVC,1
TBVC,1
UBVC,1
VBVC,0
WBVC,1
XBVC,0
YBVC,1
ZBVC,0
ACVC,1
BCVC,1
CCVC,1
DCVC,1
ECVC,1
FCVC,1
GCVC,1
HCVC,1
ICVC,1
JCVC,1
KCVC,1
LCVC,1
MCVC,1
NCVC,1
OCVC,1
PCVC,1
QCVC,1
RCVC,0
SCVC,1
TCVC,0
UCVC,1
VCVC,0
WCVC,1
XCVC,1
YCVC,1
ZCVC,0
ADVC,1
BDVC,0
CDVC,0
DDVC,1
EDVC,0
FDVC,1
GDVC,1
HDVC,0
IDVC,0
JDVC,0
KDVC,1
LDVC,1
MDVC,1
NDVC,1
ODVC,1
PDVC,1
QDVC,1
RDVC,0
SDVC,0
TDVC,0
UDVC,0
VDVC,0
WDVC,1
XDVC,0
YDVC,1
ZDVC,1
AEVC,1
BEVC,1
CEVC,1
DEVC,0
EEVC,1
FEVC,1
GEVC,1
HEVC,1
IEVC,1
JEVC,1
KEVC,1
LEVC,1
MEVC,1
NEVC,1
OEVC,1
PEVC,0
QEVC,0
REVC,0
SEVC,0
TEVC,0
UEVC,0
VEVC,0
WEVC,0
XEVC,0
YEVC,0
ZEVC,0
AFVC,0
BFVC,0
CFVC,0
DFVC,1
EFVC,0
FFVC,0
GFVC,1
HFVC,1
IFVC,1
JFVC,1
KFVC,1
LFVC,1
MFVC,1
NFVC,1
OFVC,1
PFVC,1
QFVC,0
RFVC,1
SFVC,1
TFVC,1
UFVC,1
VFVC,1
WFVC,1
XFVC,1
YFVC,1
ZFVC,1
AGVC,1
BGVC,1
CGVC,1
DGVC,0
EGVC,1
FGVC,0
GGVC,1
HGVC,1
IGVC,0
JGVC,0
KGVC,0
LGVC,0
MGVC,0
NGVC,0
OGVC,0
PGVC,1
QGVC,1
RGVC,0
SGVC,1
TGVC,1
UGVC,0
VGVC,0
WGVC,1
XGVC,1
YGVC,1
ZGVC,1
AHVC,1
BHVC,1
CHVC,1
DHVC,1
EHVC,1
FHVC,1
GHVC,1
HHVC,1
IHVC,1
JHVC,1
KHVC,0
LHVC,1
MHVC,1
NHVC,1
OHVC,1
PHVC,1
QHVC,1
RHVC,1
SHVC,1
THVC,1
UHVC,1
VHVC,1
WHVC,1
XHVC,1
YHVC,0
ZHVC,1
AIVC,1
BIVC,1
CIVC,1
DIVC,1
EIVC,1
FIVC,1
GIVC,0
HIVC,0
IIVC,1
JIVC,1
KIVC,1
LIVC,1
MIVC,1
NIVC,1
OIVC,1
PIVC,1
QIVC,1
RIVC,1
SIVC,0
TIVC,1
UIVC,1
VIVC,1
WIVC,1
XIVC,1
YIVC,1
ZIVC,1
AJVC,1
BJVC,1
CJVC,1
DJVC,0
EJVC,1
FJVC,1
GJVC,1
HJVC,1
IJVC,0
JJVC,1
KJVC,0
LJVC,1
MJVC,1
NJVC,1
OJVC,1
PJVC,0
QJVC,1
RJVC,0
SJVC,1
TJVC,1
UJVC,1
VJVC,1
WJVC,1
XJVC,1
YJVC,1
ZJVC,0
AKVC,1
BKVC,1
CKVC,1
DKVC,1
EKVC,1
FKVC,1
GKVC,1
HKVC,1
IKVC,1
JKVC,1
KKVC,0
LKVC,0
MKVC,0
NKVC,0
OKVC,1
PKVC,0
QKVC,0
RKVC,0
SKVC,0
TKVC,0
UKVC,0
VKVC,0
WKVC,0
XKVC,0
YKVC,0
ZKVC,0
ALVC,1
BLVC,0
CLVC,0
DLVC,0
ELVC,0
FLVC,0
GLVC,0
HLVC,0
ILVC,0
JLVC,0
KLVC,0
LLVC,0
MLVC,0
NLVC,0
OLVC,0
PLVC,1
QLVC,0
RLVC,1
SLVC,1
TLVC,1
ULVC,1
VLVC,1
WLVC,1
XLVC,1
YLVC,0
ZLVC,1
AMVC,0
BMVC,1
CMVC,1
DMVC,1
EMVC,1
FMVC,1
GMVC,0
HMVC,1
IMVC,1
JMVC,0
KMVC,0
LMVC,0
MMVC,0
NMVC,1
OMVC,1
PMVC,1
QMVC,1
RMVC,1
SMVC,1
TMVC,1
UMVC,0
VMVC,1
WMVC,1
XMVC,1
YMVC,0
ZMVC,1
ANVC,1
BNVC,1
CNVC,1
DNVC,1
ENVC,1
FNVC,1
GNVC,1
HNVC,1
INVC,1
JNVC,1
KNVC,1
LNVC,1
MNVC,1
NNVC,1
ONVC,1
PNVC,1
QNVC,1
RNVC,1
SNVC,1
TNVC,1
UNVC,1
VNVC,1
WNVC,0
XNVC,1
YNVC,0
ZNVC,1
AOVC,1
BOVC,1
COVC,1
DOVC,1
EOVC,1
FOVC,1
GOVC,1
HOVC,1
IOVC,1
JOVC,1
KOVC,1
LOVC,1
MOVC,1
NOVC,1
OOVC,1
POVC,1
QOVC,1
ROVC,1
SOVC,1
TOVC,1
UOVC,1
VOVC,1
WOVC,1
XOVC,1
YOVC,1
ZOVC,1
APVC,1
BPVC,1
CPVC,1
DPVC,0
EPVC,0
FPVC,0
GPVC,0
HPVC,0
IPVC,0
JPVC,0
KPVC,0
LPVC,0
MPVC,0
NPVC,0
OPVC,0
PPVC,0
QPVC,0
RPVC,0
SPVC,0
TPVC,0
UPVC,0
VPVC,0
WPVC,0
XPVC,0
YPVC,0
ZPVC,0
AQVC,0
BQVC,0
CQVC,0
DQVC,0
EQVC,0
FQVC,0
GQVC,0
HQVC,0
IQVC,0
JQVC,0
KQVC,0
LQVC,0
MQVC,0
NQVC,0
OQVC,0
PQVC,0
QQVC,0
RQVC,0
SQVC,0
TQVC,0
UQVC,0
VQVC,0
WQVC,0
XQVC,0
YQVC,0
ZQVC,0
ARVC,1
BRVC,0
CRVC,0
DRVC,1
ERVC,1
FRVC,1
GRVC,1
HRVC,1
IRVC,1
JRVC,1
KRVC,1
LRVC,1
MRVC,0
NRVC,1
ORVC,1
PRVC,1
QRVC,1
RRVC,1
SRVC,1
TRVC,1
URVC,1
VRVC,1
WRVC,1
XRVC,1
YRVC,1
ZRVC,1
ASVC,1
BSVC,1
CSVC,1
DSVC,1
ESVC,1
FSVC,1
GSVC,1
HSVC,1
ISVC,1
JSVC,1
KSVC,1
LSVC,1
MSVC,1
NSVC,1
OSVC,1
PSVC,1
QSVC,1
RSVC,1
SSVC,0
TSVC,1
USVC,1
VSVC,1
WSVC,1
XSVC,1
YSVC,1
ZSVC,1
ATVC,1
BTVC,1
CTVC,1
DTVC,1
ETVC,1
FTVC,1
GTVC,1
HTVC,1
ITVC,1
JTVC,1
KTVC,1
LTVC,1
MTVC,1
NTVC,1
OTVC,0
PTVC,1
QTVC,0
RTVC,1
STVC,0
TTVC,1
UTVC,1
VTVC,0
WTVC,1
XTVC,1
YTVC,1
ZTVC,1
AUVC,1
BUVC,1
CUVC,1
DUVC,1
EUVC,1
FUVC,1
GUVC,1
HUVC,1
IUVC,1
JUVC,1
KUVC,1
LUVC,1
MUVC,0
NUVC,1
OUVC,1
PUVC,1
QUVC,1
RUVC,1
SUVC,1
TUVC,1
UUVC,1
VUVC,1
WUVC,1
XUVC,1
YUVC,1
ZUVC,0
AVVC,1
BVVC,0
CVVC,0
DVVC,0
EVVC,0
FVVC,0
GVVC,0
HVVC,0
IVVC,0
JVVC,0
KVVC,0
LVVC,0
MVVC,0
NVVC,0
OVVC,0
PVVC,0
QVVC,0
RVVC,0
SVVC,0
TVVC,1
UVVC,1
VVVC,1
WVVC,1
XVVC,1
YVVC,1
ZVVC,1
AWVC,1
BWVC,1
CWVC,1
DWVC,1
EWVC,1
FWVC,1
GWVC,1
HWVC,1
IWVC,1
JWVC,1
KWVC,1
LWVC,1
MWVC,1
NWVC,1
OWVC,1
PWVC,1
QWVC,1
RWVC,1
SWVC,1
TWVC,1
UWVC,1
VWVC,1
WWVC,1
XWVC,0
YWVC,1
ZWVC,0
AXVC,1
BXVC,1
CXVC,1
DXVC,1
EXVC,1
FXVC,1
GXVC,1
HXVC,1
IXVC,1
JXVC,1
KXVC,1
LXVC,1
MXVC,1
NXVC,1
OXVC,1
PXVC,0
QXVC,1
RXVC,1
SXVC,1
TXVC,1
UXVC,1
VXVC,1
WXVC,1
XXVC,1
YXVC,1
ZXVC,1
AYVC,1
BYVC,1
CYVC,1
DYVC,1
EYVC,1
FYVC,1
GYVC,1
HYVC,1
IYVC,0
JYVC,1
KYVC,1
LYVC,1
MYVC,1
NYVC,1
OYVC,1
PYVC,1
QYVC,1
RYVC,0
SYVC,0
TYVC,0
UYVC,0
VYVC,0
WYVC,0
XYVC,0
YYVC,0
ZYVC,0
AZVC,0
BZVC,0
CZVC,0
DZVC,0
EZVC,0
FZVC,0
GZVC,0
HZVC,0
IZVC,0
JZVC,0
KZVC,0
LZVC,0
MZVC,0
NZVC,0
OZVC,0
PZVC,0
QZVC,0
RZVC,0
SZVC,0
TZVC,0
UZVC,0
VZVC,0
WZVC,0
XZVC,0
YZVC,0
ZZVC,0
AAWC,0
BAWC,0
CAWC,0
DAWC,0
EAWC,0
FAWC,0
GAWC,0
HAWC,1
IAWC,1
JAWC,1
KAWC,1
LAWC,1
MAWC,1
NAWC,1
OAWC,1
PAWC,1
QAWC,1
RAWC,1
SAWC,1
TAWC,1
UAWC,1
VAWC,1
WAWC,1
XAWC,1
YAWC,1
ZAWC,0
ABWC,1
BBWC,1
CBWC,1
DBWC,1
EBWC,1
FBWC,1
GBWC,1
HBWC,1
IBWC,1
JBWC,1
KBWC,1
LBWC,0
MBWC,1
NBWC,0
OBWC,1
PBWC,1
QBWC,1
RBWC,1
SBWC,1
TBWC,0
UBWC,1
VBWC,0
WBWC,1
XBWC,0
YBWC,1
ZBWC,1
ACWC,1
BCWC,1
CCWC,1
DCWC,1
ECWC,0
FCWC,1
GCWC,1
HCWC,1
ICWC,1
JCWC,1
KCWC,1
LCWC,1
MCWC,1
NCWC,1
OCWC,0
PCWC,1
QCWC,1
RCWC,1
SCWC,1
TCWC,1
UCWC,1
VCWC,1
WCWC,1
XCWC,1
YCWC,1
ZCWC,1
ADWC,1
BDWC,1
CDWC,1
DDWC,1
EDWC,1
FDWC,1
GDWC,0
HDWC,0
IDWC,0
JDWC,1
KDWC,1
LDWC,1
MDWC,1
NDWC,1
ODWC,0
PDWC,1
QDWC,0
RDWC,0
SDWC,0
TDWC,0
UDWC,0
VDWC,1
WDWC,1
XDWC,1
YDWC,1
ZDWC,1
AEWC,1
BEWC,0
CEWC,1
DEWC,1
EEWC,1
FEWC,1
GEWC,1
HEWC,0
IEWC,0
JEWC,0
KEWC,0
LEWC,0
MEWC,0
NEWC,0
OEWC,0
PEWC,0
QEWC,0
REWC,1
SEWC,1
TEWC,1
UEWC,1
VEWC,0
WEWC,1
XEWC,0
YEWC,0
ZEWC,1
AFWC,1
BFWC,1
CFWC,1
DFWC,1
EFWC,1
FFWC,1
GFWC,1
HFWC,1
IFWC,1
JFWC,1
KFWC,1
LFWC,1
MFWC,1
NFWC,1
OFWC,0
PFWC,1
QFWC,1
RFWC,1
SFWC,1
TFWC,1
UFWC,1
VFWC,0
WFWC,0
XFWC,0
YFWC,0
ZFWC,0
AGWC,1
BGWC,1
CGWC,1
DGWC,1
EGWC,1
FGWC,1
GGWC,1
HGWC,1
IGWC,1
JGWC,1
KGWC,1
LGWC,1
MGWC,1
NGWC,1
OGWC,1
PGWC,1
QGWC,1
RGWC,1
SGWC,1
TGWC,1
UGWC,0
VGWC,0
WGWC,1
XGWC,1
YGWC,1
ZGWC,1
AHWC,1
BHWC,1
CHWC,1
DHWC,1
EHWC,1
FHWC,1
GHWC,1
HHWC,1
IHWC,1
JHWC,1
KHWC,1
LHWC,1
MHWC,1
NHWC,0
OHWC,1
PHWC,1
QHWC,1
RHWC,0
SHWC,1
THWC,1
UHWC,1
VHWC,1
WHWC,1
XHWC,1
YHWC,1
ZHWC,1
AIWC,1
BIWC,1
CIWC,1
DIWC,1
EIWC,1
FIWC,1
GIWC,1
HIWC,1
IIWC,1
JIWC,1
KIWC,1
LIWC,1
MIWC,1
NIWC,1
OIWC,1
PIWC,1
QIWC,1
RIWC,1
SIWC,1
TIWC,1
UIWC,1
VIWC,1
WIWC,1
XIWC,1
YIWC,1
ZIWC,1
AJWC,1
BJWC,1
CJWC,1
DJWC,1
EJWC,1
FJWC,1
GJWC,1
HJWC,1
IJWC,1
JJWC,1
KJWC,1
LJWC,1
MJWC,1
NJWC,1
OJWC,1
PJWC,1
QJWC,1
RJWC,1
SJWC,1
TJWC,1
UJWC,1
VJWC,1
WJWC,1
XJWC,1
YJWC,1
ZJWC,1
AKWC,1
BKWC,1
CKWC,1
DKWC,1
EKWC,1
FKWC,1
GKWC,1
HKWC,0
IKWC,1
JKWC,1
KKWC,1
LKWC,1
MKWC,0
NKWC,1
OKWC,1
PKWC,0
QKWC,0
RKWC,0
SKWC,0
TKWC,0
UKWC,0
VKWC,0
WKWC,0
XKWC,0
YKWC,0
ZKWC,0
ALWC,0
BLWC,0
CLWC,0
DLWC,0
ELWC,0
FLWC,0
GLWC,0
HLWC,0
ILWC,0
JLWC,0
KLWC,0
LLWC,0
MLWC,0
NLWC,0
OLWC,0
PLWC,0
QLWC,0
RLWC,0
SLWC,0
TLWC,0
ULWC,0
VLWC,0
WLWC,0
XLWC,0
YLWC,0
ZLWC,0
AMWC,0
BMWC,0
CMWC,0
DMWC,0
EMWC,0
FMWC,0
GMWC,0
HMWC,0
IMWC,0
JMWC,0
KMWC,1
LMWC,0
MMWC,1
NMWC,1
OMWC,1
PMWC,1
QMWC,1
RMWC,1
SMWC,1
TMWC,0
UMWC,0
VMWC,1
WMWC,1
XMWC,1
YMWC,1
ZMWC,1
ANWC,1
BNWC,1
CNWC,1
DNWC,1
ENWC,1
FNWC,1
GNWC,1
HNWC,1
INWC,1
JNWC,0
KNWC,1
LNWC,1
MNWC,1
NNWC,1
ONWC,1
PNWC,1
QNWC,1
RNWC,1
SNWC,1
TNWC,1
UNWC,1
VNWC,1
WNWC,1
XNWC,0
YNWC,1
ZNWC,1
AOWC,1
BOWC,1
COWC,0
DOWC,0
EOWC,1
FOWC,1
GOWC,1
HOWC,1
IOWC,1
JOWC,1
KOWC,1
LOWC,1
MOWC,1
NOWC,1
OOWC,1
POWC,1
QOWC,1
ROWC,1
SOWC,1
TOWC,1
UOWC,1
VOWC,1
WOWC,1
XOWC,0
YOWC,0
ZOWC,1
APWC,1
BPWC,1
CPWC,1
DPWC,1
EPWC,1
FPWC,1
GPWC,1
HPWC,1
IPWC,1
JPWC,1
KPWC,1
LPWC,1
MPWC,1
NPWC,1
OPWC,1
PPWC,1
QPWC,0
RPWC,1
SPWC,1
TPWC,1
UPWC,1
VPWC,1
WPWC,1
XPWC,0
YPWC,0
ZPWC,0
AQWC,0
BQWC,0
CQWC,0
DQWC,0
EQWC,0
FQWC,0
GQWC,0
HQWC,0
IQWC,0
JQWC,0
KQWC,0
LQWC,0
MQWC,0
NQWC,0
OQWC,0
PQWC,0
QQWC,0
RQWC,0
SQWC,0
TQWC,0
UQWC,0
VQWC,0
WQWC,0
XQWC,0
YQWC,0
ZQWC,0
ARWC,0
BRWC,0
CRWC,0
DRWC,0
ERWC,0
FRWC,0
GRWC,0
HRWC,0
IRWC,0
JRWC,0
KRWC,1
LRWC,0
MRWC,0
NRWC,1
ORWC,1
PRWC,1
QRWC,1
RRWC,1
SRWC,1
TRWC,1
URWC,1
VRWC,1
WRWC,0
XRWC,1
YRWC,1
ZRWC,1
ASWC,1
BSWC,1
CSWC,1
DSWC,1
ESWC,1
FSWC,1
GSWC,1
HSWC,1
ISWC,1
JSWC,1
KSWC,1
LSWC,1
MSWC,1
NSWC,1
OSWC,1
PSWC,1
QSWC,1
RSWC,1
SSWC,1
TSWC,1
USWC,1
VSWC,0
WSWC,1
XSWC,1
YSWC,0
ZSWC,1
ATWC,0
BTWC,1
CTWC,1
DTWC,1
ETWC,1
FTWC,1
GTWC,1
HTWC,1
ITWC,1
JTWC,1
KTWC,0
LTWC,1
MTWC,1
NTWC,0
OTWC,0
PTWC,1
QTWC,1
RTWC,1
STWC,1
TTWC,1
UTWC,1
VTWC,1
WTWC,0
XTWC,1
YTWC,1
ZTWC,1
AUWC,0
BUWC,1
CUWC,1
DUWC,1
EUWC,1
FUWC,1
GUWC,1
HUWC,1
IUWC,1
JUWC,1
KUWC,1
LUWC,1
MUWC,1
NUWC,1
OUWC,1
PUWC,1
QUWC,1
RUWC,1
SUWC,1
TUWC,1
UUWC,1
VUWC,0
WUWC,0
XUWC,0
YUWC,0
ZUWC,0
AVWC,0
BVWC,0
CVWC,1
DVWC,1
EVWC,0
FVWC,0
GVWC,0
HVWC,0
IVWC,1
JVWC,0
KVWC,1
LVWC,1
MVWC,1
NVWC,1
OVWC,1
PVWC,1
QVWC,1
RVWC,1
SVWC,1
TVWC,1
UVWC,1
VVWC,1
WVWC,1
XVWC,1
YVWC,1
ZVWC,1
AWWC,1
BWWC,1
CWWC,1
DWWC,1
EWWC,1
FWWC,1
GWWC,1
HWWC,1
IWWC,1
JWWC,1
KWWC,1
LWWC,1
MWWC,1
NWWC,1
OWWC,1
PWWC,1
QWWC,1
RWWC,1
SWWC,1
TWWC,1
UWWC,1
VWWC,1
WWWC,1
XWWC,1
YWWC,1
ZWWC,1
AXWC,0
BXWC,1
CXWC,1
DXWC,1
EXWC,1
FXWC,1
GXWC,1
HXWC,1
IXWC,1
JXWC,1
KXWC,1
LXWC,1
MXWC,1
NXWC,1
OXWC,1
PXWC,1
QXWC,1
RXWC,0
SXWC,1
TXWC,1
UXWC,1
VXWC,1
WXWC,1
XXWC,1
YXWC,1
ZXWC,1
AYWC,1
BYWC,1
CYWC,1
DYWC,1
EYWC,1
FYWC,1
GYWC,1
HYWC,1
IYWC,1
JYWC,0
KYWC,1
LYWC,1
MYWC,1
NYWC,1
OYWC,1
PYWC,1
QYWC,0
RYWC,1
SYWC,1
TYWC,1
UYWC,1
VYWC,0
WYWC,0
XYWC,0
YYWC,1
ZYWC,0
AZWC,0
BZWC,1
CZWC,1
DZWC,0
EZWC,1
FZWC,1
GZWC,1
HZWC,1
IZWC,1
JZWC,1
KZWC,1
LZWC,1
MZWC,1
NZWC,1
OZWC,0
PZWC,1
QZWC,1
RZWC,1
SZWC,1
TZWC,1
UZWC,1
VZWC,1
WZWC,1
XZWC,1
YZWC,1
ZZWC,1
AAXC,1
BAXC,1
CAXC,1
DAXC,1
EAXC,1
FAXC,1
GAXC,0
HAXC,1
IAXC,1
JAXC,1
KAXC,1
LAXC,1
MAXC,1
NAXC,1
OAXC,1
PAXC,1
QAXC,1
RAXC,1
SAXC,1
TAXC,1
UAXC,1
VAXC,1
WAXC,1
XAXC,1
YAXC,1
ZAXC,1
ABXC,1
BBXC,1
CBXC,1
DBXC,1
EBXC,0
FBXC,1
GBXC,1
HBXC,1
IBXC,1
JBXC,1
KBXC,1
LBXC,1
MBXC,1
NBXC,0
OBXC,1
PBXC,1
QBXC,1
RBXC,1
SBXC,0
TBXC,1
UBXC,1
VBXC,1
WBXC,1
XBXC,1
YBXC,1
ZBXC,0
ACXC,0
BCXC,0
CCXC,0
DCXC,0
ECXC,1
FCXC,0
GCXC,0
HCXC,0
ICXC,0
JCXC,1
KCXC,1
LCXC,1
MCXC,1
NCXC,1
OCXC,1
PCXC,1
QCXC,0
RCXC,0
SCXC,1
TCXC,0
UCXC,1
VCXC,1
WCXC,0
XCXC,1
YCXC,1
ZCXC,1
ADXC,0
BDXC,1
CDXC,0
DDXC,1
EDXC,1
FDXC,1
GDXC,1
HDXC,1
IDXC,1
JDXC,1
KDXC,0
LDXC,1
MDXC,0
NDXC,1
ODXC,1
PDXC,1
QDXC,0
RDXC,0
SDXC,0
TDXC,0
UDXC,0
VDXC,0
WDXC,0
XDXC,0
YDXC,0
ZDXC,0
AEXC,0
BEXC,0
CEXC,0
DEXC,1
EEXC,0
FEXC,1
GEXC,0
HEXC,1
IEXC,1
JEXC,1
KEXC,1
LEXC,1
MEXC,0
NEXC,1
OEXC,1
PEXC,1
QEXC,1
REXC,1
SEXC,1
TEXC,1
UEXC,1
VEXC,1
WEXC,0
XEXC,0
YEXC,0
ZEXC,0
AFXC,0
BFXC,0
CFXC,0
DFXC,0
EFXC,0
FFXC,0
GFXC,1
HFXC,1
IFXC,1
JFXC,1
KFXC,1
LFXC,0
MFXC,0
NFXC,1
OFXC,1
PFXC,1
QFXC,1
RFXC,1
SFXC,1
TFXC,1
UFXC,1
VFXC,1
WFXC,1
XFXC,1
YFXC,1
ZFXC,1
AGXC,0
BGXC,1
CGXC,1
DGXC,1
EGXC,1
FGXC,1
GGXC,1
HGXC,1
IGXC,1
JGXC,1
KGXC,1
LGXC,1
MGXC,1
NGXC,0
OGXC,1
PGXC,1
QGXC,1
RGXC,1
SGXC,0
TGXC,0
UGXC,1
VGXC,1
WGXC,0
XGXC,1
YGXC,1
ZGXC,1
AHXC,1
BHXC,1
CHXC,0
DHXC,1
EHXC,0
FHXC,1
GHXC,1
HHXC,1
IHXC,1
JHXC,1
KHXC,1
LHXC,1
MHXC,1
NHXC,1
OHXC,1
PHXC,1
QHXC,1
RHXC,1
SHXC,1
THXC,0
UHXC,1
VHXC,1
WHXC,1
XHXC,1
YHXC,1
ZHXC,1
AIXC,1
BIXC,1
CIXC,1
DIXC,1
EIXC,1
FIXC,1
GIXC,1
HIXC,1
IIXC,1
JIXC,1
KIXC,0
LIXC,1
MIXC,1
NIXC,1
OIXC,1
PIXC,1
QIXC,1
RIXC,1
SIXC,1
TIXC,0
UIXC,1
VIXC,1
WIXC,1
XIXC,1
YIXC,1
ZIXC,1
AJXC,0
BJXC,1
CJXC,1
DJXC,1
EJXC,1
FJXC,1
GJXC,0
HJXC,0
IJXC,0
JJXC,0
KJXC,0
LJXC,0
MJXC,0
NJXC,0
OJXC,0
PJXC,0
QJXC,0
RJXC,0
SJXC,0
TJXC,0
UJXC,0
VJXC,0
WJXC,0
XJXC,0
YJXC,0
ZJXC,0
AKXC,0
BKXC,0
CKXC,0
DKXC,0
EKXC,0
FKXC,0
GKXC,0
HKXC,0
IKXC,1
JKXC,0
KKXC,1
LKXC,0
MKXC,1
NKXC,1
OKXC,1
PKXC,1
QKXC,1
RKXC,0
SKXC,1
TKXC,1
UKXC,0
VKXC,1
WKXC,1
XKXC,1
YKXC,1
ZKXC,1
ALXC,1
BLXC,1
CLXC,1
DLXC,1
ELXC,1
FLXC,1
GLXC,1
HLXC,1
ILXC,1
JLXC,0
KLXC,1
LLXC,1
MLXC,1
NLXC,1
OLXC,1
PLXC,1
QLXC,1
RLXC,1
SLXC,1
TLXC,1
ULXC,1
VLXC,1
WLXC,1
XLXC,1
YLXC,1
ZLXC,1
AMXC,1
BMXC,1
CMXC,1
DMXC,1
EMXC,1
FMXC,1
GMXC,0
HMXC,1
IMXC,1
JMXC,1
KMXC,1
LMXC,1
MMXC,1
NMXC,1
OMXC,1
PMXC,1
QMXC,1
RMXC,1
SMXC,1
TMXC,1
UMXC,1
VMXC,1
WMXC,1
XMXC,1
YMXC,1
ZMXC,1
ANXC,1
BNXC,1
CNXC,1
DNXC,1
ENXC,1
FNXC,1
GNXC,1
HNXC,1
INXC,1
JNXC,1
KNXC,1
LNXC,1
MNXC,1
NNXC,1
ONXC,1
PNXC,0
QNXC,0
RNXC,0
SNXC,0
TNXC,0
UNXC,0
VNXC,0
WNXC,0
XNXC,0
YNXC,0
ZNXC,0
AOXC,0
BOXC,0
COXC,0
DOXC,0
EOXC,0
FOXC,0
GOXC,0
HOXC,0
IOXC,0
JOXC,0
KOXC,0
LOXC,0
MOXC,0
NOXC,0
OOXC,0
POXC,0
QOXC,0
ROXC,0
SOXC,0
TOXC,0
UOXC,0
VOXC,0
WOXC,0
XOXC,0
YOXC,0
ZOXC,0
APXC,0
BPXC,0
CPXC,0
DPXC,0
EPXC,0
FPXC,0
GPXC,0
HPXC,0
IPXC,0
JPXC,0
KPXC,0
LPXC,0
MPXC,0
NPXC,0
OPXC,0
PPXC,0
QPXC,0
RPXC,0
SPXC,1
TPXC,1
UPXC,1
VPXC,0
WPXC,0
XPXC,0
YPXC,0
ZPXC,1
AQXC,1
BQXC,1
CQXC,1
DQXC,1
EQXC,0
FQXC,1
GQXC,1
HQXC,1
IQXC,1
JQXC,1
KQXC,1
LQXC,1
MQXC,1
NQXC,0
OQXC,1
PQXC,1
QQXC,1
RQXC,1
SQXC,1
TQXC,1
UQXC,1
VQXC,0
WQXC,1
XQXC,1
YQXC,1
ZQXC,1
ARXC,1
BRXC,1
CRXC,1
DRXC,1
ERXC,1
FRXC,1
GRXC,1
HRXC,1
IRXC,1
JRXC,1
KRXC,1
LRXC,1
MRXC,1
NRXC,1
ORXC,1
PRXC,1
QRXC,0
RRXC,1
SRXC,1
TRXC,1
URXC,1
VRXC,1
WRXC,1
XRXC,1
YRXC,1
ZRXC,0
ASXC,1
BSXC,1
CSXC,1
DSXC,1
ESXC,1
FSXC,1
GSXC,1
HSXC,1
ISXC,1
JSXC,1
KSXC,1
LSXC,1
MSXC,1
NSXC,1
OSXC,1
PSXC,1
QSXC,0
RSXC,0
SSXC,1
TSXC,1
USXC,1
VSXC,0
WSXC,1
XSXC,0
YSXC,1
ZSXC,1
ATXC,1
BTXC,1
CTXC,0
DTXC,1
ETXC,0
FTXC,0
GTXC,1
HTXC,1
ITXC,1
JTXC,1
KTXC,0
LTXC,1
MTXC,1
NTXC,1
OTXC,1
PTXC,1
QTXC,1
RTXC,1
STXC,1
TTXC,1
UTXC,1
VTXC,1
WTXC,1
XTXC,1
YTXC,1
ZTXC,1
AUXC,1
BUXC,1
CUXC,1
DUXC,0
EUXC,1
FUXC,1
GUXC,1
HUXC,1
IUXC,0
JUXC,1
KUXC,1
LUXC,1
MUXC,1
NUXC,1
OUXC,0
PUXC,1
QUXC,1
RUXC,1
SUXC,0
TUXC,1
UUXC,1
VUXC,1
WUXC,1
XUXC,1
YUXC,1
ZUXC,1
AVXC,1
BVXC,1
CVXC,1
DVXC,1
EVXC,0
FVXC,1
GVXC,1
HVXC,0
IVXC,1
JVXC,0
KVXC,1
LVXC,1
MVXC,1
NVXC,1
OVXC,1
PVXC,1
QVXC,1
RVXC,1
SVXC,1
TVXC,0
UVXC,1
VVXC,1
WVXC,1
XVXC,1
YVXC,1
ZVXC,1
AWXC,1
BWXC,1
CWXC,1
DWXC,1
EWXC,0
FWXC,1
GWXC,1
HWXC,1
IWXC,1
JWXC,1
KWXC,1
LWXC,1
MWXC,1
NWXC,1
OWXC,1
PWXC,1
QWXC,0
RWXC,1
SWXC,1
TWXC,0
UWXC,0
VWXC,0
WWXC,1
XWXC,1
YWXC,1
ZWXC,0
AXXC,1
BXXC,1
CXXC,1
DXXC,1
EXXC,1
FXXC,1
GXXC,1
HXXC,1
IXXC,1
JXXC,1
KXXC,1
LXXC,0
MXXC,1
NXXC,1
OXXC,1
PXXC,1
QXXC,1
RXXC,0
SXXC,0
TXXC,0
UXXC,1
VXXC,0
WXXC,1
XXXC,1
YXXC,0
ZXXC,1
AYXC,1
BYXC,1
CYXC,1
DYXC,1
EYXC,1
FYXC,1
GYXC,1
HYXC,1
IYXC,0
JYXC,0
KYXC,0
LYXC,0
MYXC,0
NYXC,1
OYXC,1
PYXC,0
QYXC,1
RYXC,1
SYXC,1
TYXC,0
UYXC,1
VYXC,1
WYXC,1
XYXC,1
YYXC,1
ZYXC,1
AZXC,1
BZXC,0
CZXC,1
DZXC,1
EZXC,1
FZXC,0
GZXC,1
HZXC,0
IZXC,1
JZXC,0
KZXC,1
LZXC,0
MZXC,0
NZXC,1
OZXC,1
PZXC,1
QZXC,1
RZXC,1
SZXC,1
TZXC,1
UZXC,1
VZXC,1
WZXC,1
XZXC,1
YZXC,1
ZZXC,1
AAYC,1
BAYC,1
CAYC,0
DAYC,1
EAYC,1
FAYC,1
GAYC,1
HAYC,1
IAYC,1
JAYC,1
KAYC,1
LAYC,1
MAYC,1
NAYC,1
OAYC,1
PAYC,0
QAYC,1
RAYC,1
SAYC,1
TAYC,1
UAYC,1
VAYC,1
WAYC,1
XAYC,1
YAYC,1
ZAYC,1
ABYC,0
BBYC,0
CBYC,1
DBYC,1
EBYC,1
FBYC,1
GBYC,1
HBYC,1
IBYC,1
JBYC,1
KBYC,1
LBYC,1
MBYC,1
NBYC,1
OBYC,1
PBYC,0
QBYC,1
RBYC,1
SBYC,0
TBYC,1
UBYC,1
VBYC,1
WBYC,1
XBYC,1
YBYC,1
ZBYC,1
ACYC,1
BCYC,1
CCYC,1
DCYC,0
ECYC,0
FCYC,0
GCYC,0
HCYC,0
ICYC,0
JCYC,0
KCYC,0
LCYC,0
MCYC,0
NCYC,0
OCYC,0
PCYC,0
QCYC,0
RCYC,0
SCYC,0
TCYC,0
UCYC,0
VCYC,0
WCYC,0
XCYC,0
YCYC,0
ZCYC,0
ADYC,0
BDYC,0
CDYC,0
DDYC,0
EDYC,0
FDYC,0
GDYC,0
HDYC,0
IDYC,0
JDYC,0
KDYC,0
LDYC,0
MDYC,1
NDYC,1
ODYC,1
PDYC,1
QDYC,1
RDYC,1
SDYC,1
TDYC,1
UDYC,1
VDYC,1
WDYC,1
XDYC,1
YDYC,1
ZDYC,0
AEYC,1
BEYC,1
CEYC,1
DEYC,1
EEYC,1
FEYC,1
GEYC,0
HEYC,1
IEYC,1
JEYC,1
KEYC,1
LEYC,1
MEYC,1
NEYC,0
OEYC,0
PEYC,1
QEYC,1
REYC,1
SEYC,1
TEYC,1
UEYC,1
VEYC,1
WEYC,1
XEYC,1
YEYC,1
ZEYC,1
AFYC,0
BFYC,0
CFYC,1
DFYC,0
EFYC,0
FFYC,1
GFYC,1
HFYC,1
IFYC,1
JFYC,0
KFYC,1
LFYC,1
MFYC,1
NFYC,1
OFYC,1
PFYC,1
QFYC,1
RFYC,0
SFYC,1
TFYC,1
UFYC,1
VFYC,1
WFYC,1
XFYC,0
YFYC,1
ZFYC,1
AGYC,1
BGYC,1
CGYC,1
DGYC,1
EGYC,1
FGYC,1
GGYC,1
HGYC,1
IGYC,1
JGYC,1
KGYC,1
LGYC,1
MGYC,1
NGYC,1
OGYC,1
PGYC,1
QGYC,0
RGYC,1
SGYC,1
TGYC,1
UGYC,1
VGYC,0
WGYC,0
XGYC,1
YGYC,1
ZGYC,1
AHYC,1
BHYC,1
CHYC,1
DHYC,1
EHYC,0
FHYC,0
GHYC,1
HHYC,1
IHYC,1
JHYC,1
KHYC,1
LHYC,1
MHYC,0
NHYC,1
OHYC,1
PHYC,1
QHYC,1
RHYC,1
SHYC,1
THYC,1
UHYC,1
VHYC,1
WHYC,1
XHYC,1
YHYC,1
ZHYC,1
AIYC,1
BIYC,1
CIYC,1
DIYC,1
EIYC,1
FIYC,1
GIYC,1
HIYC,1
IIYC,1
JIYC,1
KIYC,1
LIYC,1
MIYC,1
NIYC,1
OIYC,1
PIYC,1
QIYC,1
RIYC,1
SIYC,1
TIYC,1
UIYC,1
VIYC,1
WIYC,1
XIYC,1
YIYC,1
ZIYC,1
AJYC,0
BJYC,1
CJYC,0
DJYC,1
EJYC,1
FJYC,1
GJYC,1
HJYC,1
IJYC,1
JJYC,1
KJYC,1
LJYC,1
MJYC,1
NJYC,1
OJYC,1
PJYC,0
QJYC,1
RJYC,1
SJYC,1
TJYC,1
UJYC,1
VJYC,1
WJYC,1
XJYC,1
YJYC,1
ZJYC,1
AKYC,0
BKYC,1
CKYC,1
DKYC,1
EKYC,1
FKYC,0
GKYC,1
HKYC,1
IKYC,1
JKYC,1
KKYC,1
LKYC,1
MKYC,1
NKYC,1
OKYC,1
PKYC,0
QKYC,0
RKYC,0
SKYC,0
TKYC,0
UKYC,0
VKYC,0
WKYC,0
XKYC,0
YKYC,0
ZKYC,0
ALYC,0
BLYC,0
CLYC,0
DLYC,0
ELYC,0
FLYC,0
GLYC,1
HLYC,0
ILYC,0
JLYC,0
KLYC,0
LLYC,0
MLYC,0
NLYC,0
OLYC,0
PLYC,0
QLYC,0
RLYC,0
SLYC,0
TLYC,0
ULYC,0
VLYC,0
WLYC,0
XLYC,0
YLYC,0
ZLYC,0
AMYC,0
BMYC,0
CMYC,0
DMYC,0
EMYC,0
FMYC,1
GMYC,0
HMYC,1
IMYC,1
JMYC,1
KMYC,1
LMYC,1
MMYC,0
NMYC,1
OMYC,1
PMYC,1
QMYC,1
RMYC,1
SMYC,1
TMYC,1
UMYC,1
VMYC,1
WMYC,0
XMYC,1
YMYC,1
ZMYC,0
ANYC,1
BNYC,1
CNYC,1
DNYC,1
ENYC,1
FNYC,1
GNYC,1
HNYC,0
INYC,1
JNYC,1
KNYC,1
LNYC,1
MNYC,0
NNYC,1
ONYC,1
PNYC,1
QNYC,1
RNYC,1
SNYC,1
TNYC,1
UNYC,1
VNYC,1
WNYC,1
XNYC,1
YNYC,1
ZNYC,1
AOYC,1
BOYC,1
COYC,1
DOYC,1
EOYC,1
FOYC,1
GOYC,1
HOYC,1
IOYC,1
JOYC,1
KOYC,1
LOYC,1
MOYC,1
NOYC,1
OOYC,1
POYC,1
QOYC,1
ROYC,1
SOYC,1
TOYC,1
UOYC,1
VOYC,1
WOYC,1
XOYC,1
YOYC,1
ZOYC,1
APYC,1
BPYC,1
CPYC,1
DPYC,0
EPYC,1
FPYC,1
GPYC,1
HPYC,1
IPYC,0
JPYC,1
KPYC,1
LPYC,1
MPYC,1
NPYC,1
OPYC,1
PPYC,1
QPYC,1
RPYC,0
SPYC,1
TPYC,1
UPYC,1
VPYC,1
WPYC,1
XPYC,1
YPYC,1
ZPYC,1
AQYC,1
BQYC,0
CQYC,0
DQYC,0
EQYC,0
FQYC,0
GQYC,0
HQYC,0
IQYC,0
JQYC,0
KQYC,0
LQYC,0
MQYC,0
NQYC,0
OQYC,0
PQYC,0
QQYC,0
RQYC,0
SQYC,0
TQYC,0
UQYC,0
VQYC,0
WQYC,0
XQYC,0
YQYC,0
ZQYC,0
ARYC,0
BRYC,0
CRYC,0
DRYC,0
ERYC,0
FRYC,0
GRYC,0
HRYC,0
IRYC,0
JRYC,0
KRYC,0
LRYC,0
MRYC,0
NRYC,0
ORYC,0
PRYC,0
QRYC,0
RRYC,0
SRYC,0
TRYC,0
URYC,0
VRYC,0
WRYC,0
XRYC,0
YRYC,0
ZRYC,0
ASYC,0
BSYC,0
CSYC,0
DSYC,0
ESYC,0
FSYC,1
GSYC,0
HSYC,1
ISYC,1
JSYC,1
KSYC,0
LSYC,1
MSYC,1
NSYC,1
OSYC,1
PSYC,1
QSYC,1
RSYC,1
SSYC,1
TSYC,1
USYC,0
VSYC,1
WSYC,1
XSYC,1
YSYC,1
ZSYC,1
ATYC,1
BTYC,1
CTYC,1
DTYC,1
ETYC,1
FTYC,1
GTYC,1
HTYC,1
ITYC,1
JTYC,1
KTYC,1
LTYC,0
MTYC,1
NTYC,1
OTYC,0
PTYC,0
QTYC,1
RTYC,1
STYC,1
TTYC,1
UTYC,1
VTYC,1
WTYC,1
XTYC,1
YTYC,1
ZTYC,0
AUYC,1
BUYC,1
CUYC,1
DUYC,1
EUYC,1
FUYC,1
GUYC,1
HUYC,1
IUYC,1
JUYC,1
KUYC,1
LUYC,1
MUYC,1
NUYC,1
OUYC,1
PUYC,1
QUYC,1
RUYC,1
SUYC,1
TUYC,1
UUYC,1
VUYC,1
WUYC,1
XUYC,1
YUYC,1
ZUYC,1
AVYC,1
BVYC,1
CVYC,1
DVYC,1
EVYC,1
FVYC,1
GVYC,1
HVYC,1
IVYC,0
JVYC,1
KVYC,0
LVYC,1
MVYC,1
NVYC,1
OVYC,1
PVYC,1
QVYC,1
RVYC,1
SVYC,0
TVYC,1
UVYC,1
VVYC,1
WVYC,1
XVYC,1
YVYC,1
ZVYC,0
AWYC,0
BWYC,0
CWYC,1
DWYC,1
EWYC,1
FWYC,1
GWYC,1
HWYC,1
IWYC,1
JWYC,1
KWYC,0
LWYC,1
MWYC,1
NWYC,1
OWYC,1
PWYC,0
QWYC,1
RWYC,1
SWYC,0
TWYC,0
UWYC,1
VWYC,0
WWYC,1
XWYC,0
YWYC,1
ZWYC,1
AXYC,1
BXYC,1
CXYC,1
DXYC,0
EXYC,0
FXYC,1
GXYC,1
HXYC,1
IXYC,1
JXYC,1
KXYC,1
LXYC,1
MXYC,1
NXYC,0
OXYC,0
PXYC,1
QXYC,1
RXYC,1
SXYC,1
TXYC,1
UXYC,1
VXYC,1
WXYC,1
XXYC,1
YXYC,1
ZXYC,1
AYYC,1
BYYC,1
CYYC,1
DYYC,1
EYYC,1
FYYC,1
GYYC,1
HYYC,1
IYYC,1
JYYC,1
KYYC,1
LYYC,1
MYYC,1
NYYC,1
OYYC,1
PYYC,1
QYYC,0
RYYC,1
SYYC,1
TYYC,1
UYYC,1
VYYC,1
WYYC,1
XYYC,1
YYYC,1
ZYYC,0
AZYC,0
BZYC,1
CZYC,1
DZYC,0
EZYC,1
FZYC,1
GZYC,1
HZYC,1
IZYC,1
JZYC,1
KZYC,1
LZYC,1
MZYC,0
NZYC,1
OZYC,1
PZYC,1
QZYC,1
RZYC,1
SZYC,1
TZYC,1
UZYC,1
VZYC,1
WZYC,1
XZYC,1
YZYC,0
ZZYC,0
AAZC,1
BAZC,1
CAZC,1
DAZC,1
EAZC,1
FAZC,1
GAZC,1
HAZC,1
IAZC,1
JAZC,1
KAZC,1
LAZC,0
MAZC,1
NAZC,1
OAZC,1
PAZC,1
QAZC,1
RAZC,1
SAZC,1
TAZC,1
UAZC,1
VAZC,1
WAZC,1
XAZC,1
YAZC,1
ZAZC,1
ABZC,1
BBZC,1
CBZC,1
DBZC,1
EBZC,1
FBZC,1
GBZC,1
HBZC,1
IBZC,1
JBZC,0
KBZC,1
LBZC,1
MBZC,1
NBZC,1
OBZC,1
PBZC,1
QBZC,1
RBZC,1
SBZC,1
TBZC,1
UBZC,1
VBZC,1
WBZC,1
XBZC,1
YBZC,1
ZBZC,1
ACZC,1
BCZC,1
CCZC,1
DCZC,1
ECZC,1
FCZC,1
GCZC,1
HCZC,1
ICZC,1
JCZC,1
KCZC,1
LCZC,1
MCZC,1
NCZC,0
OCZC,0
PCZC,1
QCZC,1
RCZC,1
SCZC,1
TCZC,0
UCZC,1
VCZC,1
WCZC,1
XCZC,1
YCZC,1
ZCZC,1
ADZC,1
BDZC,1
CDZC,1
DDZC,1
EDZC,0
FDZC,0
GDZC,0
HDZC,0
IDZC,0
JDZC,0
KDZC,0
LDZC,0
MDZC,0
NDZC,0
ODZC,0
PDZC,0
QDZC,0
RDZC,0
SDZC,0
TDZC,0
UDZC,0
VDZC,0
WDZC,0
XDZC,0
YDZC,0
ZDZC,0
AEZC,0
BEZC,0
CEZC,0
DEZC,0
EEZC,0
FEZC,0
GEZC,1
HEZC,0
IEZC,0
JEZC,0
KEZC,0
LEZC,0
MEZC,0
NEZC,0
OEZC,0
PEZC,0
QEZC,0
REZC,0
SEZC,0
TEZC,0
UEZC,0
VEZC,0
WEZC,0
XEZC,0
YEZC,0
ZEZC,1
AFZC,1
BFZC,1
CFZC,1
DFZC,1
EFZC,1
FFZC,1
GFZC,1
HFZC,1
IFZC,1
JFZC,1
KFZC,0
LFZC,1
MFZC,1
NFZC,1
OFZC,1
PFZC,1
QFZC,0
RFZC,1
SFZC,1
TFZC,0
UFZC,1
VFZC,1
WFZC,1
XFZC,1
YFZC,0
ZFZC,1
AGZC,1
BGZC,1
CGZC,0
DGZC,0
EGZC,0
FGZC,0
GGZC,0
HGZC,0
IGZC,0
JGZC,0
KGZC,0
LGZC,0
MGZC,1
NGZC,1
OGZC,1
PGZC,1
QGZC,1
RGZC,1
SGZC,1
TGZC,1
UGZC,0
VGZC,1
WGZC,1
XGZC,1
YGZC,1
ZGZC,1
AHZC,0
BHZC,0
CHZC,1
DHZC,0
EHZC,1
FHZC,1
GHZC,1
HHZC,1
IHZC,1
JHZC,1
KHZC,1
LHZC,1
MHZC,1
NHZC,1
OHZC,1
PHZC,1
QHZC,1
RHZC,1
SHZC,1
THZC,1
UHZC,0
VHZC,1
WHZC,1
XHZC,1
YHZC,1
ZHZC,1
AIZC,1
BIZC,1
CIZC,1
DIZC,1
EIZC,0
FIZC,1
GIZC,1
HIZC,1
IIZC,1
JIZC,1
KIZC,1
LIZC,1
MIZC,1
NIZC,1
OIZC,1
PIZC,1
QIZC,1
RIZC,1
SIZC,1
TIZC,1
UIZC,1
VIZC,1
WIZC,1
XIZC,1
YIZC,0
ZIZC,1
AJZC,1
BJZC,1
CJZC,1
DJZC,1
EJZC,1
FJZC,0
GJZC,1
HJZC,1
IJZC,1
JJZC,0
KJZC,1
LJZC,1
MJZC,1
NJZC,1
OJZC,1
PJZC,1
QJZC,0
RJZC,0
SJZC,1
TJZC,1
UJZC,1
VJZC,0
WJZC,1
XJZC,1
YJZC,0
ZJZC,1
AKZC,1
BKZC,0
CKZC,1
DKZC,1
EKZC,1
FKZC,1
GKZC,1
HKZC,0
IKZC,1
JKZC,1
KKZC,1
LKZC,1
MKZC,1
NKZC,1
OKZC,1
PKZC,0
QKZC,1
RKZC,1
SKZC,1
TKZC,1
UKZC,1
VKZC,1
WKZC,1
XKZC,1
YKZC,1
ZKZC,1
ALZC,1
BLZC,1
CLZC,1
DLZC,0
ELZC,1
FLZC,1
GLZC,1
HLZC,1
ILZC,1
JLZC,1
KLZC,1
LLZC,0
MLZC,0
NLZC,0
OLZC,0
PLZC,0
QLZC,0
RLZC,0
SLZC,0
TLZC,0
ULZC,0
VLZC,0
WLZC,0
XLZC,0
YLZC,0
ZLZC,0
AMZC,0
BMZC,0
CMZC,0
DMZC,0
EMZC,0
FMZC,0
GMZC,0
HMZC,0
IMZC,0
JMZC,1
KMZC,0
LMZC,0
MMZC,0
NMZC,0
OMZC,1
PMZC,0
QMZC,1
RMZC,1
SMZC,1
TMZC,1
UMZC,1
VMZC,1
WMZC,1
XMZC,1
YMZC,1
ZMZC,0
ANZC,1
BNZC,1
CNZC,1
DNZC,1
ENZC,1
FNZC,1
GNZC,1
HNZC,1
INZC,1
JNZC,1
KNZC,1
LNZC,1
MNZC,1
NNZC,1
ONZC,1
PNZC,1
QNZC,1
RNZC,1
SNZC,1
TNZC,1
UNZC,1
VNZC,1
WNZC,1
XNZC,1
YNZC,1
ZNZC,1
AOZC,1
BOZC,1
COZC,1
DOZC,1
EOZC,0
FOZC,1
GOZC,1
HOZC,1
IOZC,1
JOZC,1
KOZC,1
LOZC,0
MOZC,1
NOZC,1
OOZC,1
POZC,1
QOZC,0
ROZC,1
SOZC,0
TOZC,1
UOZC,0
VOZC,1
WOZC,1
XOZC,1
YOZC,1
ZOZC,0
APZC,1
BPZC,1
CPZC,1
DPZC,1
EPZC,1
FPZC,1
GPZC,1
HPZC,1
IPZC,1
JPZC,1
KPZC,1
LPZC,1
MPZC,1
NPZC,1
OPZC,1
PPZC,1
QPZC,1
RPZC,0
SPZC,1
TPZC,1
UPZC,1
VPZC,1
WPZC,1
XPZC,1
YPZC,1
ZPZC,1
AQZC,0
BQZC,0
CQZC,0
DQZC,0
EQZC,0
FQZC,0
GQZC,0
HQZC,0
IQZC,0
JQZC,0
KQZC,0
LQZC,0
MQZC,0
NQZC,0
OQZC,0
PQZC,0
QQZC,0
RQZC,0
SQZC,0
TQZC,0
UQZC,0
VQZC,0
WQZC,0
XQZC,0
YQZC,0
ZQZC,0
ARZC,0
BRZC,0
CRZC,0
DRZC,0
ERZC,0
FRZC,0
GRZC,0
HRZC,0
IRZC,0
JRZC,0
KRZC,0
LRZC,0
MRZC,0
NRZC,0
ORZC,0
PRZC,0
QRZC,0
RRZC,0
SRZC,0
TRZC,0
URZC,0
VRZC,0
WRZC,1
XRZC,0
YRZC,0
ZRZC,0
ASZC,0
BSZC,0
CSZC,0
DSZC,0
ESZC,1
FSZC,1
GSZC,0
HSZC,1
ISZC,1
JSZC,0
KSZC,1
LSZC,1
MSZC,1
NSZC,1
OSZC,1
PSZC,1
QSZC,1
RSZC,1
SSZC,1
TSZC,1
USZC,1
VSZC,1
WSZC,1
XSZC,1
YSZC,0
ZSZC,1
ATZC,1
BTZC,1
CTZC,1
DTZC,1
ETZC,1
FTZC,1
GTZC,1
HTZC,1
ITZC,1
JTZC,1
KTZC,1
LTZC,1
MTZC,1
NTZC,1
OTZC,1
PTZC,1
QTZC,0
RTZC,0
STZC,0
TTZC,0
UTZC,0
VTZC,0
WTZC,0
XTZC,0
YTZC,1
ZTZC,1
AUZC,1
BUZC,1
CUZC,0
DUZC,1
EUZC,0
FUZC,0
GUZC,1
HUZC,1
IUZC,0
JUZC,0
KUZC,1
LUZC,1
MUZC,1
NUZC,1
OUZC,1
PUZC,1
QUZC,1
RUZC,1
SUZC,1
TUZC,1
UUZC,0
VUZC,1
WUZC,1
XUZC,1
YUZC,1
ZUZC,1
AVZC,1
BVZC,1
CVZC,1
DVZC,1
EVZC,1
FVZC,1
GVZC,1
HVZC,1
IVZC,1
JVZC,1
KVZC,1
LVZC,0
MVZC,1
NVZC,1
OVZC,1
PVZC,1
QVZC,0
RVZC,0
SVZC,1
TVZC,0
UVZC,0
VVZC,1
WVZC,1
XVZC,1
YVZC,1
ZVZC,1
AWZC,1
BWZC,1
CWZC,1
DWZC,1
EWZC,1
FWZC,1
GWZC,1
HWZC,1
IWZC,1
JWZC,0
KWZC,1
LWZC,0
MWZC,0
NWZC,1
OWZC,0
PWZC,1
QWZC,1
RWZC,1
SWZC,1
TWZC,1
UWZC,1
VWZC,0
WWZC,1
XWZC,1
YWZC,0
ZWZC,0
AXZC,0
BXZC,1
CXZC,0
DXZC,1
EXZC,1
FXZC,0
GXZC,0
HXZC,0
IXZC,1
JXZC,1
KXZC,1
LXZC,1
MXZC,1
NXZC,1
OXZC,1
PXZC,0
QXZC,1
RXZC,1
SXZC,1
TXZC,1
UXZC,0
VXZC,0
WXZC,0
XXZC,0
YXZC,1
ZXZC,1
AYZC,1
BYZC,1
CYZC,1
DYZC,1
EYZC,1
FYZC,1
GYZC,1
HYZC,1
IYZC,1
JYZC,1
KYZC,0
LYZC,1
MYZC,1
NYZC,0
OYZC,1
PYZC,1
QYZC,1
RYZC,1
SYZC,1
TYZC,1
UYZC,0
VYZC,1
WYZC,1
XYZC,1
YYZC,0
ZYZC,1
AZZC,0
BZZC,1
CZZC,1
DZZC,1
EZZC,1
FZZC,1
GZZC,1
HZZC,1
IZZC,1
JZZC,1
KZZC,1
LZZC,1
MZZC,1
NZZC,1
OZZC,1
PZZC,0
QZZC,1
RZZC,1
SZZC,0
TZZC,0
UZZC,0
VZZC,0
WZZC,0
XZZC,0
YZZC,0
ZZZC,0
AAAD,0
BAAD,1
CAAD,0
DAAD,0
EAAD,0
FAAD,0
GAAD,0
HAAD,0
IAAD,0
JAAD,0
KAAD,0
LAAD,0
MAAD,0
NAAD,0
OAAD,0
PAAD,0
QAAD,0
RAAD,0
SAAD,0
TAAD,0
UAAD,0
VAAD,0
WAAD,0
XAAD,0
YAAD,0
ZAAD,0
ABAD,0
BBAD,0
CBAD,0
DBAD,0
EBAD,1
FBAD,0
GBAD,1
HBAD,1
IBAD,1
JBAD,1
KBAD,1
LBAD,0
MBAD,1
NBAD,0
OBAD,1
PBAD,1
QBAD,1
RBAD,1
SBAD,1
TBAD,1
UBAD,1
VBAD,1
WBAD,1
XBAD,0
YBAD,1
ZBAD,0
ACAD,1
BCAD,0
CCAD,1
DCAD,1
ECAD,1
FCAD,1
GCAD,1
HCAD,0
ICAD,1
JCAD,1
KCAD,1
LCAD,1
MCAD,0
NCAD,0
OCAD,1
PCAD,1
QCAD,1
RCAD,1
SCAD,0
TCAD,1
UCAD,1
VCAD,1
WCAD,1
XCAD,0
YCAD,1
ZCAD,1
ADAD,1
BDAD,0
CDAD,1
DDAD,1
EDAD,1
FDAD,1
GDAD,1
HDAD,1
IDAD,1
JDAD,0
KDAD,1
LDAD,1
MDAD,1
NDAD,1
ODAD,1
PDAD,1
QDAD,1
RDAD,1
SDAD,0
TDAD,1
UDAD,0
VDAD,0
WDAD,1
XDAD,1
YDAD,0
ZDAD,1
AEAD,0
BEAD,1
CEAD,1
DEAD,1
EEAD,0
FEAD,0
GEAD,0
HEAD,1
IEAD,1
JEAD,1
KEAD,1
LEAD,1
MEAD,0
NEAD,1
OEAD,1
PEAD,0
QEAD,0
READ,0
SEAD,1
TEAD,1
UEAD,1
VEAD,1
WEAD,1
XEAD,1
YEAD,1
ZEAD,1
AFAD,1
BFAD,1
CFAD,1
DFAD,1
EFAD,1
FFAD,1
GFAD,1
HFAD,0
IFAD,1
JFAD,1
KFAD,1
LFAD,0
MFAD,0
NFAD,1
OFAD,0
PFAD,0
QFAD,0
RFAD,0
SFAD,0
TFAD,1
UFAD,1
VFAD,1
WFAD,1
XFAD,1
YFAD,1
ZFAD,1
AGAD,1
BGAD,1
CGAD,1
DGAD,1
EGAD,1
FGAD,1
GGAD,1
HGAD,1
IGAD,1
JGAD,1
KGAD,1
LGAD,1
MGAD,1
NGAD,1
OGAD,1
PGAD,0
QGAD,1
RGAD,1
SGAD,0
TGAD,1
UGAD,1
VGAD,1
WGAD,1
XGAD,1
YGAD,0
ZGAD,1
AHAD,1
BHAD,1
CHAD,1
DHAD,1
EHAD,1
FHAD,1
GHAD,1
HHAD,1
IHAD,1
JHAD,0
KHAD,1
LHAD,1
MHAD,1
NHAD,1
OHAD,1
PHAD,1
QHAD,0
RHAD,1
SHAD,1
THAD,1
UHAD,0
VHAD,1
WHAD,0
XHAD,0
YHAD,1
ZHAD,1
AIAD,1
BIAD,0
CIAD,0
DIAD,0
EIAD,0
FIAD,1
GIAD,1
HIAD,1
IIAD,1
JIAD,1
KIAD,1
LIAD,1
MIAD,1
NIAD,1
OIAD,0
PIAD,0
QIAD,0
RIAD,0
SIAD,0
TIAD,0
UIAD,1
VIAD,1
WIAD,0
XIAD,0
YIAD,0
ZIAD,0
AJAD,1
BJAD,1
CJAD,1
DJAD,1
EJAD,0
FJAD,1
GJAD,1
HJAD,1
IJAD,1
JJAD,1
KJAD,1
LJAD,1
MJAD,1
NJAD,0
OJAD,1
PJAD,0
QJAD,1
RJAD,1
SJAD,0
TJAD,0
UJAD,1
VJAD,1
WJAD,1
XJAD,1
YJAD,1
ZJAD,0
AKAD,1
BKAD,1
CKAD,1
DKAD,1
EKAD,1
FKAD,1
GKAD,1
HKAD,1
IKAD,1
JKAD,1
KKAD,1
LKAD,1
MKAD,1
NKAD,1
OKAD,1
PKAD,1
QKAD,0
RKAD,1
SKAD,0
TKAD,1
UKAD,1
VKAD,1
WKAD,1
XKAD,1
YKAD,1
ZKAD,1
ALAD,1
BLAD,1
CLAD,1
DLAD,1
ELAD,1
FLAD,0
GLAD,1
HLAD,1
ILAD,1
JLAD,1
KLAD,1
LLAD,1
MLAD,0
NLAD,1
OLAD,1
PLAD,1
QLAD,1
RLAD,1
SLAD,0
TLAD,0
ULAD,1
VLAD,1
WLAD,1
XLAD,1
YLAD,1
ZLAD,1
AMAD,0
BMAD,1
CMAD,0
DMAD,0
EMAD,0
FMAD,1
GMAD,1
HMAD,1
IMAD,1
JMAD,1
KMAD,1
LMAD,0
MMAD,1
NMAD,1
OMAD,1
PMAD,1
QMAD,1
RMAD,1
SMAD,1
TMAD,1
UMAD,1
VMAD,1
WMAD,1
XMAD,1
YMAD,1
ZMAD,0
ANAD,1
BNAD,1
CNAD,1
DNAD,1
ENAD,1
FNAD,1
GNAD,1
HNAD,1
INAD,1
JNAD,1
KNAD,1
LNAD,1
MNAD,1
NNAD,1
ONAD,1
PNAD,1
QNAD,0
RNAD,1
SNAD,1
TNAD,1
UNAD,1
VNAD,1
WNAD,1
XNAD,1
YNAD,1
ZNAD,1
AOAD,1
BOAD,1
COAD,1
DOAD,1
EOAD,1
FOAD,1
GOAD,1
HOAD,0
IOAD,1
JOAD,1
KOAD,0
LOAD,0
MOAD,1
NOAD,1
OOAD,1
POAD,1
QOAD,0
ROAD,1
SOAD,1
TOAD,1
UOAD,1
VOAD,1
WOAD,1
XOAD,0
YOAD,1
ZOAD,1
APAD,1
BPAD,1
CPAD,1
DPAD,0
EPAD,0
FPAD,0
GPAD,0
HPAD,0
IPAD,0
JPAD,0
KPAD,0
LPAD,0
MPAD,0
NPAD,0
OPAD,0
PPAD,0
QPAD,0
RPAD,0
SPAD,0
TPAD,0
UPAD,0
VPAD,0
WPAD,0
XPAD,0
YPAD,0
ZPAD,0
AQAD,1
BQAD,0
CQAD,0
DQAD,0
EQAD,0
FQAD,0
GQAD,0
HQAD,0
IQAD,1
JQAD,1
KQAD,1
LQAD,1
MQAD,1
NQAD,1
OQAD,0
PQAD,1
QQAD,1
RQAD,1
SQAD,1
TQAD,1
UQAD,1
VQAD,1
WQAD,1
XQAD,1
YQAD,1
ZQAD,1
ARAD,1
BRAD,1
CRAD,1
DRAD,0
ERAD,1
FRAD,0
GRAD,1
HRAD,0
IRAD,1
JRAD,1
KRAD,1
LRAD,1
MRAD,1
NRAD,1
ORAD,1
PRAD,1
QRAD,1
RRAD,0
SRAD,1
TRAD,1
URAD,1
VRAD,1
WRAD,0
XRAD,1
YRAD,1
ZRAD,0
ASAD,1
BSAD,1
CSAD,1
DSAD,1
ESAD,1
FSAD,1
GSAD,1
HSAD,1
ISAD,0
JSAD,1
KSAD,1
LSAD,1
MSAD,1
NSAD,1
OSAD,1
PSAD,1
QSAD,1
RSAD,0
SSAD,1
TSAD,1
USAD,0
VSAD,1
WSAD,1
XSAD,1
YSAD,0
ZSAD,1
ATAD,0
BTAD,1
CTAD,1
DTAD,1
ETAD,1
FTAD,1
GTAD,1
HTAD,1
ITAD,1
JTAD,0
KTAD,1
LTAD,1
MTAD,1
NTAD,1
OTAD,1
PTAD,0
QTAD,0
RTAD,1
STAD,1
TTAD,1
UTAD,1
VTAD,1
WTAD,1
XTAD,1
YTAD,1
ZTAD,1
AUAD,0
BUAD,1
CUAD,0
DUAD,0
EUAD,0
FUAD,0
GUAD,0
HUAD,0
IUAD,0
JUAD,0
KUAD,0
LUAD,0
MUAD,0
NUAD,0
OUAD,0
PUAD,0
QUAD,0
RUAD,0
SUAD,0
TUAD,1
UUAD,0
VUAD,1
WUAD,1
XUAD,1
YUAD,1
ZUAD,1
AVAD,0
BVAD,1
CVAD,1
DVAD,1
EVAD,1
FVAD,1
GVAD,1
HVAD,0
IVAD,1
JVAD,1
KVAD,1
LVAD,1
MVAD,1
NVAD,0
OVAD,1
PVAD,0
QVAD,1
RVAD,1
SVAD,1
TVAD,1
UVAD,1
VVAD,1
WVAD,1
XVAD,1
YVAD,1
ZVAD,1
AWAD,1
BWAD,1
CWAD,1
DWAD,1
EWAD,0
FWAD,1
GWAD,1
HWAD,1
IWAD,1
JWAD,1
KWAD,0
LWAD,1
MWAD,1
NWAD,1
OWAD,1
PWAD,0
QWAD,1
RWAD,1
SWAD,1
TWAD,1
UWAD,1
VWAD,1
WWAD,1
XWAD,1
YWAD,1
ZWAD,1
AXAD,1
BXAD,1
CXAD,1
DXAD,1
EXAD,1
FXAD,1
GXAD,1
HXAD,0
IXAD,0
JXAD,0
KXAD,0
LXAD,0
MXAD,0
NXAD,1
OXAD,1
PXAD,1
QXAD,1
RXAD,1
SXAD,1
TXAD,0
UXAD,1
VXAD,1
WXAD,1
XXAD,0
YXAD,1
ZXAD,0
AYAD,1
BYAD,1
CYAD,1
DYAD,1
EYAD,1
FYAD,1
GYAD,1
HYAD,0
IYAD,1
JYAD,1
KYAD,1
LYAD,1
MYAD,1
NYAD,0
OYAD,1
PYAD,1
QYAD,1
RYAD,0
SYAD,1
TYAD,1
UYAD,1
VYAD,1
WYAD,1
XYAD,1
YYAD,0
ZYAD,1
AZAD,1
BZAD,1
CZAD,1
DZAD,1
EZAD,1
FZAD,1
GZAD,1
HZAD,1
IZAD,1
JZAD,0
KZAD,1
LZAD,0
MZAD,1
NZAD,1
OZAD,1
PZAD,1
QZAD,1
RZAD,1
SZAD,0
TZAD,1
UZAD,1
VZAD,1
WZAD,1
XZAD,1
YZAD,0
ZZAD,1
AABD,1
BABD,1
CABD,1
DABD,1
EABD,1
FABD,1
GABD,1
HABD,1
IABD,1
JABD,1
KABD,1
LABD,0
MABD,1
NABD,1
OABD,1
PABD,1
QABD,1
RABD,1
SABD,0
TABD,1
UABD,1
VABD,1
WABD,1
XABD,1
YABD,1
ZABD,1
ABBD,1
BBBD,1
CBBD,1
DBBD,1
EBBD,1
FBBD,1
GBBD,1
HBBD,0
IBBD,0
JBBD,0
KBBD,0
LBBD,0
MBBD,1
NBBD,0
OBBD,1
PBBD,1
QBBD,0
RBBD,1
SBBD,1
TBBD,1
UBBD,1
VBBD,0
WBBD,0
XBBD,0
YBBD,1
ZBBD,1
ACBD,0
BCBD,1
CCBD,1
DCBD,1
ECBD,1
FCBD,1
GCBD,1
HCBD,1
ICBD,1
JCBD,1
KCBD,0
LCBD,1
MCBD,1
NCBD,1
OCBD,1
PCBD,1
QCBD,1
RCBD,1
SCBD,1
TCBD,0
UCBD,0
VCBD,1
WCBD,0
XCBD,1
YCBD,1
ZCBD,1
ADBD,1
BDBD,1
CDBD,0
DDBD,1
EDBD,1
FDBD,1
GDBD,0
HDBD,1
IDBD,1
JDBD,1
KDBD,0
LDBD,0
MDBD,0
NDBD,0
ODBD,0
PDBD,0
QDBD,0
RDBD,0
SDBD,0
TDBD,0
UDBD,0
VDBD,0
WDBD,0
XDBD,0
YDBD,0
ZDBD,1
AEBD,1
BEBD,1
CEBD,1
DEBD,1
EEBD,1
FEBD,1
GEBD,1
HEBD,1
IEBD,1
JEBD,1
KEBD,1
LEBD,1
MEBD,1
NEBD,0
OEBD,1
PEBD,1
QEBD,1
REBD,1
SEBD,0
TEBD,1
UEBD,1
VEBD,1
WEBD,1
XEBD,1
YEBD,1
ZEBD,1
AFBD,1
BFBD,1
CFBD,1
DFBD,1
EFBD,0
FFBD,0
GFBD,1
HFBD,1
IFBD,0
JFBD,0
KFBD,0
LFBD,0
MFBD,0
NFBD,0
OFBD,0
PFBD,1
QFBD,0
RFBD,1
SFBD,0
TFBD,1
UFBD,1
VFBD,1
WFBD,1
XFBD,1
YFBD,1
ZFBD,1
AGBD,1
BGBD,1
CGBD,1
DGBD,1
EGBD,1
FGBD,1
GGBD,1
HGBD,1
IGBD,1
JGBD,1
KGBD,1
LGBD,1
MGBD,1
NGBD,1
OGBD,0
PGBD,1
QGBD,0
RGBD,0
SGBD,1
TGBD,0
UGBD,1
VGBD,0
WGBD,0
XGBD,1
YGBD,1
ZGBD,1
AHBD,1
BHBD,1
CHBD,0
DHBD,1
EHBD,1
FHBD,1
GHBD,1
HHBD,1
IHBD,1
JHBD,1
KHBD,0
LHBD,1
MHBD,1
NHBD,1
OHBD,1
PHBD,1
QHBD,1
RHBD,1
SHBD,1
THBD,1
UHBD,1
VHBD,1
WHBD,1
XHBD,1
YHBD,0
ZHBD,1
AIBD,1
BIBD,1
CIBD,1
DIBD,1
EIBD,1
FIBD,1
GIBD,1
HIBD,1
IIBD,1
JIBD,1
KIBD,1
LIBD,1
MIBD,1
NIBD,1
OIBD,1
PIBD,1
QIBD,0
RIBD,1
SIBD,1
TIBD,1
UIBD,1
VIBD,1
WIBD,1
XIBD,1
YIBD,1
ZIBD,0
AJBD,0
BJBD,1
CJBD,1
DJBD,1
EJBD,1
FJBD,1
GJBD,1
HJBD,1
IJBD,0
JJBD,0
KJBD,0
LJBD,0
MJBD,0
NJBD,0
OJBD,0
PJBD,0
QJBD,0
RJBD,0
SJBD,0
TJBD,0
UJBD,0
VJBD,0
WJBD,0
XJBD,0
YJBD,0
ZJBD,0
AKBD,0
BKBD,0
CKBD,0
DKBD,0
EKBD,0
FKBD,0
GKBD,0
HKBD,0
IKBD,0
JKBD,0
KKBD,0
LKBD,0
MKBD,0
NKBD,0
OKBD,0
PKBD,0
QKBD,0
RKBD,0
SKBD,0
TKBD,0
UKBD,1
VKBD,1
WKBD,1
XKBD,0
YKBD,1
ZKBD,1
ALBD,1
BLBD,1
CLBD,1
DLBD,1
ELBD,1
FLBD,1
GLBD,1
HLBD,1
ILBD,1
JLBD,1
KLBD,1
LLBD,0
MLBD,1
NLBD,0
OLBD,0
PLBD,1
QLBD,1
RLBD,1
SLBD,1
TLBD,0
ULBD,0
VLBD,1
WLBD,1
XLBD,1
YLBD,1
ZLBD,1
AMBD,1
BMBD,1
CMBD,1
DMBD,1
EMBD,1
FMBD,1
GMBD,1
HMBD,0
IMBD,1
JMBD,1
KMBD,0
LMBD,1
MMBD,1
NMBD,1
OMBD,1
PMBD,1
QMBD,1
RMBD,1
SMBD,0
TMBD,1
UMBD,1
VMBD,1
WMBD,1
XMBD,1
YMBD,1
ZMBD,1
ANBD,1
BNBD,1
CNBD,0
DNBD,1
ENBD,1
FNBD,1
GNBD,1
HNBD,1
INBD,1
JNBD,0
KNBD,1
LNBD,1
MNBD,1
NNBD,1
ONBD,1
PNBD,1
QNBD,1
RNBD,1
SNBD,0
TNBD,1
UNBD,1
VNBD,1
WNBD,0
XNBD,0
YNBD,0
ZNBD,0
AOBD,0
BOBD,0
COBD,0
DOBD,0
EOBD,0
FOBD,0
GOBD,0
HOBD,0
IOBD,0
JOBD,0
KOBD,0
LOBD,0
MOBD,0
NOBD,0
OOBD,0
POBD,0
QOBD,0
ROBD,0
SOBD,0
TOBD,0
UOBD,0
VOBD,0
WOBD,0
XOBD,0
YOBD,0
ZOBD,0
APBD,0
BPBD,0
CPBD,0
DPBD,0
EPBD,0
FPBD,0
GPBD,0
HPBD,0
IPBD,0
JPBD,0
KPBD,0
LPBD,0
MPBD,0
NPBD,0
OPBD,0
PPBD,0
QPBD,0
RPBD,0
SPBD,0
TPBD,0
UPBD,0
VPBD,0
WPBD,0
XPBD,0
YPBD,0
ZPBD,0
AQBD,0
BQBD,0
CQBD,0
DQBD,0
EQBD,0
FQBD,1
GQBD,1
HQBD,0
IQBD,1
JQBD,1
KQBD,1
LQBD,0
MQBD,1
NQBD,0
OQBD,1
PQBD,1
QQBD,1
RQBD,1
SQBD,1
TQBD,1
UQBD,1
VQBD,1
WQBD,1
XQBD,0
YQBD,1
ZQBD,0
ARBD,0
BRBD,1
CRBD,1
DRBD,1
ERBD,1
FRBD,1
GRBD,1
HRBD,1
IRBD,1
JRBD,1
KRBD,1
LRBD,1
MRBD,1
NRBD,1
ORBD,1
PRBD,1
QRBD,0
RRBD,1
SRBD,0
TRBD,1
URBD,1
VRBD,1
WRBD,1
XRBD,0
YRBD,1
ZRBD,1
ASBD,1
BSBD,0
CSBD,1
DSBD,1
ESBD,1
FSBD,1
GSBD,1
HSBD,1
ISBD,1
JSBD,1
KSBD,1
LSBD,1
MSBD,0
NSBD,1
OSBD,0
PSBD,0
QSBD,0
RSBD,0
SSBD,1
TSBD,0
USBD,1
VSBD,1
WSBD,0
XSBD,0
YSBD,0
ZSBD,0
ATBD,0
BTBD,0
CTBD,0
DTBD,0
ETBD,0
FTBD,0
GTBD,0
HTBD,0
ITBD,0
JTBD,0
KTBD,0
LTBD,1
MTBD,1
NTBD,0
OTBD,0
PTBD,1
QTBD,1
RTBD,1
STBD,1
TTBD,1
UTBD,1
VTBD,0
WTBD,0
XTBD,1
YTBD,1
ZTBD,1
AUBD,1
BUBD,1
CUBD,1
DUBD,1
EUBD,1
FUBD,1
GUBD,1
HUBD,0
IUBD,0
JUBD,0
KUBD,1
LUBD,1
MUBD,1
NUBD,0
OUBD,1
PUBD,1
QUBD,1
RUBD,1
SUBD,1
TUBD,1
UUBD,1
VUBD,1
WUBD,1
XUBD,1
YUBD,1
ZUBD,1
AVBD,1
BVBD,0
CVBD,0
DVBD,1
EVBD,1
FVBD,1
GVBD,1
HVBD,1
IVBD,1
JVBD,1
KVBD,1
LVBD,1
MVBD,1
NVBD,1
OVBD,0
PVBD,0
QVBD,1
RVBD,1
SVBD,1
TVBD,1
UVBD,1
VVBD,1
WVBD,1
XVBD,1
YVBD,1
ZVBD,1
AWBD,1
BWBD,1
CWBD,1
DWBD,1
EWBD,0
FWBD,1
GWBD,0
HWBD,0
IWBD,1
JWBD,1
KWBD,1
LWBD,1
MWBD,1
NWBD,1
OWBD,1
PWBD,1
QWBD,1
RWBD,1
SWBD,1
TWBD,1
UWBD,1
VWBD,1
WWBD,1
XWBD,1
YWBD,1
ZWBD,1
AXBD,0
BXBD,0
CXBD,0
DXBD,0
EXBD,1
FXBD,0
GXBD,0
HXBD,1
IXBD,1
JXBD,1
KXBD,1
LXBD,1
MXBD,1
NXBD,1
OXBD,1
PXBD,1
QXBD,1
RXBD,1
SXBD,1
TXBD,1
UXBD,0
VXBD,1
WXBD,1
XXBD,1
YXBD,0
ZXBD,1
AYBD,1
BYBD,0
CYBD,1
DYBD,1
EYBD,1
FYBD,0
GYBD,1
HYBD,1
IYBD,1
JYBD,1
KYBD,1
LYBD,1
MYBD,0
NYBD,1
OYBD,1
PYBD,1
QYBD,0
RYBD,1
SYBD,1
TYBD,1
UYBD,1
VYBD,1
WYBD,1
XYBD,1
YYBD,1
ZYBD,1
AZBD,1
BZBD,1
CZBD,1
DZBD,1
EZBD,1
FZBD,1
GZBD,1
HZBD,1
IZBD,1
JZBD,0
KZBD,1
LZBD,1
MZBD,1
NZBD,1
OZBD,1
PZBD,1
QZBD,1
RZBD,0
SZBD,1
TZBD,0
UZBD,0
VZBD,1
WZBD,0
XZBD,1
YZBD,1
ZZBD,1
AACD,1
BACD,1
CACD,1
DACD,0
EACD,1
FACD,1
GACD,1
HACD,1
IACD,1
JACD,1
KACD,1
LACD,1
MACD,1
NACD,1
OACD,0
PACD,1
QACD,0
RACD,1
SACD,0
TACD,0
UACD,0
VACD,0
WACD,1
XACD,1
YACD,1
ZACD,1
ABCD,1
BBCD,1
CBCD,1
DBCD,1
EBCD,1
FBCD,1
GBCD,1
HBCD,1
IBCD,1
JBCD,1
KBCD,1
LBCD,1
MBCD,1
NBCD,0
OBCD,1
PBCD,1
QBCD,1
RBCD,1
SBCD,1
TBCD,0
UBCD,0
VBCD,0
WBCD,0
XBCD,0
YBCD,0
ZBCD,0
ACCD,0
BCCD,0
CCCD,0
DCCD,0
ECCD,0
FCCD,0
GCCD,0
HCCD,0
ICCD,0
JCCD,0
KCCD,0
LCCD,0
MCCD,0
NCCD,0
OCCD,0
PCCD,0
QCCD,0
RCCD,0
SCCD,0
TCCD,0
UCCD,0
VCCD,0
WCCD,0
XCCD,0
YCCD,0
ZCCD,0
ADCD,0
BDCD,0
CDCD,0
DDCD,0
EDCD,0
FDCD,0
GDCD,0
HDCD,0
IDCD,0
JDCD,0
KDCD,0
LDCD,0
MDCD,0
NDCD,0
ODCD,0
PDCD,0
QDCD,0
RDCD,0
SDCD,0
TDCD,0
UDCD,0
VDCD,1
WDCD,1
XDCD,0
YDCD,1
ZDCD,1
AECD,0
BECD,0
CECD,0
DECD,0
EECD,0
FECD,0
GECD,0
HECD,0
IECD,0
JECD,0
KECD,0
LECD,0
MECD,0
NECD,0
OECD,0
PECD,0
QECD,0
RECD,0
SECD,0
TECD,0
UECD,1
VECD,1
WECD,1
XECD,1
YECD,1
ZECD,1
AFCD,0
BFCD,1
CFCD,1
DFCD,1
EFCD,1
FFCD,1
GFCD,1
HFCD,1
IFCD,1
JFCD,1
KFCD,1
LFCD,0
MFCD,1
NFCD,1
OFCD,0
PFCD,1
QFCD,1
RFCD,1
SFCD,1
TFCD,0
UFCD,0
VFCD,0
WFCD,0
XFCD,0
YFCD,0
ZFCD,0
AGCD,0
BGCD,0
CGCD,0
DGCD,0
EGCD,0
FGCD,0
GGCD,0
HGCD,0
IGCD,1
JGCD,1
KGCD,1
LGCD,1
MGCD,1
NGCD,0
OGCD,1
PGCD,1
QGCD,0
RGCD,1
SGCD,0
TGCD,0
UGCD,1
VGCD,1
WGCD,1
XGCD,1
YGCD,1
ZGCD,1
AHCD,0
BHCD,1
CHCD,1
DHCD,1
EHCD,1
FHCD,1
GHCD,1
HHCD,1
IHCD,1
JHCD,1
KHCD,1
LHCD,0
MHCD,1
NHCD,1
OHCD,1
PHCD,1
QHCD,1
RHCD,1
SHCD,1
THCD,1
UHCD,1
VHCD,1
WHCD,1
XHCD,1
YHCD,1
ZHCD,1
AICD,1
BICD,0
CICD,1
DICD,1
EICD,1
FICD,1
GICD,1
HICD,1
IICD,1
JICD,0
KICD,1
LICD,1
MICD,1
NICD,1
OICD,1
PICD,1
QICD,1
RICD,1
SICD,1
TICD,0
UICD,1
VICD,0
WICD,1
XICD,1
YICD,0
ZICD,1
AJCD,1
BJCD,1
CJCD,1
DJCD,1
EJCD,1
FJCD,1
GJCD,1
HJCD,1
IJCD,1
JJCD,1
KJCD,1
LJCD,0
MJCD,1
NJCD,1
OJCD,1
PJCD,1
QJCD,1
RJCD,0
SJCD,1
TJCD,0
UJCD,0
VJCD,1
WJCD,1
XJCD,0
YJCD,1
ZJCD,1
AKCD,1
BKCD,1
CKCD,1
DKCD,0
EKCD,1
FKCD,1
GKCD,1
HKCD,1
IKCD,0
JKCD,1
KKCD,1
LKCD,0
MKCD,0
NKCD,1
OKCD,1
PKCD,1
QKCD,0
RKCD,1
SKCD,0
TKCD,1
UKCD,0
VKCD,0
WKCD,0
XKCD,0
YKCD,0
ZKCD,0
ALCD,0
BLCD,0
CLCD,0
DLCD,0
ELCD,0
FLCD,0
GLCD,0
HLCD,0
ILCD,0
JLCD,0
KLCD,0
LLCD,0
MLCD,0
NLCD,0
OLCD,0
PLCD,0
QLCD,0
RLCD,0
SLCD,0
TLCD,0
ULCD,0
VLCD,0
WLCD,1
XLCD,1
YLCD,1
ZLCD,0
AMCD,0
BMCD,0
CMCD,1
DMCD,0
EMCD,1
FMCD,1
GMCD,1
HMCD,0
IMCD,1
JMCD,0
KMCD,1
LMCD,1
MMCD,1
NMCD,1
OMCD,1
PMCD,1
QMCD,1
RMCD,1
SMCD,0
TMCD,1
UMCD,1
VMCD,0
WMCD,1
XMCD,1
YMCD,0
ZMCD,1
ANCD,1
BNCD,1
CNCD,1
DNCD,1
ENCD,1
FNCD,1
GNCD,0
HNCD,1
INCD,1
JNCD,1
KNCD,0
LNCD,1
MNCD,1
NNCD,1
ONCD,1
PNCD,1
QNCD,1
RNCD,1
SNCD,1
TNCD,1
UNCD,1
VNCD,1
WNCD,1
XNCD,1
YNCD,1
ZNCD,1
AOCD,1
BOCD,0
COCD,1
DOCD,1
EOCD,1
FOCD,0
GOCD,1
HOCD,1
IOCD,1
JOCD,0
KOCD,0
LOCD,1
MOCD,1
NOCD,0
OOCD,1
POCD,1
QOCD,1
ROCD,1
SOCD,0
TOCD,1
UOCD,1
VOCD,1
WOCD,1
XOCD,1
YOCD,1
ZOCD,1
APCD,0
BPCD,1
CPCD,1
DPCD,0
EPCD,1
FPCD,1
GPCD,1
HPCD,1
IPCD,1
JPCD,1
KPCD,1
LPCD,1
MPCD,1
NPCD,1
OPCD,1
PPCD,1
QPCD,0
RPCD,1
SPCD,1
TPCD,1
UPCD,1
VPCD,1
WPCD,1
XPCD,1
YPCD,1
ZPCD,0
AQCD,1
BQCD,1
CQCD,0
DQCD,1
EQCD,1
FQCD,1
GQCD,1
HQCD,1
IQCD,1
JQCD,1
KQCD,1
LQCD,1
MQCD,1
NQCD,1
OQCD,0
PQCD,1
QQCD,1
RQCD,1
SQCD,1
TQCD,1
UQCD,1
VQCD,1
WQCD,1
XQCD,1
YQCD,1
ZQCD,0
ARCD,0
BRCD,0
CRCD,0
DRCD,0
ERCD,0
FRCD,0
GRCD,0
HRCD,0
IRCD,0
JRCD,0
KRCD,0
LRCD,0
MRCD,0
NRCD,0
ORCD,0
PRCD,0
QRCD,0
RRCD,0
SRCD,0
TRCD,0
URCD,0
VRCD,0
WRCD,0
XRCD,0
YRCD,0
ZRCD,0
ASCD,0
BSCD,0
CSCD,0
DSCD,0
ESCD,0
FSCD,0
GSCD,0
HSCD,0
ISCD,0
JSCD,0
KSCD,0
LSCD,0
MSCD,0
NSCD,0
OSCD,0
PSCD,0
QSCD,0
RSCD,0
SSCD,0
TSCD,0
USCD,0
VSCD,0
WSCD,0
XSCD,0
YSCD,0
ZSCD,0
ATCD,0
BTCD,0
CTCD,0
DTCD,0
ETCD,0
FTCD,0
GTCD,0
HTCD,0
ITCD,0
JTCD,1
KTCD,1
LTCD,0
MTCD,1
NTCD,1
OTCD,1
PTCD,1
QTCD,1
RTCD,1
STCD,0
TTCD,1
UTCD,1
VTCD,1
WTCD,0
XTCD,0
YTCD,1
ZTCD,0
AUCD,1
BUCD,1
CUCD,1
DUCD,1
EUCD,1
FUCD,1
GUCD,0
HUCD,1
IUCD,1
JUCD,0
KUCD,1
LUCD,1
MUCD,0
NUCD,1
OUCD,1
PUCD,1
QUCD,1
RUCD,0
SUCD,1
TUCD,1
UUCD,1
VUCD,1
WUCD,0
XUCD,0
YUCD,1
ZUCD,1
AVCD,1
BVCD,1
CVCD,0
DVCD,1
EVCD,1
FVCD,1
GVCD,1
HVCD,1
IVCD,0
JVCD,1
KVCD,0
LVCD,1
MVCD,1
NVCD,1
OVCD,1
PVCD,1
QVCD,1
RVCD,1
SVCD,1
TVCD,1
UVCD,0
VVCD,0
WVCD,0
XVCD,0
YVCD,0
ZVCD,0
AWCD,1
BWCD,0
CWCD,0
DWCD,1
EWCD,1
FWCD,1
GWCD,1
HWCD,0
IWCD,1
JWCD,1
KWCD,1
LWCD,1
MWCD,1
NWCD,1
OWCD,1
PWCD,1
QWCD,1
RWCD,1
SWCD,1
TWCD,1
UWCD,0
VWCD,0
WWCD,1
XWCD,1
YWCD,1
ZWCD,1
AXCD,1
BXCD,1
CXCD,1
DXCD,1
EXCD,1
FXCD,1
GXCD,1
HXCD,1
IXCD,0
JXCD,1
KXCD,0
LXCD,1
MXCD,1
NXCD,1
OXCD,1
PXCD,1
QXCD,1
RXCD,1
SXCD,1
TXCD,1
UXCD,1
VXCD,1
WXCD,1
XXCD,1
YXCD,1
ZXCD,1
AYCD,0
BYCD,1
CYCD,1
DYCD,1
EYCD,1
FYCD,1
GYCD,1
HYCD,1
IYCD,1
JYCD,0
KYCD,0
LYCD,1
MYCD,1
NYCD,1
OYCD,1
PYCD,1
QYCD,1
RYCD,1
SYCD,1
TYCD,1
UYCD,0
VYCD,0
WYCD,0
XYCD,1
YYCD,1
ZYCD,1
AZCD,1
BZCD,1
CZCD,1
DZCD,1
EZCD,1
FZCD,0
GZCD,1
HZCD,1
IZCD,1
JZCD,0
KZCD,1
LZCD,1
MZCD,1
NZCD,1
OZCD,0
PZCD,1
QZCD,1
RZCD,0
SZCD,1
TZCD,1
UZCD,1
VZCD,0
WZCD,1
XZCD,1
YZCD,1
ZZCD,1
AADD,0
BADD,1
CADD,1
DADD,1
EADD,1
FADD,1
GADD,1
HADD,1
IADD,1
JADD,1
KADD,1
LADD,0
MADD,1
NADD,1
OADD,1
PADD,1
QADD,0
RADD,1
SADD,1
TADD,1
UADD,1
VADD,0
WADD,1
XADD,0
YADD,1
ZADD,1
ABDD,1
BBDD,0
CBDD,1
DBDD,1
EBDD,1
FBDD,1
GBDD,1
HBDD,1
IBDD,1
JBDD,1
KBDD,1
LBDD,1
MBDD,1
NBDD,1
OBDD,1
PBDD,0
QBDD,1
RBDD,0
SBDD,1
TBDD,1
UBDD,1
VBDD,1
WBDD,1
XBDD,0
YBDD,0
ZBDD,0
ACDD,0
BCDD,0
CCDD,0
DCDD,1
ECDD,1
FCDD,1
GCDD,1
HCDD,1
ICDD,1
JCDD,1
KCDD,1
LCDD,1
MCDD,1
NCDD,0
OCDD,0
PCDD,1
QCDD,1
RCDD,0
SCDD,0
TCDD,1
UCDD,1
VCDD,1
WCDD,1
XCDD,1
YCDD,0
ZCDD,1
ADDD,1
BDDD,1
CDDD,0
DDDD,1
EDDD,1
FDDD,1
GDDD,0
HDDD,0
IDDD,0
JDDD,0
KDDD,0
LDDD,1
MDDD,1
NDDD,1
ODDD,0
PDDD,0
QDDD,0
RDDD,0
SDDD,1
TDDD,1
UDDD,1
VDDD,1
WDDD,1
XDDD,1
YDDD,1
ZDDD,1
AEDD,1
BEDD,1
CEDD,1
DEDD,1
EEDD,1
FEDD,0
GEDD,1
HEDD,1
IEDD,1
JEDD,1
KEDD,1
LEDD,1
MEDD,1
NEDD,1
OEDD,1
PEDD,1
QEDD,1
REDD,0
SEDD,0
TEDD,1
UEDD,1
VEDD,0
WEDD,1
XEDD,0
YEDD,1
ZEDD,1
AFDD,0
BFDD,1
CFDD,1
DFDD,1
EFDD,1
FFDD,1
GFDD,1
HFDD,1
IFDD,1
JFDD,1
KFDD,1
LFDD,1
MFDD,1
NFDD,1
OFDD,1
PFDD,1
QFDD,0
RFDD,1
SFDD,1
TFDD,0
UFDD,1
VFDD,1
WFDD,1
XFDD,1
YFDD,1
ZFDD,1
AGDD,1
BGDD,0
CGDD,1
DGDD,1
EGDD,1
FGDD,1
GGDD,1
HGDD,1
IGDD,1
JGDD,1
KGDD,1
LGDD,1
MGDD,1
NGDD,1
OGDD,1
PGDD,1
QGDD,0
RGDD,0
SGDD,1
TGDD,1
UGDD,1
VGDD,1
WGDD,1
XGDD,1
YGDD,1
ZGDD,1
AHDD,1
BHDD,0
CHDD,1
DHDD,1
EHDD,1
FHDD,1
GHDD,1
HHDD,1
IHDD,1
JHDD,1
KHDD,1
LHDD,1
MHDD,1
NHDD,1
OHDD,1
PHDD,0
QHDD,1
RHDD,1
SHDD,1
THDD,1
UHDD,0
VHDD,1
WHDD,1
XHDD,1
YHDD,1
ZHDD,0
AIDD,1
BIDD,1
CIDD,1
DIDD,1
EIDD,1
FIDD,0
GIDD,1
HIDD,1
IIDD,1
JIDD,1
KIDD,1
LIDD,1
MIDD,1
NIDD,1
OIDD,1
PIDD,1
QIDD,1
RIDD,1
SIDD,1
TIDD,1
UIDD,0
VIDD,1
WIDD,0
XIDD,1
YIDD,1
ZIDD,1
AJDD,1
BJDD,1
CJDD,1
DJDD,1
EJDD,1
FJDD,1
GJDD,1
HJDD,0
IJDD,1
JJDD,1
KJDD,1
LJDD,0
MJDD,0
NJDD,0
OJDD,0
PJDD,0
QJDD,0
RJDD,0
SJDD,0
TJDD,0
UJDD,1
VJDD,1
WJDD,1
XJDD,0
YJDD,0
ZJDD,1
AKDD,1
BKDD,1
CKDD,1
DKDD,1
EKDD,1
FKDD,1
GKDD,1
HKDD,1
IKDD,1
JKDD,1
KKDD,1
LKDD,1
MKDD,1
NKDD,1
OKDD,0
PKDD,1
QKDD,1
RKDD,1
SKDD,1
TKDD,1
UKDD,1
VKDD,1
WKDD,1
XKDD,1
YKDD,1
ZKDD,1
ALDD,1
BLDD,1
CLDD,1
DLDD,1
ELDD,1
FLDD,1
GLDD,1
HLDD,1
ILDD,1
JLDD,1
KLDD,1
LLDD,1
MLDD,1
NLDD,1
OLDD,1
PLDD,1
QLDD,1
RLDD,1
SLDD,1
TLDD,1
ULDD,1
VLDD,1
WLDD,0
XLDD,1
YLDD,1
ZLDD,1
AMDD,1
BMDD,1
CMDD,1
DMDD,1
EMDD,1
FMDD,1
GMDD,1
HMDD,1
IMDD,1
JMDD,1
KMDD,1
LMDD,1
MMDD,1
NMDD,1
OMDD,1
PMDD,0
QMDD,1
RMDD,1
SMDD,1
TMDD,1
UMDD,0
VMDD,1
WMDD,1
XMDD,0
YMDD,1
ZMDD,1
ANDD,1
BNDD,1
CNDD,1
DNDD,1
ENDD,1
FNDD,1
GNDD,1
HNDD,1
INDD,1
JNDD,1
KNDD,1
LNDD,0
MNDD,1
NNDD,1
ONDD,1
PNDD,1
QNDD,1
RNDD,0
SNDD,0
TNDD,0
UNDD,0
VNDD,0
WNDD,0
XNDD,0
YNDD,0
ZNDD,0
AODD,0
BODD,0
CODD,0
DODD,0
EODD,0
FODD,0
GODD,0
HODD,0
IODD,0
JODD,0
KODD,0
LODD,0
MODD,0
NODD,0
OODD,0
PODD,0
QODD,0
RODD,0
SODD,0
TODD,0
UODD,0
VODD,0
WODD,0
XODD,0
YODD,0
ZODD,0
APDD,0
BPDD,0
CPDD,0
DPDD,0
EPDD,0
FPDD,0
GPDD,0
HPDD,0
IPDD,0
JPDD,0
KPDD,0
LPDD,0
MPDD,0
NPDD,0
OPDD,0
PPDD,0
QPDD,0
RPDD,0
SPDD,0
TPDD,0
UPDD,0
VPDD,0
WPDD,0
XPDD,0
YPDD,0
ZPDD,0
AQDD,0
BQDD,0
CQDD,0
DQDD,0
EQDD,0
FQDD,0
GQDD,0
HQDD,0
IQDD,0
JQDD,0
KQDD,0
LQDD,0
MQDD,0
NQDD,0
OQDD,0
PQDD,0
QQDD,0
RQDD,0
SQDD,0
TQDD,0
UQDD,0
VQDD,0
WQDD,0
XQDD,0
YQDD,0
ZQDD,0
ARDD,0
BRDD,0
CRDD,0
DRDD,0
ERDD,0
FRDD,0
GRDD,0
HRDD,1
IRDD,1
JRDD,1
KRDD,1
LRDD,1
MRDD,1
NRDD,0
ORDD,1
PRDD,1
QRDD,1
RRDD,1
SRDD,1
TRDD,1
URDD,1
VRDD,1
WRDD,1
XRDD,1
YRDD,1
ZRDD,1
ASDD,1
BSDD,1
CSDD,1
DSDD,1
ESDD,1
FSDD,0
GSDD,1
HSDD,1
ISDD,1
JSDD,0
KSDD,1
LSDD,1
MSDD,1
NSDD,1
OSDD,1
PSDD,1
QSDD,1
RSDD,1
SSDD,1
TSDD,1
USDD,1
VSDD,1
WSDD,1
XSDD,1
YSDD,1
ZSDD,0
ATDD,1
BTDD,1
CTDD,0
DTDD,1
ETDD,1
FTDD,1
GTDD,0
HTDD,0
ITDD,0
JTDD,1
KTDD,1
LTDD,1
MTDD,1
NTDD,1
OTDD,1
PTDD,1
QTDD,1
RTDD,1
STDD,1
TTDD,1
UTDD,1
VTDD,0
WTDD,1
XTDD,0
YTDD,1
ZTDD,1
AUDD,1
BUDD,0
CUDD,1
DUDD,1
EUDD,0
FUDD,0
GUDD,1
HUDD,1
IUDD,1
JUDD,1
KUDD,1
LUDD,1
MUDD,1
NUDD,1
OUDD,1
PUDD,1
QUDD,1
RUDD,1
SUDD,1
TUDD,0
UUDD,0
VUDD,0
WUDD,0
XUDD,0
YUDD,0
ZUDD,0
AVDD,0
BVDD,0
CVDD,1
DVDD,0
EVDD,1
FVDD,1
GVDD,1
HVDD,1
IVDD,1
JVDD,1
KVDD,1
LVDD,1
MVDD,0
NVDD,0
OVDD,1
PVDD,1
QVDD,1
RVDD,1
SVDD,1
TVDD,1
UVDD,1
VVDD,1
WVDD,1
XVDD,1
YVDD,1
ZVDD,1
AWDD,1
BWDD,1
CWDD,1
DWDD,1
EWDD,0
FWDD,1
GWDD,1
HWDD,1
IWDD,0
JWDD,1
KWDD,1
LWDD,1
MWDD,0
NWDD,1
OWDD,1
PWDD,1
QWDD,1
RWDD,1
SWDD,1
TWDD,1
UWDD,0
VWDD,0
WWDD,1
XWDD,1
YWDD,1
ZWDD,0
AXDD,1
BXDD,1
CXDD,1
DXDD,1
EXDD,1
FXDD,0
GXDD,1
HXDD,1
IXDD,1
JXDD,1
KXDD,1
LXDD,0
MXDD,1
NXDD,1
OXDD,1
PXDD,0
QXDD,1
RXDD,1
SXDD,1
TXDD,1
UXDD,1
VXDD,1
WXDD,1
XXDD,1
YXDD,1
ZXDD,1
AYDD,1
BYDD,1
CYDD,0
DYDD,1
EYDD,1
FYDD,0
GYDD,0
HYDD,0
IYDD,0
JYDD,0
KYDD,0
LYDD,1
MYDD,1
NYDD,1
OYDD,1
PYDD,1
QYDD,1
RYDD,1
SYDD,1
TYDD,1
UYDD,1
VYDD,0
WYDD,1
XYDD,1
YYDD,1
ZYDD,1
AZDD,1
BZDD,0
CZDD,1
DZDD,1
EZDD,1
FZDD,1
GZDD,1
HZDD,0
IZDD,1
JZDD,1
KZDD,1
LZDD,1
MZDD,1
NZDD,1
OZDD,1
PZDD,1
QZDD,1
RZDD,1
SZDD,1
TZDD,1
UZDD,1
VZDD,1
WZDD,0
XZDD,1
YZDD,1
ZZDD,1
AAED,1
BAED,1
CAED,1
DAED,1
EAED,1
FAED,1
GAED,0
HAED,1
IAED,1
JAED,1
KAED,1
LAED,1
MAED,1
NAED,1
OAED,1
PAED,1
QAED,1
RAED,1
SAED,1
TAED,1
UAED,0
VAED,1
WAED,1
XAED,1
YAED,1
ZAED,0
ABED,1
BBED,0
CBED,0
DBED,0
EBED,1
FBED,1
GBED,1
HBED,1
IBED,1
JBED,1
KBED,1
LBED,1
MBED,0
NBED,0
OBED,0
PBED,1
QBED,0
RBED,1
SBED,1
TBED,1
UBED,0
VBED,1
WBED,1
XBED,1
YBED,1
ZBED,1
ACED,0
BCED,1
CCED,0
DCED,1
ECED,1
FCED,1
GCED,1
HCED,0
ICED,0
JCED,0
KCED,0
LCED,0
MCED,0
NCED,0
OCED,0
PCED,0
QCED,0
RCED,0
SCED,0
TCED,0
UCED,1
VCED,1
WCED,1
XCED,1
YCED,1
ZCED,1
ADED,1
BDED,1
CDED,0
DDED,1
EDED,1
FDED,0
GDED,1
HDED,1
IDED,1
JDED,1
KDED,1
LDED,1
MDED,1
NDED,1
ODED,0
PDED,1
QDED,1
RDED,1
SDED,1
TDED,1
UDED,1
VDED,1
WDED,1
XDED,1
YDED,1
ZDED,1
AEED,1
BEED,1
CEED,1
DEED,1
EEED,1
FEED,0
GEED,1
HEED,1
IEED,0
JEED,0
KEED,0
LEED,0
MEED,0
NEED,0
OEED,0
PEED,0
QEED,0
REED,0
SEED,1
TEED,1
UEED,1
VEED,1
WEED,1
XEED,1
YEED,1
ZEED,1
AFED,1
BFED,1
CFED,0
DFED,1
EFED,1
FFED,1
GFED,1
HFED,0
IFED,0
JFED,1
KFED,1
LFED,1
MFED,1
NFED,1
OFED,1
PFED,1
QFED,0
RFED,1
SFED,1
TFED,0
UFED,1
VFED,1
WFED,1
XFED,1
YFED,1
ZFED,1
AGED,1
BGED,1
CGED,1
DGED,1
EGED,1
FGED,1
GGED,1
HGED,1
IGED,0
JGED,1
KGED,0
LGED,1
MGED,1
NGED,1
OGED,0
PGED,0
QGED,1
RGED,1
SGED,1
TGED,1
UGED,1
VGED,1
WGED,1
XGED,1
YGED,0
ZGED,1
AHED,0
BHED,1
CHED,1
DHED,1
EHED,1
FHED,1
GHED,0
HHED,1
IHED,1
JHED,0
KHED,1
LHED,1
MHED,1
NHED,1
OHED,1
PHED,1
QHED,1
RHED,1
SHED,1
THED,1
UHED,1
VHED,1
WHED,1
XHED,0
YHED,1
ZHED,1
AIED,1
BIED,1
CIED,1
DIED,1
EIED,1
FIED,1
GIED,1
HIED,1
IIED,1
JIED,1
KIED,1
LIED,1
MIED,0
NIED,0
OIED,0
PIED,0
QIED,0
RIED,0
SIED,0
TIED,0
UIED,0
VIED,0
WIED,0
XIED,0
YIED,0
ZIED,0
AJED,0
BJED,0
CJED,0
DJED,0
EJED,0
FJED,0
GJED,0
HJED,0
IJED,0
JJED,0
KJED,0
LJED,0
MJED,0
NJED,0
OJED,1
PJED,1
QJED,1
RJED,1
SJED,1
TJED,1
UJED,0
VJED,1
WJED,1
XJED,0
YJED,0
ZJED,1
AKED,1
BKED,1
CKED,1
DKED,1
EKED,1
FKED,1
GKED,1
HKED,1
IKED,1
JKED,1
KKED,1
LKED,1
MKED,1
NKED,1
OKED,1
PKED,1
QKED,0
RKED,1
SKED,1
TKED,1
UKED,0
VKED,0
WKED,1
XKED,1
YKED,1
ZKED,1
ALED,1
BLED,1
CLED,1
DLED,1
ELED,0
FLED,1
GLED,1
HLED,1
ILED,1
JLED,0
KLED,1
LLED,1
MLED,1
NLED,0
OLED,0
PLED,1
QLED,1
RLED,1
SLED,0
TLED,0
ULED,1
VLED,1
WLED,1
XLED,0
YLED,1
ZLED,1
AMED,1
BMED,1
CMED,1
DMED,1
EMED,1
FMED,1
GMED,1
HMED,1
IMED,1
JMED,1
KMED,1
LMED,1
MMED,0
NMED,1
OMED,1
PMED,1
QMED,1
RMED,1
SMED,1
TMED,1
UMED,1
VMED,1
WMED,0
XMED,0
YMED,0
ZMED,0
ANED,0
BNED,0
CNED,0
DNED,0
ENED,0
FNED,0
GNED,0
HNED,0
INED,0
JNED,0
KNED,0
LNED,0
MNED,0
NNED,0
ONED,0
PNED,0
QNED,0
RNED,0
SNED,0
TNED,0
UNED,0
VNED,0
WNED,0
XNED,0
YNED,0
ZNED,0
AOED,0
BOED,0
COED,0
DOED,0
EOED,0
FOED,0
GOED,0
HOED,0
IOED,0
JOED,0
KOED,0
LOED,0
MOED,0
NOED,0
OOED,0
POED,0
QOED,0
ROED,0
SOED,0
TOED,0
UOED,0
VOED,0
WOED,0
XOED,0
YOED,0
ZOED,0
APED,0
BPED,0
CPED,0
DPED,1
EPED,1
FPED,1
GPED,1
HPED,1
IPED,1
JPED,0
KPED,1
LPED,1
MPED,1
NPED,1
OPED,1
PPED,1
QPED,1
RPED,0
SPED,1
TPED,1
UPED,1
VPED,1
WPED,1
XPED,0
YPED,1
ZPED,1
AQED,1
BQED,1
CQED,1
DQED,0
EQED,1
FQED,1
GQED,1
HQED,1
IQED,1
JQED,1
KQED,1
LQED,1
MQED,1
NQED,1
OQED,1
PQED,0
QQED,1
RQED,1
SQED,1
TQED,1
UQED,1
VQED,1
WQED,1
XQED,1
YQED,1
ZQED,1
ARED,0
BRED,1
CRED,1
DRED,1
ERED,1
FRED,1
GRED,0
HRED,1
IRED,1
JRED,1
KRED,1
LRED,1
MRED,0
NRED,1
ORED,1
PRED,0
QRED,1
RRED,1
SRED,1
TRED,1
URED,1
VRED,1
WRED,1
XRED,0
YRED,1
ZRED,1
ASED,1
BSED,1
CSED,1
DSED,1
ESED,1
FSED,1
GSED,1
HSED,1
ISED,1
JSED,0
KSED,0
LSED,0
MSED,0
NSED,0
OSED,0
PSED,0
QSED,1
RSED,1
SSED,1
TSED,1
USED,1
VSED,1
WSED,1
XSED,1
YSED,1
ZSED,1
ATED,1
BTED,1
CTED,1
DTED,1
ETED,0
FTED,1
GTED,1
HTED,1
ITED,1
JTED,1
KTED,1
LTED,1
MTED,1
NTED,1
OTED,1
PTED,1
QTED,0
RTED,1
STED,1
TTED,1
UTED,1
VTED,1
WTED,0
XTED,1
YTED,1
ZTED,1
AUED,1
BUED,1
CUED,1
DUED,1
EUED,1
FUED,1
GUED,0
HUED,0
IUED,1
JUED,1
KUED,1
LUED,1
MUED,1
NUED,1
OUED,1
PUED,1
QUED,0
RUED,1
SUED,1
TUED,1
UUED,1
VUED,1
WUED,1
XUED,0
YUED,1
ZUED,1
AVED,1
BVED,1
CVED,1
DVED,1
EVED,1
FVED,1
GVED,1
HVED,1
IVED,1
JVED,1
KVED,1
LVED,0
MVED,1
NVED,1
OVED,1
PVED,1
QVED,1
RVED,1
SVED,1
TVED,1
UVED,0
VVED,0
WVED,1
XVED,1
YVED,1
ZVED,1
AWED,1
BWED,0
CWED,1
DWED,1
EWED,1
FWED,0
GWED,1
HWED,1
IWED,1
JWED,1
KWED,0
LWED,1
MWED,1
NWED,1
OWED,1
PWED,1
QWED,1
RWED,1
SWED,1
TWED,1
UWED,1
VWED,1
WWED,1
XWED,1
YWED,1
ZWED,0
AXED,1
BXED,0
CXED,1
DXED,0
EXED,1
FXED,1
GXED,1
HXED,1
IXED,0
JXED,1
KXED,1
LXED,0
MXED,1
NXED,1
OXED,1
PXED,1
QXED,1
RXED,0
SXED,1
TXED,1
UXED,1
VXED,1
WXED,1
XXED,1
YXED,1
ZXED,1
AYED,1
BYED,0
CYED,1
DYED,1
EYED,1
FYED,1
GYED,1
HYED,0
IYED,1
JYED,1
KYED,1
LYED,1
MYED,1
NYED,1
OYED,1
PYED,1
QYED,1
RYED,1
SYED,1
TYED,1
UYED,0
VYED,0
WYED,0
XYED,0
YYED,0
ZYED,1
AZED,1
BZED,1
CZED,1
DZED,1
EZED,1
FZED,1
GZED,0
HZED,1
IZED,0
JZED,1
KZED,0
LZED,1
MZED,1
NZED,1
OZED,1
PZED,0
QZED,0
RZED,0
SZED,0
TZED,0
UZED,0
VZED,0
WZED,0
XZED,0
YZED,0
ZZED,1
AAFD,1
BAFD,1
CAFD,1
DAFD,1
EAFD,0
FAFD,0
GAFD,1
HAFD,1
IAFD,1
JAFD,1
KAFD,1
LAFD,1
MAFD,1
NAFD,1
OAFD,1
PAFD,1
QAFD,1
RAFD,1
SAFD,1
TAFD,1
UAFD,1
VAFD,1
WAFD,1
XAFD,1
YAFD,1
ZAFD,0
ABFD,0
BBFD,0
CBFD,0
DBFD,0
EBFD,0
FBFD,0
GBFD,0
HBFD,1
IBFD,0
JBFD,0
KBFD,1
LBFD,1
MBFD,1
NBFD,0
OBFD,1
PBFD,1
QBFD,1
RBFD,1
SBFD,1
TBFD,1
UBFD,1
VBFD,1
WBFD,1
XBFD,1
YBFD,1
ZBFD,1
ACFD,1
BCFD,1
CCFD,1
DCFD,1
ECFD,0
FCFD,1
GCFD,1
HCFD,1
ICFD,1
JCFD,1
KCFD,1
LCFD,1
MCFD,1
NCFD,1
OCFD,0
PCFD,1
QCFD,1
RCFD,1
SCFD,1
TCFD,1
UCFD,1
VCFD,1
WCFD,1
XCFD,1
YCFD,1
ZCFD,1
ADFD,1
BDFD,1
CDFD,1
DDFD,0
EDFD,1
FDFD,1
GDFD,1
HDFD,1
IDFD,1
JDFD,1
KDFD,1
LDFD,1
MDFD,1
NDFD,1
ODFD,1
PDFD,1
QDFD,1
RDFD,1
SDFD,1
TDFD,1
UDFD,1
VDFD,1
WDFD,1
XDFD,1
YDFD,1
ZDFD,1
AEFD,1
BEFD,1
CEFD,1
DEFD,1
EEFD,0
FEFD,1
GEFD,1
HEFD,1
IEFD,1
JEFD,1
KEFD,1
LEFD,0
MEFD,0
NEFD,0
OEFD,0
PEFD,1
QEFD,1
REFD,1
SEFD,1
TEFD,1
UEFD,1
VEFD,1
WEFD,1
XEFD,1
YEFD,1
ZEFD,1
AFFD,0
BFFD,0
CFFD,0
DFFD,0
EFFD,0
FFFD,0
GFFD,0
HFFD,0
IFFD,0
JFFD,0
KFFD,0
LFFD,0
MFFD,0
NFFD,0
OFFD,0
PFFD,0
QFFD,0
RFFD,0
SFFD,0
TFFD,0
UFFD,0
VFFD,0
WFFD,0
XFFD,0
YFFD,0
ZFFD,0
AGFD,0
BGFD,0
CGFD,0
DGFD,0
EGFD,0
FGFD,1
GGFD,0
HGFD,1
IGFD,1
JGFD,1
KGFD,1
LGFD,1
MGFD,1
NGFD,1
OGFD,1
PGFD,1
QGFD,1
RGFD,1
SGFD,0
TGFD,1
UGFD,1
VGFD,1
WGFD,0
XGFD,1
YGFD,1
ZGFD,1
AHFD,0
BHFD,1
CHFD,1
DHFD,1
EHFD,1
FHFD,1
GHFD,1
HHFD,0
IHFD,1
JHFD,1
KHFD,1
LHFD,1
MHFD,1
NHFD,1
OHFD,1
PHFD,1
QHFD,1
RHFD,0
SHFD,0
THFD,1
UHFD,1
VHFD,1
WHFD,1
XHFD,1
YHFD,1
ZHFD,1
AIFD,1
BIFD,1
CIFD,1
DIFD,1
EIFD,0
FIFD,1
GIFD,1
HIFD,1
IIFD,1
JIFD,1
KIFD,1
LIFD,1
MIFD,1
NIFD,1
OIFD,1
PIFD,1
QIFD,1
RIFD,1
SIFD,1
TIFD,1
UIFD,1
VIFD,1
WIFD,1
XIFD,1
YIFD,1
ZIFD,1
AJFD,1
BJFD,1
CJFD,0
DJFD,1
EJFD,1
FJFD,1
GJFD,0
HJFD,0
IJFD,0
JJFD,0
KJFD,0
LJFD,0
MJFD,0
NJFD,0
OJFD,0
PJFD,0
QJFD,0
RJFD,0
SJFD,0
TJFD,0
UJFD,0
VJFD,0
WJFD,0
XJFD,0
YJFD,0
ZJFD,0
AKFD,0
BKFD,0
CKFD,0
DKFD,0
EKFD,0
FKFD,0
GKFD,0
HKFD,0
IKFD,0
JKFD,0
KKFD,0
LKFD,0
MKFD,0
NKFD,0
OKFD,0
PKFD,0
QKFD,0
RKFD,0
SKFD,0
TKFD,0
UKFD,0
VKFD,0
WKFD,0
XKFD,0
YKFD,0
ZKFD,0
ALFD,0
BLFD,0
CLFD,0
DLFD,0
ELFD,0
FLFD,0
GLFD,0
HLFD,0
ILFD,0
JLFD,0
KLFD,0
LLFD,0
MLFD,1
NLFD,0
OLFD,0
PLFD,1
QLFD,1
RLFD,1
SLFD,1
TLFD,1
ULFD,0
VLFD,1
WLFD,1
XLFD,1
YLFD,1
ZLFD,1
AMFD,1
BMFD,1
CMFD,0
DMFD,1
EMFD,1
FMFD,1
GMFD,1
HMFD,1
IMFD,0
JMFD,1
KMFD,1
LMFD,1
MMFD,1
NMFD,1
OMFD,1
PMFD,1
QMFD,0
RMFD,1
SMFD,1
TMFD,1
UMFD,0
VMFD,1
WMFD,1
XMFD,1
YMFD,0
ZMFD,1
ANFD,1
BNFD,1
CNFD,1
DNFD,1
ENFD,0
FNFD,1
GNFD,1
HNFD,1
INFD,1
JNFD,1
KNFD,1
LNFD,1
MNFD,1
NNFD,1
ONFD,1
PNFD,1
QNFD,1
RNFD,1
SNFD,0
TNFD,1
UNFD,1
VNFD,1
WNFD,1
XNFD,1
YNFD,0
ZNFD,1
AOFD,1
BOFD,1
COFD,1
DOFD,1
EOFD,1
FOFD,1
GOFD,1
HOFD,1
IOFD,1
JOFD,0
KOFD,0
LOFD,0
MOFD,0
NOFD,0
OOFD,0
POFD,0
QOFD,0
ROFD,0
SOFD,1
TOFD,1
UOFD,0
VOFD,1
WOFD,1
XOFD,1
YOFD,1
ZOFD,1
APFD,1
BPFD,1
CPFD,1
DPFD,1
EPFD,1
FPFD,1
GPFD,1
HPFD,1
IPFD,1
JPFD,1
KPFD,1
LPFD,1
MPFD,1
NPFD,1
OPFD,1
PPFD,1
QPFD,1
RPFD,1
SPFD,1
TPFD,1
UPFD,1
VPFD,1
WPFD,1
XPFD,1
YPFD,1
ZPFD,0
AQFD,0
BQFD,1
CQFD,1
DQFD,1
EQFD,1
FQFD,1
GQFD,1
HQFD,1
IQFD,0
JQFD,1
KQFD,1
LQFD,1
MQFD,1
NQFD,1
OQFD,1
PQFD,1
QQFD,1
RQFD,1
SQFD,1
TQFD,1
UQFD,1
VQFD,1
WQFD,1
XQFD,1
YQFD,1
ZQFD,1
ARFD,1
BRFD,1
CRFD,1
DRFD,1
ERFD,0
FRFD,1
GRFD,1
HRFD,1
IRFD,1
JRFD,0
KRFD,1
LRFD,1
MRFD,1
NRFD,1
ORFD,1
PRFD,1
QRFD,1
RRFD,1
SRFD,1
TRFD,1
URFD,0
VRFD,1
WRFD,1
XRFD,1
YRFD,0
ZRFD,1
ASFD,1
BSFD,1
CSFD,1
DSFD,1
ESFD,1
FSFD,1
GSFD,1
HSFD,1
ISFD,1
JSFD,0
KSFD,1
LSFD,0
MSFD,1
NSFD,1
OSFD,1
PSFD,0
QSFD,1
RSFD,1
SSFD,1
TSFD,1
USFD,1
VSFD,1
WSFD,1
XSFD,1
YSFD,1
ZSFD,1
ATFD,1
BTFD,1
CTFD,1
DTFD,1
ETFD,1
FTFD,0
GTFD,1
HTFD,1
ITFD,0
JTFD,1
KTFD,0
LTFD,1
MTFD,1
NTFD,1
OTFD,1
PTFD,1
QTFD,1
RTFD,1
STFD,0
TTFD,1
UTFD,1
VTFD,1
WTFD,1
XTFD,1
YTFD,1
ZTFD,0
AUFD,1
BUFD,0
CUFD,1
DUFD,0
EUFD,0
FUFD,1
GUFD,1
HUFD,1
IUFD,0
JUFD,0
KUFD,0
LUFD,1
MUFD,0
NUFD,0
OUFD,1
PUFD,1
QUFD,1
RUFD,1
SUFD,1
TUFD,0
UUFD,0
VUFD,1
WUFD,1
XUFD,1
YUFD,1
ZUFD,1
AVFD,1
BVFD,1
CVFD,1
DVFD,0
EVFD,0
FVFD,1
GVFD,1
HVFD,1
IVFD,1
JVFD,0
KVFD,1
LVFD,1
MVFD,1
NVFD,1
OVFD,1
PVFD,1
QVFD,1
RVFD,0
SVFD,1
TVFD,1
UVFD,0
VVFD,0
WVFD,1
XVFD,1
YVFD,1
ZVFD,0
AWFD,0
BWFD,1
CWFD,0
DWFD,0
EWFD,0
FWFD,0
GWFD,0
HWFD,0
IWFD,0
JWFD,0
KWFD,0
LWFD,0
MWFD,0
NWFD,0
OWFD,0
PWFD,0
QWFD,0
RWFD,0
SWFD,1
TWFD,1
UWFD,0
VWFD,1
WWFD,1
XWFD,1
YWFD,1
ZWFD,1
AXFD,1
BXFD,1
CXFD,1
DXFD,1
EXFD,1
FXFD,1
GXFD,0
HXFD,1
IXFD,1
JXFD,1
KXFD,1
LXFD,1
MXFD,1
NXFD,1
OXFD,1
PXFD,1
QXFD,1
RXFD,1
SXFD,1
TXFD,0
UXFD,0
VXFD,0
WXFD,0
XXFD,0
YXFD,0
ZXFD,0
AYFD,0
BYFD,0
CYFD,0
DYFD,0
EYFD,1
FYFD,1
GYFD,1
HYFD,1
IYFD,1
JYFD,1
KYFD,1
LYFD,1
MYFD,0
NYFD,0
OYFD,1
PYFD,0
QYFD,1
RYFD,1
SYFD,1
TYFD,1
UYFD,1
VYFD,1
WYFD,0
XYFD,1
YYFD,1
ZYFD,1
AZFD,1
BZFD,1
CZFD,1
DZFD,1
EZFD,0
FZFD,1
GZFD,1
HZFD,0
IZFD,1
JZFD,1
KZFD,1
LZFD,1
MZFD,1
NZFD,0
OZFD,1
PZFD,0
QZFD,1
RZFD,1
SZFD,0
TZFD,1
UZFD,1
VZFD,1
WZFD,1
XZFD,0
YZFD,0
ZZFD,1
AAGD,1
BAGD,1
CAGD,1
DAGD,1
EAGD,1
FAGD,1
GAGD,1
HAGD,1
IAGD,1
JAGD,1
KAGD,0
LAGD,1
MAGD,1
NAGD,1
OAGD,0
PAGD,1
QAGD,0
RAGD,1
SAGD,1
TAGD,1
UAGD,1
VAGD,1
WAGD,1
XAGD,1
YAGD,1
ZAGD,1
ABGD,1
BBGD,1
CBGD,1
DBGD,1
EBGD,1
FBGD,1
GBGD,1
HBGD,1
IBGD,1
JBGD,1
KBGD,1
LBGD,1
MBGD,0
NBGD,0
OBGD,0
PBGD,1
QBGD,0
RBGD,0
SBGD,1
TBGD,0
UBGD,0
VBGD,0
WBGD,0
XBGD,0
YBGD,0
ZBGD,0
ACGD,0
BCGD,0
CCGD,0
DCGD,0
ECGD,0
FCGD,0
GCGD,0
HCGD,0
ICGD,0
JCGD,0
KCGD,0
LCGD,0
MCGD,0
NCGD,1
OCGD,0
PCGD,0
QCGD,0
RCGD,0
SCGD,0
TCGD,0
UCGD,0
VCGD,0
WCGD,0
XCGD,0
YCGD,0
ZCGD,0
ADGD,1
BDGD,1
CDGD,1
DDGD,1
EDGD,1
FDGD,1
GDGD,1
HDGD,1
IDGD,0
JDGD,0
KDGD,1
LDGD,1
MDGD,1
NDGD,1
ODGD,1
PDGD,1
QDGD,1
RDGD,1
SDGD,1
TDGD,1
UDGD,1
VDGD,0
WDGD,1
XDGD,1
YDGD,1
ZDGD,1
AEGD,1
BEGD,1
CEGD,1
DEGD,1
EEGD,1
FEGD,0
GEGD,1
HEGD,1
IEGD,1
JEGD,1
KEGD,1
LEGD,1
MEGD,1
NEGD,1
OEGD,1
PEGD,1
QEGD,1
REGD,1
SEGD,1
TEGD,1
UEGD,1
VEGD,1
WEGD,1
XEGD,1
YEGD,1
ZEGD,1
AFGD,0
BFGD,1
CFGD,1
DFGD,1
EFGD,1
FFGD,1
GFGD,0
HFGD,1
IFGD,1
JFGD,0
KFGD,1
LFGD,1
MFGD,0
NFGD,1
OFGD,1
PFGD,1
QFGD,0
RFGD,1
SFGD,1
TFGD,1
UFGD,0
VFGD,1
WFGD,1
XFGD,1
YFGD,1
ZFGD,1
AGGD,0
BGGD,1
CGGD,0
DGGD,1
EGGD,1
FGGD,1
GGGD,1
HGGD,0
IGGD,0
JGGD,0
KGGD,0
LGGD,0
MGGD,0
NGGD,0
OGGD,0
PGGD,0
QGGD,0
RGGD,0
SGGD,0
TGGD,0
UGGD,0
VGGD,0
WGGD,0
XGGD,0
YGGD,0
ZGGD,0
AHGD,0
BHGD,0
CHGD,0
DHGD,0
EHGD,0
FHGD,0
GHGD,0
HHGD,0
IHGD,0
JHGD,0
KHGD,0
LHGD,0
MHGD,0
NHGD,0
OHGD,0
PHGD,0
QHGD,0
RHGD,0
SHGD,0
THGD,0
UHGD,0
VHGD,0
WHGD,0
XHGD,0
YHGD,0
ZHGD,0
AIGD,0
BIGD,0
CIGD,0
DIGD,0
EIGD,0
FIGD,0
GIGD,0
HIGD,0
IIGD,0
JIGD,0
KIGD,0
LIGD,0
MIGD,0
NIGD,0
OIGD,0
PIGD,1
QIGD,1
RIGD,1
SIGD,1
TIGD,1
UIGD,1
VIGD,1
WIGD,1
XIGD,1
YIGD,1
ZIGD,1
AJGD,1
BJGD,1
CJGD,1
DJGD,1
EJGD,0
FJGD,1
GJGD,1
HJGD,1
IJGD,1
JJGD,1
KJGD,1
LJGD,1
MJGD,1
NJGD,1
OJGD,1
PJGD,1
QJGD,1
RJGD,1
SJGD,1
TJGD,1
UJGD,1
VJGD,1
WJGD,0
XJGD,0
YJGD,1
ZJGD,0
AKGD,1
BKGD,1
CKGD,1
DKGD,1
EKGD,0
FKGD,1
GKGD,0
HKGD,0
IKGD,1
JKGD,0
KKGD,1
LKGD,1
MKGD,1
NKGD,1
OKGD,1
PKGD,1
QKGD,0
RKGD,1
SKGD,1
TKGD,1
UKGD,1
VKGD,1
WKGD,1
XKGD,1
YKGD,0
ZKGD,1
ALGD,1
BLGD,0
CLGD,1
DLGD,0
ELGD,0
FLGD,0
GLGD,0
HLGD,0
ILGD,0
JLGD,0
KLGD,1
LLGD,1
MLGD,1
NLGD,1
OLGD,1
PLGD,1
QLGD,1
RLGD,1
SLGD,1
TLGD,1
ULGD,1
VLGD,1
WLGD,1
XLGD,1
YLGD,1
ZLGD,0
AMGD,1
BMGD,1
CMGD,1
DMGD,1
EMGD,1
FMGD,1
GMGD,1
HMGD,1
IMGD,1
JMGD,1
KMGD,0
LMGD,1
MMGD,1
NMGD,1
OMGD,1
PMGD,1
QMGD,0
RMGD,1
SMGD,1
TMGD,0
UMGD,1
VMGD,0
WMGD,0
XMGD,1
YMGD,1
ZMGD,1
ANGD,1
BNGD,1
CNGD,0
DNGD,1
ENGD,1
FNGD,1
GNGD,0
HNGD,1
INGD,0
JNGD,0
KNGD,1
LNGD,1
MNGD,1
NNGD,1
ONGD,1
PNGD,1
QNGD,1
RNGD,0
SNGD,1
TNGD,1
UNGD,1
VNGD,1
WNGD,1
XNGD,1
YNGD,0
ZNGD,1
AOGD,1
BOGD,1
COGD,1
DOGD,1
EOGD,1
FOGD,1
GOGD,1
HOGD,1
IOGD,1
JOGD,1
KOGD,1
LOGD,1
MOGD,1
NOGD,1
OOGD,0
POGD,1
QOGD,0
ROGD,1
SOGD,1
TOGD,1
UOGD,1
VOGD,1
WOGD,1
XOGD,1
YOGD,1
ZOGD,1
APGD,1
BPGD,1
CPGD,0
DPGD,1
EPGD,1
FPGD,1
GPGD,1
HPGD,1
IPGD,1
JPGD,0
KPGD,1
LPGD,0
MPGD,1
NPGD,1
OPGD,1
PPGD,1
QPGD,1
RPGD,1
SPGD,1
TPGD,0
UPGD,1
VPGD,1
WPGD,1
XPGD,1
YPGD,0
ZPGD,1
AQGD,1
BQGD,1
CQGD,1
DQGD,1
EQGD,1
FQGD,1
GQGD,0
HQGD,1
IQGD,1
JQGD,1
KQGD,1
LQGD,1
MQGD,1
NQGD,0
OQGD,0
PQGD,1
QQGD,0
RQGD,0
SQGD,1
TQGD,1
UQGD,1
VQGD,1
WQGD,1
XQGD,1
YQGD,0
ZQGD,0
ARGD,1
BRGD,1
CRGD,1
DRGD,1
ERGD,1
FRGD,1
GRGD,0
HRGD,1
IRGD,1
JRGD,1
KRGD,1
LRGD,1
MRGD,1
NRGD,1
ORGD,1
PRGD,0
QRGD,1
RRGD,1
SRGD,1
TRGD,1
URGD,1
VRGD,1
WRGD,1
XRGD,1
YRGD,1
ZRGD,1
ASGD,1
BSGD,1
CSGD,1
DSGD,1
ESGD,1
FSGD,1
GSGD,1
HSGD,1
ISGD,1
JSGD,1
KSGD,0
LSGD,1
MSGD,1
NSGD,1
OSGD,1
PSGD,1
QSGD,1
RSGD,1
SSGD,0
TSGD,1
USGD,1
VSGD,0
WSGD,1
XSGD,1
YSGD,1
ZSGD,1
ATGD,1
BTGD,1
CTGD,1
DTGD,1
ETGD,1
FTGD,1
GTGD,1
HTGD,0
ITGD,1
JTGD,1
KTGD,1
LTGD,1
MTGD,1
NTGD,1
OTGD,0
PTGD,0
QTGD,0
RTGD,0
STGD,0
TTGD,0
UTGD,0
VTGD,0
WTGD,1
XTGD,1
YTGD,1
ZTGD,1
AUGD,1
BUGD,0
CUGD,1
DUGD,1
EUGD,1
FUGD,1
GUGD,0
HUGD,1
IUGD,0
JUGD,0
KUGD,0
LUGD,1
MUGD,1
NUGD,0
OUGD,1
PUGD,1
QUGD,0
RUGD,1
SUGD,1
TUGD,0
UUGD,1
VUGD,1
WUGD,0
XUGD,1
YUGD,1
ZUGD,1
AVGD,1
BVGD,0
CVGD,0
DVGD,0
EVGD,0
FVGD,0
GVGD,0
HVGD,0
IVGD,0
JVGD,0
KVGD,0
LVGD,0
MVGD,0
NVGD,0
OVGD,0
PVGD,1
QVGD,1
RVGD,1
SVGD,1
TVGD,0
UVGD,1
VVGD,1
WVGD,1
XVGD,1
YVGD,0
ZVGD,0
AWGD,0
BWGD,0
CWGD,0
DWGD,1
EWGD,1
FWGD,1
GWGD,0
HWGD,1
IWGD,1
JWGD,0
KWGD,0
LWGD,0
MWGD,0
NWGD,0
OWGD,0
PWGD,0
QWGD,0
RWGD,0
SWGD,0
TWGD,0
UWGD,0
VWGD,1
WWGD,1
XWGD,1
YWGD,1
ZWGD,1
AXGD,0
BXGD,1
CXGD,1
DXGD,1
EXGD,1
FXGD,1
GXGD,1
HXGD,1
IXGD,1
JXGD,1
KXGD,1
LXGD,1
MXGD,1
NXGD,1
OXGD,0
PXGD,1
QXGD,1
RXGD,1
SXGD,1
TXGD,0
UXGD,1
VXGD,1
WXGD,1
XXGD,1
YXGD,1
ZXGD,1
AYGD,1
BYGD,1
CYGD,1
DYGD,1
EYGD,0
FYGD,1
GYGD,1
HYGD,0
IYGD,0
JYGD,0
KYGD,1
LYGD,1
MYGD,1
NYGD,1
OYGD,1
PYGD,1
QYGD,1
RYGD,1
SYGD,1
TYGD,1
UYGD,1
VYGD,1
WYGD,1
XYGD,0
YYGD,1
ZYGD,0
AZGD,1
BZGD,1
CZGD,1
DZGD,0
EZGD,1
FZGD,1
GZGD,1
HZGD,1
IZGD,1
JZGD,1
KZGD,0
LZGD,1
MZGD,1
NZGD,1
OZGD,1
PZGD,1
QZGD,1
RZGD,1
SZGD,1
TZGD,1
UZGD,1
VZGD,1
WZGD,1
XZGD,1
YZGD,1
ZZGD,1
AAHD,1
BAHD,0
CAHD,1
DAHD,0
EAHD,1
FAHD,0
GAHD,1
HAHD,1
IAHD,1
JAHD,1
KAHD,0
LAHD,1
MAHD,1
NAHD,1
OAHD,0
PAHD,1
QAHD,1
RAHD,1
SAHD,1
TAHD,1
UAHD,1
VAHD,1
WAHD,1
XAHD,1
YAHD,1
ZAHD,1
ABHD,1
BBHD,1
CBHD,0
DBHD,0
EBHD,0
FBHD,0
GBHD,0
HBHD,0
IBHD,0
JBHD,0
KBHD,0
LBHD,0
MBHD,0
NBHD,0
OBHD,0
PBHD,0
QBHD,0
RBHD,0
SBHD,0
TBHD,0
UBHD,0
VBHD,0
WBHD,0
XBHD,0
YBHD,0
ZBHD,0
ACHD,0
BCHD,0
CCHD,0
DCHD,0
ECHD,0
FCHD,0
GCHD,0
HCHD,0
ICHD,0
JCHD,0
KCHD,0
LCHD,1
MCHD,1
NCHD,1
OCHD,1
PCHD,0
QCHD,1
RCHD,1
SCHD,1
TCHD,0
UCHD,1
VCHD,1
WCHD,1
XCHD,1
YCHD,1
ZCHD,1
ADHD,1
BDHD,1
CDHD,1
DDHD,1
EDHD,1
FDHD,1
GDHD,1
HDHD,1
IDHD,1
JDHD,1
KDHD,1
LDHD,1
MDHD,1
NDHD,1
ODHD,1
PDHD,0
QDHD,1
RDHD,1
SDHD,1
TDHD,1
UDHD,1
VDHD,1
WDHD,1
XDHD,1
YDHD,1
ZDHD,1
AEHD,1
BEHD,1
CEHD,1
DEHD,1
EEHD,1
FEHD,1
GEHD,1
HEHD,1
IEHD,1
JEHD,1
KEHD,1
LEHD,1
MEHD,1
NEHD,1
OEHD,1
PEHD,1
QEHD,1
REHD,1
SEHD,1
TEHD,0
UEHD,1
VEHD,1
WEHD,1
XEHD,1
YEHD,1
ZEHD,1
AFHD,1
BFHD,1
CFHD,1
DFHD,1
EFHD,1
FFHD,1
GFHD,0
HFHD,1
IFHD,1
JFHD,1
KFHD,1
LFHD,1
MFHD,1
NFHD,1
OFHD,1
PFHD,1
QFHD,0
RFHD,1
SFHD,1
TFHD,1
UFHD,1
VFHD,0
WFHD,0
XFHD,0
YFHD,0
ZFHD,0
AGHD,0
BGHD,0
CGHD,0
DGHD,0
EGHD,0
FGHD,0
GGHD,0
HGHD,0
IGHD,0
JGHD,0
KGHD,0
LGHD,0
MGHD,0
NGHD,0
OGHD,0
PGHD,0
QGHD,0
RGHD,0
SGHD,0
TGHD,0
UGHD,0
VGHD,0
WGHD,0
XGHD,0
YGHD,0
ZGHD,0
AHHD,0
BHHD,0
CHHD,0
DHHD,0
EHHD,0
FHHD,0
GHHD,0
HHHD,0
IHHD,0
JHHD,0
KHHD,0
LHHD,0
MHHD,0
NHHD,0
OHHD,0
PHHD,0
QHHD,0
RHHD,0
SHHD,0
THHD,0
UHHD,0
VHHD,0
WHHD,0
XHHD,0
YHHD,0
ZHHD,0
AIHD,0
BIHD,1
CIHD,0
DIHD,1
EIHD,1
FIHD,1
GIHD,1
HIHD,1
IIHD,1
JIHD,1
KIHD,1
LIHD,1
MIHD,0
NIHD,0
OIHD,1
PIHD,0
QIHD,1
RIHD,1
SIHD,1
TIHD,1
UIHD,1
VIHD,1
WIHD,1
XIHD,1
YIHD,1
ZIHD,1
AJHD,1
BJHD,1
CJHD,0
DJHD,0
EJHD,1
FJHD,1
GJHD,1
HJHD,0
IJHD,1
JJHD,1
KJHD,0
LJHD,1
MJHD,1
NJHD,1
OJHD,1
PJHD,1
QJHD,1
RJHD,1
SJHD,1
TJHD,1
UJHD,1
VJHD,1
WJHD,1
XJHD,1
YJHD,1
ZJHD,1
AKHD,1
BKHD,0
CKHD,1
DKHD,1
EKHD,1
FKHD,1
GKHD,1
HKHD,0
IKHD,1
JKHD,1
KKHD,1
LKHD,1
MKHD,1
NKHD,0
OKHD,1
PKHD,0
QKHD,1
RKHD,1
SKHD,1
TKHD,1
UKHD,0
VKHD,0
WKHD,0
XKHD,0
YKHD,0
ZKHD,0
ALHD,0
BLHD,0
CLHD,0
DLHD,1
ELHD,0
FLHD,1
GLHD,0
HLHD,1
ILHD,0
JLHD,1
KLHD,1
LLHD,1
MLHD,1
NLHD,1
OLHD,1
PLHD,0
QLHD,1
RLHD,1
SLHD,0
TLHD,1
ULHD,1
VLHD,1
WLHD,1
XLHD,1
YLHD,1
ZLHD,1
AMHD,1
BMHD,1
CMHD,1
DMHD,1
EMHD,1
FMHD,1
GMHD,1
HMHD,1
IMHD,1
JMHD,1
KMHD,1
LMHD,1
MMHD,1
NMHD,0
OMHD,0
PMHD,0
QMHD,1
RMHD,1
SMHD,1
TMHD,1
UMHD,1
VMHD,1
WMHD,0
XMHD,1
YMHD,1
ZMHD,1
ANHD,0
BNHD,1
CNHD,0
DNHD,1
ENHD,1
FNHD,1
GNHD,1
HNHD,0
INHD,1
JNHD,1
KNHD,1
LNHD,1
MNHD,0
NNHD,0
ONHD,1
PNHD,0
QNHD,1
RNHD,0
SNHD,1
TNHD,1
UNHD,0
VNHD,1
WNHD,1
XNHD,0
YNHD,1
ZNHD,1
AOHD,1
BOHD,1
COHD,1
DOHD,0
EOHD,1
FOHD,1
GOHD,0
HOHD,1
IOHD,1
JOHD,1
KOHD,1
LOHD,1
MOHD,0
NOHD,0
OOHD,1
POHD,1
QOHD,1
ROHD,1
SOHD,0
TOHD,0
UOHD,0
VOHD,0
WOHD,0
XOHD,0
YOHD,1
ZOHD,1
APHD,1
BPHD,1
CPHD,1
DPHD,1
EPHD,0
FPHD,0
GPHD,0
HPHD,1
IPHD,1
JPHD,1
KPHD,1
LPHD,1
MPHD,1
NPHD,0
OPHD,1
PPHD,1
QPHD,1
RPHD,1
SPHD,1
TPHD,1
UPHD,1
VPHD,1
WPHD,0
XPHD,1
YPHD,1
ZPHD,1
AQHD,1
BQHD,1
CQHD,1
DQHD,1
EQHD,0
FQHD,1
GQHD,1
HQHD,1
IQHD,1
JQHD,1
KQHD,1
LQHD,1
MQHD,1
NQHD,1
OQHD,1
PQHD,0
QQHD,1
RQHD,1
SQHD,1
TQHD,1
UQHD,0
VQHD,1
WQHD,1
XQHD,1
YQHD,0
ZQHD,0
ARHD,0
BRHD,0
CRHD,0
DRHD,0
ERHD,0
FRHD,0
GRHD,1
HRHD,1
IRHD,1
JRHD,1
KRHD,1
LRHD,1
MRHD,1
NRHD,1
ORHD,1
PRHD,1
QRHD,1
RRHD,0
SRHD,1
TRHD,1
URHD,1
VRHD,1
WRHD,1
XRHD,1
YRHD,1
ZRHD,1
ASHD,1
BSHD,0
CSHD,1
DSHD,1
ESHD,1
FSHD,0
GSHD,1
HSHD,1
ISHD,1
JSHD,1
KSHD,1
LSHD,1
MSHD,1
NSHD,1
OSHD,0
PSHD,1
QSHD,1
RSHD,1
SSHD,1
TSHD,0
USHD,0
VSHD,0
WSHD,0
XSHD,0
YSHD,0
ZSHD,1
ATHD,1
BTHD,1
CTHD,1
DTHD,1
ETHD,1
FTHD,1
GTHD,1
HTHD,1
ITHD,0
JTHD,0
KTHD,0
LTHD,0
MTHD,1
NTHD,1
OTHD,1
PTHD,1
QTHD,1
RTHD,1
STHD,1
TTHD,1
UTHD,1
VTHD,1
WTHD,1
XTHD,1
YTHD,0
ZTHD,0
AUHD,0
BUHD,0
CUHD,1
DUHD,0
EUHD,1
FUHD,0
GUHD,0
HUHD,0
IUHD,0
JUHD,0
KUHD,0
LUHD,0
MUHD,0
NUHD,0
OUHD,0
PUHD,1
QUHD,0
RUHD,1
SUHD,1
TUHD,1
UUHD,0
VUHD,1
WUHD,1
XUHD,1
YUHD,1
ZUHD,1
AVHD,1
BVHD,0
CVHD,0
DVHD,1
EVHD,1
FVHD,1
GVHD,1
HVHD,1
IVHD,1
JVHD,1
KVHD,1
LVHD,0
MVHD,0
NVHD,1
OVHD,1
PVHD,1
QVHD,1
RVHD,0
SVHD,1
TVHD,0
UVHD,1
VVHD,1
WVHD,1
XVHD,1
YVHD,1
ZVHD,1
AWHD,1
BWHD,1
CWHD,1
DWHD,1
EWHD,1
FWHD,1
GWHD,0
HWHD,1
IWHD,1
JWHD,1
KWHD,1
LWHD,1
MWHD,1
NWHD,1
OWHD,1
PWHD,0
QWHD,1
RWHD,1
SWHD,1
TWHD,1
UWHD,1
VWHD,1
WWHD,1
XWHD,1
YWHD,1
ZWHD,0
AXHD,1
BXHD,0
CXHD,1
DXHD,1
EXHD,1
FXHD,1
GXHD,1
HXHD,1
IXHD,1
JXHD,1
KXHD,1
LXHD,0
MXHD,1
NXHD,1
OXHD,1
PXHD,1
QXHD,1
RXHD,1
SXHD,1
TXHD,0
UXHD,1
VXHD,1
WXHD,1
XXHD,1
YXHD,0
ZXHD,0
AYHD,0
BYHD,0
CYHD,0
DYHD,0
EYHD,0
FYHD,0
GYHD,0
HYHD,0
IYHD,1
JYHD,1
KYHD,1
LYHD,1
MYHD,0
NYHD,1
OYHD,1
PYHD,1
QYHD,1
RYHD,1
SYHD,0
TYHD,0
UYHD,1
VYHD,1
WYHD,1
XYHD,1
YYHD,1
ZYHD,1
AZHD,1
BZHD,1
CZHD,0
DZHD,1
EZHD,1
FZHD,1
GZHD,1
HZHD,1
IZHD,0
JZHD,1
KZHD,0
LZHD,1
MZHD,1
NZHD,1
OZHD,1
PZHD,0
QZHD,1
RZHD,1
SZHD,1
TZHD,1
UZHD,1
VZHD,1
WZHD,1
XZHD,0
YZHD,1
ZZHD,0
AAID,0
BAID,1
CAID,0
DAID,1
EAID,1
FAID,1
GAID,1
HAID,1
IAID,1
JAID,1
KAID,1
LAID,1
MAID,1
NAID,1
OAID,1
PAID,1
QAID,1
RAID,1
SAID,0
TAID,1
UAID,1
VAID,0
WAID,1
XAID,0
YAID,1
ZAID,1
ABID,1
BBID,1
CBID,1
DBID,1
EBID,1
FBID,1
GBID,1
HBID,1
IBID,1
JBID,1
KBID,1
LBID,1
MBID,1
NBID,1
OBID,1
PBID,0
QBID,0
RBID,1
SBID,1
TBID,1
UBID,1
VBID,1
WBID,1
XBID,1
YBID,1
ZBID,1
ACID,1
BCID,1
CCID,1
DCID,0
ECID,0
FCID,1
GCID,1
HCID,1
ICID,1
JCID,0
KCID,0
LCID,0
MCID,0
NCID,0
OCID,0
PCID,0
QCID,0
RCID,0
SCID,0
TCID,0
UCID,0
VCID,0
WCID,0
XCID,0
YCID,0
ZCID,0
ADID,1
BDID,1
CDID,1
DDID,1
EDID,1
FDID,1
GDID,1
HDID,1
IDID,1
JDID,1
KDID,1
LDID,1
MDID,1
NDID,1
ODID,0
PDID,0
QDID,0
RDID,0
SDID,0
TDID,1
UDID,1
VDID,0
WDID,0
XDID,0
YDID,1
ZDID,1
AEID,1
BEID,1
CEID,1
DEID,1
EEID,1
FEID,1
GEID,0
HEID,1
IEID,1
JEID,1
KEID,1
LEID,1
MEID,0
NEID,1
OEID,1
PEID,0
QEID,1
REID,0
SEID,1
TEID,1
UEID,1
VEID,1
WEID,1
XEID,1
YEID,1
ZEID,1
AFID,1
BFID,1
CFID,1
DFID,1
EFID,0
FFID,1
GFID,1
HFID,1
IFID,1
JFID,1
KFID,1
LFID,1
MFID,0
NFID,1
OFID,1
PFID,1
QFID,1
RFID,1
SFID,1
TFID,1
UFID,1
VFID,1
WFID,1
XFID,1
YFID,1
ZFID,1
AGID,0
BGID,0
CGID,0
DGID,0
EGID,0
FGID,0
GGID,0
HGID,0
IGID,0
JGID,0
KGID,0
LGID,0
MGID,0
NGID,0
OGID,0
PGID,0
QGID,0
RGID,0
SGID,0
TGID,0
UGID,0
VGID,0
WGID,0
XGID,0
YGID,0
ZGID,0
AHID,0
BHID,0
CHID,0
DHID,0
EHID,0
FHID,0
GHID,0
HHID,0
IHID,0
JHID,0
KHID,0
LHID,0
MHID,0
NHID,0
OHID,0
PHID,0
QHID,0
RHID,0
SHID,0
THID,0
UHID,0
VHID,0
WHID,0
XHID,0
YHID,0
ZHID,0
AIID,0
BIID,0
CIID,0
DIID,0
EIID,0
FIID,0
GIID,0
HIID,0
IIID,0
JIID,0
KIID,0
LIID,0
MIID,0
NIID,0
OIID,0
PIID,0
QIID,0
RIID,0
SIID,0
TIID,0
UIID,0
VIID,0
WIID,0
XIID,0
YIID,0
ZIID,1
AJID,0
BJID,0
CJID,1
DJID,1
EJID,1
FJID,1
GJID,1
HJID,1
IJID,1
JJID,1
KJID,1
LJID,1
MJID,1
NJID,1
OJID,1
PJID,1
QJID,1
RJID,1
SJID,1
TJID,1
UJID,0
VJID,0
WJID,1
XJID,0
YJID,1
ZJID,1
AKID,0
BKID,1
CKID,1
DKID,1
EKID,1
FKID,1
GKID,1
HKID,1
IKID,1
JKID,0
KKID,1
LKID,1
MKID,1
NKID,1
OKID,1
PKID,1
QKID,0
RKID,1
SKID,1
TKID,1
UKID,1
VKID,1
WKID,1
XKID,1
YKID,1
ZKID,1
ALID,1
BLID,1
CLID,1
DLID,1
ELID,1
FLID,1
GLID,1
HLID,1
ILID,1
JLID,1
KLID,1
LLID,1
MLID,1
NLID,1
OLID,1
PLID,1
QLID,1
RLID,1
SLID,1
TLID,1
ULID,1
VLID,1
WLID,1
XLID,1
YLID,1
ZLID,1
AMID,1
BMID,0
CMID,0
DMID,0
EMID,0
FMID,0
GMID,0
HMID,0
IMID,0
JMID,1
KMID,1
LMID,1
MMID,0
NMID,1
OMID,1
PMID,1
QMID,1
RMID,1
SMID,1
TMID,1
UMID,1
VMID,1
WMID,1
XMID,1
YMID,1
ZMID,0
ANID,1
BNID,1
CNID,1
DNID,1
ENID,1
FNID,1
GNID,1
HNID,1
INID,1
JNID,1
KNID,1
LNID,1
MNID,1
NNID,1
ONID,1
PNID,1
QNID,0
RNID,0
SNID,1
TNID,1
UNID,1
VNID,1
WNID,1
XNID,1
YNID,1
ZNID,1
AOID,1
BOID,1
COID,0
DOID,1
EOID,1
FOID,1
GOID,1
HOID,1
IOID,1
JOID,1
KOID,1
LOID,1
MOID,1
NOID,1
OOID,1
POID,1
QOID,1
ROID,1
SOID,1
TOID,1
UOID,1
VOID,1
WOID,0
XOID,0
YOID,1
ZOID,1
APID,1
BPID,1
CPID,1
DPID,1
EPID,0
FPID,1
GPID,1
HPID,0
IPID,1
JPID,0
KPID,0
LPID,0
MPID,1
NPID,1
OPID,1
PPID,1
QPID,1
RPID,1
SPID,1
TPID,1
UPID,1
VPID,1
WPID,0
XPID,1
YPID,1
ZPID,0
AQID,0
BQID,0
CQID,1
DQID,1
EQID,1
FQID,1
GQID,1
HQID,1
IQID,1
JQID,1
KQID,1
LQID,1
MQID,1
NQID,1
OQID,0
PQID,1
QQID,1
RQID,1
SQID,1
TQID,1
UQID,1
VQID,1
WQID,1
XQID,1
YQID,1
ZQID,1
ARID,0
BRID,0
CRID,0
DRID,0
ERID,0
FRID,0
GRID,1
HRID,1
IRID,0
JRID,0
KRID,1
LRID,1
MRID,0
NRID,1
ORID,1
PRID,1
QRID,1
RRID,1
SRID,1
TRID,1
URID,0
VRID,1
WRID,0
XRID,1
YRID,1
ZRID,1
ASID,1
BSID,1
CSID,1
DSID,0
ESID,0
FSID,1
GSID,1
HSID,1
ISID,0
JSID,0
KSID,0
LSID,0
MSID,0
NSID,0
OSID,0
PSID,0
QSID,0
RSID,0
SSID,0
TSID,0
USID,0
VSID,0
WSID,0
XSID,0
YSID,0
ZSID,0
ATID,1
BTID,0
CTID,1
DTID,1
ETID,1
FTID,1
GTID,1
HTID,1
ITID,1
JTID,1
KTID,1
LTID,1
MTID,1
NTID,1
OTID,1
PTID,1
QTID,1
RTID,1
STID,1
TTID,1
UTID,0
VTID,1
WTID,0
XTID,1
YTID,1
ZTID,1
AUID,1
BUID,1
CUID,1
DUID,1
EUID,1
FUID,1
GUID,1
HUID,1
IUID,1
JUID,0
KUID,1
LUID,1
MUID,1
NUID,1
OUID,1
PUID,0
QUID,1
RUID,1
SUID,1
TUID,0
UUID,1
VUID,1
WUID,1
XUID,0
YUID,1
ZUID,1
AVID,1
BVID,1
CVID,1
DVID,1
EVID,1
FVID,1
GVID,1
HVID,1
IVID,1
JVID,1
KVID,1
LVID,1
MVID,1
NVID,1
OVID,1
PVID,1
QVID,1
RVID,1
SVID,1
TVID,1
UVID,0
VVID,0
WVID,0
XVID,0
YVID,0
ZVID,0
AWID,0
BWID,0
CWID,0
DWID,0
EWID,0
FWID,0
GWID,0
HWID,0
IWID,0
JWID,0
KWID,0
LWID,0
MWID,0
NWID,0
OWID,0
PWID,0
QWID,0
RWID,0
SWID,0
TWID,0
UWID,0
VWID,0
WWID,0
XWID,0
YWID,0
ZWID,0
AXID,0
BXID,0
CXID,0
DXID,0
EXID,0
FXID,0
GXID,1
HXID,1
IXID,0
JXID,1
KXID,1
LXID,1
MXID,1
NXID,1
OXID,1
PXID,0
QXID,1
RXID,1
SXID,1
TXID,1
UXID,1
VXID,0
WXID,1
XXID,1
YXID,0
ZXID,1
AYID,1
BYID,1
CYID,0
DYID,1
EYID,1
FYID,1
GYID,1
HYID,1
IYID,1
JYID,1
KYID,1
LYID,0
MYID,1
NYID,1
OYID,1
PYID,1
QYID,0
RYID,1
SYID,1
TYID,0
UYID,1
VYID,1
WYID,1
XYID,1
YYID,1
ZYID,1
AZID,1
BZID,0
CZID,1
DZID,1
EZID,1
FZID,0
GZID,1
HZID,0
IZID,1
JZID,1
KZID,1
LZID,0
MZID,1
NZID,1
OZID,1
PZID,1
QZID,1
RZID,0
SZID,0
TZID,0
UZID,1
VZID,1
WZID,1
XZID,1
YZID,1
ZZID,1
AAJD,1
BAJD,1
CAJD,1
DAJD,1
EAJD,0
FAJD,1
GAJD,0
HAJD,1
IAJD,0
JAJD,1
KAJD,1
LAJD,0
MAJD,0
NAJD,0
OAJD,0
PAJD,0
QAJD,0
RAJD,0
SAJD,0
TAJD,0
UAJD,0
VAJD,0
WAJD,0
XAJD,0
YAJD,0
ZAJD,0
ABJD,0
BBJD,0
CBJD,0
DBJD,0
EBJD,0
FBJD,0
GBJD,0
HBJD,0
IBJD,0
JBJD,0
KBJD,0
LBJD,0
MBJD,0
NBJD,0
OBJD,0
PBJD,0
QBJD,0
RBJD,1
SBJD,0
TBJD,1
UBJD,0
VBJD,1
WBJD,1
XBJD,1
YBJD,0
ZBJD,0
ACJD,1
BCJD,1
CCJD,1
DCJD,1
ECJD,0
FCJD,1
GCJD,1
HCJD,1
ICJD,1
JCJD,1
KCJD,1
LCJD,0
MCJD,1
NCJD,1
OCJD,1
PCJD,0
QCJD,1
RCJD,1
SCJD,1
TCJD,1
UCJD,1
VCJD,1
WCJD,1
XCJD,1
YCJD,0
ZCJD,1
ADJD,0
BDJD,1
CDJD,0
DDJD,1
EDJD,1
FDJD,1
GDJD,1
HDJD,1
IDJD,1
JDJD,0
KDJD,0
LDJD,0
MDJD,1
NDJD,0
ODJD,1
PDJD,1
QDJD,1
RDJD,1
SDJD,0
TDJD,0
UDJD,1
VDJD,0
WDJD,0
XDJD,0
YDJD,0
ZDJD,0
AEJD,1
BEJD,1
CEJD,1
DEJD,1
EEJD,1
FEJD,1
GEJD,1
HEJD,0
IEJD,1
JEJD,1
KEJD,1
LEJD,1
MEJD,1
NEJD,1
OEJD,1
PEJD,1
QEJD,1
REJD,1
SEJD,1
TEJD,1
UEJD,1
VEJD,1
WEJD,1
XEJD,1
YEJD,1
ZEJD,1
AFJD,1
BFJD,0
CFJD,1
DFJD,1
EFJD,0
FFJD,0
GFJD,0
HFJD,1
IFJD,0
JFJD,0
KFJD,0
LFJD,0
MFJD,0
NFJD,1
OFJD,0
PFJD,0
QFJD,0
RFJD,1
SFJD,1
TFJD,1
UFJD,1
VFJD,1
WFJD,1
XFJD,0
YFJD,1
ZFJD,1
AGJD,1
BGJD,1
CGJD,1
DGJD,1
EGJD,1
FGJD,1
GGJD,1
HGJD,1
IGJD,1
JGJD,1
KGJD,1
LGJD,0
MGJD,0
NGJD,0
OGJD,1
PGJD,1
QGJD,1
RGJD,1
SGJD,0
TGJD,1
UGJD,1
VGJD,1
WGJD,1
XGJD,1
YGJD,1
ZGJD,0
AHJD,1
BHJD,1
CHJD,1
DHJD,1
EHJD,1
FHJD,1
GHJD,1
HHJD,1
IHJD,1
JHJD,1
KHJD,0
LHJD,1
MHJD,1
NHJD,1
OHJD,1
PHJD,1
QHJD,1
RHJD,1
SHJD,1
THJD,1
UHJD,1
VHJD,1
WHJD,1
XHJD,0
YHJD,0
ZHJD,0
AIJD,1
BIJD,0
CIJD,1
DIJD,1
EIJD,0
FIJD,1
GIJD,1
HIJD,0
IIJD,0
JIJD,0
KIJD,1
LIJD,1
MIJD,1
NIJD,1
OIJD,1
PIJD,1
QIJD,1
RIJD,1
SIJD,1
TIJD,1
UIJD,1
VIJD,1
WIJD,1
XIJD,1
YIJD,1
ZIJD,1
AJJD,1
BJJD,1
CJJD,1
DJJD,1
EJJD,1
FJJD,1
GJJD,1
HJJD,1
IJJD,1
JJJD,1
KJJD,1
LJJD,1
MJJD,1
NJJD,1
OJJD,1
PJJD,1
QJJD,1
RJJD,1
SJJD,1
TJJD,1
UJJD,1
VJJD,0
WJJD,1
XJJD,1
YJJD,1
ZJJD,1
AKJD,1
BKJD,1
CKJD,1
DKJD,1
EKJD,0
FKJD,1
GKJD,1
HKJD,1
IKJD,1
JKJD,1
KKJD,1
LKJD,1
MKJD,1
NKJD,1
OKJD,0
PKJD,1
QKJD,1
RKJD,1
SKJD,1
TKJD,0
UKJD,1
VKJD,1
WKJD,1
XKJD,0
YKJD,1
ZKJD,1
ALJD,1
BLJD,0
CLJD,1
DLJD,0
ELJD,1
FLJD,1
GLJD,0
HLJD,1
ILJD,1
JLJD,0
KLJD,0
LLJD,0
MLJD,1
NLJD,1
OLJD,1
PLJD,0
QLJD,0
RLJD,1
SLJD,1
TLJD,1
ULJD,0
VLJD,1
WLJD,1
XLJD,1
YLJD,1
ZLJD,1
AMJD,1
BMJD,1
CMJD,1
DMJD,1
EMJD,1
FMJD,0
GMJD,0
HMJD,1
IMJD,0
JMJD,0
KMJD,0
LMJD,0
MMJD,0
NMJD,0
OMJD,0
PMJD,0
QMJD,0
RMJD,0
SMJD,0
TMJD,0
UMJD,1
VMJD,1
WMJD,1
XMJD,1
YMJD,0
ZMJD,1
ANJD,1
BNJD,0
CNJD,0
DNJD,0
ENJD,1
FNJD,1
GNJD,1
HNJD,0
INJD,1
JNJD,1
KNJD,1
LNJD,1
MNJD,1
NNJD,1
ONJD,1
PNJD,1
QNJD,1
RNJD,1
SNJD,1
TNJD,1
UNJD,1
VNJD,1
WNJD,1
XNJD,1
YNJD,1
ZNJD,1
AOJD,0
BOJD,1
COJD,1
DOJD,1
EOJD,0
FOJD,0
GOJD,0
HOJD,0
IOJD,0
JOJD,0
KOJD,0
LOJD,1
MOJD,1
NOJD,0
OOJD,0
POJD,0
QOJD,0
ROJD,0
SOJD,1
TOJD,0
UOJD,0
VOJD,1
WOJD,1
XOJD,1
YOJD,1
ZOJD,1
APJD,1
BPJD,1
CPJD,1
DPJD,1
EPJD,1
FPJD,1
GPJD,1
HPJD,0
IPJD,0
JPJD,0
KPJD,1
LPJD,1
MPJD,0
NPJD,1
OPJD,1
PPJD,0
QPJD,1
RPJD,1
SPJD,1
TPJD,1
UPJD,1
VPJD,1
WPJD,1
XPJD,0
YPJD,1
ZPJD,1
AQJD,1
BQJD,1
CQJD,1
DQJD,1
EQJD,1
FQJD,0
GQJD,1
HQJD,0
IQJD,0
JQJD,1
KQJD,1
LQJD,0
MQJD,0
NQJD,0
OQJD,1
PQJD,1
QQJD,1
RQJD,1
SQJD,1
TQJD,1
UQJD,1
VQJD,1
WQJD,1
XQJD,1
YQJD,1
ZQJD,1
ARJD,1
BRJD,1
CRJD,1
DRJD,1
ERJD,1
FRJD,0
GRJD,0
HRJD,1
IRJD,1
JRJD,0
KRJD,1
LRJD,1
MRJD,1
NRJD,1
ORJD,1
PRJD,1
QRJD,1
RRJD,1
SRJD,1
TRJD,1
URJD,1
VRJD,1
WRJD,1
XRJD,1
YRJD,1
ZRJD,1
ASJD,1
BSJD,1
CSJD,1
DSJD,1
ESJD,1
FSJD,1
GSJD,1
HSJD,1
ISJD,1
JSJD,1
KSJD,1
LSJD,0
MSJD,1
NSJD,1
OSJD,0
PSJD,0
QSJD,1
RSJD,1
SSJD,1
TSJD,1
USJD,1
VSJD,1
WSJD,0
XSJD,1
YSJD,1
ZSJD,1
ATJD,1
BTJD,1
CTJD,1
DTJD,1
ETJD,1
FTJD,0
GTJD,0
HTJD,0
ITJD,0
JTJD,0
KTJD,0
LTJD,0
MTJD,0
NTJD,0
OTJD,0
PTJD,0
QTJD,0
RTJD,0
STJD,0
TTJD,0
UTJD,0
VTJD,0
WTJD,0
XTJD,0
YTJD,0
ZTJD,0
AUJD,0
BUJD,0
CUJD,0
DUJD,0
EUJD,0
FUJD,0
GUJD,0
HUJD,0
IUJD,0
JUJD,1
KUJD,0
LUJD,0
MUJD,0
NUJD,0
OUJD,0
PUJD,1
QUJD,1
RUJD,1
SUJD,1
TUJD,1
UUJD,1
VUJD,1
WUJD,1
XUJD,0
YUJD,1
ZUJD,1
AVJD,1
BVJD,1
CVJD,1
DVJD,1
EVJD,1
FVJD,1
GVJD,1
HVJD,1
IVJD,1
JVJD,1
KVJD,1
LVJD,1
MVJD,1
NVJD,1
OVJD,1
PVJD,1
QVJD,1
RVJD,1
SVJD,1
TVJD,1
UVJD,1
VVJD,1
WVJD,1
XVJD,0
YVJD,1
ZVJD,0
AWJD,1
BWJD,1
CWJD,1
DWJD,1
EWJD,1
FWJD,1
GWJD,1
HWJD,0
IWJD,1
JWJD,0
KWJD,1
LWJD,1
MWJD,0
NWJD,0
OWJD,1
PWJD,1
QWJD,1
RWJD,1
SWJD,1
TWJD,1
UWJD,0
VWJD,1
WWJD,0
XWJD,0
YWJD,1
ZWJD,1
AXJD,0
BXJD,1
CXJD,1
DXJD,1
EXJD,1
FXJD,1
GXJD,0
HXJD,1
IXJD,1
JXJD,1
KXJD,1
LXJD,0
MXJD,1
NXJD,1
OXJD,1
PXJD,1
QXJD,0
RXJD,0
SXJD,0
TXJD,0
UXJD,0
VXJD,0
WXJD,0
XXJD,0
YXJD,0
ZXJD,0
AYJD,0
BYJD,0
CYJD,0
DYJD,0
EYJD,0
FYJD,0
GYJD,0
HYJD,0
IYJD,0
JYJD,0
KYJD,0
LYJD,0
MYJD,0
NYJD,0
OYJD,0
PYJD,0
QYJD,0
RYJD,0
SYJD,0
TYJD,0
UYJD,0
VYJD,0
WYJD,0
XYJD,0
YYJD,0
ZYJD,0
AZJD,0
BZJD,0
CZJD,0
DZJD,0
EZJD,0
FZJD,0
GZJD,0
HZJD,0
IZJD,0
JZJD,1
KZJD,0
LZJD,0
MZJD,1
NZJD,0
OZJD,0
PZJD,0
QZJD,1
RZJD,1
SZJD,0
TZJD,1
UZJD,1
VZJD,1
WZJD,1
XZJD,1
YZJD,1
ZZJD,1
AAKD,1
BAKD,1
CAKD,0
DAKD,1
EAKD,1
FAKD,1
GAKD,1
HAKD,1
IAKD,1
JAKD,1
KAKD,1
LAKD,0
MAKD,0
NAKD,0
OAKD,1
PAKD,1
QAKD,1
RAKD,0
SAKD,1
TAKD,1
UAKD,1
VAKD,1
WAKD,1
XAKD,1
YAKD,1
ZAKD,1
ABKD,1
BBKD,0
CBKD,1
DBKD,1
EBKD,1
FBKD,1
GBKD,1
HBKD,1
IBKD,1
JBKD,1
KBKD,1
LBKD,1
MBKD,1
NBKD,1
OBKD,1
PBKD,1
QBKD,1
RBKD,1
SBKD,1
TBKD,0
UBKD,1
VBKD,1
WBKD,1
XBKD,1
YBKD,1
ZBKD,1
ACKD,1
BCKD,0
CCKD,0
DCKD,0
ECKD,0
FCKD,0
GCKD,0
HCKD,1
ICKD,1
JCKD,1
KCKD,1
LCKD,1
MCKD,0
NCKD,1
OCKD,1
PCKD,1
QCKD,1
RCKD,1
SCKD,1
TCKD,0
UCKD,1
VCKD,1
WCKD,1
XCKD,0
YCKD,1
ZCKD,1
ADKD,1
BDKD,1
CDKD,1
DDKD,1
EDKD,1
FDKD,1
GDKD,1
HDKD,1
IDKD,1
JDKD,1
KDKD,1
LDKD,1
MDKD,0
NDKD,0
ODKD,0
PDKD,1
QDKD,0
RDKD,1
SDKD,1
TDKD,1
UDKD,1
VDKD,1
WDKD,1
XDKD,1
YDKD,1
ZDKD,0
AEKD,1
BEKD,1
CEKD,1
DEKD,1
EEKD,1
FEKD,1
GEKD,1
HEKD,1
IEKD,1
JEKD,0
KEKD,1
LEKD,1
MEKD,1
NEKD,1
OEKD,1
PEKD,0
QEKD,1
REKD,1
SEKD,1
TEKD,1
UEKD,0
VEKD,1
WEKD,1
XEKD,1
YEKD,1
ZEKD,0
AFKD,1
BFKD,1
CFKD,0
DFKD,0
EFKD,1
FFKD,1
GFKD,1
HFKD,1
IFKD,0
JFKD,1
KFKD,1
LFKD,1
MFKD,0
NFKD,1
OFKD,0
PFKD,1
QFKD,0
RFKD,0
SFKD,0
TFKD,1
UFKD,1
VFKD,1
WFKD,1
XFKD,1
YFKD,1
ZFKD,1
AGKD,1
BGKD,1
CGKD,1
DGKD,1
EGKD,1
FGKD,1
GGKD,1
HGKD,1
IGKD,1
JGKD,0
KGKD,0
LGKD,0
MGKD,0
NGKD,1
OGKD,1
PGKD,1
QGKD,1
RGKD,0
SGKD,1
TGKD,1
UGKD,0
VGKD,1
WGKD,1
XGKD,0
YGKD,1
ZGKD,1
AHKD,1
BHKD,1
CHKD,1
DHKD,1
EHKD,1
FHKD,1
GHKD,1
HHKD,1
IHKD,1
JHKD,1
KHKD,1
LHKD,1
MHKD,1
NHKD,1
OHKD,1
PHKD,0
QHKD,1
RHKD,1
SHKD,1
THKD,0
UHKD,1
VHKD,1
WHKD,1
XHKD,0
YHKD,1
ZHKD,0
AIKD,1
BIKD,0
CIKD,1
DIKD,1
EIKD,1
FIKD,1
GIKD,1
HIKD,1
IIKD,1
JIKD,0
KIKD,1
LIKD,1
MIKD,0
NIKD,1
OIKD,1
PIKD,1
QIKD,1
RIKD,1
SIKD,1
TIKD,1
UIKD,0
VIKD,1
WIKD,1
XIKD,1
YIKD,1
ZIKD,1
AJKD,1
BJKD,1
CJKD,1
DJKD,1
EJKD,0
FJKD,1
GJKD,1
HJKD,0
IJKD,1
JJKD,1
KJKD,0
LJKD,0
MJKD,0
NJKD,0
OJKD,1
PJKD,0
QJKD,1
RJKD,0
SJKD,0
TJKD,0
UJKD,0
VJKD,0
WJKD,0
XJKD,1
YJKD,1
ZJKD,1
AKKD,1
BKKD,1
CKKD,1
DKKD,1
EKKD,1
FKKD,1
GKKD,1
HKKD,1
IKKD,1
JKKD,0
KKKD,1
LKKD,1
MKKD,0
NKKD,1
OKKD,0
PKKD,1
QKKD,0
RKKD,1
SKKD,1
TKKD,0
UKKD,0
VKKD,0
WKKD,0
XKKD,0
YKKD,0
ZKKD,0
ALKD,1
BLKD,0
CLKD,0
DLKD,0
ELKD,0
FLKD,0
GLKD,1
HLKD,1
ILKD,0
JLKD,1
KLKD,0
LLKD,0
MLKD,1
NLKD,1
OLKD,1
PLKD,1
QLKD,1
RLKD,1
SLKD,1
TLKD,1
ULKD,0
VLKD,1
WLKD,1
XLKD,1
YLKD,1
ZLKD,1
AMKD,0
BMKD,1
CMKD,0
DMKD,1
EMKD,1
FMKD,1
GMKD,1
HMKD,0
IMKD,1
JMKD,1
KMKD,1
LMKD,1
MMKD,1
NMKD,1
OMKD,1
PMKD,1
QMKD,1
RMKD,1
SMKD,1
TMKD,1
UMKD,0
VMKD,0
WMKD,0
XMKD,0
YMKD,0
ZMKD,0
ANKD,0
BNKD,0
CNKD,0
DNKD,0
ENKD,0
FNKD,0
GNKD,1
HNKD,1
INKD,0
JNKD,0
KNKD,0
LNKD,0
MNKD,0
NNKD,1
ONKD,1
PNKD,1
QNKD,1
RNKD,1
SNKD,1
TNKD,0
UNKD,1
VNKD,0
WNKD,1
XNKD,1
YNKD,1
ZNKD,1
AOKD,1
BOKD,0
COKD,0
DOKD,1
EOKD,1
FOKD,1
GOKD,1
HOKD,1
IOKD,0
JOKD,1
KOKD,1
LOKD,1
MOKD,1
NOKD,1
OOKD,1
POKD,1
QOKD,1
ROKD,1
SOKD,1
TOKD,1
UOKD,0
VOKD,1
WOKD,0
XOKD,1
YOKD,1
ZOKD,1
APKD,1
BPKD,1
CPKD,1
DPKD,1
EPKD,1
FPKD,1
GPKD,1
HPKD,1
IPKD,1
JPKD,1
KPKD,1
LPKD,1
MPKD,1
NPKD,0
OPKD,1
PPKD,1
QPKD,1
RPKD,1
SPKD,1
TPKD,0
UPKD,1
VPKD,1
WPKD,1
XPKD,1
YPKD,1
ZPKD,1
AQKD,1
BQKD,1
CQKD,1
DQKD,1
EQKD,1
FQKD,1
GQKD,1
HQKD,1
IQKD,0
JQKD,1
KQKD,1
LQKD,1
MQKD,1
NQKD,1
OQKD,1
PQKD,1
QQKD,1
RQKD,1
SQKD,0
TQKD,1
UQKD,1
VQKD,1
WQKD,1
XQKD,1
YQKD,1
ZQKD,1
ARKD,1
BRKD,1
CRKD,0
DRKD,0
ERKD,0
FRKD,0
GRKD,0
HRKD,0
IRKD,0
JRKD,0
KRKD,0
LRKD,0
MRKD,0
NRKD,0
ORKD,0
PRKD,0
QRKD,0
RRKD,0
SRKD,0
TRKD,0
URKD,0
VRKD,0
WRKD,0
XRKD,0
YRKD,0
ZRKD,0
ASKD,0
BSKD,0
CSKD,0
DSKD,0
ESKD,0
FSKD,0
GSKD,0
HSKD,0
ISKD,0
JSKD,0
KSKD,1
LSKD,1
MSKD,0
NSKD,1
OSKD,0
PSKD,1
QSKD,1
RSKD,1
SSKD,1
TSKD,0
USKD,1
VSKD,1
WSKD,1
XSKD,1
YSKD,1
ZSKD,1
ATKD,1
BTKD,1
CTKD,1
DTKD,1
ETKD,1
FTKD,1
GTKD,1
HTKD,1
ITKD,1
JTKD,0
KTKD,1
LTKD,1
MTKD,1
NTKD,1
OTKD,1
PTKD,1
QTKD,1
RTKD,1
STKD,1
TTKD,1
UTKD,1
VTKD,1
WTKD,0
XTKD,1
YTKD,1
ZTKD,1
AUKD,1
BUKD,0
CUKD,1
DUKD,1
EUKD,1
FUKD,1
GUKD,1
HUKD,1
IUKD,1
JUKD,1
KUKD,1
LUKD,1
MUKD,1
NUKD,1
OUKD,0
PUKD,1
QUKD,1
RUKD,0
SUKD,0
TUKD,0
UUKD,0
VUKD,0
WUKD,0
XUKD,0
YUKD,0
ZUKD,0
AVKD,0
BVKD,0
CVKD,0
DVKD,0
EVKD,0
FVKD,0
GVKD,0
HVKD,0
IVKD,0
JVKD,0
KVKD,0
LVKD,0
MVKD,0
NVKD,0
OVKD,0
PVKD,0
QVKD,0
RVKD,0
SVKD,0
TVKD,0
UVKD,0
VVKD,0
WVKD,0
XVKD,0
YVKD,0
ZVKD,0
AWKD,0
BWKD,0
CWKD,0
DWKD,0
EWKD,0
FWKD,0
GWKD,0
HWKD,0
IWKD,1
JWKD,1
KWKD,1
LWKD,1
MWKD,1
NWKD,0
OWKD,1
PWKD,1
QWKD,1
RWKD,1
SWKD,1
TWKD,0
UWKD,1
VWKD,1
WWKD,1
XWKD,0
YWKD,1
ZWKD,1
AXKD,1
BXKD,1
CXKD,1
DXKD,1
EXKD,0
FXKD,1
GXKD,1
HXKD,1
IXKD,1
JXKD,1
KXKD,1
LXKD,1
MXKD,1
NXKD,1
OXKD,1
PXKD,1
QXKD,1
RXKD,1
SXKD,1
TXKD,1
UXKD,1
VXKD,1
WXKD,1
XXKD,1
YXKD,1
ZXKD,1
AYKD,1
BYKD,1
CYKD,1
DYKD,1
EYKD,1
FYKD,1
GYKD,1
HYKD,1
IYKD,1
JYKD,1
KYKD,1
LYKD,1
MYKD,1
NYKD,1
OYKD,1
PYKD,1
QYKD,1
RYKD,1
SYKD,1
TYKD,1
UYKD,1
VYKD,1
WYKD,1
XYKD,1
YYKD,0
ZYKD,0
AZKD,1
BZKD,1
CZKD,1
DZKD,1
EZKD,1
FZKD,1
GZKD,1
HZKD,1
IZKD,1
JZKD,0
KZKD,1
LZKD,1
MZKD,1
NZKD,0
OZKD,0
PZKD,0
QZKD,0
RZKD,0
SZKD,0
TZKD,0
UZKD,1
VZKD,1
WZKD,0
XZKD,1
YZKD,1
ZZKD,1
AALD,0
BALD,0
CALD,1
DALD,1
EALD,1
FALD,0
GALD,1
HALD,1
IALD,1
JALD,1
KALD,1
LALD,1
MALD,1
NALD,1
OALD,1
PALD,1
QALD,1
RALD,1
SALD,1
TALD,1
UALD,1
VALD,1
WALD,1
XALD,1
YALD,1
ZALD,0
ABLD,1
BBLD,0
CBLD,1
DBLD,1
EBLD,1
FBLD,0
GBLD,0
HBLD,0
IBLD,1
JBLD,1
KBLD,1
LBLD,1
MBLD,1
NBLD,0
OBLD,1
PBLD,1
QBLD,1
RBLD,1
SBLD,1
TBLD,1
UBLD,1
VBLD,0
WBLD,0
XBLD,1
YBLD,1
ZBLD,1
ACLD,1
BCLD,1
CCLD,1
DCLD,1
ECLD,0
FCLD,1
GCLD,1
HCLD,1
ICLD,1
JCLD,1
KCLD,1
LCLD,0
MCLD,1
NCLD,1
OCLD,1
PCLD,1
QCLD,0
RCLD,1
SCLD,1
TCLD,1
UCLD,1
VCLD,0
WCLD,1
XCLD,1
YCLD,1
ZCLD,1
ADLD,1
BDLD,1
CDLD,1
DDLD,1
EDLD,1
FDLD,1
GDLD,1
HDLD,1
IDLD,1
JDLD,1
KDLD,1
LDLD,1
MDLD,1
NDLD,1
ODLD,1
PDLD,0
QDLD,0
RDLD,0
SDLD,0
TDLD,0
UDLD,1
VDLD,0
WDLD,1
XDLD,1
YDLD,1
ZDLD,1
AELD,1
BELD,0
CELD,1
DELD,1
EELD,1
FELD,1
GELD,1
HELD,1
IELD,1
JELD,1
KELD,1
LELD,1
MELD,1
NELD,1
OELD,1
PELD,0
QELD,1
RELD,1
SELD,1
TELD,1
UELD,0
VELD,1
WELD,1
XELD,1
YELD,1
ZELD,0
AFLD,0
BFLD,1
CFLD,1
DFLD,1
EFLD,1
FFLD,1
GFLD,1
HFLD,1
IFLD,0
JFLD,1
KFLD,1
LFLD,1
MFLD,1
NFLD,1
OFLD,1
PFLD,0
QFLD,1
RFLD,1
SFLD,1
TFLD,1
UFLD,1
VFLD,1
WFLD,1
XFLD,1
YFLD,1
ZFLD,1
AGLD,1
BGLD,1
CGLD,1
DGLD,0
EGLD,0
FGLD,0
GGLD,0
HGLD,0
IGLD,1
JGLD,1
KGLD,1
LGLD,1
MGLD,1
NGLD,1
OGLD,1
PGLD,1
QGLD,1
RGLD,1
SGLD,1
TGLD,0
UGLD,1
VGLD,0
WGLD,1
XGLD,1
YGLD,1
ZGLD,1
AHLD,1
BHLD,0
CHLD,1
DHLD,0
EHLD,0
FHLD,0
GHLD,0
HHLD,0
IHLD,0
JHLD,0
KHLD,0
LHLD,0
MHLD,0
NHLD,0
OHLD,0
PHLD,0
QHLD,0
RHLD,0
SHLD,1
THLD,0
UHLD,0
VHLD,1
WHLD,1
XHLD,1
YHLD,1
ZHLD,1
AILD,1
BILD,1
CILD,1
DILD,1
EILD,1
FILD,1
GILD,1
HILD,1
IILD,1
JILD,0
KILD,1
LILD,1
MILD,1
NILD,0
OILD,1
PILD,1
QILD,0
RILD,0
SILD,0
TILD,1
UILD,0
VILD,0
WILD,0
XILD,0
YILD,0
ZILD,0
AJLD,0
BJLD,0
CJLD,0
DJLD,0
EJLD,0
FJLD,1
GJLD,1
HJLD,0
IJLD,1
JJLD,1
KJLD,1
LJLD,1
MJLD,1
NJLD,1
OJLD,1
PJLD,1
QJLD,1
RJLD,1
SJLD,1
TJLD,1
UJLD,1
VJLD,1
WJLD,1
XJLD,1
YJLD,1
ZJLD,1
AKLD,1
BKLD,0
CKLD,1
DKLD,1
EKLD,1
FKLD,1
GKLD,1
HKLD,1
IKLD,1
JKLD,1
KKLD,1
LKLD,1
MKLD,1
NKLD,1
OKLD,1
PKLD,0
QKLD,1
RKLD,1
SKLD,1
TKLD,1
UKLD,1
VKLD,1
WKLD,1
XKLD,1
YKLD,1
ZKLD,1
ALLD,1
BLLD,1
CLLD,1
DLLD,0
ELLD,1
FLLD,0
GLLD,1
HLLD,1
ILLD,1
JLLD,0
KLLD,1
LLLD,1
MLLD,1
NLLD,1
OLLD,0
PLLD,1
QLLD,1
RLLD,1
SLLD,1
TLLD,1
ULLD,1
VLLD,1
WLLD,0
XLLD,1
YLLD,1
ZLLD,1
AMLD,1
BMLD,1
CMLD,1
DMLD,1
EMLD,1
FMLD,1
GMLD,0
HMLD,1
IMLD,1
JMLD,1
KMLD,1
LMLD,1
MMLD,1
NMLD,1
OMLD,0
PMLD,0
QMLD,0
RMLD,0
SMLD,0
TMLD,0
UMLD,0
VMLD,0
WMLD,0
XMLD,0
YMLD,0
ZMLD,0
ANLD,0
BNLD,0
CNLD,0
DNLD,0
ENLD,0
FNLD,0
GNLD,0
HNLD,0
INLD,0
JNLD,0
KNLD,0
LNLD,0
MNLD,0
NNLD,0
ONLD,0
PNLD,0
QNLD,0
RNLD,0
SNLD,0
TNLD,0
UNLD,0
VNLD,0
WNLD,0
XNLD,0
YNLD,0
ZNLD,0
AOLD,0
BOLD,0
COLD,0
DOLD,1
EOLD,1
FOLD,1
GOLD,1
HOLD,0
IOLD,1
JOLD,1
KOLD,0
LOLD,1
MOLD,1
NOLD,1
OOLD,1
POLD,0
QOLD,1
ROLD,1
SOLD,0
TOLD,1
UOLD,1
VOLD,1
WOLD,1
XOLD,1
YOLD,1
ZOLD,1
APLD,1
BPLD,1
CPLD,1
DPLD,1
EPLD,1
FPLD,1
GPLD,1
HPLD,1
IPLD,1
JPLD,1
KPLD,1
LPLD,0
MPLD,1
NPLD,1
OPLD,1
PPLD,1
QPLD,1
RPLD,1
SPLD,1
TPLD,1
UPLD,1
VPLD,1
WPLD,0
XPLD,1
YPLD,1
ZPLD,1
AQLD,1
BQLD,0
CQLD,1
DQLD,1
EQLD,1
FQLD,1
GQLD,1
HQLD,1
IQLD,1
JQLD,1
KQLD,1
LQLD,0
MQLD,1
NQLD,1
OQLD,1
PQLD,1
QQLD,1
RQLD,1
SQLD,1
TQLD,1
UQLD,1
VQLD,1
WQLD,1
XQLD,1
YQLD,1
ZQLD,1
ARLD,1
BRLD,1
CRLD,1
DRLD,1
ERLD,1
FRLD,1
GRLD,1
HRLD,1
IRLD,1
JRLD,1
KRLD,1
LRLD,0
MRLD,1
NRLD,0
ORLD,1
PRLD,1
QRLD,1
RRLD,1
SRLD,1
TRLD,1
URLD,0
VRLD,0
WRLD,0
XRLD,0
YRLD,0
ZRLD,0
ASLD,0
BSLD,0
CSLD,0
DSLD,0
ESLD,0
FSLD,0
GSLD,0
HSLD,0
ISLD,0
JSLD,0
KSLD,0
LSLD,0
MSLD,0
NSLD,0
OSLD,0
PSLD,0
QSLD,0
RSLD,0
SSLD,0
TSLD,0
USLD,0
VSLD,0
WSLD,0
XSLD,0
YSLD,0
ZSLD,0
ATLD,0
BTLD,0
CTLD,0
DTLD,0
ETLD,0
FTLD,0
GTLD,0
HTLD,0
ITLD,0
JTLD,0
KTLD,0
LTLD,1
MTLD,1
NTLD,1
OTLD,1
PTLD,0
QTLD,1
RTLD,1
STLD,0
TTLD,1
UTLD,1
VTLD,1
WTLD,1
XTLD,0
YTLD,1
ZTLD,1
AULD,1
BULD,1
CULD,1
DULD,1
EULD,1
FULD,1
GULD,1
HULD,1
IULD,1
JULD,1
KULD,1
LULD,1
MULD,1
NULD,1
OULD,1
PULD,1
QULD,0
RULD,1
SULD,1
TULD,0
UULD,1
VULD,1
WULD,1
XULD,1
YULD,1
ZULD,1
AVLD,1
BVLD,1
CVLD,0
DVLD,1
EVLD,1
FVLD,1
GVLD,1
HVLD,1
IVLD,1
JVLD,0
KVLD,1
LVLD,1
MVLD,1
NVLD,1
OVLD,1
PVLD,1
QVLD,1
RVLD,1
SVLD,1
TVLD,0
UVLD,0
VVLD,0
WVLD,1
XVLD,0
YVLD,1
ZVLD,1
AWLD,1
BWLD,1
CWLD,1
DWLD,1
EWLD,1
FWLD,1
GWLD,1
HWLD,1
IWLD,1
JWLD,1
KWLD,1
LWLD,1
MWLD,1
NWLD,0
OWLD,1
PWLD,1
QWLD,1
RWLD,0
SWLD,1
TWLD,0
UWLD,0
VWLD,1
WWLD,1
XWLD,1
YWLD,1
ZWLD,1
AXLD,1
BXLD,1
CXLD,1
DXLD,1
EXLD,1
FXLD,1
GXLD,1
HXLD,1
IXLD,1
JXLD,1
KXLD,0
LXLD,1
MXLD,0
NXLD,0
OXLD,1
PXLD,1
QXLD,1
RXLD,0
SXLD,1
TXLD,0
UXLD,1
VXLD,1
WXLD,1
XXLD,1
YXLD,1
ZXLD,1
AYLD,0
BYLD,0
CYLD,1
DYLD,0
EYLD,0
FYLD,1
GYLD,1
HYLD,0
IYLD,1
JYLD,0
KYLD,0
LYLD,1
MYLD,1
NYLD,1
OYLD,1
PYLD,1
QYLD,1
RYLD,0
SYLD,1
TYLD,1
UYLD,0
VYLD,0
WYLD,0
XYLD,0
YYLD,1
ZYLD,1
AZLD,1
BZLD,1
CZLD,0
DZLD,0
EZLD,0
FZLD,1
GZLD,1
HZLD,1
IZLD,0
JZLD,1
KZLD,1
LZLD,1
MZLD,1
NZLD,1
OZLD,1
PZLD,0
QZLD,1
RZLD,1
SZLD,0
TZLD,1
UZLD,0
VZLD,1
WZLD,1
XZLD,1
YZLD,1
ZZLD,1
AAMD,1
BAMD,1
CAMD,1
DAMD,0
EAMD,1
FAMD,1
GAMD,0
HAMD,1
IAMD,1
JAMD,1
KAMD,1
LAMD,0
MAMD,1
NAMD,1
OAMD,0
PAMD,1
QAMD,1
RAMD,1
SAMD,0
TAMD,1
UAMD,1
VAMD,1
WAMD,0
XAMD,1
YAMD,1
ZAMD,0
ABMD,1
BBMD,1
CBMD,1
DBMD,1
EBMD,1
FBMD,1
GBMD,1
HBMD,1
IBMD,1
JBMD,1
KBMD,1
LBMD,0
MBMD,0
NBMD,0
OBMD,0
PBMD,1
QBMD,1
RBMD,1
SBMD,1
TBMD,1
UBMD,1
VBMD,1
WBMD,1
XBMD,1
YBMD,1
ZBMD,1
ACMD,0
BCMD,0
CCMD,1
DCMD,0
ECMD,1
FCMD,1
GCMD,1
HCMD,1
ICMD,1
JCMD,1
KCMD,1
LCMD,1
MCMD,1
NCMD,1
OCMD,1
PCMD,1
QCMD,0
RCMD,0
SCMD,0
TCMD,0
UCMD,0
VCMD,0
WCMD,0
XCMD,0
YCMD,0
ZCMD,0
ADMD,0
BDMD,0
CDMD,0
DDMD,0
EDMD,0
FDMD,0
GDMD,0
HDMD,0
IDMD,0
JDMD,1
KDMD,1
LDMD,0
MDMD,1
NDMD,1
ODMD,1
PDMD,1
QDMD,1
RDMD,1
SDMD,1
TDMD,1
UDMD,1
VDMD,1
WDMD,1
XDMD,1
YDMD,1
ZDMD,0
AEMD,1
BEMD,1
CEMD,1
DEMD,1
EEMD,1
FEMD,1
GEMD,0
HEMD,1
IEMD,1
JEMD,1
KEMD,1
LEMD,1
MEMD,1
NEMD,1
OEMD,1
PEMD,1
QEMD,1
REMD,1
SEMD,0
TEMD,0
UEMD,0
VEMD,1
WEMD,0
XEMD,1
YEMD,0
ZEMD,0
AFMD,0
BFMD,0
CFMD,0
DFMD,0
EFMD,0
FFMD,0
GFMD,0
HFMD,0
IFMD,0
JFMD,0
KFMD,0
LFMD,0
MFMD,1
NFMD,1
OFMD,1
PFMD,0
QFMD,1
RFMD,0
SFMD,1
TFMD,1
UFMD,1
VFMD,1
WFMD,1
XFMD,0
YFMD,1
ZFMD,1
AGMD,1
BGMD,1
CGMD,1
DGMD,1
EGMD,1
FGMD,1
GGMD,0
HGMD,1
IGMD,1
JGMD,1
KGMD,1
LGMD,1
MGMD,1
NGMD,0
OGMD,0
PGMD,0
QGMD,0
RGMD,0
SGMD,0
TGMD,0
UGMD,0
VGMD,0
WGMD,0
XGMD,0
YGMD,0
ZGMD,0
AHMD,0
BHMD,0
CHMD,0
DHMD,0
EHMD,0
FHMD,0
GHMD,0
HHMD,0
IHMD,0
JHMD,0
KHMD,0
LHMD,0
MHMD,0
NHMD,0
OHMD,0
PHMD,0
QHMD,0
RHMD,0
SHMD,0
THMD,0
UHMD,0
VHMD,0
WHMD,1
XHMD,1
YHMD,1
ZHMD,1
AIMD,1
BIMD,1
CIMD,1
DIMD,1
EIMD,1
FIMD,1
GIMD,1
HIMD,1
IIMD,1
JIMD,1
KIMD,1
LIMD,0
MIMD,1
NIMD,0
OIMD,1
PIMD,1
QIMD,1
RIMD,1
SIMD,1
TIMD,1
UIMD,1
VIMD,1
WIMD,1
XIMD,0
YIMD,1
ZIMD,0
AJMD,1
BJMD,1
CJMD,1
DJMD,1
EJMD,1
FJMD,1
GJMD,1
HJMD,1
IJMD,1
JJMD,1
KJMD,1
LJMD,1
MJMD,1
NJMD,1
OJMD,1
PJMD,1
QJMD,1
RJMD,1
SJMD,1
TJMD,1
UJMD,1
VJMD,0
WJMD,1
XJMD,1
YJMD,1
ZJMD,1
AKMD,1
BKMD,1
CKMD,1
DKMD,1
EKMD,0
FKMD,1
GKMD,1
HKMD,1
IKMD,1
JKMD,1
KKMD,1
LKMD,0
MKMD,1
NKMD,1
OKMD,1
PKMD,1
QKMD,1
RKMD,1
SKMD,1
TKMD,1
UKMD,0
VKMD,1
WKMD,1
XKMD,0
YKMD,0
ZKMD,1
ALMD,1
BLMD,0
CLMD,0
DLMD,1
ELMD,1
FLMD,1
GLMD,0
HLMD,0
ILMD,0
JLMD,0
KLMD,0
LLMD,0
MLMD,0
NLMD,0
OLMD,0
PLMD,0
QLMD,0
RLMD,0
SLMD,0
TLMD,0
ULMD,0
VLMD,0
WLMD,0
XLMD,0
YLMD,0
ZLMD,0
AMMD,0
BMMD,0
CMMD,0
DMMD,0
EMMD,0
FMMD,0
GMMD,0
HMMD,0
IMMD,0
JMMD,0
KMMD,0
LMMD,0
MMMD,0
NMMD,0
OMMD,0
PMMD,0
QMMD,0
RMMD,0
SMMD,0
TMMD,0
UMMD,0
VMMD,0
WMMD,0
XMMD,0
YMMD,0
ZMMD,0
ANMD,0
BNMD,0
CNMD,0
DNMD,0
ENMD,0
FNMD,0
GNMD,1
HNMD,1
INMD,0
JNMD,1
KNMD,1
LNMD,1
MNMD,1
NNMD,1
ONMD,1
PNMD,1
QNMD,1
RNMD,1
SNMD,1
TNMD,1
UNMD,0
VNMD,1
WNMD,1
XNMD,1
YNMD,1
ZNMD,1
AOMD,0
BOMD,1
COMD,1
DOMD,1
EOMD,1
FOMD,1
GOMD,1
HOMD,1
IOMD,1
JOMD,1
KOMD,0
LOMD,1
MOMD,1
NOMD,1
OOMD,1
POMD,1
QOMD,0
ROMD,0
SOMD,1
TOMD,1
UOMD,0
VOMD,1
WOMD,1
XOMD,1
YOMD,1
ZOMD,1
APMD,1
BPMD,1
CPMD,1
DPMD,1
EPMD,0
FPMD,0
GPMD,1
HPMD,1
IPMD,1
JPMD,1
KPMD,1
LPMD,1
MPMD,1
NPMD,1
OPMD,1
PPMD,1
QPMD,1
RPMD,1
SPMD,1
TPMD,1
UPMD,1
VPMD,1
WPMD,1
XPMD,1
YPMD,1
ZPMD,1
AQMD,1
BQMD,1
CQMD,1
DQMD,1
EQMD,1
FQMD,1
GQMD,1
HQMD,1
IQMD,0
JQMD,1
KQMD,1
LQMD,1
MQMD,1
NQMD,1
OQMD,0
PQMD,1
QQMD,1
RQMD,1
SQMD,1
TQMD,1
UQMD,1
VQMD,0
WQMD,1
XQMD,1
YQMD,0
ZQMD,0
ARMD,1
BRMD,0
CRMD,1
DRMD,1
ERMD,0
FRMD,1
GRMD,0
HRMD,0
IRMD,0
JRMD,0
KRMD,0
LRMD,0
MRMD,0
NRMD,0
ORMD,1
PRMD,0
QRMD,1
RRMD,1
SRMD,1
TRMD,1
URMD,1
VRMD,1
WRMD,1
XRMD,0
YRMD,0
ZRMD,1
ASMD,1
BSMD,1
CSMD,1
DSMD,0
ESMD,1
FSMD,1
GSMD,1
HSMD,1
ISMD,1
JSMD,1
KSMD,0
LSMD,1
MSMD,1
NSMD,1
OSMD,1
PSMD,1
QSMD,1
RSMD,1
SSMD,0
TSMD,1
USMD,1
VSMD,1
WSMD,1
XSMD,1
YSMD,1
ZSMD,1
ATMD,1
BTMD,1
CTMD,1
DTMD,1
ETMD,0
FTMD,1
GTMD,1
HTMD,1
ITMD,1
JTMD,1
KTMD,1
LTMD,0
MTMD,1
NTMD,1
OTMD,0
PTMD,1
QTMD,1
RTMD,0
STMD,1
TTMD,1
UTMD,1
VTMD,1
WTMD,1
XTMD,1
YTMD,1
ZTMD,1
AUMD,1
BUMD,1
CUMD,1
DUMD,1
EUMD,1
FUMD,1
GUMD,1
HUMD,1
IUMD,0
JUMD,1
KUMD,0
LUMD,1
MUMD,1
NUMD,1
OUMD,0
PUMD,1
QUMD,0
RUMD,0
SUMD,1
TUMD,1
UUMD,1
VUMD,1
WUMD,1
XUMD,1
YUMD,1
ZUMD,1
AVMD,0
BVMD,1
CVMD,1
DVMD,1
EVMD,1
FVMD,1
GVMD,1
HVMD,1
IVMD,1
JVMD,1
KVMD,0
LVMD,1
MVMD,1
NVMD,0
OVMD,1
PVMD,1
QVMD,1
RVMD,1
SVMD,1
TVMD,1
UVMD,1
VVMD,1
WVMD,1
XVMD,1
YVMD,0
ZVMD,0
AWMD,1
BWMD,1
CWMD,1
DWMD,1
EWMD,1
FWMD,1
GWMD,1
HWMD,1
IWMD,1
JWMD,1
KWMD,1
LWMD,1
MWMD,0
NWMD,1
OWMD,1
PWMD,1
QWMD,1
RWMD,1
SWMD,1
TWMD,1
UWMD,0
VWMD,1
WWMD,1
XWMD,1
YWMD,1
ZWMD,1
AXMD,1
BXMD,1
CXMD,1
DXMD,1
EXMD,1
FXMD,1
GXMD,0
HXMD,1
IXMD,0
JXMD,0
KXMD,1
LXMD,1
MXMD,1
NXMD,1
OXMD,1
PXMD,1
QXMD,1
RXMD,0
SXMD,1
TXMD,0
UXMD,1
VXMD,1
WXMD,0
XXMD,0
YXMD,1
ZXMD,1
AYMD,1
BYMD,1
CYMD,1
DYMD,1
EYMD,1
FYMD,0
GYMD,1
HYMD,1
IYMD,0
JYMD,0
KYMD,0
LYMD,0
MYMD,0
NYMD,0
OYMD,0
PYMD,0
QYMD,1
RYMD,0
SYMD,1
TYMD,0
UYMD,0
VYMD,0
WYMD,0
XYMD,0
YYMD,1
ZYMD,1
AZMD,1
BZMD,1
CZMD,1
DZMD,1
EZMD,1
FZMD,1
GZMD,1
HZMD,1
IZMD,1
JZMD,0
KZMD,1
LZMD,1
MZMD,1
NZMD,1
OZMD,1
PZMD,1
QZMD,0
RZMD,0
SZMD,0
TZMD,1
UZMD,1
VZMD,0
WZMD,0
XZMD,0
YZMD,0
ZZMD,0
AAND,0
BAND,1
CAND,1
DAND,1
EAND,1
FAND,1
GAND,1
HAND,1
IAND,1
JAND,1
KAND,1
LAND,1
MAND,1
NAND,1
OAND,1
PAND,0
QAND,1
RAND,1
SAND,1
TAND,1
UAND,1
VAND,1
WAND,1
XAND,1
YAND,1
ZAND,1
ABND,1
BBND,1
CBND,0
DBND,1
EBND,1
FBND,1
GBND,1
HBND,0
IBND,1
JBND,1
KBND,1
LBND,1
MBND,1
NBND,1
OBND,1
PBND,0
QBND,1
RBND,0
SBND,1
TBND,1
UBND,1
VBND,1
WBND,1
XBND,1
YBND,1
ZBND,1
ACND,1
BCND,1
CCND,1
DCND,1
ECND,1
FCND,1
GCND,1
HCND,1
ICND,1
JCND,1
KCND,1
LCND,1
MCND,0
NCND,1
OCND,1
PCND,1
QCND,1
RCND,1
SCND,0
TCND,1
UCND,1
VCND,1
WCND,0
XCND,1
YCND,1
ZCND,1
ADND,1
BDND,0
CDND,1
DDND,0
EDND,1
FDND,0
GDND,0
HDND,0
IDND,0
JDND,0
KDND,0
LDND,0
MDND,0
NDND,0
ODND,0
PDND,0
QDND,0
RDND,0
SDND,0
TDND,0
UDND,0
VDND,0
WDND,0
XDND,0
YDND,0
ZDND,0
AEND,0
BEND,0
CEND,0
DEND,0
EEND,0
FEND,0
GEND,0
HEND,0
IEND,0
JEND,0
KEND,0
LEND,0
MEND,0
NEND,0
OEND,0
PEND,0
QEND,1
REND,1
SEND,0
TEND,1
UEND,1
VEND,1
WEND,1
XEND,1
YEND,1
ZEND,1
AFND,1
BFND,1
CFND,1
DFND,1
EFND,1
FFND,1
GFND,1
HFND,1
IFND,1
JFND,1
KFND,1
LFND,1
MFND,1
NFND,1
OFND,1
PFND,1
QFND,0
RFND,1
SFND,1
TFND,1
UFND,1
VFND,1
WFND,1
XFND,0
YFND,1
ZFND,1
AGND,0
BGND,1
CGND,1
DGND,0
EGND,1
FGND,1
GGND,1
HGND,1
IGND,1
JGND,0
KGND,1
LGND,1
MGND,1
NGND,1
OGND,1
PGND,1
QGND,1
RGND,0
SGND,1
TGND,1
UGND,0
VGND,1
WGND,1
XGND,1
YGND,1
ZGND,1
AHND,1
BHND,1
CHND,1
DHND,1
EHND,1
FHND,1
GHND,1
HHND,1
IHND,1
JHND,0
KHND,1
LHND,1
MHND,1
NHND,1
OHND,1
PHND,1
QHND,1
RHND,1
SHND,1
THND,1
UHND,1
VHND,1
WHND,1
XHND,1
YHND,1
ZHND,1
AIND,1
BIND,1
CIND,1
DIND,0
EIND,0
FIND,0
GIND,0
HIND,0
IIND,0
JIND,0
KIND,0
LIND,0
MIND,0
NIND,0
OIND,0
PIND,0
QIND,0
RIND,0
SIND,0
TIND,0
UIND,0
VIND,0
WIND,0
XIND,0
YIND,0
ZIND,0
AJND,0
BJND,0
CJND,0
DJND,0
EJND,0
FJND,0
GJND,0
HJND,0
IJND,0
JJND,0
KJND,0
LJND,0
MJND,0
NJND,0
OJND,0
PJND,0
QJND,0
RJND,0
SJND,0
TJND,0
UJND,0
VJND,0
WJND,0
XJND,0
YJND,0
ZJND,0
AKND,0
BKND,0
CKND,0
DKND,1
EKND,1
FKND,1
GKND,1
HKND,1
IKND,0
JKND,1
KKND,0
LKND,1
MKND,1
NKND,1
OKND,0
PKND,1
QKND,1
RKND,1
SKND,1
TKND,1
UKND,1
VKND,1
WKND,1
XKND,1
YKND,1
ZKND,1
ALND,1
BLND,1
CLND,1
DLND,1
ELND,1
FLND,1
GLND,0
HLND,1
ILND,0
JLND,1
KLND,1
LLND,1
MLND,1
NLND,1
OLND,1
PLND,0
QLND,1
RLND,1
SLND,0
TLND,1
ULND,1
VLND,1
WLND,1
XLND,1
YLND,1
ZLND,1
AMND,1
BMND,1
CMND,1
DMND,1
EMND,1
FMND,1
GMND,1
HMND,1
IMND,1
JMND,1
KMND,1
LMND,1
MMND,1
NMND,0
OMND,0
PMND,1
QMND,1
RMND,1
SMND,1
TMND,1
UMND,1
VMND,1
WMND,1
XMND,1
YMND,1
ZMND,1
ANND,1
BNND,1
CNND,1
DNND,1
ENND,1
FNND,0
GNND,1
HNND,0
INND,0
JNND,0
KNND,0
LNND,1
MNND,0
NNND,1
ONND,1
PNND,1
QNND,1
RNND,1
SNND,1
TNND,1
UNND,1
VNND,1
WNND,1
XNND,0
YNND,1
ZNND,0
AOND,1
BOND,1
COND,1
DOND,1
EOND,0
FOND,1
GOND,1
HOND,1
IOND,1
JOND,1
KOND,0
LOND,1
MOND,0
NOND,1
OOND,1
POND,1
QOND,1
ROND,1
SOND,1
TOND,1
UOND,0
VOND,1
WOND,0
XOND,1
YOND,1
ZOND,1
APND,0
BPND,1
CPND,1
DPND,1
EPND,1
FPND,1
GPND,1
HPND,1
IPND,1
JPND,1
KPND,1
LPND,1
MPND,1
NPND,1
OPND,1
PPND,1
QPND,1
RPND,0
SPND,1
TPND,0
UPND,1
VPND,1
WPND,1
XPND,1
YPND,1
ZPND,1
AQND,1
BQND,1
CQND,1
DQND,1
EQND,0
FQND,1
GQND,1
HQND,1
IQND,1
JQND,1
KQND,1
LQND,1
MQND,1
NQND,1
OQND,0
PQND,0
QQND,0
RQND,0
SQND,1
TQND,1
UQND,1
VQND,1
WQND,1
XQND,1
YQND,1
ZQND,1
ARND,1
BRND,1
CRND,1
DRND,1
ERND,1
FRND,1
GRND,1
HRND,1
IRND,0
JRND,1
KRND,1
LRND,1
MRND,1
NRND,1
ORND,1
PRND,0
QRND,1
RRND,0
SRND,1
TRND,1
URND,0
VRND,1
WRND,0
XRND,1
YRND,1
ZRND,1
ASND,1
BSND,1
CSND,1
DSND,0
ESND,1
FSND,1
GSND,1
HSND,1
ISND,0
JSND,1
KSND,1
LSND,1
MSND,1
NSND,1
OSND,0
PSND,1
QSND,1
RSND,1
SSND,1
TSND,1
USND,1
VSND,1
WSND,1
XSND,1
YSND,1
ZSND,1
ATND,1
BTND,1
CTND,1
DTND,1
ETND,1
FTND,1
GTND,1
HTND,1
ITND,1
JTND,1
KTND,1
LTND,1
MTND,0
NTND,0
OTND,1
PTND,1
QTND,1
RTND,1
STND,1
TTND,1
UTND,1
VTND,1
WTND,1
XTND,0
YTND,1
ZTND,1
AUND,1
BUND,1
CUND,1
DUND,1
EUND,1
FUND,0
GUND,0
HUND,1
IUND,0
JUND,0
KUND,0
LUND,0
MUND,0
NUND,0
OUND,1
PUND,1
QUND,1
RUND,1
SUND,1
TUND,0
UUND,0
VUND,1
WUND,1
XUND,1
YUND,0
ZUND,1
AVND,1
BVND,1
CVND,0
DVND,0
EVND,0
FVND,0
GVND,0
HVND,0
IVND,0
JVND,0
KVND,0
LVND,0
MVND,0
NVND,0
OVND,0
PVND,1
QVND,1
RVND,1
SVND,1
TVND,1
UVND,1
VVND,1
WVND,1
XVND,1
YVND,1
ZVND,1
AWND,1
BWND,0
CWND,0
DWND,1
EWND,0
FWND,1
GWND,1
HWND,1
IWND,0
JWND,0
KWND,1
LWND,0
MWND,1
NWND,1
OWND,1
PWND,1
QWND,1
RWND,1
SWND,1
TWND,1
UWND,1
VWND,1
WWND,0
XWND,1
YWND,0
ZWND,1
AXND,1
BXND,1
CXND,0
DXND,0
EXND,0
FXND,0
GXND,0
HXND,1
IXND,1
JXND,0
KXND,0
LXND,0
MXND,0
NXND,0
OXND,1
PXND,1
QXND,1
RXND,1
SXND,1
TXND,1
UXND,1
VXND,1
WXND,0
XXND,1
YXND,1
ZXND,1
AYND,1
BYND,1
CYND,0
DYND,1
EYND,1
FYND,1
GYND,0
HYND,0
IYND,1
JYND,1
KYND,0
LYND,0
MYND,0
NYND,0
OYND,0
PYND,0
QYND,0
RYND,0
SYND,1
TYND,0
UYND,1
VYND,1
WYND,1
XYND,1
YYND,1
ZYND,1
AZND,1
BZND,1
CZND,1
DZND,1
EZND,1
FZND,1
GZND,1
HZND,1
IZND,1
JZND,1
KZND,1
LZND,1
MZND,1
NZND,1
OZND,1
PZND,1
QZND,0
RZND,1
SZND,1
TZND,1
UZND,1
VZND,1
WZND,1
XZND,0
YZND,0
ZZND,1
AAOD,1
BAOD,1
CAOD,1
DAOD,0
EAOD,1
FAOD,1
GAOD,1
HAOD,1
IAOD,1
JAOD,1
KAOD,1
LAOD,1
MAOD,1
NAOD,1
OAOD,1
PAOD,1
QAOD,1
RAOD,1
SAOD,1
TAOD,1
UAOD,1
VAOD,1
WAOD,0
XAOD,1
YAOD,1
ZAOD,1
ABOD,0
BBOD,1
CBOD,1
DBOD,1
EBOD,1
FBOD,1
GBOD,1
HBOD,1
IBOD,0
JBOD,0
KBOD,0
LBOD,0
MBOD,0
NBOD,0
OBOD,0
PBOD,0
QBOD,1
RBOD,0
SBOD,0
TBOD,0
UBOD,0
VBOD,0
WBOD,0
XBOD,0
YBOD,0
ZBOD,0
ACOD,0
BCOD,0
CCOD,0
DCOD,0
ECOD,0
FCOD,0
GCOD,0
HCOD,0
ICOD,0
JCOD,0
KCOD,0
LCOD,0
MCOD,0
NCOD,0
OCOD,0
PCOD,0
QCOD,0
RCOD,0
SCOD,0
TCOD,1
UCOD,1
VCOD,1
WCOD,1
XCOD,1
YCOD,1
ZCOD,1
ADOD,1
BDOD,1
CDOD,1
DDOD,1
EDOD,0
FDOD,1
GDOD,1
HDOD,1
IDOD,1
JDOD,0
KDOD,1
LDOD,1
MDOD,1
NDOD,1
ODOD,0
PDOD,1
QDOD,1
RDOD,1
SDOD,1
TDOD,1
UDOD,1
VDOD,1
WDOD,1
XDOD,0
YDOD,1
ZDOD,1
AEOD,1
BEOD,1
CEOD,1
DEOD,1
EEOD,1
FEOD,1
GEOD,1
HEOD,1
IEOD,1
JEOD,1
KEOD,1
LEOD,0
MEOD,1
NEOD,1
OEOD,1
PEOD,1
QEOD,1
REOD,1
SEOD,1
TEOD,1
UEOD,1
VEOD,1
WEOD,1
XEOD,1
YEOD,1
ZEOD,1
AFOD,1
BFOD,1
CFOD,1
DFOD,1
EFOD,1
FFOD,1
GFOD,1
HFOD,0
IFOD,1
JFOD,1
KFOD,1
LFOD,1
MFOD,1
NFOD,1
OFOD,1
PFOD,1
QFOD,1
RFOD,1
SFOD,1
TFOD,0
UFOD,1
VFOD,0
WFOD,0
XFOD,0
YFOD,0
ZFOD,0
AGOD,0
BGOD,0
CGOD,0
DGOD,0
EGOD,0
FGOD,0
GGOD,0
HGOD,0
IGOD,0
JGOD,0
KGOD,0
LGOD,0
MGOD,0
NGOD,0
OGOD,0
PGOD,0
QGOD,0
RGOD,0
SGOD,0
TGOD,0
UGOD,0
VGOD,0
WGOD,0
XGOD,0
YGOD,0
ZGOD,0
AHOD,0
BHOD,0
CHOD,0
DHOD,0
EHOD,0
FHOD,0
GHOD,0
HHOD,0
IHOD,0
JHOD,0
KHOD,0
LHOD,0
MHOD,0
NHOD,0
OHOD,0
PHOD,0
QHOD,0
RHOD,0
SHOD,0
THOD,0
UHOD,0
VHOD,0
WHOD,0
XHOD,0
YHOD,0
ZHOD,0
AIOD,0
BIOD,0
CIOD,0
DIOD,0
EIOD,1
FIOD,1
GIOD,1
HIOD,1
IIOD,1
JIOD,1
KIOD,1
LIOD,1
MIOD,1
NIOD,1
OIOD,1
PIOD,1
QIOD,0
RIOD,1
SIOD,1
TIOD,1
UIOD,1
VIOD,1
WIOD,1
XIOD,1
YIOD,1
ZIOD,1
AJOD,1
BJOD,1
CJOD,1
DJOD,1
EJOD,1
FJOD,1
GJOD,0
HJOD,1
IJOD,1
JJOD,1
KJOD,1
LJOD,1
MJOD,1
NJOD,1
OJOD,1
PJOD,1
QJOD,1
RJOD,1
SJOD,1
TJOD,1
UJOD,1
VJOD,0
WJOD,1
XJOD,1
YJOD,1
ZJOD,0
AKOD,1
BKOD,1
CKOD,0
DKOD,1
EKOD,1
FKOD,1
GKOD,1
HKOD,1
IKOD,1
JKOD,1
KKOD,0
LKOD,1
MKOD,1
NKOD,0
OKOD,1
PKOD,0
QKOD,1
RKOD,1
SKOD,0
TKOD,1
UKOD,1
VKOD,0
WKOD,1
XKOD,1
YKOD,1
ZKOD,1
ALOD,1
BLOD,1
CLOD,1
DLOD,1
ELOD,1
FLOD,1
GLOD,0
HLOD,0
ILOD,0
JLOD,0
KLOD,0
LLOD,0
MLOD,1
NLOD,1
OLOD,0
PLOD,0
QLOD,0
RLOD,0
SLOD,1
TLOD,1
ULOD,1
VLOD,0
WLOD,1
XLOD,1
YLOD,1
ZLOD,1
AMOD,1
BMOD,1
CMOD,0
DMOD,1
EMOD,1
FMOD,1
GMOD,1
HMOD,1
IMOD,0
JMOD,1
KMOD,1
LMOD,1
MMOD,0
NMOD,1
OMOD,1
PMOD,1
QMOD,1
RMOD,1
SMOD,0
TMOD,1
UMOD,1
VMOD,1
WMOD,1
XMOD,1
YMOD,1
ZMOD,1
ANOD,1
BNOD,1
CNOD,1
DNOD,1
ENOD,1
FNOD,1
GNOD,0
HNOD,0
INOD,1
JNOD,1
KNOD,1
LNOD,1
MNOD,1
NNOD,1
ONOD,1
PNOD,0
QNOD,1
RNOD,1
SNOD,0
TNOD,1
UNOD,1
VNOD,1
WNOD,1
XNOD,1
YNOD,0
ZNOD,1
AOOD,1
BOOD,1
COOD,0
DOOD,0
EOOD,0
FOOD,0
GOOD,0
HOOD,0
IOOD,0
JOOD,0
KOOD,0
LOOD,0
MOOD,0
NOOD,0
OOOD,1
POOD,1
QOOD,1
ROOD,1
SOOD,1
TOOD,1
UOOD,0
VOOD,0
WOOD,1
XOOD,1
YOOD,0
ZOOD,1
APOD,0
BPOD,1
CPOD,1
DPOD,0
EPOD,1
FPOD,1
GPOD,1
HPOD,1
IPOD,1
JPOD,1
KPOD,0
LPOD,1
MPOD,1
NPOD,1
OPOD,1
PPOD,1
QPOD,1
RPOD,1
SPOD,0
TPOD,1
UPOD,1
VPOD,1
WPOD,1
XPOD,0
YPOD,1
ZPOD,1
AQOD,1
BQOD,1
CQOD,0
DQOD,1
EQOD,0
FQOD,1
GQOD,1
HQOD,1
IQOD,1
JQOD,1
KQOD,0
LQOD,1
MQOD,1
NQOD,1
OQOD,1
PQOD,0
QQOD,1
RQOD,0
SQOD,1
TQOD,1
UQOD,0
VQOD,0
WQOD,1
XQOD,0
YQOD,1
ZQOD,1
AROD,0
BROD,1
CROD,1
DROD,1
EROD,1
FROD,1
GROD,1
HROD,1
IROD,1
JROD,1
KROD,1
LROD,1
MROD,1
NROD,0
OROD,0
PROD,0
QROD,1
RROD,1
SROD,1
TROD,1
UROD,1
VROD,1
WROD,1
XROD,1
YROD,0
ZROD,1
ASOD,1
BSOD,0
CSOD,1
DSOD,1
ESOD,1
FSOD,0
GSOD,0
HSOD,0
ISOD,0
JSOD,0
KSOD,1
LSOD,1
MSOD,1
NSOD,1
OSOD,1
PSOD,1
QSOD,1
RSOD,1
SSOD,1
TSOD,1
USOD,0
VSOD,0
WSOD,1
XSOD,0
YSOD,1
ZSOD,1
ATOD,1
BTOD,1
CTOD,1
DTOD,1
ETOD,0
FTOD,1
GTOD,0
HTOD,1
ITOD,0
JTOD,0
KTOD,0
LTOD,0
MTOD,0
NTOD,0
OTOD,0
PTOD,0
QTOD,0
RTOD,0
STOD,0
TTOD,0
UTOD,1
VTOD,0
WTOD,0
XTOD,0
YTOD,0
ZTOD,1
AUOD,1
BUOD,1
CUOD,1
DUOD,1
EUOD,1
FUOD,1
GUOD,1
HUOD,1
IUOD,0
JUOD,1
KUOD,1
LUOD,1
MUOD,1
NUOD,1
OUOD,1
PUOD,1
QUOD,1
RUOD,1
SUOD,1
TUOD,1
UUOD,1
VUOD,1
WUOD,0
XUOD,0
YUOD,0
ZUOD,1
AVOD,1
BVOD,1
CVOD,1
DVOD,0
EVOD,0
FVOD,0
GVOD,0
HVOD,0
IVOD,0
JVOD,0
KVOD,0
LVOD,0
MVOD,0
NVOD,1
OVOD,0
PVOD,0
QVOD,0
RVOD,0
SVOD,0
TVOD,0
UVOD,0
VVOD,0
WVOD,0
XVOD,0
YVOD,0
ZVOD,0
AWOD,0
BWOD,0
CWOD,0
DWOD,0
EWOD,0
FWOD,0
GWOD,0
HWOD,0
IWOD,0
JWOD,0
KWOD,0
LWOD,0
MWOD,0
NWOD,0
OWOD,0
PWOD,0
QWOD,0
RWOD,1
SWOD,1
TWOD,1
UWOD,1
VWOD,1
WWOD,1
XWOD,1
YWOD,1
ZWOD,1
AXOD,1
BXOD,1
CXOD,1
DXOD,0
EXOD,1
FXOD,1
GXOD,1
HXOD,1
IXOD,1
JXOD,1
KXOD,1
LXOD,1
MXOD,1
NXOD,1
OXOD,0
PXOD,1
QXOD,1
RXOD,1
SXOD,1
TXOD,1
UXOD,1
VXOD,1
WXOD,1
XXOD,1
YXOD,1
ZXOD,1
AYOD,0
BYOD,1
CYOD,1
DYOD,1
EYOD,1
FYOD,0
GYOD,1
HYOD,1
IYOD,1
JYOD,1
KYOD,1
LYOD,1
MYOD,1
NYOD,1
OYOD,1
PYOD,1
QYOD,1
RYOD,1
SYOD,1
TYOD,0
UYOD,1
VYOD,1
WYOD,1
XYOD,1
YYOD,1
ZYOD,1
AZOD,1
BZOD,1
CZOD,1
DZOD,1
EZOD,1
FZOD,1
GZOD,1
HZOD,1
IZOD,1
JZOD,1
KZOD,1
LZOD,0
MZOD,1
NZOD,1
OZOD,1
PZOD,1
QZOD,1
RZOD,1
SZOD,1
TZOD,1
UZOD,1
VZOD,1
WZOD,1
XZOD,1
YZOD,1
ZZOD,0
AAPD,0
BAPD,0
CAPD,1
DAPD,1
EAPD,1
FAPD,1
GAPD,1
HAPD,0
IAPD,0
JAPD,0
KAPD,0
LAPD,0
MAPD,0
NAPD,0
OAPD,0
PAPD,0
QAPD,0
RAPD,0
SAPD,0
TAPD,0
UAPD,0
VAPD,0
WAPD,0
XAPD,0
YAPD,0
ZAPD,0
ABPD,0
BBPD,0
CBPD,0
DBPD,0
EBPD,0
FBPD,0
GBPD,0
HBPD,0
IBPD,0
JBPD,0
KBPD,0
LBPD,0
MBPD,0
NBPD,0
OBPD,0
PBPD,0
QBPD,0
RBPD,0
SBPD,0
TBPD,0
UBPD,0
VBPD,0
WBPD,0
XBPD,0
YBPD,0
ZBPD,0
ACPD,0
BCPD,0
CCPD,0
DCPD,0
ECPD,0
FCPD,0
GCPD,0
HCPD,1
ICPD,1
JCPD,1
KCPD,1
LCPD,1
MCPD,1
NCPD,1
OCPD,0
PCPD,1
QCPD,1
RCPD,1
SCPD,1
TCPD,1
UCPD,1
VCPD,1
WCPD,1
XCPD,1
YCPD,1
ZCPD,1
ADPD,1
BDPD,1
CDPD,0
DDPD,0
EDPD,1
FDPD,1
GDPD,1
HDPD,1
IDPD,1
JDPD,1
KDPD,1
LDPD,1
MDPD,1
NDPD,0
ODPD,1
PDPD,1
QDPD,1
RDPD,1
SDPD,0
TDPD,1
UDPD,1
VDPD,1
WDPD,1
XDPD,1
YDPD,1
ZDPD,1
AEPD,0
BEPD,1
CEPD,1
DEPD,1
EEPD,1
FEPD,1
GEPD,1
HEPD,0
IEPD,1
JEPD,1
KEPD,1
LEPD,1
MEPD,1
NEPD,1
OEPD,1
PEPD,1
QEPD,1
REPD,1
SEPD,1
TEPD,0
UEPD,1
VEPD,1
WEPD,1
XEPD,1
YEPD,1
ZEPD,1
AFPD,1
BFPD,1
CFPD,1
DFPD,0
EFPD,1
FFPD,1
GFPD,0
HFPD,1
IFPD,1
JFPD,1
KFPD,1
LFPD,1
MFPD,0
NFPD,0
OFPD,0
PFPD,0
QFPD,0
RFPD,1
SFPD,0
TFPD,0
UFPD,1
VFPD,1
WFPD,0
XFPD,1
YFPD,1
ZFPD,1
AGPD,1
BGPD,1
CGPD,1
DGPD,1
EGPD,1
FGPD,1
GGPD,1
HGPD,1
IGPD,1
JGPD,1
KGPD,1
LGPD,1
MGPD,0
NGPD,1
OGPD,1
PGPD,1
QGPD,0
RGPD,1
SGPD,1
TGPD,1
UGPD,1
VGPD,1
WGPD,1
XGPD,1
YGPD,1
ZGPD,1
AHPD,1
BHPD,1
CHPD,0
DHPD,1
EHPD,0
FHPD,1
GHPD,1
HHPD,1
IHPD,0
JHPD,1
KHPD,1
LHPD,1
MHPD,1
NHPD,1
OHPD,1
PHPD,1
QHPD,1
RHPD,1
SHPD,1
THPD,1
UHPD,1
VHPD,0
WHPD,0
XHPD,1
YHPD,1
ZHPD,1
AIPD,1
BIPD,1
CIPD,1
DIPD,1
EIPD,1
FIPD,0
GIPD,1
HIPD,0
IIPD,1
JIPD,1
KIPD,1
LIPD,1
MIPD,1
NIPD,1
OIPD,1
PIPD,1
QIPD,1
RIPD,1
SIPD,1
TIPD,1
UIPD,1
VIPD,1
WIPD,0
XIPD,1
YIPD,1
ZIPD,0
AJPD,0
BJPD,1
CJPD,1
DJPD,1
EJPD,1
FJPD,0
GJPD,1
HJPD,1
IJPD,1
JJPD,0
KJPD,1
LJPD,0
MJPD,1
NJPD,0
OJPD,1
PJPD,1
QJPD,1
RJPD,1
SJPD,1
TJPD,0
UJPD,1
VJPD,1
WJPD,1
XJPD,1
YJPD,1
ZJPD,1
AKPD,0
BKPD,1
CKPD,1
DKPD,1
EKPD,1
FKPD,1
GKPD,1
HKPD,1
IKPD,1
JKPD,1
KKPD,1
LKPD,1
MKPD,1
NKPD,1
OKPD,1
PKPD,1
QKPD,1
RKPD,1
SKPD,1
TKPD,1
UKPD,0
VKPD,1
WKPD,0
XKPD,1
YKPD,1
ZKPD,1
ALPD,1
BLPD,1
CLPD,1
DLPD,0
ELPD,1
FLPD,1
GLPD,1
HLPD,0
ILPD,1
JLPD,1
KLPD,1
LLPD,0
MLPD,1
NLPD,1
OLPD,1
PLPD,1
QLPD,1
RLPD,0
SLPD,1
TLPD,0
ULPD,1
VLPD,1
WLPD,1
XLPD,1
YLPD,1
ZLPD,1
AMPD,1
BMPD,1
CMPD,1
DMPD,0
EMPD,1
FMPD,1
GMPD,1
HMPD,1
IMPD,1
JMPD,0
KMPD,0
LMPD,1
MMPD,0
NMPD,1
OMPD,1
PMPD,1
QMPD,1
RMPD,0
SMPD,0
TMPD,0
UMPD,0
VMPD,0
WMPD,1
XMPD,1
YMPD,1
ZMPD,1
ANPD,1
BNPD,1
CNPD,1
DNPD,1
ENPD,1
FNPD,1
GNPD,1
HNPD,1
INPD,1
JNPD,0
KNPD,1
LNPD,1
MNPD,1
NNPD,1
ONPD,1
PNPD,1
QNPD,1
RNPD,1
SNPD,1
TNPD,1
UNPD,0
VNPD,1
WNPD,0
XNPD,1
YNPD,1
ZNPD,1
AOPD,1
BOPD,1
COPD,1
DOPD,1
EOPD,1
FOPD,1
GOPD,1
HOPD,1
IOPD,0
JOPD,0
KOPD,0
LOPD,1
MOPD,1
NOPD,1
OOPD,0
POPD,1
QOPD,1
ROPD,1
SOPD,1
TOPD,1
UOPD,1
VOPD,1
WOPD,1
XOPD,1
YOPD,1
ZOPD,1
APPD,1
BPPD,1
CPPD,1
DPPD,1
EPPD,0
FPPD,0
GPPD,0
HPPD,0
IPPD,0
JPPD,0
KPPD,0
LPPD,0
MPPD,0
NPPD,0
OPPD,0
PPPD,0
QPPD,1
RPPD,1
SPPD,1
TPPD,1
UPPD,1
VPPD,1
WPPD,0
XPPD,1
YPPD,1
ZPPD,1
AQPD,1
BQPD,1
CQPD,1
DQPD,1
EQPD,1
FQPD,1
GQPD,1
HQPD,1
IQPD,1
JQPD,0
KQPD,1
LQPD,1
MQPD,1
NQPD,1
OQPD,1
PQPD,1
QQPD,1
RQPD,1
SQPD,1
TQPD,1
UQPD,0
VQPD,0
WQPD,1
XQPD,1
YQPD,1
ZQPD,1
ARPD,1
BRPD,1
CRPD,1
DRPD,1
ERPD,1
FRPD,1
GRPD,1
HRPD,1
IRPD,1
JRPD,1
KRPD,1
LRPD,1
MRPD,1
NRPD,1
ORPD,1
PRPD,1
QRPD,1
RRPD,1
SRPD,1
TRPD,1
URPD,0
VRPD,0
WRPD,1
XRPD,1
YRPD,1
ZRPD,1
ASPD,1
BSPD,1
CSPD,1
DSPD,1
ESPD,1
FSPD,1
GSPD,1
HSPD,1
ISPD,1
JSPD,0
KSPD,1
LSPD,1
MSPD,1
NSPD,1
OSPD,1
PSPD,1
QSPD,1
RSPD,1
SSPD,1
TSPD,1
USPD,1
VSPD,1
WSPD,1
XSPD,1
YSPD,1
ZSPD,1
ATPD,0
BTPD,0
CTPD,0
DTPD,1
ETPD,1
FTPD,1
GTPD,1
HTPD,0
ITPD,1
JTPD,1
KTPD,0
LTPD,1
MTPD,0
NTPD,1
OTPD,1
PTPD,0
QTPD,0
RTPD,0
STPD,0
TTPD,0
UTPD,0
VTPD,0
WTPD,0
XTPD,0
YTPD,0
ZTPD,0
AUPD,0
BUPD,0
CUPD,0
DUPD,0
EUPD,0
FUPD,0
GUPD,0
HUPD,0
IUPD,0
JUPD,0
KUPD,0
LUPD,0
MUPD,0
NUPD,0
OUPD,0
PUPD,0
QUPD,0
RUPD,0
SUPD,0
TUPD,0
UUPD,0
VUPD,0
WUPD,0
XUPD,0
YUPD,0
ZUPD,0
AVPD,0
BVPD,1
CVPD,1
DVPD,1
EVPD,1
FVPD,0
GVPD,1
HVPD,1
IVPD,1
JVPD,1
KVPD,1
LVPD,1
MVPD,0
NVPD,1
OVPD,1
PVPD,0
QVPD,1
RVPD,1
SVPD,1
TVPD,1
UVPD,1
VVPD,1
WVPD,1
XVPD,1
YVPD,1
ZVPD,1
AWPD,1
BWPD,1
CWPD,1
DWPD,1
EWPD,1
FWPD,0
GWPD,0
HWPD,1
IWPD,0
JWPD,1
KWPD,0
LWPD,0
MWPD,0
NWPD,0
OWPD,0
PWPD,0
QWPD,0
RWPD,0
SWPD,0
TWPD,0
UWPD,0
VWPD,0
WWPD,0
XWPD,0
YWPD,0
ZWPD,0
AXPD,0
BXPD,0
CXPD,0
DXPD,0
EXPD,0
FXPD,0
GXPD,0
HXPD,0
IXPD,0
JXPD,0
KXPD,0
LXPD,0
MXPD,0
NXPD,0
OXPD,1
PXPD,1
QXPD,1
RXPD,1
SXPD,1
TXPD,1
UXPD,1
VXPD,1
WXPD,1
XXPD,1
YXPD,1
ZXPD,1
AYPD,1
BYPD,1
CYPD,1
DYPD,1
EYPD,1
FYPD,1
GYPD,1
HYPD,1
IYPD,1
JYPD,1
KYPD,0
LYPD,1
MYPD,1
NYPD,1
OYPD,1
PYPD,1
QYPD,1
RYPD,1
SYPD,1
TYPD,1
UYPD,1
VYPD,1
WYPD,1
XYPD,1
YYPD,1
ZYPD,1
AZPD,1
BZPD,1
CZPD,1
DZPD,1
EZPD,1
FZPD,1
GZPD,1
HZPD,1
IZPD,1
JZPD,1
KZPD,1
LZPD,1
MZPD,1
NZPD,0
OZPD,1
PZPD,0
QZPD,1
RZPD,1
SZPD,1
TZPD,1
UZPD,1
VZPD,1
WZPD,1
XZPD,0
YZPD,1
ZZPD,0
AAQD,0
BAQD,1
CAQD,1
DAQD,1
EAQD,1
FAQD,0
GAQD,1
HAQD,1
IAQD,0
JAQD,0
KAQD,0
LAQD,1
MAQD,1
NAQD,1
OAQD,0
PAQD,1
QAQD,0
RAQD,0
SAQD,0
TAQD,0
UAQD,0
VAQD,1
WAQD,0
XAQD,0
YAQD,0
ZAQD,0
ABQD,0
BBQD,1
CBQD,1
DBQD,1
EBQD,1
FBQD,1
GBQD,1
HBQD,1
IBQD,1
JBQD,1
KBQD,1
LBQD,1
MBQD,1
NBQD,1
OBQD,1
PBQD,1
QBQD,1
RBQD,1
SBQD,1
TBQD,1
UBQD,1
VBQD,1
WBQD,1
XBQD,1
YBQD,1
ZBQD,1
ACQD,0
BCQD,1
CCQD,1
DCQD,1
ECQD,1
FCQD,1
GCQD,1
HCQD,1
ICQD,1
JCQD,1
KCQD,1
LCQD,1
MCQD,1
NCQD,1
OCQD,0
PCQD,1
QCQD,0
RCQD,1
SCQD,1
TCQD,0
UCQD,1
VCQD,1
WCQD,0
XCQD,1
YCQD,1
ZCQD,1
ADQD,1
BDQD,1
CDQD,1
DDQD,0
EDQD,1
FDQD,1
GDQD,1
HDQD,0
IDQD,0
JDQD,1
KDQD,1
LDQD,1
MDQD,1
NDQD,0
ODQD,1
PDQD,1
QDQD,1
RDQD,1
SDQD,0
TDQD,1
UDQD,1
VDQD,1
WDQD,0
XDQD,1
YDQD,1
ZDQD,1
AEQD,0
BEQD,1
CEQD,1
DEQD,1
EEQD,1
FEQD,1
GEQD,1
HEQD,0
IEQD,1
JEQD,0
KEQD,1
LEQD,1
MEQD,1
NEQD,1
OEQD,0
PEQD,1
QEQD,1
REQD,0
SEQD,1
TEQD,1
UEQD,1
VEQD,1
WEQD,1
XEQD,1
YEQD,1
ZEQD,1
AFQD,1
BFQD,1
CFQD,1
DFQD,0
EFQD,1
FFQD,1
GFQD,1
HFQD,1
IFQD,0
JFQD,1
KFQD,1
LFQD,1
MFQD,1
NFQD,1
OFQD,1
PFQD,1
QFQD,1
RFQD,1
SFQD,1
TFQD,1
UFQD,1
VFQD,1
WFQD,1
XFQD,1
YFQD,0
ZFQD,1
AGQD,1
BGQD,1
CGQD,1
DGQD,1
EGQD,1
FGQD,1
GGQD,1
HGQD,1
IGQD,1
JGQD,1
KGQD,1
LGQD,0
MGQD,1
NGQD,1
OGQD,1
PGQD,1
QGQD,1
RGQD,1
SGQD,1
TGQD,1
UGQD,1
VGQD,1
WGQD,0
XGQD,1
YGQD,1
ZGQD,1
AHQD,1
BHQD,1
CHQD,1
DHQD,0
EHQD,1
FHQD,1
GHQD,1
HHQD,1
IHQD,1
JHQD,1
KHQD,1
LHQD,1
MHQD,1
NHQD,1
OHQD,1
PHQD,0
QHQD,0
RHQD,0
SHQD,1
THQD,1
UHQD,0
VHQD,1
WHQD,1
XHQD,1
YHQD,1
ZHQD,1
AIQD,1
BIQD,1
CIQD,0
DIQD,0
EIQD,1
FIQD,1
GIQD,1
HIQD,1
IIQD,1
JIQD,1
KIQD,1
LIQD,1
MIQD,1
NIQD,1
OIQD,1
PIQD,1
QIQD,1
RIQD,1
SIQD,1
TIQD,0
UIQD,0
VIQD,0
WIQD,0
XIQD,0
YIQD,0
ZIQD,0
AJQD,0
BJQD,0
CJQD,0
DJQD,0
EJQD,1
FJQD,1
GJQD,1
HJQD,1
IJQD,1
JJQD,1
KJQD,1
LJQD,1
MJQD,1
NJQD,1
OJQD,1
PJQD,1
QJQD,1
RJQD,1
SJQD,1
TJQD,1
UJQD,1
VJQD,1
WJQD,1
XJQD,1
YJQD,1
ZJQD,1
AKQD,1
BKQD,1
CKQD,1
DKQD,1
EKQD,1
FKQD,0
GKQD,1
HKQD,1
IKQD,1
JKQD,0
KKQD,0
LKQD,0
MKQD,0
NKQD,0
OKQD,0
PKQD,1
QKQD,0
RKQD,0
SKQD,1
TKQD,1
UKQD,1
VKQD,1
WKQD,1
XKQD,1
YKQD,1
ZKQD,1
ALQD,1
BLQD,1
CLQD,0
DLQD,1
ELQD,1
FLQD,0
GLQD,1
HLQD,0
ILQD,1
JLQD,1
KLQD,1
LLQD,1
MLQD,1
NLQD,1
OLQD,1
PLQD,1
QLQD,1
RLQD,1
SLQD,1
TLQD,1
ULQD,1
VLQD,1
WLQD,1
XLQD,1
YLQD,1
ZLQD,1
AMQD,1
BMQD,1
CMQD,1
DMQD,0
EMQD,0
FMQD,0
GMQD,1
HMQD,1
IMQD,1
JMQD,0
KMQD,1
LMQD,1
MMQD,1
NMQD,1
OMQD,1
PMQD,1
QMQD,1
RMQD,1
SMQD,1
TMQD,1
UMQD,1
VMQD,1
WMQD,1
XMQD,1
YMQD,1
ZMQD,1
ANQD,0
BNQD,1
CNQD,1
DNQD,1
ENQD,1
FNQD,1
GNQD,1
HNQD,1
INQD,1
JNQD,1
KNQD,0
LNQD,1
MNQD,1
NNQD,1
ONQD,1
PNQD,1
QNQD,1
RNQD,1
SNQD,1
TNQD,1
UNQD,0
VNQD,1
WNQD,1
XNQD,0
YNQD,1
ZNQD,0
AOQD,0
BOQD,0
COQD,0
DOQD,0
EOQD,0
FOQD,0
GOQD,0
HOQD,0
IOQD,0
JOQD,0
KOQD,0
LOQD,0
MOQD,0
NOQD,0
OOQD,0
POQD,0
QOQD,0
ROQD,1
SOQD,1
TOQD,1
UOQD,1
VOQD,1
WOQD,1
XOQD,1
YOQD,1
ZOQD,1
APQD,0
BPQD,0
CPQD,1
DPQD,1
EPQD,1
FPQD,1
GPQD,1
HPQD,1
IPQD,1
JPQD,1
KPQD,1
LPQD,1
MPQD,1
NPQD,1
OPQD,1
PPQD,1
QPQD,1
RPQD,1
SPQD,1
TPQD,1
UPQD,1
VPQD,1
WPQD,1
XPQD,1
YPQD,0
ZPQD,1
AQQD,1
BQQD,1
CQQD,1
DQQD,1
EQQD,1
FQQD,1
GQQD,1
HQQD,1
IQQD,1
JQQD,0
KQQD,1
LQQD,1
MQQD,1
NQQD,1
OQQD,1
PQQD,1
QQQD,1
RQQD,1
SQQD,1
TQQD,1
UQQD,1
VQQD,1
WQQD,1
XQQD,1
YQQD,1
ZQQD,0
ARQD,1
BRQD,1
CRQD,1
DRQD,1
ERQD,0
FRQD,0
GRQD,1
HRQD,0
IRQD,0
JRQD,0
KRQD,0
LRQD,0
MRQD,0
NRQD,0
ORQD,1
PRQD,1
QRQD,0
RRQD,0
SRQD,1
TRQD,1
URQD,1
VRQD,1
WRQD,1
XRQD,0
YRQD,0
ZRQD,1
ASQD,1
BSQD,1
CSQD,1
DSQD,1
ESQD,0
FSQD,0
GSQD,1
HSQD,0
ISQD,1
JSQD,1
KSQD,1
LSQD,1
MSQD,1
NSQD,1
OSQD,0
PSQD,1
QSQD,1
RSQD,1
SSQD,0
TSQD,1
USQD,1
VSQD,1
WSQD,1
XSQD,1
YSQD,1
ZSQD,0
ATQD,1
BTQD,1
CTQD,1
DTQD,1
ETQD,1
FTQD,1
GTQD,1
HTQD,1
ITQD,1
JTQD,0
KTQD,1
LTQD,1
MTQD,1
NTQD,1
OTQD,1
PTQD,1
QTQD,1
RTQD,1
STQD,1
TTQD,0
UTQD,1
VTQD,1
WTQD,0
XTQD,1
YTQD,1
ZTQD,1
AUQD,1
BUQD,1
CUQD,1
DUQD,1
EUQD,0
FUQD,1
GUQD,1
HUQD,1
IUQD,1
JUQD,1
KUQD,1
LUQD,1
MUQD,1
NUQD,1
OUQD,1
PUQD,1
QUQD,1
RUQD,1
SUQD,1
TUQD,0
UUQD,0
VUQD,0
WUQD,0
XUQD,0
YUQD,1
ZUQD,1
AVQD,1
BVQD,1
CVQD,1
DVQD,1
EVQD,1
FVQD,1
GVQD,1
HVQD,1
IVQD,1
JVQD,1
KVQD,1
LVQD,0
MVQD,1
NVQD,1
OVQD,1
PVQD,1
QVQD,1
RVQD,1
SVQD,1
TVQD,1
UVQD,1
VVQD,1
WVQD,1
XVQD,1
YVQD,1
ZVQD,1
AWQD,1
BWQD,1
CWQD,1
DWQD,1
EWQD,1
FWQD,1
GWQD,1
HWQD,1
IWQD,1
JWQD,1
KWQD,0
LWQD,0
MWQD,1
NWQD,1
OWQD,0
PWQD,1
QWQD,1
RWQD,1
SWQD,0
TWQD,1
UWQD,1
VWQD,1
WWQD,1
XWQD,1
YWQD,1
ZWQD,1
AXQD,1
BXQD,0
CXQD,0
DXQD,0
EXQD,1
FXQD,1
GXQD,1
HXQD,1
IXQD,1
JXQD,1
KXQD,1
LXQD,0
MXQD,1
NXQD,1
OXQD,1
PXQD,1
QXQD,1
RXQD,1
SXQD,1
TXQD,1
UXQD,1
VXQD,1
WXQD,1
XXQD,0
YXQD,1
ZXQD,1
AYQD,0
BYQD,1
CYQD,0
DYQD,1
EYQD,1
FYQD,1
GYQD,1
HYQD,1
IYQD,1
JYQD,1
KYQD,1
LYQD,1
MYQD,1
NYQD,1
OYQD,1
PYQD,0
QYQD,1
RYQD,1
SYQD,1
TYQD,1
UYQD,1
VYQD,1
WYQD,1
XYQD,1
YYQD,1
ZYQD,1
AZQD,0
BZQD,1
CZQD,1
DZQD,1
EZQD,1
FZQD,1
GZQD,1
HZQD,1
IZQD,1
JZQD,1
KZQD,0
LZQD,0
MZQD,0
NZQD,0
OZQD,1
PZQD,1
QZQD,1
RZQD,1
SZQD,1
TZQD,1
UZQD,1
VZQD,1
WZQD,1
XZQD,1
YZQD,1
ZZQD,1
AARD,1
BARD,1
CARD,1
DARD,0
EARD,0
FARD,0
GARD,0
HARD,1
IARD,0
JARD,1
KARD,1
LARD,1
MARD,1
NARD,1
OARD,1
PARD,1
QARD,1
RARD,1
SARD,0
TARD,0
UARD,1
VARD,1
WARD,1
XARD,1
YARD,1
ZARD,1
ABRD,1
BBRD,1
CBRD,1
DBRD,1
EBRD,1
FBRD,0
GBRD,0
HBRD,1
IBRD,1
JBRD,1
KBRD,1
LBRD,0
MBRD,1
NBRD,1
OBRD,0
PBRD,0
QBRD,1
RBRD,0
SBRD,0
TBRD,0
UBRD,0
VBRD,0
WBRD,0
XBRD,0
YBRD,0
ZBRD,1
ACRD,1
BCRD,1
CCRD,1
DCRD,0
ECRD,1
FCRD,1
GCRD,1
HCRD,1
ICRD,0
JCRD,1
KCRD,1
LCRD,1
MCRD,1
NCRD,1
OCRD,1
PCRD,1
QCRD,1
RCRD,1
SCRD,1
TCRD,1
UCRD,1
VCRD,1
WCRD,1
XCRD,0
YCRD,1
ZCRD,1
ADRD,1
BDRD,1
CDRD,1
DDRD,1
EDRD,1
FDRD,1
GDRD,1
HDRD,1
IDRD,1
JDRD,1
KDRD,1
LDRD,1
MDRD,1
NDRD,1
ODRD,1
PDRD,1
QDRD,1
RDRD,1
SDRD,1
TDRD,0
UDRD,1
VDRD,1
WDRD,0
XDRD,1
YDRD,0
ZDRD,1
AERD,1
BERD,1
CERD,1
DERD,1
EERD,1
FERD,0
GERD,1
HERD,0
IERD,0
JERD,0
KERD,0
LERD,0
MERD,0
NERD,0
OERD,0
PERD,0
QERD,0
RERD,0
SERD,0
TERD,1
UERD,0
VERD,1
WERD,1
XERD,1
YERD,1
ZERD,1
AFRD,1
BFRD,1
CFRD,1
DFRD,1
EFRD,1
FFRD,1
GFRD,1
HFRD,1
IFRD,0
JFRD,1
KFRD,1
LFRD,1
MFRD,0
NFRD,1
OFRD,1
PFRD,1
QFRD,1
RFRD,1
SFRD,1
TFRD,1
UFRD,1
VFRD,1
WFRD,1
XFRD,1
YFRD,1
ZFRD,0
AGRD,1
BGRD,1
CGRD,1
DGRD,1
EGRD,0
FGRD,1
GGRD,1
HGRD,1
IGRD,1
JGRD,1
KGRD,1
LGRD,1
MGRD,1
NGRD,1
OGRD,1
PGRD,1
QGRD,1
RGRD,1
SGRD,1
TGRD,1
UGRD,1
VGRD,1
WGRD,1
XGRD,1
YGRD,0
ZGRD,0
AHRD,0
BHRD,1
CHRD,1
DHRD,1
EHRD,1
FHRD,1
GHRD,1
HHRD,1
IHRD,1
JHRD,1
KHRD,0
LHRD,1
MHRD,1
NHRD,1
OHRD,1
PHRD,1
QHRD,1
RHRD,1
SHRD,1
THRD,1
UHRD,1
VHRD,0
WHRD,0
XHRD,0
YHRD,0
ZHRD,0
AIRD,0
BIRD,0
CIRD,0
DIRD,0
EIRD,0
FIRD,0
GIRD,0
HIRD,1
IIRD,1
JIRD,1
KIRD,1
LIRD,1
MIRD,1
NIRD,1
OIRD,1
PIRD,1
QIRD,1
RIRD,1
SIRD,1
TIRD,1
UIRD,1
VIRD,1
WIRD,1
XIRD,1
YIRD,1
ZIRD,1
AJRD,0
BJRD,1
CJRD,1
DJRD,1
EJRD,1
FJRD,1
GJRD,1
HJRD,1
IJRD,1
JJRD,1
KJRD,1
LJRD,1
MJRD,1
NJRD,0
OJRD,1
PJRD,1
QJRD,1
RJRD,1
SJRD,1
TJRD,1
UJRD,1
VJRD,1
WJRD,1
XJRD,1
YJRD,1
ZJRD,1
AKRD,1
BKRD,1
CKRD,1
DKRD,1
EKRD,1
FKRD,1
GKRD,1
HKRD,1
IKRD,1
JKRD,1
KKRD,1
LKRD,1
MKRD,1
NKRD,0
OKRD,1
PKRD,1
QKRD,0
RKRD,1
SKRD,0
TKRD,1
UKRD,1
VKRD,1
WKRD,1
XKRD,1
YKRD,1
ZKRD,0
ALRD,1
BLRD,1
CLRD,1
DLRD,1
ELRD,1
FLRD,1
GLRD,1
HLRD,0
ILRD,1
JLRD,1
KLRD,1
LLRD,1
MLRD,1
NLRD,1
OLRD,1
PLRD,1
QLRD,1
RLRD,1
SLRD,1
TLRD,1
ULRD,1
VLRD,1
WLRD,1
XLRD,1
YLRD,1
ZLRD,0
AMRD,1
BMRD,1
CMRD,1
DMRD,1
EMRD,1
FMRD,1
GMRD,1
HMRD,0
IMRD,1
JMRD,1
KMRD,0
LMRD,1
MMRD,1
NMRD,1
OMRD,1
PMRD,1
QMRD,1
RMRD,1
SMRD,1
TMRD,0
UMRD,1
VMRD,1
WMRD,1
XMRD,0
YMRD,1
ZMRD,1
ANRD,1
BNRD,1
CNRD,1
DNRD,0
ENRD,0
FNRD,1
GNRD,1
HNRD,1
INRD,1
JNRD,1
KNRD,1
LNRD,1
MNRD,1
NNRD,1
ONRD,1
PNRD,1
QNRD,0
RNRD,1
SNRD,1
TNRD,1
UNRD,1
VNRD,1
WNRD,1
XNRD,1
YNRD,1
ZNRD,1
AORD,1
BORD,1
CORD,1
DORD,0
EORD,1
FORD,1
GORD,1
HORD,1
IORD,0
JORD,1
KORD,1
LORD,0
MORD,1
NORD,1
OORD,1
PORD,1
QORD,1
RORD,1
SORD,1
TORD,1
UORD,1
VORD,1
WORD,1
XORD,1
YORD,1
ZORD,0
APRD,1
BPRD,1
CPRD,0
DPRD,0
EPRD,0
FPRD,0
GPRD,0
HPRD,1
IPRD,1
JPRD,1
KPRD,1
LPRD,1
MPRD,0
NPRD,1
OPRD,1
PPRD,1
QPRD,0
RPRD,1
SPRD,1
TPRD,0
UPRD,0
VPRD,0
WPRD,0
XPRD,0
YPRD,0
ZPRD,1
AQRD,0
BQRD,0
CQRD,0
DQRD,1
EQRD,1
FQRD,1
GQRD,1
HQRD,1
IQRD,1
JQRD,1
KQRD,1
LQRD,1
MQRD,1
NQRD,1
OQRD,1
PQRD,1
QQRD,1
RQRD,1
SQRD,0
TQRD,1
UQRD,1
VQRD,1
WQRD,1
XQRD,1
YQRD,1
ZQRD,1
ARRD,1
BRRD,1
CRRD,0
DRRD,1
ERRD,0
FRRD,0
GRRD,1
HRRD,1
IRRD,1
JRRD,1
KRRD,1
LRRD,0
MRRD,1
NRRD,1
ORRD,1
PRRD,1
QRRD,1
RRRD,1
SRRD,1
TRRD,1
URRD,1
VRRD,1
WRRD,1
XRRD,0
YRRD,0
ZRRD,1
ASRD,1
BSRD,1
CSRD,1
DSRD,1
ESRD,0
FSRD,1
GSRD,1
HSRD,1
ISRD,1
JSRD,1
KSRD,1
LSRD,1
MSRD,1
NSRD,1
OSRD,1
PSRD,1
QSRD,1
RSRD,1
SSRD,0
TSRD,1
USRD,1
VSRD,1
WSRD,1
XSRD,0
YSRD,1
ZSRD,1
ATRD,1
BTRD,1
CTRD,1
DTRD,1
ETRD,1
FTRD,1
GTRD,1
HTRD,1
ITRD,1
JTRD,1
KTRD,1
LTRD,1
MTRD,1
NTRD,1
OTRD,0
PTRD,1
QTRD,1
RTRD,1
STRD,1
TTRD,1
UTRD,1
VTRD,1
WTRD,1
XTRD,1
YTRD,1
ZTRD,1
AURD,0
BURD,0
CURD,0
DURD,0
EURD,0
FURD,1
GURD,1
HURD,1
IURD,1
JURD,1
KURD,1
LURD,1
MURD,0
NURD,1
OURD,1
PURD,1
QURD,1
RURD,0
SURD,1
TURD,1
UURD,1
VURD,1
WURD,1
XURD,1
YURD,1
ZURD,1
AVRD,1
BVRD,1
CVRD,1
DVRD,1
EVRD,1
FVRD,1
GVRD,1
HVRD,1
IVRD,1
JVRD,1
KVRD,1
LVRD,1
MVRD,1
NVRD,1
OVRD,1
PVRD,1
QVRD,1
RVRD,1
SVRD,1
TVRD,1
UVRD,1
VVRD,1
WVRD,1
XVRD,1
YVRD,0
ZVRD,0
AWRD,1
BWRD,1
CWRD,1
DWRD,1
EWRD,1
FWRD,1
GWRD,0
HWRD,1
IWRD,1
JWRD,1
KWRD,1
LWRD,1
MWRD,1
NWRD,1
OWRD,0
PWRD,0
QWRD,1
RWRD,1
SWRD,0
TWRD,1
UWRD,1
VWRD,1
WWRD,1
XWRD,0
YWRD,1
ZWRD,1
AXRD,1
BXRD,1
CXRD,1
DXRD,1
EXRD,1
FXRD,1
GXRD,1
HXRD,1
IXRD,1
JXRD,1
KXRD,0
LXRD,1
MXRD,1
NXRD,1
OXRD,1
PXRD,1
QXRD,1
RXRD,1
SXRD,0
TXRD,1
UXRD,1
VXRD,1
WXRD,1
XXRD,0
YXRD,0
ZXRD,0
AYRD,0
BYRD,0
CYRD,1
DYRD,1
EYRD,1
FYRD,1
GYRD,0
HYRD,0
IYRD,0
JYRD,0
KYRD,0
LYRD,0
MYRD,0
NYRD,0
OYRD,0
PYRD,0
QYRD,0
RYRD,0
SYRD,0
TYRD,0
UYRD,0
VYRD,0
WYRD,0
XYRD,0
YYRD,0
ZYRD,0
AZRD,0
BZRD,0
CZRD,0
DZRD,0
EZRD,0
FZRD,0
GZRD,0
HZRD,0
IZRD,0
JZRD,0
KZRD,0
LZRD,0
MZRD,0
NZRD,0
OZRD,0
PZRD,0
QZRD,0
RZRD,0
SZRD,0
TZRD,0
UZRD,0
VZRD,0
WZRD,0
XZRD,0
YZRD,0
ZZRD,0
AASD,0
BASD,0
CASD,0
DASD,0
EASD,0
FASD,0
GASD,0
HASD,0
IASD,0
JASD,0
KASD,0
LASD,0
MASD,0
NASD,0
OASD,0
PASD,0
QASD,0
RASD,0
SASD,0
TASD,0
UASD,0
VASD,0
WASD,0
XASD,0
YASD,0
ZASD,0
ABSD,0
BBSD,0
CBSD,0
DBSD,0
EBSD,0
FBSD,0
GBSD,0
HBSD,1
IBSD,0
JBSD,0
KBSD,0
LBSD,0
MBSD,0
NBSD,0
OBSD,0
PBSD,0
QBSD,0
RBSD,0
SBSD,0
TBSD,0
UBSD,0
VBSD,0
WBSD,0
XBSD,0
YBSD,0
ZBSD,0
ACSD,0
BCSD,0
CCSD,0
DCSD,1
ECSD,1
FCSD,0
GCSD,1
HCSD,1
ICSD,1
JCSD,1
KCSD,1
LCSD,1
MCSD,0
NCSD,1
OCSD,1
PCSD,1
QCSD,1
RCSD,1
SCSD,1
TCSD,1
UCSD,1
VCSD,1
WCSD,1
XCSD,1
YCSD,1
ZCSD,1
ADSD,0
BDSD,1
CDSD,0
DDSD,0
EDSD,0
FDSD,0
GDSD,0
HDSD,0
IDSD,0
JDSD,0
KDSD,0
LDSD,0
MDSD,1
NDSD,1
ODSD,1
PDSD,0
QDSD,0
RDSD,0
SDSD,0
TDSD,1
UDSD,1
VDSD,1
WDSD,1
XDSD,1
YDSD,1
ZDSD,1
AESD,1
BESD,1
CESD,1
DESD,1
EESD,1
FESD,1
GESD,1
HESD,1
IESD,1
JESD,1
KESD,0
LESD,1
MESD,1
NESD,1
OESD,1
PESD,1
QESD,1
RESD,1
SESD,1
TESD,1
UESD,1
VESD,1
WESD,1
XESD,1
YESD,1
ZESD,1
AFSD,1
BFSD,1
CFSD,1
DFSD,1
EFSD,1
FFSD,1
GFSD,1
HFSD,0
IFSD,0
JFSD,1
KFSD,1
LFSD,1
MFSD,1
NFSD,1
OFSD,0
PFSD,0
QFSD,0
RFSD,0
SFSD,0
TFSD,0
UFSD,0
VFSD,0
WFSD,0
XFSD,0
YFSD,0
ZFSD,0
AGSD,1
BGSD,1
CGSD,1
DGSD,1
EGSD,1
FGSD,0
GGSD,1
HGSD,1
IGSD,0
JGSD,0
KGSD,0
LGSD,1
MGSD,1
NGSD,1
OGSD,1
PGSD,1
QGSD,1
RGSD,1
SGSD,1
TGSD,1
UGSD,1
VGSD,1
WGSD,1
XGSD,1
YGSD,1
ZGSD,1
AHSD,1
BHSD,1
CHSD,1
DHSD,1
EHSD,0
FHSD,1
GHSD,1
HHSD,1
IHSD,1
JHSD,1
KHSD,1
LHSD,1
MHSD,0
NHSD,0
OHSD,0
PHSD,0
QHSD,0
RHSD,0
SHSD,0
THSD,0
UHSD,1
VHSD,1
WHSD,1
XHSD,0
YHSD,0
ZHSD,0
AISD,1
BISD,1
CISD,1
DISD,1
EISD,1
FISD,1
GISD,0
HISD,0
IISD,1
JISD,0
KISD,1
LISD,1
MISD,1
NISD,1
OISD,1
PISD,0
QISD,1
RISD,1
SISD,1
TISD,0
UISD,1
VISD,0
WISD,1
XISD,0
YISD,1
ZISD,1
AJSD,1
BJSD,1
CJSD,1
DJSD,0
EJSD,0
FJSD,0
GJSD,1
HJSD,1
IJSD,0
JJSD,0
KJSD,1
LJSD,1
MJSD,0
NJSD,1
OJSD,1
PJSD,1
QJSD,1
RJSD,1
SJSD,1
TJSD,1
UJSD,1
VJSD,1
WJSD,0
XJSD,1
YJSD,1
ZJSD,1
AKSD,1
BKSD,1
CKSD,1
DKSD,1
EKSD,1
FKSD,1
GKSD,1
HKSD,1
IKSD,1
JKSD,1
KKSD,1
LKSD,1
MKSD,1
NKSD,0
OKSD,1
PKSD,1
QKSD,1
RKSD,1
SKSD,1
TKSD,1
UKSD,1
VKSD,1
WKSD,1
XKSD,1
YKSD,1
ZKSD,0
ALSD,0
BLSD,0
CLSD,1
DLSD,0
ELSD,0
FLSD,0
GLSD,0
HLSD,0
ILSD,0
JLSD,0
KLSD,0
LLSD,1
MLSD,1
NLSD,1
OLSD,1
PLSD,1
QLSD,1
RLSD,1
SLSD,1
TLSD,1
ULSD,1
VLSD,1
WLSD,1
XLSD,1
YLSD,1
ZLSD,1
AMSD,1
BMSD,1
CMSD,1
DMSD,1
EMSD,1
FMSD,0
GMSD,1
HMSD,1
IMSD,1
JMSD,0
KMSD,1
LMSD,1
MMSD,0
NMSD,1
OMSD,0
PMSD,0
QMSD,1
RMSD,1
SMSD,1
TMSD,1
UMSD,1
VMSD,1
WMSD,1
XMSD,1
YMSD,1
ZMSD,1
ANSD,0
BNSD,1
CNSD,1
DNSD,1
ENSD,1
FNSD,1
GNSD,1
HNSD,1
INSD,1
JNSD,1
KNSD,0
LNSD,0
MNSD,1
NNSD,1
ONSD,1
PNSD,0
QNSD,1
RNSD,1
SNSD,1
TNSD,1
UNSD,1
VNSD,1
WNSD,1
XNSD,1
YNSD,1
ZNSD,1
AOSD,1
BOSD,1
COSD,1
DOSD,1
EOSD,0
FOSD,1
GOSD,1
HOSD,1
IOSD,1
JOSD,1
KOSD,1
LOSD,0
MOSD,1
NOSD,1
OOSD,1
POSD,1
QOSD,0
ROSD,1
SOSD,1
TOSD,0
UOSD,1
VOSD,0
WOSD,0
XOSD,0
YOSD,1
ZOSD,0
APSD,1
BPSD,1
CPSD,1
DPSD,1
EPSD,1
FPSD,1
GPSD,1
HPSD,1
IPSD,0
JPSD,1
KPSD,0
LPSD,1
MPSD,1
NPSD,1
OPSD,1
PPSD,1
QPSD,1
RPSD,1
SPSD,1
TPSD,1
UPSD,1
VPSD,1
WPSD,1
XPSD,1
YPSD,1
ZPSD,1
AQSD,1
BQSD,1
CQSD,1
DQSD,1
EQSD,1
FQSD,0
GQSD,1
HQSD,1
IQSD,1
JQSD,1
KQSD,1
LQSD,1
MQSD,1
NQSD,1
OQSD,1
PQSD,1
QQSD,1
RQSD,1
SQSD,1
TQSD,1
UQSD,1
VQSD,1
WQSD,0
XQSD,1
YQSD,1
ZQSD,1
ARSD,1
BRSD,1
CRSD,1
DRSD,1
ERSD,1
FRSD,1
GRSD,1
HRSD,1
IRSD,1
JRSD,1
KRSD,1
LRSD,1
MRSD,0
NRSD,1
ORSD,1
PRSD,1
QRSD,1
RRSD,0
SRSD,1
TRSD,1
URSD,1
VRSD,1
WRSD,1
XRSD,0
YRSD,1
ZRSD,0
ASSD,1
BSSD,1
CSSD,0
DSSD,1
ESSD,0
FSSD,1
GSSD,1
HSSD,1
ISSD,1
JSSD,1
KSSD,1
LSSD,1
MSSD,1
NSSD,1
OSSD,1
PSSD,1
QSSD,1
RSSD,1
SSSD,1
TSSD,1
USSD,1
VSSD,1
WSSD,1
XSSD,1
YSSD,1
ZSSD,1
ATSD,1
BTSD,1
CTSD,1
DTSD,1
ETSD,1
FTSD,1
GTSD,1
HTSD,1
ITSD,1
JTSD,1
KTSD,1
LTSD,1
MTSD,1
NTSD,1
OTSD,1
PTSD,1
QTSD,1
RTSD,1
STSD,1
TTSD,1
UTSD,1
VTSD,1
WTSD,1
XTSD,1
YTSD,1
ZTSD,1
AUSD,1
BUSD,1
CUSD,0
DUSD,1
EUSD,1
FUSD,1
GUSD,1
HUSD,1
IUSD,1
JUSD,1
KUSD,1
LUSD,1
MUSD,1
NUSD,1
OUSD,1
PUSD,1
QUSD,1
RUSD,1
SUSD,0
TUSD,0
UUSD,1
VUSD,1
WUSD,1
XUSD,1
YUSD,1
ZUSD,1
AVSD,1
BVSD,1
CVSD,1
DVSD,1
EVSD,0
FVSD,1
GVSD,1
HVSD,1
IVSD,0
JVSD,1
KVSD,1
LVSD,1
MVSD,1
NVSD,1
OVSD,1
PVSD,1
QVSD,1
RVSD,1
SVSD,1
TVSD,1
UVSD,1
VVSD,1
WVSD,1
XVSD,0
YVSD,1
ZVSD,0
AWSD,0
BWSD,0
CWSD,1
DWSD,1
EWSD,0
FWSD,1
GWSD,0
HWSD,1
IWSD,1
JWSD,0
KWSD,1
LWSD,1
MWSD,1
NWSD,1
OWSD,1
PWSD,1
QWSD,0
RWSD,1
SWSD,1
TWSD,1
UWSD,1
VWSD,1
WWSD,1
XWSD,1
YWSD,1
ZWSD,1
AXSD,1
BXSD,0
CXSD,0
DXSD,1
EXSD,1
FXSD,1
GXSD,0
HXSD,1
IXSD,1
JXSD,0
KXSD,1
LXSD,1
MXSD,1
NXSD,1
OXSD,1
PXSD,1
QXSD,0
RXSD,1
SXSD,1
TXSD,1
UXSD,0
VXSD,0
WXSD,0
XXSD,0
YXSD,0
ZXSD,0
AYSD,0
BYSD,0
CYSD,0
DYSD,0
EYSD,0
FYSD,0
GYSD,0
HYSD,0
IYSD,0
JYSD,0
KYSD,0
LYSD,0
MYSD,0
NYSD,0
OYSD,0
PYSD,0
QYSD,0
RYSD,0
SYSD,0
TYSD,0
UYSD,0
VYSD,0
WYSD,0
XYSD,0
YYSD,0
ZYSD,0
AZSD,0
BZSD,0
CZSD,0
DZSD,0
EZSD,0
FZSD,0
GZSD,0
HZSD,0
IZSD,0
JZSD,0
KZSD,0
LZSD,0
MZSD,0
NZSD,0
OZSD,0
PZSD,0
QZSD,0
RZSD,0
SZSD,0
TZSD,0
UZSD,0
VZSD,0
WZSD,0
XZSD,0
YZSD,0
ZZSD,0
AATD,0
BATD,0
CATD,0
DATD,0
EATD,0
FATD,0
GATD,0
HATD,0
IATD,0
JATD,0
KATD,0
LATD,0
MATD,0
NATD,0
OATD,0
PATD,0
QATD,0
RATD,0
SATD,0
TATD,0
UATD,0
VATD,0
WATD,0
XATD,0
YATD,0
ZATD,0
ABTD,0
BBTD,0
CBTD,0
DBTD,0
EBTD,0
FBTD,0
GBTD,0
HBTD,0
IBTD,0
JBTD,0
KBTD,0
LBTD,0
MBTD,0
NBTD,0
OBTD,0
PBTD,0
QBTD,0
RBTD,0
SBTD,0
TBTD,0
UBTD,0
VBTD,0
WBTD,0
XBTD,0
YBTD,0
ZBTD,0
ACTD,0
BCTD,0
CCTD,0
DCTD,0
ECTD,0
FCTD,0
GCTD,0
HCTD,0
ICTD,0
JCTD,0
KCTD,0
LCTD,0
MCTD,0
NCTD,0
OCTD,0
PCTD,0
QCTD,0
RCTD,0
SCTD,0
TCTD,0
UCTD,0
VCTD,0
WCTD,0
XCTD,0
YCTD,0
ZCTD,0
ADTD,0
BDTD,0
CDTD,0
DDTD,0
EDTD,0
FDTD,0
GDTD,0
HDTD,0
IDTD,0
JDTD,0
KDTD,0
LDTD,0
MDTD,0
NDTD,0
ODTD,0
PDTD,0
QDTD,0
RDTD,0
SDTD,0
TDTD,0
UDTD,0
VDTD,0
WDTD,0
XDTD,0
YDTD,0
ZDTD,0
AETD,0
BETD,0
CETD,0
DETD,0
EETD,0
FETD,0
GETD,0
HETD,0
IETD,0
JETD,0
KETD,0
LETD,0
METD,0
NETD,0
OETD,0
PETD,0
QETD,0
RETD,0
SETD,0
TETD,0
UETD,0
VETD,0
WETD,0
XETD,0
YETD,0
ZETD,0
AFTD,0
BFTD,0
CFTD,0
DFTD,0
EFTD,0
FFTD,0
GFTD,0
HFTD,0
IFTD,0
JFTD,0
KFTD,0
LFTD,0
MFTD,1
NFTD,1
OFTD,1
PFTD,1
QFTD,0
RFTD,1
SFTD,1
TFTD,1
UFTD,1
VFTD,1
WFTD,1
XFTD,0
YFTD,0
ZFTD,0
AGTD,0
BGTD,1
CGTD,1
DGTD,1
EGTD,1
FGTD,1
GGTD,0
HGTD,0
IGTD,1
JGTD,1
KGTD,0
LGTD,1
MGTD,0
NGTD,0
OGTD,0
PGTD,0
QGTD,0
RGTD,0
SGTD,0
TGTD,0
UGTD,0
VGTD,0
WGTD,1
XGTD,1
YGTD,1
ZGTD,1
AHTD,1
BHTD,1
CHTD,1
DHTD,1
EHTD,1
FHTD,1
GHTD,1
HHTD,1
IHTD,1
JHTD,1
KHTD,1
LHTD,1
MHTD,1
NHTD,1
OHTD,1
PHTD,1
QHTD,1
RHTD,1
SHTD,1
THTD,1
UHTD,1
VHTD,1
WHTD,0
XHTD,1
YHTD,1
ZHTD,1
AITD,1
BITD,1
CITD,1
DITD,0
EITD,1
FITD,1
GITD,1
HITD,1
IITD,1
JITD,1
KITD,1
LITD,1
MITD,1
NITD,1
OITD,1
PITD,1
QITD,1
RITD,1
SITD,1
TITD,1
UITD,1
VITD,1
WITD,1
XITD,1
YITD,1
ZITD,1
AJTD,1
BJTD,1
CJTD,1
DJTD,1
EJTD,1
FJTD,1
GJTD,1
HJTD,1
IJTD,1
JJTD,1
KJTD,1
LJTD,1
MJTD,1
NJTD,1
OJTD,1
PJTD,1
QJTD,1
RJTD,1
SJTD,1
TJTD,1
UJTD,0
VJTD,1
WJTD,1
XJTD,1
YJTD,1
ZJTD,1
AKTD,1
BKTD,1
CKTD,0
DKTD,1
EKTD,1
FKTD,0
GKTD,1
HKTD,1
IKTD,0
JKTD,1
KKTD,0
LKTD,1
MKTD,0
NKTD,1
OKTD,1
PKTD,1
QKTD,1
RKTD,1
SKTD,1
TKTD,1
UKTD,1
VKTD,1
WKTD,0
XKTD,1
YKTD,1
ZKTD,1
ALTD,1
BLTD,1
CLTD,0
DLTD,0
ELTD,0
FLTD,0
GLTD,0
HLTD,0
ILTD,0
JLTD,0
KLTD,0
LLTD,0
MLTD,0
NLTD,0
OLTD,0
PLTD,0
QLTD,0
RLTD,0
SLTD,0
TLTD,0
ULTD,0
VLTD,0
WLTD,1
XLTD,0
YLTD,0
ZLTD,0
AMTD,0
BMTD,0
CMTD,0
DMTD,0
EMTD,0
FMTD,0
GMTD,0
HMTD,0
IMTD,0
JMTD,0
KMTD,0
LMTD,0
MMTD,0
NMTD,0
OMTD,0
PMTD,0
QMTD,0
RMTD,0
SMTD,0
TMTD,0
UMTD,0
VMTD,0
WMTD,0
XMTD,0
YMTD,0
ZMTD,0
ANTD,0
BNTD,0
CNTD,0
DNTD,0
ENTD,1
FNTD,1
GNTD,1
HNTD,1
INTD,1
JNTD,1
KNTD,0
LNTD,1
MNTD,1
NNTD,1
ONTD,1
PNTD,1
QNTD,1
RNTD,1
SNTD,1
TNTD,1
UNTD,0
VNTD,1
WNTD,1
XNTD,1
YNTD,1
ZNTD,0
AOTD,1
BOTD,1
COTD,1
DOTD,1
EOTD,1
FOTD,0
GOTD,1
HOTD,1
IOTD,0
JOTD,1
KOTD,0
LOTD,1
MOTD,1
NOTD,1
OOTD,1
POTD,1
QOTD,1
ROTD,1
SOTD,0
TOTD,1
UOTD,1
VOTD,1
WOTD,1
XOTD,1
YOTD,1
ZOTD,1
APTD,1
BPTD,1
CPTD,1
DPTD,1
EPTD,1
FPTD,1
GPTD,1
HPTD,1
IPTD,1
JPTD,1
KPTD,0
LPTD,1
MPTD,1
NPTD,1
OPTD,1
PPTD,1
QPTD,1
RPTD,1
SPTD,0
TPTD,1
UPTD,0
VPTD,1
WPTD,1
XPTD,1
YPTD,1
ZPTD,1
AQTD,1
BQTD,1
CQTD,1
DQTD,1
EQTD,1
FQTD,1
GQTD,1
HQTD,1
IQTD,1
JQTD,1
KQTD,1
LQTD,1
MQTD,1
NQTD,1
OQTD,1
PQTD,1
QQTD,0
RQTD,0
SQTD,0
TQTD,0
UQTD,0
VQTD,0
WQTD,1
XQTD,1
YQTD,1
ZQTD,1
ARTD,1
BRTD,1
CRTD,1
DRTD,1
ERTD,0
FRTD,1
GRTD,1
HRTD,0
IRTD,1
JRTD,1
KRTD,1
LRTD,1
MRTD,1
NRTD,1
ORTD,1
PRTD,0
QRTD,1
RRTD,1
SRTD,1
TRTD,1
URTD,1
VRTD,1
WRTD,1
XRTD,1
YRTD,1
ZRTD,1
ASTD,1
BSTD,1
CSTD,1
DSTD,1
ESTD,1
FSTD,1
GSTD,1
HSTD,1
ISTD,1
JSTD,1
KSTD,0
LSTD,1
MSTD,1
NSTD,0
OSTD,1
PSTD,1
QSTD,1
RSTD,1
SSTD,1
TSTD,1
USTD,1
VSTD,1
WSTD,1
XSTD,0
YSTD,1
ZSTD,1
ATTD,1
BTTD,1
CTTD,1
DTTD,0
ETTD,1
FTTD,1
GTTD,1
HTTD,1
ITTD,1
JTTD,1
KTTD,1
LTTD,1
MTTD,1
NTTD,0
OTTD,1
PTTD,1
QTTD,1
RTTD,1
STTD,1
TTTD,1
UTTD,1
VTTD,0
WTTD,1
XTTD,1
YTTD,0
ZTTD,0
AUTD,0
BUTD,0
CUTD,0
DUTD,0
EUTD,1
FUTD,1
GUTD,1
HUTD,1
IUTD,1
JUTD,1
KUTD,1
LUTD,1
MUTD,1
NUTD,1
OUTD,1
PUTD,1
QUTD,1
RUTD,1
SUTD,1
TUTD,1
UUTD,1
VUTD,1
WUTD,1
XUTD,1
YUTD,1
ZUTD,1
AVTD,1
BVTD,1
CVTD,0
DVTD,1
EVTD,0
FVTD,1
GVTD,1
HVTD,1
IVTD,0
JVTD,1
KVTD,1
LVTD,1
MVTD,1
NVTD,0
OVTD,1
PVTD,1
QVTD,1
RVTD,1
SVTD,1
TVTD,1
UVTD,1
VVTD,1
WVTD,1
XVTD,1
YVTD,1
ZVTD,1
AWTD,1
BWTD,1
CWTD,0
DWTD,1
EWTD,1
FWTD,0
GWTD,1
HWTD,1
IWTD,0
JWTD,1
KWTD,1
LWTD,1
MWTD,0
NWTD,1
OWTD,1
PWTD,1
QWTD,1
RWTD,1
SWTD,1
TWTD,1
UWTD,1
VWTD,1
WWTD,1
XWTD,1
YWTD,1
ZWTD,1
AXTD,0
BXTD,1
CXTD,1
DXTD,1
EXTD,1
FXTD,1
GXTD,1
HXTD,0
IXTD,1
JXTD,1
KXTD,1
LXTD,1
MXTD,1
NXTD,1
OXTD,1
PXTD,1
QXTD,0
RXTD,0
SXTD,0
TXTD,0
UXTD,0
VXTD,0
WXTD,1
XXTD,1
YXTD,1
ZXTD,1
AYTD,1
BYTD,1
CYTD,1
DYTD,1
EYTD,1
FYTD,1
GYTD,1
HYTD,0
IYTD,1
JYTD,1
KYTD,1
LYTD,1
MYTD,1
NYTD,0
OYTD,1
PYTD,1
QYTD,1
RYTD,0
SYTD,1
TYTD,1
UYTD,0
VYTD,1
WYTD,1
XYTD,1
YYTD,1
ZYTD,1
AZTD,1
BZTD,1
CZTD,1
DZTD,1
EZTD,1
FZTD,1
GZTD,1
HZTD,1
IZTD,1
JZTD,1
KZTD,1
LZTD,1
MZTD,1
NZTD,1
OZTD,1
PZTD,1
QZTD,1
RZTD,1
SZTD,1
TZTD,0
UZTD,1
VZTD,1
WZTD,1
XZTD,1
YZTD,1
ZZTD,1
AAUD,1
BAUD,1
CAUD,1
DAUD,1
EAUD,1
FAUD,1
GAUD,1
HAUD,1
IAUD,0
JAUD,1
KAUD,1
LAUD,1
MAUD,1
NAUD,1
OAUD,1
PAUD,1
QAUD,1
RAUD,1
SAUD,0
TAUD,1
UAUD,0
VAUD,1
WAUD,1
XAUD,1
YAUD,1
ZAUD,1
ABUD,0
BBUD,0
CBUD,1
DBUD,0
EBUD,0
FBUD,0
GBUD,1
HBUD,1
IBUD,1
JBUD,1
KBUD,1
LBUD,1
MBUD,1
NBUD,1
OBUD,1
PBUD,1
QBUD,1
RBUD,1
SBUD,1
TBUD,1
UBUD,1
VBUD,1
WBUD,1
XBUD,1
YBUD,1
ZBUD,1
ACUD,1
BCUD,0
CCUD,0
DCUD,0
ECUD,0
FCUD,0
GCUD,0
HCUD,0
ICUD,0
JCUD,0
KCUD,0
LCUD,0
MCUD,0
NCUD,0
OCUD,0
PCUD,0
QCUD,0
RCUD,0
SCUD,0
TCUD,0
UCUD,1
VCUD,1
WCUD,1
XCUD,0
YCUD,1
ZCUD,1
ADUD,0
BDUD,1
CDUD,1
DDUD,1
EDUD,1
FDUD,1
GDUD,1
HDUD,1
IDUD,1
JDUD,1
KDUD,1
LDUD,0
MDUD,0
NDUD,1
ODUD,1
PDUD,0
QDUD,1
RDUD,0
SDUD,0
TDUD,0
UDUD,0
VDUD,0
WDUD,0
XDUD,0
YDUD,1
ZDUD,1
AEUD,0
BEUD,1
CEUD,0
DEUD,0
EEUD,1
FEUD,0
GEUD,0
HEUD,0
IEUD,1
JEUD,1
KEUD,1
LEUD,1
MEUD,1
NEUD,1
OEUD,1
PEUD,1
QEUD,1
REUD,0
SEUD,1
TEUD,1
UEUD,1
VEUD,1
WEUD,0
XEUD,1
YEUD,1
ZEUD,1
AFUD,0
BFUD,0
CFUD,0
DFUD,0
EFUD,0
FFUD,0
GFUD,0
HFUD,0
IFUD,0
JFUD,0
KFUD,0
LFUD,1
MFUD,1
NFUD,1
OFUD,1
PFUD,1
QFUD,1
RFUD,1
SFUD,1
TFUD,1
UFUD,1
VFUD,1
WFUD,1
XFUD,1
YFUD,1
ZFUD,1
AGUD,0
BGUD,1
CGUD,0
DGUD,1
EGUD,1
FGUD,1
GGUD,1
HGUD,1
IGUD,1
JGUD,1
KGUD,1
LGUD,1
MGUD,1
NGUD,1
OGUD,0
PGUD,1
QGUD,1
RGUD,1
SGUD,1
TGUD,0
UGUD,1
VGUD,1
WGUD,1
XGUD,1
YGUD,1
ZGUD,0
AHUD,1
BHUD,1
CHUD,1
DHUD,1
EHUD,1
FHUD,0
GHUD,1
HHUD,1
IHUD,0
JHUD,1
KHUD,0
LHUD,1
MHUD,1
NHUD,1
OHUD,0
PHUD,0
QHUD,0
RHUD,1
SHUD,1
THUD,1
UHUD,1
VHUD,1
WHUD,1
XHUD,1
YHUD,1
ZHUD,1
AIUD,1
BIUD,1
CIUD,1
DIUD,1
EIUD,1
FIUD,1
GIUD,1
HIUD,1
IIUD,1
JIUD,1
KIUD,1
LIUD,1
MIUD,0
NIUD,1
OIUD,1
PIUD,1
QIUD,1
RIUD,1
SIUD,1
TIUD,1
UIUD,0
VIUD,1
WIUD,1
XIUD,1
YIUD,1
ZIUD,1
AJUD,0
BJUD,0
CJUD,0
DJUD,0
EJUD,0
FJUD,0
GJUD,0
HJUD,0
IJUD,0
JJUD,0
KJUD,0
LJUD,0
MJUD,0
NJUD,0
OJUD,0
PJUD,0
QJUD,0
RJUD,0
SJUD,0
TJUD,0
UJUD,0
VJUD,0
WJUD,0
XJUD,0
YJUD,0
ZJUD,0
AKUD,0
BKUD,0
CKUD,0
DKUD,0
EKUD,0
FKUD,0
GKUD,0
HKUD,0
IKUD,0
JKUD,0
KKUD,0
LKUD,0
MKUD,0
NKUD,0
OKUD,0
PKUD,0
QKUD,0
RKUD,0
SKUD,0
TKUD,0
UKUD,0
VKUD,0
WKUD,0
XKUD,0
YKUD,0
ZKUD,0
ALUD,0
BLUD,0
CLUD,0
DLUD,0
ELUD,0
FLUD,0
GLUD,0
HLUD,0
ILUD,0
JLUD,0
KLUD,0
LLUD,0
MLUD,0
NLUD,0
OLUD,0
PLUD,0
QLUD,0
RLUD,0
SLUD,0
TLUD,0
ULUD,0
VLUD,0
WLUD,0
XLUD,0
YLUD,0
ZLUD,0
AMUD,0
BMUD,0
CMUD,0
DMUD,0
EMUD,0
FMUD,0
GMUD,0
HMUD,0
IMUD,0
JMUD,0
KMUD,0
LMUD,1
MMUD,1
NMUD,0
OMUD,0
PMUD,1
QMUD,1
RMUD,1
SMUD,1
TMUD,1
UMUD,1
VMUD,1
WMUD,1
XMUD,1
YMUD,1
ZMUD,1
ANUD,1
BNUD,1
CNUD,1
DNUD,1
ENUD,0
FNUD,1
GNUD,0
HNUD,1
INUD,1
JNUD,1
KNUD,1
LNUD,1
MNUD,1
NNUD,0
ONUD,1
PNUD,1
QNUD,1
RNUD,1
SNUD,0
TNUD,1
UNUD,1
VNUD,1
WNUD,1
XNUD,1
YNUD,0
ZNUD,1
AOUD,1
BOUD,0
COUD,1
DOUD,0
EOUD,0
FOUD,1
GOUD,1
HOUD,0
IOUD,1
JOUD,1
KOUD,1
LOUD,1
MOUD,1
NOUD,0
OOUD,1
POUD,1
QOUD,1
ROUD,1
SOUD,1
TOUD,1
UOUD,1
VOUD,1
WOUD,1
XOUD,1
YOUD,1
ZOUD,1
APUD,1
BPUD,1
CPUD,1
DPUD,1
EPUD,1
FPUD,1
GPUD,1
HPUD,1
IPUD,1
JPUD,0
KPUD,1
LPUD,1
MPUD,1
NPUD,1
OPUD,1
PPUD,1
QPUD,0
RPUD,0
SPUD,1
TPUD,1
UPUD,1
VPUD,1
WPUD,1
XPUD,1
YPUD,0
ZPUD,0
AQUD,0
BQUD,0
CQUD,0
DQUD,0
EQUD,0
FQUD,0
GQUD,0
HQUD,0
IQUD,0
JQUD,0
KQUD,1
LQUD,1
MQUD,1
NQUD,1
OQUD,1
PQUD,1
QQUD,1
RQUD,1
SQUD,1
TQUD,1
UQUD,1
VQUD,1
WQUD,1
XQUD,1
YQUD,1
ZQUD,0
ARUD,1
BRUD,1
CRUD,1
DRUD,0
ERUD,1
FRUD,1
GRUD,1
HRUD,1
IRUD,0
JRUD,1
KRUD,1
LRUD,1
MRUD,0
NRUD,1
ORUD,1
PRUD,1
QRUD,1
RRUD,1
SRUD,1
TRUD,1
URUD,1
VRUD,1
WRUD,1
XRUD,1
YRUD,1
ZRUD,0
ASUD,1
BSUD,1
CSUD,1
DSUD,1
ESUD,1
FSUD,1
GSUD,1
HSUD,1
ISUD,1
JSUD,0
KSUD,0
LSUD,1
MSUD,1
NSUD,1
OSUD,1
PSUD,1
QSUD,1
RSUD,1
SSUD,1
TSUD,1
USUD,1
VSUD,1
WSUD,1
XSUD,1
YSUD,1
ZSUD,1
ATUD,1
BTUD,1
CTUD,0
DTUD,0
ETUD,0
FTUD,0
GTUD,0
HTUD,0
ITUD,0
JTUD,0
KTUD,1
LTUD,0
MTUD,1
NTUD,0
OTUD,0
PTUD,1
QTUD,1
RTUD,1
STUD,1
TTUD,1
UTUD,1
VTUD,1
WTUD,1
XTUD,1
YTUD,1
ZTUD,1
AUUD,1
BUUD,1
CUUD,1
DUUD,1
EUUD,1
FUUD,1
GUUD,1
HUUD,1
IUUD,1
JUUD,1
KUUD,1
LUUD,1
MUUD,0
NUUD,1
OUUD,1
PUUD,1
QUUD,1
RUUD,1
SUUD,1
TUUD,1
UUUD,1
VUUD,1
WUUD,1
XUUD,1
YUUD,1
ZUUD,1
AVUD,0
BVUD,1
CVUD,1
DVUD,0
EVUD,1
FVUD,1
GVUD,1
HVUD,1
IVUD,1
JVUD,1
KVUD,1
LVUD,1
MVUD,1
NVUD,1
OVUD,0
PVUD,1
QVUD,1
RVUD,1
SVUD,0
TVUD,1
UVUD,1
VVUD,1
WVUD,1
XVUD,1
YVUD,1
ZVUD,1
AWUD,1
BWUD,1
CWUD,1
DWUD,1
EWUD,1
FWUD,1
GWUD,0
HWUD,1
IWUD,1
JWUD,1
KWUD,1
LWUD,1
MWUD,0
NWUD,1
OWUD,1
PWUD,1
QWUD,1
RWUD,1
SWUD,1
TWUD,1
UWUD,1
VWUD,1
WWUD,1
XWUD,1
YWUD,1
ZWUD,1
AXUD,1
BXUD,1
CXUD,1
DXUD,1
EXUD,1
FXUD,1
GXUD,1
HXUD,0
IXUD,1
JXUD,1
KXUD,1
LXUD,1
MXUD,1
NXUD,1
OXUD,1
PXUD,1
QXUD,0
RXUD,1
SXUD,0
TXUD,0
UXUD,1
VXUD,1
WXUD,1
XXUD,1
YXUD,1
ZXUD,1
AYUD,1
BYUD,1
CYUD,1
DYUD,1
EYUD,1
FYUD,0
GYUD,1
HYUD,1
IYUD,0
JYUD,1
KYUD,0
LYUD,1
MYUD,1
NYUD,1
OYUD,1
PYUD,1
QYUD,1
RYUD,1
SYUD,1
TYUD,1
UYUD,1
VYUD,1
WYUD,1
XYUD,1
YYUD,1
ZYUD,1
AZUD,1
BZUD,1
CZUD,1
DZUD,1
EZUD,1
FZUD,1
GZUD,1
HZUD,1
IZUD,1
JZUD,1
KZUD,1
LZUD,0
MZUD,1
NZUD,1
OZUD,1
PZUD,1
QZUD,1
RZUD,1
SZUD,1
TZUD,1
UZUD,1
VZUD,0
WZUD,0
XZUD,0
YZUD,0
ZZUD,0
AAVD,0
BAVD,1
CAVD,1
DAVD,1
EAVD,1
FAVD,0
GAVD,0
HAVD,1
IAVD,1
JAVD,1
KAVD,0
LAVD,0
MAVD,0
NAVD,0
OAVD,0
PAVD,0
QAVD,0
RAVD,0
SAVD,0
TAVD,0
UAVD,0
VAVD,0
WAVD,0
XAVD,0
YAVD,0
ZAVD,0
ABVD,0
BBVD,0
CBVD,0
DBVD,0
EBVD,0
FBVD,0
GBVD,0
HBVD,0
IBVD,0
JBVD,0
KBVD,0
LBVD,0
MBVD,0
NBVD,0
OBVD,0
PBVD,0
QBVD,0
RBVD,0
SBVD,0
TBVD,0
UBVD,0
VBVD,0
WBVD,0
XBVD,0
YBVD,0
ZBVD,0
ACVD,0
BCVD,0
CCVD,0
DCVD,0
ECVD,0
FCVD,0
GCVD,0
HCVD,0
ICVD,0
JCVD,0
KCVD,0
LCVD,0
MCVD,0
NCVD,0
OCVD,0
PCVD,0
QCVD,0
RCVD,0
SCVD,0
TCVD,0
UCVD,0
VCVD,0
WCVD,0
XCVD,0
YCVD,0
ZCVD,0
ADVD,0
BDVD,0
CDVD,0
DDVD,0
EDVD,0
FDVD,0
GDVD,0
HDVD,0
IDVD,0
JDVD,0
KDVD,0
LDVD,0
MDVD,0
NDVD,0
ODVD,0
PDVD,0
QDVD,0
RDVD,0
SDVD,0
TDVD,0
UDVD,0
VDVD,0
WDVD,0
XDVD,0
YDVD,0
ZDVD,0
AEVD,0
BEVD,0
CEVD,0
DEVD,0
EEVD,0
FEVD,0
GEVD,0
HEVD,0
IEVD,0
JEVD,0
KEVD,1
LEVD,1
MEVD,0
NEVD,1
OEVD,1
PEVD,0
QEVD,1
REVD,1
SEVD,1
TEVD,1
UEVD,1
VEVD,1
WEVD,1
XEVD,1
YEVD,1
ZEVD,1
AFVD,1
BFVD,1
CFVD,1
DFVD,0
EFVD,1
FFVD,1
GFVD,1
HFVD,0
IFVD,0
JFVD,0
KFVD,0
LFVD,0
MFVD,0
NFVD,1
OFVD,0
PFVD,0
QFVD,0
RFVD,1
SFVD,0
TFVD,1
UFVD,1
VFVD,0
WFVD,1
XFVD,1
YFVD,1
ZFVD,1
AGVD,1
BGVD,1
CGVD,1
DGVD,1
EGVD,1
FGVD,1
GGVD,1
HGVD,1
IGVD,1
JGVD,1
KGVD,1
LGVD,1
MGVD,0
NGVD,1
OGVD,1
PGVD,1
QGVD,1
RGVD,1
SGVD,1
TGVD,1
UGVD,1
VGVD,0
WGVD,1
XGVD,1
YGVD,0
ZGVD,1
AHVD,0
BHVD,0
CHVD,0
DHVD,0
EHVD,0
FHVD,1
GHVD,1
HHVD,1
IHVD,0
JHVD,0
KHVD,0
LHVD,0
MHVD,1
NHVD,1
OHVD,1
PHVD,1
QHVD,1
RHVD,1
SHVD,1
THVD,1
UHVD,1
VHVD,1
WHVD,1
XHVD,0
YHVD,1
ZHVD,1
AIVD,1
BIVD,1
CIVD,1
DIVD,0
EIVD,1
FIVD,1
GIVD,1
HIVD,1
IIVD,0
JIVD,1
KIVD,1
LIVD,0
MIVD,1
NIVD,1
OIVD,1
PIVD,1
QIVD,1
RIVD,0
SIVD,1
TIVD,1
UIVD,1
VIVD,0
WIVD,1
XIVD,1
YIVD,1
ZIVD,1
AJVD,0
BJVD,1
CJVD,1
DJVD,1
EJVD,1
FJVD,1
GJVD,1
HJVD,1
IJVD,1
JJVD,1
KJVD,1
LJVD,1
MJVD,0
NJVD,0
OJVD,1
PJVD,1
QJVD,1
RJVD,1
SJVD,0
TJVD,0
UJVD,1
VJVD,1
WJVD,1
XJVD,1
YJVD,1
ZJVD,1
AKVD,1
BKVD,1
CKVD,1
DKVD,0
EKVD,1
FKVD,1
GKVD,1
HKVD,1
IKVD,1
JKVD,1
KKVD,1
LKVD,0
MKVD,1
NKVD,1
OKVD,1
PKVD,1
QKVD,1
RKVD,1
SKVD,1
TKVD,1
UKVD,1
VKVD,1
WKVD,1
XKVD,1
YKVD,0
ZKVD,1
ALVD,1
BLVD,1
CLVD,1
DLVD,1
ELVD,1
FLVD,1
GLVD,1
HLVD,1
ILVD,1
JLVD,1
KLVD,1
LLVD,1
MLVD,1
NLVD,1
OLVD,1
PLVD,1
QLVD,1
RLVD,1
SLVD,1
TLVD,1
ULVD,1
VLVD,1
WLVD,0
XLVD,1
YLVD,1
ZLVD,1
AMVD,1
BMVD,0
CMVD,0
DMVD,0
EMVD,1
FMVD,0
GMVD,1
HMVD,0
IMVD,1
JMVD,1
KMVD,1
LMVD,1
MMVD,0
NMVD,0
OMVD,0
PMVD,0
QMVD,0
RMVD,0
SMVD,0
TMVD,0
UMVD,0
VMVD,0
WMVD,0
XMVD,0
YMVD,0
ZMVD,0
ANVD,0
BNVD,0
CNVD,0
DNVD,0
ENVD,0
FNVD,0
GNVD,0
HNVD,0
INVD,0
JNVD,0
KNVD,0
LNVD,0
MNVD,0
NNVD,0
ONVD,0
PNVD,0
QNVD,0
RNVD,0
SNVD,0
TNVD,0
UNVD,0
VNVD,0
WNVD,0
XNVD,0
YNVD,0
ZNVD,0
AOVD,0
BOVD,0
COVD,0
DOVD,0
EOVD,0
FOVD,0
GOVD,0
HOVD,0
IOVD,0
JOVD,0
KOVD,0
LOVD,0
MOVD,0
NOVD,0
OOVD,0
POVD,0
QOVD,0
ROVD,0
SOVD,0
TOVD,0
UOVD,0
VOVD,0
WOVD,0
XOVD,0
YOVD,0
ZOVD,0
APVD,0
BPVD,0
CPVD,0
DPVD,0
EPVD,0
FPVD,0
GPVD,0
HPVD,0
IPVD,0
JPVD,0
KPVD,0
LPVD,0
MPVD,0
NPVD,0
OPVD,0
PPVD,0
QPVD,0
RPVD,0
SPVD,0
TPVD,0
UPVD,1
VPVD,1
WPVD,1
XPVD,1
YPVD,0
ZPVD,1
AQVD,1
BQVD,1
CQVD,1
DQVD,1
EQVD,1
FQVD,1
GQVD,1
HQVD,1
IQVD,1
JQVD,1
KQVD,0
LQVD,1
MQVD,1
NQVD,1
OQVD,1
PQVD,1
QQVD,1
RQVD,1
SQVD,1
TQVD,1
UQVD,1
VQVD,1
WQVD,1
XQVD,1
YQVD,1
ZQVD,1
ARVD,0
BRVD,1
CRVD,1
DRVD,1
ERVD,1
FRVD,1
GRVD,1
HRVD,1
IRVD,1
JRVD,1
KRVD,1
LRVD,1
MRVD,0
NRVD,1
ORVD,0
PRVD,1
QRVD,1
RRVD,1
SRVD,1
TRVD,1
URVD,1
VRVD,0
WRVD,1
XRVD,1
YRVD,0
ZRVD,1
ASVD,1
BSVD,1
CSVD,0
DSVD,0
ESVD,0
FSVD,0
GSVD,1
HSVD,1
ISVD,1
JSVD,0
KSVD,1
LSVD,1
MSVD,1
NSVD,1
OSVD,1
PSVD,1
QSVD,1
RSVD,1
SSVD,0
TSVD,1
USVD,1
VSVD,1
WSVD,1
XSVD,1
YSVD,1
ZSVD,1
ATVD,1
BTVD,1
CTVD,0
DTVD,1
ETVD,0
FTVD,1
GTVD,1
HTVD,1
ITVD,1
JTVD,1
KTVD,1
LTVD,1
MTVD,1
NTVD,1
OTVD,1
PTVD,1
QTVD,1
RTVD,1
STVD,1
TTVD,1
UTVD,1
VTVD,1
WTVD,1
XTVD,1
YTVD,0
ZTVD,1
AUVD,1
BUVD,1
CUVD,1
DUVD,1
EUVD,1
FUVD,1
GUVD,1
HUVD,1
IUVD,1
JUVD,0
KUVD,0
LUVD,0
MUVD,0
NUVD,0
OUVD,0
PUVD,0
QUVD,0
RUVD,0
SUVD,0
TUVD,0
UUVD,0
VUVD,0
WUVD,0
XUVD,0
YUVD,1
ZUVD,1
AVVD,1
BVVD,1
CVVD,1
DVVD,1
EVVD,1
FVVD,0
GVVD,1
HVVD,1
IVVD,1
JVVD,0
KVVD,1
LVVD,1
MVVD,1
NVVD,1
OVVD,1
PVVD,1
QVVD,1
RVVD,1
SVVD,1
TVVD,1
UVVD,1
VVVD,1
WVVD,1
XVVD,1
YVVD,0
ZVVD,1
AWVD,0
BWVD,1
CWVD,1
DWVD,1
EWVD,1
FWVD,1
GWVD,1
HWVD,1
IWVD,1
JWVD,1
KWVD,0
LWVD,0
MWVD,1
NWVD,0
OWVD,0
PWVD,1
QWVD,1
RWVD,1
SWVD,1
TWVD,1
UWVD,1
VWVD,1
WWVD,1
XWVD,0
YWVD,1
ZWVD,1
AXVD,0
BXVD,1
CXVD,1
DXVD,1
EXVD,1
FXVD,1
GXVD,1
HXVD,1
IXVD,1
JXVD,1
KXVD,1
LXVD,0
MXVD,1
NXVD,1
OXVD,1
PXVD,1
QXVD,1
RXVD,0
SXVD,1
TXVD,1
UXVD,1
VXVD,1
WXVD,1
XXVD,1
YXVD,1
ZXVD,1
AYVD,0
BYVD,1
CYVD,1
DYVD,1
EYVD,1
FYVD,1
GYVD,1
HYVD,1
IYVD,1
JYVD,1
KYVD,0
LYVD,1
MYVD,1
NYVD,0
OYVD,1
PYVD,1
QYVD,1
RYVD,1
SYVD,1
TYVD,1
UYVD,0
VYVD,0
WYVD,0
XYVD,0
YYVD,0
ZYVD,0
AZVD,0
BZVD,0
CZVD,0
DZVD,0
EZVD,0
FZVD,0
GZVD,0
HZVD,0
IZVD,0
JZVD,1
KZVD,0
LZVD,1
MZVD,1
NZVD,1
OZVD,1
PZVD,1
QZVD,1
RZVD,1
SZVD,0
TZVD,0
UZVD,1
VZVD,1
WZVD,0
XZVD,1
YZVD,1
ZZVD,1
AAWD,1
BAWD,1
CAWD,1
DAWD,1
EAWD,1
FAWD,1
GAWD,0
HAWD,1
IAWD,1
JAWD,1
KAWD,1
LAWD,1
MAWD,1
NAWD,0
OAWD,1
PAWD,1
QAWD,1
RAWD,1
SAWD,0
TAWD,1
UAWD,1
VAWD,1
WAWD,0
XAWD,0
YAWD,1
ZAWD,1
ABWD,1
BBWD,1
CBWD,0
DBWD,1
EBWD,1
FBWD,1
GBWD,1
HBWD,0
IBWD,1
JBWD,1
KBWD,0
LBWD,1
MBWD,1
NBWD,1
OBWD,0
PBWD,1
QBWD,1
RBWD,1
SBWD,1
TBWD,1
UBWD,1
VBWD,1
WBWD,1
XBWD,1
YBWD,1
ZBWD,1
ACWD,1
BCWD,1
CCWD,1
DCWD,1
ECWD,1
FCWD,1
GCWD,1
HCWD,1
ICWD,1
JCWD,1
KCWD,1
LCWD,1
MCWD,1
NCWD,1
OCWD,1
PCWD,1
QCWD,1
RCWD,1
SCWD,0
TCWD,0
UCWD,0
VCWD,1
WCWD,1
XCWD,1
YCWD,1
ZCWD,1
ADWD,1
BDWD,0
CDWD,1
DDWD,1
EDWD,1
FDWD,1
GDWD,0
HDWD,0
IDWD,1
JDWD,0
KDWD,1
LDWD,1
MDWD,1
NDWD,1
ODWD,1
PDWD,1
QDWD,1
RDWD,0
SDWD,0
TDWD,1
UDWD,1
VDWD,1
WDWD,1
XDWD,1
YDWD,1
ZDWD,0
AEWD,1
BEWD,1
CEWD,1
DEWD,1
EEWD,0
FEWD,1
GEWD,1
HEWD,1
IEWD,0
JEWD,1
KEWD,1
LEWD,1
MEWD,1
NEWD,1
OEWD,1
PEWD,0
QEWD,1
REWD,1
SEWD,1
TEWD,0
UEWD,1
VEWD,1
WEWD,1
XEWD,1
YEWD,0
ZEWD,1
AFWD,1
BFWD,1
CFWD,1
DFWD,1
EFWD,0
FFWD,0
GFWD,1
HFWD,1
IFWD,1
JFWD,0
KFWD,1
LFWD,1
MFWD,1
NFWD,1
OFWD,1
PFWD,1
QFWD,1
RFWD,1
SFWD,1
TFWD,1
UFWD,1
VFWD,1
WFWD,1
XFWD,1
YFWD,0
ZFWD,1
AGWD,1
BGWD,0
CGWD,1
DGWD,1
EGWD,1
FGWD,1
GGWD,1
HGWD,1
IGWD,1
JGWD,0
KGWD,1
LGWD,1
MGWD,0
NGWD,0
OGWD,0
PGWD,0
QGWD,0
RGWD,0
SGWD,1
TGWD,1
UGWD,1
VGWD,0
WGWD,1
XGWD,1
YGWD,1
ZGWD,1
AHWD,1
BHWD,1
CHWD,1
DHWD,0
EHWD,1
FHWD,1
GHWD,0
HHWD,1
IHWD,1
JHWD,1
KHWD,1
LHWD,1
MHWD,0
NHWD,1
OHWD,0
PHWD,0
QHWD,1
RHWD,1
SHWD,1
THWD,1
UHWD,1
VHWD,1
WHWD,1
XHWD,1
YHWD,1
ZHWD,1
AIWD,1
BIWD,1
CIWD,1
DIWD,1
EIWD,1
FIWD,0
GIWD,1
HIWD,0
IIWD,0
JIWD,0
KIWD,0
LIWD,1
MIWD,1
NIWD,1
OIWD,1
PIWD,0
QIWD,0
RIWD,0
SIWD,0
TIWD,0
UIWD,0
VIWD,0
WIWD,0
XIWD,1
YIWD,1
ZIWD,1
AJWD,1
BJWD,1
CJWD,1
DJWD,1
EJWD,1
FJWD,1
GJWD,1
HJWD,1
IJWD,1
JJWD,0
KJWD,1
LJWD,1
MJWD,1
NJWD,1
OJWD,1
PJWD,1
QJWD,1
RJWD,1
SJWD,1
TJWD,1
UJWD,1
VJWD,1
WJWD,1
XJWD,1
YJWD,1
ZJWD,0
AKWD,1
BKWD,1
CKWD,1
DKWD,0
EKWD,1
FKWD,1
GKWD,1
HKWD,1
IKWD,1
JKWD,1
KKWD,1
LKWD,1
MKWD,1
NKWD,1
OKWD,1
PKWD,0
QKWD,0
RKWD,0
SKWD,0
TKWD,0
UKWD,0
VKWD,0
WKWD,0
XKWD,0
YKWD,0
ZKWD,0
ALWD,0
BLWD,0
CLWD,0
DLWD,1
ELWD,1
FLWD,1
GLWD,1
HLWD,1
ILWD,1
JLWD,0
KLWD,1
LLWD,1
MLWD,1
NLWD,1
OLWD,1
PLWD,1
QLWD,1
RLWD,1
SLWD,0
TLWD,1
ULWD,1
VLWD,1
WLWD,1
XLWD,0
YLWD,0
ZLWD,1
AMWD,1
BMWD,0
CMWD,1
DMWD,1
EMWD,1
FMWD,0
GMWD,1
HMWD,1
IMWD,1
JMWD,1
KMWD,1
LMWD,1
MMWD,1
NMWD,1
OMWD,0
PMWD,1
QMWD,1
RMWD,1
SMWD,1
TMWD,0
UMWD,1
VMWD,1
WMWD,1
XMWD,1
YMWD,1
ZMWD,1
ANWD,1
BNWD,1
CNWD,1
DNWD,1
ENWD,1
FNWD,1
GNWD,0
HNWD,0
INWD,1
JNWD,1
KNWD,1
LNWD,1
MNWD,1
NNWD,1
ONWD,1
PNWD,1
QNWD,1
RNWD,1
SNWD,1
TNWD,0
UNWD,1
VNWD,1
WNWD,1
XNWD,1
YNWD,1
ZNWD,1
AOWD,0
BOWD,1
COWD,1
DOWD,1
EOWD,1
FOWD,1
GOWD,1
HOWD,1
IOWD,1
JOWD,1
KOWD,1
LOWD,1
MOWD,1
NOWD,1
OOWD,0
POWD,0
QOWD,0
ROWD,0
SOWD,0
TOWD,0
UOWD,0
VOWD,0
WOWD,0
XOWD,0
YOWD,0
ZOWD,0
APWD,1
BPWD,1
CPWD,1
DPWD,1
EPWD,1
FPWD,1
GPWD,1
HPWD,1
IPWD,1
JPWD,1
KPWD,1
LPWD,1
MPWD,1
NPWD,1
OPWD,1
PPWD,0
QPWD,1
RPWD,1
SPWD,1
TPWD,0
UPWD,1
VPWD,1
WPWD,1
XPWD,1
YPWD,1
ZPWD,0
AQWD,1
BQWD,1
CQWD,1
DQWD,1
EQWD,1
FQWD,1
GQWD,0
HQWD,1
IQWD,1
JQWD,1
KQWD,1
LQWD,1
MQWD,0
NQWD,1
OQWD,1
PQWD,1
QQWD,1
RQWD,1
SQWD,1
TQWD,1
UQWD,0
VQWD,1
WQWD,1
XQWD,0
YQWD,1
ZQWD,1
ARWD,1
BRWD,1
CRWD,0
DRWD,1
ERWD,0
FRWD,1
GRWD,1
HRWD,0
IRWD,0
JRWD,1
KRWD,1
LRWD,1
MRWD,1
NRWD,0
ORWD,0
PRWD,1
QRWD,1
RRWD,1
SRWD,1
TRWD,1
URWD,1
VRWD,0
WRWD,1
XRWD,1
YRWD,0
ZRWD,1
ASWD,1
BSWD,1
CSWD,1
DSWD,1
ESWD,1
FSWD,1
GSWD,1
HSWD,1
ISWD,1
JSWD,1
KSWD,1
LSWD,1
MSWD,1
NSWD,0
OSWD,1
PSWD,1
QSWD,1
RSWD,1
SSWD,1
TSWD,1
USWD,1
VSWD,1
WSWD,1
XSWD,0
YSWD,0
ZSWD,0
ATWD,0
BTWD,0
CTWD,0
DTWD,1
ETWD,1
FTWD,1
GTWD,1
HTWD,0
ITWD,0
JTWD,1
KTWD,1
LTWD,0
MTWD,1
NTWD,0
OTWD,1
PTWD,1
QTWD,1
RTWD,1
STWD,1
TTWD,1
UTWD,1
VTWD,1
WTWD,1
XTWD,1
YTWD,0
ZTWD,1
AUWD,1
BUWD,0
CUWD,1
DUWD,1
EUWD,1
FUWD,1
GUWD,1
HUWD,1
IUWD,1
JUWD,0
KUWD,1
LUWD,1
MUWD,1
NUWD,1
OUWD,1
PUWD,0
QUWD,1
RUWD,1
SUWD,1
TUWD,1
UUWD,1
VUWD,1
WUWD,0
XUWD,1
YUWD,1
ZUWD,1
AVWD,1
BVWD,1
CVWD,1
DVWD,1
EVWD,0
FVWD,1
GVWD,1
HVWD,1
IVWD,1
JVWD,1
KVWD,1
LVWD,1
MVWD,1
NVWD,1
OVWD,1
PVWD,1
QVWD,1
RVWD,1
SVWD,1
TVWD,1
UVWD,1
VVWD,1
WVWD,1
XVWD,1
YVWD,1
ZVWD,1
AWWD,1
BWWD,1
CWWD,1
DWWD,1
EWWD,1
FWWD,1
GWWD,1
HWWD,1
IWWD,1
JWWD,1
KWWD,1
LWWD,1
MWWD,1
NWWD,0
OWWD,0
PWWD,0
QWWD,0
RWWD,0
SWWD,0
TWWD,1
UWWD,1
VWWD,1
WWWD,1
XWWD,1
YWWD,1
ZWWD,1
AXWD,1
BXWD,1
CXWD,1
DXWD,1
EXWD,1
FXWD,1
GXWD,1
HXWD,1
IXWD,1
JXWD,1
KXWD,1
LXWD,1
MXWD,1
NXWD,0
OXWD,1
PXWD,1
QXWD,1
RXWD,0
SXWD,0
TXWD,1
UXWD,1
VXWD,1
WXWD,1
XXWD,1
YXWD,1
ZXWD,1
AYWD,1
BYWD,1
CYWD,1
DYWD,0
EYWD,0
FYWD,1
GYWD,1
HYWD,1
IYWD,1
JYWD,1
KYWD,1
LYWD,1
MYWD,1
NYWD,1
OYWD,1
PYWD,1
QYWD,0
RYWD,1
SYWD,1
TYWD,1
UYWD,1
VYWD,1
WYWD,1
XYWD,1
YYWD,1
ZYWD,1
AZWD,1
BZWD,1
CZWD,1
DZWD,1
EZWD,1
FZWD,1
GZWD,1
HZWD,1
IZWD,1
JZWD,1
KZWD,1
LZWD,1
MZWD,1
NZWD,1
OZWD,1
PZWD,1
QZWD,1
RZWD,1
SZWD,1
TZWD,0
UZWD,1
VZWD,0
WZWD,0
XZWD,0
YZWD,0
ZZWD,1
AAXD,1
BAXD,0
CAXD,0
DAXD,0
EAXD,0
FAXD,0
GAXD,0
HAXD,1
IAXD,1
JAXD,1
KAXD,1
LAXD,1
MAXD,1
NAXD,1
OAXD,1
PAXD,1
QAXD,1
RAXD,1
SAXD,0
TAXD,1
UAXD,1
VAXD,1
WAXD,1
XAXD,1
YAXD,1
ZAXD,1
ABXD,1
BBXD,1
CBXD,1
DBXD,1
EBXD,1
FBXD,1
GBXD,1
HBXD,1
IBXD,1
JBXD,1
KBXD,0
LBXD,1
MBXD,1
NBXD,1
OBXD,1
PBXD,1
QBXD,1
RBXD,1
SBXD,1
TBXD,0
UBXD,1
VBXD,1
WBXD,1
XBXD,1
YBXD,1
ZBXD,1
ACXD,1
BCXD,0
CCXD,0
DCXD,1
ECXD,1
FCXD,0
GCXD,1
HCXD,1
ICXD,1
JCXD,1
KCXD,1
LCXD,1
MCXD,1
NCXD,1
OCXD,1
PCXD,1
QCXD,1
RCXD,1
SCXD,1
TCXD,1
UCXD,1
VCXD,0
WCXD,1
XCXD,1
YCXD,0
ZCXD,0
ADXD,1
BDXD,1
CDXD,1
DDXD,1
EDXD,1
FDXD,0
GDXD,0
HDXD,0
IDXD,0
JDXD,0
KDXD,0
LDXD,1
MDXD,0
NDXD,0
ODXD,1
PDXD,1
QDXD,1
RDXD,0
SDXD,0
TDXD,0
UDXD,0
VDXD,0
WDXD,0
XDXD,0
YDXD,0
ZDXD,0
AEXD,0
BEXD,0
CEXD,0
DEXD,0
EEXD,0
FEXD,0
GEXD,0
HEXD,0
IEXD,0
JEXD,0
KEXD,0
LEXD,0
MEXD,0
NEXD,0
OEXD,0
PEXD,0
QEXD,0
REXD,1
SEXD,1
TEXD,1
UEXD,1
VEXD,1
WEXD,1
XEXD,1
YEXD,1
ZEXD,0
AFXD,1
BFXD,1
CFXD,1
DFXD,1
EFXD,1
FFXD,1
GFXD,1
HFXD,1
IFXD,1
JFXD,1
KFXD,1
LFXD,1
MFXD,1
NFXD,0
OFXD,0
PFXD,0
QFXD,0
RFXD,0
SFXD,0
TFXD,0
UFXD,0
VFXD,0
WFXD,0
XFXD,0
YFXD,1
ZFXD,1
AGXD,0
BGXD,0
CGXD,0
DGXD,1
EGXD,1
FGXD,1
GGXD,1
HGXD,1
IGXD,1
JGXD,0
KGXD,1
LGXD,1
MGXD,1
NGXD,1
OGXD,1
PGXD,1
QGXD,1
RGXD,1
SGXD,1
TGXD,1
UGXD,1
VGXD,0
WGXD,1
XGXD,1
YGXD,1
ZGXD,1
AHXD,1
BHXD,1
CHXD,1
DHXD,1
EHXD,1
FHXD,1
GHXD,1
HHXD,0
IHXD,0
JHXD,0
KHXD,0
LHXD,0
MHXD,0
NHXD,0
OHXD,0
PHXD,0
QHXD,0
RHXD,0
SHXD,0
THXD,0
UHXD,0
VHXD,0
WHXD,0
XHXD,0
YHXD,0
ZHXD,0
AIXD,0
BIXD,0
CIXD,0
DIXD,0
EIXD,0
FIXD,0
GIXD,0
HIXD,0
IIXD,0
JIXD,0
KIXD,0
LIXD,0
MIXD,0
NIXD,1
OIXD,1
PIXD,1
QIXD,1
RIXD,1
SIXD,1
TIXD,1
UIXD,1
VIXD,1
WIXD,1
XIXD,1
YIXD,1
ZIXD,1
AJXD,1
BJXD,1
CJXD,1
DJXD,1
EJXD,1
FJXD,1
GJXD,1
HJXD,0
IJXD,1
JJXD,1
KJXD,1
LJXD,1
MJXD,1
NJXD,1
OJXD,1
PJXD,1
QJXD,1
RJXD,1
SJXD,0
TJXD,0
UJXD,1
VJXD,1
WJXD,1
XJXD,0
YJXD,1
ZJXD,1
AKXD,0
BKXD,1
CKXD,0
DKXD,0
EKXD,1
FKXD,1
GKXD,0
HKXD,1
IKXD,0
JKXD,1
KKXD,1
LKXD,1
MKXD,1
NKXD,1
OKXD,1
PKXD,1
QKXD,1
RKXD,1
SKXD,1
TKXD,1
UKXD,1
VKXD,1
WKXD,1
XKXD,0
YKXD,1
ZKXD,1
ALXD,1
BLXD,1
CLXD,1
DLXD,1
ELXD,1
FLXD,1
GLXD,0
HLXD,1
ILXD,1
JLXD,1
KLXD,1
LLXD,1
MLXD,1
NLXD,1
OLXD,1
PLXD,1
QLXD,1
RLXD,1
SLXD,1
TLXD,1
ULXD,1
VLXD,0
WLXD,1
XLXD,0
YLXD,1
ZLXD,1
AMXD,1
BMXD,1
CMXD,0
DMXD,1
EMXD,1
FMXD,1
GMXD,1
HMXD,1
IMXD,0
JMXD,1
KMXD,1
LMXD,1
MMXD,1
NMXD,1
OMXD,1
PMXD,1
QMXD,1
RMXD,1
SMXD,1
TMXD,1
UMXD,1
VMXD,1
WMXD,0
XMXD,0
YMXD,0
ZMXD,0
ANXD,0
BNXD,0
CNXD,0
DNXD,0
ENXD,0
FNXD,0
GNXD,0
HNXD,0
INXD,0
JNXD,0
KNXD,0
LNXD,0
MNXD,0
NNXD,0
ONXD,0
PNXD,0
QNXD,0
RNXD,0
SNXD,0
TNXD,0
UNXD,0
VNXD,0
WNXD,0
XNXD,0
YNXD,0
ZNXD,0
AOXD,0
BOXD,0
COXD,0
DOXD,0
EOXD,0
FOXD,0
GOXD,0
HOXD,0
IOXD,0
JOXD,0
KOXD,0
LOXD,0
MOXD,0
NOXD,0
OOXD,0
POXD,0
QOXD,0
ROXD,0
SOXD,0
TOXD,0
UOXD,0
VOXD,0
WOXD,0
XOXD,0
YOXD,0
ZOXD,0
APXD,0
BPXD,0
CPXD,0
DPXD,0
EPXD,0
FPXD,0
GPXD,0
HPXD,0
IPXD,0
JPXD,0
KPXD,0
LPXD,0
MPXD,0
NPXD,0
OPXD,0
PPXD,0
QPXD,0
RPXD,0
SPXD,0
TPXD,0
UPXD,0
VPXD,0
WPXD,0
XPXD,0
YPXD,0
ZPXD,0
AQXD,0
BQXD,0
CQXD,0
DQXD,0
EQXD,0
FQXD,0
GQXD,0
HQXD,0
IQXD,0
JQXD,0
KQXD,0
LQXD,0
MQXD,0
NQXD,0
OQXD,0
PQXD,0
QQXD,0
RQXD,0
SQXD,0
TQXD,0
UQXD,0
VQXD,0
WQXD,0
XQXD,0
YQXD,0
ZQXD,0
ARXD,0
BRXD,0
CRXD,0
DRXD,0
ERXD,0
FRXD,0
GRXD,0
HRXD,0
IRXD,0
JRXD,0
KRXD,0
LRXD,0
MRXD,0
NRXD,0
ORXD,0
PRXD,0
QRXD,0
RRXD,0
SRXD,0
TRXD,0
URXD,0
VRXD,0
WRXD,0
XRXD,0
YRXD,0
ZRXD,0
ASXD,0
BSXD,0
CSXD,0
DSXD,0
ESXD,1
FSXD,1
GSXD,1
HSXD,1
ISXD,1
JSXD,1
KSXD,1
LSXD,1
MSXD,0
NSXD,0
OSXD,0
PSXD,1
QSXD,0
RSXD,1
SSXD,1
TSXD,1
USXD,1
VSXD,1
WSXD,1
XSXD,1
YSXD,0
ZSXD,1
ATXD,1
BTXD,1
CTXD,1
DTXD,1
ETXD,1
FTXD,1
GTXD,1
HTXD,1
ITXD,1
JTXD,1
KTXD,1
LTXD,1
MTXD,1
NTXD,1
OTXD,1
PTXD,1
QTXD,1
RTXD,1
STXD,1
TTXD,0
UTXD,1
VTXD,0
WTXD,1
XTXD,1
YTXD,1
ZTXD,1
AUXD,1
BUXD,0
CUXD,1
DUXD,1
EUXD,1
FUXD,1
GUXD,1
HUXD,1
IUXD,1
JUXD,1
KUXD,1
LUXD,1
MUXD,0
NUXD,1
OUXD,1
PUXD,1
QUXD,1
RUXD,1
SUXD,1
TUXD,0
UUXD,1
VUXD,1
WUXD,1
XUXD,1
YUXD,1
ZUXD,1
AVXD,1
BVXD,1
CVXD,1
DVXD,1
EVXD,0
FVXD,0
GVXD,0
HVXD,0
IVXD,0
JVXD,0
KVXD,0
LVXD,0
MVXD,0
NVXD,0
OVXD,0
PVXD,1
QVXD,1
RVXD,1
SVXD,1
TVXD,1
UVXD,1
VVXD,1
WVXD,1
XVXD,1
YVXD,1
ZVXD,1
AWXD,1
BWXD,1
CWXD,1
DWXD,1
EWXD,1
FWXD,1
GWXD,1
HWXD,1
IWXD,1
JWXD,1
KWXD,1
LWXD,1
MWXD,1
NWXD,1
OWXD,1
PWXD,1
QWXD,1
RWXD,1
SWXD,1
TWXD,1
UWXD,1
VWXD,1
WWXD,1
XWXD,1
YWXD,1
ZWXD,1
AXXD,1
BXXD,1
CXXD,1
DXXD,1
EXXD,1
FXXD,0
GXXD,0
HXXD,1
IXXD,1
JXXD,1
KXXD,1
LXXD,1
MXXD,1
NXXD,1
OXXD,1
PXXD,1
QXXD,1
RXXD,1
SXXD,1
TXXD,1
UXXD,1
VXXD,1
WXXD,1
XXXD,1
YXXD,1
ZXXD,1
AYXD,1
BYXD,1
CYXD,1
DYXD,1
EYXD,1
FYXD,1
GYXD,1
HYXD,1
IYXD,1
JYXD,1
KYXD,1
LYXD,1
MYXD,0
NYXD,0
OYXD,1
PYXD,1
QYXD,1
RYXD,0
SYXD,1
TYXD,1
UYXD,1
VYXD,0
WYXD,1
XYXD,1
YYXD,1
ZYXD,1
AZXD,1
BZXD,1
CZXD,1
DZXD,1
EZXD,0
FZXD,0
GZXD,0
HZXD,0
IZXD,0
JZXD,0
KZXD,0
LZXD,0
MZXD,0
NZXD,0
OZXD,0
PZXD,0
QZXD,0
RZXD,0
SZXD,0
TZXD,0
UZXD,0
VZXD,1
WZXD,1
XZXD,0
YZXD,1
ZZXD,0
AAYD,1
BAYD,1
CAYD,1
DAYD,1
EAYD,1
FAYD,1
GAYD,1
HAYD,1
IAYD,1
JAYD,1
KAYD,1
LAYD,1
MAYD,1
NAYD,1
OAYD,0
PAYD,1
QAYD,1
RAYD,1
SAYD,1
TAYD,1
UAYD,1
VAYD,1
WAYD,1
XAYD,1
YAYD,1
ZAYD,1
ABYD,1
BBYD,1
CBYD,1
DBYD,1
EBYD,1
FBYD,1
GBYD,1
HBYD,1
IBYD,1
JBYD,0
KBYD,1
LBYD,1
MBYD,1
NBYD,1
OBYD,1
PBYD,0
QBYD,1
RBYD,1
SBYD,1
TBYD,1
UBYD,1
VBYD,1
WBYD,1
XBYD,1
YBYD,1
ZBYD,1
ACYD,1
BCYD,1
CCYD,0
DCYD,1
ECYD,1
FCYD,1
GCYD,1
HCYD,0
ICYD,1
JCYD,1
KCYD,1
LCYD,0
MCYD,0
NCYD,1
OCYD,1
PCYD,1
QCYD,1
RCYD,1
SCYD,1
TCYD,1
UCYD,1
VCYD,1
WCYD,1
XCYD,1
YCYD,1
ZCYD,1
ADYD,1
BDYD,1
CDYD,1
DDYD,1
EDYD,1
FDYD,1
GDYD,1
HDYD,1
IDYD,1
JDYD,1
KDYD,1
LDYD,1
MDYD,1
NDYD,1
ODYD,1
PDYD,1
QDYD,1
RDYD,1
SDYD,1
TDYD,1
UDYD,1
VDYD,1
WDYD,1
XDYD,1
YDYD,1
ZDYD,0
AEYD,0
BEYD,0
CEYD,0
DEYD,1
EEYD,1
FEYD,1
GEYD,1
HEYD,1
IEYD,1
JEYD,1
KEYD,1
LEYD,1
MEYD,1
NEYD,1
OEYD,1
PEYD,1
QEYD,1
REYD,1
SEYD,0
TEYD,0
UEYD,1
VEYD,1
WEYD,1
XEYD,1
YEYD,0
ZEYD,1
AFYD,1
BFYD,1
CFYD,1
DFYD,0
EFYD,1
FFYD,1
GFYD,1
HFYD,0
IFYD,1
JFYD,1
KFYD,1
LFYD,1
MFYD,1
NFYD,1
OFYD,1
PFYD,1
QFYD,1
RFYD,1
SFYD,1
TFYD,1
UFYD,1
VFYD,1
WFYD,0
XFYD,1
YFYD,1
ZFYD,1
AGYD,1
BGYD,1
CGYD,1
DGYD,0
EGYD,1
FGYD,0
GGYD,1
HGYD,0
IGYD,1
JGYD,1
KGYD,0
LGYD,0
MGYD,1
NGYD,0
OGYD,1
PGYD,0
QGYD,1
RGYD,1
SGYD,1
TGYD,1
UGYD,1
VGYD,1
WGYD,0
XGYD,0
YGYD,1
ZGYD,1
AHYD,1
BHYD,0
CHYD,1
DHYD,1
EHYD,0
FHYD,0
GHYD,1
HHYD,1
IHYD,1
JHYD,1
KHYD,1
LHYD,1
MHYD,0
NHYD,1
OHYD,0
PHYD,1
QHYD,1
RHYD,0
SHYD,1
THYD,1
UHYD,1
VHYD,1
WHYD,1
XHYD,1
YHYD,1
ZHYD,1
AIYD,0
BIYD,0
CIYD,0
DIYD,0
EIYD,0
FIYD,1
GIYD,0
HIYD,1
IIYD,1
JIYD,1
KIYD,1
LIYD,0
MIYD,1
NIYD,1
OIYD,0
PIYD,1
QIYD,1
RIYD,1
SIYD,0
TIYD,1
UIYD,1
VIYD,0
WIYD,0
XIYD,1
YIYD,0
ZIYD,1
AJYD,1
BJYD,1
CJYD,0
DJYD,0
EJYD,0
FJYD,0
GJYD,0
HJYD,0
IJYD,0
JJYD,1
KJYD,0
LJYD,0
MJYD,1
NJYD,1
OJYD,1
PJYD,1
QJYD,0
RJYD,1
SJYD,1
TJYD,1
UJYD,1
VJYD,1
WJYD,1
XJYD,1
YJYD,0
ZJYD,0
AKYD,0
BKYD,0
CKYD,0
DKYD,0
EKYD,0
FKYD,0
GKYD,0
HKYD,1
IKYD,1
JKYD,0
KKYD,1
LKYD,1
MKYD,0
NKYD,1
OKYD,1
PKYD,1
QKYD,1
RKYD,1
SKYD,1
TKYD,1
UKYD,1
VKYD,1
WKYD,1
XKYD,1
YKYD,0
ZKYD,1
ALYD,1
BLYD,1
CLYD,1
DLYD,1
ELYD,0
FLYD,1
GLYD,1
HLYD,1
ILYD,1
JLYD,0
KLYD,1
LLYD,1
MLYD,0
NLYD,0
OLYD,0
PLYD,0
QLYD,0
RLYD,0
SLYD,0
TLYD,0
ULYD,0
VLYD,0
WLYD,1
XLYD,1
YLYD,1
ZLYD,1
AMYD,1
BMYD,1
CMYD,0
DMYD,1
EMYD,1
FMYD,1
GMYD,1
HMYD,1
IMYD,1
JMYD,1
KMYD,1
LMYD,1
MMYD,1
NMYD,1
OMYD,1
PMYD,1
QMYD,1
RMYD,1
SMYD,0
TMYD,1
UMYD,1
VMYD,0
WMYD,1
XMYD,0
YMYD,1
ZMYD,1
ANYD,1
BNYD,1
CNYD,1
DNYD,1
ENYD,1
FNYD,1
GNYD,0
HNYD,1
INYD,0
JNYD,1
KNYD,1
LNYD,1
MNYD,1
NNYD,1
ONYD,1
PNYD,1
QNYD,0
RNYD,1
SNYD,1
TNYD,1
UNYD,1
VNYD,1
WNYD,1
XNYD,1
YNYD,1
ZNYD,0
AOYD,1
BOYD,1
COYD,1
DOYD,1
EOYD,1
FOYD,1
GOYD,1
HOYD,1
IOYD,1
JOYD,1
KOYD,1
LOYD,1
MOYD,0
NOYD,1
OOYD,1
POYD,1
QOYD,1
ROYD,1
SOYD,0
TOYD,1
UOYD,1
VOYD,1
WOYD,1
XOYD,1
YOYD,1
ZOYD,0
APYD,1
BPYD,1
CPYD,0
DPYD,1
EPYD,1
FPYD,1
GPYD,0
HPYD,0
IPYD,1
JPYD,1
KPYD,1
LPYD,1
MPYD,0
NPYD,0
OPYD,0
PPYD,0
QPYD,0
RPYD,1
SPYD,0
TPYD,0
UPYD,1
VPYD,0
WPYD,0
XPYD,0
YPYD,1
ZPYD,1
AQYD,0
BQYD,0
CQYD,1
DQYD,1
EQYD,1
FQYD,1
GQYD,1
HQYD,1
IQYD,1
JQYD,1
KQYD,1
LQYD,1
MQYD,1
NQYD,1
OQYD,1
PQYD,1
QQYD,1
RQYD,1
SQYD,1
TQYD,1
UQYD,1
VQYD,0
WQYD,1
XQYD,1
YQYD,1
ZQYD,1
ARYD,1
BRYD,1
CRYD,1
DRYD,0
ERYD,0
FRYD,1
GRYD,1
HRYD,1
IRYD,1
JRYD,1
KRYD,1
LRYD,0
MRYD,1
NRYD,1
ORYD,1
PRYD,1
QRYD,1
RRYD,1
SRYD,0
TRYD,1
URYD,1
VRYD,0
WRYD,0
XRYD,1
YRYD,1
ZRYD,1
ASYD,1
BSYD,1
CSYD,1
DSYD,1
ESYD,1
FSYD,1
GSYD,1
HSYD,1
ISYD,1
JSYD,1
KSYD,1
LSYD,1
MSYD,1
NSYD,1
OSYD,1
PSYD,0
QSYD,1
RSYD,1
SSYD,0
TSYD,1
USYD,1
VSYD,1
WSYD,1
XSYD,0
YSYD,1
ZSYD,1
ATYD,1
BTYD,1
CTYD,1
DTYD,1
ETYD,1
FTYD,1
GTYD,0
HTYD,0
ITYD,0
JTYD,0
KTYD,0
LTYD,1
MTYD,1
NTYD,1
OTYD,1
PTYD,1
QTYD,1
RTYD,1
STYD,1
TTYD,1
UTYD,1
VTYD,0
WTYD,1
XTYD,1
YTYD,1
ZTYD,1
AUYD,1
BUYD,1
CUYD,1
DUYD,1
EUYD,1
FUYD,1
GUYD,1
HUYD,1
IUYD,1
JUYD,1
KUYD,1
LUYD,1
MUYD,1
NUYD,1
OUYD,1
PUYD,1
QUYD,1
RUYD,1
SUYD,1
TUYD,1
UUYD,1
VUYD,1
WUYD,1
XUYD,1
YUYD,1
ZUYD,1
AVYD,1
BVYD,1
CVYD,1
DVYD,1
EVYD,1
FVYD,1
GVYD,1
HVYD,1
IVYD,1
JVYD,1
KVYD,1
LVYD,1
MVYD,1
NVYD,1
OVYD,1
PVYD,1
QVYD,1
RVYD,0
SVYD,1
TVYD,1
UVYD,1
VVYD,1
WVYD,1
XVYD,1
YVYD,1
ZVYD,1
AWYD,0
BWYD,1
CWYD,1
DWYD,1
EWYD,1
FWYD,0
GWYD,1
HWYD,1
IWYD,0
JWYD,0
KWYD,1
LWYD,0
MWYD,1
NWYD,0
OWYD,1
PWYD,1
QWYD,0
RWYD,1
SWYD,1
TWYD,1
UWYD,1
VWYD,1
WWYD,0
XWYD,0
YWYD,0
ZWYD,0
AXYD,0
BXYD,1
CXYD,0
DXYD,1
EXYD,1
FXYD,0
GXYD,0
HXYD,0
IXYD,1
JXYD,0
KXYD,1
LXYD,1
MXYD,1
NXYD,1
OXYD,1
PXYD,1
QXYD,1
RXYD,1
SXYD,1
TXYD,0
UXYD,1
VXYD,1
WXYD,1
XXYD,1
YXYD,1
ZXYD,1
AYYD,0
BYYD,1
CYYD,1
DYYD,1
EYYD,1
FYYD,1
GYYD,1
HYYD,1
IYYD,1
JYYD,1
KYYD,1
LYYD,0
MYYD,1
NYYD,1
OYYD,1
PYYD,1
QYYD,0
RYYD,1
SYYD,1
TYYD,1
UYYD,1
VYYD,1
WYYD,1
XYYD,1
YYYD,1
ZYYD,1
AZYD,1
BZYD,1
CZYD,1
DZYD,1
EZYD,0
FZYD,1
GZYD,0
HZYD,1
IZYD,1
JZYD,1
KZYD,1
LZYD,1
MZYD,1
NZYD,1
OZYD,1
PZYD,0
QZYD,1
RZYD,1
SZYD,1
TZYD,1
UZYD,1
VZYD,1
WZYD,1
XZYD,1
YZYD,1
ZZYD,1
AAZD,1
BAZD,1
CAZD,1
DAZD,1
EAZD,1
FAZD,1
GAZD,1
HAZD,1
IAZD,1
JAZD,1
KAZD,1
LAZD,1
MAZD,1
NAZD,1
OAZD,1
PAZD,1
QAZD,1
RAZD,1
SAZD,1
TAZD,1
UAZD,1
VAZD,1
WAZD,1
XAZD,1
YAZD,1
ZAZD,1
ABZD,1
BBZD,1
CBZD,1
DBZD,1
EBZD,0
FBZD,0
GBZD,0
HBZD,1
IBZD,0
JBZD,0
KBZD,0
LBZD,0
MBZD,0
NBZD,0
OBZD,0
PBZD,0
QBZD,0
RBZD,0
SBZD,0
TBZD,0
UBZD,0
VBZD,0
WBZD,0
XBZD,0
YBZD,0
ZBZD,0
ACZD,0
BCZD,0
CCZD,0
DCZD,0
ECZD,0
FCZD,0
GCZD,0
HCZD,0
ICZD,0
JCZD,0
KCZD,0
LCZD,0
MCZD,0
NCZD,0
OCZD,0
PCZD,0
QCZD,0
RCZD,0
SCZD,0
TCZD,0
UCZD,0
VCZD,0
WCZD,0
XCZD,0
YCZD,0
ZCZD,0
ADZD,0
BDZD,0
CDZD,0
DDZD,0
EDZD,0
FDZD,0
GDZD,0
HDZD,0
IDZD,0
JDZD,0
KDZD,0
LDZD,0
MDZD,0
NDZD,0
ODZD,0
PDZD,0
QDZD,0
RDZD,0
SDZD,0
TDZD,1
UDZD,1
VDZD,1
WDZD,1
XDZD,1
YDZD,0
ZDZD,0
AEZD,0
BEZD,1
CEZD,1
DEZD,1
EEZD,1
FEZD,0
GEZD,1
HEZD,0
IEZD,0
JEZD,0
KEZD,0
LEZD,0
MEZD,1
NEZD,0
OEZD,0
PEZD,1
QEZD,0
REZD,1
SEZD,1
TEZD,1
UEZD,1
VEZD,1
WEZD,1
XEZD,1
YEZD,1
ZEZD,1
AFZD,1
BFZD,1
CFZD,1
DFZD,1
EFZD,1
FFZD,1
GFZD,1
HFZD,1
IFZD,1
JFZD,1
KFZD,1
LFZD,1
MFZD,0
NFZD,1
OFZD,1
PFZD,1
QFZD,1
RFZD,1
SFZD,1
TFZD,1
UFZD,0
VFZD,0
WFZD,1
XFZD,1
YFZD,1
ZFZD,1
AGZD,1
BGZD,0
CGZD,1
DGZD,1
EGZD,1
FGZD,1
GGZD,1
HGZD,1
IGZD,1
JGZD,1
KGZD,1
LGZD,1
MGZD,1
NGZD,1
OGZD,1
PGZD,1
QGZD,1
RGZD,0
SGZD,1
TGZD,0
UGZD,0
VGZD,0
WGZD,1
XGZD,1
YGZD,1
ZGZD,1
AHZD,1
BHZD,1
CHZD,1
DHZD,1
EHZD,1
FHZD,1
GHZD,1
HHZD,1
IHZD,1
JHZD,1
KHZD,1
LHZD,1
MHZD,0
NHZD,0
OHZD,0
PHZD,0
QHZD,0
RHZD,0
SHZD,1
THZD,0
UHZD,1
VHZD,0
WHZD,1
XHZD,1
YHZD,0
ZHZD,1
AIZD,1
BIZD,1
CIZD,1
DIZD,1
EIZD,1
FIZD,1
GIZD,1
HIZD,1
IIZD,1
JIZD,1
KIZD,1
LIZD,0
MIZD,1
NIZD,1
OIZD,1
PIZD,0
QIZD,1
RIZD,0
SIZD,0
TIZD,0
UIZD,0
VIZD,0
WIZD,0
XIZD,0
YIZD,0
ZIZD,0
AJZD,0
BJZD,0
CJZD,0
DJZD,0
EJZD,1
FJZD,1
GJZD,1
HJZD,1
IJZD,1
JJZD,1
KJZD,1
LJZD,1
MJZD,1
NJZD,1
OJZD,1
PJZD,1
QJZD,1
RJZD,1
SJZD,0
TJZD,0
UJZD,1
VJZD,1
WJZD,1
XJZD,1
YJZD,0
ZJZD,0
AKZD,1
BKZD,1
CKZD,1
DKZD,1
EKZD,1
FKZD,1
GKZD,1
HKZD,1
IKZD,1
JKZD,1
KKZD,1
LKZD,0
MKZD,1
NKZD,0
OKZD,0
PKZD,0
QKZD,0
RKZD,0
SKZD,0
TKZD,0
UKZD,0
VKZD,0
WKZD,0
XKZD,0
YKZD,0
ZKZD,0
ALZD,1
BLZD,1
CLZD,1
DLZD,1
ELZD,1
FLZD,1
GLZD,0
HLZD,1
ILZD,1
JLZD,1
KLZD,1
LLZD,1
MLZD,1
NLZD,1
OLZD,0
PLZD,1
QLZD,1
RLZD,1
SLZD,1
TLZD,1
ULZD,1
VLZD,1
WLZD,1
XLZD,1
YLZD,0
ZLZD,1
AMZD,1
BMZD,1
CMZD,1
DMZD,1
EMZD,1
FMZD,1
GMZD,1
HMZD,1
IMZD,1
JMZD,1
KMZD,1
LMZD,1
MMZD,1
NMZD,1
OMZD,1
PMZD,1
QMZD,1
RMZD,1
SMZD,1
TMZD,1
UMZD,1
VMZD,1
WMZD,1
XMZD,1
YMZD,1
ZMZD,0
ANZD,1
BNZD,1
CNZD,1
DNZD,1
ENZD,1
FNZD,1
GNZD,1
HNZD,0
INZD,1
JNZD,1
KNZD,1
LNZD,1
MNZD,1
NNZD,0
ONZD,0
PNZD,0
QNZD,1
RNZD,1
SNZD,1
TNZD,0
UNZD,0
VNZD,1
WNZD,1
XNZD,1
YNZD,1
ZNZD,1
AOZD,1
BOZD,1
COZD,0
DOZD,0
EOZD,1
FOZD,1
GOZD,1
HOZD,1
IOZD,0
JOZD,0
KOZD,0
LOZD,1
MOZD,0
NOZD,1
OOZD,1
POZD,0
QOZD,1
ROZD,1
SOZD,0
TOZD,1
UOZD,1
VOZD,0
WOZD,0
XOZD,0
YOZD,0
ZOZD,0
APZD,0
BPZD,0
CPZD,0
DPZD,0
EPZD,0
FPZD,0
GPZD,1
HPZD,1
IPZD,1
JPZD,0
KPZD,1
LPZD,1
MPZD,1
NPZD,1
OPZD,1
PPZD,1
QPZD,1
RPZD,1
SPZD,1
TPZD,1
UPZD,1
VPZD,1
WPZD,1
XPZD,1
YPZD,1
ZPZD,1
AQZD,0
BQZD,1
CQZD,1
DQZD,1
EQZD,1
FQZD,1
GQZD,1
HQZD,0
IQZD,0
JQZD,1
KQZD,1
LQZD,1
MQZD,1
NQZD,0
OQZD,1
PQZD,1
QQZD,1
RQZD,1
SQZD,1
TQZD,0
UQZD,1
VQZD,1
WQZD,1
XQZD,1
YQZD,1
ZQZD,1
ARZD,1
BRZD,0
CRZD,1
DRZD,1
ERZD,1
FRZD,1
GRZD,1
HRZD,0
IRZD,1
JRZD,1
KRZD,1
LRZD,1
MRZD,1
NRZD,1
ORZD,1
PRZD,1
QRZD,1
RRZD,1
SRZD,1
TRZD,1
URZD,0
VRZD,1
WRZD,1
XRZD,1
YRZD,1
ZRZD,1
ASZD,1
BSZD,1
CSZD,1
DSZD,1
ESZD,1
FSZD,0
GSZD,1
HSZD,1
ISZD,1
JSZD,0
KSZD,1
LSZD,1
MSZD,1
NSZD,1
OSZD,1
PSZD,1
QSZD,0
RSZD,1
SSZD,1
TSZD,1
USZD,1
VSZD,1
WSZD,1
XSZD,1
YSZD,1
ZSZD,1
ATZD,0
BTZD,1
CTZD,1
DTZD,0
ETZD,0
FTZD,0
GTZD,0
HTZD,1
ITZD,0
JTZD,0
KTZD,0
LTZD,0
MTZD,1
NTZD,1
OTZD,1
PTZD,1
QTZD,0
RTZD,1
STZD,1
TTZD,0
UTZD,0
VTZD,1
WTZD,1
XTZD,1
YTZD,0
ZTZD,0
AUZD,0
BUZD,1
CUZD,1
DUZD,1
EUZD,1
FUZD,1
GUZD,1
HUZD,1
IUZD,1
JUZD,1
KUZD,1
LUZD,1
MUZD,1
NUZD,1
OUZD,1
PUZD,1
QUZD,1
RUZD,1
SUZD,1
TUZD,1
UUZD,1
VUZD,1
WUZD,1
XUZD,1
YUZD,1
ZUZD,1
AVZD,1
BVZD,0
CVZD,1
DVZD,1
EVZD,1
FVZD,1
GVZD,1
HVZD,0
IVZD,1
JVZD,1
KVZD,1
LVZD,1
MVZD,1
NVZD,1
OVZD,0
PVZD,1
QVZD,1
RVZD,1
SVZD,1
TVZD,1
UVZD,1
VVZD,1
WVZD,1
XVZD,1
YVZD,1
ZVZD,1
AWZD,1
BWZD,1
CWZD,0
DWZD,1
EWZD,1
FWZD,1
GWZD,1
HWZD,1
IWZD,1
JWZD,0
KWZD,0
LWZD,0
MWZD,0
NWZD,0
OWZD,0
PWZD,0
QWZD,0
RWZD,0
SWZD,0
TWZD,0
UWZD,0
VWZD,0
WWZD,0
XWZD,0
YWZD,0
ZWZD,0
AXZD,0
BXZD,0
CXZD,0
DXZD,0
EXZD,0
FXZD,0
GXZD,0
HXZD,0
IXZD,0
JXZD,0
KXZD,0
LXZD,0
MXZD,0
NXZD,0
OXZD,0
PXZD,0
QXZD,0
RXZD,0
SXZD,0
TXZD,0
UXZD,0
VXZD,0
WXZD,0
XXZD,0
YXZD,0
ZXZD,0
AYZD,0
BYZD,0
CYZD,0
DYZD,0
EYZD,0
FYZD,0
GYZD,0
HYZD,0
IYZD,0
JYZD,0
KYZD,0
LYZD,0
MYZD,0
NYZD,0
OYZD,0
PYZD,0
QYZD,0
RYZD,0
SYZD,0
TYZD,0
UYZD,0
VYZD,0
WYZD,0
XYZD,0
YYZD,0
ZYZD,0
AZZD,0
BZZD,0
CZZD,0
DZZD,0
EZZD,0
FZZD,0
GZZD,0
HZZD,0
IZZD,1
JZZD,1
KZZD,1
LZZD,1
MZZD,1
NZZD,1
OZZD,1
PZZD,1
QZZD,1
RZZD,1
SZZD,1
TZZD,1
UZZD,1
VZZD,1
WZZD,1
XZZD,1
YZZD,1
ZZZD,1
AAAE,1
BAAE,1
CAAE,1
DAAE,1
EAAE,1
FAAE,1
GAAE,1
HAAE,1
IAAE,1
JAAE,1
KAAE,1
LAAE,1
MAAE,0
NAAE,1
OAAE,1
PAAE,1
QAAE,1
RAAE,1
SAAE,1
TAAE,1
UAAE,1
VAAE,1
WAAE,1
XAAE,1
YAAE,1
ZAAE,1
ABAE,1
BBAE,1
CBAE,1
DBAE,1
EBAE,1
FBAE,1
GBAE,1
HBAE,1
IBAE,1
JBAE,0
KBAE,0
LBAE,1
MBAE,1
NBAE,1
OBAE,1
PBAE,1
QBAE,1
RBAE,1
SBAE,1
TBAE,1
UBAE,1
VBAE,1
WBAE,1
XBAE,1
YBAE,1
ZBAE,1
ACAE,1
BCAE,1
CCAE,1
DCAE,1
ECAE,1
FCAE,1
GCAE,1
HCAE,1
ICAE,1
JCAE,1
KCAE,1
LCAE,1
MCAE,1
NCAE,1
OCAE,1
PCAE,1
QCAE,1
RCAE,0
SCAE,1
TCAE,0
UCAE,1
VCAE,1
WCAE,0
XCAE,1
YCAE,1
ZCAE,0
ADAE,1
BDAE,0
CDAE,0
DDAE,1
EDAE,1
FDAE,1
GDAE,1
HDAE,1
IDAE,1
JDAE,1
KDAE,1
LDAE,1
MDAE,1
NDAE,1
ODAE,1
PDAE,1
QDAE,1
RDAE,1
SDAE,1
TDAE,1
UDAE,1
VDAE,1
WDAE,1
XDAE,1
YDAE,1
ZDAE,1
AEAE,0
BEAE,1
CEAE,1
DEAE,1
EEAE,1
FEAE,1
GEAE,0
HEAE,1
IEAE,1
JEAE,0
KEAE,0
LEAE,0
MEAE,0
NEAE,0
OEAE,0
PEAE,1
QEAE,1
REAE,1
SEAE,1
TEAE,0
UEAE,0
VEAE,1
WEAE,1
XEAE,1
YEAE,1
ZEAE,1
AFAE,1
BFAE,1
CFAE,0
DFAE,1
EFAE,0
FFAE,1
GFAE,1
HFAE,1
IFAE,1
JFAE,1
KFAE,1
LFAE,1
MFAE,1
NFAE,1
OFAE,1
PFAE,1
QFAE,1
RFAE,1
SFAE,1
TFAE,1
UFAE,1
VFAE,1
WFAE,1
XFAE,1
YFAE,1
ZFAE,1
AGAE,1
BGAE,1
CGAE,1
DGAE,1
EGAE,1
FGAE,1
GGAE,0
HGAE,1
IGAE,1
JGAE,0
KGAE,1
LGAE,1
MGAE,1
NGAE,1
OGAE,1
PGAE,1
QGAE,1
RGAE,1
SGAE,0
TGAE,1
UGAE,1
VGAE,1
WGAE,1
XGAE,1
YGAE,1
ZGAE,0
AHAE,0
BHAE,0
CHAE,0
DHAE,0
EHAE,0
FHAE,0
GHAE,1
HHAE,1
IHAE,1
JHAE,1
KHAE,1
LHAE,1
MHAE,1
NHAE,1
OHAE,1
PHAE,1
QHAE,0
RHAE,0
SHAE,0
THAE,0
UHAE,0
VHAE,0
WHAE,0
XHAE,0
YHAE,0
ZHAE,1
AIAE,0
BIAE,0
CIAE,1
DIAE,0
EIAE,0
FIAE,1
GIAE,1
HIAE,1
IIAE,1
JIAE,1
KIAE,0
LIAE,0
MIAE,1
NIAE,1
OIAE,1
PIAE,1
QIAE,1
RIAE,1
SIAE,1
TIAE,1
UIAE,1
VIAE,1
WIAE,0
XIAE,0
YIAE,1
ZIAE,1
AJAE,0
BJAE,1
CJAE,0
DJAE,1
EJAE,0
FJAE,1
GJAE,1
HJAE,0
IJAE,0
JJAE,0
KJAE,1
LJAE,1
MJAE,1
NJAE,0
OJAE,1
PJAE,1
QJAE,1
RJAE,0
SJAE,1
TJAE,0
UJAE,1
VJAE,1
WJAE,0
XJAE,1
YJAE,0
ZJAE,1
AKAE,1
BKAE,1
CKAE,0
DKAE,1
EKAE,1
FKAE,1
GKAE,1
HKAE,1
IKAE,1
JKAE,0
KKAE,0
LKAE,0
MKAE,0
NKAE,0
OKAE,0
PKAE,1
QKAE,1
RKAE,1
SKAE,0
TKAE,1
UKAE,1
VKAE,1
WKAE,0
XKAE,1
YKAE,1
ZKAE,1
ALAE,1
BLAE,0
CLAE,1
DLAE,1
ELAE,1
FLAE,1
GLAE,1
HLAE,1
ILAE,1
JLAE,1
KLAE,1
LLAE,1
MLAE,0
NLAE,1
OLAE,0
PLAE,1
QLAE,1
RLAE,0
SLAE,1
TLAE,1
ULAE,1
VLAE,1
WLAE,1
XLAE,1
YLAE,1
ZLAE,1
AMAE,1
BMAE,1
CMAE,1
DMAE,1
EMAE,1
FMAE,0
GMAE,0
HMAE,0
IMAE,0
JMAE,0
KMAE,0
LMAE,0
MMAE,1
NMAE,1
OMAE,0
PMAE,0
QMAE,0
RMAE,1
SMAE,1
TMAE,1
UMAE,1
VMAE,1
WMAE,1
XMAE,1
YMAE,1
ZMAE,1
ANAE,1
BNAE,1
CNAE,1
DNAE,1
ENAE,1
FNAE,1
GNAE,1
HNAE,1
INAE,1
JNAE,1
KNAE,1
LNAE,1
MNAE,1
NNAE,1
ONAE,1
PNAE,1
QNAE,1
RNAE,1
SNAE,1
TNAE,1
UNAE,1
VNAE,1
WNAE,0
XNAE,1
YNAE,0
ZNAE,1
AOAE,0
BOAE,1
COAE,1
DOAE,1
EOAE,0
FOAE,1
GOAE,1
HOAE,1
IOAE,1
JOAE,1
KOAE,0
LOAE,1
MOAE,1
NOAE,0
OOAE,0
POAE,1
QOAE,1
ROAE,0
SOAE,1
TOAE,1
UOAE,1
VOAE,1
WOAE,1
XOAE,1
YOAE,1
ZOAE,0
APAE,0
BPAE,0
CPAE,0
DPAE,0
EPAE,0
FPAE,0
GPAE,0
HPAE,0
IPAE,0
JPAE,0
KPAE,0
LPAE,0
MPAE,0
NPAE,0
OPAE,0
PPAE,0
QPAE,0
RPAE,0
SPAE,0
TPAE,0
UPAE,0
VPAE,0
WPAE,0
XPAE,0
YPAE,0
ZPAE,0
AQAE,1
BQAE,0
CQAE,0
DQAE,0
EQAE,0
FQAE,0
GQAE,0
HQAE,0
IQAE,0
JQAE,0
KQAE,0
LQAE,0
MQAE,0
NQAE,0
OQAE,0
PQAE,0
QQAE,0
RQAE,0
SQAE,0
TQAE,0
UQAE,0
VQAE,0
WQAE,0
XQAE,0
YQAE,0
ZQAE,1
ARAE,0
BRAE,1
CRAE,1
DRAE,1
ERAE,1
FRAE,1
GRAE,1
HRAE,1
IRAE,1
JRAE,0
KRAE,1
LRAE,1
MRAE,1
NRAE,0
ORAE,1
PRAE,1
QRAE,1
RRAE,1
SRAE,1
TRAE,1
URAE,1
VRAE,1
WRAE,1
XRAE,1
YRAE,1
ZRAE,1
ASAE,1
BSAE,1
CSAE,1
DSAE,0
ESAE,1
FSAE,0
GSAE,1
HSAE,1
ISAE,1
JSAE,0
KSAE,1
LSAE,1
MSAE,0
NSAE,1
OSAE,1
PSAE,1
QSAE,1
RSAE,1
SSAE,1
TSAE,1
USAE,1
VSAE,1
WSAE,1
XSAE,1
YSAE,1
ZSAE,1
ATAE,1
BTAE,1
CTAE,1
DTAE,0
ETAE,1
FTAE,1
GTAE,1
HTAE,0
ITAE,1
JTAE,1
KTAE,0
LTAE,1
MTAE,1
NTAE,0
OTAE,0
PTAE,1
QTAE,0
RTAE,1
STAE,1
TTAE,1
UTAE,1
VTAE,1
WTAE,1
XTAE,1
YTAE,1
ZTAE,1
AUAE,1
BUAE,1
CUAE,0
DUAE,1
EUAE,0
FUAE,0
GUAE,0
HUAE,0
IUAE,0
JUAE,0
KUAE,0
LUAE,0
MUAE,1
NUAE,1
OUAE,1
PUAE,1
QUAE,1
RUAE,1
SUAE,1
TUAE,1
UUAE,1
VUAE,0
WUAE,1
XUAE,1
YUAE,1
ZUAE,1
AVAE,1
BVAE,1
CVAE,1
DVAE,0
EVAE,1
FVAE,1
GVAE,1
HVAE,0
IVAE,1
JVAE,1
KVAE,1
LVAE,1
MVAE,1
NVAE,1
OVAE,1
PVAE,1
QVAE,0
RVAE,1
SVAE,1
TVAE,1
UVAE,1
VVAE,1
WVAE,0
XVAE,1
YVAE,1
ZVAE,1
AWAE,1
BWAE,1
CWAE,1
DWAE,0
EWAE,1
FWAE,1
GWAE,0
HWAE,1
IWAE,1
JWAE,1
KWAE,0
LWAE,1
MWAE,1
NWAE,1
OWAE,1
PWAE,1
QWAE,1
RWAE,0
SWAE,0
TWAE,0
UWAE,1
VWAE,0
WWAE,1
XWAE,1
YWAE,1
ZWAE,1
AXAE,1
BXAE,1
CXAE,1
DXAE,1
EXAE,1
FXAE,0
GXAE,0
HXAE,1
IXAE,1
JXAE,1
KXAE,1
LXAE,1
MXAE,1
NXAE,1
OXAE,1
PXAE,1
QXAE,1
RXAE,1
SXAE,1
TXAE,1
UXAE,1
VXAE,1
WXAE,1
XXAE,1
YXAE,1
ZXAE,1
AYAE,1
BYAE,1
CYAE,1
DYAE,1
EYAE,1
FYAE,1
GYAE,1
HYAE,1
IYAE,1
JYAE,1
KYAE,1
LYAE,1
MYAE,0
NYAE,1
OYAE,1
PYAE,1
QYAE,1
RYAE,1
SYAE,1
TYAE,1
UYAE,1
VYAE,1
WYAE,1
XYAE,1
YYAE,0
ZYAE,1
AZAE,1
BZAE,0
CZAE,1
DZAE,1
EZAE,1
FZAE,1
GZAE,1
HZAE,0
IZAE,0
JZAE,0
KZAE,0
LZAE,1
MZAE,1
NZAE,1
OZAE,1
PZAE,1
QZAE,0
RZAE,1
SZAE,1
TZAE,1
UZAE,0
VZAE,0
WZAE,1
XZAE,1
YZAE,1
ZZAE,1
AABE,1
BABE,1
CABE,1
DABE,1
EABE,0
FABE,0
GABE,1
HABE,1
IABE,0
JABE,1
KABE,1
LABE,1
MABE,1
NABE,1
OABE,1
PABE,1
QABE,1
RABE,1
SABE,1
TABE,1
UABE,0
VABE,1
WABE,1
XABE,1
YABE,0
ZABE,1
ABBE,1
BBBE,0
CBBE,1
DBBE,1
EBBE,1
FBBE,1
GBBE,1
HBBE,1
IBBE,1
JBBE,1
KBBE,1
LBBE,1
MBBE,1
NBBE,1
OBBE,1
PBBE,1
QBBE,0
RBBE,1
SBBE,1
TBBE,1
UBBE,0
VBBE,1
WBBE,1
XBBE,1
YBBE,1
ZBBE,1
ACBE,1
BCBE,1
CCBE,1
DCBE,1
ECBE,1
FCBE,1
GCBE,1
HCBE,1
ICBE,1
JCBE,1
KCBE,0
LCBE,1
MCBE,1
NCBE,1
OCBE,1
PCBE,1
QCBE,1
RCBE,0
SCBE,0
TCBE,0
UCBE,1
VCBE,0
WCBE,1
XCBE,1
YCBE,1
ZCBE,1
ADBE,0
BDBE,1
CDBE,1
DDBE,1
EDBE,1
FDBE,1
GDBE,0
HDBE,0
IDBE,0
JDBE,0
KDBE,1
LDBE,1
MDBE,0
NDBE,1
ODBE,1
PDBE,0
QDBE,1
RDBE,0
SDBE,0
TDBE,0
UDBE,1
VDBE,1
WDBE,0
XDBE,0
YDBE,0
ZDBE,0
AEBE,0
BEBE,0
CEBE,0
DEBE,0
EEBE,0
FEBE,0
GEBE,0
HEBE,0
IEBE,0
JEBE,0
KEBE,0
LEBE,0
MEBE,1
NEBE,1
OEBE,1
PEBE,0
QEBE,1
REBE,1
SEBE,1
TEBE,1
UEBE,1
VEBE,0
WEBE,0
XEBE,0
YEBE,1
ZEBE,1
AFBE,1
BFBE,1
CFBE,1
DFBE,0
EFBE,1
FFBE,1
GFBE,1
HFBE,1
IFBE,1
JFBE,0
KFBE,0
LFBE,0
MFBE,0
NFBE,0
OFBE,0
PFBE,0
QFBE,0
RFBE,0
SFBE,0
TFBE,1
UFBE,1
VFBE,1
WFBE,1
XFBE,0
YFBE,0
ZFBE,1
AGBE,1
BGBE,1
CGBE,1
DGBE,1
EGBE,1
FGBE,1
GGBE,1
HGBE,1
IGBE,1
JGBE,1
KGBE,1
LGBE,1
MGBE,0
NGBE,1
OGBE,1
PGBE,1
QGBE,1
RGBE,0
SGBE,1
TGBE,1
UGBE,0
VGBE,1
WGBE,1
XGBE,1
YGBE,1
ZGBE,1
AHBE,1
BHBE,0
CHBE,0
DHBE,0
EHBE,0
FHBE,0
GHBE,0
HHBE,0
IHBE,0
JHBE,0
KHBE,0
LHBE,1
MHBE,0
NHBE,1
OHBE,1
PHBE,1
QHBE,1
RHBE,1
SHBE,0
THBE,1
UHBE,1
VHBE,1
WHBE,1
XHBE,1
YHBE,1
ZHBE,1
AIBE,1
BIBE,1
CIBE,1
DIBE,1
EIBE,1
FIBE,1
GIBE,0
HIBE,0
IIBE,1
JIBE,1
KIBE,1
LIBE,1
MIBE,1
NIBE,1
OIBE,1
PIBE,1
QIBE,1
RIBE,1
SIBE,1
TIBE,0
UIBE,1
VIBE,1
WIBE,1
XIBE,1
YIBE,1
ZIBE,1
AJBE,1
BJBE,1
CJBE,1
DJBE,1
EJBE,1
FJBE,1
GJBE,1
HJBE,1
IJBE,1
JJBE,1
KJBE,1
LJBE,1
MJBE,1
NJBE,1
OJBE,1
PJBE,0
QJBE,0
RJBE,0
SJBE,0
TJBE,0
UJBE,0
VJBE,0
WJBE,0
XJBE,0
YJBE,0
ZJBE,0
AKBE,0
BKBE,0
CKBE,0
DKBE,0
EKBE,0
FKBE,0
GKBE,0
HKBE,1
IKBE,0
JKBE,0
KKBE,0
LKBE,0
MKBE,0
NKBE,0
OKBE,0
PKBE,0
QKBE,0
RKBE,0
SKBE,0
TKBE,0
UKBE,0
VKBE,0
WKBE,0
XKBE,0
YKBE,0
ZKBE,0
ALBE,0
BLBE,0
CLBE,0
DLBE,0
ELBE,0
FLBE,0
GLBE,0
HLBE,0
ILBE,0
JLBE,0
KLBE,0
LLBE,0
MLBE,0
NLBE,0
OLBE,1
PLBE,0
QLBE,0
RLBE,0
SLBE,0
TLBE,1
ULBE,1
VLBE,1
WLBE,1
XLBE,1
YLBE,1
ZLBE,1
AMBE,1
BMBE,0
CMBE,1
DMBE,1
EMBE,1
FMBE,1
GMBE,1
HMBE,0
IMBE,1
JMBE,1
KMBE,1
LMBE,1
MMBE,1
NMBE,0
OMBE,1
PMBE,1
QMBE,1
RMBE,1
SMBE,1
TMBE,1
UMBE,1
VMBE,1
WMBE,0
XMBE,1
YMBE,1
ZMBE,1
ANBE,1
BNBE,1
CNBE,1
DNBE,1
ENBE,1
FNBE,1
GNBE,1
HNBE,0
INBE,1
JNBE,1
KNBE,1
LNBE,1
MNBE,1
NNBE,1
ONBE,1
PNBE,1
QNBE,1
RNBE,1
SNBE,1
TNBE,1
UNBE,1
VNBE,1
WNBE,1
XNBE,1
YNBE,1
ZNBE,1
AOBE,1
BOBE,1
COBE,1
DOBE,1
EOBE,1
FOBE,0
GOBE,0
HOBE,1
IOBE,1
JOBE,1
KOBE,0
LOBE,1
MOBE,1
NOBE,0
OOBE,0
POBE,1
QOBE,1
ROBE,1
SOBE,0
TOBE,0
UOBE,1
VOBE,1
WOBE,1
XOBE,0
YOBE,1
ZOBE,1
APBE,1
BPBE,0
CPBE,0
DPBE,0
EPBE,0
FPBE,0
GPBE,0
HPBE,1
IPBE,1
JPBE,1
KPBE,0
LPBE,1
MPBE,1
NPBE,1
OPBE,1
PPBE,1
QPBE,1
RPBE,1
SPBE,1
TPBE,1
UPBE,1
VPBE,0
WPBE,1
XPBE,1
YPBE,1
ZPBE,1
AQBE,1
BQBE,1
CQBE,1
DQBE,1
EQBE,1
FQBE,1
GQBE,1
HQBE,1
IQBE,1
JQBE,1
KQBE,1
LQBE,1
MQBE,1
NQBE,1
OQBE,1
PQBE,1
QQBE,1
RQBE,1
SQBE,0
TQBE,1
UQBE,1
VQBE,1
WQBE,1
XQBE,1
YQBE,1
ZQBE,1
ARBE,1
BRBE,1
CRBE,1
DRBE,1
ERBE,1
FRBE,1
GRBE,1
HRBE,1
IRBE,0
JRBE,0
KRBE,0
LRBE,1
MRBE,1
NRBE,1
ORBE,1
PRBE,1
QRBE,1
RRBE,0
SRBE,0
TRBE,0
URBE,0
VRBE,0
WRBE,1
XRBE,1
YRBE,1
ZRBE,0
ASBE,1
BSBE,1
CSBE,1
DSBE,1
ESBE,1
FSBE,1
GSBE,1
HSBE,0
ISBE,1
JSBE,0
KSBE,1
LSBE,1
MSBE,0
NSBE,0
OSBE,0
PSBE,0
QSBE,0
RSBE,1
SSBE,1
TSBE,1
USBE,1
VSBE,1
WSBE,0
XSBE,1
YSBE,1
ZSBE,1
ATBE,1
BTBE,0
CTBE,1
DTBE,1
ETBE,1
FTBE,1
GTBE,0
HTBE,1
ITBE,0
JTBE,0
KTBE,1
LTBE,1
MTBE,1
NTBE,1
OTBE,0
PTBE,1
QTBE,1
RTBE,1
STBE,1
TTBE,1
UTBE,1
VTBE,1
WTBE,1
XTBE,1
YTBE,0
ZTBE,1
AUBE,1
BUBE,1
CUBE,1
DUBE,1
EUBE,1
FUBE,1
GUBE,1
HUBE,1
IUBE,1
JUBE,1
KUBE,1
LUBE,1
MUBE,1
NUBE,1
OUBE,1
PUBE,1
QUBE,1
RUBE,1
SUBE,1
TUBE,1
UUBE,1
VUBE,1
WUBE,1
XUBE,1
YUBE,0
ZUBE,0
AVBE,0
BVBE,1
CVBE,1
DVBE,1
EVBE,0
FVBE,1
GVBE,1
HVBE,1
IVBE,1
JVBE,1
KVBE,1
LVBE,1
MVBE,1
NVBE,1
OVBE,1
PVBE,1
QVBE,1
RVBE,1
SVBE,1
TVBE,1
UVBE,0
VVBE,1
WVBE,1
XVBE,1
YVBE,1
ZVBE,1
AWBE,1
BWBE,1
CWBE,1
DWBE,0
EWBE,1
FWBE,1
GWBE,1
HWBE,1
IWBE,0
JWBE,1
KWBE,0
LWBE,0
MWBE,1
NWBE,1
OWBE,1
PWBE,1
QWBE,0
RWBE,1
SWBE,1
TWBE,1
UWBE,1
VWBE,1
WWBE,1
XWBE,1
YWBE,1
ZWBE,1
AXBE,1
BXBE,1
CXBE,1
DXBE,1
EXBE,1
FXBE,1
GXBE,1
HXBE,1
IXBE,1
JXBE,1
KXBE,1
LXBE,0
MXBE,0
NXBE,1
OXBE,1
PXBE,0
QXBE,0
RXBE,0
SXBE,0
TXBE,0
UXBE,0
VXBE,0
WXBE,0
XXBE,0
YXBE,0
ZXBE,0
AYBE,0
BYBE,0
CYBE,0
DYBE,0
EYBE,0
FYBE,0
GYBE,0
HYBE,0
IYBE,0
JYBE,0
KYBE,0
LYBE,0
MYBE,0
NYBE,0
OYBE,0
PYBE,0
QYBE,0
RYBE,0
SYBE,0
TYBE,0
UYBE,0
VYBE,0
WYBE,0
XYBE,0
YYBE,0
ZYBE,0
AZBE,0
BZBE,0
CZBE,0
DZBE,0
EZBE,0
FZBE,0
GZBE,0
HZBE,0
IZBE,0
JZBE,0
KZBE,0
LZBE,0
MZBE,0
NZBE,0
OZBE,0
PZBE,0
QZBE,0
RZBE,0
SZBE,0
TZBE,0
UZBE,0
VZBE,0
WZBE,0
XZBE,0
YZBE,0
ZZBE,0
AACE,0
BACE,0
CACE,0
DACE,0
EACE,0
FACE,0
GACE,0
HACE,0
IACE,0
JACE,0
KACE,1
LACE,0
MACE,0
NACE,0
OACE,0
PACE,0
QACE,1
RACE,1
SACE,1
TACE,1
UACE,1
VACE,1
WACE,1
XACE,1
YACE,1
ZACE,1
ABCE,1
BBCE,1
CBCE,1
DBCE,1
EBCE,1
FBCE,1
GBCE,1
HBCE,1
IBCE,1
JBCE,1
KBCE,1
LBCE,1
MBCE,1
NBCE,0
OBCE,0
PBCE,0
QBCE,1
RBCE,0
SBCE,0
TBCE,1
UBCE,1
VBCE,0
WBCE,1
XBCE,0
YBCE,0
ZBCE,1
ACCE,1
BCCE,1
CCCE,1
DCCE,1
ECCE,1
FCCE,0
GCCE,1
HCCE,1
ICCE,1
JCCE,1
KCCE,1
LCCE,1
MCCE,0
NCCE,1
OCCE,1
PCCE,0
QCCE,0
RCCE,0
SCCE,0
TCCE,0
UCCE,0
VCCE,0
WCCE,0
XCCE,0
YCCE,0
ZCCE,0
ADCE,0
BDCE,0
CDCE,0
DDCE,0
EDCE,0
FDCE,0
GDCE,0
HDCE,0
IDCE,0
JDCE,0
KDCE,0
LDCE,0
MDCE,0
NDCE,0
ODCE,0
PDCE,0
QDCE,0
RDCE,1
SDCE,1
TDCE,1
UDCE,1
VDCE,1
WDCE,1
XDCE,1
YDCE,1
ZDCE,1
AECE,1
BECE,1
CECE,1
DECE,1
EECE,1
FECE,1
GECE,1
HECE,1
IECE,1
JECE,1
KECE,1
LECE,1
MECE,1
NECE,0
OECE,1
PECE,1
QECE,1
RECE,1
SECE,0
TECE,0
UECE,1
VECE,1
WECE,0
XECE,1
YECE,1
ZECE,1
AFCE,1
BFCE,1
CFCE,1
DFCE,1
EFCE,1
FFCE,1
GFCE,1
HFCE,1
IFCE,1
JFCE,1
KFCE,1
LFCE,1
MFCE,1
NFCE,1
OFCE,1
PFCE,1
QFCE,1
RFCE,1
SFCE,1
TFCE,1
UFCE,1
VFCE,1
WFCE,1
XFCE,1
YFCE,0
ZFCE,1
AGCE,0
BGCE,1
CGCE,0
DGCE,1
EGCE,1
FGCE,1
GGCE,1
HGCE,0
IGCE,0
JGCE,0
KGCE,0
LGCE,0
MGCE,0
NGCE,0
OGCE,0
PGCE,0
QGCE,0
RGCE,0
SGCE,0
TGCE,0
UGCE,0
VGCE,0
WGCE,0
XGCE,0
YGCE,0
ZGCE,0
AHCE,0
BHCE,0
CHCE,0
DHCE,0
EHCE,0
FHCE,0
GHCE,0
HHCE,0
IHCE,0
JHCE,0
KHCE,0
LHCE,0
MHCE,0
NHCE,0
OHCE,0
PHCE,0
QHCE,0
RHCE,0
SHCE,0
THCE,0
UHCE,0
VHCE,0
WHCE,0
XHCE,0
YHCE,0
ZHCE,1
AICE,0
BICE,1
CICE,0
DICE,1
EICE,1
FICE,1
GICE,1
HICE,1
IICE,1
JICE,1
KICE,1
LICE,1
MICE,1
NICE,1
OICE,1
PICE,1
QICE,1
RICE,1
SICE,1
TICE,1
UICE,1
VICE,1
WICE,0
XICE,1
YICE,1
ZICE,1
AJCE,0
BJCE,1
CJCE,1
DJCE,1
EJCE,0
FJCE,1
GJCE,0
HJCE,1
IJCE,0
JJCE,1
KJCE,1
LJCE,1
MJCE,1
NJCE,1
OJCE,1
PJCE,1
QJCE,0
RJCE,1
SJCE,1
TJCE,1
UJCE,1
VJCE,1
WJCE,1
XJCE,1
YJCE,1
ZJCE,0
AKCE,1
BKCE,1
CKCE,1
DKCE,1
EKCE,0
FKCE,0
GKCE,0
HKCE,1
IKCE,1
JKCE,1
KKCE,1
LKCE,1
MKCE,1
NKCE,1
OKCE,1
PKCE,1
QKCE,1
RKCE,1
SKCE,1
TKCE,1
UKCE,0
VKCE,1
WKCE,0
XKCE,1
YKCE,1
ZKCE,1
ALCE,1
BLCE,1
CLCE,1
DLCE,1
ELCE,1
FLCE,1
GLCE,0
HLCE,1
ILCE,1
JLCE,1
KLCE,1
LLCE,1
MLCE,1
NLCE,1
OLCE,1
PLCE,1
QLCE,1
RLCE,1
SLCE,1
TLCE,1
ULCE,0
VLCE,1
WLCE,1
XLCE,1
YLCE,1
ZLCE,1
AMCE,1
BMCE,0
CMCE,0
DMCE,0
EMCE,0
FMCE,0
GMCE,0
HMCE,0
IMCE,1
JMCE,1
KMCE,1
LMCE,0
MMCE,1
NMCE,0
OMCE,1
PMCE,1
QMCE,1
RMCE,1
SMCE,1
TMCE,1
UMCE,1
VMCE,1
WMCE,1
XMCE,1
YMCE,1
ZMCE,0
ANCE,1
BNCE,1
CNCE,1
DNCE,1
ENCE,1
FNCE,1
GNCE,1
HNCE,0
INCE,1
JNCE,1
KNCE,1
LNCE,1
MNCE,1
NNCE,1
ONCE,1
PNCE,0
QNCE,0
RNCE,1
SNCE,1
TNCE,1
UNCE,1
VNCE,0
WNCE,1
XNCE,1
YNCE,1
ZNCE,1
AOCE,1
BOCE,1
COCE,1
DOCE,1
EOCE,1
FOCE,1
GOCE,1
HOCE,1
IOCE,1
JOCE,1
KOCE,1
LOCE,1
MOCE,1
NOCE,1
OOCE,1
POCE,1
QOCE,1
ROCE,1
SOCE,1
TOCE,1
UOCE,1
VOCE,0
WOCE,0
XOCE,1
YOCE,0
ZOCE,1
APCE,1
BPCE,1
CPCE,1
DPCE,1
EPCE,1
FPCE,1
GPCE,1
HPCE,1
IPCE,1
JPCE,1
KPCE,0
LPCE,1
MPCE,1
NPCE,1
OPCE,1
PPCE,1
QPCE,1
RPCE,1
SPCE,1
TPCE,1
UPCE,1
VPCE,1
WPCE,1
XPCE,1
YPCE,1
ZPCE,1
AQCE,1
BQCE,0
CQCE,0
DQCE,0
EQCE,0
FQCE,0
GQCE,1
HQCE,0
IQCE,0
JQCE,0
KQCE,1
LQCE,0
MQCE,0
NQCE,1
OQCE,1
PQCE,0
QQCE,1
RQCE,0
SQCE,1
TQCE,0
UQCE,1
VQCE,0
WQCE,1
XQCE,1
YQCE,1
ZQCE,1
ARCE,1
BRCE,0
CRCE,1
DRCE,1
ERCE,0
FRCE,0
GRCE,1
HRCE,0
IRCE,0
JRCE,1
KRCE,0
LRCE,0
MRCE,1
NRCE,0
ORCE,0
PRCE,0
QRCE,1
RRCE,1
SRCE,1
TRCE,1
URCE,1
VRCE,1
WRCE,1
XRCE,1
YRCE,1
ZRCE,1
ASCE,1
BSCE,1
CSCE,1
DSCE,1
ESCE,1
FSCE,1
GSCE,1
HSCE,0
ISCE,1
JSCE,1
KSCE,1
LSCE,0
MSCE,0
NSCE,0
OSCE,1
PSCE,1
QSCE,0
RSCE,1
SSCE,1
TSCE,1
USCE,1
VSCE,1
WSCE,1
XSCE,0
YSCE,0
ZSCE,1
ATCE,1
BTCE,1
CTCE,1
DTCE,1
ETCE,1
FTCE,1
GTCE,1
HTCE,1
ITCE,0
JTCE,1
KTCE,0
LTCE,0
MTCE,0
NTCE,0
OTCE,0
PTCE,0
QTCE,1
RTCE,0
STCE,0
TTCE,0
UTCE,0
VTCE,1
WTCE,1
XTCE,1
YTCE,1
ZTCE,1
AUCE,1
BUCE,0
CUCE,1
DUCE,1
EUCE,0
FUCE,1
GUCE,1
HUCE,1
IUCE,1
JUCE,1
KUCE,1
LUCE,1
MUCE,0
NUCE,1
OUCE,1
PUCE,1
QUCE,0
RUCE,1
SUCE,1
TUCE,1
UUCE,1
VUCE,1
WUCE,1
XUCE,1
YUCE,1
ZUCE,0
AVCE,1
BVCE,1
CVCE,1
DVCE,1
EVCE,0
FVCE,0
GVCE,0
HVCE,0
IVCE,0
JVCE,0
KVCE,0
LVCE,0
MVCE,0
NVCE,0
OVCE,0
PVCE,0
QVCE,0
RVCE,0
SVCE,1
TVCE,0
UVCE,0
VVCE,0
WVCE,0
XVCE,0
YVCE,0
ZVCE,0
AWCE,0
BWCE,0
CWCE,1
DWCE,1
EWCE,1
FWCE,1
GWCE,1
HWCE,1
IWCE,1
JWCE,1
KWCE,1
LWCE,1
MWCE,1
NWCE,1
OWCE,1
PWCE,1
QWCE,1
RWCE,1
SWCE,1
TWCE,1
UWCE,1
VWCE,1
WWCE,0
XWCE,0
YWCE,1
ZWCE,1
AXCE,1
BXCE,1
CXCE,1
DXCE,1
EXCE,0
FXCE,1
GXCE,1
HXCE,1
IXCE,1
JXCE,0
KXCE,1
LXCE,1
MXCE,1
NXCE,1
OXCE,1
PXCE,1
QXCE,1
RXCE,1
SXCE,1
TXCE,1
UXCE,1
VXCE,1
WXCE,1
XXCE,1
YXCE,0
ZXCE,1
AYCE,1
BYCE,1
CYCE,1
DYCE,1
EYCE,1
FYCE,1
GYCE,1
HYCE,1
IYCE,1
JYCE,1
KYCE,1
LYCE,1
MYCE,1
NYCE,1
OYCE,1
PYCE,1
QYCE,0
RYCE,1
SYCE,1
TYCE,1
UYCE,1
VYCE,1
WYCE,1
XYCE,1
YYCE,1
ZYCE,1
AZCE,0
BZCE,0
CZCE,0
DZCE,0
EZCE,0
FZCE,0
GZCE,0
HZCE,0
IZCE,0
JZCE,0
KZCE,0
LZCE,0
MZCE,0
NZCE,0
OZCE,0
PZCE,0
QZCE,0
RZCE,0
SZCE,0
TZCE,0
UZCE,0
VZCE,0
WZCE,0
XZCE,0
YZCE,0
ZZCE,0
AADE,0
BADE,0
CADE,0
DADE,0
EADE,0
FADE,0
GADE,0
HADE,0
IADE,0
JADE,0
KADE,0
LADE,0
MADE,0
NADE,0
OADE,0
PADE,0
QADE,0
RADE,0
SADE,0
TADE,0
UADE,0
VADE,0
WADE,0
XADE,0
YADE,1
ZADE,1
ABDE,1
BBDE,1
CBDE,1
DBDE,1
EBDE,1
FBDE,1
GBDE,1
HBDE,1
IBDE,1
JBDE,1
KBDE,1
LBDE,1
MBDE,1
NBDE,0
OBDE,1
PBDE,1
QBDE,1
RBDE,1
SBDE,1
TBDE,1
UBDE,1
VBDE,1
WBDE,1
XBDE,1
YBDE,1
ZBDE,1
ACDE,1
BCDE,1
CCDE,1
DCDE,1
ECDE,1
FCDE,1
GCDE,1
HCDE,1
ICDE,0
JCDE,1
KCDE,1
LCDE,1
MCDE,1
NCDE,1
OCDE,1
PCDE,1
QCDE,1
RCDE,1
SCDE,1
TCDE,1
UCDE,1
VCDE,0
WCDE,0
XCDE,0
YCDE,0
ZCDE,0
ADDE,0
BDDE,0
CDDE,1
DDDE,1
EDDE,1
FDDE,1
GDDE,1
HDDE,1
IDDE,1
JDDE,1
KDDE,1
LDDE,1
MDDE,1
NDDE,0
ODDE,0
PDDE,1
QDDE,1
RDDE,0
SDDE,1
TDDE,1
UDDE,1
VDDE,0
WDDE,1
XDDE,0
YDDE,0
ZDDE,0
AEDE,0
BEDE,1
CEDE,1
DEDE,1
EEDE,0
FEDE,1
GEDE,1
HEDE,1
IEDE,1
JEDE,1
KEDE,1
LEDE,1
MEDE,1
NEDE,1
OEDE,1
PEDE,1
QEDE,0
REDE,1
SEDE,1
TEDE,1
UEDE,1
VEDE,1
WEDE,1
XEDE,1
YEDE,1
ZEDE,0
AFDE,1
BFDE,0
CFDE,1
DFDE,1
EFDE,0
FFDE,1
GFDE,1
HFDE,1
IFDE,1
JFDE,0
KFDE,1
LFDE,1
MFDE,1
NFDE,1
OFDE,1
PFDE,0
QFDE,1
RFDE,1
SFDE,1
TFDE,0
UFDE,0
VFDE,1
WFDE,0
XFDE,0
YFDE,1
ZFDE,1
AGDE,0
BGDE,1
CGDE,1
DGDE,1
EGDE,0
FGDE,0
GGDE,0
HGDE,0
IGDE,0
JGDE,0
KGDE,1
LGDE,0
MGDE,1
NGDE,1
OGDE,1
PGDE,0
QGDE,1
RGDE,1
SGDE,1
TGDE,1
UGDE,1
VGDE,1
WGDE,1
XGDE,1
YGDE,1
ZGDE,1
AHDE,1
BHDE,1
CHDE,1
DHDE,1
EHDE,1
FHDE,1
GHDE,1
HHDE,1
IHDE,1
JHDE,1
KHDE,1
LHDE,0
MHDE,0
NHDE,1
OHDE,0
PHDE,1
QHDE,1
RHDE,1
SHDE,1
THDE,1
UHDE,1
VHDE,1
WHDE,1
XHDE,0
YHDE,1
ZHDE,0
AIDE,1
BIDE,0
CIDE,1
DIDE,1
EIDE,1
FIDE,1
GIDE,1
HIDE,1
IIDE,1
JIDE,1
KIDE,1
LIDE,1
MIDE,1
NIDE,1
OIDE,1
PIDE,1
QIDE,1
RIDE,0
SIDE,1
TIDE,1
UIDE,1
VIDE,1
WIDE,1
XIDE,1
YIDE,1
ZIDE,1
AJDE,1
BJDE,1
CJDE,1
DJDE,1
EJDE,1
FJDE,0
GJDE,1
HJDE,1
IJDE,1
JJDE,1
KJDE,1
LJDE,1
MJDE,1
NJDE,1
OJDE,1
PJDE,1
QJDE,1
RJDE,1
SJDE,1
TJDE,1
UJDE,1
VJDE,1
WJDE,1
XJDE,1
YJDE,1
ZJDE,0
AKDE,1
BKDE,1
CKDE,1
DKDE,1
EKDE,1
FKDE,1
GKDE,1
HKDE,0
IKDE,1
JKDE,1
KKDE,1
LKDE,1
MKDE,1
NKDE,1
OKDE,1
PKDE,0
QKDE,0
RKDE,0
SKDE,0
TKDE,0
UKDE,0
VKDE,0
WKDE,0
XKDE,1
YKDE,0
ZKDE,1
ALDE,1
BLDE,1
CLDE,1
DLDE,1
ELDE,1
FLDE,1
GLDE,1
HLDE,1
ILDE,1
JLDE,1
KLDE,1
LLDE,1
MLDE,1
NLDE,1
OLDE,1
PLDE,1
QLDE,0
RLDE,0
SLDE,0
TLDE,1
ULDE,1
VLDE,1
WLDE,0
XLDE,1
YLDE,0
ZLDE,1
AMDE,1
BMDE,1
CMDE,1
DMDE,0
EMDE,1
FMDE,1
GMDE,0
HMDE,1
IMDE,1
JMDE,1
KMDE,1
LMDE,1
MMDE,1
NMDE,1
OMDE,1
PMDE,0
QMDE,1
RMDE,1
SMDE,0
TMDE,0
UMDE,1
VMDE,0
WMDE,0
XMDE,1
YMDE,1
ZMDE,1
ANDE,1
BNDE,1
CNDE,1
DNDE,1
ENDE,1
FNDE,1
GNDE,1
HNDE,1
INDE,1
JNDE,1
KNDE,1
LNDE,1
MNDE,1
NNDE,1
ONDE,1
PNDE,1
QNDE,1
RNDE,1
SNDE,1
TNDE,1
UNDE,0
VNDE,1
WNDE,1
XNDE,1
YNDE,1
ZNDE,1
AODE,1
BODE,1
CODE,1
DODE,1
EODE,1
FODE,1
GODE,1
HODE,0
IODE,0
JODE,0
KODE,1
LODE,1
MODE,1
NODE,1
OODE,1
PODE,1
QODE,1
RODE,1
SODE,1
TODE,1
UODE,1
VODE,1
WODE,1
XODE,1
YODE,0
ZODE,0
APDE,0
BPDE,0
CPDE,0
DPDE,0
EPDE,0
FPDE,0
GPDE,0
HPDE,0
IPDE,0
JPDE,0
KPDE,1
LPDE,1
MPDE,1
NPDE,1
OPDE,1
PPDE,1
QPDE,1
RPDE,1
SPDE,1
TPDE,1
UPDE,1
VPDE,1
WPDE,1
XPDE,1
YPDE,1
ZPDE,1
AQDE,1
BQDE,1
CQDE,1
DQDE,0
EQDE,1
FQDE,1
GQDE,1
HQDE,1
IQDE,1
JQDE,1
KQDE,1
LQDE,0
MQDE,0
NQDE,0
OQDE,0
PQDE,0
QQDE,0
RQDE,0
SQDE,0
TQDE,0
UQDE,0
VQDE,0
WQDE,0
XQDE,0
YQDE,0
ZQDE,0
ARDE,0
BRDE,0
CRDE,0
DRDE,0
ERDE,0
FRDE,0
GRDE,0
HRDE,0
IRDE,0
JRDE,0
KRDE,0
LRDE,0
MRDE,0
NRDE,0
ORDE,0
PRDE,0
QRDE,0
RRDE,0
SRDE,0
TRDE,0
URDE,0
VRDE,0
WRDE,0
XRDE,0
YRDE,0
ZRDE,1
ASDE,1
BSDE,1
CSDE,0
DSDE,1
ESDE,1
FSDE,0
GSDE,1
HSDE,1
ISDE,1
JSDE,1
KSDE,1
LSDE,1
MSDE,0
NSDE,1
OSDE,0
PSDE,1
QSDE,1
RSDE,1
SSDE,1
TSDE,1
USDE,0
VSDE,1
WSDE,1
XSDE,1
YSDE,1
ZSDE,1
ATDE,1
BTDE,1
CTDE,1
DTDE,1
ETDE,1
FTDE,0
GTDE,1
HTDE,0
ITDE,1
JTDE,1
KTDE,1
LTDE,1
MTDE,1
NTDE,0
OTDE,1
PTDE,1
QTDE,1
RTDE,1
STDE,1
TTDE,1
UTDE,1
VTDE,0
WTDE,1
XTDE,1
YTDE,0
ZTDE,0
AUDE,1
BUDE,0
CUDE,1
DUDE,1
EUDE,0
FUDE,0
GUDE,0
HUDE,1
IUDE,1
JUDE,1
KUDE,1
LUDE,1
MUDE,1
NUDE,1
OUDE,1
PUDE,1
QUDE,0
RUDE,1
SUDE,1
TUDE,1
UUDE,0
VUDE,1
WUDE,0
XUDE,0
YUDE,0
ZUDE,1
AVDE,0
BVDE,0
CVDE,0
DVDE,0
EVDE,0
FVDE,0
GVDE,0
HVDE,0
IVDE,0
JVDE,0
KVDE,0
LVDE,0
MVDE,0
NVDE,0
OVDE,0
PVDE,0
QVDE,0
RVDE,0
SVDE,0
TVDE,0
UVDE,0
VVDE,0
WVDE,0
XVDE,0
YVDE,0
ZVDE,0
AWDE,0
BWDE,0
CWDE,0
DWDE,0
EWDE,0
FWDE,0
GWDE,0
HWDE,0
IWDE,0
JWDE,0
KWDE,0
LWDE,0
MWDE,1
NWDE,1
OWDE,1
PWDE,0
QWDE,1
RWDE,1
SWDE,1
TWDE,1
UWDE,0
VWDE,1
WWDE,1
XWDE,1
YWDE,1
ZWDE,1
AXDE,1
BXDE,1
CXDE,1
DXDE,0
EXDE,1
FXDE,1
GXDE,1
HXDE,1
IXDE,1
JXDE,1
KXDE,1
LXDE,1
MXDE,1
NXDE,1
OXDE,1
PXDE,1
QXDE,1
RXDE,1
SXDE,1
TXDE,1
UXDE,1
VXDE,1
WXDE,1
XXDE,1
YXDE,0
ZXDE,1
AYDE,1
BYDE,1
CYDE,1
DYDE,1
EYDE,1
FYDE,1
GYDE,1
HYDE,1
IYDE,1
JYDE,1
KYDE,0
LYDE,1
MYDE,1
NYDE,0
OYDE,1
PYDE,1
QYDE,1
RYDE,1
SYDE,1
TYDE,1
UYDE,1
VYDE,1
WYDE,1
XYDE,1
YYDE,1
ZYDE,0
AZDE,1
BZDE,1
CZDE,1
DZDE,1
EZDE,1
FZDE,1
GZDE,1
HZDE,1
IZDE,1
JZDE,0
KZDE,0
LZDE,1
MZDE,1
NZDE,1
OZDE,1
PZDE,1
QZDE,1
RZDE,0
SZDE,1
TZDE,1
UZDE,1
VZDE,0
WZDE,1
XZDE,1
YZDE,0
ZZDE,1
AAEE,1
BAEE,1
CAEE,1
DAEE,1
EAEE,1
FAEE,1
GAEE,1
HAEE,1
IAEE,1
JAEE,0
KAEE,1
LAEE,1
MAEE,1
NAEE,1
OAEE,1
PAEE,1
QAEE,1
RAEE,0
SAEE,0
TAEE,0
UAEE,0
VAEE,1
WAEE,1
XAEE,1
YAEE,1
ZAEE,1
ABEE,1
BBEE,1
CBEE,1
DBEE,1
EBEE,1
FBEE,1
GBEE,1
HBEE,1
IBEE,1
JBEE,1
KBEE,1
LBEE,1
MBEE,1
NBEE,1
OBEE,1
PBEE,1
QBEE,1
RBEE,1
SBEE,1
TBEE,1
UBEE,1
VBEE,1
WBEE,1
XBEE,1
YBEE,1
ZBEE,1
ACEE,1
BCEE,1
CCEE,1
DCEE,1
ECEE,1
FCEE,1
GCEE,1
HCEE,1
ICEE,1
JCEE,1
KCEE,0
LCEE,0
MCEE,1
NCEE,1
OCEE,1
PCEE,1
QCEE,1
RCEE,1
SCEE,1
TCEE,1
UCEE,1
VCEE,1
WCEE,1
XCEE,1
YCEE,1
ZCEE,1
ADEE,1
BDEE,1
CDEE,1
DDEE,1
EDEE,1
FDEE,1
GDEE,1
HDEE,1
IDEE,1
JDEE,1
KDEE,1
LDEE,1
MDEE,1
NDEE,1
ODEE,1
PDEE,1
QDEE,0
RDEE,1
SDEE,0
TDEE,0
UDEE,1
VDEE,0
WDEE,1
XDEE,1
YDEE,1
ZDEE,1
AEEE,1
BEEE,0
CEEE,0
DEEE,0
EEEE,0
FEEE,0
GEEE,0
HEEE,0
IEEE,0
JEEE,0
KEEE,0
LEEE,0
MEEE,1
NEEE,1
OEEE,1
PEEE,1
QEEE,1
REEE,0
SEEE,1
TEEE,1
UEEE,1
VEEE,1
WEEE,1
XEEE,1
YEEE,1
ZEEE,1
AFEE,1
BFEE,1
CFEE,1
DFEE,1
EFEE,1
FFEE,1
GFEE,1
HFEE,1
IFEE,1
JFEE,1
KFEE,1
LFEE,1
MFEE,1
NFEE,1
OFEE,1
PFEE,1
QFEE,1
RFEE,0
SFEE,1
TFEE,1
UFEE,1
VFEE,1
WFEE,1
XFEE,1
YFEE,1
ZFEE,1
AGEE,1
BGEE,1
CGEE,1
DGEE,1
EGEE,1
FGEE,1
GGEE,1
HGEE,1
IGEE,1
JGEE,1
KGEE,1
LGEE,1
MGEE,1
NGEE,1
OGEE,1
PGEE,1
QGEE,1
RGEE,1
SGEE,1
TGEE,1
UGEE,1
VGEE,1
WGEE,1
XGEE,1
YGEE,1
ZGEE,1
AHEE,0
BHEE,1
CHEE,1
DHEE,1
EHEE,1
FHEE,1
GHEE,1
HHEE,1
IHEE,1
JHEE,1
KHEE,1
LHEE,1
MHEE,1
NHEE,1
OHEE,1
PHEE,1
QHEE,1
RHEE,1
SHEE,1
THEE,1
UHEE,0
VHEE,1
WHEE,1
XHEE,1
YHEE,1
ZHEE,1
AIEE,1
BIEE,1
CIEE,1
DIEE,1
EIEE,1
FIEE,1
GIEE,1
HIEE,0
IIEE,0
JIEE,0
KIEE,1
LIEE,1
MIEE,1
NIEE,1
OIEE,1
PIEE,1
QIEE,1
RIEE,1
SIEE,1
TIEE,1
UIEE,1
VIEE,1
WIEE,1
XIEE,1
YIEE,1
ZIEE,1
AJEE,1
BJEE,1
CJEE,1
DJEE,1
EJEE,1
FJEE,1
GJEE,1
HJEE,1
IJEE,0
JJEE,1
KJEE,1
LJEE,1
MJEE,1
NJEE,0
OJEE,1
PJEE,1
QJEE,1
RJEE,1
SJEE,1
TJEE,1
UJEE,1
VJEE,1
WJEE,1
XJEE,1
YJEE,0
ZJEE,1
AKEE,1
BKEE,1
CKEE,1
DKEE,1
EKEE,1
FKEE,1
GKEE,1
HKEE,1
IKEE,1
JKEE,1
KKEE,1
LKEE,1
MKEE,1
NKEE,0
OKEE,1
PKEE,1
QKEE,1
RKEE,1
SKEE,1
TKEE,1
UKEE,1
VKEE,1
WKEE,1
XKEE,1
YKEE,1
ZKEE,1
ALEE,1
BLEE,1
CLEE,1
DLEE,1
ELEE,1
FLEE,0
GLEE,0
HLEE,1
ILEE,1
JLEE,1
KLEE,1
LLEE,1
MLEE,1
NLEE,1
OLEE,1
PLEE,1
QLEE,1
RLEE,1
SLEE,0
TLEE,0
ULEE,0
VLEE,0
WLEE,0
XLEE,0
YLEE,1
ZLEE,1
AMEE,1
BMEE,1
CMEE,0
DMEE,1
EMEE,1
FMEE,0
GMEE,0
HMEE,1
IMEE,1
JMEE,0
KMEE,1
LMEE,1
MMEE,1
NMEE,1
OMEE,1
PMEE,0
QMEE,1
RMEE,1
SMEE,1
TMEE,1
UMEE,1
VMEE,1
WMEE,1
XMEE,1
YMEE,1
ZMEE,1
ANEE,1
BNEE,1
CNEE,0
DNEE,1
ENEE,1
FNEE,0
GNEE,0
HNEE,0
INEE,0
JNEE,0
KNEE,0
LNEE,0
MNEE,0
NNEE,0
ONEE,0
PNEE,0
QNEE,0
RNEE,0
SNEE,1
TNEE,1
UNEE,0
VNEE,1
WNEE,1
XNEE,1
YNEE,1
ZNEE,1
AOEE,1
BOEE,1
COEE,1
DOEE,1
EOEE,1
FOEE,1
GOEE,1
HOEE,1
IOEE,1
JOEE,1
KOEE,1
LOEE,1
MOEE,1
NOEE,1
OOEE,1
POEE,1
QOEE,1
ROEE,1
SOEE,0
TOEE,0
UOEE,0
VOEE,0
WOEE,0
XOEE,0
YOEE,0
ZOEE,0
APEE,0
BPEE,0
CPEE,0
DPEE,0
EPEE,0
FPEE,0
GPEE,0
HPEE,0
IPEE,0
JPEE,0
KPEE,0
LPEE,0
MPEE,0
NPEE,0
OPEE,0
PPEE,0
QPEE,0
RPEE,0
SPEE,0
TPEE,0
UPEE,0
VPEE,0
WPEE,0
XPEE,0
YPEE,0
ZPEE,0
AQEE,1
BQEE,1
CQEE,1
DQEE,1
EQEE,1
FQEE,1
GQEE,1
HQEE,1
IQEE,0
JQEE,1
KQEE,1
LQEE,1
MQEE,1
NQEE,1
OQEE,1
PQEE,1
QQEE,1
RQEE,1
SQEE,1
TQEE,1
UQEE,1
VQEE,1
WQEE,1
XQEE,1
YQEE,1
ZQEE,1
AREE,0
BREE,1
CREE,0
DREE,1
EREE,0
FREE,1
GREE,1
HREE,1
IREE,1
JREE,1
KREE,1
LREE,0
MREE,1
NREE,1
OREE,1
PREE,1
QREE,1
RREE,1
SREE,1
TREE,1
UREE,0
VREE,1
WREE,1
XREE,1
YREE,1
ZREE,1
ASEE,1
BSEE,1
CSEE,1
DSEE,1
ESEE,1
FSEE,1
GSEE,1
HSEE,1
ISEE,1
JSEE,1
KSEE,1
LSEE,0
MSEE,1
NSEE,1
OSEE,1
PSEE,1
QSEE,1
RSEE,1
SSEE,0
TSEE,1
USEE,1
VSEE,1
WSEE,1
XSEE,1
YSEE,1
ZSEE,1
ATEE,1
BTEE,1
CTEE,1
DTEE,1
ETEE,0
FTEE,1
GTEE,1
HTEE,0
ITEE,0
JTEE,1
KTEE,1
LTEE,1
MTEE,1
NTEE,1
OTEE,1
PTEE,1
QTEE,1
RTEE,1
STEE,1
TTEE,1
UTEE,1
VTEE,0
WTEE,1
XTEE,1
YTEE,0
ZTEE,1
AUEE,1
BUEE,0
CUEE,0
DUEE,0
EUEE,0
FUEE,0
GUEE,0
HUEE,0
IUEE,0
JUEE,0
KUEE,0
LUEE,0
MUEE,0
NUEE,0
OUEE,0
PUEE,0
QUEE,0
RUEE,0
SUEE,0
TUEE,0
UUEE,0
VUEE,0
WUEE,0
XUEE,0
YUEE,0
ZUEE,0
AVEE,0
BVEE,0
CVEE,0
DVEE,0
EVEE,0
FVEE,0
GVEE,0
HVEE,0
IVEE,0
JVEE,0
KVEE,0
LVEE,0
MVEE,0
NVEE,0
OVEE,0
PVEE,0
QVEE,0
RVEE,0
SVEE,0
TVEE,0
UVEE,0
VVEE,0
WVEE,0
XVEE,0
YVEE,0
ZVEE,0
AWEE,0
BWEE,0
CWEE,0
DWEE,0
EWEE,0
FWEE,0
GWEE,0
HWEE,0
IWEE,0
JWEE,0
KWEE,0
LWEE,1
MWEE,1
NWEE,1
OWEE,1
PWEE,1
QWEE,1
RWEE,1
SWEE,1
TWEE,1
UWEE,1
VWEE,1
WWEE,1
XWEE,1
YWEE,1
ZWEE,1
AXEE,1
BXEE,1
CXEE,1
DXEE,1
EXEE,1
FXEE,1
GXEE,1
HXEE,1
IXEE,0
JXEE,1
KXEE,1
LXEE,1
MXEE,1
NXEE,1
OXEE,1
PXEE,1
QXEE,1
RXEE,0
SXEE,0
TXEE,1
UXEE,0
VXEE,1
WXEE,1
XXEE,1
YXEE,1
ZXEE,1
AYEE,0
BYEE,1
CYEE,1
DYEE,1
EYEE,1
FYEE,0
GYEE,1
HYEE,1
IYEE,1
JYEE,1
KYEE,1
LYEE,1
MYEE,1
NYEE,1
OYEE,1
PYEE,1
QYEE,1
RYEE,0
SYEE,1
TYEE,1
UYEE,1
VYEE,1
WYEE,0
XYEE,1
YYEE,1
ZYEE,1
AZEE,1
BZEE,1
CZEE,0
DZEE,1
EZEE,1
FZEE,1
GZEE,1
HZEE,0
IZEE,0
JZEE,0
KZEE,0
LZEE,0
MZEE,0
NZEE,1
OZEE,0
PZEE,1
QZEE,1
RZEE,0
SZEE,1
TZEE,0
UZEE,1
VZEE,1
WZEE,1
XZEE,1
YZEE,1
ZZEE,1
AAFE,0
BAFE,1
CAFE,1
DAFE,1
EAFE,1
FAFE,1
GAFE,1
HAFE,1
IAFE,1
JAFE,1
KAFE,1
LAFE,1
MAFE,1
NAFE,1
OAFE,1
PAFE,1
QAFE,1
RAFE,1
SAFE,1
TAFE,1
UAFE,1
VAFE,1
WAFE,1
XAFE,0
YAFE,1
ZAFE,0
ABFE,0
BBFE,1
CBFE,1
DBFE,0
EBFE,1
FBFE,1
GBFE,0
HBFE,1
IBFE,1
JBFE,0
KBFE,1
LBFE,1
MBFE,1
NBFE,0
OBFE,1
PBFE,1
QBFE,1
RBFE,1
SBFE,1
TBFE,1
UBFE,1
VBFE,1
WBFE,1
XBFE,1
YBFE,1
ZBFE,1
ACFE,1
BCFE,1
CCFE,1
DCFE,1
ECFE,1
FCFE,1
GCFE,0
HCFE,0
ICFE,1
JCFE,1
KCFE,1
LCFE,1
MCFE,0
NCFE,1
OCFE,0
PCFE,0
QCFE,0
RCFE,1
SCFE,0
TCFE,0
UCFE,1
VCFE,0
WCFE,0
XCFE,0
YCFE,1
ZCFE,0
ADFE,0
BDFE,1
CDFE,1
DDFE,1
EDFE,1
FDFE,1
GDFE,1
HDFE,0
IDFE,1
JDFE,1
KDFE,0
LDFE,1
MDFE,1
NDFE,1
ODFE,1
PDFE,1
QDFE,1
RDFE,0
SDFE,1
TDFE,1
UDFE,1
VDFE,1
WDFE,1
XDFE,1
YDFE,1
ZDFE,1
AEFE,0
BEFE,1
CEFE,1
DEFE,1
EEFE,1
FEFE,1
GEFE,1
HEFE,1
IEFE,1
JEFE,1
KEFE,1
LEFE,1
MEFE,1
NEFE,1
OEFE,1
PEFE,1
QEFE,0
REFE,1
SEFE,0
TEFE,1
UEFE,1
VEFE,1
WEFE,1
XEFE,1
YEFE,1
ZEFE,1
AFFE,1
BFFE,1
CFFE,1
DFFE,1
EFFE,1
FFFE,1
GFFE,1
HFFE,1
IFFE,1
JFFE,1
KFFE,1
LFFE,0
MFFE,1
NFFE,0
OFFE,1
PFFE,1
QFFE,1
RFFE,1
SFFE,1
TFFE,1
UFFE,1
VFFE,1
WFFE,1
XFFE,1
YFFE,1
ZFFE,0
AGFE,1
BGFE,0
CGFE,0
DGFE,1
EGFE,0
FGFE,0
GGFE,1
HGFE,1
IGFE,1
JGFE,1
KGFE,0
LGFE,1
MGFE,1
NGFE,1
OGFE,1
PGFE,1
QGFE,1
RGFE,1
SGFE,1
TGFE,1
UGFE,0
VGFE,0
WGFE,1
XGFE,1
YGFE,1
ZGFE,1
AHFE,1
BHFE,1
CHFE,1
DHFE,1
EHFE,1
FHFE,0
GHFE,1
HHFE,1
IHFE,1
JHFE,1
KHFE,1
LHFE,1
MHFE,0
NHFE,1
OHFE,1
PHFE,1
QHFE,1
RHFE,1
SHFE,1
THFE,1
UHFE,1
VHFE,1
WHFE,1
XHFE,1
YHFE,1
ZHFE,1
AIFE,1
BIFE,1
CIFE,1
DIFE,1
EIFE,1
FIFE,1
GIFE,0
HIFE,1
IIFE,1
JIFE,1
KIFE,1
LIFE,1
MIFE,1
NIFE,1
OIFE,1
PIFE,1
QIFE,1
RIFE,1
SIFE,1
TIFE,1
UIFE,1
VIFE,1
WIFE,1
XIFE,1
YIFE,1
ZIFE,1
AJFE,1
BJFE,1
CJFE,1
DJFE,1
EJFE,1
FJFE,0
GJFE,0
HJFE,1
IJFE,1
JJFE,1
KJFE,1
LJFE,1
MJFE,1
NJFE,1
OJFE,1
PJFE,1
QJFE,1
RJFE,1
SJFE,1
TJFE,1
UJFE,1
VJFE,1
WJFE,1
XJFE,0
YJFE,0
ZJFE,0
AKFE,1
BKFE,1
CKFE,1
DKFE,1
EKFE,1
FKFE,1
GKFE,1
HKFE,0
IKFE,1
JKFE,1
KKFE,1
LKFE,1
MKFE,1
NKFE,1
OKFE,1
PKFE,1
QKFE,1
RKFE,1
SKFE,0
TKFE,1
UKFE,1
VKFE,0
WKFE,1
XKFE,1
YKFE,1
ZKFE,1
ALFE,0
BLFE,0
CLFE,0
DLFE,1
ELFE,1
FLFE,1
GLFE,1
HLFE,1
ILFE,1
JLFE,1
KLFE,0
LLFE,0
MLFE,0
NLFE,0
OLFE,0
PLFE,0
QLFE,0
RLFE,0
SLFE,1
TLFE,1
ULFE,1
VLFE,1
WLFE,0
XLFE,1
YLFE,1
ZLFE,1
AMFE,1
BMFE,1
CMFE,1
DMFE,1
EMFE,1
FMFE,1
GMFE,1
HMFE,1
IMFE,1
JMFE,1
KMFE,1
LMFE,1
MMFE,1
NMFE,1
OMFE,1
PMFE,1
QMFE,1
RMFE,1
SMFE,1
TMFE,0
UMFE,0
VMFE,0
WMFE,0
XMFE,0
YMFE,0
ZMFE,0
ANFE,0
BNFE,0
CNFE,0
DNFE,0
ENFE,0
FNFE,0
GNFE,0
HNFE,0
INFE,0
JNFE,0
KNFE,0
LNFE,0
MNFE,0
NNFE,0
ONFE,0
PNFE,0
QNFE,0
RNFE,0
SNFE,0
TNFE,0
UNFE,0
VNFE,1
WNFE,1
XNFE,1
YNFE,1
ZNFE,1
AOFE,1
BOFE,1
COFE,1
DOFE,1
EOFE,1
FOFE,1
GOFE,1
HOFE,1
IOFE,1
JOFE,1
KOFE,1
LOFE,1
MOFE,1
NOFE,1
OOFE,0
POFE,1
QOFE,1
ROFE,1
SOFE,1
TOFE,1
UOFE,1
VOFE,1
WOFE,1
XOFE,1
YOFE,1
ZOFE,1
APFE,1
BPFE,1
CPFE,1
DPFE,1
EPFE,0
FPFE,1
GPFE,0
HPFE,1
IPFE,1
JPFE,1
KPFE,1
LPFE,1
MPFE,1
NPFE,1
OPFE,1
PPFE,0
QPFE,1
RPFE,1
SPFE,0
TPFE,1
UPFE,0
VPFE,1
WPFE,1
XPFE,1
YPFE,1
ZPFE,0
AQFE,1
BQFE,1
CQFE,1
DQFE,1
EQFE,1
FQFE,1
GQFE,1
HQFE,1
IQFE,1
JQFE,1
KQFE,1
LQFE,0
MQFE,1
NQFE,0
OQFE,1
PQFE,1
QQFE,1
RQFE,1
SQFE,0
TQFE,1
UQFE,1
VQFE,1
WQFE,1
XQFE,1
YQFE,1
ZQFE,1
ARFE,1
BRFE,1
CRFE,1
DRFE,1
ERFE,1
FRFE,0
GRFE,1
HRFE,1
IRFE,1
JRFE,1
KRFE,1
LRFE,1
MRFE,1
NRFE,1
ORFE,1
PRFE,1
QRFE,1
RRFE,1
SRFE,1
TRFE,0
URFE,0
VRFE,0
WRFE,0
XRFE,0
YRFE,0
ZRFE,0
ASFE,0
BSFE,0
CSFE,0
DSFE,0
ESFE,0
FSFE,0
GSFE,0
HSFE,0
ISFE,0
JSFE,0
KSFE,0
LSFE,0
MSFE,0
NSFE,0
OSFE,0
PSFE,0
QSFE,0
RSFE,0
SSFE,0
TSFE,0
USFE,0
VSFE,0
WSFE,0
XSFE,0
YSFE,0
ZSFE,0
ATFE,0
BTFE,0
CTFE,0
DTFE,1
ETFE,0
FTFE,0
GTFE,0
HTFE,0
ITFE,0
JTFE,0
KTFE,0
LTFE,0
MTFE,0
NTFE,0
OTFE,0
PTFE,1
QTFE,1
RTFE,0
STFE,0
TTFE,0
UTFE,0
VTFE,1
WTFE,1
XTFE,1
YTFE,1
ZTFE,1
AUFE,0
BUFE,1
CUFE,1
DUFE,0
EUFE,1
FUFE,1
GUFE,1
HUFE,1
IUFE,1
JUFE,0
KUFE,1
LUFE,0
MUFE,1
NUFE,1
OUFE,0
PUFE,1
QUFE,1
RUFE,0
SUFE,1
TUFE,1
UUFE,1
VUFE,0
WUFE,0
XUFE,1
YUFE,1
ZUFE,1
AVFE,1
BVFE,1
CVFE,1
DVFE,1
EVFE,1
FVFE,1
GVFE,1
HVFE,0
IVFE,1
JVFE,1
KVFE,1
LVFE,1
MVFE,1
NVFE,1
OVFE,1
PVFE,1
QVFE,1
RVFE,1
SVFE,0
TVFE,1
UVFE,0
VVFE,1
WVFE,1
XVFE,0
YVFE,1
ZVFE,1
AWFE,1
BWFE,1
CWFE,1
DWFE,1
EWFE,1
FWFE,1
GWFE,1
HWFE,1
IWFE,1
JWFE,1
KWFE,1
LWFE,1
MWFE,1
NWFE,1
OWFE,1
PWFE,1
QWFE,1
RWFE,0
SWFE,1
TWFE,1
UWFE,1
VWFE,1
WWFE,1
XWFE,0
YWFE,1
ZWFE,0
AXFE,1
BXFE,1
CXFE,1
DXFE,1
EXFE,1
FXFE,1
GXFE,1
HXFE,0
IXFE,0
JXFE,0
KXFE,1
LXFE,0
MXFE,0
NXFE,0
OXFE,0
PXFE,0
QXFE,1
RXFE,1
SXFE,1
TXFE,1
UXFE,1
VXFE,1
WXFE,1
XXFE,1
YXFE,1
ZXFE,1
AYFE,1
BYFE,1
CYFE,1
DYFE,1
EYFE,1
FYFE,0
GYFE,1
HYFE,1
IYFE,1
JYFE,1
KYFE,1
LYFE,1
MYFE,1
NYFE,1
OYFE,1
PYFE,1
QYFE,1
RYFE,1
SYFE,1
TYFE,0
UYFE,1
VYFE,1
WYFE,1
XYFE,1
YYFE,1
ZYFE,1
AZFE,1
BZFE,1
CZFE,1
DZFE,1
EZFE,1
FZFE,1
GZFE,1
HZFE,1
IZFE,1
JZFE,1
KZFE,1
LZFE,1
MZFE,1
NZFE,0
OZFE,1
PZFE,1
QZFE,1
RZFE,1
SZFE,0
TZFE,1
UZFE,1
VZFE,1
WZFE,1
XZFE,1
YZFE,0
ZZFE,0
AAGE,0
BAGE,0
CAGE,0
DAGE,0
EAGE,0
FAGE,0
GAGE,1
HAGE,1
IAGE,1
JAGE,1
KAGE,1
LAGE,1
MAGE,1
NAGE,1
OAGE,1
PAGE,1
QAGE,1
RAGE,1
SAGE,1
TAGE,1
UAGE,1
VAGE,1
WAGE,0
XAGE,1
YAGE,1
ZAGE,1
ABGE,1
BBGE,1
CBGE,1
DBGE,1
EBGE,1
FBGE,1
GBGE,1
HBGE,1
IBGE,1
JBGE,1
KBGE,1
LBGE,1
MBGE,1
NBGE,0
OBGE,0
PBGE,1
QBGE,1
RBGE,1
SBGE,1
TBGE,1
UBGE,0
VBGE,1
WBGE,1
XBGE,1
YBGE,1
ZBGE,1
ACGE,1
BCGE,1
CCGE,1
DCGE,1
ECGE,1
FCGE,1
GCGE,1
HCGE,1
ICGE,1
JCGE,1
KCGE,0
LCGE,1
MCGE,1
NCGE,1
OCGE,1
PCGE,1
QCGE,1
RCGE,1
SCGE,1
TCGE,1
UCGE,1
VCGE,1
WCGE,0
XCGE,1
YCGE,0
ZCGE,1
ADGE,1
BDGE,1
CDGE,1
DDGE,1
EDGE,1
FDGE,0
GDGE,1
HDGE,0
IDGE,1
JDGE,1
KDGE,1
LDGE,0
MDGE,1
NDGE,1
ODGE,1
PDGE,1
QDGE,1
RDGE,0
SDGE,1
TDGE,0
UDGE,1
VDGE,1
WDGE,1
XDGE,1
YDGE,1
ZDGE,1
AEGE,0
BEGE,1
CEGE,1
DEGE,1
EEGE,1
FEGE,0
GEGE,1
HEGE,0
IEGE,1
JEGE,1
KEGE,1
LEGE,1
MEGE,1
NEGE,1
OEGE,1
PEGE,0
QEGE,0
REGE,1
SEGE,1
TEGE,1
UEGE,1
VEGE,1
WEGE,1
XEGE,1
YEGE,1
ZEGE,1
AFGE,1
BFGE,0
CFGE,0
DFGE,0
EFGE,0
FFGE,0
GFGE,0
HFGE,0
IFGE,0
JFGE,1
KFGE,1
LFGE,1
MFGE,1
NFGE,1
OFGE,1
PFGE,1
QFGE,1
RFGE,1
SFGE,1
TFGE,1
UFGE,1
VFGE,0
WFGE,0
XFGE,0
YFGE,0
ZFGE,0
AGGE,0
BGGE,0
CGGE,0
DGGE,0
EGGE,0
FGGE,0
GGGE,0
HGGE,1
IGGE,1
JGGE,0
KGGE,0
LGGE,0
MGGE,0
NGGE,0
OGGE,1
PGGE,0
QGGE,0
RGGE,0
SGGE,0
TGGE,0
UGGE,0
VGGE,0
WGGE,0
XGGE,0
YGGE,1
ZGGE,0
AHGE,1
BHGE,1
CHGE,1
DHGE,1
EHGE,1
FHGE,0
GHGE,0
HHGE,0
IHGE,0
JHGE,0
KHGE,0
LHGE,0
MHGE,0
NHGE,0
OHGE,0
PHGE,0
QHGE,0
RHGE,0
SHGE,0
THGE,0
UHGE,0
VHGE,0
WHGE,0
XHGE,0
YHGE,0
ZHGE,0
AIGE,0
BIGE,0
CIGE,0
DIGE,0
EIGE,1
FIGE,1
GIGE,0
HIGE,1
IIGE,1
JIGE,1
KIGE,1
LIGE,1
MIGE,1
NIGE,1
OIGE,0
PIGE,1
QIGE,1
RIGE,1
SIGE,1
TIGE,0
UIGE,1
VIGE,1
WIGE,1
XIGE,1
YIGE,1
ZIGE,1
AJGE,1
BJGE,1
CJGE,1
DJGE,0
EJGE,1
FJGE,1
GJGE,1
HJGE,1
IJGE,1
JJGE,1
KJGE,1
LJGE,1
MJGE,1
NJGE,1
OJGE,0
PJGE,1
QJGE,1
RJGE,1
SJGE,0
TJGE,1
UJGE,1
VJGE,1
WJGE,1
XJGE,1
YJGE,1
ZJGE,1
AKGE,1
BKGE,1
CKGE,1
DKGE,1
EKGE,1
FKGE,1
GKGE,1
HKGE,1
IKGE,1
JKGE,1
KKGE,1
LKGE,1
MKGE,1
NKGE,0
OKGE,1
PKGE,0
QKGE,1
RKGE,1
SKGE,0
TKGE,1
UKGE,1
VKGE,1
WKGE,1
XKGE,1
YKGE,1
ZKGE,1
ALGE,1
BLGE,1
CLGE,1
DLGE,1
ELGE,0
FLGE,0
GLGE,0
HLGE,0
ILGE,0
JLGE,0
KLGE,0
LLGE,0
MLGE,0
NLGE,0
OLGE,0
PLGE,0
QLGE,0
RLGE,0
SLGE,0
TLGE,0
ULGE,0
VLGE,0
WLGE,0
XLGE,0
YLGE,0
ZLGE,0
AMGE,0
BMGE,0
CMGE,0
DMGE,0
EMGE,0
FMGE,0
GMGE,0
HMGE,0
IMGE,0
JMGE,0
KMGE,0
LMGE,0
MMGE,0
NMGE,0
OMGE,0
PMGE,0
QMGE,0
RMGE,0
SMGE,0
TMGE,0
UMGE,0
VMGE,0
WMGE,0
XMGE,0
YMGE,0
ZMGE,0
ANGE,0
BNGE,0
CNGE,0
DNGE,0
ENGE,0
FNGE,0
GNGE,0
HNGE,0
INGE,0
JNGE,0
KNGE,0
LNGE,0
MNGE,0
NNGE,0
ONGE,0
PNGE,0
QNGE,0
RNGE,0
SNGE,0
TNGE,0
UNGE,0
VNGE,0
WNGE,0
XNGE,0
YNGE,0
ZNGE,0
AOGE,0
BOGE,0
COGE,0
DOGE,0
EOGE,0
FOGE,1
GOGE,0
HOGE,0
IOGE,1
JOGE,1
KOGE,1
LOGE,1
MOGE,1
NOGE,1
OOGE,1
POGE,1
QOGE,1
ROGE,1
SOGE,1
TOGE,1
UOGE,1
VOGE,1
WOGE,1
XOGE,1
YOGE,1
ZOGE,1
APGE,1
BPGE,1
CPGE,1
DPGE,1
EPGE,1
FPGE,1
GPGE,0
HPGE,1
IPGE,0
JPGE,1
KPGE,1
LPGE,0
MPGE,1
NPGE,0
OPGE,1
PPGE,1
QPGE,1
RPGE,1
SPGE,1
TPGE,1
UPGE,1
VPGE,0
WPGE,1
XPGE,0
YPGE,1
ZPGE,1
AQGE,1
BQGE,1
CQGE,1
DQGE,0
EQGE,1
FQGE,1
GQGE,1
HQGE,1
IQGE,1
JQGE,1
KQGE,1
LQGE,0
MQGE,1
NQGE,1
OQGE,1
PQGE,1
QQGE,1
RQGE,1
SQGE,1
TQGE,1
UQGE,0
VQGE,1
WQGE,1
XQGE,1
YQGE,1
ZQGE,0
ARGE,1
BRGE,0
CRGE,0
DRGE,0
ERGE,0
FRGE,0
GRGE,0
HRGE,0
IRGE,0
JRGE,0
KRGE,1
LRGE,1
MRGE,1
NRGE,1
ORGE,1
PRGE,1
QRGE,0
RRGE,1
SRGE,1
TRGE,1
URGE,1
VRGE,1
WRGE,1
XRGE,0
YRGE,1
ZRGE,0
ASGE,1
BSGE,0
CSGE,1
DSGE,1
ESGE,1
FSGE,1
GSGE,1
HSGE,1
ISGE,1
JSGE,1
KSGE,1
LSGE,1
MSGE,1
NSGE,1
OSGE,1
PSGE,1
QSGE,1
RSGE,1
SSGE,1
TSGE,1
USGE,1
VSGE,1
WSGE,1
XSGE,1
YSGE,0
ZSGE,1
ATGE,1
BTGE,1
CTGE,1
DTGE,1
ETGE,1
FTGE,1
GTGE,1
HTGE,0
ITGE,1
JTGE,1
KTGE,1
LTGE,1
MTGE,1
NTGE,1
OTGE,1
PTGE,0
QTGE,0
RTGE,0
STGE,0
TTGE,0
UTGE,0
VTGE,0
WTGE,0
XTGE,1
YTGE,1
ZTGE,1
AUGE,1
BUGE,1
CUGE,0
DUGE,1
EUGE,1
FUGE,1
GUGE,0
HUGE,1
IUGE,1
JUGE,1
KUGE,1
LUGE,1
MUGE,1
NUGE,1
OUGE,1
PUGE,1
QUGE,1
RUGE,1
SUGE,1
TUGE,1
UUGE,1
VUGE,1
WUGE,1
XUGE,0
YUGE,1
ZUGE,1
AVGE,1
BVGE,1
CVGE,0
DVGE,1
EVGE,1
FVGE,1
GVGE,1
HVGE,0
IVGE,1
JVGE,1
KVGE,1
LVGE,1
MVGE,1
NVGE,1
OVGE,1
PVGE,1
QVGE,0
RVGE,1
SVGE,1
TVGE,1
UVGE,0
VVGE,1
WVGE,1
XVGE,1
YVGE,1
ZVGE,1
AWGE,1
BWGE,1
CWGE,1
DWGE,0
EWGE,1
FWGE,1
GWGE,1
HWGE,1
IWGE,1
JWGE,1
KWGE,1
LWGE,1
MWGE,0
NWGE,1
OWGE,1
PWGE,1
QWGE,1
RWGE,0
SWGE,0
TWGE,1
UWGE,1
VWGE,0
WWGE,1
XWGE,1
YWGE,0
ZWGE,1
AXGE,1
BXGE,1
CXGE,1
DXGE,0
EXGE,0
FXGE,0
GXGE,1
HXGE,0
IXGE,0
JXGE,0
KXGE,0
LXGE,0
MXGE,0
NXGE,1
OXGE,1
PXGE,1
QXGE,1
RXGE,1
SXGE,1
TXGE,0
UXGE,1
VXGE,1
WXGE,1
XXGE,1
YXGE,1
ZXGE,0
AYGE,1
BYGE,1
CYGE,1
DYGE,1
EYGE,1
FYGE,0
GYGE,1
HYGE,1
IYGE,1
JYGE,1
KYGE,1
LYGE,1
MYGE,1
NYGE,1
OYGE,1
PYGE,1
QYGE,1
RYGE,1
SYGE,0
TYGE,1
UYGE,1
VYGE,1
WYGE,1
XYGE,1
YYGE,1
ZYGE,1
AZGE,1
BZGE,1
CZGE,1
DZGE,1
EZGE,1
FZGE,1
GZGE,1
HZGE,1
IZGE,1
JZGE,1
KZGE,1
LZGE,1
MZGE,1
NZGE,1
OZGE,1
PZGE,1
QZGE,1
RZGE,1
SZGE,1
TZGE,1
UZGE,1
VZGE,1
WZGE,0
XZGE,0
YZGE,1
ZZGE,0
AAHE,0
BAHE,0
CAHE,0
DAHE,0
EAHE,0
FAHE,0
GAHE,0
HAHE,0
IAHE,0
JAHE,0
KAHE,0
LAHE,0
MAHE,0
NAHE,0
OAHE,0
PAHE,0
QAHE,0
RAHE,0
SAHE,0
TAHE,0
UAHE,0
VAHE,0
WAHE,0
XAHE,0
YAHE,0
ZAHE,0
ABHE,0
BBHE,0
CBHE,0
DBHE,0
EBHE,0
FBHE,0
GBHE,0
HBHE,0
IBHE,0
JBHE,0
KBHE,0
LBHE,0
MBHE,0
NBHE,0
OBHE,0
PBHE,0
QBHE,0
RBHE,0
SBHE,0
TBHE,0
UBHE,0
VBHE,1
WBHE,1
XBHE,1
YBHE,1
ZBHE,0
ACHE,1
BCHE,1
CCHE,0
DCHE,0
ECHE,0
FCHE,0
GCHE,0
HCHE,0
ICHE,1
JCHE,1
KCHE,1
LCHE,1
MCHE,1
NCHE,0
OCHE,1
PCHE,1
QCHE,1
RCHE,1
SCHE,1
TCHE,1
UCHE,0
VCHE,1
WCHE,0
XCHE,1
YCHE,0
ZCHE,0
ADHE,0
BDHE,0
CDHE,0
DDHE,0
EDHE,0
FDHE,0
GDHE,0
HDHE,0
IDHE,0
JDHE,0
KDHE,0
LDHE,0
MDHE,0
NDHE,0
ODHE,0
PDHE,0
QDHE,0
RDHE,0
SDHE,0
TDHE,0
UDHE,0
VDHE,0
WDHE,0
XDHE,0
YDHE,0
ZDHE,0
AEHE,0
BEHE,1
CEHE,0
DEHE,0
EEHE,0
FEHE,0
GEHE,0
HEHE,1
IEHE,1
JEHE,1
KEHE,1
LEHE,1
MEHE,1
NEHE,1
OEHE,1
PEHE,1
QEHE,1
REHE,1
SEHE,1
TEHE,1
UEHE,1
VEHE,1
WEHE,1
XEHE,1
YEHE,1
ZEHE,0
AFHE,1
BFHE,1
CFHE,1
DFHE,1
EFHE,1
FFHE,1
GFHE,1
HFHE,1
IFHE,1
JFHE,1
KFHE,1
LFHE,1
MFHE,1
NFHE,1
OFHE,0
PFHE,1
QFHE,1
RFHE,1
SFHE,1
TFHE,1
UFHE,1
VFHE,1
WFHE,1
XFHE,1
YFHE,1
ZFHE,1
AGHE,1
BGHE,1
CGHE,1
DGHE,1
EGHE,0
FGHE,0
GGHE,0
HGHE,0
IGHE,0
JGHE,0
KGHE,0
LGHE,0
MGHE,0
NGHE,0
OGHE,0
PGHE,0
QGHE,0
RGHE,0
SGHE,0
TGHE,0
UGHE,0
VGHE,0
WGHE,0
XGHE,0
YGHE,0
ZGHE,0
AHHE,0
BHHE,0
CHHE,0
DHHE,0
EHHE,0
FHHE,0
GHHE,0
HHHE,0
IHHE,0
JHHE,0
KHHE,0
LHHE,0
MHHE,0
NHHE,0
OHHE,0
PHHE,0
QHHE,0
RHHE,0
SHHE,0
THHE,0
UHHE,0
VHHE,0
WHHE,0
XHHE,0
YHHE,0
ZHHE,0
AIHE,0
BIHE,0
CIHE,0
DIHE,0
EIHE,0
FIHE,0
GIHE,0
HIHE,0
IIHE,0
JIHE,0
KIHE,0
LIHE,0
MIHE,0
NIHE,0
OIHE,0
PIHE,1
QIHE,1
RIHE,1
SIHE,1
TIHE,1
UIHE,1
VIHE,1
WIHE,1
XIHE,1
YIHE,1
ZIHE,1
AJHE,1
BJHE,1
CJHE,1
DJHE,1
EJHE,1
FJHE,0
GJHE,1
HJHE,0
IJHE,1
JJHE,1
KJHE,1
LJHE,1
MJHE,1
NJHE,1
OJHE,1
PJHE,1
QJHE,1
RJHE,1
SJHE,1
TJHE,1
UJHE,1
VJHE,1
WJHE,1
XJHE,1
YJHE,1
ZJHE,1
AKHE,1
BKHE,1
CKHE,1
DKHE,0
EKHE,1
FKHE,1
GKHE,1
HKHE,1
IKHE,1
JKHE,1
KKHE,1
LKHE,0
MKHE,1
NKHE,1
OKHE,1
PKHE,1
QKHE,1
RKHE,1
SKHE,1
TKHE,1
UKHE,0
VKHE,1
WKHE,1
XKHE,1
YKHE,1
ZKHE,1
ALHE,1
BLHE,0
CLHE,1
DLHE,0
ELHE,1
FLHE,0
GLHE,0
HLHE,0
ILHE,0
JLHE,0
KLHE,0
LLHE,0
MLHE,0
NLHE,0
OLHE,0
PLHE,0
QLHE,0
RLHE,0
SLHE,0
TLHE,0
ULHE,1
VLHE,1
WLHE,1
XLHE,0
YLHE,1
ZLHE,1
AMHE,1
BMHE,1
CMHE,0
DMHE,1
EMHE,1
FMHE,1
GMHE,1
HMHE,1
IMHE,1
JMHE,1
KMHE,0
LMHE,1
MMHE,1
NMHE,1
OMHE,1
PMHE,1
QMHE,0
RMHE,1
SMHE,1
TMHE,1
UMHE,1
VMHE,1
WMHE,0
XMHE,1
YMHE,1
ZMHE,1
ANHE,1
BNHE,1
CNHE,1
DNHE,1
ENHE,1
FNHE,1
GNHE,1
HNHE,1
INHE,1
JNHE,1
KNHE,1
LNHE,0
MNHE,1
NNHE,1
ONHE,1
PNHE,1
QNHE,1
RNHE,1
SNHE,1
TNHE,1
UNHE,1
VNHE,1
WNHE,1
XNHE,1
YNHE,1
ZNHE,0
AOHE,0
BOHE,1
COHE,1
DOHE,0
EOHE,0
FOHE,0
GOHE,0
HOHE,0
IOHE,0
JOHE,0
KOHE,0
LOHE,0
MOHE,0
NOHE,0
OOHE,1
POHE,1
QOHE,0
ROHE,0
SOHE,0
TOHE,0
UOHE,1
VOHE,1
WOHE,1
XOHE,1
YOHE,1
ZOHE,1
APHE,1
BPHE,1
CPHE,1
DPHE,1
EPHE,1
FPHE,1
GPHE,1
HPHE,0
IPHE,1
JPHE,1
KPHE,1
LPHE,1
MPHE,1
NPHE,1
OPHE,1
PPHE,1
QPHE,1
RPHE,0
SPHE,1
TPHE,1
UPHE,1
VPHE,1
WPHE,1
XPHE,1
YPHE,1
ZPHE,1
AQHE,1
BQHE,1
CQHE,1
DQHE,1
EQHE,0
FQHE,0
GQHE,1
HQHE,1
IQHE,1
JQHE,1
KQHE,1
LQHE,1
MQHE,1
NQHE,1
OQHE,1
PQHE,0
QQHE,1
RQHE,1
SQHE,1
TQHE,1
UQHE,0
VQHE,1
WQHE,1
XQHE,1
YQHE,0
ZQHE,1
ARHE,1
BRHE,1
CRHE,1
DRHE,1
ERHE,1
FRHE,1
GRHE,1
HRHE,1
IRHE,1
JRHE,0
KRHE,1
LRHE,1
MRHE,1
NRHE,1
ORHE,1
PRHE,1
QRHE,1
RRHE,1
SRHE,0
TRHE,1
URHE,1
VRHE,1
WRHE,1
XRHE,1
YRHE,1
ZRHE,1
ASHE,1
BSHE,1
CSHE,1
DSHE,0
ESHE,0
FSHE,0
GSHE,1
HSHE,1
ISHE,1
JSHE,1
KSHE,1
LSHE,1
MSHE,1
NSHE,1
OSHE,1
PSHE,1
QSHE,1
RSHE,1
SSHE,1
TSHE,1
USHE,1
VSHE,1
WSHE,1
XSHE,1
YSHE,1
ZSHE,1
ATHE,1
BTHE,1
CTHE,1
DTHE,1
ETHE,1
FTHE,0
GTHE,1
HTHE,1
ITHE,1
JTHE,1
KTHE,1
LTHE,1
MTHE,1
NTHE,1
OTHE,1
PTHE,1
QTHE,1
RTHE,1
STHE,1
TTHE,1
UTHE,1
VTHE,1
WTHE,1
XTHE,1
YTHE,1
ZTHE,1
AUHE,1
BUHE,1
CUHE,1
DUHE,1
EUHE,0
FUHE,1
GUHE,1
HUHE,1
IUHE,0
JUHE,1
KUHE,1
LUHE,1
MUHE,1
NUHE,1
OUHE,1
PUHE,1
QUHE,0
RUHE,1
SUHE,1
TUHE,1
UUHE,1
VUHE,1
WUHE,1
XUHE,1
YUHE,1
ZUHE,0
AVHE,0
BVHE,0
CVHE,1
DVHE,0
EVHE,0
FVHE,0
GVHE,0
HVHE,0
IVHE,0
JVHE,0
KVHE,0
LVHE,0
MVHE,0
NVHE,0
OVHE,0
PVHE,0
QVHE,0
RVHE,0
SVHE,0
TVHE,0
UVHE,0
VVHE,0
WVHE,0
XVHE,0
YVHE,0
ZVHE,0
AWHE,0
BWHE,0
CWHE,0
DWHE,0
EWHE,0
FWHE,0
GWHE,0
HWHE,0
IWHE,0
JWHE,0
KWHE,0
LWHE,0
MWHE,0
NWHE,0
OWHE,0
PWHE,0
QWHE,0
RWHE,0
SWHE,0
TWHE,0
UWHE,0
VWHE,0
WWHE,0
XWHE,0
YWHE,1
ZWHE,0
AXHE,0
BXHE,0
CXHE,0
DXHE,0
EXHE,0
FXHE,0
GXHE,0
HXHE,0
IXHE,0
JXHE,0
KXHE,0
LXHE,1
MXHE,0
NXHE,0
OXHE,0
PXHE,0
QXHE,0
RXHE,0
SXHE,0
TXHE,0
UXHE,0
VXHE,0
WXHE,0
XXHE,0
YXHE,0
ZXHE,0
AYHE,0
BYHE,0
CYHE,0
DYHE,0
EYHE,0
FYHE,0
GYHE,0
HYHE,0
IYHE,0
JYHE,0
KYHE,0
LYHE,0
MYHE,0
NYHE,0
OYHE,0
PYHE,0
QYHE,0
RYHE,0
SYHE,0
TYHE,0
UYHE,0
VYHE,0
WYHE,0
XYHE,0
YYHE,0
ZYHE,0
AZHE,0
BZHE,0
CZHE,0
DZHE,0
EZHE,0
FZHE,0
GZHE,0
HZHE,0
IZHE,0
JZHE,0
KZHE,0
LZHE,0
MZHE,0
NZHE,0
OZHE,0
PZHE,0
QZHE,0
RZHE,0
SZHE,0
TZHE,0
UZHE,0
VZHE,0
WZHE,0
XZHE,0
YZHE,0
ZZHE,0
AAIE,0
BAIE,0
CAIE,0
DAIE,0
EAIE,0
FAIE,0
GAIE,0
HAIE,0
IAIE,0
JAIE,0
KAIE,0
LAIE,0
MAIE,0
NAIE,0
OAIE,0
PAIE,0
QAIE,0
RAIE,0
SAIE,0
TAIE,0
UAIE,0
VAIE,0
WAIE,0
XAIE,0
YAIE,0
ZAIE,0
ABIE,0
BBIE,0
CBIE,0
DBIE,1
EBIE,1
FBIE,1
GBIE,1
HBIE,1
IBIE,1
JBIE,0
KBIE,0
LBIE,1
MBIE,0
NBIE,0
OBIE,0
PBIE,0
QBIE,0
RBIE,0
SBIE,0
TBIE,1
UBIE,1
VBIE,0
WBIE,0
XBIE,0
YBIE,0
ZBIE,0
ACIE,0
BCIE,0
CCIE,0
DCIE,0
ECIE,0
FCIE,0
GCIE,0
HCIE,0
ICIE,0
JCIE,0
KCIE,0
LCIE,0
MCIE,0
NCIE,0
OCIE,0
PCIE,0
QCIE,0
RCIE,0
SCIE,0
TCIE,0
UCIE,0
VCIE,0
WCIE,0
XCIE,0
YCIE,0
ZCIE,1
ADIE,1
BDIE,1
CDIE,0
DDIE,0
EDIE,0
FDIE,0
GDIE,0
HDIE,1
IDIE,0
JDIE,0
KDIE,0
LDIE,0
MDIE,1
NDIE,0
ODIE,1
PDIE,1
QDIE,1
RDIE,1
SDIE,1
TDIE,0
UDIE,1
VDIE,1
WDIE,1
XDIE,1
YDIE,1
ZDIE,1
AEIE,1
BEIE,1
CEIE,1
DEIE,1
EEIE,1
FEIE,1
GEIE,1
HEIE,1
IEIE,1
JEIE,1
KEIE,1
LEIE,0
MEIE,1
NEIE,1
OEIE,1
PEIE,1
QEIE,0
REIE,1
SEIE,1
TEIE,1
UEIE,0
VEIE,1
WEIE,0
XEIE,0
YEIE,1
ZEIE,0
AFIE,0
BFIE,0
CFIE,1
DFIE,0
EFIE,0
FFIE,0
GFIE,0
HFIE,0
IFIE,0
JFIE,1
KFIE,1
LFIE,0
MFIE,0
NFIE,0
OFIE,0
PFIE,0
QFIE,0
RFIE,0
SFIE,0
TFIE,0
UFIE,0
VFIE,0
WFIE,0
XFIE,0
YFIE,1
ZFIE,0
AGIE,0
BGIE,0
CGIE,0
DGIE,0
EGIE,0
FGIE,0
GGIE,0
HGIE,0
IGIE,0
JGIE,0
KGIE,0
LGIE,0
MGIE,0
NGIE,0
OGIE,0
PGIE,0
QGIE,0
RGIE,0
SGIE,0
TGIE,0
UGIE,0
VGIE,0
WGIE,0
XGIE,0
YGIE,0
ZGIE,0
AHIE,0
BHIE,0
CHIE,0
DHIE,0
EHIE,0
FHIE,0
GHIE,0
HHIE,0
IHIE,0
JHIE,0
KHIE,0
LHIE,0
MHIE,0
NHIE,0
OHIE,0
PHIE,0
QHIE,0
RHIE,0
SHIE,0
THIE,0
UHIE,0
VHIE,0
WHIE,0
XHIE,0
YHIE,0
ZHIE,0
AIIE,0
BIIE,0
CIIE,0
DIIE,0
EIIE,0
FIIE,0
GIIE,0
HIIE,1
IIIE,1
JIIE,1
KIIE,1
LIIE,1
MIIE,1
NIIE,1
OIIE,1
PIIE,1
QIIE,1
RIIE,1
SIIE,1
TIIE,1
UIIE,0
VIIE,0
WIIE,1
XIIE,0
YIIE,1
ZIIE,1
AJIE,1
BJIE,1
CJIE,0
DJIE,0
EJIE,1
FJIE,1
GJIE,1
HJIE,1
IJIE,1
JJIE,1
KJIE,1
LJIE,1
MJIE,1
NJIE,1
OJIE,1
PJIE,1
QJIE,1
RJIE,0
SJIE,1
TJIE,1
UJIE,0
VJIE,0
WJIE,0
XJIE,0
YJIE,0
ZJIE,0
AKIE,0
BKIE,0
CKIE,0
DKIE,0
EKIE,0
FKIE,1
GKIE,1
HKIE,0
IKIE,0
JKIE,1
KKIE,0
LKIE,1
MKIE,1
NKIE,1
OKIE,1
PKIE,1
QKIE,1
RKIE,1
SKIE,1
TKIE,1
UKIE,1
VKIE,0
WKIE,1
XKIE,1
YKIE,1
ZKIE,0
ALIE,1
BLIE,1
CLIE,0
DLIE,1
ELIE,1
FLIE,1
GLIE,1
HLIE,1
ILIE,1
JLIE,0
KLIE,1
LLIE,1
MLIE,1
NLIE,1
OLIE,1
PLIE,1
QLIE,1
RLIE,1
SLIE,1
TLIE,1
ULIE,0
VLIE,0
WLIE,1
XLIE,0
YLIE,0
ZLIE,0
AMIE,0
BMIE,0
CMIE,0
DMIE,0
EMIE,0
FMIE,0
GMIE,0
HMIE,0
IMIE,1
JMIE,1
KMIE,1
LMIE,0
MMIE,0
NMIE,0
OMIE,0
PMIE,0
QMIE,1
RMIE,0
SMIE,1
TMIE,1
UMIE,1
VMIE,1
WMIE,0
XMIE,0
YMIE,1
ZMIE,1
ANIE,0
BNIE,1
CNIE,1
DNIE,1
ENIE,0
FNIE,1
GNIE,1
HNIE,0
INIE,1
JNIE,1
KNIE,1
LNIE,1
MNIE,1
NNIE,1
ONIE,1
PNIE,1
QNIE,1
RNIE,0
SNIE,0
TNIE,1
UNIE,1
VNIE,1
WNIE,1
XNIE,0
YNIE,0
ZNIE,0
AOIE,0
BOIE,0
COIE,0
DOIE,1
EOIE,1
FOIE,1
GOIE,1
HOIE,0
IOIE,1
JOIE,1
KOIE,1
LOIE,0
MOIE,1
NOIE,1
OOIE,0
POIE,1
QOIE,0
ROIE,1
SOIE,0
TOIE,1
UOIE,1
VOIE,1
WOIE,1
XOIE,1
YOIE,0
ZOIE,0
APIE,0
BPIE,0
CPIE,1
DPIE,1
EPIE,0
FPIE,0
GPIE,0
HPIE,1
IPIE,0
JPIE,0
KPIE,0
LPIE,0
MPIE,1
NPIE,0
OPIE,0
PPIE,0
QPIE,0
RPIE,0
SPIE,0
TPIE,0
UPIE,0
VPIE,0
WPIE,0
XPIE,0
YPIE,0
ZPIE,0
AQIE,0
BQIE,0
CQIE,0
DQIE,0
EQIE,0
FQIE,0
GQIE,0
HQIE,0
IQIE,0
JQIE,0
KQIE,0
LQIE,0
MQIE,0
NQIE,0
OQIE,0
PQIE,0
QQIE,0
RQIE,0
SQIE,0
TQIE,0
UQIE,0
VQIE,0
WQIE,0
XQIE,0
YQIE,0
ZQIE,0
ARIE,0
BRIE,0
CRIE,0
DRIE,0
ERIE,0
FRIE,0
GRIE,0
HRIE,0
IRIE,0
JRIE,0
KRIE,0
LRIE,0
MRIE,0
NRIE,0
ORIE,0
PRIE,0
QRIE,0
RRIE,0
SRIE,0
TRIE,0
URIE,0
VRIE,0
WRIE,0
XRIE,0
YRIE,0
ZRIE,0
ASIE,0
BSIE,0
CSIE,0
DSIE,0
ESIE,0
FSIE,0
GSIE,0
HSIE,0
ISIE,0
JSIE,0
KSIE,0
LSIE,0
MSIE,0
NSIE,0
OSIE,0
PSIE,0
QSIE,0
RSIE,0
SSIE,0
TSIE,0
USIE,0
VSIE,0
WSIE,0
XSIE,0
YSIE,0
ZSIE,0
ATIE,0
BTIE,0
CTIE,0
DTIE,0
ETIE,0
FTIE,0
GTIE,0
HTIE,0
ITIE,0
JTIE,0
KTIE,0
LTIE,0
MTIE,0
NTIE,0
OTIE,0
PTIE,0
QTIE,0
RTIE,0
STIE,0
TTIE,0
UTIE,0
VTIE,0
WTIE,0
XTIE,0
YTIE,0
ZTIE,0
AUIE,0
BUIE,0
CUIE,0
DUIE,0
EUIE,0
FUIE,0
GUIE,0
HUIE,0
IUIE,0
JUIE,0
KUIE,0
LUIE,0
MUIE,0
NUIE,0
OUIE,0
PUIE,0
QUIE,0
RUIE,0
SUIE,0
TUIE,0
UUIE,0
VUIE,0
WUIE,0
XUIE,0
YUIE,0
ZUIE,0
AVIE,0
BVIE,0
CVIE,0
DVIE,0
EVIE,0
FVIE,0
GVIE,0
HVIE,0
IVIE,0
JVIE,0
KVIE,0
LVIE,0
MVIE,0
NVIE,0
OVIE,0
PVIE,0
QVIE,0
RVIE,0
SVIE,0
TVIE,0
UVIE,0
VVIE,0
WVIE,0
XVIE,0
YVIE,0
ZVIE,0
AWIE,0
BWIE,0
CWIE,0
DWIE,0
EWIE,0
FWIE,0
GWIE,0
HWIE,0
IWIE,0
JWIE,0
KWIE,0
LWIE,0
MWIE,0
NWIE,0
OWIE,0
PWIE,0
QWIE,0
RWIE,0
SWIE,0
TWIE,0
UWIE,0
VWIE,0
WWIE,0
XWIE,0
YWIE,0
ZWIE,0
AXIE,0
BXIE,0
CXIE,0
DXIE,0
EXIE,0
FXIE,0
GXIE,1
HXIE,1
IXIE,1
JXIE,0
KXIE,0
LXIE,0
MXIE,0
NXIE,0
OXIE,0
PXIE,1
QXIE,0
RXIE,0
SXIE,0
TXIE,0
UXIE,1
VXIE,1
WXIE,1
XXIE,1
YXIE,1
ZXIE,1
AYIE,1
BYIE,1
CYIE,1
DYIE,0
EYIE,0
FYIE,1
GYIE,1
HYIE,1
IYIE,1
JYIE,1
KYIE,0
LYIE,0
MYIE,1
NYIE,1
OYIE,1
PYIE,1
QYIE,1
RYIE,1
SYIE,1
TYIE,1
UYIE,1
VYIE,1
WYIE,1
XYIE,1
YYIE,1
ZYIE,1
AZIE,1
BZIE,1
CZIE,1
DZIE,1
EZIE,1
FZIE,1
GZIE,1
HZIE,1
IZIE,1
JZIE,1
KZIE,1
LZIE,0
MZIE,1
NZIE,1
OZIE,1
PZIE,1
QZIE,1
RZIE,1
SZIE,0
TZIE,1
UZIE,1
VZIE,1
WZIE,1
XZIE,1
YZIE,0
ZZIE,0
AAJE,0
BAJE,0
CAJE,0
DAJE,0
EAJE,0
FAJE,0
GAJE,0
HAJE,0
IAJE,0
JAJE,0
KAJE,0
LAJE,0
MAJE,0
NAJE,0
OAJE,0
PAJE,0
QAJE,0
RAJE,1
SAJE,1
TAJE,1
UAJE,1
VAJE,1
WAJE,0
XAJE,0
YAJE,0
ZAJE,0
ABJE,1
BBJE,1
CBJE,0
DBJE,1
EBJE,1
FBJE,1
GBJE,1
HBJE,1
IBJE,1
JBJE,1
KBJE,1
LBJE,1
MBJE,1
NBJE,1
OBJE,1
PBJE,0
QBJE,1
RBJE,1
SBJE,1
TBJE,1
UBJE,0
VBJE,0
WBJE,1
XBJE,1
YBJE,1
ZBJE,1
ACJE,1
BCJE,1
CCJE,1
DCJE,1
ECJE,1
FCJE,1
GCJE,1
HCJE,1
ICJE,1
JCJE,1
KCJE,1
LCJE,0
MCJE,0
NCJE,0
OCJE,0
PCJE,0
QCJE,0
RCJE,0
SCJE,0
TCJE,0
UCJE,0
VCJE,0
WCJE,0
XCJE,0
YCJE,0
ZCJE,0
ADJE,0
BDJE,0
CDJE,0
DDJE,0
EDJE,0
FDJE,0
GDJE,0
HDJE,0
IDJE,0
JDJE,0
KDJE,0
LDJE,0
MDJE,0
NDJE,0
ODJE,0
PDJE,0
QDJE,0
RDJE,0
SDJE,0
TDJE,0
UDJE,0
VDJE,0
WDJE,0
XDJE,0
YDJE,0
ZDJE,0
AEJE,0
BEJE,0
CEJE,0
DEJE,0
EEJE,0
FEJE,0
GEJE,0
HEJE,0
IEJE,0
JEJE,0
KEJE,0
LEJE,0
MEJE,0
NEJE,0
OEJE,0
PEJE,0
QEJE,0
REJE,0
SEJE,0
TEJE,0
UEJE,0
VEJE,0
WEJE,0
XEJE,0
YEJE,0
ZEJE,0
AFJE,0
BFJE,0
CFJE,0
DFJE,0
EFJE,0
FFJE,0
GFJE,0
HFJE,0
IFJE,0
JFJE,0
KFJE,0
LFJE,0
MFJE,0
NFJE,0
OFJE,0
PFJE,0
QFJE,0
RFJE,0
SFJE,0
TFJE,0
UFJE,1
VFJE,0
WFJE,0
XFJE,0
YFJE,0
ZFJE,1
AGJE,1
BGJE,1
CGJE,0
DGJE,1
EGJE,1
FGJE,1
GGJE,1
HGJE,1
IGJE,1
JGJE,1
KGJE,1
LGJE,0
MGJE,1
NGJE,1
OGJE,1
PGJE,0
QGJE,1
RGJE,1
SGJE,1
TGJE,1
UGJE,1
VGJE,1
WGJE,1
XGJE,1
YGJE,1
ZGJE,1
AHJE,1
BHJE,1
CHJE,1
DHJE,1
EHJE,1
FHJE,1
GHJE,1
HHJE,0
IHJE,0
JHJE,1
KHJE,0
LHJE,1
MHJE,1
NHJE,0
OHJE,0
PHJE,0
QHJE,0
RHJE,0
SHJE,0
THJE,0
UHJE,0
VHJE,0
WHJE,0
XHJE,0
YHJE,0
ZHJE,0
AIJE,0
BIJE,0
CIJE,1
DIJE,1
EIJE,0
FIJE,0
GIJE,0
HIJE,0
IIJE,0
JIJE,0
KIJE,0
LIJE,0
MIJE,0
NIJE,0
OIJE,0
PIJE,1
QIJE,1
RIJE,1
SIJE,1
TIJE,0
UIJE,1
VIJE,1
WIJE,1
XIJE,1
YIJE,1
ZIJE,1
AJJE,1
BJJE,1
CJJE,1
DJJE,1
EJJE,1
FJJE,1
GJJE,1
HJJE,1
IJJE,1
JJJE,1
KJJE,1
LJJE,1
MJJE,1
NJJE,1
OJJE,1
PJJE,1
QJJE,0
RJJE,1
SJJE,1
TJJE,1
UJJE,1
VJJE,0
WJJE,1
XJJE,0
YJJE,1
ZJJE,1
AKJE,1
BKJE,1
CKJE,0
DKJE,1
EKJE,0
FKJE,1
GKJE,1
HKJE,1
IKJE,1
JKJE,0
KKJE,1
LKJE,0
MKJE,0
NKJE,0
OKJE,0
PKJE,0
QKJE,0
RKJE,0
SKJE,0
TKJE,1
UKJE,1
VKJE,1
WKJE,1
XKJE,1
YKJE,1
ZKJE,1
ALJE,1
BLJE,1
CLJE,1
DLJE,1
ELJE,1
FLJE,1
GLJE,1
HLJE,1
ILJE,1
JLJE,1
KLJE,1
LLJE,1
MLJE,1
NLJE,1
OLJE,1
PLJE,0
QLJE,1
RLJE,1
SLJE,1
TLJE,0
ULJE,1
VLJE,1
WLJE,0
XLJE,0
YLJE,1
ZLJE,0
AMJE,1
BMJE,0
CMJE,0
DMJE,1
EMJE,1
FMJE,1
GMJE,1
HMJE,1
IMJE,1
JMJE,0
KMJE,0
LMJE,1
MMJE,0
NMJE,0
OMJE,0
PMJE,0
QMJE,0
RMJE,0
SMJE,0
TMJE,0
UMJE,0
VMJE,0
WMJE,0
XMJE,0
YMJE,0
ZMJE,0
ANJE,0
BNJE,0
CNJE,0
DNJE,0
ENJE,0
FNJE,0
GNJE,0
HNJE,0
INJE,0
JNJE,0
KNJE,0
LNJE,0
MNJE,0
NNJE,0
ONJE,0
PNJE,0
QNJE,0
RNJE,0
SNJE,0
TNJE,0
UNJE,0
VNJE,0
WNJE,0
XNJE,0
YNJE,0
ZNJE,0
AOJE,0
BOJE,0
COJE,0
DOJE,0
EOJE,0
FOJE,0
GOJE,0
HOJE,0
IOJE,0
JOJE,0
KOJE,0
LOJE,0
MOJE,0
NOJE,0
OOJE,0
POJE,0
QOJE,0
ROJE,0
SOJE,0
TOJE,0
UOJE,0
VOJE,0
WOJE,0
XOJE,0
YOJE,0
ZOJE,0
APJE,0
BPJE,0
CPJE,0
DPJE,0
EPJE,1
FPJE,1
GPJE,1
HPJE,1
IPJE,1
JPJE,1
KPJE,1
LPJE,1
MPJE,1
NPJE,1
OPJE,1
PPJE,1
QPJE,1
RPJE,1
SPJE,1
TPJE,1
UPJE,1
VPJE,1
WPJE,1
XPJE,1
YPJE,1
ZPJE,1
AQJE,1
BQJE,0
CQJE,0
DQJE,0
EQJE,0
FQJE,0
GQJE,0
HQJE,0
IQJE,0
JQJE,0
KQJE,0
LQJE,0
MQJE,0
NQJE,0
OQJE,0
PQJE,0
QQJE,0
RQJE,0
SQJE,0
TQJE,0
UQJE,0
VQJE,0
WQJE,0
XQJE,0
YQJE,0
ZQJE,0
ARJE,0
BRJE,0
CRJE,0
DRJE,0
ERJE,0
FRJE,0
GRJE,0
HRJE,0
IRJE,0
JRJE,0
KRJE,0
LRJE,0
MRJE,0
NRJE,0
ORJE,0
PRJE,0
QRJE,0
RRJE,0
SRJE,0
TRJE,0
URJE,0
VRJE,0
WRJE,0
XRJE,0
YRJE,0
ZRJE,0
ASJE,0
BSJE,0
CSJE,0
DSJE,0
ESJE,0
FSJE,0
GSJE,0
HSJE,0
ISJE,0
JSJE,1
KSJE,0
LSJE,1
MSJE,1
NSJE,1
OSJE,1
PSJE,1
QSJE,1
RSJE,1
SSJE,1
TSJE,1
USJE,1
VSJE,1
WSJE,1
XSJE,1
YSJE,1
ZSJE,0
ATJE,0
BTJE,0
CTJE,0
DTJE,0
ETJE,0
FTJE,0
GTJE,0
HTJE,0
ITJE,0
JTJE,1
KTJE,1
LTJE,1
MTJE,1
NTJE,1
OTJE,1
PTJE,1
QTJE,0
RTJE,1
STJE,0
TTJE,0
UTJE,0
VTJE,0
WTJE,0
XTJE,0
YTJE,0
ZTJE,0
AUJE,0
BUJE,0
CUJE,0
DUJE,0
EUJE,0
FUJE,0
GUJE,0
HUJE,0
IUJE,0
JUJE,0
KUJE,0
LUJE,0
MUJE,0
NUJE,0
OUJE,0
PUJE,0
QUJE,0
RUJE,0
SUJE,0
TUJE,0
UUJE,0
VUJE,1
WUJE,1
XUJE,1
YUJE,1
ZUJE,0
AVJE,1
BVJE,1
CVJE,1
DVJE,1
EVJE,1
FVJE,1
GVJE,0
HVJE,1
IVJE,1
JVJE,1
KVJE,1
LVJE,0
MVJE,0
NVJE,1
OVJE,1
PVJE,1
QVJE,1
RVJE,1
SVJE,1
TVJE,1
UVJE,1
VVJE,1
WVJE,1
XVJE,0
YVJE,1
ZVJE,1
AWJE,1
BWJE,1
CWJE,1
DWJE,1
EWJE,0
FWJE,1
GWJE,1
HWJE,1
IWJE,1
JWJE,1
KWJE,1
LWJE,1
MWJE,0
NWJE,1
OWJE,0
PWJE,0
QWJE,0
RWJE,0
SWJE,0
TWJE,0
UWJE,0
VWJE,0
WWJE,0
XWJE,0
YWJE,0
ZWJE,0
AXJE,0
BXJE,0
CXJE,0
DXJE,0
EXJE,0
FXJE,0
GXJE,0
HXJE,0
IXJE,0
JXJE,0
KXJE,0
LXJE,0
MXJE,0
NXJE,0
OXJE,0
PXJE,0
QXJE,0
RXJE,0
SXJE,0
TXJE,0
UXJE,0
VXJE,0
WXJE,0
XXJE,0
YXJE,0
ZXJE,0
AYJE,0
BYJE,0
CYJE,0
DYJE,0
EYJE,0
FYJE,0
GYJE,0
HYJE,0
IYJE,0
JYJE,0
KYJE,0
LYJE,0
MYJE,0
NYJE,0
OYJE,0
PYJE,0
QYJE,0
RYJE,0
SYJE,0
TYJE,0
UYJE,0
VYJE,0
WYJE,0
XYJE,0
YYJE,0
ZYJE,0
AZJE,0
BZJE,0
CZJE,0
DZJE,0
EZJE,0
FZJE,0
GZJE,0
HZJE,0
IZJE,0
JZJE,0
KZJE,0
LZJE,0
MZJE,0
NZJE,0
OZJE,1
PZJE,1
QZJE,0
RZJE,0
SZJE,1
TZJE,1
UZJE,0
VZJE,0
WZJE,0
XZJE,0
YZJE,0
ZZJE,0
AAKE,0
BAKE,1
CAKE,0
DAKE,0
EAKE,0
FAKE,1
GAKE,1
HAKE,1
IAKE,1
JAKE,1
KAKE,1
LAKE,1
MAKE,0
NAKE,1
OAKE,1
PAKE,1
QAKE,0
RAKE,1
SAKE,1
TAKE,1
UAKE,1
VAKE,1
WAKE,1
XAKE,0
YAKE,1
ZAKE,1
ABKE,1
BBKE,0
CBKE,1
DBKE,1
EBKE,1
FBKE,1
GBKE,1
HBKE,0
IBKE,1
JBKE,1
KBKE,1
LBKE,0
MBKE,0
NBKE,0
OBKE,0
PBKE,0
QBKE,0
RBKE,0
SBKE,0
TBKE,0
UBKE,1
VBKE,1
WBKE,1
XBKE,1
YBKE,1
ZBKE,1
ACKE,1
BCKE,1
CCKE,1
DCKE,1
ECKE,1
FCKE,1
GCKE,1
HCKE,1
ICKE,1
JCKE,1
KCKE,1
LCKE,1
MCKE,1
NCKE,1
OCKE,1
PCKE,1
QCKE,0
RCKE,1
SCKE,1
TCKE,1
UCKE,1
VCKE,0
WCKE,1
XCKE,1
YCKE,1
ZCKE,1
ADKE,1
BDKE,1
CDKE,1
DDKE,1
EDKE,1
FDKE,1
GDKE,0
HDKE,0
IDKE,1
JDKE,1
KDKE,1
LDKE,1
MDKE,0
NDKE,0
ODKE,0
PDKE,0
QDKE,0
RDKE,0
SDKE,0
TDKE,0
UDKE,0
VDKE,0
WDKE,0
XDKE,0
YDKE,0
ZDKE,0
AEKE,0
BEKE,1
CEKE,1
DEKE,1
EEKE,1
FEKE,1
GEKE,1
HEKE,1
IEKE,1
JEKE,1
KEKE,1
LEKE,1
MEKE,1
NEKE,1
OEKE,1
PEKE,1
QEKE,1
REKE,1
SEKE,1
TEKE,1
UEKE,0
VEKE,1
WEKE,0
XEKE,1
YEKE,1
ZEKE,1
AFKE,1
BFKE,0
CFKE,1
DFKE,1
EFKE,1
FFKE,1
GFKE,1
HFKE,1
IFKE,1
JFKE,1
KFKE,1
LFKE,1
MFKE,1
NFKE,1
OFKE,1
PFKE,0
QFKE,0
RFKE,1
SFKE,0
TFKE,1
UFKE,1
VFKE,1
WFKE,1
XFKE,1
YFKE,0
ZFKE,1
AGKE,1
BGKE,1
CGKE,1
DGKE,1
EGKE,1
FGKE,0
GGKE,0
HGKE,0
IGKE,0
JGKE,0
KGKE,0
LGKE,0
MGKE,1
NGKE,1
OGKE,1
PGKE,0
QGKE,0
RGKE,1
SGKE,1
TGKE,1
UGKE,1
VGKE,1
WGKE,1
XGKE,1
YGKE,1
ZGKE,1
AHKE,1
BHKE,1
CHKE,1
DHKE,1
EHKE,0
FHKE,1
GHKE,1
HHKE,1
IHKE,0
JHKE,1
KHKE,1
LHKE,1
MHKE,0
NHKE,1
OHKE,0
PHKE,1
QHKE,0
RHKE,0
SHKE,0
THKE,0
UHKE,0
VHKE,0
WHKE,0
XHKE,0
YHKE,1
ZHKE,0
AIKE,0
BIKE,0
CIKE,0
DIKE,1
EIKE,0
FIKE,0
GIKE,0
HIKE,0
IIKE,0
JIKE,0
KIKE,0
LIKE,0
MIKE,0
NIKE,0
OIKE,0
PIKE,0
QIKE,1
RIKE,1
SIKE,0
TIKE,0
UIKE,0
VIKE,0
WIKE,0
XIKE,0
YIKE,1
ZIKE,0
AJKE,1
BJKE,0
CJKE,1
DJKE,1
EJKE,1
FJKE,0
GJKE,0
HJKE,0
IJKE,0
JJKE,0
KJKE,0
LJKE,0
MJKE,0
NJKE,0
OJKE,0
PJKE,0
QJKE,0
RJKE,0
SJKE,0
TJKE,0
UJKE,0
VJKE,0
WJKE,0
XJKE,0
YJKE,0
ZJKE,0
AKKE,0
BKKE,0
CKKE,0
DKKE,0
EKKE,0
FKKE,0
GKKE,0
HKKE,1
IKKE,1
JKKE,1
KKKE,1
LKKE,1
MKKE,1
NKKE,1
OKKE,0
PKKE,1
QKKE,1
RKKE,1
SKKE,0
TKKE,1
UKKE,1
VKKE,1
WKKE,1
XKKE,1
YKKE,1
ZKKE,1
ALKE,1
BLKE,1
CLKE,1
DLKE,1
ELKE,1
FLKE,1
GLKE,1
HLKE,0
ILKE,1
JLKE,0
KLKE,1
LLKE,1
MLKE,1
NLKE,1
OLKE,1
PLKE,1
QLKE,1
RLKE,1
SLKE,1
TLKE,1
ULKE,0
VLKE,1
WLKE,1
XLKE,1
YLKE,0
ZLKE,1
AMKE,0
BMKE,0
CMKE,0
DMKE,0
EMKE,0
FMKE,0
GMKE,0
HMKE,0
IMKE,0
JMKE,0
KMKE,0
LMKE,0
MMKE,0
NMKE,0
OMKE,0
PMKE,0
QMKE,0
RMKE,0
SMKE,0
TMKE,0
UMKE,0
VMKE,0
WMKE,0
XMKE,0
YMKE,0
ZMKE,0
ANKE,0
BNKE,0
CNKE,0
DNKE,0
ENKE,0
FNKE,0
GNKE,0
HNKE,0
INKE,0
JNKE,0
KNKE,0
LNKE,0
MNKE,0
NNKE,0
ONKE,0
PNKE,0
QNKE,0
RNKE,0
SNKE,0
TNKE,0
UNKE,0
VNKE,0
WNKE,0
XNKE,0
YNKE,0
ZNKE,0
AOKE,0
BOKE,0
COKE,0
DOKE,0
EOKE,0
FOKE,0
GOKE,0
HOKE,0
IOKE,0
JOKE,0
KOKE,0
LOKE,0
MOKE,0
NOKE,0
OOKE,0
POKE,0
QOKE,0
ROKE,1
SOKE,1
TOKE,1
UOKE,1
VOKE,1
WOKE,1
XOKE,1
YOKE,1
ZOKE,1
APKE,1
BPKE,1
CPKE,1
DPKE,1
EPKE,1
FPKE,0
GPKE,1
HPKE,1
IPKE,1
JPKE,1
KPKE,0
LPKE,0
MPKE,1
NPKE,1
OPKE,1
PPKE,0
QPKE,1
RPKE,0
SPKE,1
TPKE,0
UPKE,0
VPKE,1
WPKE,1
XPKE,1
YPKE,1
ZPKE,0
AQKE,1
BQKE,1
CQKE,1
DQKE,1
EQKE,1
FQKE,1
GQKE,1
HQKE,0
IQKE,0
JQKE,0
KQKE,0
LQKE,0
MQKE,0
NQKE,0
OQKE,0
PQKE,0
QQKE,1
RQKE,1
SQKE,0
TQKE,1
UQKE,1
VQKE,1
WQKE,0
XQKE,1
YQKE,1
ZQKE,1
ARKE,1
BRKE,1
CRKE,1
DRKE,1
ERKE,1
FRKE,0
GRKE,1
HRKE,1
IRKE,1
JRKE,1
KRKE,1
LRKE,1
MRKE,1
NRKE,1
ORKE,1
PRKE,1
QRKE,1
RRKE,1
SRKE,1
TRKE,1
URKE,1
VRKE,1
WRKE,0
XRKE,1
YRKE,1
ZRKE,1
ASKE,0
BSKE,1
CSKE,1
DSKE,1
ESKE,0
FSKE,1
GSKE,1
HSKE,1
ISKE,1
JSKE,1
KSKE,0
LSKE,0
MSKE,0
NSKE,0
OSKE,0
PSKE,0
QSKE,1
RSKE,1
SSKE,0
TSKE,1
USKE,1
VSKE,1
WSKE,0
XSKE,0
YSKE,1
ZSKE,1
ATKE,1
BTKE,1
CTKE,1
DTKE,1
ETKE,0
FTKE,1
GTKE,0
HTKE,0
ITKE,1
JTKE,1
KTKE,0
LTKE,1
MTKE,1
NTKE,1
OTKE,0
PTKE,1
QTKE,1
RTKE,1
STKE,1
TTKE,0
UTKE,1
VTKE,0
WTKE,0
XTKE,1
YTKE,0
ZTKE,1
AUKE,0
BUKE,0
CUKE,0
DUKE,0
EUKE,0
FUKE,0
GUKE,1
HUKE,1
IUKE,1
JUKE,1
KUKE,0
LUKE,0
MUKE,0
NUKE,1
OUKE,0
PUKE,0
QUKE,0
RUKE,0
SUKE,0
TUKE,1
UUKE,1
VUKE,0
WUKE,1
XUKE,0
YUKE,1
ZUKE,1
AVKE,0
BVKE,1
CVKE,0
DVKE,1
EVKE,0
FVKE,1
GVKE,0
HVKE,0
IVKE,0
JVKE,1
KVKE,1
LVKE,1
MVKE,1
NVKE,1
OVKE,1
PVKE,0
QVKE,1
RVKE,0
SVKE,0
TVKE,0
UVKE,0
VVKE,0
WVKE,0
XVKE,0
YVKE,0
ZVKE,0
AWKE,0
BWKE,0
CWKE,1
DWKE,0
EWKE,1
FWKE,1
GWKE,1
HWKE,1
IWKE,1
JWKE,1
KWKE,1
LWKE,1
MWKE,0
NWKE,1
OWKE,1
PWKE,0
QWKE,1
RWKE,1
SWKE,1
TWKE,1
UWKE,0
VWKE,1
WWKE,1
XWKE,1
YWKE,1
ZWKE,1
AXKE,0
BXKE,0
CXKE,0
DXKE,0
EXKE,0
FXKE,0
GXKE,0
HXKE,0
IXKE,0
JXKE,0
KXKE,0
LXKE,0
MXKE,0
NXKE,0
OXKE,0
PXKE,0
QXKE,0
RXKE,0
SXKE,0
TXKE,0
UXKE,0
VXKE,0
WXKE,0
XXKE,0
YXKE,1
ZXKE,1
AYKE,1
BYKE,0
CYKE,0
DYKE,1
EYKE,1
FYKE,1
GYKE,1
HYKE,0
IYKE,0
JYKE,1
KYKE,1
LYKE,0
MYKE,1
NYKE,0
OYKE,1
PYKE,1
QYKE,0
RYKE,0
SYKE,1
TYKE,1
UYKE,0
VYKE,1
WYKE,1
XYKE,1
YYKE,1
ZYKE,1
AZKE,0
BZKE,0
CZKE,0
DZKE,0
EZKE,0
FZKE,0
GZKE,0
HZKE,0
IZKE,0
JZKE,0
KZKE,0
LZKE,0
MZKE,0
NZKE,0
OZKE,0
PZKE,0
QZKE,0
RZKE,0
SZKE,0
TZKE,0
UZKE,0
VZKE,0
WZKE,0
XZKE,0
YZKE,0
ZZKE,0
AALE,0
BALE,0
CALE,0
DALE,0
EALE,0
FALE,0
GALE,0
HALE,0
IALE,0
JALE,0
KALE,0
LALE,0
MALE,0
NALE,0
OALE,0
PALE,0
QALE,0
RALE,0
SALE,0
TALE,0
UALE,0
VALE,0
WALE,0
XALE,0
YALE,0
ZALE,0
ABLE,0
BBLE,0
CBLE,0
DBLE,0
EBLE,0
FBLE,0
GBLE,0
HBLE,0
IBLE,0
JBLE,0
KBLE,0
LBLE,0
MBLE,0
NBLE,0
OBLE,0
PBLE,0
QBLE,0
RBLE,1
SBLE,0
TBLE,0
UBLE,0
VBLE,0
WBLE,0
XBLE,0
YBLE,1
ZBLE,1
ACLE,0
BCLE,0
CCLE,1
DCLE,1
ECLE,1
FCLE,0
GCLE,1
HCLE,1
ICLE,1
JCLE,1
KCLE,1
LCLE,1
MCLE,1
NCLE,1
OCLE,1
PCLE,1
QCLE,1
RCLE,1
SCLE,1
TCLE,1
UCLE,1
VCLE,1
WCLE,1
XCLE,1
YCLE,0
ZCLE,1
ADLE,1
BDLE,1
CDLE,1
DDLE,1
EDLE,1
FDLE,1
GDLE,1
HDLE,1
IDLE,1
JDLE,0
KDLE,1
LDLE,1
MDLE,0
NDLE,0
ODLE,0
PDLE,0
QDLE,0
RDLE,0
SDLE,0
TDLE,0
UDLE,1
VDLE,1
WDLE,1
XDLE,1
YDLE,0
ZDLE,1
AELE,1
BELE,0
CELE,1
DELE,1
EELE,1
FELE,1
GELE,0
HELE,1
IELE,1
JELE,1
KELE,0
LELE,1
MELE,0
NELE,1
OELE,1
PELE,1
QELE,1
RELE,0
SELE,1
TELE,0
UELE,1
VELE,1
WELE,0
XELE,1
YELE,0
ZELE,0
AFLE,0
BFLE,0
CFLE,0
DFLE,0
EFLE,0
FFLE,0
GFLE,0
HFLE,0
IFLE,0
JFLE,0
KFLE,1
LFLE,1
MFLE,0
NFLE,0
OFLE,1
PFLE,1
QFLE,1
RFLE,1
SFLE,1
TFLE,1
UFLE,0
VFLE,1
WFLE,1
XFLE,1
YFLE,1
ZFLE,1
AGLE,1
BGLE,1
CGLE,1
DGLE,1
EGLE,0
FGLE,0
GGLE,1
HGLE,1
IGLE,1
JGLE,0
KGLE,0
LGLE,0
MGLE,0
NGLE,0
OGLE,0
PGLE,0
QGLE,0
RGLE,0
SGLE,1
TGLE,1
UGLE,1
VGLE,1
WGLE,1
XGLE,1
YGLE,1
ZGLE,1
AHLE,0
BHLE,1
CHLE,1
DHLE,1
EHLE,1
FHLE,1
GHLE,1
HHLE,1
IHLE,1
JHLE,1
KHLE,0
LHLE,0
MHLE,0
NHLE,1
OHLE,0
PHLE,1
QHLE,0
RHLE,0
SHLE,1
THLE,1
UHLE,0
VHLE,0
WHLE,0
XHLE,1
YHLE,1
ZHLE,0
AILE,0
BILE,0
CILE,1
DILE,0
EILE,1
FILE,1
GILE,0
HILE,0
IILE,0
JILE,0
KILE,0
LILE,0
MILE,0
NILE,0
OILE,0
PILE,0
QILE,0
RILE,0
SILE,0
TILE,0
UILE,0
VILE,1
WILE,0
XILE,0
YILE,1
ZILE,0
AJLE,1
BJLE,0
CJLE,1
DJLE,0
EJLE,0
FJLE,0
GJLE,0
HJLE,0
IJLE,0
JJLE,0
KJLE,0
LJLE,0
MJLE,0
NJLE,0
OJLE,0
PJLE,0
QJLE,0
RJLE,0
SJLE,0
TJLE,0
UJLE,0
VJLE,0
WJLE,0
XJLE,0
YJLE,0
ZJLE,1
AKLE,1
BKLE,0
CKLE,1
DKLE,1
EKLE,0
FKLE,1
GKLE,0
HKLE,0
IKLE,0
JKLE,1
KKLE,1
LKLE,1
MKLE,0
NKLE,0
OKLE,0
PKLE,1
QKLE,1
RKLE,1
SKLE,1
TKLE,1
UKLE,1
VKLE,1
WKLE,1
XKLE,1
YKLE,1
ZKLE,1
ALLE,1
BLLE,0
CLLE,1
DLLE,1
ELLE,1
FLLE,0
GLLE,0
HLLE,0
ILLE,0
JLLE,0
KLLE,0
LLLE,0
MLLE,0
NLLE,0
OLLE,0
PLLE,0
QLLE,0
RLLE,0
SLLE,0
TLLE,0
ULLE,0
VLLE,0
WLLE,0
XLLE,0
YLLE,0
ZLLE,0
AMLE,0
BMLE,0
CMLE,0
DMLE,0
EMLE,0
FMLE,0
GMLE,0
HMLE,0
IMLE,0
JMLE,0
KMLE,0
LMLE,0
MMLE,0
NMLE,0
OMLE,0
PMLE,0
QMLE,0
RMLE,0
SMLE,0
TMLE,0
UMLE,0
VMLE,0
WMLE,0
XMLE,0
YMLE,0
ZMLE,0
ANLE,0
BNLE,0
CNLE,0
DNLE,0
ENLE,0
FNLE,0
GNLE,0
HNLE,0
INLE,0
JNLE,0
KNLE,0
LNLE,0
MNLE,0
NNLE,0
ONLE,0
PNLE,0
QNLE,0
RNLE,0
SNLE,0
TNLE,0
UNLE,0
VNLE,0
WNLE,0
XNLE,0
YNLE,0
ZNLE,0
AOLE,0
BOLE,0
COLE,0
DOLE,0
EOLE,0
FOLE,0
GOLE,0
HOLE,0
IOLE,0
JOLE,0
KOLE,0
LOLE,1
MOLE,1
NOLE,1
OOLE,1
POLE,1
QOLE,0
ROLE,1
SOLE,1
TOLE,1
UOLE,1
VOLE,1
WOLE,1
XOLE,1
YOLE,1
ZOLE,1
APLE,1
BPLE,0
CPLE,1
DPLE,1
EPLE,1
FPLE,0
GPLE,1
HPLE,1
IPLE,1
JPLE,1
KPLE,0
LPLE,1
MPLE,1
NPLE,0
OPLE,1
PPLE,1
QPLE,0
RPLE,0
SPLE,0
TPLE,0
UPLE,0
VPLE,1
WPLE,1
XPLE,1
YPLE,1
ZPLE,1
AQLE,1
BQLE,1
CQLE,1
DQLE,1
EQLE,1
FQLE,1
GQLE,1
HQLE,1
IQLE,1
JQLE,1
KQLE,1
LQLE,0
MQLE,1
NQLE,1
OQLE,1
PQLE,1
QQLE,1
RQLE,1
SQLE,0
TQLE,1
UQLE,1
VQLE,0
WQLE,1
XQLE,1
YQLE,1
ZQLE,1
ARLE,1
BRLE,1
CRLE,1
DRLE,1
ERLE,0
FRLE,0
GRLE,0
HRLE,0
IRLE,0
JRLE,0
KRLE,1
LRLE,1
MRLE,1
NRLE,1
ORLE,1
PRLE,1
QRLE,1
RRLE,1
SRLE,1
TRLE,1
URLE,1
VRLE,1
WRLE,0
XRLE,1
YRLE,1
ZRLE,1
ASLE,0
BSLE,1
CSLE,1
DSLE,1
ESLE,0
FSLE,0
GSLE,0
HSLE,0
ISLE,0
JSLE,0
KSLE,0
LSLE,0
MSLE,0
NSLE,0
OSLE,0
PSLE,0
QSLE,0
RSLE,0
SSLE,0
TSLE,0
USLE,0
VSLE,0
WSLE,0
XSLE,0
YSLE,0
ZSLE,0
ATLE,1
BTLE,0
CTLE,1
DTLE,1
ETLE,0
FTLE,0
GTLE,1
HTLE,1
ITLE,1
JTLE,1
KTLE,1
LTLE,1
MTLE,0
NTLE,1
OTLE,1
PTLE,0
QTLE,0
RTLE,0
STLE,1
TTLE,1
UTLE,0
VTLE,1
WTLE,0
XTLE,1
YTLE,0
ZTLE,1
AULE,1
BULE,1
CULE,1
DULE,1
EULE,1
FULE,0
GULE,1
HULE,1
IULE,1
JULE,1
KULE,1
LULE,1
MULE,0
NULE,0
OULE,0
PULE,0
QULE,0
RULE,1
SULE,0
TULE,0
UULE,0
VULE,0
WULE,0
XULE,0
YULE,0
ZULE,0
AVLE,0
BVLE,0
CVLE,0
DVLE,0
EVLE,0
FVLE,1
GVLE,0
HVLE,0
IVLE,0
JVLE,0
KVLE,0
LVLE,0
MVLE,0
NVLE,0
OVLE,1
PVLE,1
QVLE,0
RVLE,1
SVLE,1
TVLE,1
UVLE,1
VVLE,1
WVLE,0
XVLE,1
YVLE,1
ZVLE,1
AWLE,0
BWLE,0
CWLE,0
DWLE,0
EWLE,0
FWLE,0
GWLE,0
HWLE,0
IWLE,0
JWLE,0
KWLE,0
LWLE,0
MWLE,0
NWLE,0
OWLE,0
PWLE,0
QWLE,0
RWLE,0
SWLE,1
TWLE,1
UWLE,1
VWLE,1
WWLE,1
XWLE,1
YWLE,1
ZWLE,1
AXLE,1
BXLE,0
CXLE,1
DXLE,1
EXLE,1
FXLE,1
GXLE,1
HXLE,1
IXLE,0
JXLE,0
KXLE,1
LXLE,0
MXLE,0
NXLE,0
OXLE,0
PXLE,0
QXLE,0
RXLE,0
SXLE,0
TXLE,0
UXLE,0
VXLE,0
WXLE,0
XXLE,0
YXLE,0
ZXLE,0
AYLE,0
BYLE,0
CYLE,0
DYLE,0
EYLE,0
FYLE,0
GYLE,0
HYLE,0
IYLE,0
JYLE,0
KYLE,0
LYLE,0
MYLE,0
NYLE,0
OYLE,0
PYLE,0
QYLE,0
RYLE,1
SYLE,1
TYLE,0
UYLE,0
VYLE,1
WYLE,1
XYLE,1
YYLE,1
ZYLE,1
AZLE,0
BZLE,0
CZLE,1
DZLE,0
EZLE,1
FZLE,1
GZLE,1
HZLE,1
IZLE,1
JZLE,1
KZLE,1
LZLE,0
MZLE,1
NZLE,1
OZLE,1
PZLE,1
QZLE,1
RZLE,1
SZLE,1
TZLE,1
UZLE,1
VZLE,1
WZLE,0
XZLE,1
YZLE,1
ZZLE,1
AAME,1
BAME,0
CAME,1
DAME,1
EAME,1
FAME,0
GAME,0
HAME,0
IAME,0
JAME,0
KAME,0
LAME,0
MAME,0
NAME,0
OAME,0
PAME,0
QAME,0
RAME,0
SAME,0
TAME,0
UAME,0
VAME,1
WAME,1
XAME,1
YAME,1
ZAME,1
ABME,0
BBME,1
CBME,0
DBME,1
EBME,1
FBME,0
GBME,1
HBME,1
IBME,0
JBME,1
KBME,1
LBME,1
MBME,0
NBME,0
OBME,1
PBME,1
QBME,1
RBME,0
SBME,0
TBME,0
UBME,0
VBME,0
WBME,0
XBME,0
YBME,0
ZBME,0
ACME,0
BCME,0
CCME,0
DCME,0
ECME,0
FCME,0
GCME,1
HCME,0
ICME,1
JCME,1
KCME,1
LCME,1
MCME,1
NCME,1
OCME,1
PCME,1
QCME,1
RCME,1
SCME,1
TCME,1
UCME,1
VCME,1
WCME,0
XCME,0
YCME,0
ZCME,1
ADME,0
BDME,1
CDME,1
DDME,1
EDME,1
FDME,0
GDME,0
HDME,1
IDME,0
JDME,1
KDME,0
LDME,1
MDME,1
NDME,1
ODME,1
PDME,1
QDME,1
RDME,1
SDME,0
TDME,1
UDME,1
VDME,0
WDME,1
XDME,0
YDME,0
ZDME,0
AEME,0
BEME,0
CEME,0
DEME,0
EEME,0
FEME,0
GEME,0
HEME,0
IEME,0
JEME,0
KEME,0
LEME,0
MEME,0
NEME,0
OEME,1
PEME,0
QEME,1
REME,1
SEME,1
TEME,1
UEME,1
VEME,0
WEME,1
XEME,1
YEME,1
ZEME,1
AFME,1
BFME,1
CFME,1
DFME,1
EFME,1
FFME,1
GFME,1
HFME,1
IFME,0
JFME,0
KFME,0
LFME,0
MFME,0
NFME,1
OFME,1
PFME,1
QFME,1
RFME,1
SFME,1
TFME,1
UFME,1
VFME,1
WFME,1
XFME,1
YFME,0
ZFME,1
AGME,0
BGME,1
CGME,1
DGME,1
EGME,1
FGME,1
GGME,0
HGME,1
IGME,0
JGME,0
KGME,0
LGME,1
MGME,1
NGME,1
OGME,0
PGME,0
QGME,0
RGME,1
SGME,0
TGME,0
UGME,1
VGME,1
WGME,1
XGME,1
YGME,1
ZGME,1
AHME,1
BHME,1
CHME,1
DHME,1
EHME,1
FHME,1
GHME,1
HHME,0
IHME,0
JHME,0
KHME,1
LHME,1
MHME,1
NHME,1
OHME,0
PHME,0
QHME,0
RHME,0
SHME,0
THME,0
UHME,0
VHME,0
WHME,0
XHME,0
YHME,0
ZHME,0
AIME,1
BIME,1
CIME,1
DIME,0
EIME,1
FIME,0
GIME,0
HIME,0
IIME,0
JIME,0
KIME,0
LIME,0
MIME,0
NIME,0
OIME,0
PIME,0
QIME,0
RIME,0
SIME,0
TIME,0
UIME,0
VIME,0
WIME,0
XIME,0
YIME,0
ZIME,0
AJME,0
BJME,0
CJME,0
DJME,0
EJME,0
FJME,0
GJME,0
HJME,0
IJME,1
JJME,1
KJME,1
LJME,1
MJME,1
NJME,0
OJME,1
PJME,1
QJME,0
RJME,1
SJME,0
TJME,1
UJME,1
VJME,0
WJME,1
XJME,1
YJME,1
ZJME,0
AKME,0
BKME,1
CKME,0
DKME,1
EKME,1
FKME,1
GKME,1
HKME,0
IKME,0
JKME,0
KKME,1
LKME,0
MKME,0
NKME,0
OKME,0
PKME,0
QKME,0
RKME,0
SKME,0
TKME,0
UKME,0
VKME,0
WKME,0
XKME,0
YKME,0
ZKME,0
ALME,0
BLME,0
CLME,0
DLME,0
ELME,0
FLME,0
GLME,0
HLME,0
ILME,0
JLME,0
KLME,0
LLME,0
MLME,0
NLME,0
OLME,0
PLME,0
QLME,0
RLME,0
SLME,0
TLME,0
ULME,0
VLME,0
WLME,0
XLME,0
YLME,0
ZLME,0
AMME,0
BMME,0
CMME,0
DMME,0
EMME,0
FMME,0
GMME,0
HMME,0
IMME,0
JMME,0
KMME,0
LMME,0
MMME,0
NMME,0
OMME,0
PMME,0
QMME,0
RMME,0
SMME,0
TMME,0
UMME,0
VMME,0
WMME,0
XMME,0
YMME,0
ZMME,0
ANME,0
BNME,0
CNME,0
DNME,0
ENME,0
FNME,0
GNME,0
HNME,0
INME,0
JNME,0
KNME,0
LNME,0
MNME,0
NNME,0
ONME,0
PNME,0
QNME,0
RNME,0
SNME,0
TNME,1
UNME,1
VNME,0
WNME,1
XNME,0
YNME,1
ZNME,1
AOME,1
BOME,1
COME,1
DOME,0
EOME,1
FOME,1
GOME,1
HOME,0
IOME,1
JOME,1
KOME,1
LOME,0
MOME,1
NOME,1
OOME,1
POME,0
QOME,0
ROME,1
SOME,1
TOME,0
UOME,1
VOME,1
WOME,1
XOME,1
YOME,1
ZOME,0
APME,0
BPME,0
CPME,0
DPME,0
EPME,0
FPME,0
GPME,0
HPME,0
IPME,0
JPME,0
KPME,0
LPME,0
MPME,0
NPME,0
OPME,0
PPME,0
QPME,0
RPME,0
SPME,0
TPME,0
UPME,0
VPME,0
WPME,0
XPME,0
YPME,0
ZPME,0
AQME,0
BQME,0
CQME,0
DQME,0
EQME,0
FQME,0
GQME,0
HQME,0
IQME,0
JQME,0
KQME,0
LQME,1
MQME,1
NQME,1
OQME,1
PQME,1
QQME,1
RQME,1
SQME,1
TQME,1
UQME,0
VQME,1
WQME,0
XQME,1
YQME,0
ZQME,1
ARME,0
BRME,0
CRME,1
DRME,1
ERME,0
FRME,0
GRME,0
HRME,0
IRME,0
JRME,1
KRME,1
LRME,1
MRME,1
NRME,1
ORME,1
PRME,1
QRME,1
RRME,1
SRME,1
TRME,1
URME,1
VRME,0
WRME,1
XRME,1
YRME,0
ZRME,1
ASME,0
BSME,1
CSME,0
DSME,1
ESME,0
FSME,1
GSME,1
HSME,1
ISME,1
JSME,0
KSME,1
LSME,1
MSME,1
NSME,0
OSME,1
PSME,0
QSME,1
RSME,0
SSME,1
TSME,1
USME,1
VSME,1
WSME,1
XSME,1
YSME,1
ZSME,0
ATME,0
BTME,0
CTME,1
DTME,0
ETME,1
FTME,1
GTME,1
HTME,0
ITME,0
JTME,1
KTME,1
LTME,1
MTME,0
NTME,1
OTME,1
PTME,0
QTME,0
RTME,0
STME,0
TTME,0
UTME,0
VTME,0
WTME,0
XTME,0
YTME,0
ZTME,0
AUME,0
BUME,0
CUME,0
DUME,0
EUME,0
FUME,0
GUME,0
HUME,0
IUME,0
JUME,0
KUME,0
LUME,0
MUME,0
NUME,0
OUME,0
PUME,0
QUME,1
RUME,1
SUME,0
TUME,0
UUME,0
VUME,0
WUME,0
XUME,0
YUME,0
ZUME,0
AVME,0
BVME,0
CVME,0
DVME,0
EVME,1
FVME,1
GVME,1
HVME,1
IVME,1
JVME,0
KVME,1
LVME,1
MVME,0
NVME,0
OVME,1
PVME,0
QVME,0
RVME,0
SVME,0
TVME,0
UVME,0
VVME,0
WVME,0
XVME,0
YVME,0
ZVME,1
AWME,0
BWME,0
CWME,0
DWME,0
EWME,0
FWME,0
GWME,0
HWME,0
IWME,0
JWME,0
KWME,0
LWME,0
MWME,0
NWME,0
OWME,0
PWME,0
QWME,0
RWME,0
SWME,0
TWME,0
UWME,0
VWME,0
WWME,1
XWME,1
YWME,1
ZWME,1
AXME,1
BXME,0
CXME,1
DXME,1
EXME,1
FXME,1
GXME,1
HXME,1
IXME,1
JXME,1
KXME,1
LXME,0
MXME,1
NXME,1
OXME,1
PXME,1
QXME,1
RXME,1
SXME,1
TXME,1
UXME,0
VXME,1
WXME,1
XXME,1
YXME,0
ZXME,0
AYME,1
BYME,0
CYME,1
DYME,0
EYME,0
FYME,0
GYME,0
HYME,0
IYME,0
JYME,0
KYME,1
LYME,1
MYME,0
NYME,0
OYME,0
PYME,0
QYME,0
RYME,0
SYME,0
TYME,0
UYME,0
VYME,0
WYME,0
XYME,0
YYME,0
ZYME,0
AZME,0
BZME,0
CZME,0
DZME,0
EZME,0
FZME,0
GZME,0
HZME,0
IZME,0
JZME,0
KZME,0
LZME,0
MZME,0
NZME,0
OZME,0
PZME,0
QZME,0
RZME,0
SZME,0
TZME,0
UZME,0
VZME,0
WZME,0
XZME,0
YZME,0
ZZME,0
AANE,0
BANE,0
CANE,0
DANE,0
EANE,0
FANE,0
GANE,0
HANE,0
IANE,0
JANE,0
KANE,0
LANE,0
MANE,0
NANE,0
OANE,0
PANE,0
QANE,0
RANE,0
SANE,0
TANE,0
UANE,0
VANE,0
WANE,0
XANE,0
YANE,0
ZANE,0
ABNE,0
BBNE,0
CBNE,0
DBNE,1
EBNE,1
FBNE,1
GBNE,0
HBNE,1
IBNE,1
JBNE,1
KBNE,1
LBNE,0
MBNE,0
NBNE,1
OBNE,1
PBNE,1
QBNE,1
RBNE,1
SBNE,1
TBNE,1
UBNE,0
VBNE,1
WBNE,0
XBNE,1
YBNE,1
ZBNE,0
ACNE,0
BCNE,0
CCNE,1
DCNE,1
ECNE,0
FCNE,0
GCNE,0
HCNE,0
ICNE,0
JCNE,0
KCNE,0
LCNE,0
MCNE,0
NCNE,0
OCNE,0
PCNE,1
QCNE,1
RCNE,1
SCNE,1
TCNE,0
UCNE,1
VCNE,1
WCNE,1
XCNE,1
YCNE,1
ZCNE,0
ADNE,1
BDNE,0
CDNE,1
DDNE,1
EDNE,0
FDNE,1
GDNE,0
HDNE,0
IDNE,1
JDNE,0
KDNE,0
LDNE,0
MDNE,0
NDNE,0
ODNE,0
PDNE,0
QDNE,0
RDNE,0
SDNE,0
TDNE,0
UDNE,0
VDNE,1
WDNE,1
XDNE,1
YDNE,0
ZDNE,1
AENE,0
BENE,0
CENE,0
DENE,1
EENE,1
FENE,1
GENE,0
HENE,1
IENE,0
JENE,1
KENE,1
LENE,1
MENE,0
NENE,1
OENE,0
PENE,1
QENE,1
RENE,1
SENE,1
TENE,0
UENE,0
VENE,0
WENE,0
XENE,1
YENE,1
ZENE,1
AFNE,1
BFNE,0
CFNE,1
DFNE,1
EFNE,1
FFNE,0
GFNE,1
HFNE,1
IFNE,0
JFNE,1
KFNE,1
LFNE,0
MFNE,1
NFNE,0
OFNE,0
PFNE,1
QFNE,1
RFNE,1
SFNE,0
TFNE,0
UFNE,0
VFNE,0
WFNE,0
XFNE,0
YFNE,1
ZFNE,1
AGNE,1
BGNE,1
CGNE,1
DGNE,1
EGNE,1
FGNE,1
GGNE,1
HGNE,1
IGNE,1
JGNE,1
KGNE,1
LGNE,1
MGNE,1
NGNE,0
OGNE,0
PGNE,0
QGNE,0
RGNE,1
SGNE,0
TGNE,1
UGNE,1
VGNE,0
WGNE,1
XGNE,0
YGNE,0
ZGNE,0
AHNE,0
BHNE,0
CHNE,0
DHNE,0
EHNE,0
FHNE,0
GHNE,0
HHNE,0
IHNE,1
JHNE,1
KHNE,0
LHNE,1
MHNE,0
NHNE,0
OHNE,0
PHNE,0
QHNE,0
RHNE,0
SHNE,0
THNE,0
UHNE,0
VHNE,0
WHNE,0
XHNE,0
YHNE,0
ZHNE,0
AINE,0
BINE,0
CINE,0
DINE,0
EINE,0
FINE,0
GINE,0
HINE,0
IINE,0
JINE,0
KINE,0
LINE,0
MINE,0
NINE,0
OINE,0
PINE,1
QINE,1
RINE,1
SINE,0
TINE,1
UINE,0
VINE,0
WINE,0
XINE,1
YINE,1
ZINE,0
AJNE,1
BJNE,1
CJNE,1
DJNE,0
EJNE,1
FJNE,1
GJNE,1
HJNE,1
IJNE,0
JJNE,0
KJNE,0
LJNE,0
MJNE,0
NJNE,0
OJNE,0
PJNE,1
QJNE,0
RJNE,0
SJNE,0
TJNE,0
UJNE,0
VJNE,0
WJNE,0
XJNE,0
YJNE,0
ZJNE,0
AKNE,0
BKNE,0
CKNE,0
DKNE,0
EKNE,0
FKNE,0
GKNE,0
HKNE,0
IKNE,0
JKNE,0
KKNE,0
LKNE,0
MKNE,0
NKNE,0
OKNE,0
PKNE,0
QKNE,0
RKNE,0
SKNE,0
TKNE,0
UKNE,0
VKNE,0
WKNE,0
XKNE,0
YKNE,0
ZKNE,0
ALNE,0
BLNE,0
CLNE,0
DLNE,0
ELNE,0
FLNE,0
GLNE,0
HLNE,0
ILNE,0
JLNE,0
KLNE,0
LLNE,0
MLNE,0
NLNE,0
OLNE,0
PLNE,0
QLNE,0
RLNE,0
SLNE,0
TLNE,0
ULNE,0
VLNE,0
WLNE,0
XLNE,0
YLNE,0
ZLNE,0
AMNE,0
BMNE,0
CMNE,0
DMNE,0
EMNE,0
FMNE,1
GMNE,1
HMNE,1
IMNE,0
JMNE,0
KMNE,1
LMNE,0
MMNE,0
NMNE,1
OMNE,1
PMNE,1
QMNE,1
RMNE,1
SMNE,1
TMNE,1
UMNE,1
VMNE,1
WMNE,1
XMNE,1
YMNE,0
ZMNE,1
ANNE,0
BNNE,1
CNNE,0
DNNE,0
ENNE,0
FNNE,0
GNNE,0
HNNE,0
INNE,0
JNNE,1
KNNE,1
LNNE,0
MNNE,1
NNNE,0
ONNE,0
PNNE,1
QNNE,1
RNNE,1
SNNE,0
TNNE,1
UNNE,1
VNNE,1
WNNE,0
XNNE,0
YNNE,0
ZNNE,0
AONE,0
BONE,1
CONE,1
DONE,0
EONE,0
FONE,0
GONE,0
HONE,0
IONE,0
JONE,0
KONE,0
LONE,0
MONE,0
NONE,0
OONE,0
PONE,0
QONE,0
RONE,1
SONE,0
TONE,1
UONE,1
VONE,1
WONE,1
XONE,1
YONE,1
ZONE,1
APNE,1
BPNE,1
CPNE,1
DPNE,1
EPNE,1
FPNE,1
GPNE,1
HPNE,1
IPNE,1
JPNE,1
KPNE,1
LPNE,1
MPNE,0
NPNE,0
OPNE,0
PPNE,0
QPNE,0
RPNE,0
SPNE,1
TPNE,1
UPNE,1
VPNE,1
WPNE,0
XPNE,0
YPNE,0
ZPNE,1
AQNE,1
BQNE,1
CQNE,1
DQNE,1
EQNE,1
FQNE,1
GQNE,1
HQNE,0
IQNE,0
JQNE,0
KQNE,1
LQNE,1
MQNE,0
NQNE,0
OQNE,1
PQNE,1
QQNE,1
RQNE,1
SQNE,1
TQNE,0
UQNE,1
VQNE,1
WQNE,1
XQNE,1
YQNE,1
ZQNE,1
ARNE,1
BRNE,1
CRNE,0
DRNE,0
ERNE,0
FRNE,0
GRNE,0
HRNE,0
IRNE,0
JRNE,0
KRNE,0
LRNE,0
MRNE,0
NRNE,0
ORNE,0
PRNE,0
QRNE,0
RRNE,0
SRNE,0
TRNE,0
URNE,0
VRNE,0
WRNE,0
XRNE,0
YRNE,0
ZRNE,0
ASNE,0
BSNE,0
CSNE,0
DSNE,0
ESNE,0
FSNE,0
GSNE,0
HSNE,0
ISNE,0
JSNE,0
KSNE,0
LSNE,0
MSNE,0
NSNE,0
OSNE,0
PSNE,0
QSNE,0
RSNE,0
SSNE,0
TSNE,0
USNE,1
VSNE,0
WSNE,1
XSNE,0
YSNE,0
ZSNE,0
ATNE,0
BTNE,0
CTNE,0
DTNE,0
ETNE,0
FTNE,0
GTNE,0
HTNE,0
ITNE,0
JTNE,0
KTNE,0
LTNE,0
MTNE,1
NTNE,0
OTNE,0
PTNE,0
QTNE,0
RTNE,1
STNE,1
TTNE,1
UTNE,0
VTNE,0
WTNE,0
XTNE,0
YTNE,0
ZTNE,0
AUNE,0
BUNE,0
CUNE,0
DUNE,0
EUNE,0
FUNE,0
GUNE,0
HUNE,0
IUNE,0
JUNE,0
KUNE,0
LUNE,0
MUNE,0
NUNE,0
OUNE,0
PUNE,0
QUNE,0
RUNE,0
SUNE,0
TUNE,0
UUNE,0
VUNE,0
WUNE,0
XUNE,0
YUNE,0
ZUNE,0
AVNE,0
BVNE,0
CVNE,0
DVNE,0
EVNE,0
FVNE,0
GVNE,0
HVNE,0
IVNE,0
JVNE,0
KVNE,0
LVNE,0
MVNE,0
NVNE,0
OVNE,0
PVNE,0
QVNE,0
RVNE,0
SVNE,0
TVNE,0
UVNE,0
VVNE,0
WVNE,0
XVNE,0
YVNE,0
ZVNE,0
AWNE,0
BWNE,0
CWNE,0
DWNE,0
EWNE,0
FWNE,0
GWNE,0
HWNE,0
IWNE,0
JWNE,0
KWNE,0
LWNE,0
MWNE,0
NWNE,0
OWNE,0
PWNE,0
QWNE,0
RWNE,0
SWNE,0
TWNE,0
UWNE,0
VWNE,0
WWNE,0
XWNE,0
YWNE,0
ZWNE,0
AXNE,0
BXNE,0
CXNE,0
DXNE,0
EXNE,0
FXNE,0
GXNE,0
HXNE,0
IXNE,0
JXNE,0
KXNE,0
LXNE,1
MXNE,1
NXNE,1
OXNE,1
PXNE,1
QXNE,1
RXNE,1
SXNE,1
TXNE,1
UXNE,0
VXNE,0
WXNE,1
XXNE,1
YXNE,1
ZXNE,0
AYNE,1
BYNE,1
CYNE,1
DYNE,0
EYNE,1
FYNE,0
GYNE,1
HYNE,1
IYNE,1
JYNE,0
KYNE,0
LYNE,1
MYNE,0
NYNE,0
OYNE,0
PYNE,0
QYNE,0
RYNE,0
SYNE,0
TYNE,0
UYNE,0
VYNE,0
WYNE,0
XYNE,0
YYNE,0
ZYNE,0
AZNE,0
BZNE,0
CZNE,0
DZNE,0
EZNE,0
FZNE,0
GZNE,0
HZNE,0
IZNE,0
JZNE,0
KZNE,0
LZNE,0
MZNE,0
NZNE,0
OZNE,0
PZNE,0
QZNE,0
RZNE,0
SZNE,0
TZNE,0
UZNE,0
VZNE,0
WZNE,0
XZNE,0
YZNE,0
ZZNE,0
AAOE,0
BAOE,0
CAOE,0
DAOE,0
EAOE,0
FAOE,0
GAOE,0
HAOE,0
IAOE,0
JAOE,0
KAOE,0
LAOE,0
MAOE,0
NAOE,0
OAOE,0
PAOE,0
QAOE,0
RAOE,0
SAOE,0
TAOE,0
UAOE,0
VAOE,0
WAOE,0
XAOE,0
YAOE,0
ZAOE,0
ABOE,0
BBOE,0
CBOE,0
DBOE,0
EBOE,0
FBOE,0
GBOE,0
HBOE,0
IBOE,0
JBOE,0
KBOE,0
LBOE,0
MBOE,0
NBOE,0
OBOE,0
PBOE,0
QBOE,0
RBOE,0
SBOE,0
TBOE,0
UBOE,0
VBOE,0
WBOE,0
XBOE,0
YBOE,0
ZBOE,0
ACOE,0
BCOE,0
CCOE,0
DCOE,0
ECOE,0
FCOE,0
GCOE,0
HCOE,0
ICOE,0
JCOE,0
KCOE,0
LCOE,0
MCOE,0
NCOE,0
OCOE,0
PCOE,0
QCOE,0
RCOE,0
SCOE,0
TCOE,0
UCOE,0
VCOE,0
WCOE,0
XCOE,0
YCOE,0
ZCOE,0
ADOE,0
BDOE,0
CDOE,0
DDOE,0
EDOE,1
FDOE,0
GDOE,0
HDOE,0
IDOE,0
JDOE,0
KDOE,0
LDOE,0
MDOE,0
NDOE,0
ODOE,0
PDOE,0
QDOE,0
RDOE,0
SDOE,0
TDOE,0
UDOE,0
VDOE,0
WDOE,0
XDOE,0
YDOE,0
ZDOE,0
AEOE,0
BEOE,0
CEOE,0
DEOE,0
EEOE,0
FEOE,0
GEOE,0
HEOE,0
IEOE,0
JEOE,0
KEOE,0
LEOE,0
MEOE,0
NEOE,0
OEOE,0
PEOE,0
QEOE,0
REOE,0
SEOE,0
TEOE,0
UEOE,0
VEOE,0
WEOE,0
XEOE,0
YEOE,0
ZEOE,0
AFOE,0
BFOE,0
CFOE,0
DFOE,0
EFOE,0
FFOE,0
GFOE,0
HFOE,0
IFOE,0
JFOE,0
KFOE,0
LFOE,0
MFOE,0
NFOE,0
OFOE,0
PFOE,0
QFOE,0
RFOE,0
SFOE,0
TFOE,0
UFOE,0
VFOE,0
WFOE,0
XFOE,0
YFOE,0
ZFOE,0
AGOE,0
BGOE,0
CGOE,0
DGOE,0
EGOE,0
FGOE,0
GGOE,0
HGOE,0
IGOE,0
JGOE,0
KGOE,0
LGOE,0
MGOE,0
NGOE,1
OGOE,1
PGOE,1
QGOE,1
RGOE,1
SGOE,1
TGOE,1
UGOE,1
VGOE,1
WGOE,0
XGOE,0
YGOE,1
ZGOE,0
AHOE,1
BHOE,0
CHOE,0
DHOE,0
EHOE,0
FHOE,0
GHOE,0
HHOE,1
IHOE,0
JHOE,1
KHOE,0
LHOE,0
MHOE,0
NHOE,0
OHOE,1
PHOE,1
QHOE,1
RHOE,1
SHOE,1
THOE,1
UHOE,1
VHOE,1
WHOE,0
XHOE,0
YHOE,0
ZHOE,0
AIOE,0
BIOE,0
CIOE,0
DIOE,0
EIOE,0
FIOE,0
GIOE,0
HIOE,0
IIOE,0
JIOE,0
KIOE,0
LIOE,1
MIOE,1
NIOE,1
OIOE,1
PIOE,1
QIOE,1
RIOE,1
SIOE,1
TIOE,1
UIOE,1
VIOE,1
WIOE,0
XIOE,1
YIOE,1
ZIOE,0
AJOE,0
BJOE,1
CJOE,1
DJOE,0
EJOE,1
FJOE,1
GJOE,0
HJOE,1
IJOE,0
JJOE,1
KJOE,1
LJOE,0
MJOE,1
NJOE,1
OJOE,1
PJOE,0
QJOE,0
RJOE,0
SJOE,0
TJOE,0
UJOE,0
VJOE,0
WJOE,0
XJOE,1
YJOE,1
ZJOE,1
AKOE,1
BKOE,1
CKOE,1
DKOE,1
EKOE,1
FKOE,0
GKOE,1
HKOE,1
IKOE,1
JKOE,1
KKOE,1
LKOE,1
MKOE,1
NKOE,0
OKOE,0
PKOE,1
QKOE,1
RKOE,1
SKOE,1
TKOE,1
UKOE,1
VKOE,1
WKOE,1
XKOE,0
YKOE,0
ZKOE,1
ALOE,1
BLOE,0
CLOE,0
DLOE,0
ELOE,1
FLOE,1
GLOE,1
HLOE,1
ILOE,0
JLOE,0
KLOE,1
LLOE,0
MLOE,1
NLOE,1
OLOE,1
PLOE,1
QLOE,1
RLOE,1
SLOE,1
TLOE,1
ULOE,0
VLOE,0
WLOE,0
XLOE,0
YLOE,0
ZLOE,1
AMOE,1
BMOE,1
CMOE,1
DMOE,0
EMOE,0
FMOE,0
GMOE,0
HMOE,0
IMOE,0
JMOE,0
KMOE,0
LMOE,1
MMOE,0
NMOE,0
OMOE,1
PMOE,1
QMOE,0
RMOE,1
SMOE,0
TMOE,0
UMOE,0
VMOE,0
WMOE,0
XMOE,0
YMOE,0
ZMOE,0
ANOE,0
BNOE,0
CNOE,0
DNOE,0
ENOE,0
FNOE,0
GNOE,0
HNOE,0
INOE,0
JNOE,0
KNOE,0
LNOE,1
MNOE,0
NNOE,1
ONOE,0
PNOE,0
QNOE,0
RNOE,0
SNOE,0
TNOE,0
UNOE,0
VNOE,0
WNOE,0
XNOE,0
YNOE,0
ZNOE,0
AOOE,0
BOOE,0
COOE,0
DOOE,0
EOOE,0
FOOE,0
GOOE,0
HOOE,0
IOOE,0
JOOE,0
KOOE,0
LOOE,0
MOOE,0
NOOE,0
OOOE,0
POOE,0
QOOE,0
ROOE,0
SOOE,0
TOOE,0
UOOE,0
VOOE,0
WOOE,0
XOOE,0
YOOE,0
ZOOE,0
APOE,0
BPOE,0
CPOE,0
DPOE,0
EPOE,0
FPOE,0
GPOE,0
HPOE,0
IPOE,0
JPOE,0
KPOE,0
LPOE,0
MPOE,0
NPOE,0
OPOE,0
PPOE,0
QPOE,0
RPOE,0
SPOE,0
TPOE,0
UPOE,0
VPOE,0
WPOE,0
XPOE,0
YPOE,0
ZPOE,0
AQOE,0
BQOE,0
CQOE,0
DQOE,0
EQOE,0
FQOE,0
GQOE,0
HQOE,0
IQOE,0
JQOE,0
KQOE,0
LQOE,0
MQOE,0
NQOE,0
OQOE,0
PQOE,0
QQOE,0
RQOE,0
SQOE,0
TQOE,0
UQOE,0
VQOE,0
WQOE,0
XQOE,0
YQOE,0
ZQOE,0
AROE,0
BROE,0
CROE,0
DROE,0
EROE,0
FROE,0
GROE,0
HROE,0
IROE,0
JROE,0
KROE,0
LROE,0
MROE,0
NROE,0
OROE,0
PROE,0
QROE,0
RROE,0
SROE,0
TROE,0
UROE,0
VROE,0
WROE,1
XROE,1
YROE,1
ZROE,1
ASOE,1
BSOE,1
CSOE,1
DSOE,1
ESOE,1
FSOE,1
GSOE,0
HSOE,1
ISOE,1
JSOE,1
KSOE,1
LSOE,1
MSOE,1
NSOE,1
OSOE,1
PSOE,1
QSOE,0
RSOE,1
SSOE,1
TSOE,0
USOE,0
VSOE,1
WSOE,0
XSOE,0
YSOE,1
ZSOE,1
ATOE,0
BTOE,0
CTOE,0
DTOE,0
ETOE,0
FTOE,0
GTOE,0
HTOE,0
ITOE,0
JTOE,0
KTOE,0
LTOE,0
MTOE,0
NTOE,0
OTOE,0
PTOE,0
QTOE,0
RTOE,0
STOE,0
TTOE,0
UTOE,0
VTOE,0
WTOE,0
XTOE,0
YTOE,0
ZTOE,0
AUOE,0
BUOE,0
CUOE,0
DUOE,0
EUOE,0
FUOE,0
GUOE,0
HUOE,0
IUOE,0
JUOE,0
KUOE,0
LUOE,0
MUOE,0
NUOE,0
OUOE,0
PUOE,0
QUOE,0
RUOE,0
SUOE,0
TUOE,0
UUOE,0
VUOE,0
WUOE,0
XUOE,0
YUOE,0
ZUOE,0
AVOE,0
BVOE,0
CVOE,0
DVOE,0
EVOE,0
FVOE,0
GVOE,0
HVOE,0
IVOE,0
JVOE,0
KVOE,0
LVOE,0
MVOE,0
NVOE,0
OVOE,0
PVOE,0
QVOE,0
RVOE,0
SVOE,0
TVOE,0
UVOE,0
VVOE,0
WVOE,0
XVOE,0
YVOE,0
ZVOE,0
AWOE,0
BWOE,0
CWOE,0
DWOE,0
EWOE,0
FWOE,0
GWOE,0
HWOE,0
IWOE,0
JWOE,0
KWOE,0
LWOE,0
MWOE,0
NWOE,0
OWOE,0
PWOE,0
QWOE,0
RWOE,0
SWOE,0
TWOE,0
UWOE,0
VWOE,0
WWOE,0
XWOE,0
YWOE,0
ZWOE,0
AXOE,0
BXOE,0
CXOE,0
DXOE,0
EXOE,0
FXOE,0
GXOE,0
HXOE,0
IXOE,0
JXOE,0
KXOE,0
LXOE,0
MXOE,0
NXOE,0
OXOE,0
PXOE,0
QXOE,0
RXOE,0
SXOE,0
TXOE,0
UXOE,0
VXOE,0
WXOE,0
XXOE,0
YXOE,0
ZXOE,0
AYOE,0
BYOE,0
CYOE,0
DYOE,0
EYOE,0
FYOE,0
GYOE,0
HYOE,0
IYOE,0
JYOE,0
KYOE,0
LYOE,0
MYOE,0
NYOE,0
OYOE,0
PYOE,0
QYOE,0
RYOE,0
SYOE,0
TYOE,0
UYOE,0
VYOE,0
WYOE,0
XYOE,0
YYOE,0
ZYOE,1
AZOE,1
BZOE,1
CZOE,1
DZOE,1
EZOE,0
FZOE,1
GZOE,1
HZOE,1
IZOE,1
JZOE,0
KZOE,0
LZOE,1
MZOE,1
NZOE,1
OZOE,1
PZOE,0
QZOE,1
RZOE,0
SZOE,1
TZOE,1
UZOE,1
VZOE,1
WZOE,1
XZOE,1
YZOE,0
ZZOE,0
AAPE,0
BAPE,0
CAPE,0
DAPE,1
EAPE,1
FAPE,0
GAPE,0
HAPE,0
IAPE,0
JAPE,0
KAPE,0
LAPE,0
MAPE,0
NAPE,0
OAPE,0
PAPE,0
QAPE,0
RAPE,0
SAPE,0
TAPE,0
UAPE,0
VAPE,0
WAPE,1
XAPE,1
YAPE,0
ZAPE,1
ABPE,1
BBPE,0
CBPE,1
DBPE,0
EBPE,1
FBPE,1
GBPE,1
HBPE,1
IBPE,0
JBPE,0
KBPE,0
LBPE,0
MBPE,0
NBPE,1
OBPE,0
PBPE,0
QBPE,0
RBPE,0
SBPE,0
TBPE,0
UBPE,0
VBPE,0
WBPE,0
XBPE,0
YBPE,0
ZBPE,0
ACPE,0
BCPE,0
CCPE,0
DCPE,0
ECPE,0
FCPE,0
GCPE,0
HCPE,0
ICPE,0
JCPE,0
KCPE,0
LCPE,0
MCPE,0
NCPE,0
OCPE,0
PCPE,0
QCPE,0
RCPE,0
SCPE,0
TCPE,0
UCPE,0
VCPE,0
WCPE,0
XCPE,0
YCPE,0
ZCPE,0
ADPE,0
BDPE,0
CDPE,0
DDPE,0
EDPE,0
FDPE,0
GDPE,0
HDPE,0
IDPE,0
JDPE,0
KDPE,0
LDPE,0
MDPE,0
NDPE,0
ODPE,0
PDPE,0
QDPE,0
RDPE,0
SDPE,0
TDPE,0
UDPE,0
VDPE,0
WDPE,0
XDPE,0
YDPE,0
ZDPE,0
AEPE,0
BEPE,0
CEPE,0
DEPE,0
EEPE,0
FEPE,0
GEPE,0
HEPE,0
IEPE,0
JEPE,0
KEPE,0
LEPE,0
MEPE,0
NEPE,0
OEPE,0
PEPE,0
QEPE,0
REPE,0
SEPE,0
TEPE,0
UEPE,0
VEPE,0
WEPE,0
XEPE,0
YEPE,0
ZEPE,0
AFPE,0
BFPE,0
CFPE,0
DFPE,0
EFPE,0
FFPE,0
GFPE,0
HFPE,0
IFPE,0
JFPE,0
KFPE,0
LFPE,0
MFPE,0
NFPE,0
OFPE,0
PFPE,0
QFPE,1
RFPE,0
SFPE,1
TFPE,1
UFPE,1
VFPE,1
WFPE,0
XFPE,1
YFPE,1
ZFPE,0
AGPE,1
BGPE,1
CGPE,1
DGPE,1
EGPE,1
FGPE,1
GGPE,1
HGPE,0
IGPE,1
JGPE,1
KGPE,0
LGPE,0
MGPE,0
NGPE,0
OGPE,0
PGPE,0
QGPE,0
RGPE,0
SGPE,0
TGPE,0
UGPE,0
VGPE,0
WGPE,0
XGPE,0
YGPE,0
ZGPE,0
AHPE,0
BHPE,1
CHPE,1
DHPE,1
EHPE,1
FHPE,1
GHPE,0
HHPE,0
IHPE,0
JHPE,0
KHPE,1
LHPE,1
MHPE,1
NHPE,1
OHPE,0
PHPE,1
QHPE,1
RHPE,0
SHPE,0
THPE,0
UHPE,1
VHPE,1
WHPE,1
XHPE,1
YHPE,0
ZHPE,0
AIPE,0
BIPE,0
CIPE,0
DIPE,0
EIPE,0
FIPE,0
GIPE,0
HIPE,0
IIPE,0
JIPE,0
KIPE,0
LIPE,0
MIPE,0
NIPE,0
OIPE,1
PIPE,1
QIPE,1
RIPE,1
SIPE,0
TIPE,0
UIPE,0
VIPE,1
WIPE,1
XIPE,1
YIPE,1
ZIPE,1
AJPE,1
BJPE,1
CJPE,1
DJPE,0
EJPE,0
FJPE,0
GJPE,0
HJPE,0
IJPE,0
JJPE,0
KJPE,0
LJPE,0
MJPE,0
NJPE,0
OJPE,0
PJPE,0
QJPE,0
RJPE,0
SJPE,0
TJPE,0
UJPE,0
VJPE,0
WJPE,0
XJPE,0
YJPE,0
ZJPE,0
AKPE,0
BKPE,0
CKPE,0
DKPE,0
EKPE,0
FKPE,0
GKPE,0
HKPE,0
IKPE,0
JKPE,0
KKPE,0
LKPE,0
MKPE,0
NKPE,0
OKPE,0
PKPE,0
QKPE,0
RKPE,0
SKPE,0
TKPE,0
UKPE,0
VKPE,1
WKPE,1
XKPE,0
YKPE,0
ZKPE,0
ALPE,0
BLPE,0
CLPE,0
DLPE,0
ELPE,0
FLPE,0
GLPE,0
HLPE,0
ILPE,0
JLPE,0
KLPE,0
LLPE,0
MLPE,0
NLPE,1
OLPE,1
PLPE,0
QLPE,0
RLPE,0
SLPE,0
TLPE,0
ULPE,0
VLPE,0
WLPE,0
XLPE,0
YLPE,0
ZLPE,0
AMPE,0
BMPE,0
CMPE,0
DMPE,0
EMPE,0
FMPE,0
GMPE,0
HMPE,0
IMPE,0
JMPE,0
KMPE,0
LMPE,0
MMPE,0
NMPE,0
OMPE,0
PMPE,0
QMPE,0
RMPE,0
SMPE,0
TMPE,0
UMPE,0
VMPE,0
WMPE,0
XMPE,0
YMPE,0
ZMPE,0
ANPE,0
BNPE,0
CNPE,0
DNPE,0
ENPE,0
FNPE,0
GNPE,0
HNPE,0
INPE,0
JNPE,0
KNPE,0
LNPE,0
MNPE,0
NNPE,0
ONPE,0
PNPE,0
QNPE,0
RNPE,0
SNPE,0
TNPE,0
UNPE,0
VNPE,0
WNPE,0
XNPE,0
YNPE,0
ZNPE,0
AOPE,0
BOPE,0
COPE,0
DOPE,0
EOPE,0
FOPE,0
GOPE,0
HOPE,0
IOPE,0
JOPE,0
KOPE,0
LOPE,0
MOPE,1
NOPE,1
OOPE,1
POPE,1
QOPE,1
ROPE,1
SOPE,1
TOPE,0
UOPE,1
VOPE,1
WOPE,0
XOPE,1
YOPE,1
ZOPE,1
APPE,0
BPPE,1
CPPE,1
DPPE,0
EPPE,1
FPPE,1
GPPE,1
HPPE,1
IPPE,0
JPPE,1
KPPE,0
LPPE,1
MPPE,0
NPPE,0
OPPE,0
PPPE,0
QPPE,0
RPPE,0
SPPE,0
TPPE,0
UPPE,0
VPPE,0
WPPE,0
XPPE,0
YPPE,0
ZPPE,0
AQPE,0
BQPE,0
CQPE,0
DQPE,0
EQPE,0
FQPE,0
GQPE,0
HQPE,0
IQPE,0
JQPE,0
KQPE,0
LQPE,0
MQPE,0
NQPE,0
OQPE,0
PQPE,0
QQPE,0
RQPE,0
SQPE,0
TQPE,0
UQPE,0
VQPE,0
WQPE,0
XQPE,0
YQPE,0
ZQPE,0
ARPE,0
BRPE,0
CRPE,0
DRPE,0
ERPE,0
FRPE,0
GRPE,0
HRPE,0
IRPE,0
JRPE,0
KRPE,0
LRPE,0
MRPE,0
NRPE,0
ORPE,0
PRPE,0
QRPE,0
RRPE,0
SRPE,0
TRPE,0
URPE,0
VRPE,0
WRPE,0
XRPE,0
YRPE,0
ZRPE,0
ASPE,0
BSPE,0
CSPE,0
DSPE,0
ESPE,0
FSPE,0
GSPE,0
HSPE,0
ISPE,0
JSPE,0
KSPE,0
LSPE,0
MSPE,0
NSPE,0
OSPE,0
PSPE,0
QSPE,0
RSPE,0
SSPE,0
TSPE,0
USPE,0
VSPE,0
WSPE,0
XSPE,0
YSPE,0
ZSPE,0
ATPE,0
BTPE,0
CTPE,0
DTPE,0
ETPE,0
FTPE,0
GTPE,0
HTPE,0
ITPE,0
JTPE,0
KTPE,0
LTPE,0
MTPE,0
NTPE,0
OTPE,0
PTPE,0
QTPE,0
RTPE,0
STPE,0
TTPE,0
UTPE,0
VTPE,0
WTPE,0
XTPE,0
YTPE,0
ZTPE,0
AUPE,0
BUPE,0
CUPE,0
DUPE,0
EUPE,0
FUPE,0
GUPE,0
HUPE,0
IUPE,0
JUPE,0
KUPE,0
LUPE,0
MUPE,0
NUPE,0
OUPE,0
PUPE,0
QUPE,0
RUPE,0
SUPE,0
TUPE,0
UUPE,0
VUPE,0
WUPE,0
XUPE,0
YUPE,0
ZUPE,0
AVPE,0
BVPE,0
CVPE,0
DVPE,0
EVPE,0
FVPE,0
GVPE,0
HVPE,0
IVPE,0
JVPE,0
KVPE,0
LVPE,0
MVPE,0
NVPE,0
OVPE,0
PVPE,0
QVPE,0
RVPE,0
SVPE,0
TVPE,0
UVPE,0
VVPE,0
WVPE,0
XVPE,0
YVPE,0
ZVPE,0
AWPE,0
BWPE,0
CWPE,0
DWPE,0
EWPE,0
FWPE,0
GWPE,0
HWPE,0
IWPE,0
JWPE,0
KWPE,0
LWPE,0
MWPE,0
NWPE,0
OWPE,0
PWPE,0
QWPE,0
RWPE,0
SWPE,0
TWPE,0
UWPE,0
VWPE,0
WWPE,0
XWPE,0
YWPE,0
ZWPE,0
AXPE,0
BXPE,0
CXPE,0
DXPE,0
EXPE,0
FXPE,0
GXPE,1
HXPE,1
IXPE,1
JXPE,1
KXPE,0
LXPE,0
MXPE,1
NXPE,1
OXPE,1
PXPE,0
QXPE,1
RXPE,0
SXPE,0
TXPE,1
UXPE,0
VXPE,1
WXPE,1
XXPE,1
YXPE,0
ZXPE,1
AYPE,1
BYPE,1
CYPE,1
DYPE,1
EYPE,0
FYPE,0
GYPE,0
HYPE,0
IYPE,0
JYPE,0
KYPE,0
LYPE,0
MYPE,0
NYPE,0
OYPE,0
PYPE,0
QYPE,0
RYPE,0
SYPE,0
TYPE,0
UYPE,0
VYPE,0
WYPE,1
XYPE,1
YYPE,0
ZYPE,1
AZPE,1
BZPE,0
CZPE,1
DZPE,1
EZPE,0
FZPE,1
GZPE,0
HZPE,0
IZPE,1
JZPE,1
KZPE,1
LZPE,0
MZPE,1
NZPE,0
OZPE,0
PZPE,1
QZPE,1
RZPE,1
SZPE,0
TZPE,0
UZPE,0
VZPE,0
WZPE,0
XZPE,0
YZPE,0
ZZPE,0
AAQE,0
BAQE,0
CAQE,0
DAQE,1
EAQE,1
FAQE,1
GAQE,1
HAQE,1
IAQE,1
JAQE,0
KAQE,1
LAQE,1
MAQE,1
NAQE,1
OAQE,0
PAQE,1
QAQE,1
RAQE,1
SAQE,1
TAQE,1
UAQE,1
VAQE,1
WAQE,0
XAQE,0
YAQE,0
ZAQE,0
ABQE,0
BBQE,0
CBQE,0
DBQE,0
EBQE,0
FBQE,1
GBQE,1
HBQE,1
IBQE,0
JBQE,1
KBQE,0
LBQE,0
MBQE,0
NBQE,1
OBQE,1
PBQE,0
QBQE,0
RBQE,0
SBQE,0
TBQE,0
UBQE,0
VBQE,0
WBQE,1
XBQE,0
YBQE,0
ZBQE,0
ACQE,0
BCQE,0
CCQE,0
DCQE,0
ECQE,1
FCQE,1
GCQE,0
HCQE,0
ICQE,0
JCQE,0
KCQE,0
LCQE,1
MCQE,0
NCQE,0
OCQE,0
PCQE,0
QCQE,0
RCQE,0
SCQE,0
TCQE,0
UCQE,0
VCQE,0
WCQE,0
XCQE,0
YCQE,0
ZCQE,0
ADQE,0
BDQE,0
CDQE,0
DDQE,0
EDQE,1
FDQE,1
GDQE,0
HDQE,0
IDQE,0
JDQE,0
KDQE,1
LDQE,0
MDQE,0
NDQE,0
ODQE,0
PDQE,0
QDQE,0
RDQE,0
SDQE,0
TDQE,0
UDQE,0
VDQE,0
WDQE,0
XDQE,0
YDQE,0
ZDQE,0
AEQE,0
BEQE,0
CEQE,0
DEQE,0
EEQE,0
FEQE,0
GEQE,0
HEQE,0
IEQE,0
JEQE,0
KEQE,0
LEQE,0
MEQE,0
NEQE,0
OEQE,0
PEQE,0
QEQE,0
REQE,0
SEQE,0
TEQE,0
UEQE,0
VEQE,0
WEQE,0
XEQE,0
YEQE,0
ZEQE,0
AFQE,0
BFQE,0
CFQE,0
DFQE,0
EFQE,0
FFQE,0
GFQE,0
HFQE,0
IFQE,0
JFQE,0
KFQE,0
LFQE,0
MFQE,0
NFQE,0
OFQE,0
PFQE,0
QFQE,0
RFQE,0
SFQE,0
TFQE,0
UFQE,0
VFQE,0
WFQE,0
XFQE,0
YFQE,0
ZFQE,0
AGQE,0
BGQE,0
CGQE,0
DGQE,0
EGQE,0
FGQE,0
GGQE,0
HGQE,0
IGQE,0
JGQE,0
KGQE,1
LGQE,1
MGQE,1
NGQE,1
OGQE,0
PGQE,0
QGQE,0
RGQE,1
SGQE,1
TGQE,0
UGQE,0
VGQE,0
WGQE,1
XGQE,1
YGQE,0
ZGQE,0
AHQE,0
BHQE,0
CHQE,0
DHQE,0
EHQE,0
FHQE,0
GHQE,0
HHQE,0
IHQE,0
JHQE,0
KHQE,0
LHQE,0
MHQE,0
NHQE,0
OHQE,0
PHQE,0
QHQE,0
RHQE,0
SHQE,0
THQE,0
UHQE,0
VHQE,0
WHQE,0
XHQE,0
YHQE,0
ZHQE,0
AIQE,0
BIQE,0
CIQE,0
DIQE,0
EIQE,0
FIQE,0
GIQE,0
HIQE,0
IIQE,0
JIQE,0
KIQE,0
LIQE,0
MIQE,0
NIQE,0
OIQE,0
PIQE,0
QIQE,0
RIQE,0
SIQE,0
TIQE,0
UIQE,0
VIQE,0
WIQE,0
XIQE,0
YIQE,0
ZIQE,0
AJQE,0
BJQE,0
CJQE,0
DJQE,0
EJQE,0
FJQE,0
GJQE,0
HJQE,0
IJQE,0
JJQE,0
KJQE,0
LJQE,0
MJQE,0
NJQE,0
OJQE,0
PJQE,0
QJQE,0
RJQE,0
SJQE,0
TJQE,0
UJQE,0
VJQE,0
WJQE,0
XJQE,0
YJQE,0
ZJQE,0
AKQE,0
BKQE,0
CKQE,0
DKQE,0
EKQE,0
FKQE,0
GKQE,0
HKQE,0
IKQE,0
JKQE,0
KKQE,0
LKQE,0
MKQE,0
NKQE,0
OKQE,0
PKQE,0
QKQE,0
RKQE,0
SKQE,0
TKQE,0
UKQE,0
VKQE,0
WKQE,0
XKQE,0
YKQE,0
ZKQE,0
ALQE,0
BLQE,0
CLQE,0
DLQE,0
ELQE,0
FLQE,0
GLQE,0
HLQE,0
ILQE,0
JLQE,0
KLQE,0
LLQE,0
MLQE,0
NLQE,0
OLQE,0
PLQE,0
QLQE,0
RLQE,0
SLQE,0
TLQE,0
ULQE,0
VLQE,0
WLQE,0
XLQE,0
YLQE,0
ZLQE,0
AMQE,0
BMQE,0
CMQE,0
DMQE,0
EMQE,0
FMQE,0
GMQE,0
HMQE,1
IMQE,0
JMQE,0
KMQE,0
LMQE,1
MMQE,1
NMQE,1
OMQE,0
PMQE,0
QMQE,0
RMQE,0
SMQE,0
TMQE,1
UMQE,0
VMQE,0
WMQE,0
XMQE,0
YMQE,0
ZMQE,0
ANQE,0
BNQE,0
CNQE,0
DNQE,0
ENQE,0
FNQE,0
GNQE,1
HNQE,0
INQE,0
JNQE,1
KNQE,1
LNQE,1
MNQE,0
NNQE,0
ONQE,0
PNQE,0
QNQE,0
RNQE,0
SNQE,0
TNQE,0
UNQE,0
VNQE,0
WNQE,0
XNQE,0
YNQE,0
ZNQE,0
AOQE,0
BOQE,0
COQE,1
DOQE,1
EOQE,0
FOQE,1
GOQE,1
HOQE,1
IOQE,0
JOQE,0
KOQE,0
LOQE,0
MOQE,0
NOQE,0
OOQE,0
POQE,0
QOQE,1
ROQE,0
SOQE,0
TOQE,0
UOQE,0
VOQE,0
WOQE,0
XOQE,0
YOQE,0
ZOQE,0
APQE,0
BPQE,0
CPQE,0
DPQE,0
EPQE,1
FPQE,1
GPQE,0
HPQE,0
IPQE,0
JPQE,0
KPQE,0
LPQE,0
MPQE,0
NPQE,0
OPQE,0
PPQE,0
QPQE,0
RPQE,0
SPQE,0
TPQE,0
UPQE,0
VPQE,0
WPQE,0
XPQE,0
YPQE,0
ZPQE,0
AQQE,0
BQQE,0
CQQE,0
DQQE,0
EQQE,0
FQQE,1
GQQE,1
HQQE,1
IQQE,0
JQQE,1
KQQE,0
LQQE,0
MQQE,0
NQQE,0
OQQE,0
PQQE,0
QQQE,0
RQQE,0
SQQE,0
TQQE,0
UQQE,0
VQQE,0
WQQE,0
XQQE,0
YQQE,0
ZQQE,0
ARQE,0
BRQE,0
CRQE,0
DRQE,0
ERQE,0
FRQE,0
GRQE,0
HRQE,0
IRQE,0
JRQE,0
KRQE,0
LRQE,0
MRQE,0
NRQE,0
ORQE,0
PRQE,0
QRQE,0
RRQE,0
SRQE,0
TRQE,0
URQE,0
VRQE,0
WRQE,0
XRQE,0
YRQE,0
ZRQE,0
ASQE,0
BSQE,0
CSQE,0
DSQE,0
ESQE,0
FSQE,0
GSQE,0
HSQE,0
ISQE,0
JSQE,0
KSQE,0
LSQE,0
MSQE,0
NSQE,0
OSQE,0
PSQE,0
QSQE,0
RSQE,0
SSQE,0
TSQE,0
USQE,0
VSQE,0
WSQE,0
XSQE,0
YSQE,0
ZSQE,0
ATQE,0
BTQE,0
CTQE,0
DTQE,0
ETQE,0
FTQE,0
GTQE,0
HTQE,0
ITQE,0
JTQE,0
KTQE,0
LTQE,0
MTQE,0
NTQE,0
OTQE,0
PTQE,0
QTQE,0
RTQE,0
STQE,0
TTQE,0
UTQE,0
VTQE,0
WTQE,0
XTQE,1
YTQE,0
ZTQE,1
AUQE,1
BUQE,1
CUQE,0
DUQE,1
EUQE,1
FUQE,1
GUQE,0
HUQE,0
IUQE,0
JUQE,0
KUQE,0
LUQE,0
MUQE,0
NUQE,0
OUQE,0
PUQE,0
QUQE,0
RUQE,0
SUQE,0
TUQE,0
UUQE,0
VUQE,0
WUQE,0
XUQE,0
YUQE,0
ZUQE,0
AVQE,0
BVQE,0
CVQE,0
DVQE,0
EVQE,0
FVQE,0
GVQE,0
HVQE,0
IVQE,0
JVQE,0
KVQE,0
LVQE,0
MVQE,0
NVQE,0
OVQE,0
PVQE,0
QVQE,0
RVQE,0
SVQE,0
TVQE,0
UVQE,0
VVQE,0
WVQE,0
XVQE,0
YVQE,0
ZVQE,0
AWQE,0
BWQE,0
CWQE,0
DWQE,0
EWQE,0
FWQE,1
GWQE,1
HWQE,0
IWQE,1
JWQE,0
KWQE,0
LWQE,0
MWQE,0
NWQE,0
OWQE,0
PWQE,0
QWQE,0
RWQE,0
SWQE,0
TWQE,0
UWQE,0
VWQE,0
WWQE,1
XWQE,0
YWQE,0
ZWQE,0
AXQE,0
BXQE,0
CXQE,0
DXQE,0
